{
"type": "FeatureCollection",
"name": "bw200",
"crs": { "type": "name", "properties": { "name": "urn:ogc:def:crs:OGC:1.3:CRS84" } },
"features": [
{ "type": "Feature", "properties": { "idcar_200m": "CRS3035RES200mN2470200E3486000", "population": 140.0, "median_education": 0.05, "median_healthcare": 0.3575, "median_services": 0.0, "median_commerce": 1.164, "median_entertainment": 0.4065, "PC1_pos": 0.22625650430418198, "nivvie": 28033.475, "rel_education": 0.035989873777465008, "rel_sante": 0.10889722731890164, "rel_services": 0.0, "rel_commerce": 0.13924302234407407, "rel_loisirs": 0.18849161591097074, "rel_pc1": 0.10808482806130766, "q_revenu": 3, "q_population": 2 }, "geometry": { "type": "Polygon", "coordinates": [ [ [ -0.576213953649869, 44.809974020280549 ], [ -0.576552921669545, 44.811756471287374 ], [ -0.574048536984137, 44.812011090641157 ], [ -0.573709646430591, 44.810228630254592 ], [ -0.576213953649869, 44.809974020280549 ] ] ] } },
{ "type": "Feature", "properties": { "idcar_200m": "CRS3035RES200mN2470200E3486200", "population": 283.5, "median_education": 0.1425, "median_healthcare": 0.605, "median_services": 0.024, "median_commerce": 2.006, "median_entertainment": 0.907, "PC1_pos": 0.40983562606232926, "nivvie": 27947.781305114637, "rel_education": 0.10257114026577527, "rel_sante": 0.18428761546275663, "rel_services": 0.026270330758693432, "rel_commerce": 0.23996692682320672, "rel_loisirs": 0.42057046895756572, "rel_pc1": 0.19578227513314622, "q_revenu": 3, "q_population": 3 }, "geometry": { "type": "Polygon", "coordinates": [ [ [ -0.573709646430591, 44.810228630254592 ], [ -0.574048536984137, 44.812011090641157 ], [ -0.571544131909794, 44.81226565011567 ], [ -0.571205318824967, 44.810483180351426 ], [ -0.573709646430591, 44.810228630254592 ] ] ] } },
{ "type": "Feature", "properties": { "idcar_200m": "CRS3035RES200mN2470200E3486400", "population": 323.5, "median_education": 0.195, "median_healthcare": 0.4985, "median_services": 0.0635, "median_commerce": 1.801, "median_entertainment": 1.2685, "PC1_pos": 0.47931980011637476, "nivvie": 27144.626275115919, "rel_education": 0.14036050773211353, "rel_sante": 0.15184690298873418, "rel_services": 0.069506916799043042, "rel_commerce": 0.21544388594645825, "rel_loisirs": 0.58819585432488652, "rel_pc1": 0.22897550875403122, "q_revenu": 3, "q_population": 4 }, "geometry": { "type": "Polygon", "coordinates": [ [ [ -0.571205318824967, 44.810483180351426 ], [ -0.571544131909794, 44.81226565011567 ], [ -0.569039706450923, 44.812520149710089 ], [ -0.568700970837415, 44.81073767057029 ], [ -0.571205318824967, 44.810483180351426 ] ] ] } },
{ "type": "Feature", "properties": { "idcar_200m": "CRS3035RES200mN2470200E3486600", "population": 253.0, "median_education": 0.1285, "median_healthcare": 0.3705, "median_services": 0.171, "median_commerce": 0.926, "median_entertainment": 1.17, "PC1_pos": 0.53232144162585326, "nivvie": 29879.07114624506, "rel_education": 0.092493975608085074, "rel_sante": 0.11285712649413443, "rel_services": 0.1871761066556907, "rel_commerce": 0.11077237000911734, "rel_loisirs": 0.54252199413489732, "rel_pc1": 0.25429488389039129, "q_revenu": 4, "q_population": 3 }, "geometry": { "type": "Polygon", "coordinates": [ [ [ -0.568700970837415, 44.81073767057029 ], [ -0.569039706450923, 44.812520149710089 ], [ -0.566535260611958, 44.812774589423675 ], [ -0.566196602472366, 44.810992100910411 ], [ -0.568700970837415, 44.81073767057029 ] ] ] } },
{ "type": "Feature", "properties": { "idcar_200m": "CRS3035RES200mN2470200E3486800", "population": 376.5, "median_education": 0.204, "median_healthcare": 0.557, "median_services": 0.365, "median_commerce": 1.191, "median_entertainment": 1.355, "PC1_pos": 0.70742865412380396, "nivvie": 26396.979814077025, "rel_education": 0.14683868501205721, "rel_sante": 0.16966644927728175, "rel_services": 0.39952794695512928, "rel_commerce": 0.14247288626442631, "rel_loisirs": 0.62830538636990252, "rel_pc1": 0.33794522142805139, "q_revenu": 3, "q_population": 4 }, "geometry": { "type": "Polygon", "coordinates": [ [ [ -0.566196602472366, 44.810992100910411 ], [ -0.566535260611958, 44.812774589423675 ], [ -0.564030794397308, 44.813028969255612 ], [ -0.563692213734222, 44.811246471370971 ], [ -0.566196602472366, 44.810992100910411 ] ] ] } },
{ "type": "Feature", "properties": { "idcar_200m": "CRS3035RES200mN2470200E3487000", "population": 260.5, "median_education": 0.2525, "median_healthcare": 0.619, "median_services": 0.28, "median_commerce": 1.3115, "median_entertainment": 0.9695, "PC1_pos": 0.5235540581888285, "nivvie": 27973.228406909788, "rel_education": 0.18174886257619829, "rel_sante": 0.18855212226685347, "rel_services": 0.30648719218475673, "rel_commerce": 0.1568876493163687, "rel_loisirs": 0.44955134471263503, "rel_pc1": 0.25010662360478031, "q_revenu": 3, "q_population": 3 }, "geometry": { "type": "Polygon", "coordinates": [ [ [ -0.563692213734222, 44.811246471370971 ], [ -0.564030794397308, 44.813028969255612 ], [ -0.5615263078114, 44.813283289205167 ], [ -0.561187804627418, 44.811500781951231 ], [ -0.563692213734222, 44.811246471370971 ] ] ] } },
{ "type": "Feature", "properties": { "idcar_200m": "CRS3035RES200mN2470200E3487200", "population": 114.0, "median_education": 0.302, "median_healthcare": 0.52, "median_services": 0.1355, "median_commerce": 0.9585, "median_entertainment": 0.745, "PC1_pos": 0.38049941722136982, "nivvie": 27992.10263157895, "rel_education": 0.21737883761588864, "rel_sante": 0.15839596700931149, "rel_services": 0.14831790907512335, "rel_commerce": 0.11466016917250428, "rel_loisirs": 0.34545203900042609, "rel_pc1": 0.18176809641020947, "q_revenu": 3, "q_population": 1 }, "geometry": { "type": "Polygon", "coordinates": [ [ [ -0.561187804627418, 44.811500781951231 ], [ -0.5615263078114, 44.813283289205167 ], [ -0.559021800858652, 44.81353754927153 ], [ -0.558683375156373, 44.811755032650439 ], [ -0.561187804627418, 44.811500781951231 ] ] ] } },
{ "type": "Feature", "properties": { "idcar_200m": "CRS3035RES200mN2470200E3487400", "population": 175.0, "median_education": 0.538, "median_healthcare": 0.632, "median_services": 0.04, "median_commerce": 0.403, "median_entertainment": 0.826, "PC1_pos": 0.35017853089713524, "nivvie": 26169.270285714283, "rel_education": 0.3872510418455235, "rel_sante": 0.19251202144208626, "rel_services": 0.043783884597822391, "rel_commerce": 0.048208709625998158, "rel_loisirs": 0.38301125397899588, "rel_pc1": 0.16728352813183014, "q_revenu": 3, "q_population": 2 }, "geometry": { "type": "Polygon", "coordinates": [ [ [ -0.558683375156373, 44.811755032650439 ], [ -0.559021800858652, 44.81353754927153 ], [ -0.556517273543488, 44.813791749453891 ], [ -0.556178925325504, 44.812009223467747 ], [ -0.558683375156373, 44.811755032650439 ] ] ] } },
{ "type": "Feature", "properties": { "idcar_200m": "CRS3035RES200mN2470200E3487600", "population": 71.0, "median_education": 0.653, "median_healthcare": 1.318, "median_services": 0.013, "median_commerce": 0.2535, "median_entertainment": 0.4815, "PC1_pos": 0.32782131378436263, "nivvie": 30229.994366197185, "rel_education": 0.47002775153369303, "rel_sante": 0.40147285484283179, "rel_services": 0.014229762494292275, "rel_commerce": 0.030324833474418195, "rel_loisirs": 0.2232686668170539, "rel_pc1": 0.15660327840820401, "q_revenu": 4, "q_population": 1 }, "geometry": { "type": "Polygon", "coordinates": [ [ [ -0.556178925325504, 44.812009223467747 ], [ -0.556517273543488, 44.813791749453891 ], [ -0.554012725870327, 44.814045889751519 ], [ -0.553674455139226, 44.812263354402376 ], [ -0.556178925325504, 44.812009223467747 ] ] ] } },
{ "type": "Feature", "properties": { "idcar_200m": "CRS3035RES200mN2470200E3487800", "population": 3.0, "median_education": 0.455, "median_healthcare": 2.21, "median_services": 0.0, "median_commerce": 0.226, "median_entertainment": 0.313, "PC1_pos": 0.33226391681460443, "nivvie": 26237.2, "rel_education": 0.3275078513749316, "rel_sante": 0.67318285978957382, "rel_services": 0.0, "rel_commerce": 0.027035157259244623, "rel_loisirs": 0.14513622578138707, "rel_pc1": 0.15872555103035491, "q_revenu": 3, "q_population": 1 }, "geometry": { "type": "Polygon", "coordinates": [ [ [ -0.553674455139226, 44.812263354402376 ], [ -0.554012725870327, 44.814045889751519 ], [ -0.551508157843595, 44.814299970163624 ], [ -0.55116996460198, 44.812517425453585 ], [ -0.553674455139226, 44.812263354402376 ] ] ] } },
{ "type": "Feature", "properties": { "idcar_200m": "CRS3035RES200mN2470400E3486200", "population": 240.0, "median_education": 0.302, "median_healthcare": 1.7205, "median_services": 0.083, "median_commerce": 5.636, "median_entertainment": 1.894, "PC1_pos": 1.0080852922410626, "nivvie": 27550.166666666668, "rel_education": 0.21737883761588864, "rel_sante": 0.52407742546061609, "rel_services": 0.090851560540481463, "rel_commerce": 0.67420418722611808, "rel_loisirs": 0.87823645888162027, "rel_pc1": 0.48157168262673633, "q_revenu": 3, "q_population": 3 }, "geometry": { "type": "Polygon", "coordinates": [ [ [ -0.574048536984137, 44.812011090641157 ], [ -0.574387455823947, 44.813793547139454 ], [ -0.571882973274696, 44.814048115992399 ], [ -0.571544131909794, 44.81226565011567 ], [ -0.574048536984137, 44.812011090641157 ] ] ] } },
{ "type": "Feature", "properties": { "idcar_200m": "CRS3035RES200mN2470400E3486400", "population": 251.5, "median_education": 0.5485, "median_healthcare": 0.983, "median_services": 0.095, "median_commerce": 2.866, "median_entertainment": 2.105, "PC1_pos": 0.83284333223604268, "nivvie": 25716.994831013919, "rel_education": 0.39480891533879114, "rel_sante": 0.29942929917337152, "rel_services": 0.10398672591982817, "rel_commerce": 0.34284407391590749, "rel_loisirs": 0.97607589543073414, "rel_pc1": 0.39785697495669908, "q_revenu": 3, "q_population": 3 }, "geometry": { "type": "Polygon", "coordinates": [ [ [ -0.571544131909794, 44.81226565011567 ], [ -0.571882973274696, 44.814048115992399 ], [ -0.569378470338327, 44.81430262496319 ], [ -0.569039706450923, 44.812520149710089 ], [ -0.571544131909794, 44.81226565011567 ] ] ] } },
{ "type": "Feature", "properties": { "idcar_200m": "CRS3035RES200mN2470400E3486600", "population": 473.0, "median_education": 0.4795, "median_healthcare": 0.88, "median_services": 0.267, "median_commerce": 3.0665, "median_entertainment": 2.6425, "PC1_pos": 1.0259889965892828, "nivvie": 25819.863213530658, "rel_education": 0.3451428895258894, "rel_sante": 0.26805471340037329, "rel_services": 0.29225742969046448, "rel_commerce": 0.36682880413926389, "rel_loisirs": 1.2253114269243301, "rel_pc1": 0.49012444804706773, "q_revenu": 3, "q_population": 5 }, "geometry": { "type": "Polygon", "coordinates": [ [ [ -0.569039706450923, 44.812520149710089 ], [ -0.569378470338327, 44.81430262496319 ], [ -0.566873947019258, 44.814557074051059 ], [ -0.566535260611958, 44.812774589423675 ], [ -0.569039706450923, 44.812520149710089 ] ] ] } },
{ "type": "Feature", "properties": { "idcar_200m": "CRS3035RES200mN2470400E3486800", "population": 281.0, "median_education": 0.46, "median_healthcare": 1.16, "median_services": 0.631, "median_commerce": 2.373, "median_entertainment": 2.432, "PC1_pos": 1.2195790058801892, "nivvie": 28728.881850533806, "rel_education": 0.3311068387526781, "rel_sante": 0.35334484948231021, "rel_services": 0.69069077953064817, "rel_commerce": 0.28386915122206857, "rel_loisirs": 1.1277038373812567, "rel_pc1": 0.5826041888304041, "q_revenu": 4, "q_population": 3 }, "geometry": { "type": "Polygon", "coordinates": [ [ [ -0.566535260611958, 44.812774589423675 ], [ -0.566873947019258, 44.814557074051059 ], [ -0.564369403321913, 44.814811463255147 ], [ -0.564030794397308, 44.813028969255612 ], [ -0.566535260611958, 44.812774589423675 ] ] ] } },
{ "type": "Feature", "properties": { "idcar_200m": "CRS3035RES200mN2470400E3487000", "population": 295.0, "median_education": 0.413, "median_healthcare": 0.729, "median_services": 0.4425, "median_commerce": 1.569, "median_entertainment": 1.4915, "PC1_pos": 0.8061960656751308, "nivvie": 27191.533220338981, "rel_education": 0.29727635740186092, "rel_sante": 0.22205896144190013, "rel_services": 0.4843592233634102, "rel_commerce": 0.18769098114935759, "rel_loisirs": 0.69159961901897393, "rel_pc1": 0.38512732887029144, "q_revenu": 3, "q_population": 3 }, "geometry": { "type": "Polygon", "coordinates": [ [ [ -0.564030794397308, 44.813028969255612 ], [ -0.564369403321913, 44.814811463255147 ], [ -0.561864839250714, 44.815065792574806 ], [ -0.5615263078114, 44.813283289205167 ], [ -0.564030794397308, 44.813028969255612 ] ] ] } },
{ "type": "Feature", "properties": { "idcar_200m": "CRS3035RES200mN2470400E3487200", "population": 137.0, "median_education": 0.27, "median_healthcare": 0.241, "median_services": 0.06, "median_commerce": 0.369, "median_entertainment": 0.381, "PC1_pos": 0.20430310186867318, "nivvie": 19003.707299270071, "rel_education": 0.19434531839831107, "rel_sante": 0.073410438556238591, "rel_services": 0.065675826896733583, "rel_commerce": 0.044141473578147197, "rel_loisirs": 0.17666741860290247, "rel_pc1": 0.097597484349797814, "q_revenu": 1, "q_population": 2 }, "geometry": { "type": "Polygon", "coordinates": [ [ [ -0.5615263078114, 44.813283289205167 ], [ -0.561864839250714, 44.815065792574806 ], [ -0.559360254810078, 44.815320062009114 ], [ -0.559021800858652, 44.81353754927153 ], [ -0.5615263078114, 44.813283289205167 ] ] ] } },
{ "type": "Feature", "properties": { "idcar_200m": "CRS3035RES200mN2470400E3487400", "population": 334.0, "median_education": 1.136, "median_healthcare": 0.429, "median_services": 0.012, "median_commerce": 0.1235, "median_entertainment": 0.3995, "PC1_pos": 0.30632908874940434, "nivvie": 14331.283233532933, "rel_education": 0.8176899322240051, "rel_sante": 0.13067667278268197, "rel_services": 0.013135165379346716, "rel_commerce": 0.014773636820870403, "rel_loisirs": 0.18524575782640301, "rel_pc1": 0.14633624341311122, "q_revenu": 1, "q_population": 4 }, "geometry": { "type": "Polygon", "coordinates": [ [ [ -0.559021800858652, 44.81353754927153 ], [ -0.559360254810078, 44.815320062009114 ], [ -0.556855650004439, 44.815574271557374 ], [ -0.556517273543488, 44.813791749453891 ], [ -0.559021800858652, 44.81353754927153 ] ] ] } },
{ "type": "Feature", "properties": { "idcar_200m": "CRS3035RES200mN2470400E3487600", "population": 447.5, "median_education": 1.851, "median_healthcare": 1.705, "median_services": 0.007, "median_commerce": 0.213, "median_entertainment": 0.713, "PC1_pos": 0.56455760148961964, "nivvie": 17904.124245810053, "rel_education": 1.3323451272417546, "rel_sante": 0.51935600721322328, "rel_services": 0.0076621798046189182, "rel_commerce": 0.025480037593889844, "rel_loisirs": 0.33061383061383059, "rel_pc1": 0.269694396080979, "q_revenu": 1, "q_population": 5 }, "geometry": { "type": "Polygon", "coordinates": [ [ [ -0.556517273543488, 44.813791749453891 ], [ -0.556855650004439, 44.815574271557374 ], [ -0.5543510248382, 44.815828421218775 ], [ -0.554012725870327, 44.814045889751519 ], [ -0.556517273543488, 44.813791749453891 ] ] ] } },
{ "type": "Feature", "properties": { "idcar_200m": "CRS3035RES200mN2470400E3487800", "population": 14.0, "median_education": 0.8835, "median_healthcare": 4.506, "median_services": 0.0, "median_commerce": 0.4485, "median_entertainment": 0.639, "PC1_pos": 0.74255595582100931, "nivvie": 26237.192857142858, "rel_education": 0.63594106964780661, "rel_sante": 1.3725619756614569, "rel_services": 0.0, "rel_commerce": 0.053651628454739884, "rel_loisirs": 0.29630047371982859, "rel_pc1": 0.35472585885492397, "q_revenu": 3, "q_population": 1 }, "geometry": { "type": "Polygon", "coordinates": [ [ [ -0.554012725870327, 44.814045889751519 ], [ -0.5543510248382, 44.815828421218775 ], [ -0.551846379315802, 44.816082510992551 ], [ -0.551508157843595, 44.814299970163624 ], [ -0.554012725870327, 44.814045889751519 ] ] ] } },
{ "type": "Feature", "properties": { "idcar_200m": "CRS3035RES200mN2470400E3488000", "population": 645.0, "median_education": 0.5715, "median_healthcare": 5.799, "median_services": 0.0, "median_commerce": 0.5985, "median_entertainment": 0.502, "PC1_pos": 0.76086213287530358, "nivvie": 19670.094263565894, "rel_education": 0.41136425727642495, "rel_sante": 1.766419639782687, "rel_services": 0.0, "rel_commerce": 0.071595316901141182, "rel_loisirs": 0.23277439406471664, "rel_pc1": 0.36347088921530279, "q_revenu": 1, "q_population": 5 }, "geometry": { "type": "Polygon", "coordinates": [ [ [ -0.551508157843595, 44.814299970163624 ], [ -0.551846379315802, 44.816082510992551 ], [ -0.549341713441662, 44.816336540877927 ], [ -0.549003569467715, 44.814553990689376 ], [ -0.551508157843595, 44.814299970163624 ] ] ] } },
{ "type": "Feature", "properties": { "idcar_200m": "CRS3035RES200mN2470600E3486000", "population": 334.5, "median_education": 0.11, "median_healthcare": 0.771, "median_services": 0.039, "median_commerce": 2.526, "median_entertainment": 1.32, "PC1_pos": 0.57592916503393821, "nivvie": 30654.953662182361, "rel_education": 0.079177722310423013, "rel_sante": 0.23485248185419069, "rel_services": 0.042689287482876828, "rel_commerce": 0.30217171343739785, "rel_loisirs": 0.61207609594706369, "rel_pc1": 0.27512669732798978, "q_revenu": 4, "q_population": 4 }, "geometry": { "type": "Polygon", "coordinates": [ [ [ -0.57689191798166, 44.813538918405094 ], [ -0.577230942589507, 44.815321361633963 ], [ -0.574726402953301, 44.815575999749647 ], [ -0.574387455823947, 44.813793547139454 ], [ -0.57689191798166, 44.813538918405094 ] ] ] } },
{ "type": "Feature", "properties": { "idcar_200m": "CRS3035RES200mN2470600E3486200", "population": 276.5, "median_education": 0.582, "median_healthcare": 2.446, "median_services": 0.234, "median_commerce": 7.132, "median_entertainment": 2.972, "PC1_pos": 1.4540567780387477, "nivvie": 25307.083905967451, "rel_education": 0.41892213076969265, "rel_sante": 0.74507026020149214, "rel_services": 0.256135724897261, "rel_commerce": 0.85316257333156043, "rel_loisirs": 1.3780986039050556, "rel_pc1": 0.69461639270448217, "q_revenu": 2, "q_population": 3 }, "geometry": { "type": "Polygon", "coordinates": [ [ [ -0.574387455823947, 44.813793547139454 ], [ -0.574726402953301, 44.815575999749647 ], [ -0.57222184292296, 44.815830577981878 ], [ -0.571882973274696, 44.814048115992399 ], [ -0.574387455823947, 44.813793547139454 ] ] ] } },
{ "type": "Feature", "properties": { "idcar_200m": "CRS3035RES200mN2470600E3486400", "population": 690.5, "median_education": 0.571, "median_healthcare": 1.386, "median_services": 0.172, "median_commerce": 3.969, "median_entertainment": 2.158, "PC1_pos": 0.97901975601299052, "nivvie": 22082.826502534394, "rel_education": 0.41100435853865036, "rel_sante": 0.42218617360558797, "rel_services": 0.18827070377063626, "rel_commerce": 0.47478999629177837, "rel_loisirs": 1.0006516780710328, "rel_pc1": 0.46768680671838525, "q_revenu": 2, "q_population": 5 }, "geometry": { "type": "Polygon", "coordinates": [ [ [ -0.571882973274696, 44.814048115992399 ], [ -0.57222184292296, 44.815830577981878 ], [ -0.569717262502901, 44.816085096329857 ], [ -0.569378470338327, 44.81430262496319 ], [ -0.571882973274696, 44.814048115992399 ] ] ] } },
{ "type": "Feature", "properties": { "idcar_200m": "CRS3035RES200mN2470600E3486600", "population": 400.5, "median_education": 0.28, "median_healthcare": 0.775, "median_services": 0.118, "median_commerce": 1.713, "median_entertainment": 1.524, "PC1_pos": 0.60450418830306329, "nivvie": 25905.929588014984, "rel_education": 0.20154329315380407, "rel_sante": 0.23607091236964692, "rel_services": 0.12916245956357603, "rel_commerce": 0.20491692205790285, "rel_loisirs": 0.70666967441160988, "rel_pc1": 0.28877725065192428, "q_revenu": 3, "q_population": 4 }, "geometry": { "type": "Polygon", "coordinates": [ [ [ -0.569378470338327, 44.81430262496319 ], [ -0.569717262502901, 44.816085096329857 ], [ -0.567212661697551, 44.816339554792776 ], [ -0.566873947019258, 44.814557074051059 ], [ -0.569378470338327, 44.81430262496319 ] ] ] } },
{ "type": "Feature", "properties": { "idcar_200m": "CRS3035RES200mN2470600E3486800", "population": 411.0, "median_education": 0.315, "median_healthcare": 0.922, "median_services": 0.193, "median_commerce": 1.28, "median_entertainment": 1.808, "PC1_pos": 0.66388953801047346, "nivvie": 25093.686131386861, "rel_education": 0.22673620479802956, "rel_sante": 0.28084823381266383, "rel_services": 0.21125724318449302, "rel_commerce": 0.15311947474262441, "rel_loisirs": 0.83835877384264479, "rel_pc1": 0.31714618233070924, "q_revenu": 2, "q_population": 4 }, "geometry": { "type": "Polygon", "coordinates": [ [ [ -0.566873947019258, 44.814557074051059 ], [ -0.567212661697551, 44.816339554792776 ], [ -0.564708040511323, 44.816593953369882 ], [ -0.564369403321913, 44.814811463255147 ], [ -0.566873947019258, 44.814557074051059 ] ] ] } },
{ "type": "Feature", "properties": { "idcar_200m": "CRS3035RES200mN2470600E3487000", "population": 64.5, "median_education": 0.36, "median_healthcare": 0.498, "median_services": 0.155, "median_commerce": 0.62, "median_entertainment": 1.326, "PC1_pos": 0.50054439590559952, "nivvie": 25944.451162790698, "rel_education": 0.25912709119774807, "rel_sante": 0.15169459917430214, "rel_services": 0.16966255281656176, "rel_commerce": 0.074167245578458704, "rel_loisirs": 0.61485826001955035, "rel_pc1": 0.23911469477922037, "q_revenu": 3, "q_population": 1 }, "geometry": { "type": "Polygon", "coordinates": [ [ [ -0.564369403321913, 44.814811463255147 ], [ -0.564708040511323, 44.816593953369882 ], [ -0.562203398948642, 44.816848292060357 ], [ -0.561864839250714, 44.815065792574806 ], [ -0.564369403321913, 44.814811463255147 ] ] ] } },
{ "type": "Feature", "properties": { "idcar_200m": "CRS3035RES200mN2470600E3487600", "population": 1.0, "median_education": 2.238, "median_healthcare": 1.069, "median_services": 0.0, "median_commerce": 0.131, "median_entertainment": 0.731, "PC1_pos": 0.48844170358874139, "nivvie": 26237.2, "rel_education": 1.6109067502793337, "rel_sante": 0.32562555525568071, "rel_services": 0.0, "rel_commerce": 0.015670821243190469, "rel_loisirs": 0.33896032283129057, "rel_pc1": 0.23333312654466534, "q_revenu": 3, "q_population": 1 }, "geometry": { "type": "Polygon", "coordinates": [ [ [ -0.556855650004439, 44.815574271557374 ], [ -0.557194054711627, 44.817356789778437 ], [ -0.554689352046128, 44.817610948804408 ], [ -0.5543510248382, 44.815828421218775 ], [ -0.556855650004439, 44.815574271557374 ] ] ] } },
{ "type": "Feature", "properties": { "idcar_200m": "CRS3035RES200mN2470600E3487800", "population": 593.5, "median_education": 0.956, "median_healthcare": 3.156, "median_services": 0.0, "median_commerce": 0.363, "median_entertainment": 0.848, "PC1_pos": 0.65264347268410572, "nivvie": 17425.649873631002, "rel_education": 0.68812638662513093, "rel_sante": 0.96134167669497517, "rel_services": 0.0, "rel_commerce": 0.043423726040291141, "rel_loisirs": 0.39321252224478032, "rel_pc1": 0.31177383274498188, "q_revenu": 1, "q_population": 5 }, "geometry": { "type": "Polygon", "coordinates": [ [ [ -0.5543510248382, 44.815828421218775 ], [ -0.554689352046128, 44.817610948804408 ], [ -0.552184629021875, 44.817865047940685 ], [ -0.551846379315802, 44.816082510992551 ], [ -0.5543510248382, 44.815828421218775 ] ] ] } },
{ "type": "Feature", "properties": { "idcar_200m": "CRS3035RES200mN2470600E3488000", "population": 338.0, "median_education": 0.8695, "median_healthcare": 3.46, "median_services": 0.0, "median_commerce": 0.382, "median_entertainment": 0.733, "PC1_pos": 0.6217736376108558, "nivvie": 17458.375147928993, "rel_education": 0.62586390499011646, "rel_sante": 1.0539423958696494, "rel_services": 0.0, "rel_commerce": 0.045696593243501976, "rel_loisirs": 0.33988771085545277, "rel_pc1": 0.29702702656394309, "q_revenu": 1, "q_population": 4 }, "geometry": { "type": "Polygon", "coordinates": [ [ [ -0.551846379315802, 44.816082510992551 ], [ -0.552184629021875, 44.817865047940685 ], [ -0.549679885643283, 44.818119087186417 ], [ -0.549341713441662, 44.816336540877927 ], [ -0.551846379315802, 44.816082510992551 ] ] ] } },
{ "type": "Feature", "properties": { "idcar_200m": "CRS3035RES200mN2470600E3488200", "population": 215.5, "median_education": 0.834, "median_healthcare": 2.517, "median_services": 0.0, "median_commerce": 0.271, "median_entertainment": 0.764, "PC1_pos": 0.51573847230362935, "nivvie": 21082.401392111369, "rel_education": 0.60031109460811627, "rel_sante": 0.76669740185084034, "rel_services": 0.0, "rel_commerce": 0.032418263793165016, "rel_loisirs": 0.3542622252299672, "rel_pc1": 0.24637304582677111, "q_revenu": 1, "q_population": 3 }, "geometry": { "type": "Polygon", "coordinates": [ [ [ -0.549341713441662, 44.816336540877927 ], [ -0.549679885643283, 44.818119087186417 ], [ -0.547175121914778, 44.818373066540893 ], [ -0.546837027220198, 44.816590510874079 ], [ -0.549341713441662, 44.816336540877927 ] ] ] } },
{ "type": "Feature", "properties": { "idcar_200m": "CRS3035RES200mN2470600E3488400", "population": 404.0, "median_education": 0.4275, "median_healthcare": 1.22, "median_services": 0.0, "median_commerce": 0.1245, "median_entertainment": 0.466, "PC1_pos": 0.24682948466789734, "nivvie": 17915.335891089111, "rel_education": 0.30771342079732583, "rel_sante": 0.37162130721415387, "rel_services": 0.0, "rel_commerce": 0.014893261410513078, "rel_loisirs": 0.21608140962979672, "rel_pc1": 0.11791273136141063, "q_revenu": 1, "q_population": 4 }, "geometry": { "type": "Polygon", "coordinates": [ [ [ -0.546837027220198, 44.816590510874079 ], [ -0.547175121914778, 44.818373066540893 ], [ -0.544670337840782, 44.818626986003288 ], [ -0.544332320655841, 44.81684442098031 ], [ -0.546837027220198, 44.816590510874079 ] ] ] } },
{ "type": "Feature", "properties": { "idcar_200m": "CRS3035RES200mN2470800E3486000", "population": 293.0, "median_education": 0.2955, "median_healthcare": 2.084, "median_services": 0.322, "median_commerce": 5.087, "median_entertainment": 4.0795, "PC1_pos": 1.4947589922681113, "nivvie": 26920.930375426618, "rel_education": 0.21270015402481818, "rel_sante": 0.63480229855270209, "rel_services": 0.35246027101247024, "rel_commerce": 0.60853028751228933, "rel_loisirs": 1.8916397222848833, "rel_pc1": 0.71406021749186077, "q_revenu": 3, "q_population": 3 }, "geometry": { "type": "Polygon", "coordinates": [ [ [ -0.577230942589507, 44.815321361633963 ], [ -0.577569995496364, 44.817103800974209 ], [ -0.575065378375483, 44.817358448472092 ], [ -0.574726402953301, 44.815575999749647 ], [ -0.577230942589507, 44.815321361633963 ] ] ] } },
{ "type": "Feature", "properties": { "idcar_200m": "CRS3035RES200mN2470800E3486200", "population": 241.0, "median_education": 0.5885, "median_healthcare": 3.0805, "median_services": 0.402, "median_commerce": 7.268, "median_entertainment": 2.7735, "PC1_pos": 1.6502292537086962, "nivvie": 32627.183402489627, "rel_education": 0.42360081436076319, "rel_sante": 0.93834380071573842, "rel_services": 0.44002804020811503, "rel_commerce": 0.86943151752296421, "rel_loisirs": 1.2860553425069554, "rel_pc1": 0.7883298016000847, "q_revenu": 5, "q_population": 3 }, "geometry": { "type": "Polygon", "coordinates": [ [ [ -0.574726402953301, 44.815575999749647 ], [ -0.575065378375483, 44.817358448472092 ], [ -0.572560740857863, 44.817613036084374 ], [ -0.57222184292296, 44.815830577981878 ], [ -0.574726402953301, 44.815575999749647 ] ] ] } },
{ "type": "Feature", "properties": { "idcar_200m": "CRS3035RES200mN2470800E3486400", "population": 301.5, "median_education": 1.059, "median_healthcare": 4.215, "median_services": 0.606, "median_commerce": 11.256, "median_entertainment": 2.572, "PC1_pos": 2.0964652437373816, "nivvie": 29059.352238805968, "rel_education": 0.76226552660670888, "rel_sante": 1.2839211556620151, "rel_services": 0.66332585165700919, "rel_commerce": 1.3464943810179535, "rel_loisirs": 1.192620999072612, "rel_pc1": 1.0015008677992472, "q_revenu": 4, "q_population": 3 }, "geometry": { "type": "Polygon", "coordinates": [ [ [ -0.57222184292296, 44.815830577981878 ], [ -0.572560740857863, 44.817613036084374 ], [ -0.570056082947933, 44.81786756381031 ], [ -0.569717262502901, 44.816085096329857 ], [ -0.57222184292296, 44.815830577981878 ] ] ] } },
{ "type": "Feature", "properties": { "idcar_200m": "CRS3035RES200mN2470800E3486600", "population": 237.5, "median_education": 0.254, "median_healthcare": 0.875, "median_services": 0.173, "median_commerce": 2.308, "median_entertainment": 0.702, "PC1_pos": 0.55881385151024165, "nivvie": 28692.687157894739, "rel_education": 0.18282855878952226, "rel_sante": 0.26653167525605298, "rel_services": 0.18936530088558182, "rel_commerce": 0.27609355289529464, "rel_loisirs": 0.3255131964809384, "rel_pc1": 0.26695055350788954, "q_revenu": 4, "q_population": 3 }, "geometry": { "type": "Polygon", "coordinates": [ [ [ -0.569717262502901, 44.816085096329857 ], [ -0.570056082947933, 44.81786756381031 ], [ -0.567551404650107, 44.818122031649111 ], [ -0.567212661697551, 44.816339554792776 ], [ -0.569717262502901, 44.816085096329857 ] ] ] } },
{ "type": "Feature", "properties": { "idcar_200m": "CRS3035RES200mN2470800E3486800", "population": 145.0, "median_education": 0.22, "median_healthcare": 1.0445, "median_services": 0.142, "median_commerce": 1.57, "median_entertainment": 1.0, "PC1_pos": 0.50829149914730976, "nivvie": 29785.795862068968, "rel_education": 0.15835544462084603, "rel_sante": 0.31816266834851126, "rel_services": 0.1554327903222695, "rel_commerce": 0.18781060573900024, "rel_loisirs": 0.46369401208110889, "rel_pc1": 0.24281555776403743, "q_revenu": 4, "q_population": 2 }, "geometry": { "type": "Polygon", "coordinates": [ [ [ -0.567212661697551, 44.816339554792776 ], [ -0.567551404650107, 44.818122031649111 ], [ -0.565046705968812, 44.818376439600002 ], [ -0.564708040511323, 44.816593953369882 ], [ -0.567212661697551, 44.816339554792776 ] ] ] } },
{ "type": "Feature", "properties": { "idcar_200m": "CRS3035RES200mN2470800E3487000", "population": 53.0, "median_education": 0.1425, "median_healthcare": 1.228, "median_services": 0.059, "median_commerce": 0.7285, "median_entertainment": 0.494, "PC1_pos": 0.28734013055389607, "nivvie": 27260.39811320755, "rel_education": 0.10257114026577527, "rel_sante": 0.37405816824506632, "rel_services": 0.064581229781788013, "rel_commerce": 0.08714651355468897, "rel_loisirs": 0.22906484196806778, "rel_pc1": 0.13726504217654667, "q_revenu": 3, "q_population": 1 }, "geometry": { "type": "Polygon", "coordinates": [ [ [ -0.564708040511323, 44.816593953369882 ], [ -0.565046705968812, 44.818376439600002 ], [ -0.562541986908467, 44.818630787662151 ], [ -0.562203398948642, 44.816848292060357 ], [ -0.564708040511323, 44.816593953369882 ] ] ] } },
{ "type": "Feature", "properties": { "idcar_200m": "CRS3035RES200mN2470800E3487800", "population": 8.0, "median_education": 1.1235, "median_healthcare": 1.881, "median_services": 0.0095, "median_commerce": 0.263, "median_entertainment": 1.287, "PC1_pos": 0.59852989298316417, "nivvie": 26237.2, "rel_education": 0.80869246377963866, "rel_sante": 0.57296694989329788, "rel_services": 0.010398672591982816, "rel_commerce": 0.031461267076023612, "rel_loisirs": 0.59677419354838712, "rel_pc1": 0.28592327443398252, "q_revenu": 3, "q_population": 1 }, "geometry": { "type": "Polygon", "coordinates": [ [ [ -0.554689352046128, 44.817610948804408 ], [ -0.555027707497384, 44.819393472508658 ], [ -0.552522906965082, 44.819647581008205 ], [ -0.552184629021875, 44.817865047940685 ], [ -0.554689352046128, 44.817610948804408 ] ] ] } },
{ "type": "Feature", "properties": { "idcar_200m": "CRS3035RES200mN2470800E3488000", "population": 202.0, "median_education": 1.127, "median_healthcare": 1.5195, "median_services": 0.0125, "median_commerce": 0.294, "median_entertainment": 1.116, "PC1_pos": 0.55086858528024885, "nivvie": 23539.381188118812, "rel_education": 0.81121175494406128, "rel_sante": 0.46285129205893993, "rel_services": 0.013682463936819498, "rel_commerce": 0.035169629354946545, "rel_loisirs": 0.5174825174825175, "rel_pc1": 0.26315502622786247, "q_revenu": 2, "q_population": 2 }, "geometry": { "type": "Polygon", "coordinates": [ [ [ -0.552184629021875, 44.817865047940685 ], [ -0.552522906965082, 44.819647581008205 ], [ -0.550018086075857, 44.819901629615153 ], [ -0.549679885643283, 44.818119087186417 ], [ -0.552184629021875, 44.817865047940685 ] ] ] } },
{ "type": "Feature", "properties": { "idcar_200m": "CRS3035RES200mN2470800E3488200", "population": 111.0, "median_education": 1.303, "median_healthcare": 1.606, "median_services": 0.013, "median_commerce": 0.309, "median_entertainment": 1.261, "PC1_pos": 0.55871521461885099, "nivvie": 24678.536936936936, "rel_education": 0.93789611064073808, "rel_sante": 0.48919985195568128, "rel_services": 0.014229762494292275, "rel_commerce": 0.036963998199586671, "rel_loisirs": 0.58471814923427823, "rel_pc1": 0.26690343375113718, "q_revenu": 2, "q_population": 1 }, "geometry": { "type": "Polygon", "coordinates": [ [ [ -0.549679885643283, 44.818119087186417 ], [ -0.550018086075857, 44.819901629615153 ], [ -0.547513244834118, 44.82015561832872 ], [ -0.547175121914778, 44.818373066540893 ], [ -0.549679885643283, 44.818119087186417 ] ] ] } },
{ "type": "Feature", "properties": { "idcar_200m": "CRS3035RES200mN2470800E3488400", "population": 96.0, "median_education": 0.461, "median_healthcare": 1.21, "median_services": 0.0, "median_commerce": 0.14, "median_entertainment": 0.76, "PC1_pos": 0.34360344754673755, "nivvie": 22205.990625000002, "rel_education": 0.33182663622822739, "rel_sante": 0.36857523092551325, "rel_services": 0.0, "rel_commerce": 0.016747442549974546, "rel_loisirs": 0.35240744918164274, "rel_pc1": 0.16414254990624477, "q_revenu": 2, "q_population": 1 }, "geometry": { "type": "Polygon", "coordinates": [ [ [ -0.547175121914778, 44.818373066540893 ], [ -0.547513244834118, 44.82015561832872 ], [ -0.545008383244301, 44.820409547148095 ], [ -0.544670337840782, 44.818626986003288 ], [ -0.547175121914778, 44.818373066540893 ] ] ] } },
{ "type": "Feature", "properties": { "idcar_200m": "CRS3035RES200mN2470800E3488600", "population": 184.0, "median_education": 0.4745, "median_healthcare": 0.5775, "median_services": 0.0, "median_commerce": 0.124, "median_entertainment": 0.4515, "PC1_pos": 0.21514475822243351, "nivvie": 22456.764130434782, "rel_education": 0.3415439021481429, "rel_sante": 0.17591090566899492, "rel_services": 0.0, "rel_commerce": 0.014833449115691739, "rel_loisirs": 0.20935784645462066, "rel_pc1": 0.10277664402301792, "q_revenu": 2, "q_population": 2 }, "geometry": { "type": "Polygon", "coordinates": [ [ [ -0.544670337840782, 44.818626986003288 ], [ -0.545008383244301, 44.820409547148095 ], [ -0.542503501310829, 44.820663416072534 ], [ -0.54216553342573, 44.818880845572821 ], [ -0.544670337840782, 44.818626986003288 ] ] ] } },
{ "type": "Feature", "properties": { "idcar_200m": "CRS3035RES200mN2470800E3488800", "population": 120.5, "median_education": 0.17, "median_healthcare": 0.109, "median_services": 0.0, "median_commerce": 0.038, "median_entertainment": 0.162, "PC1_pos": 0.084169151205747639, "nivvie": 23924.737759336098, "rel_education": 0.12236557084338104, "rel_sante": 0.033202231546182598, "rel_services": 0.0, "rel_commerce": 0.004545734406421662, "rel_loisirs": 0.075118429957139632, "rel_pc1": 0.040208383242360951, "q_revenu": 2, "q_population": 2 }, "geometry": { "type": "Polygon", "coordinates": [ [ [ -0.54216553342573, 44.818880845572821 ], [ -0.542503501310829, 44.820663416072534 ], [ -0.539998599038127, 44.820917225101248 ], [ -0.539660708674035, 44.819134645248752 ], [ -0.54216553342573, 44.818880845572821 ] ] ] } },
{ "type": "Feature", "properties": { "idcar_200m": "CRS3035RES200mN2471000E3485800", "population": 313.0, "median_education": 0.47, "median_healthcare": 2.885, "median_services": 0.703, "median_commerce": 5.05, "median_entertainment": 2.031, "PC1_pos": 1.4001029990798133, "nivvie": 30244.827795527155, "rel_education": 0.33830481350817104, "rel_sante": 0.87879300927281456, "rel_services": 0.76950177180672841, "rel_commerce": 0.60410417769551039, "rel_loisirs": 0.9417625385367322, "rel_pc1": 0.66884217268827362, "q_revenu": 4, "q_population": 4 }, "geometry": { "type": "Polygon", "coordinates": [ [ [ -0.580074592216091, 44.816849093591514 ], [ -0.580413750913507, 44.818631519658332 ], [ -0.577909076705517, 44.81888623642606 ], [ -0.577569995496364, 44.817103800974209 ], [ -0.580074592216091, 44.816849093591514 ] ] ] } },
{ "type": "Feature", "properties": { "idcar_200m": "CRS3035RES200mN2471000E3486000", "population": 361.5, "median_education": 0.506, "median_healthcare": 3.232, "median_services": 0.591, "median_commerce": 7.052, "median_entertainment": 3.289, "PC1_pos": 1.8616427271280513, "nivvie": 31704.242600276622, "rel_education": 0.36421752262794588, "rel_sante": 0.98449185648864379, "rel_services": 0.64690689493282572, "rel_commerce": 0.84359260616014631, "rel_loisirs": 1.5250896057347672, "rel_pc1": 0.8893239763074523, "q_revenu": 5, "q_population": 4 }, "geometry": { "type": "Polygon", "coordinates": [ [ [ -0.577569995496364, 44.817103800974209 ], [ -0.577909076705517, 44.81888623642606 ], [ -0.575404382093769, 44.819140893306923 ], [ -0.575065378375483, 44.817358448472092 ], [ -0.577569995496364, 44.817103800974209 ] ] ] } },
{ "type": "Feature", "properties": { "idcar_200m": "CRS3035RES200mN2471000E3486200", "population": 299.0, "median_education": 1.034, "median_healthcare": 3.8895, "median_services": 0.9315, "median_commerce": 14.3295, "median_entertainment": 2.855, "PC1_pos": 2.818851189092908, "nivvie": 31913.800668896321, "rel_education": 0.74427058971797644, "rel_sante": 1.1847713724667635, "rel_services": 1.0196172125717888, "rel_commerce": 1.7141605572847161, "rel_loisirs": 1.3238464044915659, "rel_pc1": 1.3465913258074154, "q_revenu": 5, "q_population": 3 }, "geometry": { "type": "Polygon", "coordinates": [ [ [ -0.575065378375483, 44.817358448472092 ], [ -0.575404382093769, 44.819140893306923 ], [ -0.572899667082689, 44.819395490300096 ], [ -0.572560740857863, 44.817613036084374 ], [ -0.575065378375483, 44.817358448472092 ] ] ] } },
{ "type": "Feature", "properties": { "idcar_200m": "CRS3035RES200mN2471000E3486400", "population": 325.0, "median_education": 1.961, "median_healthcare": 5.737, "median_services": 1.5105, "median_commerce": 24.8235, "median_entertainment": 2.6695, "PC1_pos": 4.04846437621487, "nivvie": 27979.343384615382, "rel_education": 1.4115228495521774, "rel_sante": 1.7475339667931153, "rel_services": 1.6533889421252679, "rel_commerce": 2.969501000994951, "rel_loisirs": 1.2378311652505203, "rel_pc1": 1.9339889359698972, "q_revenu": 3, "q_population": 4 }, "geometry": { "type": "Polygon", "coordinates": [ [ [ -0.572560740857863, 44.817613036084374 ], [ -0.572899667082689, 44.819395490300096 ], [ -0.570394931676694, 44.819650027404805 ], [ -0.570056082947933, 44.81786756381031 ], [ -0.572560740857863, 44.817613036084374 ] ] ] } },
{ "type": "Feature", "properties": { "idcar_200m": "CRS3035RES200mN2471000E3486600", "population": 242.5, "median_education": 0.519, "median_healthcare": 1.531, "median_services": 0.353, "median_commerce": 4.802, "median_entertainment": 0.908, "PC1_pos": 1.0025100046582811, "nivvie": 25577.703092783504, "rel_education": 0.3735748898100868, "rel_sante": 0.46635427979087668, "rel_services": 0.38639278157578255, "rel_commerce": 0.57443727946412682, "rel_loisirs": 0.42103416296964685, "rel_pc1": 0.47890831610107337, "q_revenu": 3, "q_population": 3 }, "geometry": { "type": "Polygon", "coordinates": [ [ [ -0.570056082947933, 44.81786756381031 ], [ -0.570394931676694, 44.819650027404805 ], [ -0.567890175880212, 44.819904504620304 ], [ -0.567551404650107, 44.818122031649111 ], [ -0.570056082947933, 44.81786756381031 ] ] ] } },
{ "type": "Feature", "properties": { "idcar_200m": "CRS3035RES200mN2471000E3486800", "population": 186.0, "median_education": 0.415, "median_healthcare": 1.3755, "median_services": 0.241, "median_commerce": 3.1095, "median_entertainment": 1.0765, "PC1_pos": 0.7854201146734332, "nivvie": 25783.317741935483, "rel_education": 0.29871595235295956, "rel_sante": 0.41898779350251525, "rel_services": 0.26379790470187986, "rel_commerce": 0.37197266149389896, "rel_loisirs": 0.49916660400531371, "rel_pc1": 0.37520246461618068, "q_revenu": 3, "q_population": 2 }, "geometry": { "type": "Polygon", "coordinates": [ [ [ -0.567551404650107, 44.818122031649111 ], [ -0.567890175880212, 44.819904504620304 ], [ -0.565385399697661, 44.820158921945762 ], [ -0.565046705968812, 44.818376439600002 ], [ -0.567551404650107, 44.818122031649111 ] ] ] } },
{ "type": "Feature", "properties": { "idcar_200m": "CRS3035RES200mN2471000E3487000", "population": 480.0, "median_education": 0.282, "median_healthcare": 2.17, "median_services": 0.0965, "median_commerce": 1.797, "median_entertainment": 0.489, "PC1_pos": 0.52666763996214616, "nivvie": 27931.47125, "rel_education": 0.20298288810490267, "rel_sante": 0.66099855463501134, "rel_services": 0.10562862159224651, "rel_commerce": 0.21496538758788758, "rel_loisirs": 0.22674637190766223, "rel_pc1": 0.25159401046094521, "q_revenu": 3, "q_population": 5 }, "geometry": { "type": "Polygon", "coordinates": [ [ [ -0.565046705968812, 44.818376439600002 ], [ -0.565385399697661, 44.820158921945762 ], [ -0.562880603133465, 44.820413279380389 ], [ -0.562541986908467, 44.818630787662151 ], [ -0.565046705968812, 44.818376439600002 ] ] ] } },
{ "type": "Feature", "properties": { "idcar_200m": "CRS3035RES200mN2471000E3487200", "population": 125.5, "median_education": 0.183, "median_healthcare": 4.738, "median_services": 0.099, "median_commerce": 2.497, "median_entertainment": 0.2, "PC1_pos": 0.7619910842225428, "nivvie": 22718.372111553785, "rel_education": 0.13172293802552193, "rel_sante": 1.4432309455579191, "rel_services": 0.10836511437961041, "rel_commerce": 0.29870260033776025, "rel_loisirs": 0.092738802416221774, "rel_pc1": 0.36401019973205984, "q_revenu": 2, "q_population": 2 }, "geometry": { "type": "Polygon", "coordinates": [ [ [ -0.562541986908467, 44.818630787662151 ], [ -0.562880603133465, 44.820413279380389 ], [ -0.56037578619205, 44.820667576923476 ], [ -0.560037247473501, 44.818885075834849 ], [ -0.562541986908467, 44.818630787662151 ] ] ] } },
{ "type": "Feature", "properties": { "idcar_200m": "CRS3035RES200mN2471000E3488000", "population": 266.5, "median_education": 1.53, "median_healthcare": 2.203, "median_services": 0.111, "median_commerce": 1.345, "median_entertainment": 2.434, "PC1_pos": 1.0221136854154529, "nivvie": 29062.787992495309, "rel_education": 1.1012901375904294, "rel_sante": 0.67105060638752534, "rel_services": 0.12150027975895712, "rel_commerce": 0.16089507306939832, "rel_loisirs": 1.1286312254054189, "rel_pc1": 0.48827317599990333, "q_revenu": 4, "q_population": 3 }, "geometry": { "type": "Polygon", "coordinates": [ [ [ -0.552522906965082, 44.819647581008205 ], [ -0.552861213148711, 44.821430110195408 ], [ -0.550356314742654, 44.821684168164339 ], [ -0.550018086075857, 44.819901629615153 ], [ -0.552522906965082, 44.819647581008205 ] ] ] } },
{ "type": "Feature", "properties": { "idcar_200m": "CRS3035RES200mN2471000E3488200", "population": 20.5, "median_education": 1.262, "median_healthcare": 1.156, "median_services": 0.036, "median_commerce": 0.711, "median_entertainment": 1.855, "PC1_pos": 0.67855849802531609, "nivvie": 22443.941463414634, "rel_education": 0.9083844141432168, "rel_sante": 0.35212641896685398, "rel_services": 0.039405496138040147, "rel_commerce": 0.085053083235942156, "rel_loisirs": 0.86015239241045693, "rel_pc1": 0.32415368041753068, "q_revenu": 2, "q_population": 1 }, "geometry": { "type": "Polygon", "coordinates": [ [ [ -0.550018086075857, 44.819901629615153 ], [ -0.550356314742654, 44.821684168164339 ], [ -0.547851395981496, 44.821938166237778 ], [ -0.547513244834118, 44.82015561832872 ], [ -0.550018086075857, 44.819901629615153 ] ] ] } },
{ "type": "Feature", "properties": { "idcar_200m": "CRS3035RES200mN2471000E3488600", "population": 113.0, "median_education": 1.056, "median_healthcare": 0.294, "median_services": 0.0, "median_commerce": 0.44, "median_entertainment": 1.165, "PC1_pos": 0.41703390423485009, "nivvie": 25467.98495575221, "rel_education": 0.76010613418006101, "rel_sante": 0.089554642886033792, "rel_services": 0.0, "rel_commerce": 0.052634819442777141, "rel_loisirs": 0.54020352407449179, "rel_pc1": 0.19922095929830239, "q_revenu": 3, "q_population": 1 }, "geometry": { "type": "Polygon", "coordinates": [ [ [ -0.545008383244301, 44.820409547148095 ], [ -0.54534645686966, 44.822192104414974 ], [ -0.542841497411582, 44.822445982695108 ], [ -0.542503501310829, 44.820663416072534 ], [ -0.545008383244301, 44.820409547148095 ] ] ] } },
{ "type": "Feature", "properties": { "idcar_200m": "CRS3035RES200mN2471200E3485600", "population": 396.0, "median_education": 1.033, "median_healthcare": 1.822, "median_services": 1.449, "median_commerce": 4.414, "median_entertainment": 0.706, "PC1_pos": 1.8534901992617179, "nivvie": 28429.598989898986, "rel_education": 0.74355079224242704, "rel_sante": 0.55499509979031836, "rel_services": 1.586071219556116, "rel_commerce": 0.52802293868276884, "rel_loisirs": 0.32736797252926286, "rel_pc1": 0.88542943822375142, "q_revenu": 4, "q_population": 4 }, "geometry": { "type": "Polygon", "coordinates": [ [ [ -0.582918404713319, 44.818376743004485 ], [ -0.58325766921435, 44.820159155794414 ], [ -0.580752937922687, 44.820413941836229 ], [ -0.580413750913507, 44.818631519658332 ], [ -0.582918404713319, 44.818376743004485 ] ] ] } },
{ "type": "Feature", "properties": { "idcar_200m": "CRS3035RES200mN2471200E3485800", "population": 325.5, "median_education": 0.898, "median_healthcare": 2.926, "median_services": 1.3, "median_commerce": 5.69, "median_entertainment": 1.394, "PC1_pos": 1.9939528265202942, "nivvie": 27950.932411674348, "rel_education": 0.64637813304327152, "rel_sante": 0.89128192205624124, "rel_services": 1.4229762494292277, "rel_commerce": 0.68066391506682267, "rel_loisirs": 0.64638945284106575, "rel_pc1": 0.95252973645814853, "q_revenu": 3, "q_population": 4 }, "geometry": { "type": "Polygon", "coordinates": [ [ [ -0.580413750913507, 44.818631519658332 ], [ -0.580752937922687, 44.820413941836229 ], [ -0.578248186220246, 44.820668667989843 ], [ -0.577909076705517, 44.81888623642606 ], [ -0.580413750913507, 44.818631519658332 ] ] ] } },
{ "type": "Feature", "properties": { "idcar_200m": "CRS3035RES200mN2471200E3486000", "population": 374.5, "median_education": 0.998, "median_healthcare": 3.136, "median_services": 1.2915, "median_commerce": 9.3075, "median_entertainment": 2.276, "PC1_pos": 2.3503600380681999, "nivvie": 29817.618958611485, "rel_education": 0.7183578805982016, "rel_sante": 0.95524952411769393, "rel_services": 1.4136721739521905, "rel_commerce": 1.1134058680992007, "rel_loisirs": 1.0553675714966038, "rel_pc1": 1.1227887630370077, "q_revenu": 4, "q_population": 4 }, "geometry": { "type": "Polygon", "coordinates": [ [ [ -0.577909076705517, 44.81888623642606 ], [ -0.578248186220246, 44.820668667989843 ], [ -0.57574341411145, 44.820923334254474 ], [ -0.575404382093769, 44.819140893306923 ], [ -0.577909076705517, 44.81888623642606 ] ] ] } },
{ "type": "Feature", "properties": { "idcar_200m": "CRS3035RES200mN2471200E3486200", "population": 470.0, "median_education": 1.142, "median_healthcare": 3.4235, "median_services": 2.4805, "median_commerce": 22.555, "median_entertainment": 1.4815, "PC1_pos": 4.0688248256981518, "nivvie": 28188.040638297873, "rel_education": 0.82200871707730072, "rel_sante": 1.0428242174161111, "rel_services": 2.7151481436224612, "rel_commerce": 2.6981326193905417, "rel_loisirs": 0.68696267889816276, "rel_pc1": 1.9437153112996111, "q_revenu": 4, "q_population": 5 }, "geometry": { "type": "Polygon", "coordinates": [ [ [ -0.575404382093769, 44.819140893306923 ], [ -0.57574341411145, 44.820923334254474 ], [ -0.573238621600721, 44.82117794062934 ], [ -0.572899667082689, 44.819395490300096 ], [ -0.575404382093769, 44.819140893306923 ] ] ] } },
{ "type": "Feature", "properties": { "idcar_200m": "CRS3035RES200mN2471200E3486400", "population": 315.5, "median_education": 2.07, "median_healthcare": 5.1385, "median_services": 4.431, "median_commerce": 42.506, "median_entertainment": 1.9555, "PC1_pos": 6.6431848685650543, "nivvie": 27091.922979397779, "rel_education": 1.4899807743870515, "rel_sante": 1.565226300917975, "rel_services": 4.8501598163237754, "rel_commerce": 5.0847628073515576, "rel_loisirs": 0.90675364062460839, "rel_pc1": 3.1735109516807958, "q_revenu": 3, "q_population": 4 }, "geometry": { "type": "Polygon", "coordinates": [ [ [ -0.572899667082689, 44.819395490300096 ], [ -0.573238621600721, 44.82117794062934 ], [ -0.570733808692477, 44.821432487113626 ], [ -0.570394931676694, 44.819650027404805 ], [ -0.572899667082689, 44.819395490300096 ] ] ] } },
{ "type": "Feature", "properties": { "idcar_200m": "CRS3035RES200mN2471200E3486600", "population": 356.0, "median_education": 1.474, "median_healthcare": 3.008, "median_services": 1.199, "median_commerce": 13.728, "median_entertainment": 1.466, "PC1_pos": 2.6171981887794336, "nivvie": 29086.846910112359, "rel_education": 1.0609814789596683, "rel_sante": 0.91625974762309415, "rel_services": 1.3124219408197262, "rel_commerce": 1.6422063666146469, "rel_loisirs": 0.67977542171090555, "rel_pc1": 1.2502598195200805, "q_revenu": 4, "q_population": 4 }, "geometry": { "type": "Polygon", "coordinates": [ [ [ -0.570394931676694, 44.819650027404805 ], [ -0.570733808692477, 44.821432487113626 ], [ -0.568228975391146, 44.821686973706576 ], [ -0.567890175880212, 44.819904504620304 ], [ -0.570394931676694, 44.819650027404805 ] ] ] } },
{ "type": "Feature", "properties": { "idcar_200m": "CRS3035RES200mN2471200E3486800", "population": 405.5, "median_education": 1.047, "median_healthcare": 3.008, "median_services": 0.442, "median_commerce": 5.2065, "median_entertainment": 1.016, "PC1_pos": 1.2829493692111766, "nivvie": 27492.129963008629, "rel_education": 0.75362795690011741, "rel_sante": 0.91625974762309415, "rel_services": 0.48381192480593738, "rel_commerce": 0.62282542597458912, "rel_loisirs": 0.47111311627440661, "rel_pc1": 0.61287679843284004, "q_revenu": 3, "q_population": 4 }, "geometry": { "type": "Polygon", "coordinates": [ [ [ -0.567890175880212, 44.819904504620304 ], [ -0.568228975391146, 44.821686973706576 ], [ -0.565724121701153, 44.821941400407418 ], [ -0.565385399697661, 44.820158921945762 ], [ -0.567890175880212, 44.819904504620304 ] ] ] } },
{ "type": "Feature", "properties": { "idcar_200m": "CRS3035RES200mN2471200E3487000", "population": 436.0, "median_education": 0.826, "median_healthcare": 2.395, "median_services": 0.293, "median_commerce": 3.552, "median_entertainment": 0.672, "PC1_pos": 0.89167770904327437, "nivvie": 28864.8123853211, "rel_education": 0.59455271480372185, "rel_sante": 0.72953527112942496, "rel_services": 0.32071695467904898, "rel_commerce": 0.42490654241078274, "rel_loisirs": 0.31160237611850516, "rel_pc1": 0.42596270177706297, "q_revenu": 4, "q_population": 4 }, "geometry": { "type": "Polygon", "coordinates": [ [ [ -0.565385399697661, 44.820158921945762 ], [ -0.565724121701153, 44.821941400407418 ], [ -0.563219247626913, 44.822195767215362 ], [ -0.562880603133465, 44.820413279380389 ], [ -0.565385399697661, 44.820158921945762 ] ] ] } },
{ "type": "Feature", "properties": { "idcar_200m": "CRS3035RES200mN2471200E3487200", "population": 539.0, "median_education": 0.5925, "median_healthcare": 3.628, "median_services": 0.343, "median_commerce": 4.3525, "median_entertainment": 0.3865, "PC1_pos": 0.98580323588595009, "nivvie": 25811.276808905379, "rel_education": 0.42648000426296034, "rel_sante": 1.1051164775188116, "rel_services": 0.37544681042632694, "rel_commerce": 0.52066602641974435, "rel_loisirs": 0.17921773566934857, "rel_pc1": 0.47092733789330549, "q_revenu": 3, "q_population": 5 }, "geometry": { "type": "Polygon", "coordinates": [ [ [ -0.562880603133465, 44.820413279380389 ], [ -0.563219247626913, 44.822195767215362 ], [ -0.560714353172858, 44.822450074129634 ], [ -0.56037578619205, 44.820667576923476 ], [ -0.562880603133465, 44.820413279380389 ] ] ] } },
{ "type": "Feature", "properties": { "idcar_200m": "CRS3035RES200mN2471200E3487400", "population": 96.0, "median_education": 0.249, "median_healthcare": 3.494, "median_services": 0.36, "median_commerce": 4.626, "median_entertainment": 0.26, "PC1_pos": 0.99048387191778775, "nivvie": 25212.205208333336, "rel_education": 0.17922957141177573, "rel_sante": 1.0642990552510276, "rel_services": 0.39405496138040147, "rel_commerce": 0.55338335168701613, "rel_loisirs": 0.12056044314108831, "rel_pc1": 0.47316332108536696, "q_revenu": 2, "q_population": 1 }, "geometry": { "type": "Polygon", "coordinates": [ [ [ -0.56037578619205, 44.820667576923476 ], [ -0.560714353172858, 44.822450074129634 ], [ -0.558209438343412, 44.822704321149423 ], [ -0.557870948877836, 44.820921814574199 ], [ -0.56037578619205, 44.820667576923476 ] ] ] } },
{ "type": "Feature", "properties": { "idcar_200m": "CRS3035RES200mN2471200E3487800", "population": 305.0, "median_education": 0.858, "median_healthcare": 4.4, "median_services": 0.575, "median_commerce": 2.658, "median_entertainment": 1.576, "PC1_pos": 1.4040027232560632, "nivvie": 18059.159016393442, "rel_education": 0.61758623402129953, "rel_sante": 1.3402735670018664, "rel_services": 0.62939334109369682, "rel_commerce": 0.31796215927023103, "rel_loisirs": 0.73078176303982756, "rel_pc1": 0.67070510705284703, "q_revenu": 1, "q_population": 3 }, "geometry": { "type": "Polygon", "coordinates": [ [ [ -0.555366091195245, 44.82117599233176 ], [ -0.555704503142993, 44.822958508273992 ], [ -0.553199547576034, 44.823212635502514 ], [ -0.552861213148711, 44.821430110195408 ], [ -0.555366091195245, 44.82117599233176 ] ] ] } },
{ "type": "Feature", "properties": { "idcar_200m": "CRS3035RES200mN2471200E3488000", "population": 491.0, "median_education": 1.597, "median_healthcare": 3.148, "median_services": 0.263, "median_commerce": 2.513, "median_entertainment": 1.94, "PC1_pos": 1.2705406113692721, "nivvie": 20419.65865580448, "rel_education": 1.1495165684522324, "rel_sante": 0.9589048156640626, "rel_services": 0.2878790412306822, "rel_commerce": 0.30061659377204308, "rel_loisirs": 0.89956638343735118, "rel_pc1": 0.60694901986169436, "q_revenu": 1, "q_population": 5 }, "geometry": { "type": "Polygon", "coordinates": [ [ [ -0.552861213148711, 44.821430110195408 ], [ -0.553199547576034, 44.823212635502514 ], [ -0.550694571646957, 44.823466702834239 ], [ -0.550356314742654, 44.821684168164339 ], [ -0.552861213148711, 44.821430110195408 ] ] ] } },
{ "type": "Feature", "properties": { "idcar_200m": "CRS3035RES200mN2471200E3488200", "population": 3.0, "median_education": 0.013, "median_healthcare": 0.0, "median_services": 0.0, "median_commerce": 0.0385, "median_entertainment": 0.3715, "PC1_pos": 0.25542871706354076, "nivvie": 22443.933333333334, "rel_education": 0.0093573671821409014, "rel_sante": 0.0, "rel_services": 0.0, "rel_commerce": 0.0046055467012429997, "rel_loisirs": 0.17226232548813195, "rel_pc1": 0.12202066433686572, "q_revenu": 2, "q_population": 1 }, "geometry": { "type": "Polygon", "coordinates": [ [ [ -0.550356314742654, 44.821684168164339 ], [ -0.550694571646957, 44.823466702834239 ], [ -0.548189575360182, 44.823720710268368 ], [ -0.547851395981496, 44.821938166237778 ], [ -0.550356314742654, 44.821684168164339 ] ] ] } },
{ "type": "Feature", "properties": { "idcar_200m": "CRS3035RES200mN2471200E3488400", "population": 168.5, "median_education": 0.614, "median_healthcare": 0.27, "median_services": 0.0, "median_commerce": 0.68, "median_entertainment": 1.1615, "PC1_pos": 0.33458141952359433, "nivvie": 19766.004747774481, "rel_education": 0.44195564998727027, "rel_sante": 0.082244059793296354, "rel_services": 0.0, "rel_commerce": 0.081344720957019223, "rel_loisirs": 0.5385805950322079, "rel_pc1": 0.15983264354291327, "q_revenu": 1, "q_population": 2 }, "geometry": { "type": "Polygon", "coordinates": [ [ [ -0.547851395981496, 44.821938166237778 ], [ -0.548189575360182, 44.823720710268368 ], [ -0.545684558720141, 44.823974657804186 ], [ -0.54534645686966, 44.822192104414974 ], [ -0.547851395981496, 44.821938166237778 ] ] ] } },
{ "type": "Feature", "properties": { "idcar_200m": "CRS3035RES200mN2471200E3488600", "population": 43.0, "median_education": 0.571, "median_healthcare": 0.132, "median_services": 0.0, "median_commerce": 0.742, "median_entertainment": 1.138, "PC1_pos": 0.34113238477549368, "nivvie": 23053.555813953488, "rel_education": 0.41100435853865036, "rel_sante": 0.040208207010055994, "rel_services": 0.0, "rel_commerce": 0.088761445514865089, "rel_loisirs": 0.52768378574830188, "rel_pc1": 0.16296210032942499, "q_revenu": 2, "q_population": 1 }, "geometry": { "type": "Polygon", "coordinates": [ [ [ -0.54534645686966, 44.822192104414974 ], [ -0.545684558720141, 44.823974657804186 ], [ -0.543179521731267, 44.824228545440796 ], [ -0.542841497411582, 44.822445982695108 ], [ -0.54534645686966, 44.822192104414974 ] ] ] } },
{ "type": "Feature", "properties": { "idcar_200m": "CRS3035RES200mN2471400E3483800", "population": 167.0, "median_education": 0.1655, "median_healthcare": 0.287, "median_services": 0.109, "median_commerce": 0.44, "median_entertainment": 0.4645, "PC1_pos": 0.22050158386412555, "nivvie": 31760.273652694614, "rel_education": 0.11912648220340918, "rel_sante": 0.087422389483985369, "rel_services": 0.11931108552906601, "rel_commerce": 0.052634819442777141, "rel_loisirs": 0.21538586861167508, "rel_pc1": 0.10533564925567318, "q_revenu": 5, "q_population": 2 }, "geometry": { "type": "Polygon", "coordinates": [ [ [ -0.6057993316248, 44.817863386577805 ], [ -0.606139321812275, 44.819645710884899 ], [ -0.603634696941952, 44.819901045292987 ], [ -0.603294784229083, 44.818118711578265 ], [ -0.6057993316248, 44.817863386577805 ] ] ] } },
{ "type": "Feature", "properties": { "idcar_200m": "CRS3035RES200mN2471400E3484000", "population": 244.5, "median_education": 0.505, "median_healthcare": 0.781, "median_services": 0.356, "median_commerce": 0.699, "median_entertainment": 0.999, "PC1_pos": 0.63036452029375445, "nivvie": 21852.586503067487, "rel_education": 0.36349772515239659, "rel_sante": 0.23789855814283128, "rel_services": 0.38967657292061925, "rel_commerce": 0.083617588160230044, "rel_loisirs": 0.46323031806902776, "rel_pc1": 0.30113097080427143, "q_revenu": 1, "q_population": 3 }, "geometry": { "type": "Polygon", "coordinates": [ [ [ -0.603294784229083, 44.818118711578265 ], [ -0.603634696941952, 44.819901045292987 ], [ -0.601130051618457, 44.820156319817855 ], [ -0.6007902163828, 44.8183739766976 ], [ -0.603294784229083, 44.818118711578265 ] ] ] } },
{ "type": "Feature", "properties": { "idcar_200m": "CRS3035RES200mN2471400E3484200", "population": 656.0, "median_education": 0.2885, "median_healthcare": 0.507, "median_services": 0.585, "median_commerce": 0.429, "median_entertainment": 1.485, "PC1_pos": 0.81038173434425409, "nivvie": 18431.845426829266, "rel_education": 0.20766157169597307, "rel_sante": 0.15443606783407871, "rel_services": 0.64033931224315244, "rel_commerce": 0.051318948956707716, "rel_loisirs": 0.68858560794044665, "rel_pc1": 0.3871268615679927, "q_revenu": 1, "q_population": 5 }, "geometry": { "type": "Polygon", "coordinates": [ [ [ -0.6007902163828, 44.8183739766976 ], [ -0.601130051618457, 44.820156319817855 ], [ -0.598625385846222, 44.820411534458671 ], [ -0.59828562809038, 44.818629181934945 ], [ -0.6007902163828, 44.8183739766976 ] ] ] } },
{ "type": "Feature", "properties": { "idcar_200m": "CRS3035RES200mN2471400E3484400", "population": 322.5, "median_education": 0.2275, "median_healthcare": 0.4725, "median_services": 0.448, "median_commerce": 0.4255, "median_entertainment": 1.154, "PC1_pos": 0.61517776292143722, "nivvie": 27495.488992248058, "rel_education": 0.1637539256874658, "rel_sante": 0.1439271046382686, "rel_services": 0.49037950749561077, "rel_commerce": 0.050900262892958348, "rel_loisirs": 0.5351028899415996, "rel_pc1": 0.29387611612310427, "q_revenu": 3, "q_population": 4 }, "geometry": { "type": "Polygon", "coordinates": [ [ [ -0.59828562809038, 44.818629181934945 ], [ -0.598625385846222, 44.820411534458671 ], [ -0.596120699629655, 44.820666689214661 ], [ -0.595781019356233, 44.818884327289553 ], [ -0.59828562809038, 44.818629181934945 ] ] ] } },
{ "type": "Feature", "properties": { "idcar_200m": "CRS3035RES200mN2471400E3484600", "population": 267.5, "median_education": 0.2005, "median_healthcare": 0.5565, "median_services": 0.184, "median_commerce": 0.499, "median_entertainment": 0.4685, "PC1_pos": 0.33551282557868745, "nivvie": 26912.046355140188, "rel_education": 0.1443193938476347, "rel_sante": 0.16951414546284968, "rel_services": 0.20140586914998299, "rel_commerce": 0.059692670231694986, "rel_loisirs": 0.21724064465999951, "rel_pc1": 0.16027758484362681, "q_revenu": 3, "q_population": 3 }, "geometry": { "type": "Polygon", "coordinates": [ [ [ -0.595781019356233, 44.818884327289553 ], [ -0.596120699629655, 44.820666689214661 ], [ -0.593615992973174, 44.820921784085051 ], [ -0.593276390184782, 44.819139412760684 ], [ -0.595781019356233, 44.818884327289553 ] ] ] } },
{ "type": "Feature", "properties": { "idcar_200m": "CRS3035RES200mN2471400E3485400", "population": 343.0, "median_education": 2.1085, "median_healthcare": 1.6875, "median_services": 2.4485, "median_commerce": 7.1055, "median_entertainment": 0.5345, "PC1_pos": 2.7115190112579977, "nivvie": 26993.090962099122, "rel_education": 1.5176929771956995, "rel_sante": 0.5140253737081022, "rel_services": 2.6801210359442029, "rel_commerce": 0.84999252170602957, "rel_loisirs": 0.24784444945735268, "rel_pc1": 1.2953177501707323, "q_revenu": 3, "q_population": 4 }, "geometry": { "type": "Polygon", "coordinates": [ [ [ -0.585762380090807, 44.819904309865152 ], [ -0.586101750408508, 44.821686709374717 ], [ -0.583596962036616, 44.821941564694839 ], [ -0.58325766921435, 44.820159155794414 ], [ -0.585762380090807, 44.819904309865152 ] ] ] } },
{ "type": "Feature", "properties": { "idcar_200m": "CRS3035RES200mN2471400E3485600", "population": 272.5, "median_education": 3.978, "median_healthcare": 3.086, "median_services": 4.989, "median_commerce": 14.643, "median_entertainment": 1.1225, "PC1_pos": 5.0802950953472283, "nivvie": 26278.982018348623, "rel_education": 2.8633543577351159, "rel_sante": 0.94001914267449094, "rel_services": 5.4609450064633984, "rel_commerce": 1.751662866137695, "rel_loisirs": 0.52049652856104467, "rel_pc1": 2.4269040289913137, "q_revenu": 3, "q_population": 3 }, "geometry": { "type": "Polygon", "coordinates": [ [ [ -0.58325766921435, 44.820159155794414 ], [ -0.583596962036616, 44.821941564694839 ], [ -0.581092153246918, 44.822196360125425 ], [ -0.580752937922687, 44.820413941836229 ], [ -0.58325766921435, 44.820159155794414 ] ] ] } },
{ "type": "Feature", "properties": { "idcar_200m": "CRS3035RES200mN2471400E3485800", "population": 391.5, "median_education": 2.471, "median_healthcare": 2.088, "median_services": 1.9445, "median_commerce": 7.7895, "median_entertainment": 1.3435, "PC1_pos": 2.6648238342498827, "nivvie": 26929.323882503195, "rel_education": 1.7786195620823209, "rel_sante": 0.63602072906815843, "rel_services": 2.1284440900116408, "rel_commerce": 0.93181574102161946, "rel_loisirs": 0.62297290523096982, "rel_pc1": 1.2730110315473899, "q_revenu": 3, "q_population": 4 }, "geometry": { "type": "Polygon", "coordinates": [ [ [ -0.580752937922687, 44.820413941836229 ], [ -0.581092153246918, 44.822196360125425 ], [ -0.578587324043838, 44.82245109566572 ], [ -0.578248186220246, 44.820668667989843 ], [ -0.580752937922687, 44.820413941836229 ] ] ] } },
{ "type": "Feature", "properties": { "idcar_200m": "CRS3035RES200mN2471400E3486000", "population": 425.0, "median_education": 1.795, "median_healthcare": 1.986, "median_services": 1.27, "median_commerce": 8.28, "median_entertainment": 1.94, "PC1_pos": 2.2126819010417313, "nivvie": 25942.604, "rel_education": 1.2920364686109937, "rel_sante": 0.60495075092402428, "rel_services": 1.3901383359808608, "rel_commerce": 0.99049160224135158, "rel_loisirs": 0.89956638343735118, "rel_pc1": 1.0570186415809593, "q_revenu": 3, "q_population": 4 }, "geometry": { "type": "Polygon", "coordinates": [ [ [ -0.578248186220246, 44.820668667989843 ], [ -0.578587324043838, 44.82245109566572 ], [ -0.576082474431802, 44.822705771314922 ], [ -0.57574341411145, 44.820923334254474 ], [ -0.578248186220246, 44.820668667989843 ] ] ] } },
{ "type": "Feature", "properties": { "idcar_200m": "CRS3035RES200mN2471400E3486200", "population": 476.0, "median_education": 1.223, "median_healthcare": 2.199, "median_services": 1.54, "median_commerce": 12.636, "median_entertainment": 1.226, "PC1_pos": 2.584114008792386, "nivvie": 24619.242016806722, "rel_education": 0.88031231259679421, "rel_sante": 0.66983217587206911, "rel_services": 1.685679557016162, "rel_commerce": 1.5115763147248453, "rel_loisirs": 0.5684888588114394, "rel_pc1": 1.2344552002608618, "q_revenu": 2, "q_population": 5 }, "geometry": { "type": "Polygon", "coordinates": [ [ [ -0.57574341411145, 44.820923334254474 ], [ -0.576082474431802, 44.822705771314922 ], [ -0.573577604415236, 44.822960387072271 ], [ -0.573238621600721, 44.82117794062934 ], [ -0.57574341411145, 44.820923334254474 ] ] ] } },
{ "type": "Feature", "properties": { "idcar_200m": "CRS3035RES200mN2471400E3486400", "population": 432.0, "median_education": 2.4005, "median_healthcare": 3.17, "median_services": 2.4215, "median_commerce": 21.3815, "median_entertainment": 1.3375, "PC1_pos": 3.9198938849501626, "nivvie": 24583.245370370369, "rel_education": 1.7278738400560951, "rel_sante": 0.9656061834990719, "rel_services": 2.6505669138406729, "rel_commerce": 2.5577531634448629, "rel_loisirs": 0.62019074115848305, "rel_pc1": 1.8725696212640486, "q_revenu": 2, "q_population": 4 }, "geometry": { "type": "Polygon", "coordinates": [ [ [ -0.573238621600721, 44.82117794062934 ], [ -0.573577604415236, 44.822960387072271 ], [ -0.571072713998555, 44.823214942936943 ], [ -0.570733808692477, 44.821432487113626 ], [ -0.573238621600721, 44.82117794062934 ] ] ] } },
{ "type": "Feature", "properties": { "idcar_200m": "CRS3035RES200mN2471400E3486600", "population": 430.0, "median_education": 2.6565, "median_healthcare": 2.5745, "median_services": 1.2995, "median_commerce": 12.327, "median_entertainment": 1.2145, "PC1_pos": 2.4343808164841558, "nivvie": 22944.749534883722, "rel_education": 1.9121419937967161, "rel_sante": 0.78421234051052391, "rel_services": 1.4224289508717549, "rel_commerce": 1.4746123165252587, "rel_loisirs": 0.56315637767250681, "rel_pc1": 1.1629262672232155, "q_revenu": 2, "q_population": 4 }, "geometry": { "type": "Polygon", "coordinates": [ [ [ -0.570733808692477, 44.821432487113626 ], [ -0.571072713998555, 44.823214942936943 ], [ -0.568567803186192, 44.823469438908198 ], [ -0.568228975391146, 44.821686973706576 ], [ -0.570733808692477, 44.821432487113626 ] ] ] } },
{ "type": "Feature", "properties": { "idcar_200m": "CRS3035RES200mN2471400E3486800", "population": 432.5, "median_education": 1.63, "median_healthcare": 2.843, "median_services": 0.716, "median_commerce": 7.416, "median_entertainment": 1.051, "PC1_pos": 1.5478712967570938, "nivvie": 24991.580346820811, "rel_education": 1.1732698851453591, "rel_sante": 0.86599948886052414, "rel_services": 0.78373153430102072, "rel_commerce": 0.88713595679008028, "rel_loisirs": 0.48734240669724538, "rel_pc1": 0.73943245735867014, "q_revenu": 2, "q_population": 4 }, "geometry": { "type": "Polygon", "coordinates": [ [ [ -0.568228975391146, 44.821686973706576 ], [ -0.568567803186192, 44.823469438908198 ], [ -0.566062871982561, 44.823723874985241 ], [ -0.565724121701153, 44.821941400407418 ], [ -0.568228975391146, 44.821686973706576 ] ] ] } },
{ "type": "Feature", "properties": { "idcar_200m": "CRS3035RES200mN2471400E3487000", "population": 465.0, "median_education": 1.299, "median_healthcare": 3.2305, "median_services": 0.54, "median_commerce": 4.7525, "median_entertainment": 0.884, "PC1_pos": 1.3652597178447463, "nivvie": 23326.054623655913, "rel_education": 0.93501692073854081, "rel_sante": 0.98403494504534761, "rel_services": 0.59108244207060223, "rel_commerce": 0.56851586227681439, "rel_loisirs": 0.40990550667970022, "rel_pc1": 0.65219721446722334, "q_revenu": 2, "q_population": 5 }, "geometry": { "type": "Polygon", "coordinates": [ [ [ -0.565724121701153, 44.821941400407418 ], [ -0.566062871982561, 44.823723874985241 ], [ -0.563557920392095, 44.823978251167247 ], [ -0.563219247626913, 44.822195767215362 ], [ -0.565724121701153, 44.821941400407418 ] ] ] } },
{ "type": "Feature", "properties": { "idcar_200m": "CRS3035RES200mN2471400E3487200", "population": 390.0, "median_education": 1.874, "median_healthcare": 4.234, "median_services": 0.7085, "median_commerce": 5.4775, "median_entertainment": 0.677, "PC1_pos": 1.5828004754272784, "nivvie": 25557.769743589743, "rel_education": 1.3489004691793887, "rel_sante": 1.2897087006104324, "rel_services": 0.77552205593892898, "rel_commerce": 0.65524368976775405, "rel_loisirs": 0.3139208461789107, "rel_pc1": 0.75611844958019769, "q_revenu": 3, "q_population": 4 }, "geometry": { "type": "Polygon", "coordinates": [ [ [ -0.563219247626913, 44.822195767215362 ], [ -0.563557920392095, 44.823978251167247 ], [ -0.561052948419212, 44.824232567453514 ], [ -0.560714353172858, 44.822450074129634 ], [ -0.563219247626913, 44.822195767215362 ] ] ] } },
{ "type": "Feature", "properties": { "idcar_200m": "CRS3035RES200mN2471400E3487400", "population": 327.5, "median_education": 1.756, "median_healthcare": 4.662, "median_services": 1.165, "median_commerce": 4.681, "median_entertainment": 0.601, "PC1_pos": 1.7688948615226028, "nivvie": 26049.672671755729, "rel_education": 1.263964367064571, "rel_sante": 1.4200807657642502, "rel_services": 1.2752056389115771, "rel_commerce": 0.55996270411736315, "rel_loisirs": 0.27868010126074644, "rel_pc1": 0.84501746172636905, "q_revenu": 3, "q_population": 4 }, "geometry": { "type": "Polygon", "coordinates": [ [ [ -0.560714353172858, 44.822450074129634 ], [ -0.561052948419212, 44.824232567453514 ], [ -0.558547956068341, 44.824486823843223 ], [ -0.558209438343412, 44.822704321149423 ], [ -0.560714353172858, 44.822450074129634 ] ] ] } },
{ "type": "Feature", "properties": { "idcar_200m": "CRS3035RES200mN2471400E3487600", "population": 42.5, "median_education": 0.757, "median_healthcare": 5.7955, "median_services": 1.5095, "median_commerce": 4.3795, "median_entertainment": 0.9225, "PC1_pos": 1.980418255770507, "nivvie": 21427.305882352943, "rel_education": 0.54488668899082027, "rel_sante": 1.7653535130816631, "rel_services": 1.6522943450103225, "rel_commerce": 0.52389589034009665, "rel_loisirs": 0.42775772614482299, "rel_pc1": 0.94606414663179983, "q_revenu": 1, "q_population": 1 }, "geometry": { "type": "Polygon", "coordinates": [ [ [ -0.558209438343412, 44.822704321149423 ], [ -0.558547956068341, 44.824486823843223 ], [ -0.556042943343901, 44.824741020335559 ], [ -0.555704503142993, 44.822958508273992 ], [ -0.558209438343412, 44.822704321149423 ] ] ] } },
{ "type": "Feature", "properties": { "idcar_200m": "CRS3035RES200mN2471400E3487800", "population": 204.0, "median_education": 1.1295, "median_healthcare": 4.535, "median_services": 1.221, "median_commerce": 4.161, "median_entertainment": 1.367, "PC1_pos": 1.8188314136992505, "nivvie": 21140.046568627451, "rel_education": 0.8130112486329345, "rel_sante": 1.3813955968985145, "rel_services": 1.3365030773485285, "rel_commerce": 0.497757917503172, "rel_loisirs": 0.63386971451487584, "rel_pc1": 0.86887261529460047, "q_revenu": 1, "q_population": 2 }, "geometry": { "type": "Polygon", "coordinates": [ [ [ -0.555704503142993, 44.822958508273992 ], [ -0.556042943343901, 44.824741020335559 ], [ -0.553537910250323, 44.824995156929788 ], [ -0.553199547576034, 44.823212635502514 ], [ -0.555704503142993, 44.822958508273992 ] ] ] } },
{ "type": "Feature", "properties": { "idcar_200m": "CRS3035RES200mN2471400E3488000", "population": 269.5, "median_education": 2.024, "median_healthcare": 2.471, "median_services": 0.402, "median_commerce": 3.033, "median_entertainment": 1.338, "PC1_pos": 1.2420276440594726, "nivvie": 22318.187012987015, "rel_education": 1.4568700905117835, "rel_sante": 0.75268545092309358, "rel_services": 0.44002804020811503, "rel_commerce": 0.36282138038623424, "rel_loisirs": 0.62042258816452367, "rel_pc1": 0.59332811124439278, "q_revenu": 2, "q_population": 3 }, "geometry": { "type": "Polygon", "coordinates": [ [ [ -0.553199547576034, 44.823212635502514 ], [ -0.553537910250323, 44.824995156929788 ], [ -0.551032856792037, 44.825249233625122 ], [ -0.550694571646957, 44.823466702834239 ], [ -0.553199547576034, 44.823212635502514 ] ] ] } },
{ "type": "Feature", "properties": { "idcar_200m": "CRS3035RES200mN2471400E3489200", "population": 50.5, "median_education": 0.017, "median_healthcare": 0.0, "median_services": 0.0, "median_commerce": 0.0, "median_entertainment": 0.0, "PC1_pos": 0.0024913865373306088, "nivvie": 24460.568316831683, "rel_education": 0.012236557084338103, "rel_sante": 0.0, "rel_services": 0.0, "rel_commerce": 0.0, "rel_loisirs": 0.0, "rel_pc1": 0.0011901584281511339, "q_revenu": 2, "q_population": 1 }, "geometry": { "type": "Polygon", "coordinates": [ [ [ -0.538169386724684, 44.824736141013524 ], [ -0.538507284184808, 44.826518718590869 ], [ -0.536002108631195, 44.826772435876407 ], [ -0.535664288715844, 44.824989848948022 ], [ -0.538169386724684, 44.824736141013524 ] ] ] } },
{ "type": "Feature", "properties": { "idcar_200m": "CRS3035RES200mN2471400E3489400", "population": 112.0, "median_education": 0.007, "median_healthcare": 0.0, "median_services": 0.0, "median_commerce": 0.0, "median_entertainment": 0.0, "PC1_pos": 0.0011169307314098376, "nivvie": 17227.17232142857, "rel_education": 0.0050385823288451011, "rel_sante": 0.0, "rel_services": 0.0, "rel_commerce": 0.0, "rel_loisirs": 0.0, "rel_pc1": 0.00053356815722089071, "q_revenu": 1, "q_population": 1 }, "geometry": { "type": "Polygon", "coordinates": [ [ [ -0.535664288715844, 44.824989848948022 ], [ -0.536002108631195, 44.826772435876407 ], [ -0.533496912743861, 44.827026093257551 ], [ -0.533159170375866, 44.825243496980292 ], [ -0.535664288715844, 44.824989848948022 ] ] ] } },
{ "type": "Feature", "properties": { "idcar_200m": "CRS3035RES200mN2471600E3483800", "population": 195.5, "median_education": 0.21, "median_healthcare": 0.4425, "median_services": 0.117, "median_commerce": 0.5355, "median_entertainment": 0.706, "PC1_pos": 0.33216903461463687, "nivvie": 32907.261381074168, "rel_education": 0.15115746986535303, "rel_sante": 0.1347888757723468, "rel_services": 0.1280678624486305, "rel_commerce": 0.064058967753652649, "rel_loisirs": 0.32736797252926286, "rel_pc1": 0.15868022492447736, "q_revenu": 5, "q_population": 2 }, "geometry": { "type": "Polygon", "coordinates": [ [ [ -0.606139321812275, 44.819645710884899 ], [ -0.606479340379932, 44.821428031295476 ], [ -0.603974638028819, 44.821683375112052 ], [ -0.603634696941952, 44.819901045292987 ], [ -0.606139321812275, 44.819645710884899 ] ] ] } },
{ "type": "Feature", "properties": { "idcar_200m": "CRS3035RES200mN2471600E3484000", "population": 224.5, "median_education": 0.648, "median_healthcare": 1.246, "median_services": 0.5, "median_commerce": 2.347, "median_entertainment": 1.654, "PC1_pos": 0.95808640904044085, "nivvie": 22679.016035634741, "rel_education": 0.46642876415594653, "rel_sante": 0.37954110556461945, "rel_services": 0.54729855747277989, "rel_commerce": 0.28075891189135899, "rel_loisirs": 0.76694989598215402, "rel_pc1": 0.4576867529509413, "q_revenu": 2, "q_population": 3 }, "geometry": { "type": "Polygon", "coordinates": [ [ [ -0.603634696941952, 44.819901045292987 ], [ -0.603974638028819, 44.821683375112052 ], [ -0.601469915221932, 44.821938659043276 ], [ -0.601130051618457, 44.820156319817855 ], [ -0.603634696941952, 44.819901045292987 ] ] ] } },
{ "type": "Feature", "properties": { "idcar_200m": "CRS3035RES200mN2471600E3484200", "population": 485.5, "median_education": 0.478, "median_healthcare": 0.677, "median_services": 0.349, "median_commerce": 0.861, "median_entertainment": 1.789, "PC1_pos": 0.75858415774618049, "nivvie": 21455.005149330587, "rel_education": 0.34406319331256546, "rel_sante": 0.206219364740969, "rel_services": 0.38201439311600033, "rel_commerce": 0.10299677168234345, "rel_loisirs": 0.82954858761310368, "rel_pc1": 0.36238267939381547, "q_revenu": 1, "q_population": 5 }, "geometry": { "type": "Polygon", "coordinates": [ [ [ -0.601130051618457, 44.820156319817855 ], [ -0.601469915221932, 44.821938659043276 ], [ -0.598965171963695, 44.822193883088332 ], [ -0.598625385846222, 44.820411534458671 ], [ -0.601130051618457, 44.820156319817855 ] ] ] } },
{ "type": "Feature", "properties": { "idcar_200m": "CRS3035RES200mN2471600E3484400", "population": 268.0, "median_education": 0.473, "median_healthcare": 0.552, "median_services": 0.319, "median_commerce": 0.833, "median_entertainment": 1.54, "PC1_pos": 0.66392916070266716, "nivvie": 25187.064925373135, "rel_education": 0.34046420593481896, "rel_sante": 0.16814341113296144, "rel_services": 0.34917647966763354, "rel_commerce": 0.099647283172348541, "rel_loisirs": 0.71408877860490771, "rel_pc1": 0.31716511045781992, "q_revenu": 2, "q_population": 3 }, "geometry": { "type": "Polygon", "coordinates": [ [ [ -0.598625385846222, 44.820411534458671 ], [ -0.598965171963695, 44.822193883088332 ], [ -0.596460408258523, 44.822449047246486 ], [ -0.596120699629655, 44.820666689214661 ], [ -0.598625385846222, 44.820411534458671 ] ] ] } },
{ "type": "Feature", "properties": { "idcar_200m": "CRS3035RES200mN2471600E3484600", "population": 263.0, "median_education": 0.366, "median_healthcare": 1.087, "median_services": 0.289, "median_commerce": 0.865, "median_entertainment": 0.845, "PC1_pos": 0.58915179026028452, "nivvie": 28710.66463878327, "rel_education": 0.26344587605104386, "rel_sante": 0.33110849257523378, "rel_services": 0.3163385662192667, "rel_commerce": 0.10347527004091416, "rel_loisirs": 0.39182144020853699, "rel_pc1": 0.2814432678880448, "q_revenu": 4, "q_population": 3 }, "geometry": { "type": "Polygon", "coordinates": [ [ [ -0.596120699629655, 44.820666689214661 ], [ -0.596460408258523, 44.822449047246486 ], [ -0.593955624110833, 44.822704151516952 ], [ -0.593615992973174, 44.820921784085051 ], [ -0.596120699629655, 44.820666689214661 ] ] ] } },
{ "type": "Feature", "properties": { "idcar_200m": "CRS3035RES200mN2471600E3484800", "population": 453.0, "median_education": 0.476, "median_healthcare": 1.538, "median_services": 0.319, "median_commerce": 1.38, "median_entertainment": 0.537, "PC1_pos": 0.66317277984496892, "nivvie": 23487.645033112582, "rel_education": 0.34262359836146689, "rel_sante": 0.4684865331929251, "rel_services": 0.34917647966763354, "rel_commerce": 0.16508193370689195, "rel_loisirs": 0.24900368448755547, "rel_pc1": 0.31680378031526951, "q_revenu": 2, "q_population": 5 }, "geometry": { "type": "Polygon", "coordinates": [ [ [ -0.593615992973174, 44.820921784085051 ], [ -0.593955624110833, 44.822704151516952 ], [ -0.591450819525059, 44.82295919589891 ], [ -0.591111265881216, 44.821176819069059 ], [ -0.593615992973174, 44.820921784085051 ] ] ] } },
{ "type": "Feature", "properties": { "idcar_200m": "CRS3035RES200mN2471600E3485400", "population": 320.5, "median_education": 4.209, "median_healthcare": 2.526, "median_services": 1.992, "median_commerce": 6.742, "median_entertainment": 0.824, "PC1_pos": 2.8374628524886178, "nivvie": 31619.533541341654, "rel_education": 3.0296275745870043, "rel_sante": 0.76943887051061688, "rel_services": 2.1804374529715549, "rel_commerce": 0.80650898337091703, "rel_loisirs": 0.38208386595483368, "rel_pc1": 1.355482289822999, "q_revenu": 5, "q_population": 4 }, "geometry": { "type": "Polygon", "coordinates": [ [ [ -0.586101750408508, 44.821686709374717 ], [ -0.586441149056918, 44.823469104994246 ], [ -0.583936283183399, 44.823723969706037 ], [ -0.583596962036616, 44.821941564694839 ], [ -0.586101750408508, 44.821686709374717 ] ] ] } },
{ "type": "Feature", "properties": { "idcar_200m": "CRS3035RES200mN2471600E3485600", "population": 300.0, "median_education": 8.085, "median_healthcare": 2.583, "median_services": 2.593, "median_commerce": 9.603, "median_entertainment": 2.016, "PC1_pos": 4.4283953765848985, "nivvie": 33512.868666666669, "rel_education": 5.8195625898160923, "rel_sante": 0.78680150535586846, "rel_services": 2.8382903190538364, "rel_commerce": 1.1487549343386112, "rel_loisirs": 0.93480712835551549, "rel_pc1": 2.1154854943846209, "q_revenu": 5, "q_population": 3 }, "geometry": { "type": "Polygon", "coordinates": [ [ [ -0.583596962036616, 44.821941564694839 ], [ -0.583936283183399, 44.823723969706037 ], [ -0.581431396889482, 44.823978774526203 ], [ -0.581092153246918, 44.822196360125425 ], [ -0.583596962036616, 44.821941564694839 ] ] ] } },
{ "type": "Feature", "properties": { "idcar_200m": "CRS3035RES200mN2471600E3485800", "population": 326.5, "median_education": 6.208, "median_healthcare": 2.116, "median_services": 1.871, "median_commerce": 9.106, "median_entertainment": 2.425, "PC1_pos": 3.4587755742485671, "nivvie": 25190.933843797859, "rel_education": 4.4685027282100558, "rel_sante": 0.64454974267635212, "rel_services": 2.0479912020631423, "rel_commerce": 1.0893015132862014, "rel_loisirs": 1.1244579792966889, "rel_pc1": 1.6522891326152129, "q_revenu": 2, "q_population": 4 }, "geometry": { "type": "Polygon", "coordinates": [ [ [ -0.581092153246918, 44.822196360125425 ], [ -0.581431396889482, 44.823978774526203 ], [ -0.578926490179575, 44.82423351945399 ], [ -0.578587324043838, 44.82245109566572 ], [ -0.581092153246918, 44.822196360125425 ] ] ] } },
{ "type": "Feature", "properties": { "idcar_200m": "CRS3035RES200mN2471600E3486000", "population": 554.0, "median_education": 3.1635, "median_healthcare": 1.825, "median_services": 1.009, "median_commerce": 8.332, "median_entertainment": 2.611, "PC1_pos": 2.339048100592434, "nivvie": 22221.394043321299, "rel_education": 2.2770793139002112, "rel_sante": 0.5559089226769105, "rel_services": 1.1044484889800696, "rel_commerce": 0.99671208090277086, "rel_loisirs": 1.2107050655437752, "rel_pc1": 1.117384945715298, "q_revenu": 2, "q_population": 5 }, "geometry": { "type": "Polygon", "coordinates": [ [ [ -0.578587324043838, 44.82245109566572 ], [ -0.578926490179575, 44.82423351945399 ], [ -0.576421563058116, 44.824488204488574 ], [ -0.576082474431802, 44.822705771314922 ], [ -0.578587324043838, 44.82245109566572 ] ] ] } },
{ "type": "Feature", "properties": { "idcar_200m": "CRS3035RES200mN2471600E3486200", "population": 224.0, "median_education": 2.2655, "median_healthcare": 2.0995, "median_services": 0.978, "median_commerce": 7.8815, "median_entertainment": 1.9915, "PC1_pos": 2.0473930684540216, "nivvie": 24247.682589285716, "rel_education": 1.6307011808569394, "rel_sante": 0.63952371680009512, "rel_services": 1.0705159784167573, "rel_commerce": 0.94282120326874552, "rel_loisirs": 0.92344662505952835, "rel_pc1": 0.97805863508020174, "q_revenu": 2, "q_population": 3 }, "geometry": { "type": "Polygon", "coordinates": [ [ [ -0.576082474431802, 44.822705771314922 ], [ -0.576421563058116, 44.824488204488574 ], [ -0.573916615529523, 44.824742829629201 ], [ -0.573577604415236, 44.822960387072271 ], [ -0.576082474431802, 44.822705771314922 ] ] ] } },
{ "type": "Feature", "properties": { "idcar_200m": "CRS3035RES200mN2471600E3486400", "population": 280.0, "median_education": 3.201, "median_healthcare": 3.876, "median_services": 1.644, "median_commerce": 12.575, "median_entertainment": 1.6015, "PC1_pos": 3.0882480240528691, "nivvie": 26493.876428571431, "rel_education": 2.3040717192333098, "rel_sante": 1.1806591694770987, "rel_services": 1.7995176569705, "rel_commerce": 1.5042792147566422, "rel_loisirs": 0.74260596034789594, "rel_pc1": 1.4752846894587943, "q_revenu": 3, "q_population": 3 }, "geometry": { "type": "Polygon", "coordinates": [ [ [ -0.573577604415236, 44.822960387072271 ], [ -0.573916615529523, 44.824742829629201 ], [ -0.571411647598219, 44.824997394875076 ], [ -0.571072713998555, 44.823214942936943 ], [ -0.573577604415236, 44.822960387072271 ] ] ] } },
{ "type": "Feature", "properties": { "idcar_200m": "CRS3035RES200mN2471600E3486600", "population": 292.5, "median_education": 5.441, "median_healthcare": 2.817, "median_services": 1.376, "median_commerce": 12.945, "median_entertainment": 1.534, "PC1_pos": 2.9837460734742733, "nivvie": 24936.434871794874, "rel_education": 3.9164180644637421, "rel_sante": 0.85807969051005861, "rel_services": 1.5061656301650901, "rel_commerce": 1.5485403129244322, "rel_loisirs": 0.71130661453242106, "rel_pc1": 1.4253631396006141, "q_revenu": 2, "q_population": 3 }, "geometry": { "type": "Polygon", "coordinates": [ [ [ -0.571072713998555, 44.823214942936943 ], [ -0.571411647598219, 44.824997394875076 ], [ -0.568906659268627, 44.82525190022541 ], [ -0.568567803186192, 44.823469438908198 ], [ -0.571072713998555, 44.823214942936943 ] ] ] } },
{ "type": "Feature", "properties": { "idcar_200m": "CRS3035RES200mN2471600E3486800", "population": 350.5, "median_education": 2.853, "median_healthcare": 3.723, "median_services": 1.012, "median_commerce": 11.041, "median_entertainment": 1.3665, "PC1_pos": 2.4294907457174779, "nivvie": 24058.504136947216, "rel_education": 2.0535821977421533, "rel_sante": 1.1340542022608973, "rel_services": 1.1077322803249063, "rel_commerce": 1.3207750942447782, "rel_loisirs": 0.63363786750883533, "rel_pc1": 1.1605902351181963, "q_revenu": 2, "q_population": 4 }, "geometry": { "type": "Polygon", "coordinates": [ [ [ -0.568567803186192, 44.823469438908198 ], [ -0.568906659268627, 44.82525190022541 ], [ -0.566401650545177, 44.825506345679429 ], [ -0.566062871982561, 44.823723874985241 ], [ -0.568567803186192, 44.823469438908198 ] ] ] } },
{ "type": "Feature", "properties": { "idcar_200m": "CRS3035RES200mN2471600E3487000", "population": 417.0, "median_education": 2.027, "median_healthcare": 6.176, "median_services": 0.95, "median_commerce": 8.895, "median_entertainment": 1.551, "PC1_pos": 2.3209782350890995, "nivvie": 23281.679856115108, "rel_education": 1.4590294829384316, "rel_sante": 1.881256715864438, "rel_services": 1.0398672591982816, "rel_commerce": 1.064060724871597, "rel_loisirs": 0.71918941273779979, "rel_pc1": 1.1087528035719141, "q_revenu": 2, "q_population": 4 }, "geometry": { "type": "Polygon", "coordinates": [ [ [ -0.566062871982561, 44.823723874985241 ], [ -0.566401650545177, 44.825506345679429 ], [ -0.563896621432286, 44.82576073123635 ], [ -0.563557920392095, 44.823978251167247 ], [ -0.566062871982561, 44.823723874985241 ] ] ] } },
{ "type": "Feature", "properties": { "idcar_200m": "CRS3035RES200mN2471600E3487200", "population": 297.5, "median_education": 2.588, "median_healthcare": 8.348, "median_services": 1.412, "median_commerce": 9.2, "median_entertainment": 1.609, "PC1_pos": 2.9763786543894621, "nivvie": 28604.752605042017, "rel_education": 1.862835866721589, "rel_sante": 2.5428644857571778, "rel_services": 1.5455711263031302, "rel_commerce": 1.100546224712613, "rel_loisirs": 0.74608366543850413, "rel_pc1": 1.4218436552547991, "q_revenu": 4, "q_population": 3 }, "geometry": { "type": "Polygon", "coordinates": [ [ [ -0.563557920392095, 44.823978251167247 ], [ -0.563896621432286, 44.82576073123635 ], [ -0.561391571934386, 44.8260150568954 ], [ -0.561052948419212, 44.824232567453514 ], [ -0.563557920392095, 44.823978251167247 ] ] ] } },
{ "type": "Feature", "properties": { "idcar_200m": "CRS3035RES200mN2471600E3487400", "population": 467.0, "median_education": 2.223, "median_healthcare": 7.988, "median_services": 1.6955, "median_commerce": 7.51, "median_entertainment": 1.355, "PC1_pos": 3.0011883910009152, "nivvie": 23291.227408993574, "rel_education": 1.6001097881460942, "rel_sante": 2.4332057393661155, "rel_services": 1.8558894083901964, "rel_commerce": 0.89838066821649165, "rel_loisirs": 0.62830538636990252, "rel_pc1": 1.4336954962621633, "q_revenu": 2, "q_population": 5 }, "geometry": { "type": "Polygon", "coordinates": [ [ [ -0.561052948419212, 44.824232567453514 ], [ -0.561391571934386, 44.8260150568954 ], [ -0.558886502055903, 44.826269322655797 ], [ -0.558547956068341, 44.824486823843223 ], [ -0.561052948419212, 44.824232567453514 ] ] ] } },
{ "type": "Feature", "properties": { "idcar_200m": "CRS3035RES200mN2471600E3487600", "population": 286.0, "median_education": 1.014, "median_healthcare": 10.342, "median_services": 2.517, "median_commerce": 6.785, "median_entertainment": 1.789, "PC1_pos": 3.5510941299481336, "nivvie": 20174.587762237759, "rel_education": 0.72987464020699033, "rel_sante": 3.1502520977121145, "rel_services": 2.7551009383179736, "rel_commerce": 0.8116528407255521, "rel_loisirs": 0.82954858761310368, "rel_pc1": 1.6963905618772908, "q_revenu": 1, "q_population": 3 }, "geometry": { "type": "Polygon", "coordinates": [ [ [ -0.558547956068341, 44.824486823843223 ], [ -0.558886502055903, 44.826269322655797 ], [ -0.556381411801248, 44.826523528516745 ], [ -0.556042943343901, 44.824741020335559 ], [ -0.558547956068341, 44.824486823843223 ] ] ] } },
{ "type": "Feature", "properties": { "idcar_200m": "CRS3035RES200mN2471600E3487800", "population": 181.0, "median_education": 0.7445, "median_healthcare": 6.126, "median_services": 1.5995, "median_commerce": 5.154, "median_entertainment": 1.7405, "PC1_pos": 2.3331778634297007, "nivvie": 20215.418784530386, "rel_education": 0.53588922054645394, "rel_sante": 1.8660263344212349, "rel_services": 1.7508080853554226, "rel_commerce": 0.61654513501834862, "rel_loisirs": 0.8070594280271699, "rel_pc1": 1.1145806790429902, "q_revenu": 1, "q_population": 2 }, "geometry": { "type": "Polygon", "coordinates": [ [ [ -0.556042943343901, 44.824741020335559 ], [ -0.556381411801248, 44.826523528516745 ], [ -0.553876301174866, 44.826777674477455 ], [ -0.553537910250323, 44.824995156929788 ], [ -0.556042943343901, 44.824741020335559 ] ] ] } },
{ "type": "Feature", "properties": { "idcar_200m": "CRS3035RES200mN2471600E3488000", "population": 399.0, "median_education": 0.997, "median_healthcare": 2.111, "median_services": 0.604, "median_commerce": 3.691, "median_entertainment": 1.39, "PC1_pos": 1.2136046312175075, "nivvie": 20742.901002506267, "rel_education": 0.71763808312265231, "rel_sante": 0.64302670453203192, "rel_services": 0.66113665742711802, "rel_commerce": 0.4415343603711146, "rel_loisirs": 0.64453467679274123, "rel_pc1": 0.57975017470968004, "q_revenu": 1, "q_population": 4 }, "geometry": { "type": "Polygon", "coordinates": [ [ [ -0.553537910250323, 44.824995156929788 ], [ -0.553876301174866, 44.826777674477455 ], [ -0.551371170181176, 44.827031760537203 ], [ -0.551032856792037, 44.825249233625122 ], [ -0.553537910250323, 44.824995156929788 ] ] ] } },
{ "type": "Feature", "properties": { "idcar_200m": "CRS3035RES200mN2471600E3488200", "population": 17.0, "median_education": 1.023, "median_healthcare": 0.577, "median_services": 0.131, "median_commerce": 4.132, "median_entertainment": 1.152, "PC1_pos": 0.80731539533325081, "nivvie": 22443.941176470587, "rel_education": 0.73635281748693404, "rel_sante": 0.17575860185456291, "rel_services": 0.14339222205786833, "rel_commerce": 0.4942888044035344, "rel_loisirs": 0.53417550191743735, "rel_pc1": 0.38566204301702456, "q_revenu": 2, "q_population": 1 }, "geometry": { "type": "Polygon", "coordinates": [ [ [ -0.551032856792037, 44.825249233625122 ], [ -0.551371170181176, 44.827031760537203 ], [ -0.548866018824598, 44.827285786695143 ], [ -0.548527782973457, 44.825503250420766 ], [ -0.551032856792037, 44.825249233625122 ] ] ] } },
{ "type": "Feature", "properties": { "idcar_200m": "CRS3035RES200mN2471600E3489400", "population": 31.0, "median_education": 0.0, "median_healthcare": 0.0, "median_services": 0.0, "median_commerce": 0.0, "median_entertainment": 0.0, "PC1_pos": 0.00069071322440494853, "nivvie": 19770.093548387096, "rel_education": 0.0, "rel_sante": 0.0, "rel_services": 0.0, "rel_commerce": 0.0, "rel_loisirs": 0.0, "rel_pc1": 0.00032996010580589699, "q_revenu": 1, "q_population": 1 }, "geometry": { "type": "Polygon", "coordinates": [ [ [ -0.536002108631195, 44.826772435876407 ], [ -0.536339956753444, 44.828555018930757 ], [ -0.533834683312553, 44.828808685661642 ], [ -0.533496912743861, 44.827026093257551 ], [ -0.536002108631195, 44.826772435876407 ] ] ] } },
{ "type": "Feature", "properties": { "idcar_200m": "CRS3035RES200mN2471600E3489600", "population": 178.0, "median_education": 0.0, "median_healthcare": 0.0, "median_services": 0.0, "median_commerce": 0.0, "median_entertainment": 0.0, "PC1_pos": 0.0, "nivvie": 18670.548876404497, "rel_education": 0.0, "rel_sante": 0.0, "rel_services": 0.0, "rel_commerce": 0.0, "rel_loisirs": 0.0, "rel_pc1": 0.0, "q_revenu": 1, "q_population": 2 }, "geometry": { "type": "Polygon", "coordinates": [ [ [ -0.533496912743861, 44.827026093257551 ], [ -0.533834683312553, 44.828808685661642 ], [ -0.531329389539775, 44.829062292485233 ], [ -0.530991696527227, 44.827279690733555 ], [ -0.533496912743861, 44.827026093257551 ] ] ] } },
{ "type": "Feature", "properties": { "idcar_200m": "CRS3035RES200mN2471800E3483200", "population": 11.0, "median_education": 0.133, "median_healthcare": 0.082, "median_services": 0.0, "median_commerce": 0.049, "median_entertainment": 0.561, "PC1_pos": 0.15153901266135095, "nivvie": 32741.627272727274, "rel_education": 0.095733064248056929, "rel_sante": 0.024977825566852966, "rel_services": 0.0, "rel_commerce": 0.0058616048924910909, "rel_loisirs": 0.26013234077750208, "rel_pc1": 0.072391590148773027, "q_revenu": 5, "q_population": 1 }, "geometry": { "type": "Polygon", "coordinates": [ [ [ -0.613993324654429, 44.820661640541509 ], [ -0.614333604050848, 44.82244392881551 ], [ -0.611828885614424, 44.822699461699003 ], [ -0.611488683697159, 44.820917164009416 ], [ -0.613993324654429, 44.820661640541509 ] ] ] } },
{ "type": "Feature", "properties": { "idcar_200m": "CRS3035RES200mN2471800E3483400", "population": 21.0, "median_education": 0.173, "median_healthcare": 0.098, "median_services": 0.008, "median_commerce": 0.086, "median_entertainment": 0.924, "PC1_pos": 0.24109521387359001, "nivvie": 18752.690476190477, "rel_education": 0.12452496327002892, "rel_sante": 0.029851547628677935, "rel_services": 0.0087567769195644775, "rel_commerce": 0.010287714709270077, "rel_loisirs": 0.42845326716294463, "rel_pc1": 0.11517341708284105, "q_revenu": 1, "q_population": 1 }, "geometry": { "type": "Polygon", "coordinates": [ [ [ -0.611488683697159, 44.820917164009416 ], [ -0.611828885614424, 44.822699461699003 ], [ -0.609324146706358, 44.822954934697357 ], [ -0.608984022270854, 44.821172627594343 ], [ -0.611488683697159, 44.820917164009416 ] ] ] } },
{ "type": "Feature", "properties": { "idcar_200m": "CRS3035RES200mN2471800E3483600", "population": 310.0, "median_education": 0.2495, "median_healthcare": 0.221, "median_services": 0.031, "median_commerce": 0.2075, "median_entertainment": 1.0835, "PC1_pos": 0.3231560726197118, "nivvie": 22940.120322580646, "rel_education": 0.1795894701495504, "rel_sante": 0.067318285978957379, "rel_services": 0.033932510563312347, "rel_commerce": 0.024822102350855128, "rel_loisirs": 0.50241246208988144, "rel_pc1": 0.15437464948680996, "q_revenu": 2, "q_population": 3 }, "geometry": { "type": "Polygon", "coordinates": [ [ [ -0.608984022270854, 44.821172627594343 ], [ -0.609324146706358, 44.822954934697357 ], [ -0.606819387331073, 44.823210347809869 ], [ -0.606479340379932, 44.821428031295476 ], [ -0.608984022270854, 44.821172627594343 ] ] ] } },
{ "type": "Feature", "properties": { "idcar_200m": "CRS3035RES200mN2471800E3483800", "population": 180.0, "median_education": 0.233, "median_healthcare": 0.501, "median_services": 0.113, "median_commerce": 0.632, "median_entertainment": 0.746, "PC1_pos": 0.33661576028472906, "nivvie": 23951.75611111111, "rel_education": 0.16771281180298694, "rel_sante": 0.15260842206089434, "rel_services": 0.12368947398884825, "rel_commerce": 0.075602740654170802, "rel_loisirs": 0.34591573301250722, "rel_pc1": 0.16080446696987538, "q_revenu": 2, "q_population": 2 }, "geometry": { "type": "Polygon", "coordinates": [ [ [ -0.606479340379932, 44.821428031295476 ], [ -0.606819387331073, 44.823210347809869 ], [ -0.604314607492985, 44.823465701035694 ], [ -0.603974638028819, 44.821683375112052 ], [ -0.606479340379932, 44.821428031295476 ] ] ] } },
{ "type": "Feature", "properties": { "idcar_200m": "CRS3035RES200mN2471800E3484000", "population": 443.0, "median_education": 0.352, "median_healthcare": 0.8275, "median_services": 0.248, "median_commerce": 1.4345, "median_entertainment": 1.011, "PC1_pos": 0.60958881937061804, "nivvie": 20391.153273137697, "rel_education": 0.25336871139335365, "rel_sante": 0.25206281288501009, "rel_services": 0.27146008450649878, "rel_commerce": 0.17160147384241775, "rel_loisirs": 0.46879464621400113, "rel_pc1": 0.29120622601500595, "q_revenu": 1, "q_population": 4 }, "geometry": { "type": "Polygon", "coordinates": [ [ [ -0.603974638028819, 44.821683375112052 ], [ -0.604314607492985, 44.823465701035694 ], [ -0.60180980719652, 44.823720994374064 ], [ -0.601469915221932, 44.821938659043276 ], [ -0.603974638028819, 44.821683375112052 ] ] ] } },
{ "type": "Feature", "properties": { "idcar_200m": "CRS3035RES200mN2471800E3484200", "population": 126.0, "median_education": 0.849, "median_healthcare": 0.802, "median_services": 0.486, "median_commerce": 2.758, "median_entertainment": 1.884, "PC1_pos": 1.1013248467511796, "nivvie": 21078.682539682541, "rel_education": 0.61110805674135582, "rel_sante": 0.24429531834897658, "rel_services": 0.53197419786354194, "rel_commerce": 0.32992461823449853, "rel_loisirs": 0.87359951876080899, "rel_pc1": 0.526113081552401, "q_revenu": 1, "q_population": 2 }, "geometry": { "type": "Polygon", "coordinates": [ [ [ -0.601469915221932, 44.821938659043276 ], [ -0.60180980719652, 44.823720994374064 ], [ -0.599304986446095, 44.823976227824218 ], [ -0.598965171963695, 44.822193883088332 ], [ -0.601469915221932, 44.821938659043276 ] ] ] } },
{ "type": "Feature", "properties": { "idcar_200m": "CRS3035RES200mN2471800E3484400", "population": 289.5, "median_education": 0.645, "median_healthcare": 0.681, "median_services": 0.215, "median_commerce": 1.355, "median_entertainment": 1.487, "PC1_pos": 0.67429831171072618, "nivvie": 28954.737823834195, "rel_education": 0.46426937172929861, "rel_sante": 0.20743779525642525, "rel_services": 0.23533837971329533, "rel_commerce": 0.16209131896582507, "rel_loisirs": 0.68951299596460891, "rel_pc1": 0.3221185499502866, "q_revenu": 4, "q_population": 3 }, "geometry": { "type": "Polygon", "coordinates": [ [ [ -0.598965171963695, 44.822193883088332 ], [ -0.599304986446095, 44.823976227824218 ], [ -0.596800145246134, 44.82423140138534 ], [ -0.596460408258523, 44.822449047246486 ], [ -0.598965171963695, 44.822193883088332 ] ] ] } },
{ "type": "Feature", "properties": { "idcar_200m": "CRS3035RES200mN2471800E3484600", "population": 303.0, "median_education": 0.8595, "median_healthcare": 1.3435, "median_services": 0.238, "median_commerce": 1.247, "median_entertainment": 1.595, "PC1_pos": 0.78895719118750129, "nivvie": 29466.1600660066, "rel_education": 0.61866593023462346, "rel_sante": 0.40924034937886539, "rel_services": 0.26051411335704322, "rel_commerce": 0.14917186328441612, "rel_loisirs": 0.73959194926936878, "rel_pc1": 0.37689215883309818, "q_revenu": 4, "q_population": 3 }, "geometry": { "type": "Polygon", "coordinates": [ [ [ -0.596460408258523, 44.822449047246486 ], [ -0.596800145246134, 44.82423140138534 ], [ -0.594295283601047, 44.824486515056655 ], [ -0.593955624110833, 44.822704151516952 ], [ -0.596460408258523, 44.822449047246486 ] ] ] } },
{ "type": "Feature", "properties": { "idcar_200m": "CRS3035RES200mN2471800E3484800", "population": 318.0, "median_education": 1.095, "median_healthcare": 3.791, "median_services": 0.574, "median_commerce": 2.814, "median_entertainment": 0.866, "PC1_pos": 1.3485273570442151, "nivvie": 28974.012578616352, "rel_education": 0.78817823572648371, "rel_sante": 1.1547675210236534, "rel_services": 0.62829874397875118, "rel_commerce": 0.33662359525448837, "rel_loisirs": 0.40155901446224029, "rel_pc1": 0.64420401071050926, "q_revenu": 4, "q_population": 4 }, "geometry": { "type": "Polygon", "coordinates": [ [ [ -0.593955624110833, 44.822704151516952 ], [ -0.594295283601047, 44.824486515056655 ], [ -0.591790401515275, 44.824741568837403 ], [ -0.591450819525059, 44.82295919589891 ], [ -0.593955624110833, 44.822704151516952 ] ] ] } },
{ "type": "Feature", "properties": { "idcar_200m": "CRS3035RES200mN2471800E3485000", "population": 307.5, "median_education": 1.606, "median_healthcare": 6.4415, "median_services": 1.535, "median_commerce": 7.511, "median_entertainment": 0.627, "PC1_pos": 2.4999908825261188, "nivvie": 30185.672520325206, "rel_education": 1.1559947457321762, "rel_sante": 1.9621300413278457, "rel_services": 1.6802065714414343, "rel_commerce": 0.89850029280613442, "rel_loisirs": 0.29073614557485528, "rel_pc1": 1.1942688035584483, "q_revenu": 4, "q_population": 3 }, "geometry": { "type": "Polygon", "coordinates": [ [ [ -0.591450819525059, 44.82295919589891 ], [ -0.591790401515275, 44.824741568837403 ], [ -0.589285498993225, 44.824996562726753 ], [ -0.588945994505615, 44.823214180391602 ], [ -0.591450819525059, 44.82295919589891 ] ] ] } },
{ "type": "Feature", "properties": { "idcar_200m": "CRS3035RES200mN2471800E3485200", "population": 297.0, "median_education": 3.076, "median_healthcare": 3.3785, "median_services": 2.06, "median_commerce": 7.2145, "median_entertainment": 0.676, "PC1_pos": 2.8633352187496079, "nivvie": 32005.95925925926, "rel_education": 2.2140970347896469, "rel_sante": 1.0291168741172285, "rel_services": 2.254870056787853, "rel_commerce": 0.86303160197708118, "rel_loisirs": 0.31345715216682962, "rel_pc1": 1.3678417588577489, "q_revenu": 5, "q_population": 3 }, "geometry": { "type": "Polygon", "coordinates": [ [ [ -0.588945994505615, 44.823214180391602 ], [ -0.589285498993225, 44.824996562726753 ], [ -0.586780576039321, 44.825251496723979 ], [ -0.586441149056918, 44.823469104994246 ], [ -0.588945994505615, 44.823214180391602 ] ] ] } },
{ "type": "Feature", "properties": { "idcar_200m": "CRS3035RES200mN2471800E3485400", "population": 463.0, "median_education": 5.8655, "median_healthcare": 2.6665, "median_services": 1.5635, "median_commerce": 6.3055, "median_entertainment": 1.636, "PC1_pos": 2.857009321813349, "nivvie": 31411.485745140391, "rel_education": 4.2219720928344211, "rel_sante": 0.81223624236601744, "rel_services": 1.7114025892173825, "rel_commerce": 0.75429284999188928, "rel_loisirs": 0.75860340376469404, "rel_pc1": 1.3648198192905669, "q_revenu": 4, "q_population": 5 }, "geometry": { "type": "Polygon", "coordinates": [ [ [ -0.586441149056918, 44.823469104994246 ], [ -0.586780576039321, 44.825251496723979 ], [ -0.584275632657995, 44.825506370828258 ], [ -0.583936283183399, 44.823723969706037 ], [ -0.586441149056918, 44.823469104994246 ] ] ] } },
{ "type": "Feature", "properties": { "idcar_200m": "CRS3035RES200mN2471800E3485600", "population": 202.0, "median_education": 10.048, "median_healthcare": 1.996, "median_services": 1.03, "median_commerce": 5.792, "median_entertainment": 4.037, "PC1_pos": 3.489845803046383, "nivvie": 31735.547524752474, "rel_education": 7.2325250343193677, "rel_sante": 0.60799682721266479, "rel_services": 1.1274350283939265, "rel_commerce": 0.69286562321037548, "rel_loisirs": 1.8719327267714365, "rel_pc1": 1.667131668734849, "q_revenu": 5, "q_population": 2 }, "geometry": { "type": "Polygon", "coordinates": [ [ [ -0.583936283183399, 44.823723969706037 ], [ -0.584275632657995, 44.825506370828258 ], [ -0.581770668853663, 44.825761185038814 ], [ -0.581431396889482, 44.823978774526203 ], [ -0.583936283183399, 44.823723969706037 ] ] ] } },
{ "type": "Feature", "properties": { "idcar_200m": "CRS3035RES200mN2471800E3485800", "population": 53.5, "median_education": 11.7255, "median_healthcare": 1.863, "median_services": 1.06, "median_commerce": 6.5585, "median_entertainment": 5.5015, "PC1_pos": 3.9096213261494634, "nivvie": 44347.431775700934, "rel_education": 8.4399852995533191, "rel_sante": 0.56748401257374481, "rel_services": 1.1602729418422932, "rel_commerce": 0.78455787117148612, "rel_loisirs": 2.5510126074642203, "rel_pc1": 1.8676623247638315, "q_revenu": 5, "q_population": 1 }, "geometry": { "type": "Polygon", "coordinates": [ [ [ -0.581431396889482, 44.823978774526203 ], [ -0.581770668853663, 44.825761185038814 ], [ -0.579265684630745, 44.826015939354882 ], [ -0.578926490179575, 44.82423351945399 ], [ -0.581431396889482, 44.823978774526203 ] ] ] } },
{ "type": "Feature", "properties": { "idcar_200m": "CRS3035RES200mN2471800E3486000", "population": 384.5, "median_education": 5.124, "median_healthcare": 2.032, "median_services": 1.287, "median_commerce": 9.456, "median_entertainment": 3.039, "PC1_pos": 2.9435342366607191, "nivvie": 29362.34356306892, "rel_education": 3.6882422647146136, "rel_sante": 0.61896270185177105, "rel_services": 1.4087464869349353, "rel_commerce": 1.1311701196611379, "rel_loisirs": 1.4091661027144899, "rel_pc1": 1.4061535726474397, "q_revenu": 4, "q_population": 4 }, "geometry": { "type": "Polygon", "coordinates": [ [ [ -0.578926490179575, 44.82423351945399 ], [ -0.579265684630745, 44.826015939354882 ], [ -0.576760679993672, 44.826270633775643 ], [ -0.576421563058116, 44.824488204488574 ], [ -0.578926490179575, 44.82423351945399 ] ] ] } },
{ "type": "Feature", "properties": { "idcar_200m": "CRS3035RES200mN2471800E3486200", "population": 459.5, "median_education": 3.5985, "median_healthcare": 1.8445, "median_services": 1.2295, "median_commerce": 7.345, "median_entertainment": 2.118, "PC1_pos": 2.3655815556381534, "nivvie": 23703.163220892275, "rel_education": 2.5901912157641567, "rel_sante": 0.56184877143975964, "rel_services": 1.3458071528255657, "rel_commerce": 0.87864261092545037, "rel_loisirs": 0.9821039175877887, "rel_pc1": 1.1300602229865913, "q_revenu": 2, "q_population": 5 }, "geometry": { "type": "Polygon", "coordinates": [ [ [ -0.576421563058116, 44.824488204488574 ], [ -0.576760679993672, 44.826270633775643 ], [ -0.57425565494686, 44.826525268300365 ], [ -0.573916615529523, 44.824742829629201 ], [ -0.576421563058116, 44.824488204488574 ] ] ] } },
{ "type": "Feature", "properties": { "idcar_200m": "CRS3035RES200mN2471800E3486400", "population": 416.5, "median_education": 3.89, "median_healthcare": 3.054, "median_services": 2.27, "median_commerce": 12.114, "median_entertainment": 1.737, "PC1_pos": 3.4543763080252017, "nivvie": 23407.546218487394, "rel_education": 2.8000121798867776, "rel_sante": 0.9302716985508408, "rel_services": 2.4847354509264203, "rel_commerce": 1.449132278931369, "rel_loisirs": 0.80543649898488612, "rel_pc1": 1.6501875623871627, "q_revenu": 2, "q_population": 4 }, "geometry": { "type": "Polygon", "coordinates": [ [ [ -0.573916615529523, 44.824742829629201 ], [ -0.57425565494686, 44.826525268300365 ], [ -0.571750609494741, 44.826779842928232 ], [ -0.571411647598219, 44.824997394875076 ], [ -0.573916615529523, 44.824742829629201 ] ] ] } },
{ "type": "Feature", "properties": { "idcar_200m": "CRS3035RES200mN2471800E3486600", "population": 629.5, "median_education": 3.481, "median_healthcare": 3.954, "median_services": 2.109, "median_commerce": 18.022, "median_entertainment": 1.537, "PC1_pos": 4.0208956925754977, "nivvie": 19586.03018268467, "rel_education": 2.5056150123871137, "rel_sante": 1.2044185645284955, "rel_services": 2.3085053154201853, "rel_commerce": 2.1558743545402943, "rel_loisirs": 0.71269769656866433, "rel_pc1": 1.9208191204094478, "q_revenu": 1, "q_population": 5 }, "geometry": { "type": "Polygon", "coordinates": [ [ [ -0.571411647598219, 44.824997394875076 ], [ -0.571750609494741, 44.826779842928232 ], [ -0.56924554364174, 44.827034357658484 ], [ -0.568906659268627, 44.82525190022541 ], [ -0.571411647598219, 44.824997394875076 ] ] ] } },
{ "type": "Feature", "properties": { "idcar_200m": "CRS3035RES200mN2471800E3486800", "population": 538.5, "median_education": 2.449, "median_healthcare": 7.056, "median_services": 2.101, "median_commerce": 22.519, "median_entertainment": 1.779, "PC1_pos": 4.2977744961098798, "nivvie": 21370.168430826368, "rel_education": 1.7627840176202361, "rel_sante": 2.1493114292648112, "rel_services": 2.2997485385006211, "rel_commerce": 2.6938261341634053, "rel_loisirs": 0.82491164749229262, "rel_pc1": 2.0530866897589717, "q_revenu": 1, "q_population": 5 }, "geometry": { "type": "Polygon", "coordinates": [ [ [ -0.568906659268627, 44.82525190022541 ], [ -0.56924554364174, 44.827034357658484 ], [ -0.566740457392278, 44.827288812490266 ], [ -0.566401650545177, 44.825506345679429 ], [ -0.568906659268627, 44.82525190022541 ] ] ] } },
{ "type": "Feature", "properties": { "idcar_200m": "CRS3035RES200mN2471800E3487000", "population": 477.5, "median_education": 3.155, "median_healthcare": 11.966, "median_services": 1.935, "median_commerce": 13.631, "median_entertainment": 3.291, "PC1_pos": 4.1454374506285356, "nivvie": 23751.152460732985, "rel_education": 2.2709610353580421, "rel_sante": 3.6449348869873481, "rel_services": 2.1180454174196579, "rel_commerce": 1.6306027814193074, "rel_loisirs": 1.5260169937589292, "rel_pc1": 1.980313871939412, "q_revenu": 2, "q_population": 5 }, "geometry": { "type": "Polygon", "coordinates": [ [ [ -0.566401650545177, 44.825506345679429 ], [ -0.566740457392278, 44.827288812490266 ], [ -0.564235350750771, 44.827543207422899 ], [ -0.563896621432286, 44.82576073123635 ], [ -0.566401650545177, 44.825506345679429 ] ] ] } },
{ "type": "Feature", "properties": { "idcar_200m": "CRS3035RES200mN2471800E3487200", "population": 514.0, "median_education": 3.2645, "median_healthcare": 15.3815, "median_services": 1.987, "median_commerce": 11.871, "median_entertainment": 3.9085, "PC1_pos": 4.7391473701411106, "nivvie": 20444.320622568095, "rel_education": 2.3497788589306903, "rel_sante": 4.6853222433725472, "rel_services": 2.1749644673968271, "rel_commerce": 1.4200635036481988, "rel_loisirs": 1.812348046219014, "rel_pc1": 2.2639346003960719, "q_revenu": 1, "q_population": 5 }, "geometry": { "type": "Polygon", "coordinates": [ [ [ -0.563896621432286, 44.82576073123635 ], [ -0.564235350750771, 44.827543207422899 ], [ -0.561730223721665, 44.827797542455542 ], [ -0.561391571934386, 44.8260150568954 ], [ -0.563896621432286, 44.82576073123635 ] ] ] } },
{ "type": "Feature", "properties": { "idcar_200m": "CRS3035RES200mN2471800E3487400", "population": 999.0, "median_education": 1.6825, "median_healthcare": 19.4165, "median_services": 3.082, "median_commerce": 9.648, "median_entertainment": 3.361, "PC1_pos": 5.3703962502768707, "nivvie": 18922.385185185187, "rel_education": 1.2110592526116977, "rel_sante": 5.9144140258390312, "rel_services": 3.3735483082622149, "rel_commerce": 1.1541380408725315, "rel_loisirs": 1.5584755746046068, "rel_pc1": 2.5654880380892462, "q_revenu": 1, "q_population": 5 }, "geometry": { "type": "Polygon", "coordinates": [ [ [ -0.561391571934386, 44.8260150568954 ], [ -0.561730223721665, 44.827797542455542 ], [ -0.559225076309371, 44.828051817587422 ], [ -0.558886502055903, 44.826269322655797 ], [ -0.561391571934386, 44.8260150568954 ] ] ] } },
{ "type": "Feature", "properties": { "idcar_200m": "CRS3035RES200mN2471800E3487600", "population": 421.0, "median_education": 1.107, "median_healthcare": 13.094, "median_services": 4.099, "median_commerce": 9.527, "median_entertainment": 4.17, "PC1_pos": 5.3934976947552355, "nivvie": 20042.447268408552, "rel_education": 0.79681580543307529, "rel_sante": 3.9885322923460085, "rel_services": 4.4867535741618498, "rel_commerce": 1.1396634655257678, "rel_loisirs": 1.9336040303782238, "rel_pc1": 2.5765238121196585, "q_revenu": 1, "q_population": 4 }, "geometry": { "type": "Polygon", "coordinates": [ [ [ -0.558886502055903, 44.826269322655797 ], [ -0.559225076309371, 44.828051817587422 ], [ -0.556719908518318, 44.82830603281775 ], [ -0.556381411801248, 44.826523528516745 ], [ -0.558886502055903, 44.826269322655797 ] ] ] } },
{ "type": "Feature", "properties": { "idcar_200m": "CRS3035RES200mN2471800E3487800", "population": 43.0, "median_education": 0.71, "median_healthcare": 5.636, "median_services": 1.709, "median_commerce": 4.554, "median_entertainment": 2.607, "PC1_pos": 2.5729614721853054, "nivvie": 18635.162790697676, "rel_education": 0.51105620764000304, "rel_sante": 1.7167685962778449, "rel_services": 1.8706664694419617, "rel_commerce": 0.54477038123274346, "rel_loisirs": 1.2088502894954509, "rel_pc1": 1.2291275302107527, "q_revenu": 1, "q_population": 1 }, "geometry": { "type": "Polygon", "coordinates": [ [ [ -0.556381411801248, 44.826523528516745 ], [ -0.556719908518318, 44.82830603281775 ], [ -0.554214720352932, 44.828560188145801 ], [ -0.553876301174866, 44.826777674477455 ], [ -0.556381411801248, 44.826523528516745 ] ] ] } },
{ "type": "Feature", "properties": { "idcar_200m": "CRS3035RES200mN2471800E3488000", "population": 92.5, "median_education": 0.923, "median_healthcare": 1.713, "median_services": 0.467, "median_commerce": 3.776, "median_entertainment": 1.69, "PC1_pos": 1.206579621114521, "nivvie": 15960.176216216216, "rel_education": 0.66437306993200407, "rel_sante": 0.52179286824413573, "rel_services": 0.51117685267957635, "rel_commerce": 0.45170245049074198, "rel_loisirs": 0.78364288041707397, "rel_pc1": 0.57639426230643076, "q_revenu": 1, "q_population": 1 }, "geometry": { "type": "Polygon", "coordinates": [ [ [ -0.553876301174866, 44.826777674477455 ], [ -0.554214720352932, 44.828560188145801 ], [ -0.551709511817649, 44.828814283570729 ], [ -0.551371170181176, 44.827031760537203 ], [ -0.553876301174866, 44.826777674477455 ] ] ] } },
{ "type": "Feature", "properties": { "idcar_200m": "CRS3035RES200mN2471800E3489000", "population": 2.0, "median_education": 0.122, "median_healthcare": 0.0, "median_services": 0.0, "median_commerce": 0.022, "median_entertainment": 0.0, "PC1_pos": 0.019238946977859328, "nivvie": 25973.1, "rel_education": 0.087815292017014615, "rel_sante": 0.0, "rel_services": 0.0, "rel_commerce": 0.0026317409721388569, "rel_loisirs": 0.0, "rel_pc1": 0.0091906231936957627, "q_revenu": 3, "q_population": 1 }, "geometry": { "type": "Polygon", "coordinates": [ [ [ -0.541350442621852, 44.828047505750462 ], [ -0.541688474065994, 44.829830066223799 ], [ -0.539183163747599, 44.830083862121526 ], [ -0.538845209858019, 44.828301292293482 ], [ -0.541350442621852, 44.828047505750462 ] ] ] } },
{ "type": "Feature", "properties": { "idcar_200m": "CRS3035RES200mN2471800E3489200", "population": 75.5, "median_education": 0.022, "median_healthcare": 0.0, "median_services": 0.0, "median_commerce": 0.0, "median_entertainment": 0.0, "PC1_pos": 0.0040251594552604963, "nivvie": 25253.357615894041, "rel_education": 0.015835544462084603, "rel_sante": 0.0, "rel_services": 0.0, "rel_commerce": 0.0, "rel_loisirs": 0.0, "rel_pc1": 0.0019228559593419661, "q_revenu": 2, "q_population": 1 }, "geometry": { "type": "Polygon", "coordinates": [ [ [ -0.538845209858019, 44.828301292293482 ], [ -0.539183163747599, 44.830083862121526 ], [ -0.536677833085865, 44.830337598111441 ], [ -0.536339956753444, 44.828555018930757 ], [ -0.538845209858019, 44.828301292293482 ] ] ] } },
{ "type": "Feature", "properties": { "idcar_200m": "CRS3035RES200mN2471800E3489400", "population": 26.0, "median_education": 0.0, "median_healthcare": 0.0, "median_services": 0.0, "median_commerce": 0.0, "median_entertainment": 0.0, "PC1_pos": 0.00058862429178674347, "nivvie": 23907.146153846155, "rel_education": 0.0, "rel_sante": 0.0, "rel_services": 0.0, "rel_commerce": 0.0, "rel_loisirs": 0.0, "rel_pc1": 0.00028119127698068668, "q_revenu": 2, "q_population": 1 }, "geometry": { "type": "Polygon", "coordinates": [ [ [ -0.536339956753444, 44.828555018930757 ], [ -0.536677833085865, 44.830337598111441 ], [ -0.534172482085224, 44.830591274192805 ], [ -0.533834683312553, 44.828808685661642 ], [ -0.536339956753444, 44.828555018930757 ] ] ] } },
{ "type": "Feature", "properties": { "idcar_200m": "CRS3035RES200mN2472000E3483000", "population": 230.0, "median_education": 0.192, "median_healthcare": 0.131, "median_services": 0.0, "median_commerce": 0.096, "median_entertainment": 0.417, "PC1_pos": 0.13337255322791242, "nivvie": 28253.182173913046, "rel_education": 0.13820111530546564, "rel_sante": 0.03990359938119193, "rel_services": 0.0, "rel_commerce": 0.011483960605696831, "rel_loisirs": 0.1933604030378224, "rel_pc1": 0.063713304190168504, "q_revenu": 4, "q_population": 3 }, "geometry": { "type": "Polygon", "coordinates": [ [ [ -0.616838302011213, 44.822188336047731 ], [ -0.61717868729568, 44.823970611004846 ], [ -0.614673911852589, 44.824226213191118 ], [ -0.614333604050848, 44.82244392881551 ], [ -0.616838302011213, 44.822188336047731 ] ] ] } },
{ "type": "Feature", "properties": { "idcar_200m": "CRS3035RES200mN2472000E3483200", "population": 179.5, "median_education": 0.509, "median_healthcare": 0.379, "median_services": 0.0, "median_commerce": 0.206, "median_entertainment": 1.257, "PC1_pos": 0.35734788968031528, "nivvie": 30850.16323119777, "rel_education": 0.3663769150545938, "rel_sante": 0.11544629133947895, "rel_services": 0.0, "rel_commerce": 0.024642665466391114, "rel_loisirs": 0.58286337318595383, "rel_pc1": 0.17070839723679987, "q_revenu": 4, "q_population": 2 }, "geometry": { "type": "Polygon", "coordinates": [ [ [ -0.614333604050848, 44.82244392881551 ], [ -0.614673911852589, 44.824226213191118 ], [ -0.612169115930831, 44.824481755490922 ], [ -0.611828885614424, 44.822699461699003 ], [ -0.614333604050848, 44.82244392881551 ] ] ] } },
{ "type": "Feature", "properties": { "idcar_200m": "CRS3035RES200mN2472000E3483400", "population": 114.5, "median_education": 0.293, "median_healthcare": 0.306, "median_services": 0.0, "median_commerce": 0.139, "median_entertainment": 1.609, "PC1_pos": 0.3822301551916476, "nivvie": 21174.11179039301, "rel_education": 0.21090066033594493, "rel_sante": 0.093209934432402525, "rel_services": 0.0, "rel_commerce": 0.016627817960331873, "rel_loisirs": 0.74608366543850413, "rel_pc1": 0.1825948859715171, "q_revenu": 1, "q_population": 1 }, "geometry": { "type": "Polygon", "coordinates": [ [ [ -0.611828885614424, 44.822699461699003 ], [ -0.612169115930831, 44.824481755490922 ], [ -0.609664299534821, 44.824737237903598 ], [ -0.609324146706358, 44.822954934697357 ], [ -0.611828885614424, 44.822699461699003 ] ] ] } },
{ "type": "Feature", "properties": { "idcar_200m": "CRS3035RES200mN2472000E3483600", "population": 72.5, "median_education": 0.592, "median_healthcare": 0.4095, "median_services": 0.015, "median_commerce": 0.154, "median_entertainment": 1.94, "PC1_pos": 0.50392863925906273, "nivvie": 20063.824827586206, "rel_education": 0.4261201055251857, "rel_sante": 0.12473682401983278, "rel_services": 0.016418956724183396, "rel_commerce": 0.018422186804971999, "rel_loisirs": 0.89956638343735118, "rel_pc1": 0.24073137917952794, "q_revenu": 1, "q_population": 1 }, "geometry": { "type": "Polygon", "coordinates": [ [ [ -0.609324146706358, 44.822954934697357 ], [ -0.609664299534821, 44.824737237903598 ], [ -0.607159462668983, 44.824992660428222 ], [ -0.606819387331073, 44.823210347809869 ], [ -0.609324146706358, 44.822954934697357 ] ] ] } },
{ "type": "Feature", "properties": { "idcar_200m": "CRS3035RES200mN2472000E3484000", "population": 14.0, "median_education": 0.316, "median_healthcare": 1.8945, "median_services": 0.109, "median_commerce": 0.7075, "median_entertainment": 1.2985, "PC1_pos": 0.60807606201437592, "nivvie": 32934.385714285716, "rel_education": 0.22745600227357884, "rel_sante": 0.57707915288296263, "rel_services": 0.11931108552906601, "rel_commerce": 0.084634397172192788, "rel_loisirs": 0.60210667468731982, "rel_pc1": 0.2904835678123136, "q_revenu": 5, "q_population": 1 }, "geometry": { "type": "Polygon", "coordinates": [ [ [ -0.604314607492985, 44.823465701035694 ], [ -0.604654605337741, 44.825248023064141 ], [ -0.602149727545509, 44.825503325810459 ], [ -0.60180980719652, 44.823720994374064 ], [ -0.604314607492985, 44.823465701035694 ] ] ] } },
{ "type": "Feature", "properties": { "idcar_200m": "CRS3035RES200mN2472000E3484400", "population": 239.0, "median_education": 0.963, "median_healthcare": 1.5, "median_services": 0.187, "median_commerce": 1.276, "median_entertainment": 2.367, "PC1_pos": 0.89165753528142222, "nivvie": 25412.717154811719, "rel_education": 0.69316496895397606, "rel_sante": 0.45691144329609079, "rel_services": 0.20468966049481965, "rel_commerce": 0.15264097638405372, "rel_loisirs": 1.0975637265959848, "rel_pc1": 0.425953064584144, "q_revenu": 2, "q_population": 3 }, "geometry": { "type": "Polygon", "coordinates": [ [ [ -0.599304986446095, 44.823976227824218 ], [ -0.599644829296713, 44.825758568666508 ], [ -0.597139910595771, 44.826013751631386 ], [ -0.596800145246134, 44.82423140138534 ], [ -0.599304986446095, 44.823976227824218 ] ] ] } },
{ "type": "Feature", "properties": { "idcar_200m": "CRS3035RES200mN2472000E3484600", "population": 165.0, "median_education": 0.999, "median_healthcare": 1.3015, "median_services": 0.197, "median_commerce": 1.403, "median_entertainment": 1.544, "PC1_pos": 0.77913753058068647, "nivvie": 28127.814545454548, "rel_education": 0.71907767807375089, "rel_sante": 0.39644682896657474, "rel_services": 0.21563563164427527, "rel_commerce": 0.16783329926867349, "rel_loisirs": 0.71594355465323212, "rel_pc1": 0.37220121599557832, "q_revenu": 3, "q_population": 2 }, "geometry": { "type": "Polygon", "coordinates": [ [ [ -0.596800145246134, 44.82423140138534 ], [ -0.597139910595771, 44.826013751631386 ], [ -0.594634971447107, 44.826268874704382 ], [ -0.594295283601047, 44.824486515056655 ], [ -0.596800145246134, 44.82423140138534 ] ] ] } },
{ "type": "Feature", "properties": { "idcar_200m": "CRS3035RES200mN2472000E3484800", "population": 317.5, "median_education": 1.091, "median_healthcare": 3.7305, "median_services": 0.522, "median_commerce": 2.829, "median_entertainment": 1.2015, "PC1_pos": 1.2426309312667223, "nivvie": 32494.429291338583, "rel_education": 0.78529904582428667, "rel_sante": 1.1363387594773779, "rel_services": 0.57137969400158217, "rel_commerce": 0.33841796409912844, "rel_loisirs": 0.55712835551545226, "rel_pc1": 0.59361630713192193, "q_revenu": 5, "q_population": 4 }, "geometry": { "type": "Polygon", "coordinates": [ [ [ -0.594295283601047, 44.824486515056655 ], [ -0.594634971447107, 44.826268874704382 ], [ -0.592130011855144, 44.826523937884716 ], [ -0.591790401515275, 44.824741568837403 ], [ -0.594295283601047, 44.824486515056655 ] ] ] } },
{ "type": "Feature", "properties": { "idcar_200m": "CRS3035RES200mN2472000E3485000", "population": 206.5, "median_education": 2.306, "median_healthcare": 6.1515, "median_services": 2.066, "median_commerce": 7.996, "median_entertainment": 1.0075, "PC1_pos": 3.179707946637865, "nivvie": 30575.846489104115, "rel_education": 1.6598529786166862, "rel_sante": 1.8737938289572686, "rel_services": 2.261437639477526, "rel_commerce": 0.95651821878283194, "rel_loisirs": 0.46717171717171713, "rel_pc1": 1.5189759417279876, "q_revenu": 4, "q_population": 2 }, "geometry": { "type": "Polygon", "coordinates": [ [ [ -0.591790401515275, 44.824741568837403 ], [ -0.592130011855144, 44.826523937884716 ], [ -0.589625031824308, 44.826778941171575 ], [ -0.589285498993225, 44.824996562726753 ], [ -0.591790401515275, 44.824741568837403 ] ] ] } },
{ "type": "Feature", "properties": { "idcar_200m": "CRS3035RES200mN2472000E3485200", "population": 344.5, "median_education": 3.952, "median_healthcare": 5.103, "median_services": 3.586, "median_commerce": 12.471, "median_entertainment": 1.117, "PC1_pos": 4.1737804905665969, "nivvie": 28325.425834542813, "rel_education": 2.8446396233708344, "rel_sante": 1.5544127300933008, "rel_services": 3.925225254194777, "rel_commerce": 1.491838257433804, "rel_loisirs": 0.51794621149459863, "rel_pc1": 1.9938536046770909, "q_revenu": 4, "q_population": 4 }, "geometry": { "type": "Polygon", "coordinates": [ [ [ -0.589285498993225, 44.824996562726753 ], [ -0.589625031824308, 44.826778941171575 ], [ -0.587120031359009, 44.827033884564173 ], [ -0.586780576039321, 44.825251496723979 ], [ -0.589285498993225, 44.824996562726753 ] ] ] } },
{ "type": "Feature", "properties": { "idcar_200m": "CRS3035RES200mN2472000E3485400", "population": 348.0, "median_education": 3.935, "median_healthcare": 2.724, "median_services": 0.988, "median_commerce": 7.032, "median_entertainment": 1.484, "PC1_pos": 2.2452862126378115, "nivvie": 27542.829885057472, "rel_education": 2.8324030662864961, "rel_sante": 0.829751181025701, "rel_services": 1.081461949566213, "rel_commerce": 0.84120011436729292, "rel_loisirs": 0.68812191392836553, "rel_pc1": 1.0725940232644926, "q_revenu": 3, "q_population": 4 }, "geometry": { "type": "Polygon", "coordinates": [ [ [ -0.586780576039321, 44.825251496723979 ], [ -0.587120031359009, 44.827033884564173 ], [ -0.584615010463684, 44.82728876806172 ], [ -0.584275632657995, 44.825506370828258 ], [ -0.586780576039321, 44.825251496723979 ] ] ] } },
{ "type": "Feature", "properties": { "idcar_200m": "CRS3035RES200mN2472000E3485600", "population": 200.5, "median_education": 4.537, "median_healthcare": 1.362, "median_services": 0.544, "median_commerce": 3.808, "median_entertainment": 2.377, "PC1_pos": 2.0136426166676054, "nivvie": 36642.355112219455, "rel_education": 3.2657211465671749, "rel_sante": 0.4148755905128505, "rel_services": 0.59546083053038457, "rel_commerce": 0.45553043735930759, "rel_loisirs": 1.1022006667167956, "rel_pc1": 0.96193573161033308, "q_revenu": 5, "q_population": 2 }, "geometry": { "type": "Polygon", "coordinates": [ [ [ -0.584275632657995, 44.825506370828258 ], [ -0.584615010463684, 44.82728876806172 ], [ -0.58210996914275, 44.827543591663478 ], [ -0.581770668853663, 44.825761185038814 ], [ -0.584275632657995, 44.825506370828258 ] ] ] } },
{ "type": "Feature", "properties": { "idcar_200m": "CRS3035RES200mN2472000E3485800", "population": 251.0, "median_education": 5.603, "median_healthcare": 1.85, "median_services": 0.922, "median_commerce": 6.0445, "median_entertainment": 3.537, "PC1_pos": 2.6748325919241993, "nivvie": 36337.661354581673, "rel_education": 4.0330252555027286, "rel_sante": 0.56352411339851205, "rel_services": 1.0092185399798062, "rel_commerce": 0.72307083209515099, "rel_loisirs": 1.6400857207308821, "rel_pc1": 1.2777923078057796, "q_revenu": 5, "q_population": 3 }, "geometry": { "type": "Polygon", "coordinates": [ [ [ -0.581770668853663, 44.825761185038814 ], [ -0.58210996914275, 44.827543591663478 ], [ -0.579604907400632, 44.827798355368657 ], [ -0.579265684630745, 44.826015939354882 ], [ -0.581770668853663, 44.825761185038814 ] ] ] } },
{ "type": "Feature", "properties": { "idcar_200m": "CRS3035RES200mN2472000E3486000", "population": 666.0, "median_education": 3.381, "median_healthcare": 1.849, "median_services": 1.459, "median_commerce": 6.603, "median_entertainment": 2.511, "PC1_pos": 2.5434088872977201, "nivvie": 26603.449249249246, "rel_education": 2.4336352648321835, "rel_sante": 0.56321950576964797, "rel_services": 1.5970171907055717, "rel_commerce": 0.78988116541058517, "rel_loisirs": 1.1643356643356644, "rel_pc1": 1.2150099866459165, "q_revenu": 3, "q_population": 5 }, "geometry": { "type": "Polygon", "coordinates": [ [ [ -0.579265684630745, 44.826015939354882 ], [ -0.579604907400632, 44.827798355368657 ], [ -0.577099825241752, 44.828053059176405 ], [ -0.576760679993672, 44.826270633775643 ], [ -0.579265684630745, 44.826015939354882 ] ] ] } },
{ "type": "Feature", "properties": { "idcar_200m": "CRS3035RES200mN2472000E3486200", "population": 388.0, "median_education": 3.655, "median_healthcare": 3.658, "median_services": 3.441, "median_commerce": 12.833, "median_entertainment": 4.325, "PC1_pos": 4.6488402547416463, "nivvie": 20666.088917525773, "rel_education": 2.6308597731326921, "rel_sante": 1.1142547063847335, "rel_services": 3.7665086725276709, "rel_commerce": 1.5351423588844524, "rel_loisirs": 2.0054766022507957, "rel_pc1": 2.2207940547985796, "q_revenu": 1, "q_population": 4 }, "geometry": { "type": "Polygon", "coordinates": [ [ [ -0.576760679993672, 44.826270633775643 ], [ -0.577099825241752, 44.828053059176405 ], [ -0.57459472267054, 44.828307703085997 ], [ -0.57425565494686, 44.826525268300365 ], [ -0.576760679993672, 44.826270633775643 ] ] ] } },
{ "type": "Feature", "properties": { "idcar_200m": "CRS3035RES200mN2472000E3486400", "population": 538.5, "median_education": 4.0465, "median_healthcare": 5.4455, "median_services": 4.604, "median_commerce": 20.3365, "median_entertainment": 3.1865, "PC1_pos": 6.0818326938625988, "nivvie": 21905.672794800372, "rel_education": 2.9126604848102433, "rel_sante": 1.6587408429792416, "rel_services": 5.0395251172093571, "rel_commerce": 2.4327454672682669, "rel_loisirs": 1.4775609694964533, "rel_pc1": 2.9053478176699139, "q_revenu": 2, "q_population": 5 }, "geometry": { "type": "Polygon", "coordinates": [ [ [ -0.57425565494686, 44.826525268300365 ], [ -0.57459472267054, 44.828307703085997 ], [ -0.572089599691417, 44.828562287096659 ], [ -0.571750609494741, 44.826779842928232 ], [ -0.57425565494686, 44.826525268300365 ] ] ] } },
{ "type": "Feature", "properties": { "idcar_200m": "CRS3035RES200mN2472000E3486600", "population": 586.5, "median_education": 3.1455, "median_healthcare": 7.3405, "median_services": 4.532, "median_commerce": 30.5775, "median_entertainment": 2.9135, "PC1_pos": 6.9807214905429724, "nivvie": 19438.242455242966, "rel_education": 2.2641229593403236, "rel_sante": 2.2359722996766367, "rel_services": 4.9607141249332765, "rel_commerce": 3.6578208897989049, "rel_loisirs": 1.3509725041983107, "rel_pc1": 3.3347553228120241, "q_revenu": 1, "q_population": 5 }, "geometry": { "type": "Polygon", "coordinates": [ [ [ -0.571750609494741, 44.826779842928232 ], [ -0.572089599691417, 44.828562287096659 ], [ -0.569584456308809, 44.828816811207588 ], [ -0.56924554364174, 44.827034357658484 ], [ -0.571750609494741, 44.826779842928232 ] ] ] } },
{ "type": "Feature", "properties": { "idcar_200m": "CRS3035RES200mN2472000E3486800", "population": 627.0, "median_education": 2.256, "median_healthcare": 10.6725, "median_services": 4.185, "median_commerce": 50.8375, "median_entertainment": 2.929, "PC1_pos": 8.2448082290606113, "nivvie": 19632.103668261563, "rel_education": 1.6238631048392209, "rel_sante": 3.2509249190516858, "rel_services": 4.5808889260471677, "rel_commerce": 6.0814150759595069, "rel_loisirs": 1.3581597613855678, "rel_pc1": 3.9386212678262411, "q_revenu": 1, "q_population": 5 }, "geometry": { "type": "Polygon", "coordinates": [ [ [ -0.56924554364174, 44.827034357658484 ], [ -0.569584456308809, 44.828816811207588 ], [ -0.567079292527142, 44.829071275417981 ], [ -0.566740457392278, 44.827288812490266 ], [ -0.56924554364174, 44.827034357658484 ] ] ] } },
{ "type": "Feature", "properties": { "idcar_200m": "CRS3035RES200mN2472000E3487000", "population": 414.0, "median_education": 2.15, "median_healthcare": 10.138, "median_services": 2.483, "median_commerce": 31.507, "median_entertainment": 2.748, "PC1_pos": 5.792361441492587, "nivvie": 24784.63768115942, "rel_education": 1.5475645724309952, "rel_sante": 3.0881121414238457, "rel_services": 2.717884636409825, "rel_commerce": 3.7690119458717715, "rel_loisirs": 1.2742311451988872, "rel_pc1": 2.7670647188598974, "q_revenu": 2, "q_population": 4 }, "geometry": { "type": "Polygon", "coordinates": [ [ [ -0.566740457392278, 44.827288812490266 ], [ -0.567079292527142, 44.829071275417981 ], [ -0.564574108350837, 44.82932567972712 ], [ -0.564235350750771, 44.827543207422899 ], [ -0.566740457392278, 44.827288812490266 ] ] ] } },
{ "type": "Feature", "properties": { "idcar_200m": "CRS3035RES200mN2472000E3487200", "population": 119.0, "median_education": 3.559, "median_healthcare": 24.4515, "median_services": 2.843, "median_commerce": 21.2615, "median_entertainment": 7.2715, "PC1_pos": 7.4294333463167437, "nivvie": 20811.333613445378, "rel_education": 2.5617592154799596, "rel_sante": 7.4481134371695772, "rel_services": 3.1119395977902262, "rel_commerce": 2.543398212687741, "rel_loisirs": 3.3717510088477831, "rel_pc1": 3.5491091330131037, "q_revenu": 1, "q_population": 2 }, "geometry": { "type": "Polygon", "coordinates": [ [ [ -0.564235350750771, 44.827543207422899 ], [ -0.564574108350837, 44.82932567972712 ], [ -0.562068903784325, 44.829580024134181 ], [ -0.561730223721665, 44.827797542455542 ], [ -0.564235350750771, 44.827543207422899 ] ] ] } },
{ "type": "Feature", "properties": { "idcar_200m": "CRS3035RES200mN2472000E3487400", "population": 354.0, "median_education": 2.6675, "median_healthcare": 26.3625, "median_services": 2.4265, "median_commerce": 13.4705, "median_entertainment": 7.504, "PC1_pos": 6.9105504212448041, "nivvie": 21992.689265536723, "rel_education": 1.9200597660277581, "rel_sante": 8.0302186159287956, "rel_services": 2.6560398994154006, "rel_commerce": 1.6114030347816581, "rel_loisirs": 3.4795598666566407, "rel_pc1": 3.3012339529698824, "q_revenu": 2, "q_population": 4 }, "geometry": { "type": "Polygon", "coordinates": [ [ [ -0.561730223721665, 44.827797542455542 ], [ -0.562068903784325, 44.829580024134181 ], [ -0.559563678832034, 44.829834308638354 ], [ -0.559225076309371, 44.828051817587422 ], [ -0.561730223721665, 44.827797542455542 ] ] ] } },
{ "type": "Feature", "properties": { "idcar_200m": "CRS3035RES200mN2472000E3487600", "population": 360.0, "median_education": 1.0835, "median_healthcare": 11.97, "median_services": 2.482, "median_commerce": 7.73, "median_entertainment": 5.383, "PC1_pos": 4.4328473549246441, "nivvie": 25243.14, "rel_education": 0.77990056475766667, "rel_sante": 3.6461533175028045, "rel_services": 2.7167900392948794, "rel_commerce": 0.92469807793788028, "rel_loisirs": 2.4960648670326089, "rel_pc1": 2.1176122456789712, "q_revenu": 2, "q_population": 4 }, "geometry": { "type": "Polygon", "coordinates": [ [ [ -0.559225076309371, 44.828051817587422 ], [ -0.559563678832034, 44.829834308638354 ], [ -0.557058433498383, 44.8300885332389 ], [ -0.556719908518318, 44.82830603281775 ], [ -0.559225076309371, 44.828051817587422 ] ] ] } },
{ "type": "Feature", "properties": { "idcar_200m": "CRS3035RES200mN2472000E3487800", "population": 35.0, "median_education": 0.5165, "median_healthcare": 3.8515, "median_services": 0.898, "median_commerce": 4.393, "median_entertainment": 3.227, "PC1_pos": 1.9315356856734796, "nivvie": 13617.688571428571, "rel_education": 0.37177539612121352, "rel_sante": 1.1731962825699291, "rel_services": 0.98294820922111259, "rel_commerce": 0.5255108223002728, "rel_loisirs": 1.4963405769857383, "rel_pc1": 0.92271249006669664, "q_revenu": 1, "q_population": 1 }, "geometry": { "type": "Polygon", "coordinates": [ [ [ -0.556719908518318, 44.82830603281775 ], [ -0.557058433498383, 44.8300885332389 ], [ -0.554553167787807, 44.830342697935023 ], [ -0.554214720352932, 44.828560188145801 ], [ -0.556719908518318, 44.82830603281775 ] ] ] } },
{ "type": "Feature", "properties": { "idcar_200m": "CRS3035RES200mN2472000E3488800", "population": 54.0, "median_education": 0.462, "median_healthcare": 0.0, "median_services": 0.0, "median_commerce": 0.086, "median_entertainment": 0.013, "PC1_pos": 0.077926595275829236, "nivvie": 24847.796296296296, "rel_education": 0.33254643370377668, "rel_sante": 0.0, "rel_services": 0.0, "rel_commerce": 0.010287714709270077, "rel_loisirs": 0.0060280221570544147, "rel_pc1": 0.037226256445947542, "q_revenu": 2, "q_population": 1 }, "geometry": { "type": "Polygon", "coordinates": [ [ [ -0.544193764036628, 44.82957621041907 ], [ -0.544531901264775, 44.831358757659721 ], [ -0.542026533735978, 44.83161262282205 ], [ -0.541688474065994, 44.829830066223799 ], [ -0.544193764036628, 44.82957621041907 ] ] ] } },
{ "type": "Feature", "properties": { "idcar_200m": "CRS3035RES200mN2472000E3489200", "population": 34.0, "median_education": 0.013, "median_healthcare": 0.0, "median_services": 0.0, "median_commerce": 0.0, "median_entertainment": 0.0, "PC1_pos": 0.0021199345615108278, "nivvie": 21545.102941176472, "rel_education": 0.0093573671821409014, "rel_sante": 0.0, "rel_services": 0.0, "rel_commerce": 0.0, "rel_loisirs": 0.0, "rel_pc1": 0.0010127123783105596, "q_revenu": 1, "q_population": 1 }, "geometry": { "type": "Polygon", "coordinates": [ [ [ -0.539183163747599, 44.830083862121526 ], [ -0.539521145856818, 44.83186642807528 ], [ -0.537015737631729, 44.832120173418616 ], [ -0.536677833085865, 44.830337598111441 ], [ -0.539183163747599, 44.830083862121526 ] ] ] } },
{ "type": "Feature", "properties": { "idcar_200m": "CRS3035RES200mN2472200E3483000", "population": 295.5, "median_education": 0.182, "median_healthcare": 0.261, "median_services": 0.0, "median_commerce": 0.367, "median_entertainment": 0.52, "PC1_pos": 0.19819897480028414, "nivvie": 22772.642301184431, "rel_education": 0.13100314054997261, "rel_sante": 0.079502591133519804, "rel_services": 0.0, "rel_commerce": 0.043902224398861843, "rel_loisirs": 0.24112088628217662, "rel_pc1": 0.094681486302889917, "q_revenu": 2, "q_population": 3 }, "geometry": { "type": "Polygon", "coordinates": [ [ [ -0.61717868729568, 44.823970611004846 ], [ -0.617519100994949, 44.825752882063043 ], [ -0.615014248062947, 44.826008493668525 ], [ -0.614673911852589, 44.824226213191118 ], [ -0.61717868729568, 44.823970611004846 ] ] ] } },
{ "type": "Feature", "properties": { "idcar_200m": "CRS3035RES200mN2472200E3483200", "population": 137.5, "median_education": 0.373, "median_healthcare": 0.966, "median_services": 0.0, "median_commerce": 1.278, "median_entertainment": 1.435, "PC1_pos": 0.49987487006995046, "nivvie": 22414.70690909091, "rel_education": 0.26848445837988894, "rel_sante": 0.29425096948268248, "rel_services": 0.0, "rel_commerce": 0.15288022556333908, "rel_loisirs": 0.66540090733639123, "rel_pc1": 0.23879485608529516, "q_revenu": 2, "q_population": 2 }, "geometry": { "type": "Polygon", "coordinates": [ [ [ -0.614673911852589, 44.824226213191118 ], [ -0.615014248062947, 44.826008493668525 ], [ -0.612509374649671, 44.826264045385528 ], [ -0.612169115930831, 44.824481755490922 ], [ -0.614673911852589, 44.824226213191118 ] ] ] } },
{ "type": "Feature", "properties": { "idcar_200m": "CRS3035RES200mN2472200E3483400", "population": 35.0, "median_education": 0.281, "median_healthcare": 1.083, "median_services": 0.05, "median_commerce": 0.324, "median_entertainment": 1.048, "PC1_pos": 0.42999711219035919, "nivvie": 30393.002857142859, "rel_education": 0.20226309062935335, "rel_sante": 0.32989006205977756, "rel_services": 0.05472985574727799, "rel_commerce": 0.038758367044226805, "rel_loisirs": 0.4859513246610021, "rel_pc1": 0.20541360382493434, "q_revenu": 4, "q_population": 1 }, "geometry": { "type": "Polygon", "coordinates": [ [ [ -0.612169115930831, 44.824481755490922 ], [ -0.612509374649671, 44.826264045385528 ], [ -0.610004480759533, 44.826519537213223 ], [ -0.609664299534821, 44.824737237903598 ], [ -0.612169115930831, 44.824481755490922 ] ] ] } },
{ "type": "Feature", "properties": { "idcar_200m": "CRS3035RES200mN2472200E3484200", "population": 124.0, "median_education": 0.698, "median_healthcare": 3.694, "median_services": 0.115, "median_commerce": 0.965, "median_entertainment": 2.836, "PC1_pos": 1.1050795726033245, "nivvie": 20092.380645161291, "rel_education": 0.50241863793341146, "rel_sante": 1.1252205810238396, "rel_services": 0.12587866821873936, "rel_commerce": 0.11543772900518169, "rel_loisirs": 1.3150362182620248, "rel_pc1": 0.5279067488743393, "q_revenu": 1, "q_population": 2 }, "geometry": { "type": "Polygon", "coordinates": [ [ [ -0.602149727545509, 44.825503325810459 ], [ -0.602489676272188, 44.827285653352767 ], [ -0.599984700518837, 44.82754090561545 ], [ -0.599644829296713, 44.825758568666508 ], [ -0.602149727545509, 44.825503325810459 ] ] ] } },
{ "type": "Feature", "properties": { "idcar_200m": "CRS3035RES200mN2472200E3484400", "population": 93.5, "median_education": 1.2635, "median_healthcare": 1.959, "median_services": 0.131, "median_commerce": 1.1095, "median_entertainment": 2.739, "PC1_pos": 1.0825996458149072, "nivvie": 27220.102673796791, "rel_education": 0.90946411035654084, "rel_sante": 0.59672634494469468, "rel_services": 0.14339222205786833, "rel_commerce": 0.13272348220854829, "rel_loisirs": 1.2700578990901572, "rel_pc1": 0.51716787960192145, "q_revenu": 3, "q_population": 1 }, "geometry": { "type": "Polygon", "coordinates": [ [ [ -0.599644829296713, 44.825758568666508 ], [ -0.599984700518837, 44.82754090561545 ], [ -0.597479704310732, 44.82779609798493 ], [ -0.597139910595771, 44.826013751631386 ], [ -0.599644829296713, 44.825758568666508 ] ] ] } },
{ "type": "Feature", "properties": { "idcar_200m": "CRS3035RES200mN2472200E3484600", "population": 175.5, "median_education": 1.461, "median_healthcare": 1.6385, "median_services": 0.179, "median_commerce": 1.3745, "median_entertainment": 1.962, "PC1_pos": 0.87878390849584997, "nivvie": 23725.768091168091, "rel_education": 1.0516241117775276, "rel_sante": 0.49909959989376323, "rel_services": 0.19593288357525518, "rel_commerce": 0.16442399846385725, "rel_loisirs": 0.90976765170313567, "rel_pc1": 0.41980321381223717, "q_revenu": 2, "q_population": 2 }, "geometry": { "type": "Polygon", "coordinates": [ [ [ -0.597139910595771, 44.826013751631386 ], [ -0.597479704310732, 44.82779609798493 ], [ -0.594974687652299, 44.828051230460424 ], [ -0.594634971447107, 44.826268874704382 ], [ -0.597139910595771, 44.826013751631386 ] ] ] } },
{ "type": "Feature", "properties": { "idcar_200m": "CRS3035RES200mN2472200E3484800", "population": 306.0, "median_education": 1.863, "median_healthcare": 4.49, "median_services": 0.535, "median_commerce": 3.364, "median_entertainment": 1.26, "PC1_pos": 1.4597827562357579, "nivvie": 32467.273529411763, "rel_education": 1.3409826969483463, "rel_sante": 1.367688253599632, "rel_services": 0.58560945649587448, "rel_commerce": 0.40241711955795978, "rel_loisirs": 0.58425445522219721, "rel_pc1": 0.69735174553250345, "q_revenu": 5, "q_population": 3 }, "geometry": { "type": "Polygon", "coordinates": [ [ [ -0.594634971447107, 44.826268874704382 ], [ -0.594974687652299, 44.828051230460424 ], [ -0.592469650547963, 44.82830630304111 ], [ -0.592130011855144, 44.826523937884716 ], [ -0.594634971447107, 44.826268874704382 ] ] ] } },
{ "type": "Feature", "properties": { "idcar_200m": "CRS3035RES200mN2472200E3485000", "population": 340.0, "median_education": 1.999, "median_healthcare": 4.557, "median_services": 1.027, "median_commerce": 4.583, "median_entertainment": 0.876, "PC1_pos": 1.8626400674190842, "nivvie": 32267.750882352942, "rel_education": 1.4388751536230511, "rel_sante": 1.388096964733524, "rel_services": 1.1241512370490898, "rel_commerce": 0.54823949433238106, "rel_loisirs": 0.40619595458305136, "rel_pc1": 0.88980041500346418, "q_revenu": 5, "q_population": 4 }, "geometry": { "type": "Polygon", "coordinates": [ [ [ -0.592130011855144, 44.826523937884716 ], [ -0.592469650547963, 44.82830630304111 ], [ -0.589964593002145, 44.828561315726269 ], [ -0.589625031824308, 44.826778941171575 ], [ -0.592130011855144, 44.826523937884716 ] ] ] } },
{ "type": "Feature", "properties": { "idcar_200m": "CRS3035RES200mN2472200E3485200", "population": 411.0, "median_education": 2.112, "median_healthcare": 3.114, "median_services": 0.904, "median_commerce": 5.2405, "median_entertainment": 0.7645, "PC1_pos": 1.7418801389789325, "nivvie": 30499.357420924574, "rel_education": 1.520212268360122, "rel_sante": 0.94854815628268452, "rel_services": 0.98951579191078598, "rel_commerce": 0.62689266202243998, "rel_loisirs": 0.35449407223600771, "rel_pc1": 0.83211227851302361, "q_revenu": 4, "q_population": 4 }, "geometry": { "type": "Polygon", "coordinates": [ [ [ -0.589625031824308, 44.826778941171575 ], [ -0.589964593002145, 44.828561315726269 ], [ -0.587459515019264, 44.828816268515048 ], [ -0.587120031359009, 44.827033884564173 ], [ -0.589625031824308, 44.826778941171575 ] ] ] } },
{ "type": "Feature", "properties": { "idcar_200m": "CRS3035RES200mN2472200E3485400", "population": 369.0, "median_education": 2.923, "median_healthcare": 3.508, "median_services": 0.952, "median_commerce": 8.412, "median_entertainment": 1.499, "PC1_pos": 2.2018267995223448, "nivvie": 30358.398915989157, "rel_education": 2.1039680210306044, "rel_sante": 1.0685635620551244, "rel_services": 1.0420564534281729, "rel_commerce": 1.006282048074185, "rel_loisirs": 0.69507732410958223, "rel_pc1": 1.0518330590275686, "q_revenu": 4, "q_population": 4 }, "geometry": { "type": "Polygon", "coordinates": [ [ [ -0.587120031359009, 44.827033884564173 ], [ -0.587459515019264, 44.828816268515048 ], [ -0.584954416603753, 44.829071161406702 ], [ -0.584615010463684, 44.82728876806172 ], [ -0.587120031359009, 44.827033884564173 ] ] ] } },
{ "type": "Feature", "properties": { "idcar_200m": "CRS3035RES200mN2472200E3485600", "population": 290.5, "median_education": 2.3235, "median_healthcare": 2.738, "median_services": 0.702, "median_commerce": 5.4515, "median_entertainment": 1.9075, "PC1_pos": 1.7635286937257355, "nivvie": 29102.37383820998, "rel_education": 1.672449434438799, "rel_sante": 0.83401568782979774, "rel_services": 0.76840717469178288, "rel_commerce": 0.65213345043704452, "rel_loisirs": 0.88449632804471512, "rel_pc1": 0.84245399365964435, "q_revenu": 4, "q_population": 3 }, "geometry": { "type": "Polygon", "coordinates": [ [ [ -0.584615010463684, 44.82728876806172 ], [ -0.584954416603753, 44.829071161406702 ], [ -0.582449297760033, 44.829325994400449 ], [ -0.58210996914275, 44.827543591663478 ], [ -0.584615010463684, 44.82728876806172 ] ] ] } },
{ "type": "Feature", "properties": { "idcar_200m": "CRS3035RES200mN2472200E3485800", "population": 201.5, "median_education": 2.162, "median_healthcare": 2.349, "median_services": 1.2885, "median_commerce": 7.0685, "median_entertainment": 2.9975, "PC1_pos": 2.3320203530478536, "nivvie": 35475.324069478906, "rel_education": 1.5562021421375869, "rel_sante": 0.7155233202016783, "rel_services": 1.4103883826073536, "rel_commerce": 0.84556641188925052, "rel_loisirs": 1.3899228012131237, "rel_pc1": 1.1140277256108406, "q_revenu": 5, "q_population": 2 }, "geometry": { "type": "Polygon", "coordinates": [ [ [ -0.58210996914275, 44.827543591663478 ], [ -0.582449297760033, 44.829325994400449 ], [ -0.57994415849252, 44.8295807674955 ], [ -0.579604907400632, 44.827798355368657 ], [ -0.58210996914275, 44.827543591663478 ] ] ] } },
{ "type": "Feature", "properties": { "idcar_200m": "CRS3035RES200mN2472200E3486000", "population": 457.0, "median_education": 2.732, "median_healthcare": 3.223, "median_services": 2.61, "median_commerce": 11.416, "median_entertainment": 2.961, "PC1_pos": 3.824714099264884, "nivvie": 30419.429540481404, "rel_education": 1.9664867032006883, "rel_sante": 0.98175038782886714, "rel_services": 2.8568984700079105, "rel_commerce": 1.3656343153607815, "rel_loisirs": 1.3729979697721633, "rel_pc1": 1.8271013559324372, "q_revenu": 4, "q_population": 5 }, "geometry": { "type": "Polygon", "coordinates": [ [ [ -0.579604907400632, 44.827798355368657 ], [ -0.57994415849252, 44.8295807674955 ], [ -0.57743899880565, 44.829835480691052 ], [ -0.577099825241752, 44.828053059176405 ], [ -0.579604907400632, 44.827798355368657 ] ] ] } },
{ "type": "Feature", "properties": { "idcar_200m": "CRS3035RES200mN2472200E3486200", "population": 552.5, "median_education": 2.749, "median_healthcare": 5.429, "median_services": 4.066, "median_commerce": 17.328, "median_entertainment": 4.262, "PC1_pos": 5.6226220171054182, "nivvie": 24510.889592760181, "rel_education": 1.9787232602850262, "rel_sante": 1.6537148171029847, "rel_services": 4.450631869368646, "rel_commerce": 2.0728548893282781, "rel_loisirs": 1.9762638794896858, "rel_pc1": 2.6859786234279288, "q_revenu": 2, "q_population": 5 }, "geometry": { "type": "Polygon", "coordinates": [ [ [ -0.577099825241752, 44.828053059176405 ], [ -0.57743899880565, 44.829835480691052 ], [ -0.574933818703844, 44.830090133986374 ], [ -0.57459472267054, 44.828307703085997 ], [ -0.577099825241752, 44.828053059176405 ] ] ] } },
{ "type": "Feature", "properties": { "idcar_200m": "CRS3035RES200mN2472200E3486400", "population": 468.5, "median_education": 3.035, "median_healthcare": 9.732, "median_services": 5.945, "median_commerce": 28.596, "median_entertainment": 5.706, "PC1_pos": 8.9339410956464622, "nivvie": 21754.813660618995, "rel_education": 2.1845853382921261, "rel_sante": 2.9644414441050371, "rel_services": 6.507379848351353, "rel_commerce": 3.4207847654219434, "rel_loisirs": 2.6458380329348072, "rel_pc1": 4.2678264220621145, "q_revenu": 1, "q_population": 5 }, "geometry": { "type": "Polygon", "coordinates": [ [ [ -0.57459472267054, 44.828307703085997 ], [ -0.574933818703844, 44.830090133986374 ], [ -0.572428618191524, 44.830344727380627 ], [ -0.572089599691417, 44.828562287096659 ], [ -0.57459472267054, 44.828307703085997 ] ] ] } },
{ "type": "Feature", "properties": { "idcar_200m": "CRS3035RES200mN2472200E3486600", "population": 624.5, "median_education": 2.326, "median_healthcare": 12.536, "median_services": 7.056, "median_commerce": 52.57, "median_entertainment": 6.254, "PC1_pos": 11.10975844773488, "nivvie": 19041.101521216973, "rel_education": 1.6742489281276722, "rel_sante": 3.818561235439863, "rel_services": 7.7234772430558696, "rel_commerce": 6.2886646775154418, "rel_loisirs": 2.8999423515552545, "rel_pc1": 5.3072345271087524, "q_revenu": 1, "q_population": 5 }, "geometry": { "type": "Polygon", "coordinates": [ [ [ -0.572089599691417, 44.828562287096659 ], [ -0.572428618191524, 44.830344727380627 ], [ -0.569923397273118, 44.830599260873036 ], [ -0.569584456308809, 44.828816811207588 ], [ -0.572089599691417, 44.828562287096659 ] ] ] } },
{ "type": "Feature", "properties": { "idcar_200m": "CRS3035RES200mN2472200E3486800", "population": 468.5, "median_education": 2.188, "median_healthcare": 17.1985, "median_services": 7.82, "median_commerce": 108.843, "median_entertainment": 6.7275, "PC1_pos": 15.625615069639185, "nivvie": 18932.442902881536, "rel_education": 1.5749168765018688, "rel_sante": 5.238794305018545, "rel_services": 8.5597494388742774, "rel_commerce": 13.02029921047771, "rel_loisirs": 3.1195014662756599, "rel_pc1": 7.4645010685905522, "q_revenu": 1, "q_population": 5 }, "geometry": { "type": "Polygon", "coordinates": [ [ [ -0.569584456308809, 44.828816811207588 ], [ -0.569923397273118, 44.830599260873036 ], [ -0.567418155953052, 44.830853734462863 ], [ -0.567079292527142, 44.829071275417981 ], [ -0.569584456308809, 44.828816811207588 ] ] ] } },
{ "type": "Feature", "properties": { "idcar_200m": "CRS3035RES200mN2472200E3487000", "population": 257.0, "median_education": 2.365, "median_healthcare": 14.595, "median_services": 6.032, "median_commerce": 81.981, "median_entertainment": 6.852, "PC1_pos": 12.727175986483346, "nivvie": 17923.442412451364, "rel_education": 1.7023210296740949, "rel_sante": 4.4457483432709637, "rel_services": 6.602609797351616, "rel_commerce": 9.8069434834961644, "rel_loisirs": 3.1772313707797579, "rel_pc1": 6.0798898685169425, "q_revenu": 1, "q_population": 3 }, "geometry": { "type": "Polygon", "coordinates": [ [ [ -0.567079292527142, 44.829071275417981 ], [ -0.567418155953052, 44.830853734462863 ], [ -0.564912894235757, 44.831108148149269 ], [ -0.564574108350837, 44.82932567972712 ], [ -0.567079292527142, 44.829071275417981 ] ] ] } },
{ "type": "Feature", "properties": { "idcar_200m": "CRS3035RES200mN2472200E3487200", "population": 167.0, "median_education": 2.849, "median_healthcare": 13.621, "median_services": 2.576, "median_commerce": 29.667, "median_entertainment": 8.352, "PC1_pos": 6.9379243516597162, "nivvie": 22407.345508982038, "rel_education": 2.0507030078399562, "rel_sante": 4.1490605127573685, "rel_services": 2.8196821680997619, "rel_commerce": 3.5489027009292489, "rel_loisirs": 3.8727723889014212, "rel_pc1": 3.3143107331108865, "q_revenu": 2, "q_population": 2 }, "geometry": { "type": "Polygon", "coordinates": [ [ [ -0.564574108350837, 44.82932567972712 ], [ -0.564912894235757, 44.831108148149269 ], [ -0.562407612125653, 44.831362501931544 ], [ -0.562068903784325, 44.829580024134181 ], [ -0.564574108350837, 44.82932567972712 ] ] ] } },
{ "type": "Feature", "properties": { "idcar_200m": "CRS3035RES200mN2472200E3487400", "population": 120.5, "median_education": 1.8125, "median_healthcare": 13.6085, "median_services": 1.4945, "median_commerce": 12.0265, "median_entertainment": 10.499, "PC1_pos": 5.138824179641154, "nivvie": 24955.912033195022, "rel_education": 1.3046329244331065, "rel_sante": 4.1452529173965678, "rel_services": 1.635875388286139, "rel_commerce": 1.4386651273376345, "rel_loisirs": 4.8683234328395626, "rel_pc1": 2.4548639147499562, "q_revenu": 2, "q_population": 2 }, "geometry": { "type": "Polygon", "coordinates": [ [ [ -0.562068903784325, 44.829580024134181 ], [ -0.562407612125653, 44.831362501931544 ], [ -0.559902309627168, 44.831616795808827 ], [ -0.559563678832034, 44.829834308638354 ], [ -0.562068903784325, 44.829580024134181 ] ] ] } },
{ "type": "Feature", "properties": { "idcar_200m": "CRS3035RES200mN2472200E3487600", "population": 410.5, "median_education": 0.771, "median_healthcare": 8.8745, "median_services": 0.79, "median_commerce": 5.973, "median_entertainment": 8.952, "PC1_pos": 3.6054483954303964, "nivvie": 16503.229232643116, "rel_education": 0.55496385364851042, "rel_sante": 2.7032404023541057, "rel_services": 0.86473172080699223, "rel_commerce": 0.71451767393569976, "rel_loisirs": 4.1509887961500862, "rel_pc1": 1.72235609801565, "q_revenu": 1, "q_population": 4 }, "geometry": { "type": "Polygon", "coordinates": [ [ [ -0.559563678832034, 44.829834308638354 ], [ -0.559902309627168, 44.831616795808827 ], [ -0.557396986744729, 44.83187102978038 ], [ -0.557058433498383, 44.8300885332389 ], [ -0.559563678832034, 44.829834308638354 ] ] ] } },
{ "type": "Feature", "properties": { "idcar_200m": "CRS3035RES200mN2472200E3488800", "population": 115.5, "median_education": 0.2395, "median_healthcare": 0.0, "median_services": 0.0, "median_commerce": 0.0635, "median_entertainment": 0.01, "PC1_pos": 0.04539050108377074, "nivvie": 22173.986147186148, "rel_education": 0.17239149539405738, "rel_sante": 0.0, "rel_services": 0.0, "rel_commerce": 0.0075961614423098829, "rel_loisirs": 0.0046369401208110885, "rel_pc1": 0.021683462848255803, "q_revenu": 2, "q_population": 1 }, "geometry": { "type": "Polygon", "coordinates": [ [ [ -0.544531901264775, 44.831358757659721 ], [ -0.544870066728229, 44.833141301024753 ], [ -0.542364621635066, 44.833395175545483 ], [ -0.542026533735978, 44.83161262282205 ], [ -0.544531901264775, 44.831358757659721 ] ] ] } },
{ "type": "Feature", "properties": { "idcar_200m": "CRS3035RES200mN2472200E3489000", "population": 32.0, "median_education": 0.034, "median_healthcare": 0.0, "median_services": 0.0, "median_commerce": 0.008, "median_entertainment": 0.0, "PC1_pos": 0.008996806993613049, "nivvie": 18034.38125, "rel_education": 0.024473114168676206, "rel_sante": 0.0, "rel_services": 0.0, "rel_commerce": 0.00095699671714140257, "rel_loisirs": 0.0, "rel_pc1": 0.0042978580438867986, "q_revenu": 1, "q_population": 1 }, "geometry": { "type": "Polygon", "coordinates": [ [ [ -0.542026533735978, 44.83161262282205 ], [ -0.542364621635066, 44.833395175545483 ], [ -0.539859156188949, 44.833648990154977 ], [ -0.539521145856818, 44.83186642807528 ], [ -0.542026533735978, 44.83161262282205 ] ] ] } },
{ "type": "Feature", "properties": { "idcar_200m": "CRS3035RES200mN2472400E3483200", "population": 199.5, "median_education": 0.199, "median_healthcare": 2.061, "median_services": 0.129, "median_commerce": 2.493, "median_entertainment": 1.267, "PC1_pos": 0.71856081036534514, "nivvie": 24396.206015037591, "rel_education": 0.14323969763431074, "rel_sante": 0.62779632308882871, "rel_services": 0.1412030278279772, "rel_commerce": 0.29822410197918958, "rel_loisirs": 0.58750031330676489, "rel_pc1": 0.34326315558874615, "q_revenu": 2, "q_population": 2 }, "geometry": { "type": "Polygon", "coordinates": [ [ [ -0.615014248062947, 44.826008493668525 ], [ -0.615354612685223, 44.827790770248015 ], [ -0.612849661774242, 44.828046331383 ], [ -0.612509374649671, 44.826264045385528 ], [ -0.615014248062947, 44.826008493668525 ] ] ] } },
{ "type": "Feature", "properties": { "idcar_200m": "CRS3035RES200mN2472400E3483400", "population": 139.5, "median_education": 0.2525, "median_healthcare": 3.321, "median_services": 0.221, "median_commerce": 1.6795, "median_entertainment": 0.846, "PC1_pos": 0.74621579984380215, "nivvie": 25170.577060931901, "rel_education": 0.18174886257619829, "rel_sante": 1.0116019354575452, "rel_services": 0.24190596240296869, "rel_commerce": 0.2009094983048732, "rel_loisirs": 0.39228513422061806, "rel_pc1": 0.35647420024803134, "q_revenu": 2, "q_population": 2 }, "geometry": { "type": "Polygon", "coordinates": [ [ [ -0.612509374649671, 44.826264045385528 ], [ -0.612849661774242, 44.828046331383 ], [ -0.610344690383792, 44.828301832626593 ], [ -0.610004480759533, 44.826519537213223 ], [ -0.612509374649671, 44.826264045385528 ] ] ] } },
{ "type": "Feature", "properties": { "idcar_200m": "CRS3035RES200mN2472400E3484200", "population": 222.5, "median_education": 0.6135, "median_healthcare": 6.979, "median_services": 0.209, "median_commerce": 1.545, "median_entertainment": 1.942, "PC1_pos": 1.3764012556791121, "nivvie": 33211.635505617982, "rel_education": 0.44159575124949563, "rel_sante": 2.1258566418422782, "rel_services": 0.22877079702362199, "rel_commerce": 0.18481999099793336, "rel_loisirs": 0.90049377146151344, "rel_pc1": 0.65751963030171789, "q_revenu": 5, "q_population": 3 }, "geometry": { "type": "Polygon", "coordinates": [ [ [ -0.602489676272188, 44.827285653352767 ], [ -0.60282965337986, 44.829067977001152 ], [ -0.600324600115763, 44.829323238671321 ], [ -0.599984700518837, 44.82754090561545 ], [ -0.602489676272188, 44.827285653352767 ] ] ] } },
{ "type": "Feature", "properties": { "idcar_200m": "CRS3035RES200mN2472400E3484400", "population": 31.5, "median_education": 0.6155, "median_healthcare": 4.9635, "median_services": 0.128, "median_commerce": 3.452, "median_entertainment": 1.465, "PC1_pos": 1.1849905989188922, "nivvie": 32934.387301587303, "rel_education": 0.4430353462005942, "rel_sante": 1.5119199658667644, "rel_services": 0.14010843071303164, "rel_commerce": 0.41294408344651523, "rel_loisirs": 0.67931172769882442, "rel_pc1": 0.56608098641099314, "q_revenu": 5, "q_population": 1 }, "geometry": { "type": "Polygon", "coordinates": [ [ [ -0.599984700518837, 44.82754090561545 ], [ -0.600324600115763, 44.829323238671321 ], [ -0.597819526394311, 44.829578440446177 ], [ -0.597479704310732, 44.82779609798493 ], [ -0.599984700518837, 44.82754090561545 ] ] ] } },
{ "type": "Feature", "properties": { "idcar_200m": "CRS3035RES200mN2472400E3484600", "population": 139.5, "median_education": 2.56, "median_healthcare": 1.998, "median_services": 0.125, "median_commerce": 3.067, "median_entertainment": 1.069, "PC1_pos": 1.0416511225750602, "nivvie": 27198.468100358423, "rel_education": 1.8426815374062084, "rel_sante": 0.60860604247039296, "rel_services": 0.13682463936819497, "rel_commerce": 0.36688861643408521, "rel_loisirs": 0.49568889891470536, "rel_pc1": 0.49760639071852092, "q_revenu": 3, "q_population": 2 }, "geometry": { "type": "Polygon", "coordinates": [ [ [ -0.597479704310732, 44.82779609798493 ], [ -0.597819526394311, 44.829578440446177 ], [ -0.595314432219917, 44.829833582324966 ], [ -0.594974687652299, 44.828051230460424 ], [ -0.597479704310732, 44.82779609798493 ] ] ] } },
{ "type": "Feature", "properties": { "idcar_200m": "CRS3035RES200mN2472400E3484800", "population": 167.0, "median_education": 2.1755, "median_healthcare": 2.711, "median_services": 0.2245, "median_commerce": 3.5535, "median_entertainment": 0.8895, "PC1_pos": 1.0486938923275153, "nivvie": 31159.818562874254, "rel_education": 1.5659194080575025, "rel_sante": 0.82579128185046824, "rel_services": 0.24573705230527815, "rel_commerce": 0.42508597929524677, "rel_loisirs": 0.41245582374614631, "rel_pc1": 0.5009707870708402, "q_revenu": 4, "q_population": 2 }, "geometry": { "type": "Polygon", "coordinates": [ [ [ -0.594974687652299, 44.828051230460424 ], [ -0.595314432219917, 44.829833582324966 ], [ -0.592809317597018, 44.830088664306857 ], [ -0.592469650547963, 44.82830630304111 ], [ -0.594974687652299, 44.828051230460424 ] ] ] } },
{ "type": "Feature", "properties": { "idcar_200m": "CRS3035RES200mN2472400E3485000", "population": 370.5, "median_education": 1.922, "median_healthcare": 3.325, "median_services": 0.335, "median_commerce": 3.514, "median_entertainment": 0.669, "PC1_pos": 1.1256241259516599, "nivvie": 29075.251282051282, "rel_education": 1.383450748005755, "rel_sante": 1.0128203659730013, "rel_services": 0.36669003350676249, "rel_commerce": 0.42036080800436104, "rel_loisirs": 0.31021129408226183, "rel_pc1": 0.5377210723258582, "q_revenu": 4, "q_population": 4 }, "geometry": { "type": "Polygon", "coordinates": [ [ [ -0.592469650547963, 44.82830630304111 ], [ -0.592809317597018, 44.830088664306857 ], [ -0.590304182530031, 44.830343686391096 ], [ -0.589964593002145, 44.828561315726269 ], [ -0.592469650547963, 44.82830630304111 ] ] ] } },
{ "type": "Feature", "properties": { "idcar_200m": "CRS3035RES200mN2472400E3485200", "population": 306.0, "median_education": 2.174, "median_healthcare": 3.881, "median_services": 0.2935, "median_commerce": 3.686, "median_entertainment": 0.7145, "PC1_pos": 1.2783920159828903, "nivvie": 29276.784640522874, "rel_education": 1.5648397118441786, "rel_sante": 1.182182207621419, "rel_services": 0.32126425323652175, "rel_commerce": 0.44093623742290122, "rel_loisirs": 0.33130937163195223, "rel_pc1": 0.61069970857808054, "q_revenu": 4, "q_population": 3 }, "geometry": { "type": "Polygon", "coordinates": [ [ [ -0.589964593002145, 44.828561315726269 ], [ -0.590304182530031, 44.830343686391096 ], [ -0.587799027023379, 44.830598648576874 ], [ -0.587459515019264, 44.828816268515048 ], [ -0.589964593002145, 44.828561315726269 ] ] ] } },
{ "type": "Feature", "properties": { "idcar_200m": "CRS3035RES200mN2472400E3485400", "population": 364.0, "median_education": 2.306, "median_healthcare": 4.152, "median_services": 0.44, "median_commerce": 5.202, "median_entertainment": 0.928, "PC1_pos": 1.4864416308493338, "nivvie": 31744.231868131868, "rel_education": 1.6598529786166862, "rel_sante": 1.2647308750435795, "rel_services": 0.48162273057604627, "rel_commerce": 0.62228711532119707, "rel_loisirs": 0.43030804321126903, "rel_pc1": 0.71008693689320124, "q_revenu": 5, "q_population": 4 }, "geometry": { "type": "Polygon", "coordinates": [ [ [ -0.587459515019264, 44.828816268515048 ], [ -0.587799027023379, 44.830598648576874 ], [ -0.585293851081492, 44.830853550863417 ], [ -0.584954416603753, 44.829071161406702 ], [ -0.587459515019264, 44.828816268515048 ] ] ] } },
{ "type": "Feature", "properties": { "idcar_200m": "CRS3035RES200mN2472400E3485600", "population": 422.0, "median_education": 1.877, "median_healthcare": 3.3435, "median_services": 0.5455, "median_commerce": 5.6135, "median_entertainment": 1.382, "PC1_pos": 1.5862390242471907, "nivvie": 30306.815639810426, "rel_education": 1.3510598616060363, "rel_sante": 1.0184556071069863, "rel_services": 0.59710272620280291, "rel_commerce": 0.67151263395915795, "rel_loisirs": 0.64082512469609243, "rel_pc1": 0.75776107620489341, "q_revenu": 4, "q_population": 4 }, "geometry": { "type": "Polygon", "coordinates": [ [ [ -0.584954416603753, 44.829071161406702 ], [ -0.585293851081492, 44.830853550863417 ], [ -0.582788654708791, 44.831108393249963 ], [ -0.582449297760033, 44.829325994400449 ], [ -0.584954416603753, 44.829071161406702 ] ] ] } },
{ "type": "Feature", "properties": { "idcar_200m": "CRS3035RES200mN2472400E3485800", "population": 490.5, "median_education": 1.8375, "median_healthcare": 3.1035, "median_services": 1.8945, "median_commerce": 10.194, "median_entertainment": 3.311, "PC1_pos": 3.1131207324839041, "nivvie": 25947.379816513763, "rel_education": 1.322627861321839, "rel_sante": 0.94534977617961191, "rel_services": 2.0737142342643629, "rel_commerce": 1.2194530668174322, "rel_loisirs": 1.5352908740005513, "rel_pc1": 1.4871666126877203, "q_revenu": 3, "q_population": 5 }, "geometry": { "type": "Polygon", "coordinates": [ [ [ -0.582449297760033, 44.829325994400449 ], [ -0.582788654708791, 44.831108393249963 ], [ -0.580283437909702, 44.831363175735724 ], [ -0.57994415849252, 44.8295807674955 ], [ -0.582449297760033, 44.829325994400449 ] ] ] } },
{ "type": "Feature", "properties": { "idcar_200m": "CRS3035RES200mN2472400E3486000", "population": 386.5, "median_education": 2.097, "median_healthcare": 4.803, "median_services": 4.275, "median_commerce": 20.426, "median_entertainment": 3.356, "PC1_pos": 5.8164267464231134, "nivvie": 25001.889521345409, "rel_education": 1.5094153062268825, "rel_sante": 1.4630304414340827, "rel_services": 4.6794026663922681, "rel_commerce": 2.443451868041286, "rel_loisirs": 1.5561571045442013, "rel_pc1": 2.7785609379571476, "q_revenu": 2, "q_population": 4 }, "geometry": { "type": "Polygon", "coordinates": [ [ [ -0.57994415849252, 44.8295807674955 ], [ -0.580283437909702, 44.831363175735724 ], [ -0.577778200688643, 44.831617898319898 ], [ -0.57743899880565, 44.829835480691052 ], [ -0.57994415849252, 44.8295807674955 ] ] ] } },
{ "type": "Feature", "properties": { "idcar_200m": "CRS3035RES200mN2472400E3486200", "population": 518.5, "median_education": 2.941, "median_healthcare": 10.498, "median_services": 6.902, "median_commerce": 28.448, "median_entertainment": 5.931, "PC1_pos": 9.0631406103016179, "nivvie": 26285.973191899709, "rel_education": 2.1169243755904916, "rel_sante": 3.1977708878149076, "rel_services": 7.5549092873542527, "rel_commerce": 3.4030803261548277, "rel_loisirs": 2.7501691856530566, "rel_pc1": 4.3295462270686169, "q_revenu": 3, "q_population": 5 }, "geometry": { "type": "Polygon", "coordinates": [ [ [ -0.57743899880565, 44.829835480691052 ], [ -0.577778200688643, 44.831617898319898 ], [ -0.575272943050053, 44.831872561001703 ], [ -0.574933818703844, 44.830090133986374 ], [ -0.57743899880565, 44.829835480691052 ] ] ] } },
{ "type": "Feature", "properties": { "idcar_200m": "CRS3035RES200mN2472400E3486400", "population": 380.5, "median_education": 3.409, "median_healthcare": 20.65, "median_services": 11.589, "median_commerce": 45.777, "median_entertainment": 11.324, "PC1_pos": 14.616523272580739, "nivvie": 23005.960578186598, "rel_education": 2.453789594147564, "rel_sante": 6.2901475360428494, "rel_services": 12.685285965104091, "rel_commerce": 5.4760548400727487, "rel_loisirs": 5.250870992806477, "rel_pc1": 6.9824485692886693, "q_revenu": 2, "q_population": 4 }, "geometry": { "type": "Polygon", "coordinates": [ [ [ -0.574933818703844, 44.830090133986374 ], [ -0.575272943050053, 44.831872561001703 ], [ -0.572767664998345, 44.832127163780356 ], [ -0.572428618191524, 44.830344727380627 ], [ -0.574933818703844, 44.830090133986374 ] ] ] } },
{ "type": "Feature", "properties": { "idcar_200m": "CRS3035RES200mN2472400E3486600", "population": 296.0, "median_education": 2.649, "median_healthcare": 16.282, "median_services": 8.279, "median_commerce": 58.205, "median_entertainment": 13.757, "PC1_pos": 13.82518813390822, "nivvie": 18930.06418918919, "rel_education": 1.9067435127300962, "rel_sante": 4.9596214131646335, "rel_services": 9.062169514634288, "rel_commerce": 6.9627492401519167, "rel_loisirs": 6.3790385241998147, "rel_pc1": 6.6044204429135664, "q_revenu": 1, "q_population": 3 }, "geometry": { "type": "Polygon", "coordinates": [ [ [ -0.572428618191524, 44.830344727380627 ], [ -0.572767664998345, 44.832127163780356 ], [ -0.570262366537955, 44.832381706655077 ], [ -0.569923397273118, 44.830599260873036 ], [ -0.572428618191524, 44.830344727380627 ] ] ] } },
{ "type": "Feature", "properties": { "idcar_200m": "CRS3035RES200mN2472400E3486800", "population": 690.0, "median_education": 2.624, "median_healthcare": 14.4655, "median_services": 6.339, "median_commerce": 85.1895, "median_entertainment": 10.218, "PC1_pos": 14.040441897079749, "nivvie": 18838.640579710143, "rel_education": 1.8887485758413638, "rel_sante": 4.4063016553330669, "rel_services": 6.9386511116399037, "rel_commerce": 10.190758979364691, "rel_loisirs": 4.7380254154447705, "rel_pc1": 6.7072491596105479, "q_revenu": 1, "q_population": 5 }, "geometry": { "type": "Polygon", "coordinates": [ [ [ -0.569923397273118, 44.830599260873036 ], [ -0.570262366537955, 44.832381706655077 ], [ -0.567757047673302, 44.832636189625077 ], [ -0.567418155953052, 44.830853734462863 ], [ -0.569923397273118, 44.830599260873036 ] ] ] } },
{ "type": "Feature", "properties": { "idcar_200m": "CRS3035RES200mN2472400E3487000", "population": 761.0, "median_education": 2.736, "median_healthcare": 12.421, "median_services": 4.459, "median_commerce": 77.341, "median_entertainment": 8.755, "PC1_pos": 11.504344557644764, "nivvie": 18043.296977660972, "rel_education": 1.9693658931028855, "rel_sante": 3.7835313581204959, "rel_services": 4.8808085355422506, "rel_commerce": 9.251885387554152, "rel_loisirs": 4.0596410757701085, "rel_pc1": 5.4957319671100908, "q_revenu": 1, "q_population": 5 }, "geometry": { "type": "Polygon", "coordinates": [ [ [ -0.567418155953052, 44.830853734462863 ], [ -0.567757047673302, 44.832636189625077 ], [ -0.565251708408817, 44.832890612689631 ], [ -0.564912894235757, 44.831108148149269 ], [ -0.567418155953052, 44.830853734462863 ] ] ] } },
{ "type": "Feature", "properties": { "idcar_200m": "CRS3035RES200mN2472400E3487200", "population": 696.0, "median_education": 1.6555, "median_healthcare": 9.9265, "median_services": 2.347, "median_commerce": 31.366, "median_entertainment": 7.732, "PC1_pos": 6.5304535987651784, "nivvie": 20531.23764367816, "rel_education": 1.1916247207718664, "rel_sante": 3.0236876279190974, "rel_services": 2.5690194287772288, "rel_commerce": 3.7521448787321541, "rel_loisirs": 3.585282101411134, "rel_pc1": 3.1196581797972902, "q_revenu": 1, "q_population": 5 }, "geometry": { "type": "Polygon", "coordinates": [ [ [ -0.564912894235757, 44.831108148149269 ], [ -0.565251708408817, 44.832890612689631 ], [ -0.562746348748924, 44.83314497584788 ], [ -0.562407612125653, 44.831362501931544 ], [ -0.564912894235757, 44.831108148149269 ] ] ] } },
{ "type": "Feature", "properties": { "idcar_200m": "CRS3035RES200mN2472400E3487400", "population": 552.0, "median_education": 0.943, "median_healthcare": 9.332, "median_services": 1.038, "median_commerce": 14.537, "median_entertainment": 9.222, "PC1_pos": 4.450707136666793, "nivvie": 20367.475905797099, "rel_education": 0.67876901944299006, "rel_sante": 2.8425983925594132, "rel_services": 1.136191805313491, "rel_commerce": 1.7389826596355713, "rel_loisirs": 4.2761861794119858, "rel_pc1": 2.1261440288634996, "q_revenu": 1, "q_population": 5 }, "geometry": { "type": "Polygon", "coordinates": [ [ [ -0.562407612125653, 44.831362501931544 ], [ -0.562746348748924, 44.83314497584788 ], [ -0.560240968698058, 44.833399279099091 ], [ -0.559902309627168, 44.831616795808827 ], [ -0.562407612125653, 44.831362501931544 ] ] ] } },
{ "type": "Feature", "properties": { "idcar_200m": "CRS3035RES200mN2472400E3488400", "population": 15.0, "median_education": 0.13, "median_healthcare": 0.028, "median_services": 0.0, "median_commerce": 0.416, "median_entertainment": 0.369, "PC1_pos": 0.11161161614287129, "nivvie": 16798.593333333334, "rel_education": 0.093573671821409021, "rel_sante": 0.0085290136081936953, "rel_services": 0.0, "rel_commerce": 0.04976382929135293, "rel_loisirs": 0.17110309045792918, "rel_pc1": 0.053317902959503734, "q_revenu": 1, "q_population": 1 }, "geometry": { "type": "Polygon", "coordinates": [ [ [ -0.54988089583798, 44.832633372252808 ], [ -0.550219244673355, 44.834415893017713 ], [ -0.547713762734015, 44.834669896721891 ], [ -0.54737549146401, 44.832887366593617 ], [ -0.54988089583798, 44.832633372252808 ] ] ] } },
{ "type": "Feature", "properties": { "idcar_200m": "CRS3035RES200mN2472400E3488600", "population": 10.0, "median_education": 0.064, "median_healthcare": 0.0, "median_services": 0.0, "median_commerce": 0.216, "median_entertainment": 0.048, "PC1_pos": 0.035691027090580807, "nivvie": 16798.59, "rel_education": 0.046067038435155208, "rel_sante": 0.0, "rel_services": 0.0, "rel_commerce": 0.025838911362817869, "rel_loisirs": 0.022257312579893225, "rel_pc1": 0.017049934269428194, "q_revenu": 1, "q_population": 1 }, "geometry": { "type": "Polygon", "coordinates": [ [ [ -0.54737549146401, 44.832887366593617 ], [ -0.547713762734015, 44.834669896721891 ], [ -0.545208260430269, 44.834923840514364 ], [ -0.544870066728229, 44.833141301024753 ], [ -0.54737549146401, 44.832887366593617 ] ] ] } },
{ "type": "Feature", "properties": { "idcar_200m": "CRS3035RES200mN2472400E3488800", "population": 5.0, "median_education": 0.118, "median_healthcare": 0.0, "median_services": 0.0, "median_commerce": 0.03, "median_entertainment": 0.0, "PC1_pos": 0.018704484383012421, "nivvie": 16798.6, "rel_education": 0.084936102114817419, "rel_sante": 0.0, "rel_services": 0.0, "rel_commerce": 0.0035887376892802594, "rel_loisirs": 0.0, "rel_pc1": 0.0089353054610768357, "q_revenu": 1, "q_population": 1 }, "geometry": { "type": "Polygon", "coordinates": [ [ [ -0.544870066728229, 44.833141301024753 ], [ -0.545208260430269, 44.834923840514364 ], [ -0.542702737766546, 44.835177724394292 ], [ -0.542364621635066, 44.833395175545483 ], [ -0.544870066728229, 44.833141301024753 ] ] ] } },
{ "type": "Feature", "properties": { "idcar_200m": "CRS3035RES200mN2472600E3483200", "population": 367.0, "median_education": 0.163, "median_healthcare": 2.1825, "median_services": 0.2755, "median_commerce": 5.7475, "median_entertainment": 2.363, "PC1_pos": 1.3488817684017242, "nivvie": 24410.740599455043, "rel_education": 0.11732698851453593, "rel_sante": 0.66480614999581211, "rel_services": 0.30156150516750174, "rel_commerce": 0.68754232897127654, "rel_loisirs": 1.0957089505476603, "rel_pc1": 0.64437331629912498, "q_revenu": 2, "q_population": 4 }, "geometry": { "type": "Polygon", "coordinates": [ [ [ -0.615354612685223, 44.827790770248015 ], [ -0.615695005722709, 44.829573042929887 ], [ -0.61318997730784, 44.829828613483627 ], [ -0.612849661774242, 44.828046331383 ], [ -0.615354612685223, 44.827790770248015 ] ] ] } },
{ "type": "Feature", "properties": { "idcar_200m": "CRS3035RES200mN2472600E3483400", "population": 111.5, "median_education": 0.321, "median_healthcare": 6.208, "median_services": 0.586, "median_commerce": 4.422, "median_entertainment": 1.687, "PC1_pos": 1.7473600920175862, "nivvie": 34057.732735426012, "rel_education": 0.23105498965132537, "rel_sante": 1.8910041599880878, "rel_services": 0.64143390935809796, "rel_commerce": 0.52897993539991028, "rel_loisirs": 0.7822517983808307, "rel_pc1": 0.83473010284381344, "q_revenu": 5, "q_population": 1 }, "geometry": { "type": "Polygon", "coordinates": [ [ [ -0.612849661774242, 44.828046331383 ], [ -0.61318997730784, 44.829828613483627 ], [ -0.61068492841089, 44.830084124143887 ], [ -0.610344690383792, 44.828301832626593 ], [ -0.612849661774242, 44.828046331383 ] ] ] } },
{ "type": "Feature", "properties": { "idcar_200m": "CRS3035RES200mN2472600E3483600", "population": 134.0, "median_education": 0.562, "median_healthcare": 11.984, "median_services": 0.743, "median_commerce": 5.349, "median_entertainment": 1.416, "PC1_pos": 2.4812054108703432, "nivvie": 28267.294776119405, "rel_education": 0.40452618125870671, "rel_sante": 3.6504178243069014, "rel_services": 0.81328565640455086, "rel_commerce": 0.63987192999867037, "rel_loisirs": 0.65659072110685013, "rel_pc1": 1.1852948097269369, "q_revenu": 4, "q_population": 2 }, "geometry": { "type": "Polygon", "coordinates": [ [ [ -0.610344690383792, 44.828301832626593 ], [ -0.61068492841089, 44.830084124143887 ], [ -0.608179859036289, 44.830339574909864 ], [ -0.607839698518298, 44.828557273978006 ], [ -0.610344690383792, 44.828301832626593 ] ] ] } },
{ "type": "Feature", "properties": { "idcar_200m": "CRS3035RES200mN2472600E3483800", "population": 101.0, "median_education": 0.718, "median_healthcare": 22.756, "median_services": 0.429, "median_commerce": 2.383, "median_entertainment": 1.009, "PC1_pos": 3.0086686390277166, "nivvie": 22680.975247524751, "rel_education": 0.51681458744439746, "rel_sante": 6.9316512024305617, "rel_services": 0.46958216231164512, "rel_commerce": 0.28506539711849532, "rel_loisirs": 0.46786725818983882, "rel_pc1": 1.4372688800387721, "q_revenu": 2, "q_population": 1 }, "geometry": { "type": "Polygon", "coordinates": [ [ [ -0.607839698518298, 44.828557273978006 ], [ -0.608179859036289, 44.830339574909864 ], [ -0.605674769188454, 44.830594965780804 ], [ -0.60533468618218, 44.828812655436458 ], [ -0.607839698518298, 44.828557273978006 ] ] ] } },
{ "type": "Feature", "properties": { "idcar_200m": "CRS3035RES200mN2472600E3484000", "population": 37.5, "median_education": 0.732, "median_healthcare": 20.3, "median_services": 0.65, "median_commerce": 3.181, "median_entertainment": 1.396, "PC1_pos": 3.0690844778647346, "nivvie": 26435.712, "rel_education": 0.52689175210208772, "rel_sante": 6.1835348659404294, "rel_services": 0.71148812471461387, "rel_commerce": 0.38052581965335019, "rel_loisirs": 0.64731684086522789, "rel_pc1": 1.4661300859208346, "q_revenu": 3, "q_population": 1 }, "geometry": { "type": "Polygon", "coordinates": [ [ [ -0.60533468618218, 44.828812655436458 ], [ -0.605674769188454, 44.830594965780804 ], [ -0.603169658871811, 44.830850296755919 ], [ -0.60282965337986, 44.829067977001152 ], [ -0.60533468618218, 44.828812655436458 ] ] ] } },
{ "type": "Feature", "properties": { "idcar_200m": "CRS3035RES200mN2472600E3484200", "population": 265.0, "median_education": 0.7365, "median_healthcare": 15.404, "median_services": 0.497, "median_commerce": 4.495, "median_entertainment": 1.179, "PC1_pos": 2.4207107927518954, "nivvie": 35169.175094339626, "rel_education": 0.53013084074205952, "rel_sante": 4.6921759150219886, "rel_services": 0.54401476612794319, "rel_commerce": 0.5377125304438255, "rel_loisirs": 0.54669524024362737, "rel_pc1": 1.1563959702523536, "q_revenu": 5, "q_population": 3 }, "geometry": { "type": "Polygon", "coordinates": [ [ [ -0.60282965337986, 44.829067977001152 ], [ -0.603169658871811, 44.830850296755919 ], [ -0.600664528090779, 44.831105567834364 ], [ -0.600324600115763, 44.829323238671321 ], [ -0.60282965337986, 44.829067977001152 ] ] ] } },
{ "type": "Feature", "properties": { "idcar_200m": "CRS3035RES200mN2472600E3484400", "population": 195.5, "median_education": 1.24, "median_healthcare": 6.1905, "median_services": 0.178, "median_commerce": 9.369, "median_entertainment": 1.2675, "PC1_pos": 1.8151617120420451, "nivvie": 37698.246547314578, "rel_education": 0.89254886968113223, "rel_sante": 1.8856735264829669, "rel_services": 0.19483828646030962, "rel_commerce": 1.1207627803622251, "rel_loisirs": 0.58773216031280551, "rel_pc1": 0.86711956481821684, "q_revenu": 5, "q_population": 2 }, "geometry": { "type": "Polygon", "coordinates": [ [ [ -0.600324600115763, 44.829323238671321 ], [ -0.600664528090779, 44.831105567834364 ], [ -0.598159376849785, 44.831360779015426 ], [ -0.597819526394311, 44.829578440446177 ], [ -0.600324600115763, 44.829323238671321 ] ] ] } },
{ "type": "Feature", "properties": { "idcar_200m": "CRS3035RES200mN2472600E3484600", "population": 197.0, "median_education": 2.373, "median_healthcare": 3.68, "median_services": 0.161, "median_commerce": 7.303, "median_entertainment": 1.179, "PC1_pos": 1.564875126560402, "nivvie": 31055.751776649744, "rel_education": 1.7080794094784895, "rel_sante": 1.1209560742197429, "rel_services": 0.17623013550623512, "rel_commerce": 0.87361837816045784, "rel_loisirs": 0.54669524024362737, "rel_pc1": 0.74755534437279758, "q_revenu": 4, "q_population": 2 }, "geometry": { "type": "Polygon", "coordinates": [ [ [ -0.597819526394311, 44.829578440446177 ], [ -0.598159376849785, 44.831360779015426 ], [ -0.595654205153246, 44.831615930298298 ], [ -0.595314432219917, 44.829833582324966 ], [ -0.597819526394311, 44.829578440446177 ] ] ] } },
{ "type": "Feature", "properties": { "idcar_200m": "CRS3035RES200mN2472600E3484800", "population": 633.5, "median_education": 2.167, "median_healthcare": 2.656, "median_services": 0.131, "median_commerce": 6.527, "median_entertainment": 1.151, "PC1_pos": 1.3025722293082798, "nivvie": 26673.245303867399, "rel_education": 1.5598011295153333, "rel_sante": 0.80903786226294483, "rel_services": 0.14339222205786833, "rel_commerce": 0.78078969659774189, "rel_loisirs": 0.53371180790535633, "rel_pc1": 0.62225082048002534, "q_revenu": 3, "q_population": 5 }, "geometry": { "type": "Polygon", "coordinates": [ [ [ -0.595314432219917, 44.829833582324966 ], [ -0.595654205153246, 44.831615930298298 ], [ -0.5931490130056, 44.831871021682183 ], [ -0.592809317597018, 44.830088664306857 ], [ -0.595314432219917, 44.829833582324966 ] ] ] } },
{ "type": "Feature", "properties": { "idcar_200m": "CRS3035RES200mN2472600E3485000", "population": 435.5, "median_education": 2.103, "median_healthcare": 2.341, "median_services": 0.173, "median_commerce": 4.798, "median_entertainment": 0.873, "PC1_pos": 1.1195648193559384, "nivvie": 27696.17726750861, "rel_education": 1.5137340910801784, "rel_sante": 0.71308645917076574, "rel_services": 0.18936530088558182, "rel_commerce": 0.5739587811055562, "rel_loisirs": 0.40480487254680803, "rel_pc1": 0.53482648543394362, "q_revenu": 3, "q_population": 4 }, "geometry": { "type": "Polygon", "coordinates": [ [ [ -0.592809317597018, 44.830088664306857 ], [ -0.5931490130056, 44.831871021682183 ], [ -0.590643800411256, 44.832126053166306 ], [ -0.590304182530031, 44.830343686391096 ], [ -0.592809317597018, 44.830088664306857 ] ] ] } },
{ "type": "Feature", "properties": { "idcar_200m": "CRS3035RES200mN2472600E3485200", "population": 482.5, "median_education": 2.975, "median_healthcare": 3.131, "median_services": 0.244, "median_commerce": 4.298, "median_entertainment": 0.831, "PC1_pos": 1.3842571740505052, "nivvie": 24319.296787564766, "rel_education": 2.1413974897591679, "rel_sante": 0.95372648597337351, "rel_services": 0.26708169604671655, "rel_commerce": 0.51414648628421855, "rel_loisirs": 0.38532972403940147, "rel_pc1": 0.66127247528200694, "q_revenu": 2, "q_population": 5 }, "geometry": { "type": "Polygon", "coordinates": [ [ [ -0.590304182530031, 44.830343686391096 ], [ -0.590643800411256, 44.832126053166306 ], [ -0.588138567374643, 44.832381024749907 ], [ -0.587799027023379, 44.830598648576874 ], [ -0.590304182530031, 44.830343686391096 ] ] ] } },
{ "type": "Feature", "properties": { "idcar_200m": "CRS3035RES200mN2472600E3485400", "population": 411.5, "median_education": 3.02, "median_healthcare": 5.427, "median_services": 0.391, "median_commerce": 6.115, "median_entertainment": 0.966, "PC1_pos": 1.7866423479360036, "nivvie": 29831.420170109355, "rel_education": 2.1737883761588863, "rel_sante": 1.6531056018452563, "rel_services": 0.42798747194371384, "rel_commerce": 0.73150436566495969, "rel_loisirs": 0.44792841567035113, "rel_pc1": 0.85349560039209293, "q_revenu": 4, "q_population": 4 }, "geometry": { "type": "Polygon", "coordinates": [ [ [ -0.587799027023379, 44.830598648576874 ], [ -0.588138567374643, 44.832381024749907 ], [ -0.585633313900193, 44.832635936432155 ], [ -0.585293851081492, 44.830853550863417 ], [ -0.587799027023379, 44.830598648576874 ] ] ] } },
{ "type": "Feature", "properties": { "idcar_200m": "CRS3035RES200mN2472600E3485600", "population": 671.5, "median_education": 1.931, "median_healthcare": 3.739, "median_services": 0.824, "median_commerce": 7.6905, "median_entertainment": 1.8695, "PC1_pos": 1.9969042239157755, "nivvie": 26395.844229337301, "rel_education": 1.3899289252856986, "rel_sante": 1.1389279243227224, "rel_services": 0.90194802271514118, "rel_commerce": 0.9199729066469946, "rel_loisirs": 0.86687595558563302, "rel_pc1": 0.95393964633460593, "q_revenu": 3, "q_population": 5 }, "geometry": { "type": "Polygon", "coordinates": [ [ [ -0.585293851081492, 44.830853550863417 ], [ -0.585633313900193, 44.832635936432155 ], [ -0.58312803999232, 44.832890788212296 ], [ -0.582788654708791, 44.831108393249963 ], [ -0.585293851081492, 44.830853550863417 ] ] ] } },
{ "type": "Feature", "properties": { "idcar_200m": "CRS3035RES200mN2472600E3485800", "population": 552.0, "median_education": 1.789, "median_healthcare": 4.26, "median_services": 2.077, "median_commerce": 11.931, "median_entertainment": 3.276, "PC1_pos": 3.4774754578210172, "nivvie": 25390.959601449274, "rel_education": 1.287717683757698, "rel_sante": 1.2976284989608979, "rel_services": 2.2734782077419275, "rel_commerce": 1.4272409790267593, "rel_loisirs": 1.5190615835777126, "rel_pc1": 1.661222240226464, "q_revenu": 2, "q_population": 5 }, "geometry": { "type": "Polygon", "coordinates": [ [ [ -0.582788654708791, 44.831108393249963 ], [ -0.58312803999232, 44.832890788212296 ], [ -0.580622745655456, 44.83314558008955 ], [ -0.580283437909702, 44.831363175735724 ], [ -0.582788654708791, 44.831108393249963 ] ] ] } },
{ "type": "Feature", "properties": { "idcar_200m": "CRS3035RES200mN2472600E3486000", "population": 343.0, "median_education": 2.2475, "median_healthcare": 8.474, "median_services": 3.941, "median_commerce": 19.458, "median_entertainment": 4.447, "PC1_pos": 6.0429874468221607, "nivvie": 22769.909329446065, "rel_education": 1.6177448262970522, "rel_sante": 2.5812450469940491, "rel_services": 4.3138072300004504, "rel_commerce": 2.3276552652671763, "rel_loisirs": 2.0620472717246909, "rel_pc1": 2.8867910833109307, "q_revenu": 2, "q_population": 4 }, "geometry": { "type": "Polygon", "coordinates": [ [ [ -0.580283437909702, 44.831363175735724 ], [ -0.580622745655456, 44.83314558008955 ], [ -0.578117430894026, 44.833400312063098 ], [ -0.577778200688643, 44.831617898319898 ], [ -0.580283437909702, 44.831363175735724 ] ] ] } },
{ "type": "Feature", "properties": { "idcar_200m": "CRS3035RES200mN2472600E3486200", "population": 390.5, "median_education": 5.2195, "median_healthcare": 12.5785, "median_services": 7.2435, "median_commerce": 29.5995, "median_entertainment": 7.02, "PC1_pos": 10.028791898719469, "nivvie": 22323.677080665813, "rel_education": 3.7569829236295722, "rel_sante": 3.8315070596665857, "rel_services": 7.9287142021081616, "rel_commerce": 3.5408280411283681, "rel_loisirs": 3.2551319648093839, "rel_pc1": 4.7908467929763452, "q_revenu": 2, "q_population": 4 }, "geometry": { "type": "Polygon", "coordinates": [ [ [ -0.577778200688643, 44.831617898319898 ], [ -0.578117430894026, 44.833400312063098 ], [ -0.575612095712457, 44.833654984132224 ], [ -0.575272943050053, 44.831872561001703 ], [ -0.577778200688643, 44.831617898319898 ] ] ] } },
{ "type": "Feature", "properties": { "idcar_200m": "CRS3035RES200mN2472600E3486400", "population": 574.5, "median_education": 5.967, "median_healthcare": 15.617, "median_services": 10.959, "median_commerce": 40.191, "median_entertainment": 10.5745, "PC1_pos": 14.169306969718207, "nivvie": 20866.059355961705, "rel_education": 4.2950315366026741, "rel_sante": 4.757057339970034, "rel_services": 11.995689782688387, "rel_commerce": 4.807831882328764, "rel_loisirs": 4.9033323307516863, "rel_pc1": 6.7688091985675287, "q_revenu": 1, "q_population": 5 }, "geometry": { "type": "Polygon", "coordinates": [ [ [ -0.575272943050053, 44.831872561001703 ], [ -0.575612095712457, 44.833654984132224 ], [ -0.573106740115171, 44.833909596296095 ], [ -0.572767664998345, 44.832127163780356 ], [ -0.575272943050053, 44.831872561001703 ] ] ] } },
{ "type": "Feature", "properties": { "idcar_200m": "CRS3035RES200mN2472600E3486600", "population": 463.0, "median_education": 3.404, "median_healthcare": 12.824, "median_services": 7.672, "median_commerce": 50.779, "median_entertainment": 15.364, "PC1_pos": 13.111792038014173, "nivvie": 20273.65615550756, "rel_education": 2.4501906067698176, "rel_sante": 3.9062882325527122, "rel_services": 8.3977490658623335, "rel_commerce": 6.0744170374654107, "rel_loisirs": 7.1241948016141565, "rel_pc1": 6.2636245192717324, "q_revenu": 1, "q_population": 5 }, "geometry": { "type": "Polygon", "coordinates": [ [ [ -0.572767664998345, 44.832127163780356 ], [ -0.573106740115171, 44.833909596296095 ], [ -0.570601364106602, 44.834164148553931 ], [ -0.570262366537955, 44.832381706655077 ], [ -0.572767664998345, 44.832127163780356 ] ] ] } },
{ "type": "Feature", "properties": { "idcar_200m": "CRS3035RES200mN2472600E3486800", "population": 633.0, "median_education": 3.2685, "median_healthcare": 10.2475, "median_services": 4.3605, "median_commerce": 58.1255, "median_entertainment": 10.8045, "PC1_pos": 10.32426285403173, "nivvie": 23510.360031595577, "rel_education": 2.3526580488328879, "rel_sante": 3.1214666767844599, "rel_services": 4.7729907197201129, "rel_commerce": 6.9532390852753245, "rel_loisirs": 5.0099819535303407, "rel_pc1": 4.9319960054608671, "q_revenu": 2, "q_population": 5 }, "geometry": { "type": "Polygon", "coordinates": [ [ [ -0.570262366537955, 44.832381706655077 ], [ -0.570601364106602, 44.834164148553931 ], [ -0.568095967691168, 44.834418640904957 ], [ -0.567757047673302, 44.832636189625077 ], [ -0.570262366537955, 44.832381706655077 ] ] ] } },
{ "type": "Feature", "properties": { "idcar_200m": "CRS3035RES200mN2472600E3487000", "population": 561.5, "median_education": 4.1705, "median_healthcare": 10.4485, "median_services": 3.8705, "median_commerce": 67.4695, "median_entertainment": 8.309, "PC1_pos": 10.161364242031997, "nivvie": 21380.889403383793, "rel_education": 3.001915371778356, "rel_sante": 3.1826928101861363, "rel_services": 4.2366381333967889, "rel_commerce": 8.0710112508964844, "rel_loisirs": 3.8528335463819339, "rel_pc1": 4.8541778294770914, "q_revenu": 1, "q_population": 5 }, "geometry": { "type": "Polygon", "coordinates": [ [ [ -0.567757047673302, 44.832636189625077 ], [ -0.568095967691168, 44.834418640904957 ], [ -0.565590550873298, 44.834673073348398 ], [ -0.565251708408817, 44.832890612689631 ], [ -0.567757047673302, 44.832636189625077 ] ] ] } },
{ "type": "Feature", "properties": { "idcar_200m": "CRS3035RES200mN2472600E3487200", "population": 683.0, "median_education": 1.455, "median_healthcare": 7.739, "median_services": 2.449, "median_commerce": 39.438, "median_entertainment": 6.285, "PC1_pos": 6.4939076775400935, "nivvie": 19078.368374816982, "rel_education": 1.0473053269242318, "rel_sante": 2.3573584397789644, "rel_services": 2.6806683345016755, "rel_commerce": 4.7177545663278293, "rel_loisirs": 2.9143168659297691, "rel_pc1": 3.1021998546803915, "q_revenu": 1, "q_population": 5 }, "geometry": { "type": "Polygon", "coordinates": [ [ [ -0.565251708408817, 44.832890612689631 ], [ -0.565590550873298, 44.834673073348398 ], [ -0.56308511365743, 44.834927445883451 ], [ -0.562746348748924, 44.83314497584788 ], [ -0.565251708408817, 44.832890612689631 ] ] ] } },
{ "type": "Feature", "properties": { "idcar_200m": "CRS3035RES200mN2472600E3487400", "population": 64.0, "median_education": 0.8, "median_healthcare": 6.794, "median_services": 1.192, "median_commerce": 19.479, "median_entertainment": 6.426, "PC1_pos": 4.0911414395056624, "nivvie": 19031.826562499999, "rel_education": 0.57583798043944012, "rel_sante": 2.0695042305024272, "rel_services": 1.3047597610151072, "rel_commerce": 2.3301673816496726, "rel_loisirs": 2.9796977216332055, "rel_pc1": 1.9543761644481796, "q_revenu": 1, "q_population": 1 }, "geometry": { "type": "Polygon", "coordinates": [ [ [ -0.562746348748924, 44.83314497584788 ], [ -0.56308511365743, 44.834927445883451 ], [ -0.560579656047983, 44.835181758509371 ], [ -0.560240968698058, 44.833399279099091 ], [ -0.562746348748924, 44.83314497584788 ] ] ] } },
{ "type": "Feature", "properties": { "idcar_200m": "CRS3035RES200mN2472600E3488400", "population": 17.0, "median_education": 0.3365, "median_healthcare": 0.145, "median_services": 0.0, "median_commerce": 0.738, "median_entertainment": 0.3935, "PC1_pos": 0.18078948921199234, "nivvie": 16798.594117647059, "rel_education": 0.24221185052233951, "rel_sante": 0.044168106185288776, "rel_services": 0.0, "rel_commerce": 0.088282947156294395, "rel_loisirs": 0.18246359375391635, "rel_pc1": 0.086364813762433129, "q_revenu": 1, "q_population": 1 }, "geometry": { "type": "Polygon", "coordinates": [ [ [ -0.550219244673355, 44.834415893017713 ], [ -0.550557621762982, 44.836198409905862 ], [ -0.54805206225208, 44.836452422974261 ], [ -0.547713762734015, 44.834669896721891 ], [ -0.550219244673355, 44.834415893017713 ] ] ] } },
{ "type": "Feature", "properties": { "idcar_200m": "CRS3035RES200mN2472800E3483200", "population": 301.5, "median_education": 0.164, "median_healthcare": 2.497, "median_services": 0.684, "median_commerce": 14.382, "median_entertainment": 2.538, "PC1_pos": 2.3638220857291761, "nivvie": 28113.756218905473, "rel_education": 0.11804678599008524, "rel_sante": 0.7606052492735591, "rel_services": 0.74870442662276282, "rel_commerce": 1.7204408482409568, "rel_loisirs": 1.1768554026618543, "rel_pc1": 1.1292197079120048, "q_revenu": 3, "q_population": 3 }, "geometry": { "type": "Polygon", "coordinates": [ [ [ -0.615695005722709, 44.829573042929887 ], [ -0.616035427178706, 44.831355311714269 ], [ -0.613530321253762, 44.831610891687582 ], [ -0.61318997730784, 44.829828613483627 ], [ -0.615695005722709, 44.829573042929887 ] ] ] } },
{ "type": "Feature", "properties": { "idcar_200m": "CRS3035RES200mN2472800E3483400", "population": 366.0, "median_education": 0.298, "median_healthcare": 4.618, "median_services": 1.6, "median_commerce": 14.132, "median_entertainment": 3.165, "PC1_pos": 3.1181224684299296, "nivvie": 27009.397814207648, "rel_education": 0.21449964771369143, "rel_sante": 1.4066780300942316, "rel_services": 1.7513553839128957, "rel_commerce": 1.6905347008302876, "rel_loisirs": 1.4675915482367095, "rel_pc1": 1.4895559882833382, "q_revenu": 3, "q_population": 4 }, "geometry": { "type": "Polygon", "coordinates": [ [ [ -0.61318997730784, 44.829828613483627 ], [ -0.613530321253762, 44.831610891687582 ], [ -0.611025194844126, 44.831866411765375 ], [ -0.61068492841089, 44.830084124143887 ], [ -0.61318997730784, 44.829828613483627 ] ] ] } },
{ "type": "Feature", "properties": { "idcar_200m": "CRS3035RES200mN2472800E3483600", "population": 315.5, "median_education": 0.495, "median_healthcare": 10.754, "median_services": 1.916, "median_commerce": 14.616, "median_entertainment": 2.977, "PC1_pos": 4.0412722955509031, "nivvie": 28502.592393026942, "rel_education": 0.35629975039690359, "rel_sante": 3.2757504408041069, "rel_services": 2.0972480722356921, "rel_commerce": 1.7484330022173424, "rel_loisirs": 1.3804170739654611, "rel_pc1": 1.9305532124119886, "q_revenu": 4, "q_population": 4 }, "geometry": { "type": "Polygon", "coordinates": [ [ [ -0.61068492841089, 44.830084124143887 ], [ -0.611025194844126, 44.831866411765375 ], [ -0.60852004795423, 44.832121871946732 ], [ -0.608179859036289, 44.830339574909864 ], [ -0.61068492841089, 44.830084124143887 ] ] ] } },
{ "type": "Feature", "properties": { "idcar_200m": "CRS3035RES200mN2472800E3483800", "population": 360.5, "median_education": 0.5025, "median_healthcare": 24.0325, "median_services": 1.0185, "median_commerce": 7.5205, "median_entertainment": 1.3735, "PC1_pos": 3.9129241716152623, "nivvie": 28150.574479889041, "rel_education": 0.36169823146352331, "rel_sante": 7.3204828406755347, "rel_services": 1.1148471615720525, "rel_commerce": 0.89963672640773984, "rel_loisirs": 0.63688372559340301, "rel_pc1": 1.8692401246391626, "q_revenu": 4, "q_population": 4 }, "geometry": { "type": "Polygon", "coordinates": [ [ [ -0.608179859036289, 44.830339574909864 ], [ -0.60852004795423, 44.832121871946732 ], [ -0.60601488058849, 44.832377272230964 ], [ -0.605674769188454, 44.830594965780804 ], [ -0.608179859036289, 44.830339574909864 ] ] ] } },
{ "type": "Feature", "properties": { "idcar_200m": "CRS3035RES200mN2472800E3484000", "population": 349.0, "median_education": 0.52, "median_healthcare": 21.886, "median_services": 0.884, "median_commerce": 5.568, "median_entertainment": 1.054, "PC1_pos": 3.1298258101577403, "nivvie": 29155.054154727794, "rel_education": 0.37429468728563609, "rel_sante": 6.6666425653188286, "rel_services": 0.96762384961187475, "rel_commerce": 0.66606971513041613, "rel_loisirs": 0.48873348873348876, "rel_pc1": 1.4951467830420715, "q_revenu": 4, "q_population": 4 }, "geometry": { "type": "Polygon", "coordinates": [ [ [ -0.605674769188454, 44.830594965780804 ], [ -0.60601488058849, 44.832377272230964 ], [ -0.60350969275133, 44.832632612617225 ], [ -0.603169658871811, 44.830850296755919 ], [ -0.605674769188454, 44.830594965780804 ] ] ] } },
{ "type": "Feature", "properties": { "idcar_200m": "CRS3035RES200mN2472800E3484200", "population": 387.0, "median_education": 0.727, "median_healthcare": 13.393, "median_services": 0.479, "median_commerce": 4.129, "median_entertainment": 0.737, "PC1_pos": 2.0597088652803661, "nivvie": 31486.761757105945, "rel_education": 0.52329276472434116, "rel_sante": 4.0796099733763631, "rel_services": 0.52431201805892302, "rel_commerce": 0.49392993063460638, "rel_loisirs": 0.34174248690377723, "rel_pc1": 0.98394200531305853, "q_revenu": 5, "q_population": 4 }, "geometry": { "type": "Polygon", "coordinates": [ [ [ -0.603169658871811, 44.830850296755919 ], [ -0.60350969275133, 44.832632612617225 ], [ -0.601004484447183, 44.832887893104804 ], [ -0.600664528090779, 44.831105567834364 ], [ -0.603169658871811, 44.830850296755919 ] ] ] } },
{ "type": "Feature", "properties": { "idcar_200m": "CRS3035RES200mN2472800E3484400", "population": 334.5, "median_education": 1.187, "median_healthcare": 6.3575, "median_services": 0.234, "median_commerce": 8.7905, "median_entertainment": 1.095, "PC1_pos": 1.7289235876383913, "nivvie": 32652.558445440958, "rel_education": 0.85439960347701938, "rel_sante": 1.9365430005032649, "rel_services": 0.256135724897261, "rel_commerce": 1.0515599552539376, "rel_loisirs": 0.50774494322881414, "rel_pc1": 0.82592281391302624, "q_revenu": 5, "q_population": 4 }, "geometry": { "type": "Polygon", "coordinates": [ [ [ -0.600664528090779, 44.831105567834364 ], [ -0.601004484447183, 44.832887893104804 ], [ -0.59849925568046, 44.833143113692877 ], [ -0.598159376849785, 44.831360779015426 ], [ -0.600664528090779, 44.831105567834364 ] ] ] } },
{ "type": "Feature", "properties": { "idcar_200m": "CRS3035RES200mN2472800E3484600", "population": 468.0, "median_education": 0.995, "median_healthcare": 4.609, "median_services": 0.174, "median_commerce": 9.3725, "median_entertainment": 1.454, "PC1_pos": 1.7033065294860081, "nivvie": 23720.101495726496, "rel_education": 0.71619848817155363, "rel_sante": 1.403936561434455, "rel_services": 0.19045989800052737, "rel_commerce": 1.1211814664259745, "rel_loisirs": 0.67421109356593234, "rel_pc1": 0.81368530792683624, "q_revenu": 2, "q_population": 5 }, "geometry": { "type": "Polygon", "coordinates": [ [ [ -0.598159376849785, 44.831360779015426 ], [ -0.59849925568046, 44.833143113692877 ], [ -0.595994006455589, 44.833398274380642 ], [ -0.595654205153246, 44.831615930298298 ], [ -0.598159376849785, 44.831360779015426 ] ] ] } },
{ "type": "Feature", "properties": { "idcar_200m": "CRS3035RES200mN2472800E3484800", "population": 271.0, "median_education": 1.1575, "median_healthcare": 4.606, "median_services": 0.211, "median_commerce": 13.5445, "median_entertainment": 2.928, "PC1_pos": 2.2087537762043699, "nivvie": 27170.69852398524, "rel_education": 0.83316557794831492, "rel_sante": 1.4030227385478629, "rel_services": 0.23095999125351308, "rel_commerce": 1.6202552544152158, "rel_loisirs": 1.3576960673734868, "rel_pc1": 1.0551421399574799, "q_revenu": 3, "q_population": 3 }, "geometry": { "type": "Polygon", "coordinates": [ [ [ -0.595654205153246, 44.831615930298298 ], [ -0.595994006455589, 44.833398274380642 ], [ -0.593488736776999, 44.833653375167323 ], [ -0.5931490130056, 44.831871021682183 ], [ -0.595654205153246, 44.831615930298298 ] ] ] } },
{ "type": "Feature", "properties": { "idcar_200m": "CRS3035RES200mN2472800E3485000", "population": 365.5, "median_education": 1.147, "median_healthcare": 2.971, "median_services": 0.286, "median_commerce": 8.229, "median_entertainment": 2.831, "PC1_pos": 1.6843056415825095, "nivvie": 29667.511354309165, "rel_education": 0.82560770445504728, "rel_sante": 0.90498926535512392, "rel_services": 0.31305477487443006, "rel_commerce": 0.98439074816957517, "rel_loisirs": 1.3127177482016192, "rel_pc1": 0.80460840775825226, "q_revenu": 4, "q_population": 4 }, "geometry": { "type": "Polygon", "coordinates": [ [ [ -0.5931490130056, 44.831871021682183 ], [ -0.593488736776999, 44.833653375167323 ], [ -0.590983446649111, 44.833908416052168 ], [ -0.590643800411256, 44.832126053166306 ], [ -0.5931490130056, 44.831871021682183 ] ] ] } },
{ "type": "Feature", "properties": { "idcar_200m": "CRS3035RES200mN2472800E3485200", "population": 345.5, "median_education": 1.654, "median_healthcare": 2.488, "median_services": 0.3925, "median_commerce": 5.587, "median_entertainment": 1.3545, "PC1_pos": 1.3925782272623857, "nivvie": 25908.220839363243, "rel_education": 1.1905450245585425, "rel_sante": 0.75786378061378268, "rel_services": 0.42962936761613219, "rel_commerce": 0.66834258233362698, "rel_loisirs": 0.62807353936386201, "rel_pc1": 0.66524751948443117, "q_revenu": 3, "q_population": 4 }, "geometry": { "type": "Polygon", "coordinates": [ [ [ -0.590643800411256, 44.832126053166306 ], [ -0.590983446649111, 44.833908416052168 ], [ -0.588478136076346, 44.834163397034359 ], [ -0.588138567374643, 44.832381024749907 ], [ -0.590643800411256, 44.832126053166306 ] ] ] } },
{ "type": "Feature", "properties": { "idcar_200m": "CRS3035RES200mN2472800E3485400", "population": 331.5, "median_education": 2.182, "median_healthcare": 3.2755, "median_services": 0.756, "median_commerce": 7.0735, "median_entertainment": 1.505, "PC1_pos": 1.8760792336274215, "nivvie": 25867.079336349925, "rel_education": 1.5705980916485733, "rel_sante": 0.99774228834423029, "rel_services": 0.82751541889884317, "rel_commerce": 0.8461645348374639, "rel_loisirs": 0.69785948818206878, "rel_pc1": 0.89622042919657052, "q_revenu": 3, "q_population": 4 }, "geometry": { "type": "Polygon", "coordinates": [ [ [ -0.588138567374643, 44.832381024749907 ], [ -0.588478136076346, 44.834163397034359 ], [ -0.585972805063137, 44.834418318113102 ], [ -0.585633313900193, 44.832635936432155 ], [ -0.588138567374643, 44.832381024749907 ] ] ] } },
{ "type": "Feature", "properties": { "idcar_200m": "CRS3035RES200mN2472800E3485600", "population": 501.0, "median_education": 1.894, "median_healthcare": 3.6, "median_services": 1.368, "median_commerce": 10.543, "median_entertainment": 2.734, "PC1_pos": 2.6603666627288036, "nivvie": 26126.248502994011, "rel_education": 1.3632964186903744, "rel_sante": 1.0965874639106179, "rel_services": 1.4974088532455259, "rel_commerce": 1.2612020486027258, "rel_loisirs": 1.2677394290297517, "rel_pc1": 1.270881799422209, "q_revenu": 3, "q_population": 5 }, "geometry": { "type": "Polygon", "coordinates": [ [ [ -0.585633313900193, 44.832635936432155 ], [ -0.585972805063137, 44.834418318113102 ], [ -0.583467453613906, 44.834673179287684 ], [ -0.58312803999232, 44.832890788212296 ], [ -0.585633313900193, 44.832635936432155 ] ] ] } },
{ "type": "Feature", "properties": { "idcar_200m": "CRS3035RES200mN2472800E3485800", "population": 522.5, "median_education": 1.963, "median_healthcare": 5.057, "median_services": 2.177, "median_commerce": 13.272, "median_entertainment": 3.705, "PC1_pos": 3.7188850452867959, "nivvie": 25233.262583732056, "rel_education": 1.4129624445032762, "rel_sante": 1.5404007791655543, "rel_services": 2.3829379192364835, "rel_commerce": 1.587657553737587, "rel_loisirs": 1.7179863147605083, "rel_pc1": 1.7765458364865323, "q_revenu": 2, "q_population": 5 }, "geometry": { "type": "Polygon", "coordinates": [ [ [ -0.58312803999232, 44.832890788212296 ], [ -0.583467453613906, 44.834673179287684 ], [ -0.580962081733076, 44.834927980557218 ], [ -0.580622745655456, 44.83314558008955 ], [ -0.58312803999232, 44.832890788212296 ] ] ] } },
{ "type": "Feature", "properties": { "idcar_200m": "CRS3035RES200mN2472800E3486000", "population": 72.0, "median_education": 2.893, "median_healthcare": 9.023, "median_services": 4.0285, "median_commerce": 17.9065, "median_entertainment": 7.742, "PC1_pos": 6.7216138590464167, "nivvie": 27430.394444444442, "rel_education": 2.0823740967641253, "rel_sante": 2.7484746352404184, "rel_services": 4.4095844775581865, "rel_commerce": 2.1420577144365658, "rel_loisirs": 3.5899190415319446, "rel_pc1": 3.2109772069704268, "q_revenu": 3, "q_population": 1 }, "geometry": { "type": "Polygon", "coordinates": [ [ [ -0.580622745655456, 44.83314558008955 ], [ -0.580962081733076, 44.834927980557218 ], [ -0.578456689425081, 44.835182721921001 ], [ -0.578117430894026, 44.833400312063098 ], [ -0.580622745655456, 44.83314558008955 ] ] ] } },
{ "type": "Feature", "properties": { "idcar_200m": "CRS3035RES200mN2472800E3486200", "population": 413.0, "median_education": 4.862, "median_healthcare": 10.859, "median_services": 6.006, "median_commerce": 24.352, "median_entertainment": 9.716, "PC1_pos": 9.1150546950949192, "nivvie": 25508.768523002422, "rel_education": 3.4996553261206973, "rel_sante": 3.3077342418348334, "rel_services": 6.5741502723630321, "rel_commerce": 2.9130980069784296, "rel_loisirs": 4.5052510213800536, "rel_pc1": 4.3543460662869427, "q_revenu": 3, "q_population": 4 }, "geometry": { "type": "Polygon", "coordinates": [ [ [ -0.578117430894026, 44.833400312063098 ], [ -0.578456689425081, 44.835182721921001 ], [ -0.575951276694338, 44.835437403378222 ], [ -0.575612095712457, 44.833654984132224 ], [ -0.578117430894026, 44.833400312063098 ] ] ] } },
{ "type": "Feature", "properties": { "idcar_200m": "CRS3035RES200mN2472800E3486400", "population": 677.5, "median_education": 6.5905, "median_healthcare": 12.423, "median_services": 8.531, "median_commerce": 44.108, "median_entertainment": 15.9965, "PC1_pos": 13.430804302045747, "nivvie": 22931.660959409593, "rel_education": 4.7438252626076629, "rel_sante": 3.7841405733782243, "rel_services": 9.3380079876005677, "rel_commerce": 5.2764013999591235, "rel_loisirs": 7.417481264255458, "rel_pc1": 6.416019633009304, "q_revenu": 2, "q_population": 5 }, "geometry": { "type": "Polygon", "coordinates": [ [ [ -0.575612095712457, 44.833654984132224 ], [ -0.575951276694338, 44.835437403378222 ], [ -0.573445843545284, 44.835692024928115 ], [ -0.573106740115171, 44.833909596296095 ], [ -0.575612095712457, 44.833654984132224 ] ] ] } },
{ "type": "Feature", "properties": { "idcar_200m": "CRS3035RES200mN2472800E3486600", "population": 416.0, "median_education": 4.0935, "median_healthcare": 11.6685, "median_services": 6.206, "median_commerce": 59.134, "median_entertainment": 17.465, "PC1_pos": 12.966168718681494, "nivvie": 24860.815865384615, "rel_education": 2.9464909661610608, "rel_sante": 3.5543141174002906, "rel_services": 6.793069695352143, "rel_commerce": 7.0738804839299627, "rel_loisirs": 8.0984159209965654, "rel_pc1": 6.1940589106268256, "q_revenu": 2, "q_population": 4 }, "geometry": { "type": "Polygon", "coordinates": [ [ [ -0.573106740115171, 44.833909596296095 ], [ -0.573445843545284, 44.835692024928115 ], [ -0.57094038998234, 44.83594658656984 ], [ -0.570601364106602, 44.834164148553931 ], [ -0.573106740115171, 44.833909596296095 ] ] ] } },
{ "type": "Feature", "properties": { "idcar_200m": "CRS3035RES200mN2472800E3486800", "population": 927.5, "median_education": 2.949, "median_healthcare": 11.06, "median_services": 4.509, "median_commerce": 65.476, "median_entertainment": 11.344, "PC1_pos": 10.90614691090024, "nivvie": 23429.655849056606, "rel_education": 2.1226827553948859, "rel_sante": 3.3689603752365098, "rel_services": 4.935538391289529, "rel_commerce": 7.8325396314438098, "rel_loisirs": 5.2601448730480991, "rel_pc1": 5.2099674097821111, "q_revenu": 2, "q_population": 5 }, "geometry": { "type": "Polygon", "coordinates": [ [ [ -0.570601364106602, 44.834164148553931 ], [ -0.57094038998234, 44.83594658656984 ], [ -0.56843491600993, 44.836201088302708 ], [ -0.568095967691168, 44.834418640904957 ], [ -0.570601364106602, 44.834164148553931 ] ] ] } },
{ "type": "Feature", "properties": { "idcar_200m": "CRS3035RES200mN2472800E3487000", "population": 759.5, "median_education": 2.4975, "median_healthcare": 10.0255, "median_services": 4.1545, "median_commerce": 67.583, "median_entertainment": 7.761, "PC1_pos": 10.173686344024858, "nivvie": 21965.977090190914, "rel_education": 1.7976941951843768, "rel_sante": 3.0538437831766387, "rel_services": 4.5475037140413281, "rel_commerce": 8.0845886418209254, "rel_loisirs": 3.5987292277614857, "rel_pc1": 4.8600642117464012, "q_revenu": 2, "q_population": 5 }, "geometry": { "type": "Polygon", "coordinates": [ [ [ -0.568095967691168, 44.834418640904957 ], [ -0.56843491600993, 44.836201088302708 ], [ -0.565929421632489, 44.836455530125853 ], [ -0.565590550873298, 44.834673073348398 ], [ -0.568095967691168, 44.834418640904957 ] ] ] } },
{ "type": "Feature", "properties": { "idcar_200m": "CRS3035RES200mN2472800E3487200", "population": 271.5, "median_education": 1.217, "median_healthcare": 5.9085, "median_services": 2.0685, "median_commerce": 35.4425, "median_entertainment": 5.36, "PC1_pos": 5.8012269206112457, "nivvie": 19772.8773480663, "rel_education": 0.87599352774349837, "rel_sante": 1.7997741751433018, "rel_services": 2.2641741322648903, "rel_commerce": 4.2397945184105197, "rel_loisirs": 2.4853999047547437, "rel_pc1": 2.7712998403613462, "q_revenu": 1, "q_population": 3 }, "geometry": { "type": "Polygon", "coordinates": [ [ [ -0.565590550873298, 44.834673073348398 ], [ -0.565929421632489, 44.836455530125853 ], [ -0.563423906854446, 44.836709912038536 ], [ -0.56308511365743, 44.834927445883451 ], [ -0.565590550873298, 44.834673073348398 ] ] ] } },
{ "type": "Feature", "properties": { "idcar_200m": "CRS3035RES200mN2472800E3488000", "population": 7.0, "median_education": 0.567, "median_healthcare": 0.287, "median_services": 0.183, "median_commerce": 1.703, "median_entertainment": 1.472, "PC1_pos": 0.66224845409414512, "nivvie": 16798.585714285717, "rel_education": 0.40812516863645315, "rel_sante": 0.087422389483985369, "rel_services": 0.20031127203503743, "rel_commerce": 0.20372067616147607, "rel_loisirs": 0.68255758578339221, "rel_pc1": 0.31636222134149472, "q_revenu": 1, "q_population": 1 }, "geometry": { "type": "Polygon", "coordinates": [ [ [ -0.555568679666064, 44.835690204030612 ], [ -0.555907240160964, 44.837472698305909 ], [ -0.553401643824786, 44.837726840568884 ], [ -0.553063160902456, 44.835944336924349 ], [ -0.555568679666064, 44.835690204030612 ] ] ] } },
{ "type": "Feature", "properties": { "idcar_200m": "CRS3035RES200mN2472800E3488800", "population": 60.5, "median_education": 0.0, "median_healthcare": 0.0, "median_services": 0.0, "median_commerce": 0.0, "median_entertainment": 0.013, "PC1_pos": 0.0029731159638197724, "nivvie": 13357.867768595041, "rel_education": 0.0, "rel_sante": 0.0, "rel_services": 0.0, "rel_commerce": 0.0, "rel_loisirs": 0.0060280221570544147, "rel_pc1": 0.0014202850377453193, "q_revenu": 1, "q_population": 1 }, "geometry": { "type": "Polygon", "coordinates": [ [ [ -0.545546482374172, 44.836706376128816 ], [ -0.545884732563211, 44.838488907868395 ], [ -0.543379054739778, 44.838742810469135 ], [ -0.543040882133691, 44.836960269368795 ], [ -0.545546482374172, 44.836706376128816 ] ] ] } },
{ "type": "Feature", "properties": { "idcar_200m": "CRS3035RES200mN2473000E3483200", "population": 282.5, "median_education": 0.201, "median_healthcare": 2.242, "median_services": 0.937, "median_commerce": 20.511, "median_entertainment": 2.081, "PC1_pos": 2.7904598496473176, "nivvie": 33625.404601769915, "rel_education": 0.14467929258540935, "rel_sante": 0.68293030391322374, "rel_services": 1.0256374967039894, "rel_commerce": 2.4536199581609135, "rel_loisirs": 0.9649472391407875, "rel_pc1": 1.3330285199475613, "q_revenu": 5, "q_population": 3 }, "geometry": { "type": "Polygon", "coordinates": [ [ [ -0.616035427178706, 44.831355311714269 ], [ -0.616375877056511, 44.833137576601494 ], [ -0.613870693615301, 44.833393165995226 ], [ -0.613530321253762, 44.831610891687582 ], [ -0.616035427178706, 44.831355311714269 ] ] ] } },
{ "type": "Feature", "properties": { "idcar_200m": "CRS3035RES200mN2473000E3483400", "population": 260.5, "median_education": 0.584, "median_healthcare": 6.264, "median_services": 2.8845, "median_commerce": 47.4515, "median_entertainment": 5.1515, "PC1_pos": 6.7024482005659172, "nivvie": 30492.769673704413, "rel_education": 0.42036172572079128, "rel_sante": 1.908062187204475, "rel_services": 3.1573653780604669, "rel_commerce": 5.6763662154294083, "rel_loisirs": 2.3887197032358323, "rel_pc1": 3.2018215943708368, "q_revenu": 4, "q_population": 3 }, "geometry": { "type": "Polygon", "coordinates": [ [ [ -0.613530321253762, 44.831610891687582 ], [ -0.613870693615301, 44.833393165995226 ], [ -0.611365489686791, 44.833648695491256 ], [ -0.611025194844126, 44.831866411765375 ], [ -0.613530321253762, 44.831610891687582 ] ] ] } },
{ "type": "Feature", "properties": { "idcar_200m": "CRS3035RES200mN2473000E3483600", "population": 222.0, "median_education": 1.0785, "median_healthcare": 9.782, "median_services": 3.9405, "median_commerce": 36.84, "median_entertainment": 5.874, "PC1_pos": 6.8390413791527465, "nivvie": 32785.171171171169, "rel_education": 0.77630157737992023, "rel_sante": 2.9796718255482402, "rel_services": 4.3132599314429783, "rel_commerce": 4.4069698824361589, "rel_loisirs": 2.7237386269644337, "rel_pc1": 3.2670734211296226, "q_revenu": 5, "q_population": 3 }, "geometry": { "type": "Polygon", "coordinates": [ [ [ -0.611025194844126, 44.831866411765375 ], [ -0.611365489686791, 44.833648695491256 ], [ -0.608860265275415, 44.833904165088832 ], [ -0.60852004795423, 44.832121871946732 ], [ -0.611025194844126, 44.831866411765375 ] ] ] } },
{ "type": "Feature", "properties": { "idcar_200m": "CRS3035RES200mN2473000E3483800", "population": 329.5, "median_education": 0.649, "median_healthcare": 7.416, "median_services": 1.11, "median_commerce": 9.033, "median_entertainment": 1.65, "PC1_pos": 2.5103742684304575, "nivvie": 30766.986039453717, "rel_education": 0.46714856163149582, "rel_sante": 2.2589701756558731, "rel_services": 1.2150027975895714, "rel_commerce": 1.0805689182422862, "rel_loisirs": 0.76509511993382961, "rel_pc1": 1.1992290431927346, "q_revenu": 4, "q_population": 4 }, "geometry": { "type": "Polygon", "coordinates": [ [ [ -0.60852004795423, 44.832121871946732 ], [ -0.608860265275415, 44.833904165088832 ], [ -0.606355020385583, 44.834159574787144 ], [ -0.60601488058849, 44.832377272230964 ], [ -0.60852004795423, 44.832121871946732 ] ] ] } },
{ "type": "Feature", "properties": { "idcar_200m": "CRS3035RES200mN2473000E3484000", "population": 327.5, "median_education": 0.619, "median_healthcare": 6.647, "median_services": 0.504, "median_commerce": 3.978, "median_entertainment": 0.789, "PC1_pos": 1.5573883059253484, "nivvie": 26754.632671755724, "rel_education": 0.44555463736501677, "rel_sante": 2.0247269090594107, "rel_services": 0.55167694593256211, "rel_commerce": 0.47586661759856247, "rel_loisirs": 0.36585457553199491, "rel_pc1": 0.74397882080034061, "q_revenu": 3, "q_population": 4 }, "geometry": { "type": "Polygon", "coordinates": [ [ [ -0.60601488058849, 44.832377272230964 ], [ -0.606355020385583, 44.834159574787144 ], [ -0.603849755021723, 44.834414924585438 ], [ -0.60350969275133, 44.832632612617225 ], [ -0.60601488058849, 44.832377272230964 ] ] ] } },
{ "type": "Feature", "properties": { "idcar_200m": "CRS3035RES200mN2473000E3484200", "population": 345.0, "median_education": 0.7895, "median_healthcare": 6.6355, "median_services": 0.355, "median_commerce": 3.079, "median_entertainment": 0.5945, "PC1_pos": 1.297885426733616, "nivvie": 28854.132463768114, "rel_education": 0.56828010694617259, "rel_sante": 2.0212239213274739, "rel_services": 0.38858197580567366, "rel_commerce": 0.36832411150979727, "rel_loisirs": 0.27566609018221921, "rel_pc1": 0.62001189147333136, "q_revenu": 4, "q_population": 4 }, "geometry": { "type": "Polygon", "coordinates": [ [ [ -0.60350969275133, 44.832632612617225 ], [ -0.603849755021723, 44.834414924585438 ], [ -0.601344469188264, 44.834670214482898 ], [ -0.601004484447183, 44.832887893104804 ], [ -0.60350969275133, 44.832632612617225 ] ] ] } },
{ "type": "Feature", "properties": { "idcar_200m": "CRS3035RES200mN2473000E3484400", "population": 18.0, "median_education": 0.88, "median_healthcare": 4.61, "median_services": 0.304, "median_commerce": 6.651, "median_entertainment": 0.931, "PC1_pos": 1.3393156738226644, "nivvie": 27450.405555555553, "rel_education": 0.6334217784833841, "rel_sante": 1.4042411690633192, "rel_services": 0.33275752294345012, "rel_commerce": 0.79562314571343351, "rel_loisirs": 0.43169912524751236, "rel_pc1": 0.63980350430200406, "q_revenu": 3, "q_population": 1 }, "geometry": { "type": "Polygon", "coordinates": [ [ [ -0.601004484447183, 44.832887893104804 ], [ -0.601344469188264, 44.834670214482898 ], [ -0.598839162889628, 44.83492544447877 ], [ -0.59849925568046, 44.833143113692877 ], [ -0.601004484447183, 44.832887893104804 ] ] ] } },
{ "type": "Feature", "properties": { "idcar_200m": "CRS3035RES200mN2473000E3484800", "population": 7.0, "median_education": 0.575, "median_healthcare": 1.967, "median_services": 0.219, "median_commerce": 5.731, "median_entertainment": 1.141, "PC1_pos": 1.0862092120416811, "nivvie": 27450.4, "rel_education": 0.41388354844084757, "rel_sante": 0.59916320597560713, "rel_services": 0.23971676817307758, "rel_commerce": 0.68556852324217232, "rel_loisirs": 0.52907486778454527, "rel_pc1": 0.51889220282611592, "q_revenu": 3, "q_population": 1 }, "geometry": { "type": "Polygon", "coordinates": [ [ [ -0.595994006455589, 44.833398274380642 ], [ -0.596333836130232, 44.835180614572259 ], [ -0.593828488914507, 44.83543572476254 ], [ -0.593488736776999, 44.833653375167323 ], [ -0.595994006455589, 44.833398274380642 ] ] ] } },
{ "type": "Feature", "properties": { "idcar_200m": "CRS3035RES200mN2473000E3485000", "population": 23.0, "median_education": 0.466, "median_healthcare": 1.12, "median_services": 0.205, "median_commerce": 3.199, "median_entertainment": 0.796, "PC1_pos": 0.78330934919732376, "nivvie": 35308.526086956517, "rel_education": 0.33542562360597389, "rel_sante": 0.34116054432774784, "rel_services": 0.22439240856383971, "rel_commerce": 0.38267906226691834, "rel_loisirs": 0.3691004336165627, "rel_pc1": 0.37419413239490534, "q_revenu": 5, "q_population": 1 }, "geometry": { "type": "Polygon", "coordinates": [ [ [ -0.593488736776999, 44.833653375167323 ], [ -0.593828488914507, 44.83543572476254 ], [ -0.591323121246884, 44.835690775048889 ], [ -0.590983446649111, 44.833908416052168 ], [ -0.593488736776999, 44.833653375167323 ] ] ] } },
{ "type": "Feature", "properties": { "idcar_200m": "CRS3035RES200mN2473000E3485200", "population": 65.0, "median_education": 1.1725, "median_healthcare": 1.7415, "median_services": 0.7705, "median_commerce": 4.7345, "median_entertainment": 1.8125, "PC1_pos": 1.4702549977138641, "nivvie": 28544.644615384615, "rel_education": 0.84396254008155436, "rel_sante": 0.53047418566676141, "rel_services": 0.84338707706555371, "rel_commerce": 0.5663626196632463, "rel_loisirs": 0.84044539689700981, "rel_pc1": 0.70235443229750305, "q_revenu": 4, "q_population": 1 }, "geometry": { "type": "Polygon", "coordinates": [ [ [ -0.590983446649111, 44.833908416052168 ], [ -0.591323121246884, 44.835690775048889 ], [ -0.588817733131778, 44.835945765430509 ], [ -0.588478136076346, 44.834163397034359 ], [ -0.590983446649111, 44.833908416052168 ] ] ] } },
{ "type": "Feature", "properties": { "idcar_200m": "CRS3035RES200mN2473000E3485400", "population": 205.0, "median_education": 1.674, "median_healthcare": 2.563, "median_services": 1.4235, "median_commerce": 7.1765, "median_entertainment": 2.549, "PC1_pos": 2.3674460389816749, "nivvie": 24384.916097560974, "rel_education": 1.2049409740695285, "rel_sante": 0.78070935277858722, "rel_services": 1.5581589931250042, "rel_commerce": 0.85848586757065948, "rel_loisirs": 1.1819560367947464, "rel_pc1": 1.1309509039516641, "q_revenu": 2, "q_population": 2 }, "geometry": { "type": "Polygon", "coordinates": [ [ [ -0.588478136076346, 44.834163397034359 ], [ -0.588817733131778, 44.835945765430509 ], [ -0.58631232457362, 44.836200695906555 ], [ -0.585972805063137, 44.834418318113102 ], [ -0.588478136076346, 44.834163397034359 ] ] ] } },
{ "type": "Feature", "properties": { "idcar_200m": "CRS3035RES200mN2473000E3485600", "population": 474.5, "median_education": 1.9065, "median_healthcare": 3.257, "median_services": 1.784, "median_commerce": 10.008, "median_entertainment": 3.513, "PC1_pos": 3.222702130667118, "nivvie": 22274.178292939934, "rel_education": 1.3722938871347408, "rel_sante": 0.99210704721024512, "rel_services": 1.9527612530628786, "rel_commerce": 1.1972028931438945, "rel_loisirs": 1.6289570644409355, "rel_pc1": 1.5395146617207198, "q_revenu": 2, "q_population": 5 }, "geometry": { "type": "Polygon", "coordinates": [ [ [ -0.585972805063137, 44.834418318113102 ], [ -0.58631232457362, 44.836200695906555 ], [ -0.583806895576841, 44.836455566476332 ], [ -0.583467453613906, 44.834673179287684 ], [ -0.585972805063137, 44.834418318113102 ] ] ] } },
{ "type": "Feature", "properties": { "idcar_200m": "CRS3035RES200mN2473000E3485800", "population": 423.0, "median_education": 3.6245, "median_healthcare": 6.5915, "median_services": 3.6395, "median_commerce": 18.485, "median_entertainment": 6.232, "PC1_pos": 5.7724512743857472, "nivvie": 26936.642080378249, "rel_education": 2.6089059501284386, "rel_sante": 2.007821185657455, "rel_services": 3.9837861998443644, "rel_commerce": 2.2112605395448535, "rel_loisirs": 2.8897410832894699, "rel_pc1": 2.7575534475926564, "q_revenu": 3, "q_population": 4 }, "geometry": { "type": "Polygon", "coordinates": [ [ [ -0.583467453613906, 44.834673179287684 ], [ -0.583806895576841, 44.836455566476332 ], [ -0.581301446145854, 44.836710377138985 ], [ -0.580962081733076, 44.834927980557218 ], [ -0.583467453613906, 44.834673179287684 ] ] ] } },
{ "type": "Feature", "properties": { "idcar_200m": "CRS3035RES200mN2473000E3486000", "population": 45.5, "median_education": 3.7595, "median_healthcare": 8.2845, "median_services": 5.7565, "median_commerce": 23.553, "median_entertainment": 9.04, "PC1_pos": 8.2348302579461947, "nivvie": 21373.947252747254, "rel_education": 2.7060786093275939, "rel_sante": 2.52352190132431, "rel_services": 6.301048292184114, "rel_commerce": 2.8175179598539319, "rel_loisirs": 4.1917938692132237, "rel_pc1": 3.933854698592711, "q_revenu": 1, "q_population": 1 }, "geometry": { "type": "Polygon", "coordinates": [ [ [ -0.580962081733076, 44.834927980557218 ], [ -0.581301446145854, 44.836710377138985 ], [ -0.578795976285094, 44.836965127893784 ], [ -0.578456689425081, 44.835182721921001 ], [ -0.580962081733076, 44.834927980557218 ] ] ] } },
{ "type": "Feature", "properties": { "idcar_200m": "CRS3035RES200mN2473000E3486200", "population": 518.0, "median_education": 5.285, "median_healthcare": 9.919, "median_services": 8.305, "median_commerce": 31.551, "median_entertainment": 12.475, "PC1_pos": 11.801279415623387, "nivvie": 25060.01332046332, "rel_education": 3.8041296582780513, "rel_sante": 3.0214030707026165, "rel_services": 9.0906290396228737, "rel_commerce": 3.7742754278160491, "rel_loisirs": 5.7845828007118332, "rel_pc1": 5.6375804994593777, "q_revenu": 2, "q_population": 5 }, "geometry": { "type": "Polygon", "coordinates": [ [ [ -0.578456689425081, 44.835182721921001 ], [ -0.578795976285094, 44.836965127893784 ], [ -0.576290485998994, 44.837219818739918 ], [ -0.575951276694338, 44.835437403378222 ], [ -0.578456689425081, 44.835182721921001 ] ] ] } },
{ "type": "Feature", "properties": { "idcar_200m": "CRS3035RES200mN2473000E3486400", "population": 664.0, "median_education": 7.483, "median_healthcare": 13.118, "median_services": 9.737, "median_commerce": 52.544, "median_entertainment": 19.335, "PC1_pos": 15.973860632943818, "nivvie": 24816.384487951807, "rel_education": 5.3862445095354126, "rel_sante": 3.9958428754387465, "rel_services": 10.658092108224915, "rel_commerce": 6.2855544381847315, "rel_loisirs": 8.965523723588241, "rel_pc1": 7.6308612001971587, "q_revenu": 2, "q_population": 5 }, "geometry": { "type": "Polygon", "coordinates": [ [ [ -0.575951276694338, 44.835437403378222 ], [ -0.576290485998994, 44.837219818739918 ], [ -0.57378497529197, 44.837474449676634 ], [ -0.573445843545284, 44.835692024928115 ], [ -0.575951276694338, 44.835437403378222 ] ] ] } },
{ "type": "Feature", "properties": { "idcar_200m": "CRS3035RES200mN2473000E3486600", "population": 796.0, "median_education": 4.638, "median_healthcare": 10.965, "median_services": 6.784, "median_commerce": 68.058, "median_entertainment": 19.088, "PC1_pos": 14.202067512162412, "nivvie": 23894.205276381908, "rel_education": 3.338420691597654, "rel_sante": 3.3400226504944239, "rel_services": 7.4257468277906771, "rel_commerce": 8.1414103219011977, "rel_loisirs": 8.8509913026042071, "rel_pc1": 6.7844592131744745, "q_revenu": 2, "q_population": 5 }, "geometry": { "type": "Polygon", "coordinates": [ [ [ -0.573445843545284, 44.835692024928115 ], [ -0.57378497529197, 44.837474449676634 ], [ -0.571279444168457, 44.837729020703087 ], [ -0.57094038998234, 44.83594658656984 ], [ -0.573445843545284, 44.835692024928115 ] ] ] } },
{ "type": "Feature", "properties": { "idcar_200m": "CRS3035RES200mN2473000E3486800", "population": 934.0, "median_education": 3.199, "median_healthcare": 7.927, "median_services": 4.758, "median_commerce": 54.021, "median_entertainment": 11.908, "PC1_pos": 10.083193985176312, "nivvie": 23974.568094218415, "rel_education": 2.3026321242822112, "rel_sante": 2.4146246740054078, "rel_services": 5.2080930729109731, "rel_commerce": 6.4622399570869637, "rel_loisirs": 5.5216682958618444, "rel_pc1": 4.8168351736372568, "q_revenu": 2, "q_population": 5 }, "geometry": { "type": "Polygon", "coordinates": [ [ [ -0.57094038998234, 44.83594658656984 ], [ -0.571279444168457, 44.837729020703087 ], [ -0.568773892632886, 44.837983531818551 ], [ -0.56843491600993, 44.836201088302708 ], [ -0.57094038998234, 44.83594658656984 ] ] ] } },
{ "type": "Feature", "properties": { "idcar_200m": "CRS3035RES200mN2473000E3487000", "population": 817.5, "median_education": 1.815, "median_healthcare": 5.6135, "median_services": 3.228, "median_commerce": 40.9515, "median_entertainment": 7.0615, "PC1_pos": 6.9069149118050275, "nivvie": 23691.248929663609, "rel_education": 1.3064324181219797, "rel_sante": 1.709914924628404, "rel_services": 3.5333594870442671, "rel_commerce": 4.8988063827520181, "rel_loisirs": 3.2743752663107504, "rel_pc1": 3.2994972364325084, "q_revenu": 2, "q_population": 5 }, "geometry": { "type": "Polygon", "coordinates": [ [ [ -0.56843491600993, 44.836201088302708 ], [ -0.568773892632886, 44.837983531818551 ], [ -0.566268320689676, 44.838237983022204 ], [ -0.565929421632489, 44.836455530125853 ], [ -0.56843491600993, 44.836201088302708 ] ] ] } },
{ "type": "Feature", "properties": { "idcar_200m": "CRS3035RES200mN2473000E3487800", "population": 2.0, "median_education": 0.505, "median_healthcare": 1.1785, "median_services": 0.8355, "median_commerce": 4.313, "median_entertainment": 2.1075, "PC1_pos": 1.4867824448435099, "nivvie": 25765.2, "rel_education": 0.36349772515239659, "rel_sante": 0.35898009061629538, "rel_services": 0.91453588953701503, "rel_commerce": 0.51594085512885868, "rel_loisirs": 0.97723513046093691, "rel_pc1": 0.71024974689539189, "q_revenu": 3, "q_population": 1 }, "geometry": { "type": "Polygon", "coordinates": [ [ [ -0.55841281611425, 44.837218496129346 ], [ -0.558751482458526, 44.839000977154662 ], [ -0.556245828929069, 44.839255188703355 ], [ -0.555907240160964, 44.837472698305909 ], [ -0.55841281611425, 44.837218496129346 ] ] ] } },
{ "type": "Feature", "properties": { "idcar_200m": "CRS3035RES200mN2473000E3488000", "population": 14.0, "median_education": 1.357, "median_healthcare": 0.808, "median_services": 0.485, "median_commerce": 3.485, "median_entertainment": 2.16, "PC1_pos": 1.2914967337659518, "nivvie": 28152.12857142857, "rel_education": 0.97676517432040033, "rel_sante": 0.24612296412216095, "rel_services": 0.53087960074859641, "rel_commerce": 0.4168916949047235, "rel_loisirs": 1.0015790660951953, "rel_pc1": 0.61695995366022816, "q_revenu": 4, "q_population": 1 }, "geometry": { "type": "Polygon", "coordinates": [ [ [ -0.555907240160964, 44.837472698305909 ], [ -0.556245828929069, 44.839255188703355 ], [ -0.553740155014127, 44.839509340336349 ], [ -0.553401643824786, 44.837726840568884 ], [ -0.555907240160964, 44.837472698305909 ] ] ] } },
{ "type": "Feature", "properties": { "idcar_200m": "CRS3035RES200mN2473000E3488200", "population": 25.0, "median_education": 2.536, "median_healthcare": 0.823, "median_services": 0.443, "median_commerce": 4.379, "median_entertainment": 1.51, "PC1_pos": 1.338321063942741, "nivvie": 28152.128, "rel_education": 1.8254063979930253, "rel_sante": 0.25069207855512182, "rel_services": 0.48490652192088296, "rel_commerce": 0.52383607804527521, "rel_loisirs": 0.70017795824247442, "rel_pc1": 0.63932836994867259, "q_revenu": 4, "q_population": 1 }, "geometry": { "type": "Polygon", "coordinates": [ [ [ -0.553401643824786, 44.837726840568884 ], [ -0.553740155014127, 44.839509340336349 ], [ -0.551234460718126, 44.839763432052855 ], [ -0.550896027110148, 44.837980922917488 ], [ -0.553401643824786, 44.837726840568884 ] ] ] } },
{ "type": "Feature", "properties": { "idcar_200m": "CRS3035RES200mN2473000E3488400", "population": 161.0, "median_education": 1.433, "median_healthcare": 0.548, "median_services": 0.244, "median_commerce": 2.58, "median_entertainment": 0.689, "PC1_pos": 0.69013088930273669, "nivvie": 27950.977639751556, "rel_education": 1.0314697824621473, "rel_sante": 0.16692498061750519, "rel_services": 0.26708169604671655, "rel_commerce": 0.30863144127810233, "rel_loisirs": 0.31948517432388396, "rel_pc1": 0.32968191893303694, "q_revenu": 3, "q_population": 2 }, "geometry": { "type": "Polygon", "coordinates": [ [ [ -0.550896027110148, 44.837980922917488 ], [ -0.551234460718126, 44.839763432052855 ], [ -0.548728746045495, 44.840017463852121 ], [ -0.548390390021478, 44.838234945350926 ], [ -0.550896027110148, 44.837980922917488 ] ] ] } },
{ "type": "Feature", "properties": { "idcar_200m": "CRS3035RES200mN2473000E3488600", "population": 112.0, "median_education": 0.571, "median_healthcare": 0.583, "median_services": 0.139, "median_commerce": 2.399, "median_entertainment": 0.861, "PC1_pos": 0.58054812893379903, "nivvie": 22322.51607142857, "rel_education": 0.41100435853865036, "rel_sante": 0.17758624762774727, "rel_services": 0.15214899897743281, "rel_commerce": 0.2869793905527781, "rel_loisirs": 0.39924054440183471, "rel_pc1": 0.2773332191712985, "q_revenu": 2, "q_population": 1 }, "geometry": { "type": "Polygon", "coordinates": [ [ [ -0.548390390021478, 44.838234945350926 ], [ -0.548728746045495, 44.840017463852121 ], [ -0.546223011000675, 44.840271435733307 ], [ -0.545884732563211, 44.838488907868395 ], [ -0.548390390021478, 44.838234945350926 ] ] ] } },
{ "type": "Feature", "properties": { "idcar_200m": "CRS3035RES200mN2473000E3488800", "population": 201.0, "median_education": 0.168, "median_healthcare": 0.255, "median_services": 0.076, "median_commerce": 0.887, "median_entertainment": 0.533, "PC1_pos": 0.21654789625037596, "nivvie": 23018.847761194033, "rel_education": 0.12092597589228243, "rel_sante": 0.077674945360335437, "rel_services": 0.083189380735862531, "rel_commerce": 0.10610701101305302, "rel_loisirs": 0.24714890843923104, "rel_pc1": 0.10344693605710924, "q_revenu": 2, "q_population": 2 }, "geometry": { "type": "Polygon", "coordinates": [ [ [ -0.545884732563211, 44.838488907868395 ], [ -0.546223011000675, 44.840271435733307 ], [ -0.543717255588085, 44.840525347695696 ], [ -0.543379054739778, 44.838742810469135 ], [ -0.545884732563211, 44.838488907868395 ] ] ] } },
{ "type": "Feature", "properties": { "idcar_200m": "CRS3035RES200mN2473000E3489000", "population": 77.5, "median_education": 0.069, "median_healthcare": 0.071, "median_services": 0.043, "median_commerce": 0.229, "median_entertainment": 0.291, "PC1_pos": 0.10536142759691414, "nivvie": 19162.818064516126, "rel_education": 0.049666025812901714, "rel_sante": 0.021627141649348296, "rel_services": 0.047067675942659065, "rel_commerce": 0.027394031028172651, "rel_loisirs": 0.13493495751560267, "rel_pc1": 0.050332129991702924, "q_revenu": 1, "q_population": 1 }, "geometry": { "type": "Polygon", "coordinates": [ [ [ -0.543379054739778, 44.838742810469135 ], [ -0.543717255588085, 44.840525347695696 ], [ -0.541211479812166, 44.840779199738456 ], [ -0.540873356555605, 44.838996653152428 ], [ -0.543379054739778, 44.838742810469135 ] ] ] } },
{ "type": "Feature", "properties": { "idcar_200m": "CRS3035RES200mN2473200E3483600", "population": 205.0, "median_education": 1.371, "median_healthcare": 3.5565, "median_services": 1.207, "median_commerce": 12.6585, "median_entertainment": 2.5925, "PC1_pos": 2.6572053623752678, "nivvie": 32149.694634146344, "rel_education": 0.98684233897809048, "rel_sante": 1.0833370320550313, "rel_services": 1.3211787177392904, "rel_commerce": 1.5142678679918056, "rel_loisirs": 1.2021267263202748, "rel_pc1": 1.269371616958227, "q_revenu": 5, "q_population": 2 }, "geometry": { "type": "Polygon", "coordinates": [ [ [ -0.611365489686791, 44.833648695491256 ], [ -0.611705812942191, 44.835430975321806 ], [ -0.60920051100314, 44.83568645433639 ], [ -0.608860265275415, 44.833904165088832 ], [ -0.611365489686791, 44.833648695491256 ] ] ] } },
{ "type": "Feature", "properties": { "idcar_200m": "CRS3035RES200mN2473200E3483800", "population": 260.5, "median_education": 1.257, "median_healthcare": 4.132, "median_services": 0.612, "median_commerce": 5.054, "median_entertainment": 1.972, "PC1_pos": 1.735455430495711, "nivvie": 27847.962380038389, "rel_education": 0.90478542676547025, "rel_sante": 1.258638722466298, "rel_services": 0.66989343434668247, "rel_commerce": 0.60458267605408111, "rel_loisirs": 0.91440459182394662, "rel_pc1": 0.82904313575450461, "q_revenu": 3, "q_population": 3 }, "geometry": { "type": "Polygon", "coordinates": [ [ [ -0.608860265275415, 44.833904165088832 ], [ -0.60920051100314, 44.83568645433639 ], [ -0.606695188583029, 44.835941873449634 ], [ -0.606355020385583, 44.834159574787144 ], [ -0.608860265275415, 44.833904165088832 ] ] ] } },
{ "type": "Feature", "properties": { "idcar_200m": "CRS3035RES200mN2473200E3484000", "population": 58.0, "median_education": 0.544, "median_healthcare": 3.51, "median_services": 0.312, "median_commerce": 2.111, "median_entertainment": 0.911, "PC1_pos": 0.93885865357538933, "nivvie": 25508.28448275862, "rel_education": 0.39156982669881929, "rel_sante": 1.0691727773128525, "rel_services": 0.34151429986301463, "rel_commerce": 0.25252750873568763, "rel_loisirs": 0.42242524500589018, "rel_pc1": 0.4485014760465878, "q_revenu": 3, "q_population": 1 }, "geometry": { "type": "Polygon", "coordinates": [ [ [ -0.606355020385583, 44.834159574787144 ], [ -0.606695188583029, 44.835941873449634 ], [ -0.60418984568628, 44.836197232660723 ], [ -0.603849755021723, 44.834414924585438 ], [ -0.606355020385583, 44.834159574787144 ] ] ] } },
{ "type": "Feature", "properties": { "idcar_200m": "CRS3035RES200mN2473200E3484200", "population": 218.5, "median_education": 0.581, "median_healthcare": 3.915, "median_services": 0.44, "median_commerce": 2.918, "median_entertainment": 0.607, "PC1_pos": 1.0504748544405458, "nivvie": 31299.114874141876, "rel_education": 0.41820233329414336, "rel_sante": 1.192538867002797, "rel_services": 0.48162273057604627, "rel_commerce": 0.3490645525773266, "rel_loisirs": 0.2814622653332331, "rel_pc1": 0.50182156917039833, "q_revenu": 4, "q_population": 3 }, "geometry": { "type": "Polygon", "coordinates": [ [ [ -0.603849755021723, 44.834414924585438 ], [ -0.60418984568628, 44.836197232660723 ], [ -0.60168448231732, 44.836452531968909 ], [ -0.601344469188264, 44.834670214482898 ], [ -0.603849755021723, 44.834414924585438 ] ] ] } },
{ "type": "Feature", "properties": { "idcar_200m": "CRS3035RES200mN2473200E3484400", "population": 390.0, "median_education": 0.62, "median_healthcare": 4.246, "median_services": 0.686, "median_commerce": 5.007, "median_entertainment": 0.864, "PC1_pos": 1.5334759503241182, "nivvie": 28734.045641025645, "rel_education": 0.44627443484056611, "rel_sante": 1.2933639921568012, "rel_services": 0.75089362085265399, "rel_commerce": 0.59896032034087532, "rel_loisirs": 0.40063162643807804, "rel_pc1": 0.73255566701455999, "q_revenu": 4, "q_population": 4 }, "geometry": { "type": "Polygon", "coordinates": [ [ [ -0.601344469188264, 44.834670214482898 ], [ -0.60168448231732, 44.836452531968909 ], [ -0.599179098480574, 44.836707771373391 ], [ -0.598839162889628, 44.83492544447877 ], [ -0.601344469188264, 44.834670214482898 ] ] ] } },
{ "type": "Feature", "properties": { "idcar_200m": "CRS3035RES200mN2473200E3484600", "population": 21.0, "median_education": 0.664, "median_healthcare": 2.405, "median_services": 0.615, "median_commerce": 5.804, "median_entertainment": 0.803, "PC1_pos": 1.4596324707972252, "nivvie": 23982.123809523808, "rel_education": 0.47794552376473531, "rel_sante": 0.73258134741806558, "rel_services": 0.67317722569151917, "rel_commerce": 0.69430111828608765, "rel_loisirs": 0.37234629170113043, "rel_pc1": 0.69727995278632859, "q_revenu": 2, "q_population": 1 }, "geometry": { "type": "Polygon", "coordinates": [ [ [ -0.598839162889628, 44.83492544447877 ], [ -0.599179098480574, 44.836707771373391 ], [ -0.596673694180464, 44.836962950873357 ], [ -0.596333836130232, 44.835180614572259 ], [ -0.598839162889628, 44.83492544447877 ] ] ] } },
{ "type": "Feature", "properties": { "idcar_200m": "CRS3035RES200mN2473200E3484800", "population": 13.0, "median_education": 0.57, "median_healthcare": 1.558, "median_services": 0.305, "median_commerce": 4.558, "median_entertainment": 0.77, "PC1_pos": 0.90259254888355045, "nivvie": 27450.40769230769, "rel_education": 0.41028456106310107, "rel_sante": 0.47457868577020634, "rel_services": 0.33385212005839571, "rel_commerce": 0.54524887959131407, "rel_loisirs": 0.35704438930245386, "rel_pc1": 0.43117682187973594, "q_revenu": 3, "q_population": 1 }, "geometry": { "type": "Polygon", "coordinates": [ [ [ -0.596333836130232, 44.835180614572259 ], [ -0.596673694180464, 44.836962950873357 ], [ -0.594168269421423, 44.837218070468076 ], [ -0.593828488914507, 44.83543572476254 ], [ -0.596333836130232, 44.835180614572259 ] ] ] } },
{ "type": "Feature", "properties": { "idcar_200m": "CRS3035RES200mN2473200E3485400", "population": 8.0, "median_education": 3.549, "median_healthcare": 2.214, "median_services": 1.207, "median_commerce": 8.549, "median_entertainment": 2.871, "PC1_pos": 2.516069446429928, "nivvie": 35308.525, "rel_education": 2.5545612407244662, "rel_sante": 0.67440129030503004, "rel_services": 1.3211787177392906, "rel_commerce": 1.0226706168552313, "rel_loisirs": 1.3312655086848635, "rel_pc1": 1.2019496824810696, "q_revenu": 5, "q_population": 1 }, "geometry": { "type": "Polygon", "coordinates": [ [ [ -0.588817733131778, 44.835945765430509 ], [ -0.589157358544226, 44.837728129938554 ], [ -0.586651872434933, 44.837983069812729 ], [ -0.58631232457362, 44.836200695906555 ], [ -0.588817733131778, 44.835945765430509 ] ] ] } },
{ "type": "Feature", "properties": { "idcar_200m": "CRS3035RES200mN2473200E3485600", "population": 76.0, "median_education": 4.277, "median_healthcare": 4.009, "median_services": 2.05, "median_commerce": 14.545, "median_entertainment": 3.828, "PC1_pos": 4.0186339753046605, "nivvie": 20306.2, "rel_education": 3.0785738029243568, "rel_sante": 1.2211719841160189, "rel_services": 2.2439240856383971, "rel_commerce": 1.7399396563527125, "rel_loisirs": 1.7750206782464846, "rel_pc1": 1.9197386771174703, "q_revenu": 1, "q_population": 1 }, "geometry": { "type": "Polygon", "coordinates": [ [ [ -0.58631232457362, 44.836200695906555 ], [ -0.586651872434933, 44.837983069812729 ], [ -0.584146365884404, 44.838237949778517 ], [ -0.583806895576841, 44.836455566476332 ], [ -0.58631232457362, 44.836200695906555 ] ] ] } },
{ "type": "Feature", "properties": { "idcar_200m": "CRS3035RES200mN2473200E3485800", "population": 136.0, "median_education": 5.2345, "median_healthcare": 6.7735, "median_services": 3.8865, "median_commerce": 23.006, "median_entertainment": 8.151, "PC1_pos": 7.4362328023218591, "nivvie": 31495.599264705881, "rel_education": 3.767779885762812, "rel_sante": 2.0632597741107142, "rel_services": 4.2541516872359173, "rel_commerce": 2.7520833093193886, "rel_loisirs": 3.779569892473118, "rel_pc1": 3.5523572961343515, "q_revenu": 5, "q_population": 2 }, "geometry": { "type": "Polygon", "coordinates": [ [ [ -0.583806895576841, 44.836455566476332 ], [ -0.584146365884404, 44.838237949778517 ], [ -0.581640838897071, 44.838492769835099 ], [ -0.581301446145854, 44.836710377138985 ], [ -0.583806895576841, 44.836455566476332 ] ] ] } },
{ "type": "Feature", "properties": { "idcar_200m": "CRS3035RES200mN2473200E3486000", "population": 220.0, "median_education": 4.473, "median_healthcare": 8.5975, "median_services": 5.5075, "median_commerce": 30.138, "median_entertainment": 11.0645, "PC1_pos": 9.2520563892684233, "nivvie": 24822.905454545456, "rel_education": 3.21965410813202, "rel_sante": 2.6188640891587607, "rel_services": 6.0284936105626707, "rel_commerce": 3.6052458826509488, "rel_loisirs": 5.1305423966714292, "rel_pc1": 4.4197930447258171, "q_revenu": 2, "q_population": 3 }, "geometry": { "type": "Polygon", "coordinates": [ [ [ -0.581301446145854, 44.836710377138985 ], [ -0.581640838897071, 44.838492769835099 ], [ -0.579135291477358, 44.838747529981745 ], [ -0.578795976285094, 44.836965127893784 ], [ -0.581301446145854, 44.836710377138985 ] ] ] } },
{ "type": "Feature", "properties": { "idcar_200m": "CRS3035RES200mN2473200E3486200", "population": 215.0, "median_education": 5.005, "median_healthcare": 11.314, "median_services": 10.855, "median_commerce": 58.025, "median_entertainment": 15.323, "PC1_pos": 15.761856017601165, "nivvie": 29184.857209302325, "rel_education": 3.6025863651242473, "rel_sante": 3.4463307129679812, "rel_services": 11.881851682734052, "rel_commerce": 6.9412168140162356, "rel_loisirs": 7.1051833471188308, "rel_pc1": 7.529584631516915, "q_revenu": 4, "q_population": 3 }, "geometry": { "type": "Polygon", "coordinates": [ [ [ -0.578795976285094, 44.836965127893784 ], [ -0.579135291477358, 44.838747529981745 ], [ -0.5766297236297, 44.839002230217595 ], [ -0.576290485998994, 44.837219818739918 ], [ -0.578795976285094, 44.836965127893784 ] ] ] } },
{ "type": "Feature", "properties": { "idcar_200m": "CRS3035RES200mN2473200E3486400", "population": 530.5, "median_education": 5.119, "median_healthcare": 13.573, "median_services": 11.889, "median_commerce": 70.598, "median_entertainment": 18.1245, "PC1_pos": 18.552371371406856, "nivvie": 26413.567389255419, "rel_education": 3.6846432773368676, "rel_sante": 4.1344393465718943, "rel_services": 13.013665099587758, "rel_commerce": 8.445256779593592, "rel_loisirs": 8.4042221219640574, "rel_pc1": 8.8626396663151006, "q_revenu": 3, "q_population": 5 }, "geometry": { "type": "Polygon", "coordinates": [ [ [ -0.576290485998994, 44.837219818739918 ], [ -0.5766297236297, 44.839002230217595 ], [ -0.574124135358518, 44.839256870541902 ], [ -0.57378497529197, 44.837474449676634 ], [ -0.576290485998994, 44.837219818739918 ] ] ] } },
{ "type": "Feature", "properties": { "idcar_200m": "CRS3035RES200mN2473200E3486600", "population": 706.5, "median_education": 3.855, "median_healthcare": 9.686, "median_services": 8.809, "median_commerce": 73.926, "median_entertainment": 20.179, "PC1_pos": 16.346261861059816, "nivvie": 22083.637367303611, "rel_education": 2.7748192682425521, "rel_sante": 2.9504294931772903, "rel_services": 9.6423059855554349, "rel_commerce": 8.8433674139244154, "rel_loisirs": 9.3568814697846943, "rel_pc1": 7.8087607166531523, "q_revenu": 2, "q_population": 5 }, "geometry": { "type": "Polygon", "coordinates": [ [ [ -0.57378497529197, 44.837474449676634 ], [ -0.574124135358518, 44.839256870541902 ], [ -0.571618526668244, 44.839511450953893 ], [ -0.571279444168457, 44.837729020703087 ], [ -0.57378497529197, 44.837474449676634 ] ] ] } },
{ "type": "Feature", "properties": { "idcar_200m": "CRS3035RES200mN2473200E3486800", "population": 912.0, "median_education": 2.625, "median_healthcare": 5.315, "median_services": 5.0035, "median_commerce": 50.2655, "median_entertainment": 13.5715, "PC1_pos": 10.375865055845335, "nivvie": 22927.878618421055, "rel_education": 1.8894683733169129, "rel_sante": 1.6189895474124816, "rel_services": 5.4768166646301077, "rel_commerce": 6.012989810683897, "rel_loisirs": 6.2930232849587693, "rel_pc1": 4.9566468552906251, "q_revenu": 2, "q_population": 5 }, "geometry": { "type": "Polygon", "coordinates": [ [ [ -0.571279444168457, 44.837729020703087 ], [ -0.571618526668244, 44.839511450953893 ], [ -0.569112897563307, 44.839765971452763 ], [ -0.568773892632886, 44.837983531818551 ], [ -0.571279444168457, 44.837729020703087 ] ] ] } },
{ "type": "Feature", "properties": { "idcar_200m": "CRS3035RES200mN2473200E3487000", "population": 278.5, "median_education": 1.449, "median_healthcare": 3.5055, "median_services": 2.7115, "median_commerce": 28.703, "median_entertainment": 7.3835, "PC1_pos": 5.6063029786489205, "nivvie": 24611.742190305205, "rel_education": 1.0429865420709359, "rel_sante": 1.0678020429829642, "rel_services": 2.9680000771748851, "rel_commerce": 3.4335845965137097, "rel_loisirs": 3.4236847382008673, "rel_pc1": 2.6781828675838222, "q_revenu": 2, "q_population": 3 }, "geometry": { "type": "Polygon", "coordinates": [ [ [ -0.568773892632886, 44.837983531818551 ], [ -0.569112897563307, 44.839765971452763 ], [ -0.566607248048132, 44.840020432037747 ], [ -0.566268320689676, 44.838237983022204 ], [ -0.568773892632886, 44.837983531818551 ] ] ] } },
{ "type": "Feature", "properties": { "idcar_200m": "CRS3035RES200mN2473200E3487600", "population": 91.5, "median_education": 0.9085, "median_healthcare": 5.056, "median_services": 3.8815, "median_commerce": 13.9545, "median_entertainment": 2.4395, "PC1_pos": 4.411677258718889, "nivvie": 20800.04043715847, "rel_education": 0.65393600653653927, "rel_sante": 1.5400961715366899, "rel_services": 4.2486787016611895, "rel_commerce": 1.6693013361687128, "rel_loisirs": 1.131181542471865, "rel_pc1": 2.1074990946096692, "q_revenu": 1, "q_population": 1 }, "geometry": { "type": "Polygon", "coordinates": [ [ [ -0.561257115598068, 44.838746705691065 ], [ -0.561595887804794, 44.84052917346294 ], [ -0.559090177085489, 44.840783454301558 ], [ -0.558751482458526, 44.839000977154662 ], [ -0.561257115598068, 44.838746705691065 ] ] ] } },
{ "type": "Feature", "properties": { "idcar_200m": "CRS3035RES200mN2473200E3487800", "population": 477.5, "median_education": 1.759, "median_healthcare": 4.71, "median_services": 2.719, "median_commerce": 13.486, "median_entertainment": 3.527, "PC1_pos": 4.2764103461391691, "nivvie": 22038.773193717276, "rel_education": 1.2661237594912189, "rel_sante": 1.4347019319497252, "rel_services": 2.9762095555369767, "rel_commerce": 1.6132572159211196, "rel_loisirs": 1.635448780610071, "rel_pc1": 2.0428808374085095, "q_revenu": 2, "q_population": 5 }, "geometry": { "type": "Polygon", "coordinates": [ [ [ -0.558751482458526, 44.839000977154662 ], [ -0.559090177085489, 44.840783454301558 ], [ -0.556584445973667, 44.841037675223177 ], [ -0.556245828929069, 44.839255188703355 ], [ -0.558751482458526, 44.839000977154662 ] ] ] } },
{ "type": "Feature", "properties": { "idcar_200m": "CRS3035RES200mN2473200E3488000", "population": 622.5, "median_education": 3.126, "median_healthcare": 2.725, "median_services": 1.5995, "median_commerce": 10.428, "median_entertainment": 3.4735, "PC1_pos": 3.1816253700250345, "nivvie": 23245.058795180721, "rel_education": 2.2500869085671122, "rel_sante": 0.83005578865456497, "rel_services": 1.7508080853554226, "rel_commerce": 1.2474452207938185, "rel_loisirs": 1.6106411509637317, "rel_pc1": 1.5198919126423278, "q_revenu": 2, "q_population": 5 }, "geometry": { "type": "Polygon", "coordinates": [ [ [ -0.556245828929069, 44.839255188703355 ], [ -0.556584445973667, 44.841037675223177 ], [ -0.554078694473763, 44.841291836226979 ], [ -0.553740155014127, 44.839509340336349 ], [ -0.556245828929069, 44.839255188703355 ] ] ] } },
{ "type": "Feature", "properties": { "idcar_200m": "CRS3035RES200mN2473200E3488200", "population": 386.5, "median_education": 6.1765, "median_healthcare": 1.672, "median_services": 1.0305, "median_commerce": 8.2625, "median_entertainment": 1.7195, "PC1_pos": 2.7526265967873917, "nivvie": 25775.720051746444, "rel_education": 4.4458291077302521, "rel_sante": 0.50930395546070928, "rel_services": 1.1279823269513993, "rel_commerce": 0.98839817192260482, "rel_loisirs": 0.79732185377346665, "rel_pc1": 1.3149552245833427, "q_revenu": 3, "q_population": 4 }, "geometry": { "type": "Polygon", "coordinates": [ [ [ -0.553740155014127, 44.839509340336349 ], [ -0.554078694473763, 44.841291836226979 ], [ -0.551572922590199, 44.841545937312233 ], [ -0.551234460718126, 44.839763432052855 ], [ -0.553740155014127, 44.839509340336349 ] ] ] } },
{ "type": "Feature", "properties": { "idcar_200m": "CRS3035RES200mN2473200E3488400", "population": 306.5, "median_education": 3.612, "median_healthcare": 1.335, "median_services": 0.719, "median_commerce": 4.745, "median_entertainment": 1.294, "PC1_pos": 1.7562515452221787, "nivvie": 27842.762805872761, "rel_education": 2.5999084816840723, "rel_sante": 0.40665118453352084, "rel_services": 0.78701532564585741, "rel_commerce": 0.56761867785449438, "rel_loisirs": 0.60002005163295491, "rel_pc1": 0.83897763240672718, "q_revenu": 3, "q_population": 3 }, "geometry": { "type": "Polygon", "coordinates": [ [ [ -0.551234460718126, 44.839763432052855 ], [ -0.551572922590199, 44.841545937312233 ], [ -0.549067130327412, 44.841799978478107 ], [ -0.548728746045495, 44.840017463852121 ], [ -0.551234460718126, 44.839763432052855 ] ] ] } },
{ "type": "Feature", "properties": { "idcar_200m": "CRS3035RES200mN2473200E3488600", "population": 385.5, "median_education": 1.256, "median_healthcare": 1.426, "median_services": 0.479, "median_commerce": 3.742, "median_entertainment": 2.026, "PC1_pos": 1.2744652898509237, "nivvie": 25790.188845654997, "rel_education": 0.90406562928992096, "rel_sante": 0.43437047876015034, "rel_services": 0.52431201805892302, "rel_commerce": 0.44763521444289106, "rel_loisirs": 0.93944406847632644, "rel_pc1": 0.60882387512912539, "q_revenu": 3, "q_population": 4 }, "geometry": { "type": "Polygon", "coordinates": [ [ [ -0.548728746045495, 44.840017463852121 ], [ -0.549067130327412, 44.841799978478107 ], [ -0.546561317689834, 44.842053959723827 ], [ -0.546223011000675, 44.840271435733307 ], [ -0.548728746045495, 44.840017463852121 ] ] ] } },
{ "type": "Feature", "properties": { "idcar_200m": "CRS3035RES200mN2473200E3488800", "population": 177.5, "median_education": 0.882, "median_healthcare": 1.029, "median_services": 0.356, "median_commerce": 2.672, "median_entertainment": 3.305, "PC1_pos": 1.1515139031638106, "nivvie": 25109.513239436619, "rel_education": 0.63486137343448279, "rel_sante": 0.31344125010111828, "rel_services": 0.38967657292061925, "rel_commerce": 0.3196369035252285, "rel_loisirs": 1.5325087099280648, "rel_pc1": 0.55008885873326596, "q_revenu": 2, "q_population": 2 }, "geometry": { "type": "Polygon", "coordinates": [ [ [ -0.546223011000675, 44.840271435733307 ], [ -0.546561317689834, 44.842053959723827 ], [ -0.544055484681894, 44.842307881048626 ], [ -0.543717255588085, 44.840525347695696 ], [ -0.546223011000675, 44.840271435733307 ] ] ] } },
{ "type": "Feature", "properties": { "idcar_200m": "CRS3035RES200mN2473200E3489000", "population": 37.5, "median_education": 0.3915, "median_healthcare": 0.428, "median_services": 0.2605, "median_commerce": 1.4235, "median_entertainment": 1.671, "PC1_pos": 0.70601082177606278, "nivvie": 21740.237333333334, "rel_education": 0.281800711677551, "rel_sante": 0.13037206515381791, "rel_services": 0.28514254844331832, "rel_commerce": 0.17028560335634832, "rel_loisirs": 0.77483269418753287, "rel_pc1": 0.33726790978126953, "q_revenu": 1, "q_population": 1 }, "geometry": { "type": "Polygon", "coordinates": [ [ [ -0.543717255588085, 44.840525347695696 ], [ -0.544055484681894, 44.842307881048626 ], [ -0.541549631308023, 44.8425617424517 ], [ -0.541211479812166, 44.840779199738456 ], [ -0.543717255588085, 44.840525347695696 ] ] ] } },
{ "type": "Feature", "properties": { "idcar_200m": "CRS3035RES200mN2473200E3489200", "population": 282.0, "median_education": 0.162, "median_healthcare": 0.168, "median_services": 0.112, "median_commerce": 0.574, "median_entertainment": 0.704, "PC1_pos": 0.3096170472188875, "nivvie": 22741.191489361703, "rel_education": 0.11660719103898663, "rel_sante": 0.051174081649162172, "rel_services": 0.12259487687390269, "rel_commerce": 0.068664514454895631, "rel_loisirs": 0.32644058450510061, "rel_pc1": 0.14790693163239457, "q_revenu": 2, "q_population": 3 }, "geometry": { "type": "Polygon", "coordinates": [ [ [ -0.541211479812166, 44.840779199738456 ], [ -0.541549631308023, 44.8425617424517 ], [ -0.539043757572663, 44.842815543932296 ], [ -0.538705683677346, 44.841032991860835 ], [ -0.541211479812166, 44.840779199738456 ] ] ] } },
{ "type": "Feature", "properties": { "idcar_200m": "CRS3035RES200mN2473400E3483600", "population": 232.5, "median_education": 0.689, "median_healthcare": 2.492, "median_services": 0.537, "median_commerce": 3.997, "median_entertainment": 1.378, "PC1_pos": 1.2973953311379622, "nivvie": 29078.565591397848, "rel_education": 0.49594046065346775, "rel_sante": 0.7590822111292389, "rel_services": 0.58779865072576554, "rel_commerce": 0.47813948480177326, "rel_loisirs": 0.63897034864776792, "rel_pc1": 0.61977776826722619, "q_revenu": 4, "q_population": 3 }, "geometry": { "type": "Polygon", "coordinates": [ [ [ -0.611705812942191, 44.835430975321806 ], [ -0.612046164613611, 44.837213251257317 ], [ -0.609540785140702, 44.837468739689726 ], [ -0.60920051100314, 44.83568645433639 ], [ -0.611705812942191, 44.835430975321806 ] ] ] } },
{ "type": "Feature", "properties": { "idcar_200m": "CRS3035RES200mN2473400E3483800", "population": 224.0, "median_education": 1.072, "median_healthcare": 3.967, "median_services": 0.442, "median_commerce": 3.718, "median_entertainment": 2.252, "PC1_pos": 1.5075327710475503, "nivvie": 28489.991071428572, "rel_education": 0.77162289378884985, "rel_sante": 1.2083784637037283, "rel_services": 0.48381192480593738, "rel_commerce": 0.44476422429146684, "rel_loisirs": 1.0442389152066571, "rel_pc1": 0.72016236994628335, "q_revenu": 4, "q_population": 3 }, "geometry": { "type": "Polygon", "coordinates": [ [ [ -0.60920051100314, 44.83568645433639 ], [ -0.609540785140702, 44.837468739689726 ], [ -0.60703538518412, 44.837724168218642 ], [ -0.606695188583029, 44.835941873449634 ], [ -0.60920051100314, 44.83568645433639 ] ] ] } },
{ "type": "Feature", "properties": { "idcar_200m": "CRS3035RES200mN2473400E3484000", "population": 289.5, "median_education": 0.921, "median_healthcare": 6.122, "median_services": 0.329, "median_commerce": 2.6155, "median_entertainment": 1.682, "PC1_pos": 1.4240018343856347, "nivvie": 26258.882556131262, "rel_education": 0.66293347498090549, "rel_sante": 1.8648079039057786, "rel_services": 0.36012245081708916, "rel_commerce": 0.31287811421041728, "rel_loisirs": 0.77993332832042506, "rel_pc1": 0.6802588677036906, "q_revenu": 3, "q_population": 3 }, "geometry": { "type": "Polygon", "coordinates": [ [ [ -0.606695188583029, 44.835941873449634 ], [ -0.60703538518412, 44.837724168218642 ], [ -0.604529964748292, 44.837979536843349 ], [ -0.60418984568628, 44.836197232660723 ], [ -0.606695188583029, 44.835941873449634 ] ] ] } },
{ "type": "Feature", "properties": { "idcar_200m": "CRS3035RES200mN2473400E3484200", "population": 317.0, "median_education": 0.9355, "median_healthcare": 3.299, "median_services": 0.4115, "median_commerce": 4.024, "median_entertainment": 0.946, "PC1_pos": 1.1896841251631685, "nivvie": 30236.343217665617, "rel_education": 0.67337053837637029, "rel_sante": 1.0049005676225358, "rel_services": 0.45042671280009777, "rel_commerce": 0.4813693487221255, "rel_loisirs": 0.43865453542872895, "rel_pc1": 0.56832312737694657, "q_revenu": 4, "q_population": 4 }, "geometry": { "type": "Polygon", "coordinates": [ [ [ -0.60418984568628, 44.836197232660723 ], [ -0.604529964748292, 44.837979536843349 ], [ -0.602024523837643, 44.838234845563051 ], [ -0.60168448231732, 44.836452531968909 ], [ -0.60418984568628, 44.836197232660723 ] ] ] } },
{ "type": "Feature", "properties": { "idcar_200m": "CRS3035RES200mN2473400E3484400", "population": 424.0, "median_education": 0.9555, "median_healthcare": 3.503, "median_services": 0.6745, "median_commerce": 8.449, "median_entertainment": 1.122, "PC1_pos": 1.8427637068594034, "nivvie": 28584.969103773587, "rel_education": 0.68776648788735628, "rel_sante": 1.0670405239108041, "rel_services": 0.73830575403078014, "rel_commerce": 1.0107081578909638, "rel_loisirs": 0.52026468155500416, "rel_pc1": 0.88030529343697261, "q_revenu": 4, "q_population": 4 }, "geometry": { "type": "Polygon", "coordinates": [ [ [ -0.60168448231732, 44.836452531968909 ], [ -0.602024523837643, 44.838234845563051 ], [ -0.599519062456602, 44.838490094376979 ], [ -0.599179098480574, 44.836707771373391 ], [ -0.60168448231732, 44.836452531968909 ] ] ] } },
{ "type": "Feature", "properties": { "idcar_200m": "CRS3035RES200mN2473400E3484600", "population": 395.5, "median_education": 1.682, "median_healthcare": 3.449, "median_services": 0.821, "median_commerce": 13.188, "median_entertainment": 1.205, "PC1_pos": 2.3954055292477894, "nivvie": 30215.728950695324, "rel_education": 1.2106993538739228, "rel_sante": 1.0505917119521448, "rel_services": 0.89866423137030449, "rel_commerce": 1.5776090882076022, "rel_loisirs": 0.55875128455773626, "rel_pc1": 1.1443074114579941, "q_revenu": 4, "q_population": 4 }, "geometry": { "type": "Polygon", "coordinates": [ [ [ -0.599179098480574, 44.836707771373391 ], [ -0.599519062456602, 44.838490094376979 ], [ -0.597013580609584, 44.838745283284226 ], [ -0.596673694180464, 44.836962950873357 ], [ -0.599179098480574, 44.836707771373391 ] ] ] } },
{ "type": "Feature", "properties": { "idcar_200m": "CRS3035RES200mN2473400E3484800", "population": 492.5, "median_education": 1.688, "median_healthcare": 1.713, "median_services": 0.558, "median_commerce": 8.449, "median_entertainment": 0.956, "PC1_pos": 1.5704843979190088, "nivvie": 28752.473299492383, "rel_education": 1.2150181387272185, "rel_sante": 0.52179286824413573, "rel_services": 0.6107851901396224, "rel_commerce": 1.0107081578909638, "rel_loisirs": 0.44329147554954007, "rel_pc1": 0.75023494526298518, "q_revenu": 4, "q_population": 5 }, "geometry": { "type": "Polygon", "coordinates": [ [ [ -0.596673694180464, 44.836962950873357 ], [ -0.597013580609584, 44.838745283284226 ], [ -0.594508078301029, 44.839000412284186 ], [ -0.594168269421423, 44.837218070468076 ], [ -0.596673694180464, 44.836962950873357 ] ] ] } },
{ "type": "Feature", "properties": { "idcar_200m": "CRS3035RES200mN2473400E3485000", "population": 450.5, "median_education": 1.61, "median_healthcare": 1.621, "median_services": 0.52, "median_commerce": 7.322, "median_entertainment": 1.252, "PC1_pos": 1.4287537104793722, "nivvie": 24550.23618201998, "rel_education": 1.1588739356343734, "rel_sante": 0.49376896638864215, "rel_services": 0.56919049977169101, "rel_commerce": 0.87589124536366869, "rel_loisirs": 0.5805449031255483, "rel_pc1": 0.68252888293326275, "q_revenu": 2, "q_population": 5 }, "geometry": { "type": "Polygon", "coordinates": [ [ [ -0.594168269421423, 44.837218070468076 ], [ -0.594508078301029, 44.839000412284186 ], [ -0.592002555535354, 44.83925548137595 ], [ -0.591662824207868, 44.837473130156738 ], [ -0.594168269421423, 44.837218070468076 ] ] ] } },
{ "type": "Feature", "properties": { "idcar_200m": "CRS3035RES200mN2473400E3485200", "population": 199.0, "median_education": 2.979, "median_healthcare": 2.358, "median_services": 0.77, "median_commerce": 11.446, "median_entertainment": 2.223, "PC1_pos": 2.2009133179292064, "nivvie": 25650.091959798992, "rel_education": 2.144276679661365, "rel_sante": 0.71826478886145484, "rel_services": 0.84283977850808101, "rel_commerce": 1.3692230530500618, "rel_loisirs": 1.030791788856305, "rel_pc1": 1.0513966804083763, "q_revenu": 3, "q_population": 2 }, "geometry": { "type": "Polygon", "coordinates": [ [ [ -0.591662824207868, 44.837473130156738 ], [ -0.592002555535354, 44.83925548137595 ], [ -0.589497012316986, 44.839510490558773 ], [ -0.589157358544226, 44.837728129938554 ], [ -0.591662824207868, 44.837473130156738 ] ] ] } },
{ "type": "Feature", "properties": { "idcar_200m": "CRS3035RES200mN2473400E3485400", "population": 200.0, "median_education": 3.3625, "median_healthcare": 2.883, "median_services": 1.456, "median_commerce": 14.1895, "median_entertainment": 3.132, "PC1_pos": 3.4481207721923064, "nivvie": 23415.2295, "rel_education": 2.4203190115345219, "rel_sante": 0.87818379401508651, "rel_services": 1.5937333993607348, "rel_commerce": 1.6974131147347413, "rel_loisirs": 1.4522896458380328, "rel_pc1": 1.6471992349708564, "q_revenu": 2, "q_population": 2 }, "geometry": { "type": "Polygon", "coordinates": [ [ [ -0.589157358544226, 44.837728129938554 ], [ -0.589497012316986, 44.839510490558773 ], [ -0.586991448650358, 44.839765439831886 ], [ -0.586651872434933, 44.837983069812729 ], [ -0.589157358544226, 44.837728129938554 ] ] ] } },
{ "type": "Feature", "properties": { "idcar_200m": "CRS3035RES200mN2473400E3485600", "population": 310.0, "median_education": 3.704, "median_healthcare": 4.895, "median_services": 2.777, "median_commerce": 22.185, "median_entertainment": 3.779, "PC1_pos": 4.9859526883963392, "nivvie": 27312.052903225809, "rel_education": 2.6661298494346077, "rel_sante": 1.4910543432895762, "rel_services": 3.0396961882038194, "rel_commerce": 2.6538715212227517, "rel_loisirs": 1.7522996716545103, "rel_pc1": 2.3818357872382818, "q_revenu": 3, "q_population": 3 }, "geometry": { "type": "Polygon", "coordinates": [ [ [ -0.586651872434933, 44.837983069812729 ], [ -0.586991448650358, 44.839765439831886 ], [ -0.584485864539891, 44.840020329194488 ], [ -0.584146365884404, 44.838237949778517 ], [ -0.586651872434933, 44.837983069812729 ] ] ] } },
{ "type": "Feature", "properties": { "idcar_200m": "CRS3035RES200mN2473400E3485800", "population": 255.5, "median_education": 7.097, "median_healthcare": 9.627, "median_services": 5.393, "median_commerce": 42.308, "median_entertainment": 10.036, "PC1_pos": 10.161897248911977, "nivvie": 26041.724853228963, "rel_education": 5.1084026839733836, "rel_sante": 2.932457643074311, "rel_services": 5.9031622409014028, "rel_commerce": 5.0610771386023075, "rel_loisirs": 4.6536331052460085, "rel_pc1": 4.854432451801233, "q_revenu": 3, "q_population": 3 }, "geometry": { "type": "Polygon", "coordinates": [ [ [ -0.584146365884404, 44.838237949778517 ], [ -0.584485864539891, 44.840020329194488 ], [ -0.581980259990017, 44.840275158645838 ], [ -0.581640838897071, 44.838492769835099 ], [ -0.584146365884404, 44.838237949778517 ] ] ] } },
{ "type": "Feature", "properties": { "idcar_200m": "CRS3035RES200mN2473400E3486000", "population": 546.5, "median_education": 5.0825, "median_healthcare": 10.04, "median_services": 5.7375, "median_commerce": 53.471, "median_entertainment": 14.4335, "PC1_pos": 11.772500928837569, "nivvie": 21090.325160109787, "rel_education": 3.6583706694793179, "rel_sante": 3.0582605937951675, "rel_services": 6.2802509470001482, "rel_commerce": 6.3964464327834927, "rel_loisirs": 6.6927275233726853, "rel_pc1": 5.6238327497287095, "q_revenu": 1, "q_population": 5 }, "geometry": { "type": "Polygon", "coordinates": [ [ [ -0.581640838897071, 44.838492769835099 ], [ -0.581980259990017, 44.840275158645838 ], [ -0.579474635005159, 44.840529928185056 ], [ -0.579135291477358, 44.838747529981745 ], [ -0.581640838897071, 44.838492769835099 ] ] ] } },
{ "type": "Feature", "properties": { "idcar_200m": "CRS3035RES200mN2473400E3486200", "population": 541.5, "median_education": 2.601, "median_healthcare": 9.588, "median_services": 6.327, "median_commerce": 60.579, "median_entertainment": 13.844, "PC1_pos": 12.046735864702406, "nivvie": 28588.546075715603, "rel_education": 1.8721932339037297, "rel_sante": 2.9205779455486121, "rel_services": 6.925515946260556, "rel_commerce": 7.2467380159636283, "rel_loisirs": 6.4193799032508707, "rel_pc1": 5.7548373190006954, "q_revenu": 4, "q_population": 5 }, "geometry": { "type": "Polygon", "coordinates": [ [ [ -0.579135291477358, 44.838747529981745 ], [ -0.579474635005159, 44.840529928185056 ], [ -0.576968989589751, 44.840784637811417 ], [ -0.5766297236297, 44.839002230217595 ], [ -0.579135291477358, 44.838747529981745 ] ] ] } },
{ "type": "Feature", "properties": { "idcar_200m": "CRS3035RES200mN2473400E3486400", "population": 474.5, "median_education": 2.6165, "median_healthcare": 9.7085, "median_services": 8.017, "median_commerce": 70.1365, "median_entertainment": 14.646, "PC1_pos": 14.14826221196682, "nivvie": 27330.165226554269, "rel_education": 1.8833500947747437, "rel_sante": 2.9572831648267321, "rel_services": 8.775385070518551, "rel_commerce": 8.390050031473498, "rel_loisirs": 6.7912625009399203, "rel_pc1": 6.7587559228389669, "q_revenu": 3, "q_population": 5 }, "geometry": { "type": "Polygon", "coordinates": [ [ [ -0.5766297236297, 44.839002230217595 ], [ -0.576968989589751, 44.840784637811417 ], [ -0.574463323748212, 44.841039287524175 ], [ -0.574124135358518, 44.839256870541902 ], [ -0.5766297236297, 44.839002230217595 ] ] ] } },
{ "type": "Feature", "properties": { "idcar_200m": "CRS3035RES200mN2473400E3486600", "population": 587.5, "median_education": 2.234, "median_healthcare": 6.805, "median_services": 7.282, "median_commerce": 64.3945, "median_entertainment": 16.88, "PC1_pos": 13.076018210402527, "nivvie": 25143.034723404257, "rel_education": 1.6080275603771366, "rel_sante": 2.0728549144199317, "rel_services": 7.9708561910335654, "rel_commerce": 7.7031656377452551, "rel_loisirs": 7.8271549239291192, "rel_pc1": 6.2465350304263589, "q_revenu": 2, "q_population": 5 }, "geometry": { "type": "Polygon", "coordinates": [ [ [ -0.574124135358518, 44.839256870541902 ], [ -0.574463323748212, 44.841039287524175 ], [ -0.571957637484983, 44.841293877322478 ], [ -0.571618526668244, 44.839511450953893 ], [ -0.574124135358518, 44.839256870541902 ] ] ] } },
{ "type": "Feature", "properties": { "idcar_200m": "CRS3035RES200mN2473400E3486800", "population": 662.5, "median_education": 1.7115, "median_healthcare": 3.4205, "median_services": 3.5335, "median_commerce": 34.816, "median_entertainment": 11.3385, "PC1_pos": 7.4707290369407815, "nivvie": 21828.34928301887, "rel_education": 1.2319333794026273, "rel_sante": 1.0419103945295189, "rel_services": 3.8677589056601351, "rel_commerce": 4.1648497129993842, "rel_loisirs": 5.2575945559816528, "rel_pc1": 3.5688364669719603, "q_revenu": 1, "q_population": 5 }, "geometry": { "type": "Polygon", "coordinates": [ [ [ -0.571618526668244, 44.839511450953893 ], [ -0.571957637484983, 44.841293877322478 ], [ -0.569451930804484, 44.841548407205607 ], [ -0.569112897563307, 44.839765971452763 ], [ -0.571618526668244, 44.839511450953893 ] ] ] } },
{ "type": "Feature", "properties": { "idcar_200m": "CRS3035RES200mN2473400E3487000", "population": 10.0, "median_education": 1.016, "median_healthcare": 2.2725, "median_services": 2.0495, "median_commerce": 20.21, "median_entertainment": 7.174, "PC1_pos": 4.5746681107508831, "nivvie": 25765.21, "rel_education": 0.73131423515808902, "rel_sante": 0.69222083659357758, "rel_services": 2.2433767870809249, "rel_commerce": 2.4176129566784685, "rel_loisirs": 3.3265408426698748, "rel_pc1": 2.1853613345113332, "q_revenu": 3, "q_population": 1 }, "geometry": { "type": "Polygon", "coordinates": [ [ [ -0.569112897563307, 44.839765971452763 ], [ -0.569451930804484, 44.841548407205607 ], [ -0.56694620371115, 44.841802877172704 ], [ -0.566607248048132, 44.840020432037747 ], [ -0.569112897563307, 44.839765971452763 ] ] ] } },
{ "type": "Feature", "properties": { "idcar_200m": "CRS3035RES200mN2473400E3487600", "population": 441.5, "median_education": 1.13, "median_healthcare": 9.683, "median_services": 3.774, "median_commerce": 10.196, "median_entertainment": 2.04, "PC1_pos": 4.8227195138729249, "nivvie": 21902.636466591168, "rel_education": 0.81337114737070915, "rel_sante": 2.9495156702906984, "rel_services": 4.1310095118045425, "rel_commerce": 1.2196923159967177, "rel_loisirs": 0.94593578464546213, "rel_pc1": 2.303857787637682, "q_revenu": 2, "q_population": 4 }, "geometry": { "type": "Polygon", "coordinates": [ [ [ -0.561595887804794, 44.84052917346294 ], [ -0.561934688303691, 44.842311637355856 ], [ -0.55942889999842, 44.842565927570298 ], [ -0.559090177085489, 44.840783454301558 ], [ -0.561595887804794, 44.84052917346294 ] ] ] } },
{ "type": "Feature", "properties": { "idcar_200m": "CRS3035RES200mN2473400E3487800", "population": 518.5, "median_education": 2.023, "median_healthcare": 11.932, "median_services": 4.552, "median_commerce": 13.865, "median_entertainment": 2.499, "PC1_pos": 5.7354841349811672, "nivvie": 25524.707039537127, "rel_education": 1.4561502930362342, "rel_sante": 3.6345782276059704, "rel_services": 4.9826060672321875, "rel_commerce": 1.6585949353956935, "rel_loisirs": 1.1587713361906911, "rel_pc1": 2.7398939026494062, "q_revenu": 3, "q_population": 5 }, "geometry": { "type": "Polygon", "coordinates": [ [ [ -0.559090177085489, 44.840783454301558 ], [ -0.55942889999842, 44.842565927570298 ], [ -0.55692309129804, 44.842820157865631 ], [ -0.556584445973667, 44.841037675223177 ], [ -0.559090177085489, 44.840783454301558 ] ] ] } },
{ "type": "Feature", "properties": { "idcar_200m": "CRS3035RES200mN2473400E3488000", "population": 360.0, "median_education": 4.3095, "median_healthcare": 8.243, "median_services": 5.594, "median_commerce": 10.518, "median_entertainment": 2.489, "PC1_pos": 5.9276551676935094, "nivvie": 25239.691666666666, "rel_education": 3.1019672208797089, "rel_sante": 2.5108806847264513, "rel_services": 6.1231762610054599, "rel_commerce": 1.2582114338616592, "rel_loisirs": 1.15413439606988, "rel_pc1": 2.8316957851762967, "q_revenu": 2, "q_population": 4 }, "geometry": { "type": "Polygon", "coordinates": [ [ [ -0.556584445973667, 44.841037675223177 ], [ -0.55692309129804, 44.842820157865631 ], [ -0.554417262206973, 44.84307432824108 ], [ -0.554078694473763, 44.841291836226979 ], [ -0.556584445973667, 44.841037675223177 ] ] ] } },
{ "type": "Feature", "properties": { "idcar_200m": "CRS3035RES200mN2473400E3488200", "population": 163.5, "median_education": 9.924, "median_healthcare": 3.086, "median_services": 2.11, "median_commerce": 5.82, "median_entertainment": 1.272, "PC1_pos": 3.8209968126101148, "nivvie": 27689.804281345565, "rel_education": 7.1432701473512541, "rel_sante": 0.94001914267449083, "rel_services": 2.309599912535131, "rel_commerce": 0.69621511172037043, "rel_loisirs": 0.58981878336717053, "rel_pc1": 1.8253255736619076, "q_revenu": 3, "q_population": 2 }, "geometry": { "type": "Polygon", "coordinates": [ [ [ -0.554078694473763, 44.841291836226979 ], [ -0.554417262206973, 44.84307432824108 ], [ -0.551911412729649, 44.843328438695842 ], [ -0.551572922590199, 44.841545937312233 ], [ -0.554078694473763, 44.841291836226979 ] ] ] } },
{ "type": "Feature", "properties": { "idcar_200m": "CRS3035RES200mN2473400E3488400", "population": 347.5, "median_education": 3.7, "median_healthcare": 3.311, "median_services": 1.34, "median_commerce": 3.892, "median_entertainment": 1.679, "PC1_pos": 2.2578835538080613, "nivvie": 22283.593669064747, "rel_education": 2.6632506595324106, "rel_sante": 1.0085558591689043, "rel_services": 1.46676013402705, "rel_commerce": 0.46557890288929238, "rel_loisirs": 0.77854224628418178, "rel_pc1": 1.0786118898385537, "q_revenu": 2, "q_population": 4 }, "geometry": { "type": "Polygon", "coordinates": [ [ [ -0.551572922590199, 44.841545937312233 ], [ -0.551911412729649, 44.843328438695842 ], [ -0.549405542870506, 44.843582489229128 ], [ -0.549067130327412, 44.841799978478107 ], [ -0.551572922590199, 44.841545937312233 ] ] ] } },
{ "type": "Feature", "properties": { "idcar_200m": "CRS3035RES200mN2473400E3488600", "population": 523.5, "median_education": 1.5235, "median_healthcare": 2.346, "median_services": 0.6945, "median_commerce": 2.6625, "median_entertainment": 1.9215, "PC1_pos": 1.511823602478827, "nivvie": 25379.908500477555, "rel_education": 1.0966114539993588, "rel_sante": 0.71460949731508605, "rel_services": 0.76019769632969114, "rel_commerce": 0.31850046992362308, "rel_loisirs": 0.89098804421385069, "rel_pc1": 0.7222121398696536, "q_revenu": 2, "q_population": 5 }, "geometry": { "type": "Polygon", "coordinates": [ [ [ -0.549067130327412, 44.841799978478107 ], [ -0.549405542870506, 44.843582489229128 ], [ -0.546899652633976, 44.843836479840171 ], [ -0.546561317689834, 44.842053959723827 ], [ -0.549067130327412, 44.841799978478107 ] ] ] } },
{ "type": "Feature", "properties": { "idcar_200m": "CRS3035RES200mN2473400E3488800", "population": 157.5, "median_education": 0.995, "median_healthcare": 0.945, "median_services": 0.399, "median_commerce": 2.055, "median_entertainment": 3.343, "PC1_pos": 1.2664551753406217, "nivvie": 17707.589841269841, "rel_education": 0.71619848817155363, "rel_sante": 0.28785420927653721, "rel_services": 0.43674424886327834, "rel_commerce": 0.24582853171569782, "rel_loisirs": 1.550129082387147, "rel_pc1": 0.60499736922486458, "q_revenu": 1, "q_population": 2 }, "geometry": { "type": "Polygon", "coordinates": [ [ [ -0.546561317689834, 44.842053959723827 ], [ -0.546899652633976, 44.843836479840171 ], [ -0.544393742024482, 44.844090410528196 ], [ -0.544055484681894, 44.842307881048626 ], [ -0.546561317689834, 44.842053959723827 ] ] ] } },
{ "type": "Feature", "properties": { "idcar_200m": "CRS3035RES200mN2473400E3489000", "population": 476.5, "median_education": 0.932, "median_healthcare": 0.858, "median_services": 0.5135, "median_commerce": 2.3305, "median_entertainment": 3.361, "PC1_pos": 1.3199838450111159, "nivvie": 15285.046799580272, "rel_education": 0.67085124721194778, "rel_sante": 0.26135334556536394, "rel_services": 0.56207561852454502, "rel_commerce": 0.27878510616225483, "rel_loisirs": 1.5584755746046071, "rel_pc1": 0.63056851059593255, "q_revenu": 1, "q_population": 5 }, "geometry": { "type": "Polygon", "coordinates": [ [ [ -0.544055484681894, 44.842307881048626 ], [ -0.544393742024482, 44.844090410528196 ], [ -0.541887811046465, 44.844344281292386 ], [ -0.541549631308023, 44.8425617424517 ], [ -0.544055484681894, 44.842307881048626 ] ] ] } },
{ "type": "Feature", "properties": { "idcar_200m": "CRS3035RES200mN2473400E3489200", "population": 260.5, "median_education": 0.273, "median_healthcare": 0.277, "median_services": 0.181, "median_commerce": 0.826, "median_entertainment": 1.124, "PC1_pos": 0.47761033490052895, "nivvie": 15398.267562380039, "rel_education": 0.19650471082495896, "rel_sante": 0.084376313195344776, "rel_services": 0.19812207780514629, "rel_commerce": 0.098809911044849819, "rel_loisirs": 0.52119206957916642, "rel_pc1": 0.22815888138457854, "q_revenu": 1, "q_population": 3 }, "geometry": { "type": "Polygon", "coordinates": [ [ [ -0.541549631308023, 44.8425617424517 ], [ -0.541887811046465, 44.844344281292386 ], [ -0.539381859704359, 44.84459809213201 ], [ -0.539043757572663, 44.842815543932296 ], [ -0.541549631308023, 44.8425617424517 ] ] ] } },
{ "type": "Feature", "properties": { "idcar_200m": "CRS3035RES200mN2473600E3483200", "population": 101.0, "median_education": 0.129, "median_healthcare": 4.867, "median_services": 0.617, "median_commerce": 1.704, "median_entertainment": 0.379, "PC1_pos": 1.0352886389784459, "nivvie": 31458.992079207921, "rel_education": 0.092853874345859719, "rel_sante": 1.4825253296813827, "rel_services": 0.67536641992141033, "rel_commerce": 0.20384030075111875, "rel_loisirs": 0.17574003057874027, "rel_pc1": 0.49456697336476207, "q_revenu": 4, "q_population": 1 }, "geometry": { "type": "Polygon", "coordinates": [ [ [ -0.617056862090728, 44.836702094685322 ], [ -0.617397397253741, 44.838484347882464 ], [ -0.61489198122662, 44.838739965542196 ], [ -0.61455152359843, 44.836957702922263 ], [ -0.617056862090728, 44.836702094685322 ] ] ] } },
{ "type": "Feature", "properties": { "idcar_200m": "CRS3035RES200mN2473600E3483400", "population": 273.5, "median_education": 0.21, "median_healthcare": 3.257, "median_services": 0.745, "median_commerce": 1.055, "median_entertainment": 0.636, "PC1_pos": 0.94832658267116976, "nivvie": 28362.553564899452, "rel_education": 0.15115746986535303, "rel_sante": 0.99210704721024523, "rel_services": 0.81547485063444192, "rel_commerce": 0.12620394207302246, "rel_loisirs": 0.29490939168358526, "rel_pc1": 0.45302439348297802, "q_revenu": 4, "q_population": 3 }, "geometry": { "type": "Polygon", "coordinates": [ [ [ -0.61455152359843, 44.836957702922263 ], [ -0.61489198122662, 44.838739965542196 ], [ -0.612386544704359, 44.838995523297967 ], [ -0.612046164613611, 44.837213251257317 ], [ -0.61455152359843, 44.836957702922263 ] ] ] } },
{ "type": "Feature", "properties": { "idcar_200m": "CRS3035RES200mN2473600E3483600", "population": 344.5, "median_education": 0.682, "median_healthcare": 4.335, "median_services": 0.6725, "median_commerce": 1.642, "median_entertainment": 1.232, "PC1_pos": 1.2170919627835282, "nivvie": 29306.922206095787, "rel_education": 0.49090187832462268, "rel_sante": 1.3204740711257024, "rel_services": 0.73611655980088897, "rel_commerce": 0.19642357619327286, "rel_loisirs": 0.57127102288392606, "rel_pc1": 0.58141610530409682, "q_revenu": 4, "q_population": 4 }, "geometry": { "type": "Polygon", "coordinates": [ [ [ -0.612046164613611, 44.837213251257317 ], [ -0.612386544704359, 44.838995523297967 ], [ -0.609881087691402, 44.839251021148975 ], [ -0.609540785140702, 44.837468739689726 ], [ -0.612046164613611, 44.837213251257317 ] ] ] } },
{ "type": "Feature", "properties": { "idcar_200m": "CRS3035RES200mN2473600E3483800", "population": 320.0, "median_education": 1.41, "median_healthcare": 4.339, "median_services": 0.306, "median_commerce": 1.7595, "median_entertainment": 1.333, "PC1_pos": 1.212279192232097, "nivvie": 33371.751562500001, "rel_education": 1.0149144405245134, "rel_sante": 1.3216925016411589, "rel_services": 0.33494671717334124, "rel_commerce": 0.21047946547628724, "rel_loisirs": 0.61810411810411825, "rel_pc1": 0.57911700022798096, "q_revenu": 5, "q_population": 4 }, "geometry": { "type": "Polygon", "coordinates": [ [ [ -0.609540785140702, 44.837468739689726 ], [ -0.609881087691402, 44.839251021148975 ], [ -0.607375610192156, 44.839506459094437 ], [ -0.60703538518412, 44.837724168218642 ], [ -0.609540785140702, 44.837468739689726 ] ] ] } },
{ "type": "Feature", "properties": { "idcar_200m": "CRS3035RES200mN2473600E3484000", "population": 249.5, "median_education": 2.256, "median_healthcare": 5.398, "median_services": 0.221, "median_commerce": 3.663, "median_entertainment": 1.511, "PC1_pos": 1.4548445965274976, "nivvie": 32128.519438877753, "rel_education": 1.6238631048392209, "rel_sante": 1.6442719806081987, "rel_services": 0.24190596240296869, "rel_commerce": 0.43818487186111971, "rel_loisirs": 0.70064165225455544, "rel_pc1": 0.69499274089461238, "q_revenu": 5, "q_population": 3 }, "geometry": { "type": "Polygon", "coordinates": [ [ [ -0.60703538518412, 44.837724168218642 ], [ -0.607375610192156, 44.839506459094437 ], [ -0.604870112211056, 44.839761837133565 ], [ -0.604529964748292, 44.837979536843349 ], [ -0.60703538518412, 44.837724168218642 ] ] ] } },
{ "type": "Feature", "properties": { "idcar_200m": "CRS3035RES200mN2473600E3484200", "population": 403.0, "median_education": 2.413, "median_healthcare": 3.538, "median_services": 0.258, "median_commerce": 8.606, "median_entertainment": 1.237, "PC1_pos": 1.7307386061473724, "nivvie": 30964.589330024814, "rel_education": 1.7368713085004612, "rel_sante": 1.0777017909210462, "rel_services": 0.28240605565595439, "rel_commerce": 1.0294892184648639, "rel_loisirs": 0.5735894929443317, "rel_pc1": 0.82678986506841567, "q_revenu": 4, "q_population": 4 }, "geometry": { "type": "Polygon", "coordinates": [ [ [ -0.604529964748292, 44.837979536843349 ], [ -0.604870112211056, 44.839761837133565 ], [ -0.602364593752531, 44.840017155265599 ], [ -0.602024523837643, 44.838234845563051 ], [ -0.604529964748292, 44.837979536843349 ] ] ] } },
{ "type": "Feature", "properties": { "idcar_200m": "CRS3035RES200mN2473600E3484400", "population": 380.0, "median_education": 2.2975, "median_healthcare": 3.2815, "median_services": 0.5055, "median_commerce": 22.5125, "median_entertainment": 1.4755, "PC1_pos": 2.7982748723410733, "nivvie": 30285.309736842104, "rel_education": 1.6537347000745173, "rel_sante": 0.99956993411741479, "rel_services": 0.55331884160498046, "rel_commerce": 2.693048574330728, "rel_loisirs": 0.6841805148256761, "rel_pc1": 1.3367618286838008, "q_revenu": 4, "q_population": 4 }, "geometry": { "type": "Polygon", "coordinates": [ [ [ -0.602024523837643, 44.838234845563051 ], [ -0.602364593752531, 44.840017155265599 ], [ -0.599859054820998, 44.840272413489679 ], [ -0.599519062456602, 44.838490094376979 ], [ -0.602024523837643, 44.838234845563051 ] ] ] } },
{ "type": "Feature", "properties": { "idcar_200m": "CRS3035RES200mN2473600E3484600", "population": 322.0, "median_education": 3.8465, "median_healthcare": 3.59, "median_services": 0.8245, "median_commerce": 45.663, "median_entertainment": 1.506, "PC1_pos": 4.6172209698914486, "nivvie": 33864.211801242236, "rel_education": 2.7687009897003829, "rel_sante": 1.0935413876219773, "rel_services": 0.902495321272614, "rel_commerce": 5.4624176368534831, "rel_loisirs": 0.69832318219414991, "rel_pc1": 2.2056892295164716, "q_revenu": 5, "q_population": 4 }, "geometry": { "type": "Polygon", "coordinates": [ [ [ -0.599519062456602, 44.838490094376979 ], [ -0.599859054820998, 44.840272413489679 ], [ -0.597353495420885, 44.840527611805122 ], [ -0.597013580609584, 44.838745283284226 ], [ -0.599519062456602, 44.838490094376979 ] ] ] } },
{ "type": "Feature", "properties": { "idcar_200m": "CRS3035RES200mN2473600E3484800", "population": 419.0, "median_education": 4.527, "median_healthcare": 2.219, "median_services": 0.901, "median_commerce": 21.555, "median_entertainment": 1.696, "PC1_pos": 3.3012584251142503, "nivvie": 28608.327446300715, "rel_education": 3.2585231718116821, "rel_sante": 0.67592432844935035, "rel_services": 0.98623200056594928, "rel_commerce": 2.5785080297478666, "rel_loisirs": 0.78642504448956063, "rel_pc1": 1.5770417312940952, "q_revenu": 4, "q_population": 4 }, "geometry": { "type": "Polygon", "coordinates": [ [ [ -0.597013580609584, 44.838745283284226 ], [ -0.597353495420885, 44.840527611805122 ], [ -0.594847915556622, 44.840782750211091 ], [ -0.594508078301029, 44.839000412284186 ], [ -0.597013580609584, 44.838745283284226 ] ] ] } },
{ "type": "Feature", "properties": { "idcar_200m": "CRS3035RES200mN2473600E3485000", "population": 263.5, "median_education": 2.314, "median_healthcare": 1.802, "median_services": 0.929, "median_commerce": 10.9295, "median_entertainment": 2.4155, "PC1_pos": 2.4296492744632161, "nivvie": 26369.111195445919, "rel_education": 1.6656113584210805, "rel_sante": 0.54890294721303712, "rel_services": 1.016880719784425, "rel_commerce": 1.3074369524996201, "rel_loisirs": 1.1200528861819183, "rel_pc1": 1.160665965768586, "q_revenu": 3, "q_population": 3 }, "geometry": { "type": "Polygon", "coordinates": [ [ [ -0.594508078301029, 44.839000412284186 ], [ -0.594847915556622, 44.840782750211091 ], [ -0.592342315232638, 44.841037828706796 ], [ -0.592002555535354, 44.83925548137595 ], [ -0.594508078301029, 44.839000412284186 ] ] ] } },
{ "type": "Feature", "properties": { "idcar_200m": "CRS3035RES200mN2473600E3485200", "population": 280.5, "median_education": 3.3805, "median_healthcare": 2.5905, "median_services": 1.4195, "median_commerce": 15.53, "median_entertainment": 5.222, "PC1_pos": 3.5722255899420579, "nivvie": 30183.554367201425, "rel_education": 2.4332753660944091, "rel_sante": 0.78908606257234881, "rel_services": 1.5537806046652221, "rel_commerce": 1.8577698771507478, "rel_loisirs": 2.4214101310875504, "rel_pc1": 1.7064852560702899, "q_revenu": 4, "q_population": 3 }, "geometry": { "type": "Polygon", "coordinates": [ [ [ -0.592002555535354, 44.83925548137595 ], [ -0.592342315232638, 44.841037828706796 ], [ -0.589836694453348, 44.841292847291406 ], [ -0.589497012316986, 44.839510490558773 ], [ -0.592002555535354, 44.83925548137595 ] ] ] } },
{ "type": "Feature", "properties": { "idcar_200m": "CRS3035RES200mN2473600E3485400", "population": 523.0, "median_education": 3.18, "median_healthcare": 2.868, "median_services": 2.084, "median_commerce": 18.024, "median_entertainment": 3.902, "PC1_pos": 4.1021618495179197, "nivvie": 29240.693307839389, "rel_education": 2.2889559722467747, "rel_sante": 0.87361467958212558, "rel_services": 2.2811403875465466, "rel_commerce": 2.1561136037195801, "rel_loisirs": 1.8093340351404867, "rel_pc1": 1.9596407163999705, "q_revenu": 4, "q_population": 5 }, "geometry": { "type": "Polygon", "coordinates": [ [ [ -0.589497012316986, 44.839510490558773 ], [ -0.589836694453348, 44.841292847291406 ], [ -0.587331053223193, 44.841547805964282 ], [ -0.586991448650358, 44.839765439831886 ], [ -0.589497012316986, 44.839510490558773 ] ] ] } },
{ "type": "Feature", "properties": { "idcar_200m": "CRS3035RES200mN2473600E3485600", "population": 380.5, "median_education": 3.165, "median_healthcare": 5.805, "median_services": 3.101, "median_commerce": 33.511, "median_entertainment": 4.126, "PC1_pos": 6.1686924335363553, "nivvie": 27383.31879106439, "rel_education": 2.2781590101135349, "rel_sante": 1.7682472855558713, "rel_services": 3.3943456534461807, "rel_commerce": 4.0087396235156936, "rel_loisirs": 1.9132014938466553, "rel_pc1": 2.9468415199480429, "q_revenu": 3, "q_population": 4 }, "geometry": { "type": "Polygon", "coordinates": [ [ [ -0.586991448650358, 44.839765439831886 ], [ -0.587331053223193, 44.841547805964282 ], [ -0.584825391546599, 44.841802704724522 ], [ -0.584485864539891, 44.840020329194488 ], [ -0.586991448650358, 44.839765439831886 ] ] ] } },
{ "type": "Feature", "properties": { "idcar_200m": "CRS3035RES200mN2473600E3485800", "population": 420.5, "median_education": 4.622, "median_healthcare": 8.688, "median_services": 4.762, "median_commerce": 55.378, "median_entertainment": 7.73, "PC1_pos": 9.9586537734255014, "nivvie": 24285.127705112958, "rel_education": 3.3269039319888654, "rel_sante": 2.646431079570958, "rel_services": 5.2124714613707548, "rel_commerce": 6.6245705252320741, "rel_loisirs": 3.5843547133869715, "rel_pc1": 4.7573411607901912, "q_revenu": 2, "q_population": 4 }, "geometry": { "type": "Polygon", "coordinates": [ [ [ -0.584485864539891, 44.840020329194488 ], [ -0.584825391546599, 44.841802704724522 ], [ -0.582319709427983, 44.842057543571357 ], [ -0.581980259990017, 44.840275158645838 ], [ -0.584485864539891, 44.840020329194488 ] ] ] } },
{ "type": "Feature", "properties": { "idcar_200m": "CRS3035RES200mN2473600E3486000", "population": 322.5, "median_education": 3.903, "median_healthcare": 11.132, "median_services": 6.6025, "median_commerce": 82.182, "median_entertainment": 13.8125, "PC1_pos": 14.043239900628333, "nivvie": 26333.647441860467, "rel_education": 2.8093695470689184, "rel_sante": 3.3908921245147225, "rel_services": 7.227077451428058, "rel_commerce": 9.8309880260143423, "rel_loisirs": 6.4047735418703162, "rel_pc1": 6.7085857918253593, "q_revenu": 3, "q_population": 4 }, "geometry": { "type": "Polygon", "coordinates": [ [ [ -0.581980259990017, 44.840275158645838 ], [ -0.582319709427983, 44.842057543571357 ], [ -0.579814006871783, 44.842312322504036 ], [ -0.579474635005159, 44.840529928185056 ], [ -0.581980259990017, 44.840275158645838 ] ] ] } },
{ "type": "Feature", "properties": { "idcar_200m": "CRS3035RES200mN2473600E3486200", "population": 422.0, "median_education": 2.507, "median_healthcare": 11.1015, "median_services": 6.634, "median_commerce": 69.6225, "median_entertainment": 14.032, "PC1_pos": 13.228913525334249, "nivvie": 27848.915165876777, "rel_education": 1.8045322712020953, "rel_sante": 3.381601591834368, "rel_services": 7.2615572605488437, "rel_commerce": 8.3285629923971634, "rel_loisirs": 6.5065543775221197, "rel_pc1": 6.3195745387339626, "q_revenu": 3, "q_population": 4 }, "geometry": { "type": "Polygon", "coordinates": [ [ [ -0.579474635005159, 44.840529928185056 ], [ -0.579814006871783, 44.842312322504036 ], [ -0.577308283882431, 44.842567041521725 ], [ -0.576968989589751, 44.840784637811417 ], [ -0.579474635005159, 44.840529928185056 ] ] ] } },
{ "type": "Feature", "properties": { "idcar_200m": "CRS3035RES200mN2473600E3486400", "population": 288.5, "median_education": 1.402, "median_healthcare": 11.439, "median_services": 8.21, "median_commerce": 71.163, "median_entertainment": 12.715, "PC1_pos": 13.804686602676188, "nivvie": 27569.28041594454, "rel_education": 1.0091560607201189, "rel_sante": 3.4844066665759885, "rel_services": 8.9866423137030456, "rel_commerce": 8.5128446727417035, "rel_loisirs": 5.8958693636112987, "rel_pc1": 6.594626671525547, "q_revenu": 3, "q_population": 3 }, "geometry": { "type": "Polygon", "coordinates": [ [ [ -0.576968989589751, 44.840784637811417 ], [ -0.577308283882431, 44.842567041521725 ], [ -0.574802540464344, 44.842821700623695 ], [ -0.574463323748212, 44.841039287524175 ], [ -0.576968989589751, 44.840784637811417 ] ] ] } },
{ "type": "Feature", "properties": { "idcar_200m": "CRS3035RES200mN2473600E3486600", "population": 414.5, "median_education": 1.193, "median_healthcare": 7.548, "median_services": 6.57, "median_commerce": 62.452, "median_entertainment": 11.348, "PC1_pos": 11.408441443069194, "nivvie": 27407.990832328105, "rel_education": 0.85871838833031511, "rel_sante": 2.2991783826659291, "rel_services": 7.1915030451923272, "rel_commerce": 7.4707948723643591, "rel_loisirs": 5.261999649096424, "rel_pc1": 5.4499181608669405, "q_revenu": 3, "q_population": 4 }, "geometry": { "type": "Polygon", "coordinates": [ [ [ -0.574463323748212, 44.841039287524175 ], [ -0.574802540464344, 44.842821700623695 ], [ -0.572296776621963, 44.843076299809148 ], [ -0.571957637484983, 44.841293877322478 ], [ -0.574463323748212, 44.841039287524175 ] ] ] } },
{ "type": "Feature", "properties": { "idcar_200m": "CRS3035RES200mN2473600E3486800", "population": 213.5, "median_education": 0.634, "median_healthcare": 2.961, "median_services": 2.902, "median_commerce": 21.19, "median_entertainment": 6.795, "PC1_pos": 5.3062204751213899, "nivvie": 27764.822014051522, "rel_education": 0.45635159949825632, "rel_sante": 0.90194318906648319, "rel_services": 3.1765208275720145, "rel_commerce": 2.5348450545282901, "rel_loisirs": 3.1508008120911346, "rel_pc1": 2.5348306757972177, "q_revenu": 3, "q_population": 3 }, "geometry": { "type": "Polygon", "coordinates": [ [ [ -0.571957637484983, 44.841293877322478 ], [ -0.572296776621963, 44.843076299809148 ], [ -0.56979099235971, 44.843330839077282 ], [ -0.569451930804484, 44.841548407205607 ], [ -0.571957637484983, 44.841293877322478 ] ] ] } },
{ "type": "Feature", "properties": { "idcar_200m": "CRS3035RES200mN2473600E3487400", "population": 258.5, "median_education": 0.613, "median_healthcare": 2.751, "median_services": 0.891, "median_commerce": 2.3395, "median_entertainment": 1.8935, "PC1_pos": 1.5132083518680295, "nivvie": 27998.653771760153, "rel_education": 0.44123585251172098, "rel_sante": 0.8379755870050305, "rel_services": 0.97528602941649367, "rel_commerce": 0.27986172746903892, "rel_loisirs": 0.87800461187557965, "rel_pc1": 0.7228736474806734, "q_revenu": 3, "q_population": 3 }, "geometry": { "type": "Polygon", "coordinates": [ [ [ -0.564440456209409, 44.842057287223049 ], [ -0.564779362593316, 44.843839737858495 ], [ -0.562273517098041, 44.844094097370018 ], [ -0.561934688303691, 44.842311637355856 ], [ -0.564440456209409, 44.842057287223049 ] ] ] } },
{ "type": "Feature", "properties": { "idcar_200m": "CRS3035RES200mN2473600E3487600", "population": 693.0, "median_education": 1.8025, "median_healthcare": 6.163, "median_services": 1.8105, "median_commerce": 4.9285, "median_entertainment": 1.797, "PC1_pos": 2.8012051420180679, "nivvie": 24856.229148629151, "rel_education": 1.2974349496776136, "rel_sante": 1.8772968166892052, "rel_services": 1.9817680766089358, "rel_commerce": 0.58956979005392529, "rel_loisirs": 0.8332581397097526, "rel_pc1": 1.3381616456534178, "q_revenu": 2, "q_population": 5 }, "geometry": { "type": "Polygon", "coordinates": [ [ [ -0.561934688303691, 44.842311637355856 ], [ -0.562273517098041, 44.844094097370018 ], [ -0.559767651200611, 44.844348396961109 ], [ -0.55942889999842, 44.842565927570298 ], [ -0.561934688303691, 44.842311637355856 ] ] ] } },
{ "type": "Feature", "properties": { "idcar_200m": "CRS3035RES200mN2473600E3487800", "population": 240.0, "median_education": 2.2615, "median_healthcare": 6.1505, "median_services": 3.575, "median_commerce": 7.653, "median_entertainment": 2.239, "PC1_pos": 4.1287600710219472, "nivvie": 27612.94625, "rel_education": 1.6278219909547422, "rel_sante": 1.8734892213284045, "rel_services": 3.9131846859303763, "rel_commerce": 0.91548698453539434, "rel_loisirs": 1.0382108930496028, "rel_pc1": 1.9723469332083694, "q_revenu": 3, "q_population": 3 }, "geometry": { "type": "Polygon", "coordinates": [ [ [ -0.55942889999842, 44.842565927570298 ], [ -0.559767651200611, 44.844348396961109 ], [ -0.557261764905467, 44.844602636630974 ], [ -0.55692309129804, 44.842820157865631 ], [ -0.55942889999842, 44.842565927570298 ] ] ] } },
{ "type": "Feature", "properties": { "idcar_200m": "CRS3035RES200mN2473600E3488000", "population": 61.5, "median_education": 2.793, "median_healthcare": 5.485, "median_services": 4.801, "median_commerce": 6.188, "median_entertainment": 1.943, "PC1_pos": 4.6611026792378736, "nivvie": 24316.684552845531, "rel_education": 2.0103943492091956, "rel_sante": 1.6707728443193721, "rel_services": 5.2551607488536325, "rel_commerce": 0.7402369607088749, "rel_loisirs": 0.90095746547359457, "rel_pc1": 2.2266519285749178, "q_revenu": 2, "q_population": 1 }, "geometry": { "type": "Polygon", "coordinates": [ [ [ -0.55692309129804, 44.842820157865631 ], [ -0.557261764905467, 44.844602636630974 ], [ -0.554755858217042, 44.844856816378829 ], [ -0.554417262206973, 44.84307432824108 ], [ -0.55692309129804, 44.842820157865631 ] ] ] } },
{ "type": "Feature", "properties": { "idcar_200m": "CRS3035RES200mN2473600E3488200", "population": 254.0, "median_education": 2.43, "median_healthcare": 5.108, "median_services": 2.87, "median_commerce": 4.055, "median_entertainment": 1.266, "PC1_pos": 3.3246608039631056, "nivvie": 26889.490157480315, "rel_education": 1.7491078655847996, "rel_sante": 1.5559357682376211, "rel_services": 3.1414937198937563, "rel_commerce": 0.48507771100104841, "rel_loisirs": 0.58703661929468387, "rel_pc1": 1.5882212644610334, "q_revenu": 3, "q_population": 3 }, "geometry": { "type": "Polygon", "coordinates": [ [ [ -0.554417262206973, 44.84307432824108 ], [ -0.554755858217042, 44.844856816378829 ], [ -0.55224993113976, 44.845110936203916 ], [ -0.551911412729649, 44.843328438695842 ], [ -0.554417262206973, 44.84307432824108 ] ] ] } },
{ "type": "Feature", "properties": { "idcar_200m": "CRS3035RES200mN2473600E3488400", "population": 275.0, "median_education": 1.5825, "median_healthcare": 3.852, "median_services": 1.255, "median_commerce": 3.7155, "median_entertainment": 1.316, "PC1_pos": 1.9933373638460494, "nivvie": 28156.934545454544, "rel_education": 1.1390795050567675, "rel_sante": 1.1733485863843613, "rel_services": 1.3737193792566773, "rel_commerce": 0.44446516281736015, "rel_loisirs": 0.61022131989873918, "rel_pc1": 0.95223572423724701, "q_revenu": 4, "q_population": 3 }, "geometry": { "type": "Polygon", "coordinates": [ [ [ -0.551911412729649, 44.843328438695842 ], [ -0.55224993113976, 44.845110936203916 ], [ -0.549743983678059, 44.845364996105445 ], [ -0.549405542870506, 44.843582489229128 ], [ -0.551911412729649, 44.843328438695842 ] ] ] } },
{ "type": "Feature", "properties": { "idcar_200m": "CRS3035RES200mN2473600E3488600", "population": 340.0, "median_education": 1.133, "median_healthcare": 2.289, "median_services": 0.522, "median_commerce": 2.584, "median_entertainment": 1.689, "PC1_pos": 1.2460477474381897, "nivvie": 28958.033823529411, "rel_education": 0.81553053979735712, "rel_sante": 0.69724686246983458, "rel_services": 0.57137969400158217, "rel_commerce": 0.30910993963667305, "rel_loisirs": 0.78317918640499284, "rel_pc1": 0.59524855186913239, "q_revenu": 4, "q_population": 4 }, "geometry": { "type": "Polygon", "coordinates": [ [ [ -0.549405542870506, 44.843582489229128 ], [ -0.549743983678059, 44.845364996105445 ], [ -0.547238015836374, 44.845618996082607 ], [ -0.546899652633976, 44.843836479840171 ], [ -0.549405542870506, 44.843582489229128 ] ] ] } },
{ "type": "Feature", "properties": { "idcar_200m": "CRS3035RES200mN2473600E3488800", "population": 484.5, "median_education": 1.415, "median_healthcare": 1.388, "median_services": 0.339, "median_commerce": 1.807, "median_entertainment": 2.561, "PC1_pos": 1.1655682723988054, "nivvie": 15133.010939112486, "rel_education": 1.0185134279022598, "rel_sante": 0.42279538886331602, "rel_services": 0.37106842196654477, "rel_commerce": 0.2161616334843143, "rel_loisirs": 1.1875203649397197, "rel_pc1": 0.55680276111121618, "q_revenu": 1, "q_population": 5 }, "geometry": { "type": "Polygon", "coordinates": [ [ [ -0.546899652633976, 44.843836479840171 ], [ -0.547238015836374, 44.845618996082607 ], [ -0.544732027619132, 44.845872936134647 ], [ -0.544393742024482, 44.844090410528196 ], [ -0.546899652633976, 44.843836479840171 ] ] ] } },
{ "type": "Feature", "properties": { "idcar_200m": "CRS3035RES200mN2473600E3489000", "population": 511.0, "median_education": 1.6785, "median_healthcare": 0.786, "median_services": 0.401, "median_commerce": 1.1815, "median_entertainment": 2.971, "PC1_pos": 1.2198587888682457, "nivvie": 15349.045009784735, "rel_education": 1.2081800627095003, "rel_sante": 0.23942159628715159, "rel_services": 0.43893344309316945, "rel_commerce": 0.14133645266282088, "rel_loisirs": 1.3776349098929745, "rel_pc1": 0.58273784375560311, "q_revenu": 1, "q_population": 5 }, "geometry": { "type": "Polygon", "coordinates": [ [ [ -0.544393742024482, 44.844090410528196 ], [ -0.544732027619132, 44.845872936134647 ], [ -0.542226019030763, 44.846126816260778 ], [ -0.541887811046465, 44.844344281292386 ], [ -0.544393742024482, 44.844090410528196 ] ] ] } },
{ "type": "Feature", "properties": { "idcar_200m": "CRS3035RES200mN2473600E3489200", "population": 312.5, "median_education": 0.499, "median_healthcare": 0.3445, "median_services": 0.206, "median_commerce": 0.725, "median_entertainment": 1.4155, "PC1_pos": 0.6042270259489444, "nivvie": 15373.504, "rel_education": 0.3591789402991008, "rel_sante": 0.10493732814366885, "rel_services": 0.2254870056787853, "rel_commerce": 0.086727827490939602, "rel_loisirs": 0.65635887410080962, "rel_pc1": 0.28864484762783382, "q_revenu": 1, "q_population": 4 }, "geometry": { "type": "Polygon", "coordinates": [ [ [ -0.541887811046465, 44.844344281292386 ], [ -0.542226019030763, 44.846126816260778 ], [ -0.53971999007571, 44.846380636460225 ], [ -0.539381859704359, 44.84459809213201 ], [ -0.541887811046465, 44.844344281292386 ] ] ] } },
{ "type": "Feature", "properties": { "idcar_200m": "CRS3035RES200mN2473600E3489400", "population": 334.5, "median_education": 0.115, "median_healthcare": 0.071, "median_services": 0.057, "median_commerce": 0.246, "median_entertainment": 0.454, "PC1_pos": 0.18339069691992527, "nivvie": 14233.86038863976, "rel_education": 0.082776709688169525, "rel_sante": 0.021627141649348296, "rel_services": 0.062392035551896902, "rel_commerce": 0.029427649052098128, "rel_loisirs": 0.21051708148482343, "rel_pc1": 0.087607434781123039, "q_revenu": 1, "q_population": 4 }, "geometry": { "type": "Polygon", "coordinates": [ [ [ -0.539381859704359, 44.84459809213201 ], [ -0.53971999007571, 44.846380636460225 ], [ -0.537213940758403, 44.846634396732199 ], [ -0.536875888002592, 44.844851843046257 ], [ -0.539381859704359, 44.84459809213201 ] ] ] } },
{ "type": "Feature", "properties": { "idcar_200m": "CRS3035RES200mN2473800E3482400", "population": 210.5, "median_education": 0.011, "median_healthcare": 1.467, "median_services": 0.009, "median_commerce": 0.482, "median_entertainment": 0.022, "PC1_pos": 0.16806417128597895, "nivvie": 24089.651781472687, "rel_education": 0.0079177722310423016, "rel_sante": 0.44685939154357684, "rel_services": 0.0098513740345100367, "rel_commerce": 0.057659052207769505, "rel_loisirs": 0.010201268265784394, "rel_pc1": 0.080285811506615068, "q_revenu": 2, "q_population": 2 }, "geometry": { "type": "Polygon", "coordinates": [ [ [ -0.62741885632246, 44.83746127821945 ], [ -0.627759730058415, 44.8392434898049 ], [ -0.625254318525487, 44.839499356504689 ], [ -0.624913522320099, 44.837717135487217 ], [ -0.62741885632246, 44.83746127821945 ] ] ] } },
{ "type": "Feature", "properties": { "idcar_200m": "CRS3035RES200mN2473800E3482600", "population": 198.5, "median_education": 0.0185, "median_healthcare": 2.3285, "median_services": 0.026, "median_commerce": 0.4735, "median_entertainment": 0.0525, "PC1_pos": 0.30975872213406586, "nivvie": 26504.776826196474, "rel_education": 0.013316253297662053, "rel_sante": 0.70927886380996497, "rel_services": 0.028459524988584551, "rel_commerce": 0.056642243195806762, "rel_loisirs": 0.024343935634258216, "rel_pc1": 0.1479746110517984, "q_revenu": 3, "q_population": 2 }, "geometry": { "type": "Polygon", "coordinates": [ [ [ -0.624913522320099, 44.837717135487217 ], [ -0.625254318525487, 44.839499356504689 ], [ -0.62274888647712, 44.839755163301568 ], [ -0.622408167804908, 44.837972932854179 ], [ -0.624913522320099, 44.837717135487217 ] ] ] } },
{ "type": "Feature", "properties": { "idcar_200m": "CRS3035RES200mN2473800E3482800", "population": 485.5, "median_education": 0.071, "median_healthcare": 6.125, "median_services": 0.089, "median_commerce": 0.938, "median_entertainment": 0.174, "PC1_pos": 0.68142806248987497, "nivvie": 24032.721112255407, "rel_education": 0.051105620764000305, "rel_sante": 1.8657217267923709, "rel_services": 0.097419143230154812, "rel_commerce": 0.11220786508482945, "rel_loisirs": 0.080682758102112936, "rel_pc1": 0.32552449794481692, "q_revenu": 2, "q_population": 5 }, "geometry": { "type": "Polygon", "coordinates": [ [ [ -0.622408167804908, 44.837972932854179 ], [ -0.62274888647712, 44.839755163301568 ], [ -0.620243433917733, 44.840010910194685 ], [ -0.619902792781312, 44.838228670319531 ], [ -0.622408167804908, 44.837972932854179 ] ] ] } },
{ "type": "Feature", "properties": { "idcar_200m": "CRS3035RES200mN2473800E3483000", "population": 202.5, "median_education": 0.117, "median_healthcare": 4.623, "median_services": 0.205, "median_commerce": 1.149, "median_entertainment": 0.3, "PC1_pos": 0.69353433027185041, "nivvie": 31342.856296296297, "rel_education": 0.08421630463926813, "rel_sante": 1.408201068238552, "rel_services": 0.22439240856383971, "rel_commerce": 0.13744865349943394, "rel_loisirs": 0.13910820362433265, "rel_pc1": 0.33130777421218022, "q_revenu": 4, "q_population": 2 }, "geometry": { "type": "Polygon", "coordinates": [ [ [ -0.619902792781312, 44.838228670319531 ], [ -0.620243433917733, 44.840010910194685 ], [ -0.617737960851758, 44.840266597183373 ], [ -0.617397397253741, 44.838484347882464 ], [ -0.619902792781312, 44.838228670319531 ] ] ] } },
{ "type": "Feature", "properties": { "idcar_200m": "CRS3035RES200mN2473800E3483200", "population": 264.0, "median_education": 0.202, "median_healthcare": 3.669, "median_services": 0.439, "median_commerce": 0.963, "median_entertainment": 0.509, "PC1_pos": 0.81455965862233604, "nivvie": 28840.079166666666, "rel_education": 0.14539909006095864, "rel_sante": 1.117605390302238, "rel_services": 0.48052813346110068, "rel_commerce": 0.11519847982589633, "rel_loisirs": 0.2360202521492844, "rel_pc1": 0.38912269469835237, "q_revenu": 4, "q_population": 3 }, "geometry": { "type": "Polygon", "coordinates": [ [ [ -0.617397397253741, 44.838484347882464 ], [ -0.617737960851758, 44.840266597183373 ], [ -0.615232467283616, 44.840522224266728 ], [ -0.61489198122662, 44.838739965542196 ], [ -0.617397397253741, 44.838484347882464 ] ] ] } },
{ "type": "Feature", "properties": { "idcar_200m": "CRS3035RES200mN2473800E3483400", "population": 251.5, "median_education": 0.3575, "median_healthcare": 6.416, "median_services": 0.6925, "median_commerce": 0.7465, "median_entertainment": 0.445, "PC1_pos": 1.3059168758389941, "nivvie": 31084.254473161032, "rel_education": 0.25732759750887479, "rel_sante": 1.9543625467918126, "rel_services": 0.75800850209979997, "rel_commerce": 0.089299756168257124, "rel_loisirs": 0.20634383537609344, "rel_pc1": 0.6238485891112957, "q_revenu": 4, "q_population": 3 }, "geometry": { "type": "Polygon", "coordinates": [ [ [ -0.61489198122662, 44.838739965542196 ], [ -0.615232467283616, 44.840522224266728 ], [ -0.612726953217728, 44.840777791444012 ], [ -0.612386544704359, 44.838995523297967 ], [ -0.61489198122662, 44.838739965542196 ] ] ] } },
{ "type": "Feature", "properties": { "idcar_200m": "CRS3035RES200mN2473800E3483600", "population": 333.5, "median_education": 1.0105, "median_healthcare": 4.8495, "median_services": 0.6445, "median_commerce": 1.1605, "median_entertainment": 0.776, "PC1_pos": 1.2460283892419854, "nivvie": 28781.338230884561, "rel_education": 0.72735534904256782, "rel_sante": 1.4771946961762619, "rel_services": 0.7054678405824133, "rel_commerce": 0.1388243362803247, "rel_loisirs": 0.35982655337494046, "rel_pc1": 0.59523930427947858, "q_revenu": 4, "q_population": 4 }, "geometry": { "type": "Polygon", "coordinates": [ [ [ -0.612386544704359, 44.838995523297967 ], [ -0.612726953217728, 44.840777791444012 ], [ -0.610221418658529, 44.841033298714457 ], [ -0.609881087691402, 44.839251021148975 ], [ -0.612386544704359, 44.838995523297967 ] ] ] } },
{ "type": "Feature", "properties": { "idcar_200m": "CRS3035RES200mN2473800E3483800", "population": 202.5, "median_education": 3.114, "median_healthcare": 3.2345, "median_services": 0.217, "median_commerce": 2.641, "median_entertainment": 1.41, "PC1_pos": 1.3257127264277786, "nivvie": 30226.361975308642, "rel_education": 2.2414493388605208, "rel_sante": 0.98525337556080372, "rel_services": 0.23752757394318647, "rel_commerce": 0.31592854124630554, "rel_loisirs": 0.65380855703436347, "rel_pc1": 0.63330525031887619, "q_revenu": 4, "q_population": 2 }, "geometry": { "type": "Polygon", "coordinates": [ [ [ -0.609881087691402, 44.839251021148975 ], [ -0.610221418658529, 44.841033298714457 ], [ -0.607715863610434, 44.841288746077261 ], [ -0.607375610192156, 44.839506459094437 ], [ -0.609881087691402, 44.839251021148975 ] ] ] } },
{ "type": "Feature", "properties": { "idcar_200m": "CRS3035RES200mN2473800E3484000", "population": 62.0, "median_education": 2.8525, "median_healthcare": 4.527, "median_services": 0.2025, "median_commerce": 3.8705, "median_entertainment": 1.4645, "PC1_pos": 1.4302033505799057, "nivvie": 36631.574193548389, "rel_education": 2.0532222990043789, "rel_sante": 1.3789587358676019, "rel_services": 0.22165591577647586, "rel_commerce": 0.46300697421197484, "rel_loisirs": 0.67907988069278402, "rel_pc1": 0.68322138943820854, "q_revenu": 5, "q_population": 1 }, "geometry": { "type": "Polygon", "coordinates": [ [ [ -0.607375610192156, 44.839506459094437 ], [ -0.607715863610434, 44.841288746077261 ], [ -0.605210288077877, 44.841544133531613 ], [ -0.604870112211056, 44.839761837133565 ], [ -0.607375610192156, 44.839506459094437 ] ] ] } },
{ "type": "Feature", "properties": { "idcar_200m": "CRS3035RES200mN2473800E3484200", "population": 286.5, "median_education": 3.4535, "median_healthcare": 3.184, "median_services": 0.2075, "median_commerce": 8.7145, "median_entertainment": 1.0925, "PC1_pos": 1.7905680977363614, "nivvie": 31728.027574171032, "rel_education": 2.485820581809508, "rel_sante": 0.96987069030316886, "rel_services": 0.22712890135120362, "rel_commerce": 1.042468486441094, "rel_loisirs": 0.50658570819861148, "rel_pc1": 0.85537096743839425, "q_revenu": 5, "q_population": 3 }, "geometry": { "type": "Polygon", "coordinates": [ [ [ -0.604870112211056, 44.839761837133565 ], [ -0.605210288077877, 44.841544133531613 ], [ -0.602704692065275, 44.841799461076747 ], [ -0.602364593752531, 44.840017155265599 ], [ -0.604870112211056, 44.839761837133565 ] ] ] } },
{ "type": "Feature", "properties": { "idcar_200m": "CRS3035RES200mN2473800E3484400", "population": 61.0, "median_education": 3.171, "median_healthcare": 2.314, "median_services": 0.304, "median_commerce": 17.293, "median_entertainment": 0.932, "PC1_pos": 2.238589358799719, "nivvie": 35450.901639344265, "rel_education": 2.2824777949668307, "rel_sante": 0.70486205319143613, "rel_services": 0.33275752294345012, "rel_commerce": 2.0686680286907841, "rel_loisirs": 0.43216281925959349, "rel_pc1": 1.0693948741488992, "q_revenu": 5, "q_population": 1 }, "geometry": { "type": "Polygon", "coordinates": [ [ [ -0.602364593752531, 44.840017155265599 ], [ -0.602704692065275, 44.841799461076747 ], [ -0.600199075577065, 44.842054728711879 ], [ -0.599859054820998, 44.840272413489679 ], [ -0.602364593752531, 44.840017155265599 ] ] ] } },
{ "type": "Feature", "properties": { "idcar_200m": "CRS3035RES200mN2473800E3484600", "population": 297.5, "median_education": 3.503, "median_healthcare": 3.0655, "median_services": 0.4695, "median_commerce": 27.432, "median_entertainment": 1.364, "PC1_pos": 3.4007979898081682, "nivvie": 34509.259495798316, "rel_education": 2.5214505568491985, "rel_sante": 0.9337746862827776, "rel_services": 0.51391334546694023, "rel_commerce": 3.2815417430778697, "rel_loisirs": 0.63247863247863245, "rel_pc1": 1.6245927034454875, "q_revenu": 5, "q_population": 3 }, "geometry": { "type": "Polygon", "coordinates": [ [ [ -0.599859054820998, 44.840272413489679 ], [ -0.600199075577065, 44.842054728711879 ], [ -0.59769343861766, 44.842309936436237 ], [ -0.597353495420885, 44.840527611805122 ], [ -0.599859054820998, 44.840272413489679 ] ] ] } },
{ "type": "Feature", "properties": { "idcar_200m": "CRS3035RES200mN2473800E3484800", "population": 484.0, "median_education": 2.841, "median_healthcare": 2.326, "median_services": 0.651, "median_commerce": 13.325, "median_entertainment": 1.653, "PC1_pos": 2.3770151042499492, "nivvie": 32480.596487603303, "rel_education": 2.0449446280355619, "rel_sante": 0.70851734473780481, "rel_services": 0.7125827218295594, "rel_commerce": 1.5939976569886487, "rel_loisirs": 0.766486201970073, "rel_pc1": 1.1355221350745421, "q_revenu": 5, "q_population": 5 }, "geometry": { "type": "Polygon", "coordinates": [ [ [ -0.597353495420885, 44.840527611805122 ], [ -0.59769343861766, 44.842309936436237 ], [ -0.595187781191502, 44.842565084249031 ], [ -0.594847915556622, 44.840782750211091 ], [ -0.597353495420885, 44.840527611805122 ] ] ] } },
{ "type": "Feature", "properties": { "idcar_200m": "CRS3035RES200mN2473800E3485000", "population": 205.0, "median_education": 2.9005, "median_healthcare": 1.576, "median_services": 0.7935, "median_commerce": 10.652, "median_entertainment": 2.5855, "PC1_pos": 2.2687485862807435, "nivvie": 34176.119512195124, "rel_education": 2.0877725778307452, "rel_sante": 0.48006162308975941, "rel_services": 0.86856281070930175, "rel_commerce": 1.2742411288737776, "rel_loisirs": 1.1988808682357071, "rel_pc1": 1.0838022165003305, "q_revenu": 5, "q_population": 2 }, "geometry": { "type": "Polygon", "coordinates": [ [ [ -0.594847915556622, 44.840782750211091 ], [ -0.595187781191502, 44.842565084249031 ], [ -0.592682103303007, 44.842820172149437 ], [ -0.592342315232638, 44.841037828706796 ], [ -0.594847915556622, 44.840782750211091 ] ] ] } },
{ "type": "Feature", "properties": { "idcar_200m": "CRS3035RES200mN2473800E3485200", "population": 342.0, "median_education": 2.521, "median_healthcare": 1.957, "median_services": 1.028, "median_commerce": 10.449, "median_entertainment": 3.255, "PC1_pos": 2.5957624113910418, "nivvie": 32220.633040935674, "rel_education": 1.8146094358597857, "rel_sante": 0.59611712968696651, "rel_services": 1.1252458341640355, "rel_commerce": 1.2499573371763144, "rel_loisirs": 1.5093240093240092, "rel_pc1": 1.2400197500886625, "q_revenu": 5, "q_population": 4 }, "geometry": { "type": "Polygon", "coordinates": [ [ [ -0.592342315232638, 44.841037828706796 ], [ -0.592682103303007, 44.842820172149437 ], [ -0.590176404956609, 44.843075200136752 ], [ -0.589836694453348, 44.841292847291406 ], [ -0.592342315232638, 44.841037828706796 ] ] ] } },
{ "type": "Feature", "properties": { "idcar_200m": "CRS3035RES200mN2473800E3485400", "population": 625.0, "median_education": 3.8525, "median_healthcare": 3.0315, "median_services": 1.6745, "median_commerce": 16.533, "median_entertainment": 2.625, "PC1_pos": 3.5999068945122716, "nivvie": 33384.43296000001, "rel_education": 2.7730197745536791, "rel_sante": 0.92341802690139962, "rel_services": 1.8329028689763398, "rel_commerce": 1.9777533405623513, "rel_loisirs": 1.2171967817129108, "rel_pc1": 1.7197088716926805, "q_revenu": 5, "q_population": 5 }, "geometry": { "type": "Polygon", "coordinates": [ [ [ -0.589836694453348, 44.841292847291406 ], [ -0.590176404956609, 44.843075200136752 ], [ -0.587670686156732, 44.843330168210116 ], [ -0.587331053223193, 44.841547805964282 ], [ -0.589836694453348, 44.841292847291406 ] ] ] } },
{ "type": "Feature", "properties": { "idcar_200m": "CRS3035RES200mN2473800E3485600", "population": 339.0, "median_education": 3.396, "median_healthcare": 7.038, "median_services": 3.4195, "median_commerce": 37.6885, "median_entertainment": 2.918, "PC1_pos": 6.3569795428432965, "nivvie": 26677.277876106193, "rel_education": 2.4444322269654233, "rel_sante": 2.1438284919452584, "rel_services": 3.7429748345563416, "rel_commerce": 4.5084713467479691, "rel_loisirs": 1.3530591272526757, "rel_pc1": 3.0367880162849668, "q_revenu": 3, "q_population": 4 }, "geometry": { "type": "Polygon", "coordinates": [ [ [ -0.587331053223193, 44.841547805964282 ], [ -0.587670686156732, 44.843330168210116 ], [ -0.585164946907808, 44.843585076368797 ], [ -0.584825391546599, 44.841802704724522 ], [ -0.587331053223193, 44.841547805964282 ] ] ] } },
{ "type": "Feature", "properties": { "idcar_200m": "CRS3035RES200mN2473800E3485800", "population": 192.0, "median_education": 3.685, "median_healthcare": 7.942, "median_services": 3.408, "median_commerce": 52.8705, "median_entertainment": 4.976, "PC1_pos": 7.7313346051393035, "nivvie": 32754.805729166666, "rel_education": 2.6524536973991713, "rel_sante": 2.4191937884383687, "rel_services": 3.7303869677344674, "rel_commerce": 6.3246118667030657, "rel_loisirs": 2.3073414041155975, "rel_pc1": 3.6933301610524092, "q_revenu": 5, "q_population": 2 }, "geometry": { "type": "Polygon", "coordinates": [ [ [ -0.584825391546599, 44.841802704724522 ], [ -0.585164946907808, 44.843585076368797 ], [ -0.582659187214264, 44.843839924611977 ], [ -0.582319709427983, 44.842057543571357 ], [ -0.584825391546599, 44.841802704724522 ] ] ] } },
{ "type": "Feature", "properties": { "idcar_200m": "CRS3035RES200mN2473800E3486000", "population": 591.0, "median_education": 2.327, "median_healthcare": 10.071, "median_services": 2.725, "median_commerce": 61.92, "median_entertainment": 5.919, "PC1_pos": 8.6221509156665004, "nivvie": 28232.024365482233, "rel_education": 1.6749687256032215, "rel_sante": 3.0677034302899537, "rel_services": 2.9827771382266501, "rel_commerce": 7.4071545906744563, "rel_loisirs": 2.744604857508083, "rel_pc1": 4.1188813647786695, "q_revenu": 4, "q_population": 5 }, "geometry": { "type": "Polygon", "coordinates": [ [ [ -0.582319709427983, 44.842057543571357 ], [ -0.582659187214264, 44.843839924611977 ], [ -0.580153407080528, 44.844094712938876 ], [ -0.579814006871783, 44.842312322504036 ], [ -0.582319709427983, 44.842057543571357 ] ] ] } },
{ "type": "Feature", "properties": { "idcar_200m": "CRS3035RES200mN2473800E3486200", "population": 342.5, "median_education": 1.501, "median_healthcare": 13.438, "median_services": 4.306, "median_commerce": 64.197, "median_entertainment": 8.128, "PC1_pos": 10.143686326327909, "nivvie": 27560.826861313868, "rel_education": 1.0804160107994996, "rel_sante": 4.0933173166752459, "rel_services": 4.7133351769555798, "rel_commerce": 7.6795397812908277, "rel_loisirs": 3.7689049301952529, "rel_pc1": 4.8457329253836834, "q_revenu": 3, "q_population": 4 }, "geometry": { "type": "Polygon", "coordinates": [ [ [ -0.579814006871783, 44.842312322504036 ], [ -0.580153407080528, 44.844094712938876 ], [ -0.577647606511031, 44.844349441348712 ], [ -0.577308283882431, 44.842567041521725 ], [ -0.579814006871783, 44.842312322504036 ] ] ] } },
{ "type": "Feature", "properties": { "idcar_200m": "CRS3035RES200mN2473800E3486400", "population": 215.5, "median_education": 0.73, "median_healthcare": 16.989, "median_services": 5.253, "median_commerce": 56.639, "median_entertainment": 6.545, "PC1_pos": 10.123238803896424, "nivvie": 33379.812993039443, "rel_education": 0.52545215715098914, "rel_sante": 5.1749790067715251, "rel_services": 5.7499186448090249, "rel_commerce": 6.775417132771488, "rel_loisirs": 3.0348773090708576, "rel_pc1": 4.8359649545000014, "q_revenu": 5, "q_population": 3 }, "geometry": { "type": "Polygon", "coordinates": [ [ [ -0.577308283882431, 44.842567041521725 ], [ -0.577647606511031, 44.844349441348712 ], [ -0.575141785510201, 44.844604109840731 ], [ -0.574802540464344, 44.842821700623695 ], [ -0.577308283882431, 44.842567041521725 ] ] ] } },
{ "type": "Feature", "properties": { "idcar_200m": "CRS3035RES200mN2473800E3486600", "population": 102.0, "median_education": 0.435, "median_healthcare": 10.175, "median_services": 4.078, "median_commerce": 37.562, "median_entertainment": 5.166, "PC1_pos": 7.3538565110339054, "nivvie": 30824.938235294121, "rel_education": 0.31311190186394555, "rel_sante": 3.0993826236918163, "rel_services": 4.4637670347479927, "rel_commerce": 4.4933388361581699, "rel_loisirs": 2.3954432664110086, "rel_pc1": 3.513005378683101, "q_revenu": 4, "q_population": 1 }, "geometry": { "type": "Polygon", "coordinates": [ [ [ -0.574802540464344, 44.842821700623695 ], [ -0.575141785510201, 44.844604109840731 ], [ -0.572635944082468, 44.844858718414109 ], [ -0.572296776621963, 44.843076299809148 ], [ -0.574802540464344, 44.842821700623695 ] ] ] } },
{ "type": "Feature", "properties": { "idcar_200m": "CRS3035RES200mN2473800E3486800", "population": 138.5, "median_education": 0.285, "median_healthcare": 3.016, "median_services": 2.069, "median_commerce": 13.895, "median_entertainment": 4.547, "PC1_pos": 3.5785280867711293, "nivvie": 33300.142238267152, "rel_education": 0.20514228053155054, "rel_sante": 0.9186966086540066, "rel_services": 2.2647214308223629, "rel_commerce": 1.6621836730849735, "rel_loisirs": 2.108416672932802, "rel_pc1": 1.7094960171894986, "q_revenu": 5, "q_population": 2 }, "geometry": { "type": "Polygon", "coordinates": [ [ [ -0.572296776621963, 44.843076299809148 ], [ -0.572635944082468, 44.844858718414109 ], [ -0.570130082232266, 44.845113267068051 ], [ -0.56979099235971, 44.843330839077282 ], [ -0.572296776621963, 44.843076299809148 ] ] ] } },
{ "type": "Feature", "properties": { "idcar_200m": "CRS3035RES200mN2473800E3487400", "population": 308.0, "median_education": 0.564, "median_healthcare": 1.491, "median_services": 0.436, "median_commerce": 1.111, "median_entertainment": 2.016, "PC1_pos": 1.0297356741615002, "nivvie": 34707.025, "rel_education": 0.40596577620980523, "rel_sante": 0.45416997463631431, "rel_services": 0.47724434211626404, "rel_commerce": 0.13290291909301227, "rel_loisirs": 0.93480712835551549, "rel_pc1": 0.49191427063112858, "q_revenu": 5, "q_population": 3 }, "geometry": { "type": "Polygon", "coordinates": [ [ [ -0.564779362593316, 44.843839737858495 ], [ -0.565118297282161, 44.845622184614676 ], [ -0.562612374191123, 44.845876553505711 ], [ -0.562273517098041, 44.844094097370018 ], [ -0.564779362593316, 44.843839737858495 ] ] ] } },
{ "type": "Feature", "properties": { "idcar_200m": "CRS3035RES200mN2473800E3487600", "population": 236.0, "median_education": 1.46, "median_healthcare": 1.696, "median_services": 0.767, "median_commerce": 1.78, "median_entertainment": 1.449, "PC1_pos": 1.2629618898971728, "nivvie": 15195.620762711864, "rel_education": 1.0509043143019783, "rel_sante": 0.51661453855344663, "rel_services": 0.83955598716324431, "rel_commerce": 0.21293176956396209, "rel_loisirs": 0.67189262350552681, "rel_pc1": 0.60332859440804587, "q_revenu": 1, "q_population": 3 }, "geometry": { "type": "Polygon", "coordinates": [ [ [ -0.562273517098041, 44.844094097370018 ], [ -0.562612374191123, 44.845876553505711 ], [ -0.560106430695336, 44.846130862474247 ], [ -0.559767651200611, 44.844348396961109 ], [ -0.562273517098041, 44.844094097370018 ] ] ] } },
{ "type": "Feature", "properties": { "idcar_200m": "CRS3035RES200mN2473800E3487800", "population": 78.5, "median_education": 2.248, "median_healthcare": 2.0725, "median_services": 1.374, "median_commerce": 2.6285, "median_entertainment": 1.666, "PC1_pos": 1.8825720452290051, "nivvie": 25765.206369426753, "rel_education": 1.6181047250348268, "rel_sante": 0.6312993108207654, "rel_services": 1.503976435935199, "rel_commerce": 0.31443323387577204, "rel_loisirs": 0.77251422412712734, "rel_pc1": 0.89932210544561297, "q_revenu": 3, "q_population": 1 }, "geometry": { "type": "Polygon", "coordinates": [ [ [ -0.559767651200611, 44.844348396961109 ], [ -0.560106430695336, 44.846130862474247 ], [ -0.557600466799236, 44.846385111519439 ], [ -0.557261764905467, 44.844602636630974 ], [ -0.559767651200611, 44.844348396961109 ] ] ] } },
{ "type": "Feature", "properties": { "idcar_200m": "CRS3035RES200mN2473800E3488000", "population": 132.0, "median_education": 2.019, "median_healthcare": 1.533, "median_services": 1.061, "median_commerce": 1.877, "median_entertainment": 1.153, "PC1_pos": 1.5161186408240754, "nivvie": 24732.007575757576, "rel_education": 1.4532711031340371, "rel_sante": 0.46696349504860479, "rel_services": 1.1613675389572389, "rel_commerce": 0.22453535475930159, "rel_loisirs": 0.53463919592951847, "rel_pc1": 0.7242639194747994, "q_revenu": 2, "q_population": 2 }, "geometry": { "type": "Polygon", "coordinates": [ [ [ -0.557261764905467, 44.844602636630974 ], [ -0.557600466799236, 44.846385111519439 ], [ -0.555094482507249, 44.846639300640518 ], [ -0.554755858217042, 44.844856816378829 ], [ -0.557261764905467, 44.844602636630974 ] ] ] } },
{ "type": "Feature", "properties": { "idcar_200m": "CRS3035RES200mN2473800E3488400", "population": 63.0, "median_education": 1.15, "median_healthcare": 5.925, "median_services": 1.185, "median_commerce": 4.187, "median_entertainment": 1.466, "PC1_pos": 1.9885938818458591, "nivvie": 27439.873015873014, "rel_education": 0.82776709688169514, "rel_sante": 1.8048002010195587, "rel_services": 1.2970975812104883, "rel_commerce": 0.50086815683388164, "rel_loisirs": 0.67977542171090555, "rel_pc1": 0.94996971894392201, "q_revenu": 3, "q_population": 1 }, "geometry": { "type": "Polygon", "coordinates": [ [ [ -0.55224993113976, 44.845110936203916 ], [ -0.552588477823811, 44.846893429836726 ], [ -0.550082452753354, 44.847147499107272 ], [ -0.549743983678059, 44.845364996105445 ], [ -0.55224993113976, 44.845110936203916 ] ] ] } },
{ "type": "Feature", "properties": { "idcar_200m": "CRS3035RES200mN2473800E3488600", "population": 330.5, "median_education": 0.823, "median_healthcare": 4.433, "median_services": 0.477, "median_commerce": 2.724, "median_entertainment": 1.231, "PC1_pos": 1.254507673305554, "nivvie": 27924.927685325263, "rel_education": 0.59239332237707398, "rel_sante": 1.3503256187543804, "rel_services": 0.52212282382903197, "rel_commerce": 0.32585738218664762, "rel_loisirs": 0.57080732887184504, "rel_pc1": 0.59928993682554521, "q_revenu": 3, "q_population": 4 }, "geometry": { "type": "Polygon", "coordinates": [ [ [ -0.549743983678059, 44.845364996105445 ], [ -0.550082452753354, 44.847147499107272 ], [ -0.547576407300307, 44.847401508451355 ], [ -0.547238015836374, 44.845618996082607 ], [ -0.549743983678059, 44.845364996105445 ] ] ] } },
{ "type": "Feature", "properties": { "idcar_200m": "CRS3035RES200mN2473800E3488800", "population": 203.0, "median_education": 0.983, "median_healthcare": 2.0825, "median_services": 0.2285, "median_commerce": 2.31, "median_entertainment": 1.6945, "PC1_pos": 0.92901952378360342, "nivvie": 26074.641379310346, "rel_education": 0.70756091846496205, "rel_sante": 0.63434538710940613, "rel_services": 0.25011544076506043, "rel_commerce": 0.27633280207457994, "rel_loisirs": 0.78572950347143899, "rel_pc1": 0.44380123259905208, "q_revenu": 3, "q_population": 2 }, "geometry": { "type": "Polygon", "coordinates": [ [ [ -0.547238015836374, 44.845618996082607 ], [ -0.547576407300307, 44.847401508451355 ], [ -0.545070341469114, 44.847655457868228 ], [ -0.544732027619132, 44.845872936134647 ], [ -0.547238015836374, 44.845618996082607 ] ] ] } },
{ "type": "Feature", "properties": { "idcar_200m": "CRS3035RES200mN2473800E3489000", "population": 343.5, "median_education": 1.167, "median_healthcare": 0.766, "median_services": 0.1605, "median_commerce": 1.065, "median_entertainment": 2.0075, "PC1_pos": 0.73360368447538793, "nivvie": 23617.112081513827, "rel_education": 0.84000365396603316, "rel_sante": 0.23332944370987038, "rel_services": 0.17568283694876233, "rel_commerce": 0.12740018796944921, "rel_loisirs": 0.93086572925282596, "rel_pc1": 0.3504492759026443, "q_revenu": 2, "q_population": 4 }, "geometry": { "type": "Polygon", "coordinates": [ [ [ -0.544732027619132, 44.845872936134647 ], [ -0.545070341469114, 44.847655457868228 ], [ -0.542564255264198, 44.847909347357088 ], [ -0.542226019030763, 44.846126816260778 ], [ -0.544732027619132, 44.845872936134647 ] ] ] } },
{ "type": "Feature", "properties": { "idcar_200m": "CRS3035RES200mN2473800E3489200", "population": 114.0, "median_education": 0.713, "median_healthcare": 0.4145, "median_services": 0.142, "median_commerce": 0.893, "median_entertainment": 1.8995, "PC1_pos": 0.65118587464000566, "nivvie": 24527.715789473685, "rel_education": 0.51321560006665101, "rel_sante": 0.12625986216415308, "rel_services": 0.15543279032226948, "rel_commerce": 0.10682475855090906, "rel_loisirs": 0.88078677594806631, "rel_pc1": 0.31107752465667499, "q_revenu": 2, "q_population": 1 }, "geometry": { "type": "Polygon", "coordinates": [ [ [ -0.542226019030763, 44.846126816260778 ], [ -0.542564255264198, 44.847909347357088 ], [ -0.540058148690002, 44.848163176917197 ], [ -0.53971999007571, 44.846380636460225 ], [ -0.542226019030763, 44.846126816260778 ] ] ] } },
{ "type": "Feature", "properties": { "idcar_200m": "CRS3035RES200mN2473800E3489400", "population": 99.0, "median_education": 0.213, "median_healthcare": 0.1265, "median_services": 0.087, "median_commerce": 0.318, "median_entertainment": 0.6755, "PC1_pos": 0.25984182629486607, "nivvie": 27632.19595959596, "rel_education": 0.15331686229200092, "rel_sante": 0.038532865051303662, "rel_services": 0.095229949000263686, "rel_commerce": 0.038040619506370756, "rel_loisirs": 0.313225305160789, "rel_pc1": 0.12412884749805474, "q_revenu": 3, "q_population": 1 }, "geometry": { "type": "Polygon", "coordinates": [ [ [ -0.53971999007571, 44.846380636460225 ], [ -0.540058148690002, 44.848163176917197 ], [ -0.537552021750949, 44.848416946547658 ], [ -0.537213940758403, 44.846634396732199 ], [ -0.53971999007571, 44.846380636460225 ] ] ] } },
{ "type": "Feature", "properties": { "idcar_200m": "CRS3035RES200mN2474000E3482200", "population": 180.5, "median_education": 0.041, "median_healthcare": 0.322, "median_services": 0.0, "median_commerce": 0.095, "median_entertainment": 0.053, "PC1_pos": 0.057618645455415063, "nivvie": 23915.281440443214, "rel_education": 0.029511696497521309, "rel_sante": 0.098083656494227497, "rel_services": 0.0, "rel_commerce": 0.011364336016054155, "rel_loisirs": 0.02457578264029877, "rel_pc1": 0.027524960691522864, "q_revenu": 2, "q_population": 2 }, "geometry": { "type": "Polygon", "coordinates": [ [ [ -0.630265121071483, 44.838987563202963 ], [ -0.630606100804631, 44.840769761454276 ], [ -0.628100632257425, 44.841025697491126 ], [ -0.627759730058415, 44.8392434898049 ], [ -0.630265121071483, 44.838987563202963 ] ] ] } },
{ "type": "Feature", "properties": { "idcar_200m": "CRS3035RES200mN2474000E3482400", "population": 172.5, "median_education": 0.0385, "median_healthcare": 0.405, "median_services": 0.0, "median_commerce": 0.129, "median_entertainment": 0.027, "PC1_pos": 0.11085490539751519, "nivvie": 25180.36811594203, "rel_education": 0.027712202808648057, "rel_sante": 0.12336608968994453, "rel_services": 0.0, "rel_commerce": 0.015431572063905117, "rel_loisirs": 0.012519738326189939, "rel_pc1": 0.052956415226563247, "q_revenu": 2, "q_population": 2 }, "geometry": { "type": "Polygon", "coordinates": [ [ [ -0.627759730058415, 44.8392434898049 ], [ -0.628100632257425, 44.841025697491126 ], [ -0.625595143187746, 44.84128157362376 ], [ -0.625254318525487, 44.839499356504689 ], [ -0.627759730058415, 44.8392434898049 ] ] ] } },
{ "type": "Feature", "properties": { "idcar_200m": "CRS3035RES200mN2474000E3482600", "population": 184.0, "median_education": 0.029, "median_healthcare": 1.173, "median_services": 0.008, "median_commerce": 0.703, "median_entertainment": 0.043, "PC1_pos": 0.14895453247354773, "nivvie": 32308.607608695653, "rel_education": 0.020874126790929707, "rel_sante": 0.35730474865754303, "rel_services": 0.0087567769195644775, "rel_commerce": 0.084096086518800753, "rel_loisirs": 0.01993884251948768, "rel_pc1": 0.071156960021406548, "q_revenu": 5, "q_population": 2 }, "geometry": { "type": "Polygon", "coordinates": [ [ [ -0.625254318525487, 44.839499356504689 ], [ -0.625595143187746, 44.84128157362376 ], [ -0.623089633600012, 44.841537389851361 ], [ -0.62274888647712, 44.839755163301568 ], [ -0.625254318525487, 44.839499356504689 ] ] ] } },
{ "type": "Feature", "properties": { "idcar_200m": "CRS3035RES200mN2474000E3482800", "population": 206.5, "median_education": 0.1125, "median_healthcare": 3.014, "median_services": 0.044, "median_commerce": 0.7025, "median_entertainment": 0.2545, "PC1_pos": 0.38987133576299393, "nivvie": 33349.531719128325, "rel_education": 0.080977215999296276, "rel_sante": 0.91808739339627854, "rel_services": 0.048162273057604621, "rel_commerce": 0.084036274223979399, "rel_loisirs": 0.1180101260746422, "rel_pc1": 0.18624514871547351, "q_revenu": 5, "q_population": 2 }, "geometry": { "type": "Polygon", "coordinates": [ [ [ -0.62274888647712, 44.839755163301568 ], [ -0.623089633600012, 44.841537389851361 ], [ -0.620584103498647, 44.841793146173124 ], [ -0.620243433917733, 44.840010910194685 ], [ -0.62274888647712, 44.839755163301568 ] ] ] } },
{ "type": "Feature", "properties": { "idcar_200m": "CRS3035RES200mN2474000E3483000", "population": 164.0, "median_education": 0.244, "median_healthcare": 2.344, "median_services": 0.08, "median_commerce": 0.524, "median_entertainment": 0.517, "PC1_pos": 0.45689373568514169, "nivvie": 34001.5, "rel_education": 0.17563058403402923, "rel_sante": 0.71400028205735788, "rel_services": 0.087567769195644782, "rel_commerce": 0.062683284972761877, "rel_loisirs": 0.23972980424593329, "rel_pc1": 0.21826237002860086, "q_revenu": 5, "q_population": 2 }, "geometry": { "type": "Polygon", "coordinates": [ [ [ -0.620243433917733, 44.840010910194685 ], [ -0.620584103498647, 44.841793146173124 ], [ -0.618078552888077, 44.842048842588312 ], [ -0.617737960851758, 44.840266597183373 ], [ -0.620243433917733, 44.840010910194685 ] ] ] } },
{ "type": "Feature", "properties": { "idcar_200m": "CRS3035RES200mN2474000E3483200", "population": 186.5, "median_education": 0.8015, "median_healthcare": 1.18, "median_services": 0.102, "median_commerce": 0.2825, "median_entertainment": 1.1935, "PC1_pos": 0.55465173696325998, "nivvie": 33616.61018766756, "rel_education": 0.57691767665276417, "rel_sante": 0.3594370020595915, "rel_services": 0.11164890572444708, "rel_commerce": 0.033793946574055773, "rel_loisirs": 0.55341880341880345, "rel_pc1": 0.26496227283253193, "q_revenu": 5, "q_population": 2 }, "geometry": { "type": "Polygon", "coordinates": [ [ [ -0.617737960851758, 44.840266597183373 ], [ -0.618078552888077, 44.842048842588312 ], [ -0.615572981772731, 44.842304479096121 ], [ -0.615232467283616, 44.840522224266728 ], [ -0.617737960851758, 44.840266597183373 ] ] ] } },
{ "type": "Feature", "properties": { "idcar_200m": "CRS3035RES200mN2474000E3483400", "population": 191.5, "median_education": 0.826, "median_healthcare": 2.425, "median_services": 0.2835, "median_commerce": 0.5775, "median_entertainment": 0.5895, "PC1_pos": 0.70629300122333061, "nivvie": 31300.349869451697, "rel_education": 0.59455271480372185, "rel_sante": 0.73867349999534682, "rel_services": 0.31031828208706613, "rel_commerce": 0.069083200518644985, "rel_loisirs": 0.27334762012181363, "rel_pc1": 0.33740270951723372, "q_revenu": 4, "q_population": 2 }, "geometry": { "type": "Polygon", "coordinates": [ [ [ -0.615232467283616, 44.840522224266728 ], [ -0.615572981772731, 44.842304479096121 ], [ -0.613067390157024, 44.842560055695735 ], [ -0.612726953217728, 44.840777791444012 ], [ -0.615232467283616, 44.840522224266728 ] ] ] } },
{ "type": "Feature", "properties": { "idcar_200m": "CRS3035RES200mN2474000E3483600", "population": 273.0, "median_education": 2.564, "median_healthcare": 1.999, "median_services": 0.341, "median_commerce": 1.221, "median_entertainment": 0.604, "PC1_pos": 0.91815539992178108, "nivvie": 29191.854578754577, "rel_education": 1.8455607273084056, "rel_sante": 0.60891065009925704, "rel_services": 0.37325761619643588, "rel_commerce": 0.14606162395370659, "rel_loisirs": 0.28007118329698977, "rel_pc1": 0.43861133998910024, "q_revenu": 4, "q_population": 3 }, "geometry": { "type": "Polygon", "coordinates": [ [ [ -0.612726953217728, 44.840777791444012 ], [ -0.613067390157024, 44.842560055695735 ], [ -0.610561778045392, 44.842815572386407 ], [ -0.610221418658529, 44.841033298714457 ], [ -0.612726953217728, 44.840777791444012 ] ] ] } },
{ "type": "Feature", "properties": { "idcar_200m": "CRS3035RES200mN2474000E3483800", "population": 325.5, "median_education": 4.9, "median_healthcare": 2.009, "median_services": 0.324, "median_commerce": 2.204, "median_entertainment": 0.892, "PC1_pos": 1.4329361548858, "nivvie": 35442.108755760368, "rel_education": 3.5270076301915712, "rel_sante": 0.61195672638789755, "rel_services": 0.35464946524236135, "rel_commerce": 0.26365259557245646, "rel_loisirs": 0.41361505877634913, "rel_pc1": 0.68452687537080603, "q_revenu": 5, "q_population": 4 }, "geometry": { "type": "Polygon", "coordinates": [ [ [ -0.610221418658529, 44.841033298714457 ], [ -0.610561778045392, 44.842815572386407 ], [ -0.608056145442254, 44.843071029167319 ], [ -0.607715863610434, 44.841288746077261 ], [ -0.610221418658529, 44.841033298714457 ] ] ] } },
{ "type": "Feature", "properties": { "idcar_200m": "CRS3035RES200mN2474000E3484000", "population": 47.0, "median_education": 12.413, "median_healthcare": 1.888, "median_services": 0.416, "median_commerce": 3.46, "median_entertainment": 1.327, "PC1_pos": 2.5206431642960347, "nivvie": 38249.078723404251, "rel_education": 8.9348460639934633, "rel_sante": 0.57509920329534625, "rel_services": 0.45535239981735282, "rel_commerce": 0.41390108016365662, "rel_loisirs": 0.61532195403163148, "rel_pc1": 1.2041345898749118, "q_revenu": 5, "q_population": 1 }, "geometry": { "type": "Polygon", "coordinates": [ [ [ -0.607715863610434, 44.841288746077261 ], [ -0.608056145442254, 44.843071029167319 ], [ -0.605550492352039, 44.843326426037713 ], [ -0.605210288077877, 44.841544133531613 ], [ -0.607715863610434, 44.841288746077261 ] ] ] } },
{ "type": "Feature", "properties": { "idcar_200m": "CRS3035RES200mN2474000E3484200", "population": 223.0, "median_education": 7.502, "median_healthcare": 1.271, "median_services": 0.192, "median_commerce": 5.346, "median_entertainment": 0.683, "PC1_pos": 1.8844176205606684, "nivvie": 35578.202242152467, "rel_education": 5.3999206615708495, "rel_sante": 0.38715629628622095, "rel_services": 0.21016264606954746, "rel_commerce": 0.6395130562297423, "rel_loisirs": 0.31670301025139735, "rel_pc1": 0.90020375387826457, "q_revenu": 5, "q_population": 3 }, "geometry": { "type": "Polygon", "coordinates": [ [ [ -0.605210288077877, 44.841544133531613 ], [ -0.605550492352039, 44.843326426037713 ], [ -0.603044818779174, 44.843581762996777 ], [ -0.602704692065275, 44.841799461076747 ], [ -0.605210288077877, 44.841544133531613 ] ] ] } },
{ "type": "Feature", "properties": { "idcar_200m": "CRS3035RES200mN2474000E3484400", "population": 189.0, "median_education": 3.2845, "median_healthcare": 1.398, "median_services": 0.1725, "median_commerce": 9.2675, "median_entertainment": 0.564, "PC1_pos": 1.5510438221598433, "nivvie": 36779.618518518524, "rel_education": 2.3641748084416765, "rel_sante": 0.42584146515195659, "rel_services": 0.18881800232810902, "rel_commerce": 1.1086208845134935, "rel_loisirs": 0.26152342281374541, "rel_pc1": 0.74094800213264622, "q_revenu": 5, "q_population": 2 }, "geometry": { "type": "Polygon", "coordinates": [ [ [ -0.602704692065275, 44.841799461076747 ], [ -0.603044818779174, 44.843581762996777 ], [ -0.60053912472809, 44.843837040043759 ], [ -0.600199075577065, 44.842054728711879 ], [ -0.602704692065275, 44.841799461076747 ] ] ] } },
{ "type": "Feature", "properties": { "idcar_200m": "CRS3035RES200mN2474000E3484600", "population": 192.0, "median_education": 1.9215, "median_healthcare": 2.166, "median_services": 0.2575, "median_commerce": 13.235, "median_entertainment": 0.7265, "PC1_pos": 1.6824219674248904, "nivvie": 33602.1328125, "rel_education": 1.3830908492679803, "rel_sante": 0.65978012411955511, "rel_services": 0.28185875709848163, "rel_commerce": 1.5832314439208079, "rel_loisirs": 0.33687369977692555, "rel_pc1": 0.80370855916350836, "q_revenu": 5, "q_population": 2 }, "geometry": { "type": "Polygon", "coordinates": [ [ [ -0.600199075577065, 44.842054728711879 ], [ -0.60053912472809, 44.843837040043759 ], [ -0.598033410203203, 44.844092257177863 ], [ -0.59769343861766, 44.842309936436237 ], [ -0.600199075577065, 44.842054728711879 ] ] ] } },
{ "type": "Feature", "properties": { "idcar_200m": "CRS3035RES200mN2474000E3484800", "population": 421.0, "median_education": 1.562, "median_healthcare": 2.012, "median_services": 0.378, "median_commerce": 6.346, "median_entertainment": 1.016, "PC1_pos": 1.2988413164078776, "nivvie": 31675.304750593827, "rel_education": 1.1243236568080068, "rel_sante": 0.61287054927448981, "rel_services": 0.41375770944942158, "rel_commerce": 0.75913764587241761, "rel_loisirs": 0.47111311627440661, "rel_pc1": 0.62046852882572867, "q_revenu": 5, "q_population": 4 }, "geometry": { "type": "Polygon", "coordinates": [ [ [ -0.59769343861766, 44.842309936436237 ], [ -0.598033410203203, 44.844092257177863 ], [ -0.595527675208951, 44.844347414398271 ], [ -0.595187781191502, 44.842565084249031 ], [ -0.59769343861766, 44.842309936436237 ] ] ] } },
{ "type": "Feature", "properties": { "idcar_200m": "CRS3035RES200mN2474000E3485000", "population": 441.0, "median_education": 2.369, "median_healthcare": 2.2855, "median_services": 0.694, "median_commerce": 6.1315, "median_entertainment": 1.7475, "PC1_pos": 1.6854726968228073, "nivvie": 33472.397732426303, "rel_education": 1.7052002195762923, "rel_sante": 0.69618073576881034, "rel_services": 0.75965039777221832, "rel_commerce": 0.73347817139406379, "rel_loisirs": 0.8103052861117378, "rel_pc1": 0.80516592085770355, "q_revenu": 5, "q_population": 4 }, "geometry": { "type": "Polygon", "coordinates": [ [ [ -0.595187781191502, 44.842565084249031 ], [ -0.595527675208951, 44.844347414398271 ], [ -0.593021919749758, 44.844602511704252 ], [ -0.592682103303007, 44.842820172149437 ], [ -0.595187781191502, 44.842565084249031 ] ] ] } },
{ "type": "Feature", "properties": { "idcar_200m": "CRS3035RES200mN2474000E3485200", "population": 362.0, "median_education": 2.9975, "median_healthcare": 1.908, "median_services": 0.8825, "median_commerce": 7.4865, "median_entertainment": 1.802, "PC1_pos": 2.0520058316675924, "nivvie": 35819.755524861881, "rel_education": 2.1575929329590271, "rel_sante": 0.58119135587262749, "rel_services": 0.96598195393945652, "rel_commerce": 0.89556949035988886, "rel_loisirs": 0.83557660977015824, "rel_pc1": 0.98026219479822896, "q_revenu": 5, "q_population": 4 }, "geometry": { "type": "Polygon", "coordinates": [ [ [ -0.592682103303007, 44.842820172149437 ], [ -0.593021919749758, 44.844602511704252 ], [ -0.59051614383005, 44.844857549094982 ], [ -0.590176404956609, 44.843075200136752 ], [ -0.592682103303007, 44.842820172149437 ] ] ] } },
{ "type": "Feature", "properties": { "idcar_200m": "CRS3035RES200mN2474000E3485400", "population": 351.0, "median_education": 5.718, "median_healthcare": 3.161, "median_services": 1.767, "median_commerce": 14.798, "median_entertainment": 1.799, "PC1_pos": 3.6509659086600621, "nivvie": 32094.682905982903, "rel_education": 4.1158019651908981, "rel_sante": 0.96286471483929537, "rel_services": 1.9341531021088039, "rel_commerce": 1.7702046775323095, "rel_loisirs": 0.83418552773391486, "rel_pc1": 1.7441002357425925, "q_revenu": 5, "q_population": 4 }, "geometry": { "type": "Polygon", "coordinates": [ [ [ -0.590176404956609, 44.843075200136752 ], [ -0.59051614383005, 44.844857549094982 ], [ -0.588010347454263, 44.845112526569707 ], [ -0.587670686156732, 44.843330168210116 ], [ -0.590176404956609, 44.843075200136752 ] ] ] } },
{ "type": "Feature", "properties": { "idcar_200m": "CRS3035RES200mN2474000E3485600", "population": 487.0, "median_education": 4.247, "median_healthcare": 5.449, "median_services": 2.807, "median_commerce": 25.467, "median_entertainment": 1.734, "PC1_pos": 4.9885208612641447, "nivvie": 30009.026283367559, "rel_education": 3.0569798786578777, "rel_sante": 1.6598069696802658, "rel_services": 3.0725341016521859, "rel_commerce": 3.0464794244300122, "rel_loisirs": 0.80404541694864273, "rel_pc1": 2.3830626272078206, "q_revenu": 4, "q_population": 5 }, "geometry": { "type": "Polygon", "coordinates": [ [ [ -0.587670686156732, 44.843330168210116 ], [ -0.588010347454263, 44.845112526569707 ], [ -0.585504530626818, 44.845367444127618 ], [ -0.585164946907808, 44.843585076368797 ], [ -0.587670686156732, 44.843330168210116 ] ] ] } },
{ "type": "Feature", "properties": { "idcar_200m": "CRS3035RES200mN2474000E3485800", "population": 388.0, "median_education": 2.55, "median_healthcare": 7.885, "median_services": 1.506, "median_commerce": 30.254, "median_entertainment": 2.299, "PC1_pos": 4.7009503184552992, "nivvie": 28470.661597938142, "rel_education": 1.8354835626507153, "rel_sante": 2.4018311535931174, "rel_services": 1.6484632551080129, "rel_commerce": 3.6191223350494992, "rel_loisirs": 1.0660325337744692, "rel_pc1": 2.2456875149626319, "q_revenu": 4, "q_population": 4 }, "geometry": { "type": "Polygon", "coordinates": [ [ [ -0.585164946907808, 44.843585076368797 ], [ -0.585504530626818, 44.845367444127618 ], [ -0.582998693352144, 44.845622301767932 ], [ -0.582659187214264, 44.843839924611977 ], [ -0.585164946907808, 44.843585076368797 ] ] ] } },
{ "type": "Feature", "properties": { "idcar_200m": "CRS3035RES200mN2474000E3486000", "population": 611.0, "median_education": 1.516, "median_healthcare": 8.767, "median_services": 1.421, "median_commerce": 40.792, "median_entertainment": 3.143, "PC1_pos": 5.365514770546711, "nivvie": 30091.942553191486, "rel_education": 1.0912129729327391, "rel_sante": 2.6704950822512186, "rel_services": 1.5554225003376403, "rel_commerce": 4.8797262607040119, "rel_loisirs": 1.4573902799709251, "rel_pc1": 2.5631561100019558, "q_revenu": 4, "q_population": 5 }, "geometry": { "type": "Polygon", "coordinates": [ [ [ -0.582659187214264, 44.843839924611977 ], [ -0.582998693352144, 44.845622301767932 ], [ -0.580492835634675, 44.845877099489869 ], [ -0.580153407080528, 44.844094712938876 ], [ -0.582659187214264, 44.843839924611977 ] ] ] } },
{ "type": "Feature", "properties": { "idcar_200m": "CRS3035RES200mN2474000E3486200", "population": 528.0, "median_education": 0.776, "median_healthcare": 13.805, "median_services": 2.786, "median_commerce": 50.544, "median_entertainment": 4.763, "PC1_pos": 7.4776781271553521, "nivvie": 29332.792424242423, "rel_education": 0.55856284102625697, "rel_sante": 4.2051083164683556, "rel_services": 3.0495475622383292, "rel_commerce": 6.0463052588993813, "rel_loisirs": 2.2085745795423213, "rel_pc1": 3.5721561117412199, "q_revenu": 4, "q_population": 5 }, "geometry": { "type": "Polygon", "coordinates": [ [ [ -0.580153407080528, 44.844094712938876 ], [ -0.580492835634675, 44.845877099489869 ], [ -0.57798695747884, 44.846131837292639 ], [ -0.577647606511031, 44.844349441348712 ], [ -0.580153407080528, 44.844094712938876 ] ] ] } },
{ "type": "Feature", "properties": { "idcar_200m": "CRS3035RES200mN2474000E3486400", "population": 281.5, "median_education": 0.545, "median_healthcare": 14.9905, "median_services": 3.1955, "median_commerce": 41.572, "median_entertainment": 4.4815, "PC1_pos": 7.0826065820272728, "nivvie": 35183.691651865003, "rel_education": 0.39228962417436863, "rel_sante": 4.5662206604866995, "rel_services": 3.4977850808085358, "rel_commerce": 4.973033440625299, "rel_loisirs": 2.0780447151414894, "rel_pc1": 3.3834267748392604, "q_revenu": 5, "q_population": 3 }, "geometry": { "type": "Polygon", "coordinates": [ [ [ -0.577647606511031, 44.844349441348712 ], [ -0.57798695747884, 44.846131837292639 ], [ -0.57548105888907, 44.846386515175503 ], [ -0.575141785510201, 44.844604109840731 ], [ -0.577647606511031, 44.844349441348712 ] ] ] } },
{ "type": "Feature", "properties": { "idcar_200m": "CRS3035RES200mN2474000E3487400", "population": 67.5, "median_education": 0.429, "median_healthcare": 0.552, "median_services": 0.241, "median_commerce": 0.436, "median_entertainment": 2.618, "PC1_pos": 0.74071905027521789, "nivvie": 38670.183703703704, "rel_education": 0.30879311701064976, "rel_sante": 0.16814341113296144, "rel_services": 0.26379790470187986, "rel_commerce": 0.052156321084206439, "rel_loisirs": 1.213950923628343, "rel_pc1": 0.35384835205929699, "q_revenu": 5, "q_population": 1 }, "geometry": { "type": "Polygon", "coordinates": [ [ [ -0.565118297282161, 44.845622184614676 ], [ -0.565457260279226, 44.847404627491763 ], [ -0.562951259586232, 44.847659005763184 ], [ -0.562612374191123, 44.845876553505711 ], [ -0.565118297282161, 44.845622184614676 ] ] ] } },
{ "type": "Feature", "properties": { "idcar_200m": "CRS3035RES200mN2474000E3487600", "population": 381.5, "median_education": 0.74, "median_healthcare": 0.786, "median_services": 0.436, "median_commerce": 0.631, "median_entertainment": 2.435, "PC1_pos": 1.014048859339306, "nivvie": 21399.976671035387, "rel_education": 0.53265013190648214, "rel_sante": 0.23942159628715159, "rel_services": 0.47724434211626404, "rel_commerce": 0.075483116064528136, "rel_loisirs": 1.1290949194175002, "rel_pc1": 0.48442053387381095, "q_revenu": 1, "q_population": 4 }, "geometry": { "type": "Polygon", "coordinates": [ [ [ -0.562612374191123, 44.845876553505711 ], [ -0.562951259586232, 44.847659005763184 ], [ -0.560445238485886, 44.847913324109932 ], [ -0.560106430695336, 44.846130862474247 ], [ -0.562612374191123, 44.845876553505711 ] ] ] } },
{ "type": "Feature", "properties": { "idcar_200m": "CRS3035RES200mN2474000E3487800", "population": 214.5, "median_education": 1.566, "median_healthcare": 1.357, "median_services": 0.774, "median_commerce": 1.027, "median_entertainment": 2.616, "PC1_pos": 1.3131787283257279, "nivvie": 21899.744522144523, "rel_education": 1.127202846710204, "rel_sante": 0.41335255236853025, "rel_services": 0.84721816696786323, "rel_commerce": 0.12285445356302757, "rel_loisirs": 1.2130235356041807, "rel_pc1": 0.62731764331527995, "q_revenu": 2, "q_population": 3 }, "geometry": { "type": "Polygon", "coordinates": [ [ [ -0.560106430695336, 44.846130862474247 ], [ -0.560445238485886, 44.847913324109932 ], [ -0.557939196982626, 44.848167582531246 ], [ -0.557600466799236, 44.846385111519439 ], [ -0.560106430695336, 44.846130862474247 ] ] ] } },
{ "type": "Feature", "properties": { "idcar_200m": "CRS3035RES200mN2474000E3488400", "population": 22.0, "median_education": 0.399, "median_healthcare": 1.129, "median_services": 0.174, "median_commerce": 0.882, "median_entertainment": 0.407, "PC1_pos": 0.42259828196954485, "nivvie": 21476.704545454544, "rel_education": 0.28719919274417077, "rel_sante": 0.34390201298752437, "rel_services": 0.19045989800052737, "rel_commerce": 0.10550888806483964, "rel_loisirs": 0.18872346291701128, "rel_pc1": 0.20187911408846959, "q_revenu": 1, "q_population": 1 }, "geometry": { "type": "Polygon", "coordinates": [ [ [ -0.552588477823811, 44.846893429836726 ], [ -0.552927052785084, 44.848675919594513 ], [ -0.550420950099669, 44.848929998234915 ], [ -0.550082452753354, 44.847147499107272 ], [ -0.552588477823811, 44.846893429836726 ] ] ] } },
{ "type": "Feature", "properties": { "idcar_200m": "CRS3035RES200mN2474000E3488600", "population": 461.5, "median_education": 0.4715, "median_healthcare": 2.448, "median_services": 0.2445, "median_commerce": 1.6765, "median_entertainment": 0.683, "PC1_pos": 0.7215899438677198, "nivvie": 23388.329144095344, "rel_education": 0.33938450972149503, "rel_sante": 0.7456794754592202, "rel_services": 0.26762899460418932, "rel_commerce": 0.20055062453594516, "rel_loisirs": 0.31670301025139735, "rel_pc1": 0.34471020072358455, "q_revenu": 2, "q_population": 5 }, "geometry": { "type": "Polygon", "coordinates": [ [ [ -0.550082452753354, 44.847147499107272 ], [ -0.550420950099669, 44.848929998234915 ], [ -0.547914827029069, 44.849184016946751 ], [ -0.547576407300307, 44.847401508451355 ], [ -0.550082452753354, 44.847147499107272 ] ] ] } },
{ "type": "Feature", "properties": { "idcar_200m": "CRS3035RES200mN2474000E3488800", "population": 194.0, "median_education": 0.824, "median_healthcare": 1.996, "median_services": 0.172, "median_commerce": 2.603, "median_entertainment": 0.95, "PC1_pos": 0.76390452394342745, "nivvie": 27502.42731958763, "rel_education": 0.59311311985262327, "rel_sante": 0.60799682721266479, "rel_services": 0.18827070377063626, "rel_commerce": 0.3113828068398839, "rel_loisirs": 0.44050931147705341, "rel_pc1": 0.36492426761211272, "q_revenu": 3, "q_population": 2 }, "geometry": { "type": "Polygon", "coordinates": [ [ [ -0.547576407300307, 44.847401508451355 ], [ -0.547914827029069, 44.849184016946751 ], [ -0.545408683577718, 44.849437975729224 ], [ -0.545070341469114, 44.847655457868228 ], [ -0.547576407300307, 44.847401508451355 ] ] ] } },
{ "type": "Feature", "properties": { "idcar_200m": "CRS3035RES200mN2474000E3489000", "population": 367.0, "median_education": 1.014, "median_healthcare": 1.357, "median_services": 0.116, "median_commerce": 2.682, "median_entertainment": 1.012, "PC1_pos": 0.69616158690051133, "nivvie": 24364.408174386925, "rel_education": 0.72987464020699033, "rel_sante": 0.41335255236853014, "rel_services": 0.12697326533368494, "rel_commerce": 0.32083314942165519, "rel_loisirs": 0.46925834022608215, "rel_pc1": 0.33256283904160933, "q_revenu": 2, "q_population": 4 }, "geometry": { "type": "Polygon", "coordinates": [ [ [ -0.545070341469114, 44.847655457868228 ], [ -0.545408683577718, 44.849437975729224 ], [ -0.542902519750052, 44.849691874581609 ], [ -0.542564255264198, 44.847909347357088 ], [ -0.545070341469114, 44.847655457868228 ] ] ] } },
{ "type": "Feature", "properties": { "idcar_200m": "CRS3035RES200mN2474000E3489200", "population": 212.5, "median_education": 0.67, "median_healthcare": 0.578, "median_services": 0.128, "median_commerce": 1.16, "median_entertainment": 0.86, "PC1_pos": 0.49796659421921552, "nivvie": 26540.755764705882, "rel_education": 0.48226430861803116, "rel_sante": 0.17606320948342699, "rel_services": 0.14010843071303164, "rel_commerce": 0.13876452398550337, "rel_loisirs": 0.39877685038975363, "rel_pc1": 0.23788325503384897, "q_revenu": 3, "q_population": 2 }, "geometry": { "type": "Polygon", "coordinates": [ [ [ -0.542564255264198, 44.847909347357088 ], [ -0.542902519750052, 44.849691874581609 ], [ -0.540396335550505, 44.849945713503111 ], [ -0.540058148690002, 44.848163176917197 ], [ -0.542564255264198, 44.847909347357088 ] ] ] } },
{ "type": "Feature", "properties": { "idcar_200m": "CRS3035RES200mN2474000E3489400", "population": 246.5, "median_education": 0.288, "median_healthcare": 0.268, "median_services": 0.1285, "median_commerce": 0.547, "median_entertainment": 0.5655, "PC1_pos": 0.31268860717577751, "nivvie": 27515.353752535499, "rel_education": 0.20730167295819843, "rel_sante": 0.081634844535568227, "rel_services": 0.14065572927050443, "rel_commerce": 0.065434650534543407, "rel_loisirs": 0.26221896383186699, "rel_pc1": 0.14937424427757767, "q_revenu": 3, "q_population": 3 }, "geometry": { "type": "Polygon", "coordinates": [ [ [ -0.540058148690002, 44.848163176917197 ], [ -0.540396335550505, 44.849945713503111 ], [ -0.53789013098351, 44.850199492492933 ], [ -0.537552021750949, 44.848416946547658 ], [ -0.540058148690002, 44.848163176917197 ] ] ] } },
{ "type": "Feature", "properties": { "idcar_200m": "CRS3035RES200mN2474000E3489600", "population": 191.0, "median_education": 0.026, "median_healthcare": 0.061, "median_services": 0.141, "median_commerce": 0.246, "median_entertainment": 0.125, "PC1_pos": 0.16168670804886776, "nivvie": 21649.03664921466, "rel_education": 0.018714734364281803, "rel_sante": 0.018581065360707694, "rel_services": 0.15433819320732389, "rel_commerce": 0.029427649052098128, "rel_loisirs": 0.057961751510138611, "rel_pc1": 0.077239238239825078, "q_revenu": 1, "q_population": 2 }, "geometry": { "type": "Polygon", "coordinates": [ [ [ -0.537552021750949, 44.848416946547658 ], [ -0.53789013098351, 44.850199492492933 ], [ -0.535383906053503, 44.850453211550295 ], [ -0.535045874451487, 44.848670656247812 ], [ -0.537552021750949, 44.848416946547658 ] ] ] } },
{ "type": "Feature", "properties": { "idcar_200m": "CRS3035RES200mN2474200E3482200", "population": 589.0, "median_education": 0.116, "median_healthcare": 0.145, "median_services": 0.0, "median_commerce": 0.038, "median_entertainment": 0.135, "PC1_pos": 0.057547641913385128, "nivvie": 19980.510865874363, "rel_education": 0.083496507163718828, "rel_sante": 0.044168106185288776, "rel_services": 0.0, "rel_commerce": 0.004545734406421662, "rel_loisirs": 0.062598691630949707, "rel_pc1": 0.027491041641745043, "q_revenu": 1, "q_population": 5 }, "geometry": { "type": "Polygon", "coordinates": [ [ [ -0.630606100804631, 44.840769761454276 ], [ -0.63094710901033, 44.842551955805845 ], [ -0.628441562922801, 44.842807901278462 ], [ -0.628100632257425, 44.841025697491126 ], [ -0.630606100804631, 44.840769761454276 ] ] ] } },
{ "type": "Feature", "properties": { "idcar_200m": "CRS3035RES200mN2474200E3482400", "population": 22.0, "median_education": 0.134, "median_healthcare": 0.162, "median_services": 0.0, "median_commerce": 0.045, "median_entertainment": 0.1, "PC1_pos": 0.12684684426975279, "nivvie": 27382.854545454549, "rel_education": 0.096452861723606231, "rel_sante": 0.049346435875977812, "rel_services": 0.0, "rel_commerce": 0.0053831065339203892, "rel_loisirs": 0.046369401208110887, "rel_pc1": 0.060595912569141056, "q_revenu": 3, "q_population": 1 }, "geometry": { "type": "Polygon", "coordinates": [ [ [ -0.628100632257425, 44.841025697491126 ], [ -0.628441562922801, 44.842807901278462 ], [ -0.625935996310178, 44.843063786844709 ], [ -0.625595143187746, 44.84128157362376 ], [ -0.628100632257425, 44.841025697491126 ] ] ] } },
{ "type": "Feature", "properties": { "idcar_200m": "CRS3035RES200mN2474200E3482600", "population": 256.5, "median_education": 0.0575, "median_healthcare": 0.644, "median_services": 0.007, "median_commerce": 0.957, "median_entertainment": 0.056, "PC1_pos": 0.14482410731687612, "nivvie": 31824.57192982456, "rel_education": 0.041388354844084763, "rel_sante": 0.19616731298845499, "rel_services": 0.0076621798046189182, "rel_commerce": 0.11448073228804029, "rel_loisirs": 0.025966864676542096, "rel_pc1": 0.069183817661358601, "q_revenu": 5, "q_population": 3 }, "geometry": { "type": "Polygon", "coordinates": [ [ [ -0.625595143187746, 44.84128157362376 ], [ -0.625935996310178, 44.843063786844709 ], [ -0.623430409176891, 44.843319612503819 ], [ -0.623089633600012, 44.841537389851361 ], [ -0.625595143187746, 44.84128157362376 ] ] ] } },
{ "type": "Feature", "properties": { "idcar_200m": "CRS3035RES200mN2474200E3482800", "population": 223.5, "median_education": 0.135, "median_healthcare": 0.537, "median_services": 0.011, "median_commerce": 0.31, "median_entertainment": 0.187, "PC1_pos": 0.15953668930623022, "nivvie": 31182.992841163312, "rel_education": 0.097172659199155534, "rel_sante": 0.16357429670000051, "rel_services": 0.012040568264401155, "rel_commerce": 0.037083622789229352, "rel_loisirs": 0.086710780259167355, "rel_pc1": 0.076212154369501739, "q_revenu": 4, "q_population": 3 }, "geometry": { "type": "Polygon", "coordinates": [ [ [ -0.623089633600012, 44.841537389851361 ], [ -0.623430409176891, 44.843319612503819 ], [ -0.620924801527353, 44.843575378255039 ], [ -0.620584103498647, 44.841793146173124 ], [ -0.623089633600012, 44.841537389851361 ] ] ] } },
{ "type": "Feature", "properties": { "idcar_200m": "CRS3035RES200mN2474200E3483000", "population": 145.5, "median_education": 0.4345, "median_healthcare": 0.828, "median_services": 0.034, "median_commerce": 0.2455, "median_entertainment": 0.5195, "PC1_pos": 0.31022564643017336, "nivvie": 30232.958075601378, "rel_education": 0.31275200312617091, "rel_sante": 0.25221511669944213, "rel_services": 0.037216301908149035, "rel_commerce": 0.029367836757276791, "rel_loisirs": 0.24088903927613609, "rel_pc1": 0.14819766511346014, "q_revenu": 4, "q_population": 2 }, "geometry": { "type": "Polygon", "coordinates": [ [ [ -0.620584103498647, 44.841793146173124 ], [ -0.620924801527353, 44.843575378255039 ], [ -0.618419173365999, 44.843831084097552 ], [ -0.618078552888077, 44.842048842588312 ], [ -0.620584103498647, 44.841793146173124 ] ] ] } },
{ "type": "Feature", "properties": { "idcar_200m": "CRS3035RES200mN2474200E3483200", "population": 207.0, "median_education": 0.68, "median_healthcare": 1.135, "median_services": 0.072, "median_commerce": 0.296, "median_entertainment": 0.8, "PC1_pos": 0.42114425126816757, "nivvie": 33202.265217391308, "rel_education": 0.48946228337352415, "rel_sante": 0.34572965876070871, "rel_services": 0.078810992276080294, "rel_commerce": 0.035408878534231893, "rel_loisirs": 0.3709552096648871, "rel_pc1": 0.20118451015282787, "q_revenu": 5, "q_population": 2 }, "geometry": { "type": "Polygon", "coordinates": [ [ [ -0.618078552888077, 44.842048842588312 ], [ -0.618419173365999, 44.843831084097552 ], [ -0.615913524697253, 44.844086730030597 ], [ -0.615572981772731, 44.842304479096121 ], [ -0.618078552888077, 44.842048842588312 ] ] ] } },
{ "type": "Feature", "properties": { "idcar_200m": "CRS3035RES200mN2474200E3483400", "population": 276.5, "median_education": 0.915, "median_healthcare": 1.535, "median_services": 0.175, "median_commerce": 0.431, "median_entertainment": 0.799, "PC1_pos": 0.55591803837313725, "nivvie": 31587.168173598555, "rel_education": 0.65861469012760965, "rel_sante": 0.46757271030633291, "rel_services": 0.19155449511547293, "rel_commerce": 0.051558198135993064, "rel_loisirs": 0.37049151565280602, "rel_pc1": 0.26556719674657053, "q_revenu": 5, "q_population": 3 }, "geometry": { "type": "Polygon", "coordinates": [ [ [ -0.615572981772731, 44.842304479096121 ], [ -0.615913524697253, 44.844086730030597 ], [ -0.613407855525537, 44.844342316053321 ], [ -0.613067390157024, 44.842560055695735 ], [ -0.615572981772731, 44.842304479096121 ] ] ] } },
{ "type": "Feature", "properties": { "idcar_200m": "CRS3035RES200mN2474200E3483600", "population": 428.5, "median_education": 1.41, "median_healthcare": 1.156, "median_services": 0.213, "median_commerce": 0.78, "median_entertainment": 0.437, "PC1_pos": 0.68431494315953012, "nivvie": 27687.40513418903, "rel_education": 1.0149144405245132, "rel_sante": 0.35212641896685398, "rel_services": 0.23314918548340421, "rel_commerce": 0.093307179921286759, "rel_loisirs": 0.20263428327944458, "rel_pc1": 0.32690358758368843, "q_revenu": 3, "q_population": 4 }, "geometry": { "type": "Polygon", "coordinates": [ [ [ -0.613067390157024, 44.842560055695735 ], [ -0.613407855525537, 44.844342316053321 ], [ -0.610902165855282, 44.844597842165037 ], [ -0.610561778045392, 44.842815572386407 ], [ -0.613067390157024, 44.842560055695735 ] ] ] } },
{ "type": "Feature", "properties": { "idcar_200m": "CRS3035RES200mN2474200E3483800", "population": 108.5, "median_education": 5.048, "median_healthcare": 2.216, "median_services": 1.129, "median_commerce": 4.665, "median_entertainment": 0.548, "PC1_pos": 2.2072854100994386, "nivvie": 29720.650691244242, "rel_education": 3.6335376565728672, "rel_sante": 0.67501050556275821, "rel_services": 1.235800142773537, "rel_commerce": 0.55804871068308037, "rel_loisirs": 0.25410431862044769, "rel_pc1": 1.0544406878667627, "q_revenu": 4, "q_population": 1 }, "geometry": { "type": "Polygon", "coordinates": [ [ [ -0.610561778045392, 44.842815572386407 ], [ -0.610902165855282, 44.844597842165037 ], [ -0.608396455690908, 44.844853308364904 ], [ -0.608056145442254, 44.843071029167319 ], [ -0.610561778045392, 44.842815572386407 ] ] ] } },
{ "type": "Feature", "properties": { "idcar_200m": "CRS3035RES200mN2474200E3484000", "population": 322.0, "median_education": 6.4595, "median_healthcare": 1.37, "median_services": 0.493, "median_commerce": 2.561, "median_entertainment": 0.6405, "PC1_pos": 1.8547510303617321, "nivvie": 27330.311180124223, "rel_education": 4.6495317933107048, "rel_sante": 0.41731245154376295, "rel_services": 0.53963637766816097, "rel_commerce": 0.30635857407489148, "rel_loisirs": 0.29699601473795023, "rel_pc1": 0.88603174892009351, "q_revenu": 3, "q_population": 4 }, "geometry": { "type": "Polygon", "coordinates": [ [ [ -0.608056145442254, 44.843071029167319 ], [ -0.608396455690908, 44.844853308364904 ], [ -0.605890725036848, 44.845108714652127 ], [ -0.605550492352039, 44.843326426037713 ], [ -0.608056145442254, 44.843071029167319 ] ] ] } },
{ "type": "Feature", "properties": { "idcar_200m": "CRS3035RES200mN2474200E3484200", "population": 255.5, "median_education": 4.205, "median_healthcare": 0.9485, "median_services": 0.1945, "median_commerce": 2.871, "median_entertainment": 0.45, "PC1_pos": 1.1402527078188889, "nivvie": 32482.234833659491, "rel_education": 3.0267483846848071, "rel_sante": 0.28892033597756139, "rel_services": 0.21289913885691136, "rel_commerce": 0.34344219686412086, "rel_loisirs": 0.208662305436499, "rel_pc1": 0.54470928139751662, "q_revenu": 5, "q_population": 3 }, "geometry": { "type": "Polygon", "coordinates": [ [ [ -0.605550492352039, 44.843326426037713 ], [ -0.605890725036848, 44.845108714652127 ], [ -0.603384973897529, 44.845364061025954 ], [ -0.603044818779174, 44.843581762996777 ], [ -0.605550492352039, 44.843326426037713 ] ] ] } },
{ "type": "Feature", "properties": { "idcar_200m": "CRS3035RES200mN2474200E3484400", "population": 251.0, "median_education": 2.69, "median_healthcare": 1.161, "median_services": 0.134, "median_commerce": 5.37, "median_entertainment": 0.373, "PC1_pos": 0.98893912488504654, "nivvie": 32981.297211155375, "rel_education": 1.9362552092276173, "rel_sante": 0.35364945711117429, "rel_services": 0.146676013402705, "rel_commerce": 0.64238404638116653, "rel_loisirs": 0.17295786650625361, "rel_pc1": 0.47242538111787069, "q_revenu": 5, "q_population": 3 }, "geometry": { "type": "Polygon", "coordinates": [ [ [ -0.603044818779174, 44.843581762996777 ], [ -0.603384973897529, 44.845364061025954 ], [ -0.600879202277375, 44.845619347485574 ], [ -0.60053912472809, 44.843837040043759 ], [ -0.603044818779174, 44.843581762996777 ] ] ] } },
{ "type": "Feature", "properties": { "idcar_200m": "CRS3035RES200mN2474200E3484600", "population": 242.0, "median_education": 1.7645, "median_healthcare": 2.5635, "median_services": 0.2095, "median_commerce": 4.581, "median_entertainment": 0.6135, "PC1_pos": 1.0556062462174605, "nivvie": 37047.842148760334, "rel_education": 1.27008264560674, "rel_sante": 0.7808616565930192, "rel_services": 0.22931809558109476, "rel_commerce": 0.54800024515309564, "rel_loisirs": 0.28447627641176026, "rel_pc1": 0.5042728825575149, "q_revenu": 5, "q_population": 3 }, "geometry": { "type": "Polygon", "coordinates": [ [ [ -0.60053912472809, 44.843837040043759 ], [ -0.600879202277375, 44.845619347485574 ], [ -0.598373410180812, 44.845874574030219 ], [ -0.598033410203203, 44.844092257177863 ], [ -0.60053912472809, 44.843837040043759 ] ] ] } },
{ "type": "Feature", "properties": { "idcar_200m": "CRS3035RES200mN2474200E3484800", "population": 451.0, "median_education": 1.673, "median_healthcare": 2.607, "median_services": 0.397, "median_commerce": 3.963, "median_entertainment": 0.901, "PC1_pos": 1.2111337469957344, "nivvie": 35562.217960088696, "rel_education": 1.2042211765939792, "rel_sante": 0.79411208844860592, "rel_services": 0.43455505463338723, "rel_commerce": 0.47407224875392234, "rel_loisirs": 0.41778830488507912, "rel_pc1": 0.57856981042759648, "q_revenu": 5, "q_population": 5 }, "geometry": { "type": "Polygon", "coordinates": [ [ [ -0.598033410203203, 44.844092257177863 ], [ -0.598373410180812, 44.845874574030219 ], [ -0.595867597612275, 44.846129740659102 ], [ -0.595527675208951, 44.844347414398271 ], [ -0.598033410203203, 44.844092257177863 ] ] ] } },
{ "type": "Feature", "properties": { "idcar_200m": "CRS3035RES200mN2474200E3485000", "population": 483.5, "median_education": 2.262, "median_healthcare": 2.725, "median_services": 0.875, "median_commerce": 4.714, "median_entertainment": 1.565, "PC1_pos": 1.7788078011573016, "nivvie": 33980.466804550153, "rel_education": 1.6281818896925169, "rel_sante": 0.83005578865456497, "rel_services": 0.95777247557736478, "rel_commerce": 0.56391031557557147, "rel_loisirs": 0.72568112890693537, "rel_pc1": 0.84975296481961093, "q_revenu": 5, "q_population": 5 }, "geometry": { "type": "Polygon", "coordinates": [ [ [ -0.595527675208951, 44.844347414398271 ], [ -0.595867597612275, 44.846129740659102 ], [ -0.593361764576189, 44.846384847371397 ], [ -0.593021919749758, 44.844602511704252 ], [ -0.595527675208951, 44.844347414398271 ] ] ] } },
{ "type": "Feature", "properties": { "idcar_200m": "CRS3035RES200mN2474200E3485200", "population": 399.0, "median_education": 3.304, "median_healthcare": 2.436, "median_services": 0.96, "median_commerce": 5.64, "median_entertainment": 1.865, "PC1_pos": 1.9991652500197916, "nivvie": 33624.459649122808, "rel_education": 2.3782108592148874, "rel_sante": 0.74202418391285152, "rel_services": 1.0508132303477373, "rel_commerce": 0.6746826855846888, "rel_loisirs": 0.864789332531268, "rel_pc1": 0.95501975944979023, "q_revenu": 5, "q_population": 4 }, "geometry": { "type": "Polygon", "coordinates": [ [ [ -0.593021919749758, 44.844602511704252 ], [ -0.593361764576189, 44.846384847371397 ], [ -0.590855911076976, 44.846639894166366 ], [ -0.59051614383005, 44.844857549094982 ], [ -0.593021919749758, 44.844602511704252 ] ] ] } },
{ "type": "Feature", "properties": { "idcar_200m": "CRS3035RES200mN2474200E3485400", "population": 263.0, "median_education": 5.584, "median_healthcare": 3.187, "median_services": 0.625, "median_commerce": 7.732, "median_entertainment": 1.115, "PC1_pos": 2.2892005371575541, "nivvie": 30376.7536121673, "rel_education": 4.0193491034672917, "rel_sante": 0.97078451318976089, "rel_services": 0.68412319684097478, "rel_commerce": 0.92493732711716559, "rel_loisirs": 0.51701882347043637, "rel_pc1": 1.0935723028933673, "q_revenu": 4, "q_population": 3 }, "geometry": { "type": "Polygon", "coordinates": [ [ [ -0.59051614383005, 44.844857549094982 ], [ -0.590855911076976, 44.846639894166366 ], [ -0.58835003711908, 44.84689488104322 ], [ -0.588010347454263, 44.845112526569707 ], [ -0.59051614383005, 44.844857549094982 ] ] ] } },
{ "type": "Feature", "properties": { "idcar_200m": "CRS3035RES200mN2474200E3485600", "population": 655.5, "median_education": 4.113, "median_healthcare": 4.656, "median_services": 0.895, "median_commerce": 16.018, "median_entertainment": 1.302, "PC1_pos": 2.9700705651471151, "nivvie": 29306.680091533181, "rel_education": 2.9605270169342717, "rel_sante": 1.4182531199910657, "rel_services": 0.97966441787627589, "rel_commerce": 1.9161466768963735, "rel_loisirs": 0.60372960372960371, "rel_pc1": 1.4188302225879625, "q_revenu": 4, "q_population": 5 }, "geometry": { "type": "Polygon", "coordinates": [ [ [ -0.588010347454263, 44.845112526569707 ], [ -0.58835003711908, 44.84689488104322 ], [ -0.585844142706914, 44.847149808001205 ], [ -0.585504530626818, 44.845367444127618 ], [ -0.588010347454263, 44.845112526569707 ] ] ] } },
{ "type": "Feature", "properties": { "idcar_200m": "CRS3035RES200mN2474200E3485800", "population": 561.5, "median_education": 2.2135, "median_healthcare": 7.5975, "median_services": 0.915, "median_commerce": 26.228, "median_entertainment": 2.038, "PC1_pos": 3.826846092512691, "nivvie": 32576.594657168298, "rel_education": 1.5932717121283757, "rel_sante": 2.3142564602947, "rel_services": 1.0015563601751871, "rel_commerce": 3.1375137371480886, "rel_loisirs": 0.94500839662129976, "rel_pc1": 1.8281198288568985, "q_revenu": 5, "q_population": 5 }, "geometry": { "type": "Polygon", "coordinates": [ [ [ -0.585504530626818, 44.845367444127618 ], [ -0.585844142706914, 44.847149808001205 ], [ -0.583338227844921, 44.847404675039414 ], [ -0.582998693352144, 44.845622301767932 ], [ -0.585504530626818, 44.845367444127618 ] ] ] } },
{ "type": "Feature", "properties": { "idcar_200m": "CRS3035RES200mN2474200E3486000", "population": 505.0, "median_education": 1.158, "median_healthcare": 8.474, "median_services": 0.839, "median_commerce": 37.772, "median_entertainment": 3.199, "PC1_pos": 4.7664228471320147, "nivvie": 30185.397821782179, "rel_education": 0.83352547668608956, "rel_sante": 2.5812450469940491, "rel_services": 0.91836697943932455, "rel_commerce": 4.5184599999831319, "rel_loisirs": 1.4833571446474672, "rel_pc1": 2.276964348424392, "q_revenu": 4, "q_population": 5 }, "geometry": { "type": "Polygon", "coordinates": [ [ [ -0.582998693352144, 44.845622301767932 ], [ -0.583338227844921, 44.847404675039414 ], [ -0.580832292537521, 44.847659482157226 ], [ -0.580492835634675, 44.845877099489869 ], [ -0.582998693352144, 44.845622301767932 ] ] ] } },
{ "type": "Feature", "properties": { "idcar_200m": "CRS3035RES200mN2474200E3486200", "population": 572.0, "median_education": 0.592, "median_healthcare": 8.179, "median_services": 0.998, "median_commerce": 37.389, "median_entertainment": 3.831, "PC1_pos": 4.6698436306170201, "nivvie": 28752.974825174824, "rel_education": 0.4261201055251857, "rel_sante": 2.4913857964791513, "rel_services": 1.0924079207156685, "rel_commerce": 4.472643782149988, "rel_loisirs": 1.7764117602827281, "rel_pc1": 2.230827562021624, "q_revenu": 4, "q_population": 5 }, "geometry": { "type": "Polygon", "coordinates": [ [ [ -0.580492835634675, 44.845877099489869 ], [ -0.580832292537521, 44.847659482157226 ], [ -0.578326336789153, 44.847914229353769 ], [ -0.57798695747884, 44.846131837292639 ], [ -0.580492835634675, 44.845877099489869 ] ] ] } },
{ "type": "Feature", "properties": { "idcar_200m": "CRS3035RES200mN2474200E3486400", "population": 259.5, "median_education": 0.557, "median_healthcare": 8.12, "median_services": 1.095, "median_commerce": 22.751, "median_entertainment": 3.794, "PC1_pos": 3.8271596425782359, "nivvie": 34597.581117533722, "rel_education": 0.40092719388096021, "rel_sante": 2.4734139463761715, "rel_services": 1.1985838408653879, "rel_commerce": 2.7215790389605066, "rel_loisirs": 1.7592550818357271, "rel_pc1": 1.8282696146278192, "q_revenu": 5, "q_population": 3 }, "geometry": { "type": "Polygon", "coordinates": [ [ [ -0.57798695747884, 44.846131837292639 ], [ -0.578326336789153, 44.847914229353769 ], [ -0.57582036060424, 44.848168916628239 ], [ -0.57548105888907, 44.846386515175503 ], [ -0.57798695747884, 44.846131837292639 ] ] ] } },
{ "type": "Feature", "properties": { "idcar_200m": "CRS3035RES200mN2474200E3486600", "population": 239.5, "median_education": 0.679, "median_healthcare": 6.757, "median_services": 0.873, "median_commerce": 18.621, "median_entertainment": 2.878, "PC1_pos": 3.0145336862779186, "nivvie": 33264.10605427975, "rel_education": 0.48874248589797487, "rel_sante": 2.058233748234457, "rel_services": 0.95558328134747361, "rel_commerce": 2.2275294837362569, "rel_loisirs": 1.3345113667694313, "rel_pc1": 1.4400706674417865, "q_revenu": 5, "q_population": 3 }, "geometry": { "type": "Polygon", "coordinates": [ [ [ -0.57548105888907, 44.846386515175503 ], [ -0.57582036060424, 44.848168916628239 ], [ -0.573314363987217, 44.848423543979891 ], [ -0.572975139869791, 44.846641133137616 ], [ -0.57548105888907, 44.846386515175503 ] ] ] } },
{ "type": "Feature", "properties": { "idcar_200m": "CRS3035RES200mN2474200E3486800", "population": 196.0, "median_education": 0.512, "median_healthcare": 3.252, "median_services": 0.642, "median_commerce": 12.417, "median_entertainment": 2.638, "PC1_pos": 2.1559163150970644, "nivvie": 33033.381122448984, "rel_education": 0.36853630748124167, "rel_sante": 0.99058400906592481, "rel_services": 0.70273134779504931, "rel_commerce": 1.4853785295930995, "rel_loisirs": 1.2232248038699651, "rel_pc1": 1.0299011953201433, "q_revenu": 5, "q_population": 2 }, "geometry": { "type": "Polygon", "coordinates": [ [ [ -0.572975139869791, 44.846641133137616 ], [ -0.573314363987217, 44.848423543979891 ], [ -0.570808346942514, 44.848678111407949 ], [ -0.570469200425435, 44.846895691178204 ], [ -0.572975139869791, 44.846641133137616 ] ] ] } },
{ "type": "Feature", "properties": { "idcar_200m": "CRS3035RES200mN2474200E3487400", "population": 233.0, "median_education": 0.289, "median_healthcare": 0.294, "median_services": 0.135, "median_commerce": 0.179, "median_entertainment": 4.428, "PC1_pos": 1.0245651354071408, "nivvie": 22596.275107296136, "rel_education": 0.20802147043374772, "rel_sante": 0.089554642886033792, "rel_services": 0.14777061051765056, "rel_commerce": 0.021412801546038883, "rel_loisirs": 2.0532370854951498, "rel_pc1": 0.4894442563702438, "q_revenu": 2, "q_population": 3 }, "geometry": { "type": "Polygon", "coordinates": [ [ [ -0.565457260279226, 44.847404627491763 ], [ -0.565796251587798, 44.84918706649011 ], [ -0.563290173286649, 44.849441454142635 ], [ -0.562951259586232, 44.847659005763184 ], [ -0.565457260279226, 44.847404627491763 ] ] ] } },
{ "type": "Feature", "properties": { "idcar_200m": "CRS3035RES200mN2474200E3487600", "population": 144.5, "median_education": 0.531, "median_healthcare": 0.536, "median_services": 0.2855, "median_commerce": 0.324, "median_entertainment": 3.9575, "PC1_pos": 1.1301560804351076, "nivvie": 27334.469204152247, "rel_education": 0.38221245951667843, "rel_sante": 0.16326968907113645, "rel_services": 0.31250747631695724, "rel_commerce": 0.038758367044226805, "rel_loisirs": 1.8350690528109883, "rel_pc1": 0.53988602896492377, "q_revenu": 3, "q_population": 2 }, "geometry": { "type": "Polygon", "coordinates": [ [ [ -0.562951259586232, 44.847659005763184 ], [ -0.563290173286649, 44.849441454142635 ], [ -0.560784074575545, 44.849695781868419 ], [ -0.560445238485886, 44.847913324109932 ], [ -0.562951259586232, 44.847659005763184 ] ] ] } },
{ "type": "Feature", "properties": { "idcar_200m": "CRS3035RES200mN2474200E3487800", "population": 24.0, "median_education": 0.143, "median_healthcare": 0.125, "median_services": 0.067, "median_commerce": 0.067, "median_entertainment": 1.602, "PC1_pos": 0.482195157510938, "nivvie": 30373.704166666666, "rel_education": 0.10293103900354991, "rel_sante": 0.038075953608007571, "rel_services": 0.073338006701352501, "rel_commerce": 0.0080148475060592469, "rel_loisirs": 0.74283780735393645, "rel_pc1": 0.23034909361764405, "q_revenu": 4, "q_population": 1 }, "geometry": { "type": "Polygon", "coordinates": [ [ [ -0.560445238485886, 44.847913324109932 ], [ -0.560784074575545, 44.849695781868419 ], [ -0.558277955458926, 44.849950049666688 ], [ -0.557939196982626, 44.848167582531246 ], [ -0.560445238485886, 44.847913324109932 ] ] ] } },
{ "type": "Feature", "properties": { "idcar_200m": "CRS3035RES200mN2474200E3488800", "population": 106.5, "median_education": 0.935, "median_healthcare": 0.935, "median_services": 0.056, "median_commerce": 1.726, "median_entertainment": 0.859, "PC1_pos": 0.52061510790547727, "nivvie": 22864.107981220659, "rel_education": 0.67301063963859564, "rel_sante": 0.28480813298789665, "rel_services": 0.061297438436951346, "rel_commerce": 0.20647204172325762, "rel_loisirs": 0.39831315637767251, "rel_pc1": 0.24870265982909281, "q_revenu": 2, "q_population": 1 }, "geometry": { "type": "Polygon", "coordinates": [ [ [ -0.547914827029069, 44.849184016946751 ], [ -0.548253275025935, 44.850966521568914 ], [ -0.545747053948226, 44.851220489717853 ], [ -0.545408683577718, 44.849437975729224 ], [ -0.547914827029069, 44.849184016946751 ] ] ] } },
{ "type": "Feature", "properties": { "idcar_200m": "CRS3035RES200mN2474200E3489000", "population": 288.0, "median_education": 1.2295, "median_healthcare": 1.7345, "median_services": 0.142, "median_commerce": 2.406, "median_entertainment": 1.1295, "PC1_pos": 0.78031587351769938, "nivvie": 23995.303472222222, "rel_education": 0.88499099618786459, "rel_sante": 0.52834193226471304, "rel_services": 0.15543279032226948, "rel_commerce": 0.28781676268027678, "rel_loisirs": 0.52374238664561246, "rel_pc1": 0.3727641213323154, "q_revenu": 2, "q_population": 3 }, "geometry": { "type": "Polygon", "coordinates": [ [ [ -0.545408683577718, 44.849437975729224 ], [ -0.545747053948226, 44.851220489717853 ], [ -0.543240812491606, 44.851474397934574 ], [ -0.542902519750052, 44.849691874581609 ], [ -0.545408683577718, 44.849437975729224 ] ] ] } },
{ "type": "Feature", "properties": { "idcar_200m": "CRS3035RES200mN2474200E3489200", "population": 314.0, "median_education": 0.911, "median_healthcare": 1.244, "median_services": 0.3, "median_commerce": 1.894, "median_entertainment": 0.983, "PC1_pos": 0.75825132279900109, "nivvie": 24662.720700636943, "rel_education": 0.65573550022541249, "rel_sante": 0.37893189030689134, "rel_services": 0.3283791344836679, "rel_commerce": 0.22656897278322705, "rel_loisirs": 0.45581121387572998, "rel_pc1": 0.36222368105629005, "q_revenu": 2, "q_population": 4 }, "geometry": { "type": "Polygon", "coordinates": [ [ [ -0.542902519750052, 44.849691874581609 ], [ -0.543240812491606, 44.851474397934574 ], [ -0.540734550660506, 44.851728246218286 ], [ -0.540396335550505, 44.849945713503111 ], [ -0.542902519750052, 44.849691874581609 ] ] ] } },
{ "type": "Feature", "properties": { "idcar_200m": "CRS3035RES200mN2474200E3489400", "population": 222.0, "median_education": 0.3215, "median_healthcare": 0.481, "median_services": 0.38, "median_commerce": 1.1755, "median_entertainment": 0.5405, "PC1_pos": 0.55586045092698178, "nivvie": 26919.482432432429, "rel_education": 0.23141488838910002, "rel_sante": 0.14651626948361313, "rel_services": 0.4159469036793127, "rel_commerce": 0.14061870512496485, "rel_loisirs": 0.25062661352983934, "rel_pc1": 0.26553968669007361, "q_revenu": 3, "q_population": 3 }, "geometry": { "type": "Polygon", "coordinates": [ [ [ -0.540396335550505, 44.849945713503111 ], [ -0.540734550660506, 44.851728246218286 ], [ -0.538228268459361, 44.851982034568231 ], [ -0.53789013098351, 44.850199492492933 ], [ -0.540396335550505, 44.849945713503111 ] ] ] } },
{ "type": "Feature", "properties": { "idcar_200m": "CRS3035RES200mN2474200E3489600", "population": 251.5, "median_education": 0.036, "median_healthcare": 0.138, "median_services": 0.314, "median_commerce": 0.542, "median_entertainment": 0.167, "PC1_pos": 0.31364023164082044, "nivvie": 22243.695825049701, "rel_education": 0.025912709119774804, "rel_sante": 0.04203585278324036, "rel_services": 0.34370349409290574, "rel_commerce": 0.064836527586330031, "rel_loisirs": 0.07743690001754519, "rel_pc1": 0.14982884410001998, "q_revenu": 2, "q_population": 3 }, "geometry": { "type": "Polygon", "coordinates": [ [ [ -0.53789013098351, 44.850199492492933 ], [ -0.538228268459361, 44.851982034568231 ], [ -0.535721965892607, 44.852235762983632 ], [ -0.535383906053503, 44.850453211550295 ], [ -0.53789013098351, 44.850199492492933 ] ] ] } },
{ "type": "Feature", "properties": { "idcar_200m": "CRS3035RES200mN2474400E3482000", "population": 211.0, "median_education": 0.084, "median_healthcare": 0.084, "median_services": 0.0, "median_commerce": 0.0, "median_entertainment": 0.557, "PC1_pos": 0.13183898169139741, "nivvie": 26516.417061611373, "rel_education": 0.060462987946141217, "rel_sante": 0.025587040824581086, "rel_services": 0.0, "rel_commerce": 0.0, "rel_loisirs": 0.25827756472917768, "rel_pc1": 0.062980702860745086, "q_revenu": 3, "q_population": 2 }, "geometry": { "type": "Polygon", "coordinates": [ [ [ -0.633452634568341, 44.842295950427719 ], [ -0.633793748793792, 44.844078131441123 ], [ -0.631288145691888, 44.844334146257907 ], [ -0.63094710901033, 44.842551955805845 ], [ -0.633452634568341, 44.842295950427719 ] ] ] } },
{ "type": "Feature", "properties": { "idcar_200m": "CRS3035RES200mN2474400E3482200", "population": 283.5, "median_education": 0.2215, "median_healthcare": 0.085, "median_services": 0.0, "median_commerce": 0.019, "median_entertainment": 0.493, "PC1_pos": 0.13651513209839239, "nivvie": 26703.602116402119, "rel_education": 0.15943514083416999, "rel_sante": 0.025891648453445149, "rel_services": 0.0, "rel_commerce": 0.002272867203210831, "rel_loisirs": 0.22860114795598666, "rel_pc1": 0.065214543228266073, "q_revenu": 3, "q_population": 3 }, "geometry": { "type": "Polygon", "coordinates": [ [ [ -0.63094710901033, 44.842551955805845 ], [ -0.631288145691888, 44.844334146257907 ], [ -0.62878252205784, 44.844590101167043 ], [ -0.628441562922801, 44.842807901278462 ], [ -0.63094710901033, 44.842551955805845 ] ] ] } },
{ "type": "Feature", "properties": { "idcar_200m": "CRS3035RES200mN2474400E3482400", "population": 34.0, "median_education": 0.35, "median_healthcare": 0.086, "median_services": 0.0, "median_commerce": 0.032, "median_entertainment": 0.257, "PC1_pos": 0.12171649805732354, "nivvie": 27382.852941176472, "rel_education": 0.25192911644225502, "rel_sante": 0.026196256082309206, "rel_services": 0.0, "rel_commerce": 0.0038279868685656103, "rel_loisirs": 0.11916936110484498, "rel_pc1": 0.058145098657864928, "q_revenu": 3, "q_population": 1 }, "geometry": { "type": "Polygon", "coordinates": [ [ [ -0.628441562922801, 44.842807901278462 ], [ -0.62878252205784, 44.844590101167043 ], [ -0.626276877896089, 44.844845996167727 ], [ -0.625935996310178, 44.843063786844709 ], [ -0.628441562922801, 44.842807901278462 ] ] ] } },
{ "type": "Feature", "properties": { "idcar_200m": "CRS3035RES200mN2474400E3482600", "population": 159.5, "median_education": 0.122, "median_healthcare": 0.237, "median_services": 0.0, "median_commerce": 0.5925, "median_entertainment": 0.1035, "PC1_pos": 0.10232259755178275, "nivvie": 32605.536050156741, "rel_education": 0.087815292017014615, "rel_sante": 0.072192008040782352, "rel_services": 0.0, "rel_commerce": 0.070877569363285139, "rel_loisirs": 0.047992330250394767, "rel_pc1": 0.048880452728564505, "q_revenu": 5, "q_population": 2 }, "geometry": { "type": "Polygon", "coordinates": [ [ [ -0.625935996310178, 44.843063786844709 ], [ -0.626276877896089, 44.844845996167727 ], [ -0.623771213211051, 44.845101831259193 ], [ -0.623430409176891, 44.843319612503819 ], [ -0.625935996310178, 44.843063786844709 ] ] ] } },
{ "type": "Feature", "properties": { "idcar_200m": "CRS3035RES200mN2474400E3482800", "population": 186.5, "median_education": 0.1645, "median_healthcare": 0.1805, "median_services": 0.0, "median_commerce": 0.4335, "median_entertainment": 0.1155, "PC1_pos": 0.11067956222304809, "nivvie": 27326.167828418231, "rel_education": 0.11840668472785988, "rel_sante": 0.054981677009962926, "rel_services": 0.0, "rel_commerce": 0.051857259610099751, "rel_loisirs": 0.053556658395368079, "rel_pc1": 0.052872652167807059, "q_revenu": 3, "q_population": 2 }, "geometry": { "type": "Polygon", "coordinates": [ [ [ -0.623430409176891, 44.843319612503819 ], [ -0.623771213211051, 44.845101831259193 ], [ -0.621265528007154, 44.84535760644065 ], [ -0.620924801527353, 44.843575378255039 ], [ -0.623430409176891, 44.843319612503819 ] ] ] } },
{ "type": "Feature", "properties": { "idcar_200m": "CRS3035RES200mN2474400E3483000", "population": 95.5, "median_education": 1.2785, "median_healthcare": 0.6355, "median_services": 0.0095, "median_commerce": 0.282, "median_entertainment": 0.307, "PC1_pos": 0.32456987302836016, "nivvie": 29391.205235602094, "rel_education": 0.92026107248978029, "rel_sante": 0.19357814814311047, "rel_services": 0.010398672591982816, "rel_commerce": 0.03373413427923444, "rel_loisirs": 0.14235406170890041, "rel_pc1": 0.15505003503893677, "q_revenu": 4, "q_population": 1 }, "geometry": { "type": "Polygon", "coordinates": [ [ [ -0.620924801527353, 44.843575378255039 ], [ -0.621265528007154, 44.84535760644065 ], [ -0.618759822288824, 44.845613321711305 ], [ -0.618419173365999, 44.843831084097552 ], [ -0.620924801527353, 44.843575378255039 ] ] ] } },
{ "type": "Feature", "properties": { "idcar_200m": "CRS3035RES200mN2474400E3483200", "population": 170.5, "median_education": 0.877, "median_healthcare": 1.4815, "median_services": 0.0805, "median_commerce": 0.532, "median_entertainment": 0.7565, "PC1_pos": 0.49601170493865476, "nivvie": 32572.035777126097, "rel_education": 0.63126238605673624, "rel_sante": 0.45127620216210573, "rel_services": 0.08811506775311756, "rel_commerce": 0.06364028168990328, "rel_loisirs": 0.35078452013935885, "rel_pc1": 0.23694938631516571, "q_revenu": 5, "q_population": 2 }, "geometry": { "type": "Polygon", "coordinates": [ [ [ -0.618419173365999, 44.843831084097552 ], [ -0.618759822288824, 44.845613321711305 ], [ -0.616254096060489, 44.845868977070388 ], [ -0.615913524697253, 44.844086730030597 ], [ -0.618419173365999, 44.843831084097552 ] ] ] } },
{ "type": "Feature", "properties": { "idcar_200m": "CRS3035RES200mN2474400E3483400", "population": 203.0, "median_education": 1.008, "median_healthcare": 1.8565, "median_services": 0.2345, "median_commerce": 0.8555, "median_entertainment": 1.263, "PC1_pos": 0.76338508786133041, "nivvie": 27606.250246305419, "rel_education": 0.7255558553536946, "rel_sante": 0.56550406298612843, "rel_services": 0.25668302345473371, "rel_commerce": 0.10233883643930873, "rel_loisirs": 0.58564553725844049, "rel_pc1": 0.36467612818383438, "q_revenu": 3, "q_population": 2 }, "geometry": { "type": "Polygon", "coordinates": [ [ [ -0.615913524697253, 44.844086730030597 ], [ -0.616254096060489, 44.845868977070388 ], [ -0.613748349326571, 44.846124572517105 ], [ -0.613407855525537, 44.844342316053321 ], [ -0.615913524697253, 44.844086730030597 ] ] ] } },
{ "type": "Feature", "properties": { "idcar_200m": "CRS3035RES200mN2474400E3483600", "population": 388.5, "median_education": 1.727, "median_healthcare": 2.733, "median_services": 0.503, "median_commerce": 1.64, "median_entertainment": 0.842, "PC1_pos": 1.0892686202117796, "nivvie": 28256.302187902187, "rel_education": 1.2430902402736415, "rel_sante": 0.83249264968547754, "rel_services": 0.55058234881761647, "rel_commerce": 0.19618432701398753, "rel_loisirs": 0.39043035817229366, "rel_pc1": 0.5203537104501792, "q_revenu": 4, "q_population": 4 }, "geometry": { "type": "Polygon", "coordinates": [ [ [ -0.613407855525537, 44.844342316053321 ], [ -0.613748349326571, 44.846124572517105 ], [ -0.611242582091498, 44.846380108050631 ], [ -0.610902165855282, 44.844597842165037 ], [ -0.613407855525537, 44.844342316053321 ] ] ] } },
{ "type": "Feature", "properties": { "idcar_200m": "CRS3035RES200mN2474400E3483800", "population": 255.0, "median_education": 2.861, "median_healthcare": 2.1555, "median_services": 1.0795, "median_commerce": 3.1115, "median_entertainment": 0.4615, "PC1_pos": 1.6761990717739468, "nivvie": 33609.127450980392, "rel_education": 2.0593405775465476, "rel_sante": 0.6565817440164825, "rel_services": 1.1816175855837316, "rel_commerce": 0.37221191067318427, "rel_loisirs": 0.21399478657543175, "rel_pc1": 0.80073582426448664, "q_revenu": 5, "q_population": 3 }, "geometry": { "type": "Polygon", "coordinates": [ [ [ -0.610902165855282, 44.844597842165037 ], [ -0.611242582091498, 44.846380108050631 ], [ -0.6087367943597, 44.846635583670228 ], [ -0.608396455690908, 44.844853308364904 ], [ -0.610902165855282, 44.844597842165037 ] ] ] } },
{ "type": "Feature", "properties": { "idcar_200m": "CRS3035RES200mN2474400E3484000", "population": 294.5, "median_education": 2.736, "median_healthcare": 1.331, "median_services": 0.513, "median_commerce": 1.759, "median_entertainment": 0.405, "PC1_pos": 1.0797559865052653, "nivvie": 35404.783701188455, "rel_education": 1.9693658931028855, "rel_sante": 0.40543275401806456, "rel_services": 0.56152831996707209, "rel_commerce": 0.21041965318146588, "rel_loisirs": 0.18779607489284911, "rel_pc1": 0.5158094372071147, "q_revenu": 5, "q_population": 3 }, "geometry": { "type": "Polygon", "coordinates": [ [ [ -0.608396455690908, 44.844853308364904 ], [ -0.6087367943597, 44.846635583670228 ], [ -0.6062309861356, 44.84689099937512 ], [ -0.605890725036848, 44.845108714652127 ], [ -0.608396455690908, 44.844853308364904 ] ] ] } },
{ "type": "Feature", "properties": { "idcar_200m": "CRS3035RES200mN2474400E3484200", "population": 325.0, "median_education": 2.407, "median_healthcare": 0.918, "median_services": 0.1635, "median_commerce": 1.3365, "median_entertainment": 0.47, "PC1_pos": 0.75639111565197448, "nivvie": 32073.569538461536, "rel_education": 1.7325525236471655, "rel_sante": 0.2796298032972076, "rel_services": 0.17896662829359902, "rel_commerce": 0.15987826405743558, "rel_loisirs": 0.21793618567812115, "rel_pc1": 0.36133504286989571, "q_revenu": 5, "q_population": 4 }, "geometry": { "type": "Polygon", "coordinates": [ [ [ -0.605890725036848, 44.845108714652127 ], [ -0.6062309861356, 44.84689099937512 ], [ -0.603725157423632, 44.847146355164483 ], [ -0.603384973897529, 44.845364061025954 ], [ -0.605890725036848, 44.845108714652127 ] ] ] } },
{ "type": "Feature", "properties": { "idcar_200m": "CRS3035RES200mN2474400E3484400", "population": 345.0, "median_education": 2.434, "median_healthcare": 1.416, "median_services": 0.123, "median_commerce": 2.646, "median_entertainment": 0.566, "PC1_pos": 0.84668667359551852, "nivvie": 36466.646376811594, "rel_education": 1.7519870554869967, "rel_sante": 0.43132440247150972, "rel_services": 0.13463544513830383, "rel_commerce": 0.31652666419451891, "rel_loisirs": 0.26245081083790761, "rel_pc1": 0.40447006736363095, "q_revenu": 5, "q_population": 4 }, "geometry": { "type": "Polygon", "coordinates": [ [ [ -0.603384973897529, 44.845364061025954 ], [ -0.603725157423632, 44.847146355164483 ], [ -0.601219308228215, 44.847401651037579 ], [ -0.600879202277375, 44.845619347485574 ], [ -0.603384973897529, 44.845364061025954 ] ] ] } },
{ "type": "Feature", "properties": { "idcar_200m": "CRS3035RES200mN2474400E3484600", "population": 368.5, "median_education": 2.913, "median_healthcare": 2.888, "median_services": 0.148, "median_commerce": 3.164, "median_entertainment": 0.661, "PC1_pos": 1.1590253966224069, "nivvie": 31493.088738127542, "rel_education": 2.0967700462751111, "rel_sante": 0.87970683215940682, "rel_services": 0.16200037301194284, "rel_commerce": 0.37849220162942476, "rel_loisirs": 0.30650174198561297, "rel_pc1": 0.55367716874208905, "q_revenu": 5, "q_population": 4 }, "geometry": { "type": "Polygon", "coordinates": [ [ [ -0.600879202277375, 44.845619347485574 ], [ -0.601219308228215, 44.847401651037579 ], [ -0.598713438553783, 44.847656886993548 ], [ -0.598373410180812, 44.845874574030219 ], [ -0.600879202277375, 44.845619347485574 ] ] ] } },
{ "type": "Feature", "properties": { "idcar_200m": "CRS3035RES200mN2474400E3484800", "population": 362.5, "median_education": 2.3285, "median_healthcare": 4.071, "median_services": 0.3195, "median_commerce": 3.1875, "median_entertainment": 0.865, "PC1_pos": 1.2477839948842888, "nivvie": 35498.360551724138, "rel_education": 1.6760484218165455, "rel_sante": 1.2400576571055903, "rel_services": 0.34972377822510631, "rel_commerce": 0.3813033794860276, "rel_loisirs": 0.40109532045015917, "rel_pc1": 0.59607797335807755, "q_revenu": 5, "q_population": 4 }, "geometry": { "type": "Polygon", "coordinates": [ [ [ -0.598373410180812, 44.845874574030219 ], [ -0.598713438553783, 44.847656886993548 ], [ -0.596207548404766, 44.847912063031657 ], [ -0.595867597612275, 44.846129740659102 ], [ -0.598373410180812, 44.845874574030219 ] ] ] } },
{ "type": "Feature", "properties": { "idcar_200m": "CRS3035RES200mN2474400E3485000", "population": 487.0, "median_education": 2.495, "median_healthcare": 2.938, "median_services": 0.463, "median_commerce": 2.072, "median_entertainment": 1.464, "PC1_pos": 1.3427061222776764, "nivvie": 33548.426694045178, "rel_education": 1.795894701495504, "rel_sante": 0.89493721360260992, "rel_services": 0.50679846421979413, "rel_commerce": 0.24786214973962328, "rel_loisirs": 0.6788480336867434, "rel_pc1": 0.64142315293680319, "q_revenu": 5, "q_population": 5 }, "geometry": { "type": "Polygon", "coordinates": [ [ [ -0.595867597612275, 44.846129740659102 ], [ -0.596207548404766, 44.847912063031657 ], [ -0.593701637785588, 44.848167179151126 ], [ -0.593361764576189, 44.846384847371397 ], [ -0.595867597612275, 44.846129740659102 ] ] ] } },
{ "type": "Feature", "properties": { "idcar_200m": "CRS3035RES200mN2474400E3485200", "population": 445.0, "median_education": 2.8985, "median_healthcare": 2.449, "median_services": 0.457, "median_commerce": 2.9715, "median_entertainment": 1.1255, "PC1_pos": 1.3367952925314439, "nivvie": 33389.443820224718, "rel_education": 2.0863329828796466, "rel_sante": 0.74598408308808417, "rel_services": 0.50023088153012085, "rel_commerce": 0.3554644681232097, "rel_loisirs": 0.52188761059728805, "rel_pc1": 0.63859949481132317, "q_revenu": 5, "q_population": 5 }, "geometry": { "type": "Polygon", "coordinates": [ [ [ -0.593361764576189, 44.846384847371397 ], [ -0.593701637785588, 44.848167179151126 ], [ -0.591195706700677, 44.848422235351151 ], [ -0.590855911076976, 44.846639894166366 ], [ -0.593361764576189, 44.846384847371397 ] ] ] } },
{ "type": "Feature", "properties": { "idcar_200m": "CRS3035RES200mN2474400E3485400", "population": 466.0, "median_education": 3.305, "median_healthcare": 2.408, "median_services": 0.332, "median_commerce": 4.475, "median_entertainment": 1.031, "PC1_pos": 1.4983617469689652, "nivvie": 34062.34635193133, "rel_education": 2.3789306566904371, "rel_sante": 0.73349517030465772, "rel_services": 0.36340624216192585, "rel_commerce": 0.535320038650972, "rel_loisirs": 0.4780685264556232, "rel_pc1": 0.7157812867870238, "q_revenu": 5, "q_population": 5 }, "geometry": { "type": "Polygon", "coordinates": [ [ [ -0.590855911076976, 44.846639894166366 ], [ -0.591195706700677, 44.848422235351151 ], [ -0.588689755154472, 44.84867723163098 ], [ -0.58835003711908, 44.84689488104322 ], [ -0.590855911076976, 44.846639894166366 ] ] ] } },
{ "type": "Feature", "properties": { "idcar_200m": "CRS3035RES200mN2474400E3485600", "population": 591.5, "median_education": 3.023, "median_healthcare": 5.204, "median_services": 0.57, "median_commerce": 16.248, "median_entertainment": 1.321, "PC1_pos": 2.6578006775100094, "nivvie": 28027.435164835166, "rel_education": 2.1759477685855346, "rel_sante": 1.585178100608571, "rel_services": 0.62392035551896896, "rel_commerce": 1.9436603325141888, "rel_loisirs": 0.61253978995914482, "rel_pc1": 1.2696560045128686, "q_revenu": 3, "q_population": 5 }, "geometry": { "type": "Polygon", "coordinates": [ [ [ -0.58835003711908, 44.84689488104322 ], [ -0.588689755154472, 44.84867723163098 ], [ -0.586183783151398, 44.84893216798978 ], [ -0.585844142706914, 44.847149808001205 ], [ -0.58835003711908, 44.84689488104322 ] ] ] } },
{ "type": "Feature", "properties": { "idcar_200m": "CRS3035RES200mN2474400E3485800", "population": 423.5, "median_education": 1.9635, "median_healthcare": 6.6255, "median_services": 0.705, "median_commerce": 26.5905, "median_entertainment": 2.175, "PC1_pos": 3.8984377052175927, "nivvie": 30218.15914994097, "rel_education": 1.4133223432410509, "rel_sante": 2.0181778450388332, "rel_services": 0.77169096603661957, "rel_commerce": 3.1808776508935579, "rel_loisirs": 1.0085344762764117, "rel_pc1": 1.8623198054438168, "q_revenu": 4, "q_population": 4 }, "geometry": { "type": "Polygon", "coordinates": [ [ [ -0.585844142706914, 44.847149808001205 ], [ -0.586183783151398, 44.84893216798978 ], [ -0.583677790695881, 44.849187044426778 ], [ -0.583338227844921, 44.847404675039414 ], [ -0.585844142706914, 44.847149808001205 ] ] ] } },
{ "type": "Feature", "properties": { "idcar_200m": "CRS3035RES200mN2474400E3486000", "population": 443.0, "median_education": 1.534, "median_healthcare": 8.226, "median_services": 0.732, "median_commerce": 50.351, "median_entertainment": 4.369, "PC1_pos": 5.7752065371750261, "nivvie": 28810.699322799097, "rel_education": 1.1041693274926265, "rel_sante": 2.5057023550357616, "rel_services": 0.80124508814014972, "rel_commerce": 6.0232177130983455, "rel_loisirs": 2.0258791387823645, "rel_pc1": 2.758869662150814, "q_revenu": 4, "q_population": 4 }, "geometry": { "type": "Polygon", "coordinates": [ [ [ -0.583338227844921, 44.847404675039414 ], [ -0.583677790695881, 44.849187044426778 ], [ -0.581171777792354, 44.849441860941205 ], [ -0.580832292537521, 44.847659482157226 ], [ -0.583338227844921, 44.847404675039414 ] ] ] } },
{ "type": "Feature", "properties": { "idcar_200m": "CRS3035RES200mN2474400E3486200", "population": 168.5, "median_education": 0.8845, "median_healthcare": 5.194, "median_services": 0.4155, "median_commerce": 22.8705, "median_entertainment": 4.6255, "PC1_pos": 3.3457901823391296, "nivvie": 31995.58872403561, "rel_education": 0.63666086712335601, "rel_sante": 1.5821320243199306, "rel_services": 0.45480510125988005, "rel_commerce": 2.7358741774228061, "rel_loisirs": 2.1448166528811692, "rel_pc1": 1.5983149642458783, "q_revenu": 5, "q_population": 2 }, "geometry": { "type": "Polygon", "coordinates": [ [ [ -0.580832292537521, 44.847659482157226 ], [ -0.581171777792354, 44.849441860941205 ], [ -0.578665744445254, 44.849696617532288 ], [ -0.578326336789153, 44.847914229353769 ], [ -0.580832292537521, 44.847659482157226 ] ] ] } },
{ "type": "Feature", "properties": { "idcar_200m": "CRS3035RES200mN2474400E3486400", "population": 21.0, "median_education": 0.552, "median_healthcare": 3.629, "median_services": 0.507, "median_commerce": 15.776, "median_entertainment": 3.203, "PC1_pos": 2.4342784763855825, "nivvie": 38607.776190476194, "rel_education": 0.39732820650321371, "rel_sante": 1.1054210851476758, "rel_services": 0.55496073727739881, "rel_commerce": 1.887197526202846, "rel_loisirs": 1.4852119206957917, "rel_pc1": 1.1628773784100868, "q_revenu": 5, "q_population": 1 }, "geometry": { "type": "Polygon", "coordinates": [ [ [ -0.578326336789153, 44.847914229353769 ], [ -0.578665744445254, 44.849696617532288 ], [ -0.576159690659002, 44.849951314199217 ], [ -0.57582036060424, 44.848168916628239 ], [ -0.578326336789153, 44.847914229353769 ] ] ] } },
{ "type": "Feature", "properties": { "idcar_200m": "CRS3035RES200mN2474400E3486600", "population": 302.5, "median_education": 0.902, "median_healthcare": 4.613, "median_services": 0.6175, "median_commerce": 20.6045, "median_entertainment": 3.1925, "PC1_pos": 2.984159591947467, "nivvie": 36936.707768595043, "rel_education": 0.64925732294546878, "rel_sante": 1.4051549919499111, "rel_services": 0.67591371847888304, "rel_commerce": 2.4648048572925041, "rel_loisirs": 1.4803431335689401, "rel_pc1": 1.4255606812059385, "q_revenu": 5, "q_population": 3 }, "geometry": { "type": "Polygon", "coordinates": [ [ [ -0.57582036060424, 44.848168916628239 ], [ -0.576159690659002, 44.849951314199217 ], [ -0.573653616438038, 44.850205950941223 ], [ -0.573314363987217, 44.848423543979891 ], [ -0.57582036060424, 44.848168916628239 ] ] ] } },
{ "type": "Feature", "properties": { "idcar_200m": "CRS3035RES200mN2474400E3486800", "population": 395.0, "median_education": 1.1545, "median_healthcare": 2.8485, "median_services": 0.6425, "median_commerce": 22.981, "median_entertainment": 2.7145, "PC1_pos": 2.9557834440235209, "nivvie": 31086.578987341771, "rel_education": 0.83100618552166705, "rel_sante": 0.86767483081927643, "rel_services": 0.70327864635252213, "rel_commerce": 2.7490926945783216, "rel_loisirs": 1.2586973957941701, "rel_pc1": 1.4120051324767022, "q_revenu": 4, "q_population": 4 }, "geometry": { "type": "Polygon", "coordinates": [ [ [ -0.573314363987217, 44.848423543979891 ], [ -0.573653616438038, 44.850205950941223 ], [ -0.571147521786788, 44.850460527757512 ], [ -0.570808346942514, 44.848678111407949 ], [ -0.573314363987217, 44.848423543979891 ] ] ] } },
{ "type": "Feature", "properties": { "idcar_200m": "CRS3035RES200mN2474400E3487000", "population": 105.5, "median_education": 0.929, "median_healthcare": 1.949, "median_services": 0.889, "median_commerce": 15.518, "median_entertainment": 2.244, "PC1_pos": 2.412042636385177, "nivvie": 29532.236018957345, "rel_education": 0.66869185478529991, "rel_sante": 0.59368026865605406, "rel_services": 0.97309683518660262, "rel_commerce": 1.8563343820750358, "rel_loisirs": 1.0405293631100083, "rel_pc1": 1.1522551116574304, "q_revenu": 4, "q_population": 1 }, "geometry": { "type": "Polygon", "coordinates": [ [ [ -0.570808346942514, 44.848678111407949 ], [ -0.571147521786788, 44.850460527757512 ], [ -0.568641406709688, 44.850715044647359 ], [ -0.568302309474563, 44.848932618911604 ], [ -0.570808346942514, 44.848678111407949 ] ] ] } },
{ "type": "Feature", "properties": { "idcar_200m": "CRS3035RES200mN2474400E3488800", "population": 5.0, "median_education": 0.234, "median_healthcare": 0.417, "median_services": 0.027, "median_commerce": 0.64, "median_entertainment": 0.193, "PC1_pos": 0.18151417377658197, "nivvie": 21476.7, "rel_education": 0.16843260927853626, "rel_sante": 0.12702138123631324, "rel_services": 0.02955412210353011, "rel_commerce": 0.076559737371312206, "rel_loisirs": 0.089492944331654015, "rel_pc1": 0.086711002292142972, "q_revenu": 1, "q_population": 1 }, "geometry": { "type": "Polygon", "coordinates": [ [ [ -0.548253275025935, 44.850966521568914 ], [ -0.548591751294184, 44.852749022318164 ], [ -0.546085452583917, 44.853002999834338 ], [ -0.545747053948226, 44.851220489717853 ], [ -0.548253275025935, 44.850966521568914 ] ] ] } },
{ "type": "Feature", "properties": { "idcar_200m": "CRS3035RES200mN2474400E3489000", "population": 141.5, "median_education": 0.19, "median_healthcare": 0.324, "median_services": 0.108, "median_commerce": 0.685, "median_entertainment": 0.543, "PC1_pos": 0.31344235817557298, "nivvie": 27087.555477031801, "rel_education": 0.13676152035436703, "rel_sante": 0.098692871751955624, "rel_services": 0.11821648841412044, "rel_commerce": 0.081942843905232599, "rel_loisirs": 0.2517858485600421, "rel_pc1": 0.14973431811264587, "q_revenu": 3, "q_population": 2 }, "geometry": { "type": "Polygon", "coordinates": [ [ [ -0.545747053948226, 44.851220489717853 ], [ -0.546085452583917, 44.853002999834338 ], [ -0.543579133492136, 44.853256917416211 ], [ -0.543240812491606, 44.851474397934574 ], [ -0.545747053948226, 44.851220489717853 ] ] ] } },
{ "type": "Feature", "properties": { "idcar_200m": "CRS3035RES200mN2474400E3489200", "population": 368.0, "median_education": 0.277, "median_healthcare": 0.876, "median_services": 0.446, "median_commerce": 1.523, "median_entertainment": 1.032, "PC1_pos": 0.73055301869646572, "nivvie": 27070.913858695654, "rel_education": 0.19938390072715617, "rel_sante": 0.26683628288491701, "rel_services": 0.48819031326571966, "rel_commerce": 0.1821882500257945, "rel_loisirs": 0.47853222046770438, "rel_pc1": 0.34899194459983224, "q_revenu": 3, "q_population": 4 }, "geometry": { "type": "Polygon", "coordinates": [ [ [ -0.543240812491606, 44.851474397934574 ], [ -0.543579133492136, 44.853256917416211 ], [ -0.541072794023279, 44.853510775062958 ], [ -0.540734550660506, 44.851728246218286 ], [ -0.543240812491606, 44.851474397934574 ] ] ] } },
{ "type": "Feature", "properties": { "idcar_200m": "CRS3035RES200mN2474400E3489400", "population": 339.0, "median_education": 0.18, "median_healthcare": 0.707, "median_services": 1.176, "median_commerce": 2.602, "median_entertainment": 0.855, "PC1_pos": 1.15058049385545, "nivvie": 20697.983480825958, "rel_education": 0.12956354559887404, "rel_sante": 0.2153575936068908, "rel_services": 1.287246207175978, "rel_commerce": 0.31126318225024119, "rel_loisirs": 0.39645838032934805, "rel_pc1": 0.54964296045990924, "q_revenu": 1, "q_population": 4 }, "geometry": { "type": "Polygon", "coordinates": [ [ [ -0.540734550660506, 44.851728246218286 ], [ -0.541072794023279, 44.853510775062958 ], [ -0.538566434181781, 44.853764572773819 ], [ -0.538228268459361, 44.851982034568231 ], [ -0.540734550660506, 44.851728246218286 ] ] ] } },
{ "type": "Feature", "properties": { "idcar_200m": "CRS3035RES200mN2474600E3482000", "population": 649.0, "median_education": 0.0775, "median_healthcare": 0.182, "median_services": 0.0, "median_commerce": 0.02, "median_entertainment": 1.169, "PC1_pos": 0.24618738728233325, "nivvie": 17364.750385208012, "rel_education": 0.055784304355070764, "rel_sante": 0.055438588453259018, "rel_services": 0.0, "rel_commerce": 0.0023924917928535064, "rel_loisirs": 0.54205830012281631, "rel_pc1": 0.11760599549217787, "q_revenu": 1, "q_population": 5 }, "geometry": { "type": "Polygon", "coordinates": [ [ [ -0.633793748793792, 44.844078131441123 ], [ -0.634134891504604, 44.845860308554457 ], [ -0.631629210852605, 44.846116332810709 ], [ -0.631288145691888, 44.844334146257907 ], [ -0.633793748793792, 44.844078131441123 ] ] ] } },
{ "type": "Feature", "properties": { "idcar_200m": "CRS3035RES200mN2474600E3482200", "population": 700.0, "median_education": 0.316, "median_healthcare": 0.225, "median_services": 0.0, "median_commerce": 0.044, "median_entertainment": 1.324, "PC1_pos": 0.31124100060241533, "nivvie": 18673.175285714286, "rel_education": 0.22745600227357884, "rel_sante": 0.068536716494413619, "rel_services": 0.0, "rel_commerce": 0.0052634819442777137, "rel_loisirs": 0.61393087199538821, "rel_pc1": 0.14868270920739945, "q_revenu": 1, "q_population": 5 }, "geometry": { "type": "Polygon", "coordinates": [ [ [ -0.631288145691888, 44.844334146257907 ], [ -0.631629210852605, 44.846116332810709 ], [ -0.629123509665851, 44.846372297157174 ], [ -0.62878252205784, 44.844590101167043 ], [ -0.631288145691888, 44.844334146257907 ] ] ] } },
{ "type": "Feature", "properties": { "idcar_200m": "CRS3035RES200mN2474600E3482400", "population": 253.5, "median_education": 0.057, "median_healthcare": 0.1285, "median_services": 0.0, "median_commerce": 0.2995, "median_entertainment": 0.223, "PC1_pos": 0.16512872595675154, "nivvie": 22490.465877712031, "rel_education": 0.041028456106310111, "rel_sante": 0.039142080309031782, "rel_services": 0.0, "rel_commerce": 0.035827564597981261, "rel_loisirs": 0.10340376469408728, "rel_pc1": 0.078883522079981117, "q_revenu": 2, "q_population": 3 }, "geometry": { "type": "Polygon", "coordinates": [ [ [ -0.62878252205784, 44.844590101167043 ], [ -0.629123509665851, 44.846372297157174 ], [ -0.626617787948778, 44.846628201593099 ], [ -0.626276877896089, 44.844845996167727 ], [ -0.62878252205784, 44.844590101167043 ] ] ] } },
{ "type": "Feature", "properties": { "idcar_200m": "CRS3035RES200mN2474600E3482600", "population": 324.0, "median_education": 0.075, "median_healthcare": 0.135, "median_services": 0.0, "median_commerce": 0.485, "median_entertainment": 0.172, "PC1_pos": 0.090595379819236488, "nivvie": 23845.727160493825, "rel_education": 0.053984810666197508, "rel_sante": 0.041122029896648177, "rel_services": 0.0, "rel_commerce": 0.058017925976697533, "rel_loisirs": 0.079755370077950721, "rel_pc1": 0.043278252181190656, "q_revenu": 2, "q_population": 4 }, "geometry": { "type": "Polygon", "coordinates": [ [ [ -0.626276877896089, 44.844845996167727 ], [ -0.626617787948778, 44.846628201593099 ], [ -0.624112045705807, 44.846884046117736 ], [ -0.623771213211051, 44.845101831259193 ], [ -0.626276877896089, 44.844845996167727 ] ] ] } },
{ "type": "Feature", "properties": { "idcar_200m": "CRS3035RES200mN2474600E3482800", "population": 192.5, "median_education": 0.2045, "median_healthcare": 0.3165, "median_services": 0.0, "median_commerce": 0.6405, "median_entertainment": 0.1665, "PC1_pos": 0.13690448362447527, "nivvie": 26129.822337662335, "rel_education": 0.14719858374983188, "rel_sante": 0.096408314535475159, "rel_services": 0.0, "rel_commerce": 0.07661954966613356, "rel_loisirs": 0.077205053011504626, "rel_pc1": 0.065400540059082024, "q_revenu": 3, "q_population": 2 }, "geometry": { "type": "Polygon", "coordinates": [ [ [ -0.623771213211051, 44.845101831259193 ], [ -0.624112045705807, 44.846884046117736 ], [ -0.621606282941355, 44.847139830730214 ], [ -0.621265528007154, 44.84535760644065 ], [ -0.623771213211051, 44.845101831259193 ] ] ] } },
{ "type": "Feature", "properties": { "idcar_200m": "CRS3035RES200mN2474600E3483000", "population": 176.5, "median_education": 0.3905, "median_healthcare": 0.642, "median_services": 0.028, "median_commerce": 0.6525, "median_entertainment": 0.3325, "PC1_pos": 0.24451912811671073, "nivvie": 28991.086118980173, "rel_education": 0.28108091420200171, "rel_sante": 0.19555809773072688, "rel_services": 0.030648719218475673, "rel_commerce": 0.078055044741845658, "rel_loisirs": 0.15417825901696872, "rel_pc1": 0.11680905263463423, "q_revenu": 4, "q_population": 2 }, "geometry": { "type": "Polygon", "coordinates": [ [ [ -0.621265528007154, 44.84535760644065 ], [ -0.621606282941355, 44.847139830730214 ], [ -0.619100499659855, 44.847395555429834 ], [ -0.618759822288824, 44.845613321711305 ], [ -0.621265528007154, 44.84535760644065 ] ] ] } },
{ "type": "Feature", "properties": { "idcar_200m": "CRS3035RES200mN2474600E3483200", "population": 170.0, "median_education": 0.4165, "median_healthcare": 1.1715, "median_services": 0.097, "median_commerce": 0.87, "median_entertainment": 0.6905, "PC1_pos": 0.43501034535833605, "nivvie": 32503.427058823527, "rel_education": 0.29979564856628349, "rel_sante": 0.3568478372142469, "rel_services": 0.1061759201497193, "rel_commerce": 0.10407339298912753, "rel_loisirs": 0.3201807153420056, "rel_pc1": 0.20780847174998435, "q_revenu": 5, "q_population": 2 }, "geometry": { "type": "Polygon", "coordinates": [ [ [ -0.618759822288824, 44.845613321711305 ], [ -0.619100499659855, 44.847395555429834 ], [ -0.616594695865737, 44.847651220215752 ], [ -0.616254096060489, 44.845868977070388 ], [ -0.618759822288824, 44.845613321711305 ] ] ] } },
{ "type": "Feature", "properties": { "idcar_200m": "CRS3035RES200mN2474600E3483400", "population": 264.0, "median_education": 0.758, "median_healthcare": 1.571, "median_services": 0.223, "median_commerce": 0.856, "median_entertainment": 1.181, "PC1_pos": 0.67158718729412126, "nivvie": 36027.586363636365, "rel_education": 0.54560648646636956, "rel_sante": 0.4785385849454391, "rel_services": 0.24409515663285983, "rel_commerce": 0.10239864873413007, "rel_loisirs": 0.54762262826778962, "rel_pc1": 0.320823420701637, "q_revenu": 5, "q_population": 3 }, "geometry": { "type": "Polygon", "coordinates": [ [ [ -0.616254096060489, 44.845868977070388 ], [ -0.616594695865737, 44.847651220215752 ], [ -0.614088871563424, 44.847906825087215 ], [ -0.613748349326571, 44.846124572517105 ], [ -0.616254096060489, 44.845868977070388 ] ] ] } },
{ "type": "Feature", "properties": { "idcar_200m": "CRS3035RES200mN2474600E3483600", "population": 183.0, "median_education": 0.986, "median_healthcare": 2.364, "median_services": 0.387, "median_commerce": 1.548, "median_entertainment": 0.812, "PC1_pos": 0.8872066113396837, "nivvie": 30184.497267759562, "rel_education": 0.70972031089160992, "rel_sante": 0.72009243463463912, "rel_services": 0.42360908348393161, "rel_commerce": 0.18517886476686141, "rel_loisirs": 0.37651953780986042, "rel_pc1": 0.42382681698548935, "q_revenu": 4, "q_population": 2 }, "geometry": { "type": "Polygon", "coordinates": [ [ [ -0.613748349326571, 44.846124572517105 ], [ -0.614088871563424, 44.847906825087215 ], [ -0.611583026757345, 44.84816237004344 ], [ -0.611242582091498, 44.846380108050631 ], [ -0.613748349326571, 44.846124572517105 ] ] ] } },
{ "type": "Feature", "properties": { "idcar_200m": "CRS3035RES200mN2474600E3483800", "population": 470.5, "median_education": 1.086, "median_healthcare": 1.724, "median_services": 0.4455, "median_commerce": 1.6905, "median_entertainment": 0.433, "PC1_pos": 0.82052058013159224, "nivvie": 28927.087141339001, "rel_education": 0.78170005844653989, "rel_sante": 0.52514355216164044, "rel_services": 0.48764301470824684, "rel_commerce": 0.20222536879094266, "rel_loisirs": 0.20077950723112015, "rel_pc1": 0.39197028212306007, "q_revenu": 4, "q_population": 5 }, "geometry": { "type": "Polygon", "coordinates": [ [ [ -0.611242582091498, 44.846380108050631 ], [ -0.611583026757345, 44.84816237004344 ], [ -0.609077161451926, 44.848417855083568 ], [ -0.6087367943597, 44.846635583670228 ], [ -0.611242582091498, 44.846380108050631 ] ] ] } },
{ "type": "Feature", "properties": { "idcar_200m": "CRS3035RES200mN2474600E3484000", "population": 267.0, "median_education": 1.4665, "median_healthcare": 1.507, "median_services": 0.4485, "median_commerce": 1.547, "median_entertainment": 0.401, "PC1_pos": 0.83576152302297269, "nivvie": 35427.629213483146, "rel_education": 1.0555829978930487, "rel_sante": 0.45904369669813921, "rel_services": 0.49092680605308353, "rel_commerce": 0.18505924017721873, "rel_loisirs": 0.18594129884452468, "rel_pc1": 0.39925102172863797, "q_revenu": 5, "q_population": 3 }, "geometry": { "type": "Polygon", "coordinates": [ [ [ -0.6087367943597, 44.846635583670228 ], [ -0.609077161451926, 44.848417855083568 ], [ -0.606571275651591, 44.848673280206924 ], [ -0.6062309861356, 44.84689099937512 ], [ -0.6087367943597, 44.846635583670228 ] ] ] } },
{ "type": "Feature", "properties": { "idcar_200m": "CRS3035RES200mN2474600E3484200", "population": 274.5, "median_education": 1.8915, "median_healthcare": 1.384, "median_services": 0.226, "median_commerce": 1.7425, "median_entertainment": 0.6755, "PC1_pos": 0.79335374620691645, "nivvie": 34964.421129326045, "rel_education": 1.3614969250015012, "rel_sante": 0.42157695834785974, "rel_services": 0.2473789479776965, "rel_commerce": 0.20844584745236178, "rel_loisirs": 0.313225305160789, "rel_pc1": 0.37899243389390569, "q_revenu": 5, "q_population": 3 }, "geometry": { "type": "Polygon", "coordinates": [ [ [ -0.6062309861356, 44.84689099937512 ], [ -0.606571275651591, 44.848673280206924 ], [ -0.604065369360779, 44.848928645412634 ], [ -0.603725157423632, 44.847146355164483 ], [ -0.6062309861356, 44.84689099937512 ] ] ] } },
{ "type": "Feature", "properties": { "idcar_200m": "CRS3035RES200mN2474600E3484400", "population": 286.5, "median_education": 2.95, "median_healthcare": 1.626, "median_services": 0.1735, "median_commerce": 2.9095, "median_entertainment": 1.182, "PC1_pos": 1.0942322843774972, "nivvie": 29947.926003490404, "rel_education": 2.1234025528704357, "rel_sante": 0.4952920045329624, "rel_services": 0.18991259944305458, "rel_commerce": 0.34804774356536383, "rel_loisirs": 0.54808632227987064, "rel_pc1": 0.52272489880366135, "q_revenu": 4, "q_population": 3 }, "geometry": { "type": "Polygon", "coordinates": [ [ [ -0.603725157423632, 44.847146355164483 ], [ -0.604065369360779, 44.848928645412634 ], [ -0.601559442583907, 44.849183950699988 ], [ -0.601219308228215, 44.847401651037579 ], [ -0.603725157423632, 44.847146355164483 ] ] ] } },
{ "type": "Feature", "properties": { "idcar_200m": "CRS3035RES200mN2474600E3484600", "population": 302.5, "median_education": 2.55, "median_healthcare": 3.153, "median_services": 0.178, "median_commerce": 2.666, "median_entertainment": 0.978, "PC1_pos": 1.1953280176742929, "nivvie": 33227.980495867771, "rel_education": 1.8354835626507153, "rel_sante": 0.96042785380838291, "rel_services": 0.19483828646030962, "rel_commerce": 0.31891915598737242, "rel_loisirs": 0.45349274381532445, "rel_pc1": 0.57101926711240925, "q_revenu": 5, "q_population": 3 }, "geometry": { "type": "Polygon", "coordinates": [ [ [ -0.601219308228215, 44.847401651037579 ], [ -0.601559442583907, 44.849183950699988 ], [ -0.599053495325406, 44.849439196068104 ], [ -0.598713438553783, 44.847656886993548 ], [ -0.601219308228215, 44.847401651037579 ] ] ] } },
{ "type": "Feature", "properties": { "idcar_200m": "CRS3035RES200mN2474600E3484800", "population": 292.5, "median_education": 2.49, "median_healthcare": 4.314, "median_services": 0.389, "median_commerce": 2.64, "median_entertainment": 0.908, "PC1_pos": 1.3299947171578272, "nivvie": 33522.081025641026, "rel_education": 1.7922957141177576, "rel_sante": 1.3140773109195572, "rel_services": 0.42579827771382273, "rel_commerce": 0.31580891665666289, "rel_loisirs": 0.42103416296964685, "rel_pc1": 0.63535079695737284, "q_revenu": 5, "q_population": 3 }, "geometry": { "type": "Polygon", "coordinates": [ [ [ -0.598713438553783, 44.847656886993548 ], [ -0.599053495325406, 44.849439196068104 ], [ -0.596547527589714, 44.849694381516287 ], [ -0.596207548404766, 44.847912063031657 ], [ -0.598713438553783, 44.847656886993548 ] ] ] } },
{ "type": "Feature", "properties": { "idcar_200m": "CRS3035RES200mN2474600E3485000", "population": 256.0, "median_education": 2.622, "median_healthcare": 1.756, "median_services": 0.46, "median_commerce": 1.475, "median_entertainment": 1.271, "PC1_pos": 1.1903895582316846, "nivvie": 34529.8984375, "rel_education": 1.887308980890265, "rel_sante": 0.53489099628529035, "rel_services": 0.50351467287495744, "rel_commerce": 0.17644626972294611, "rel_loisirs": 0.58935508935508929, "rel_pc1": 0.56866011928864346, "q_revenu": 5, "q_population": 3 }, "geometry": { "type": "Polygon", "coordinates": [ [ [ -0.596207548404766, 44.847912063031657 ], [ -0.596547527589714, 44.849694381516287 ], [ -0.59404153938125, 44.849949507043704 ], [ -0.593701637785588, 44.848167179151126 ], [ -0.596207548404766, 44.847912063031657 ] ] ] } },
{ "type": "Feature", "properties": { "idcar_200m": "CRS3035RES200mN2474600E3485200", "population": 446.5, "median_education": 2.39, "median_healthcare": 1.846, "median_services": 0.354, "median_commerce": 3.133, "median_entertainment": 0.903, "PC1_pos": 1.0797794800117537, "nivvie": 31299.590369540874, "rel_education": 1.7203159665628274, "rel_sante": 0.56230568288305582, "rel_services": 0.38748737869072813, "rel_commerce": 0.3747838393505018, "rel_loisirs": 0.41871569290924132, "rel_pc1": 0.51582066027279927, "q_revenu": 4, "q_population": 5 }, "geometry": { "type": "Polygon", "coordinates": [ [ [ -0.593701637785588, 44.848167179151126 ], [ -0.59404153938125, 44.849949507043704 ], [ -0.591535530704447, 44.850204572649602 ], [ -0.591195706700677, 44.848422235351151 ], [ -0.593701637785588, 44.848167179151126 ] ] ] } },
{ "type": "Feature", "properties": { "idcar_200m": "CRS3035RES200mN2474600E3485400", "population": 439.0, "median_education": 2.064, "median_healthcare": 2.5855, "median_services": 0.2675, "median_commerce": 5.9355, "median_entertainment": 0.806, "PC1_pos": 1.2785008088325831, "nivvie": 31674.960820045559, "rel_education": 1.4856619895337555, "rel_sante": 0.78756302442802861, "rel_services": 0.29280472824793724, "rel_commerce": 0.71003175182409939, "rel_loisirs": 0.37373737373737376, "rel_pc1": 0.61075167993019486, "q_revenu": 5, "q_population": 4 }, "geometry": { "type": "Polygon", "coordinates": [ [ [ -0.591195706700677, 44.848422235351151 ], [ -0.591535530704447, 44.850204572649602 ], [ -0.589029501563738, 44.850459578333165 ], [ -0.588689755154472, 44.84867723163098 ], [ -0.591195706700677, 44.848422235351151 ] ] ] } },
{ "type": "Feature", "properties": { "idcar_200m": "CRS3035RES200mN2474600E3485600", "population": 331.5, "median_education": 2.004, "median_healthcare": 5.169, "median_services": 0.638, "median_commerce": 19.825, "median_entertainment": 1.349, "PC1_pos": 2.7431548503998116, "nivvie": 29901.385822021119, "rel_education": 1.4424741410007975, "rel_sante": 1.5745168335983288, "rel_services": 0.69835295933526709, "rel_commerce": 2.3715574896660381, "rel_loisirs": 0.62552322229741586, "rel_pc1": 1.3104304835912979, "q_revenu": 4, "q_population": 4 }, "geometry": { "type": "Polygon", "coordinates": [ [ [ -0.588689755154472, 44.84867723163098 ], [ -0.589029501563738, 44.850459578333165 ], [ -0.586523451963552, 44.850714524093618 ], [ -0.586183783151398, 44.84893216798978 ], [ -0.588689755154472, 44.84867723163098 ] ] ] } },
{ "type": "Feature", "properties": { "idcar_200m": "CRS3035RES200mN2474600E3485800", "population": 542.0, "median_education": 2.382, "median_healthcare": 8.752, "median_services": 1.271, "median_commerce": 41.919, "median_entertainment": 2.349, "PC1_pos": 4.9956872947765518, "nivvie": 29147.555166051661, "rel_education": 1.7145575867584331, "rel_sante": 2.6659259678182581, "rel_services": 1.3912329330958062, "rel_commerce": 5.0145431732313064, "rel_loisirs": 1.0892172343785249, "rel_pc1": 2.3864860988838434, "q_revenu": 4, "q_population": 5 }, "geometry": { "type": "Polygon", "coordinates": [ [ [ -0.586183783151398, 44.84893216798978 ], [ -0.586523451963552, 44.850714524093618 ], [ -0.584017381908318, 44.850969409930194 ], [ -0.583677790695881, 44.849187044426778 ], [ -0.586183783151398, 44.84893216798978 ] ] ] } },
{ "type": "Feature", "properties": { "idcar_200m": "CRS3035RES200mN2474600E3486000", "population": 366.0, "median_education": 2.4615, "median_healthcare": 6.5885, "median_services": 0.519, "median_commerce": 29.147, "median_entertainment": 4.999, "PC1_pos": 4.1695208806825876, "nivvie": 30129.60655737705, "rel_education": 1.7717814860646024, "rel_sante": 2.0069073627708627, "rel_services": 0.56809590265674548, "rel_commerce": 3.4866979143150574, "rel_loisirs": 2.3180063663934636, "rel_pc1": 1.9918187495760749, "q_revenu": 4, "q_population": 4 }, "geometry": { "type": "Polygon", "coordinates": [ [ [ -0.583677790695881, 44.849187044426778 ], [ -0.584017381908318, 44.850969409930194 ], [ -0.58151129140247, 44.851224235842061 ], [ -0.581171777792354, 44.849441860941205 ], [ -0.583677790695881, 44.849187044426778 ] ] ] } },
{ "type": "Feature", "properties": { "idcar_200m": "CRS3035RES200mN2474600E3486200", "population": 222.0, "median_education": 1.562, "median_healthcare": 4.222, "median_services": 0.42, "median_commerce": 20.0165, "median_entertainment": 4.134, "PC1_pos": 3.0445697910314271, "nivvie": 33144.527027027027, "rel_education": 1.1243236568080068, "rel_sante": 1.2860534090640634, "rel_services": 0.45973078827713504, "rel_commerce": 2.3944655985826109, "rel_loisirs": 1.9169110459433041, "rel_pc1": 1.4544191929257206, "q_revenu": 5, "q_population": 3 }, "geometry": { "type": "Polygon", "coordinates": [ [ [ -0.581171777792354, 44.849441860941205 ], [ -0.58151129140247, 44.851224235842061 ], [ -0.579005180450435, 44.851479001828508 ], [ -0.578665744445254, 44.849696617532288 ], [ -0.581171777792354, 44.849441860941205 ] ] ] } },
{ "type": "Feature", "properties": { "idcar_200m": "CRS3035RES200mN2474600E3486400", "population": 424.5, "median_education": 1.283, "median_healthcare": 3.4725, "median_services": 0.677, "median_commerce": 19.08, "median_entertainment": 3.0485, "PC1_pos": 2.8466788349932353, "nivvie": 31767.048056537104, "rel_education": 0.92350016112975208, "rel_sante": 1.0577499912304502, "rel_services": 0.74104224681814401, "rel_commerce": 2.282437170382245, "rel_loisirs": 1.4135711958292603, "rel_pc1": 1.3598848500388523, "q_revenu": 5, "q_population": 4 }, "geometry": { "type": "Polygon", "coordinates": [ [ [ -0.578665744445254, 44.849696617532288 ], [ -0.579005180450435, 44.851479001828508 ], [ -0.576499049056648, 44.851733707888663 ], [ -0.576159690659002, 44.849951314199217 ], [ -0.578665744445254, 44.849696617532288 ] ] ] } },
{ "type": "Feature", "properties": { "idcar_200m": "CRS3035RES200mN2474600E3486600", "population": 481.0, "median_education": 1.2505, "median_healthcare": 4.0175, "median_services": 0.748, "median_commerce": 32.355, "median_entertainment": 2.9415, "PC1_pos": 3.9811301368522973, "nivvie": 30589.477754677755, "rel_education": 0.90010674317439998, "rel_sante": 1.2237611489613633, "rel_services": 0.81875864197927861, "rel_commerce": 3.8704535978887606, "rel_loisirs": 1.3639559365365816, "rel_pc1": 1.9018227460673156, "q_revenu": 4, "q_population": 5 }, "geometry": { "type": "Polygon", "coordinates": [ [ [ -0.576159690659002, 44.849951314199217 ], [ -0.576499049056648, 44.851733707888663 ], [ -0.573992897225542, 44.851988354021856 ], [ -0.573653616438038, 44.850205950941223 ], [ -0.576159690659002, 44.849951314199217 ] ] ] } },
{ "type": "Feature", "properties": { "idcar_200m": "CRS3035RES200mN2474600E3486800", "population": 536.0, "median_education": 1.816, "median_healthcare": 3.658, "median_services": 0.9445, "median_commerce": 44.166, "median_entertainment": 2.6415, "PC1_pos": 5.005531681807498, "nivvie": 28114.824626865673, "rel_education": 1.307152215597529, "rel_sante": 1.1142547063847335, "rel_services": 1.033846975066081, "rel_commerce": 5.2833396261583978, "rel_loisirs": 1.2248477329122489, "rel_pc1": 2.3911888537632273, "q_revenu": 3, "q_population": 5 }, "geometry": { "type": "Polygon", "coordinates": [ [ [ -0.573653616438038, 44.850205950941223 ], [ -0.573992897225542, 44.851988354021856 ], [ -0.571486724961546, 44.852242940227192 ], [ -0.571147521786788, 44.850460527757512 ], [ -0.573653616438038, 44.850205950941223 ] ] ] } },
{ "type": "Feature", "properties": { "idcar_200m": "CRS3035RES200mN2474600E3487000", "population": 550.5, "median_education": 1.3755, "median_healthcare": 2.471, "median_services": 0.878, "median_commerce": 24.11, "median_entertainment": 2.3805, "PC1_pos": 3.4562054992717535, "nivvie": 29302.374386920979, "rel_education": 0.99008142761806228, "rel_sante": 0.75268545092309358, "rel_services": 0.96105626692220136, "rel_commerce": 2.8841488562849018, "rel_loisirs": 1.1038235957590796, "rel_pc1": 1.6510613839905806, "q_revenu": 4, "q_population": 5 }, "geometry": { "type": "Polygon", "coordinates": [ [ [ -0.571147521786788, 44.850460527757512 ], [ -0.571486724961546, 44.852242940227192 ], [ -0.568980532269094, 44.852497466503984 ], [ -0.568641406709688, 44.850715044647359 ], [ -0.571147521786788, 44.850460527757512 ] ] ] } },
{ "type": "Feature", "properties": { "idcar_200m": "CRS3035RES200mN2474600E3487200", "population": 42.0, "median_education": 0.846, "median_healthcare": 2.1965, "median_services": 0.729, "median_commerce": 16.973, "median_entertainment": 1.8455, "PC1_pos": 2.2912461722379245, "nivvie": 34314.983333333337, "rel_education": 0.60894866431470795, "rel_sante": 0.66907065679990896, "rel_services": 0.79796129679531302, "rel_commerce": 2.0303881600051281, "rel_loisirs": 0.85574729929568638, "rel_pc1": 1.0945495217212546, "q_revenu": 5, "q_population": 1 }, "geometry": { "type": "Polygon", "coordinates": [ [ [ -0.568641406709688, 44.850715044647359 ], [ -0.568980532269094, 44.852497466503984 ], [ -0.566474319152621, 44.852751932851362 ], [ -0.566135271211166, 44.85096950160986 ], [ -0.568641406709688, 44.850715044647359 ] ] ] } },
{ "type": "Feature", "properties": { "idcar_200m": "CRS3035RES200mN2474600E3489200", "population": 21.0, "median_education": 0.103, "median_healthcare": 0.371, "median_services": 0.32, "median_commerce": 0.969, "median_entertainment": 0.888, "PC1_pos": 0.50420833499712092, "nivvie": 25741.442857142858, "rel_education": 0.074139139981577909, "rel_sante": 0.11300943030856646, "rel_services": 0.35027107678257913, "rel_commerce": 0.11591622736375239, "rel_loisirs": 0.41176028272802467, "rel_pc1": 0.2408649924245945, "q_revenu": 3, "q_population": 1 }, "geometry": { "type": "Polygon", "coordinates": [ [ [ -0.543579133492136, 44.853256917416211 ], [ -0.543917482754931, 44.855039433026739 ], [ -0.541411065642112, 44.855293300037332 ], [ -0.541072794023279, 44.853510775062958 ], [ -0.543579133492136, 44.853256917416211 ] ] ] } },
{ "type": "Feature", "properties": { "idcar_200m": "CRS3035RES200mN2474600E3489400", "population": 168.0, "median_education": 0.07, "median_healthcare": 0.299, "median_services": 0.573, "median_commerce": 1.165, "median_entertainment": 0.445, "PC1_pos": 0.60743087789530104, "nivvie": 24167.96369047619, "rel_education": 0.050385823288451016, "rel_sante": 0.091077681030354102, "rel_services": 0.62720414686380566, "rel_commerce": 0.13936264693371675, "rel_loisirs": 0.20634383537609344, "rel_pc1": 0.29017535738188843, "q_revenu": 2, "q_population": 2 }, "geometry": { "type": "Polygon", "coordinates": [ [ [ -0.541072794023279, 44.853510775062958 ], [ -0.541411065642112, 44.855293300037332 ], [ -0.538904628154059, 44.855547107109956 ], [ -0.538566434181781, 44.853764572773819 ], [ -0.541072794023279, 44.853510775062958 ] ] ] } },
{ "type": "Feature", "properties": { "idcar_200m": "CRS3035RES200mN2474800E3482000", "population": 166.0, "median_education": 0.0665, "median_healthcare": 0.249, "median_services": 0.0, "median_commerce": 0.0225, "median_entertainment": 0.857, "PC1_pos": 0.20490360348482595, "nivvie": 29611.312650602413, "rel_education": 0.047866532124028464, "rel_sante": 0.075847299587151071, "rel_services": 0.0, "rel_commerce": 0.0026915532669601946, "rel_loisirs": 0.3973857683535103, "rel_pc1": 0.097884349534655218, "q_revenu": 4, "q_population": 2 }, "geometry": { "type": "Polygon", "coordinates": [ [ [ -0.634134891504604, 44.845860308554457 ], [ -0.634476062704065, 44.847642481767998 ], [ -0.63197030449579, 44.847898515464465 ], [ -0.631629210852605, 44.846116332810709 ], [ -0.634134891504604, 44.845860308554457 ] ] ] } },
{ "type": "Feature", "properties": { "idcar_200m": "CRS3035RES200mN2474800E3482200", "population": 330.0, "median_education": 0.168, "median_healthcare": 0.398, "median_services": 0.0, "median_commerce": 0.098, "median_entertainment": 1.591, "PC1_pos": 0.33867974730232309, "nivvie": 25868.155454545456, "rel_education": 0.12092597589228243, "rel_sante": 0.12123383628789611, "rel_services": 0.0, "rel_commerce": 0.011723209784982182, "rel_loisirs": 0.73773717322104415, "rel_pc1": 0.16179045268817985, "q_revenu": 3, "q_population": 4 }, "geometry": { "type": "Polygon", "coordinates": [ [ [ -0.631629210852605, 44.846116332810709 ], [ -0.63197030449579, 44.847898515464465 ], [ -0.62946452575014, 44.848154489249083 ], [ -0.629123509665851, 44.846372297157174 ], [ -0.631629210852605, 44.846116332810709 ] ] ] } },
{ "type": "Feature", "properties": { "idcar_200m": "CRS3035RES200mN2474800E3482400", "population": 367.5, "median_education": 0.1995, "median_healthcare": 0.283, "median_services": 0.0, "median_commerce": 0.2655, "median_entertainment": 1.15, "PC1_pos": 0.27742341532078751, "nivvie": 21476.225034013605, "rel_education": 0.14359959637208539, "rel_sante": 0.086203958968529129, "rel_services": 0.0, "rel_commerce": 0.0317603285501303, "rel_loisirs": 0.5332481138932752, "rel_pc1": 0.13252773544496876, "q_revenu": 1, "q_population": 4 }, "geometry": { "type": "Polygon", "coordinates": [ [ [ -0.629123509665851, 44.846372297157174 ], [ -0.62946452575014, 44.848154489249083 ], [ -0.626958726471553, 44.848410403121079 ], [ -0.626617787948778, 44.846628201593099 ], [ -0.629123509665851, 44.846372297157174 ] ] ] } },
{ "type": "Feature", "properties": { "idcar_200m": "CRS3035RES200mN2474800E3482600", "population": 260.0, "median_education": 0.103, "median_healthcare": 0.2735, "median_services": 0.0, "median_commerce": 0.786, "median_entertainment": 0.3905, "PC1_pos": 0.16829336172611753, "nivvie": 27517.288846153846, "rel_education": 0.074139139981577909, "rel_sante": 0.083310186494320565, "rel_services": 0.0, "rel_commerce": 0.094024927459142815, "rel_loisirs": 0.18107251171767302, "rel_pc1": 0.080395297903003343, "q_revenu": 3, "q_population": 3 }, "geometry": { "type": "Polygon", "coordinates": [ [ [ -0.626617787948778, 44.846628201593099 ], [ -0.626958726471553, 44.848410403121079 ], [ -0.624452906664451, 44.848666257079643 ], [ -0.624112045705807, 44.846884046117736 ], [ -0.626617787948778, 44.846628201593099 ] ] ] } },
{ "type": "Feature", "properties": { "idcar_200m": "CRS3035RES200mN2474800E3482800", "population": 286.5, "median_education": 0.145, "median_healthcare": 0.598, "median_services": 0.012, "median_commerce": 1.3235, "median_entertainment": 0.317, "PC1_pos": 0.22964731151988116, "nivvie": 28165.360209424085, "rel_education": 0.10437063395464852, "rel_sante": 0.1821553620607082, "rel_services": 0.013135165379346716, "rel_commerce": 0.15832314439208081, "rel_loisirs": 0.1469910018297115, "rel_pc1": 0.10970464807941051, "q_revenu": 4, "q_population": 3 }, "geometry": { "type": "Polygon", "coordinates": [ [ [ -0.624112045705807, 44.846884046117736 ], [ -0.624452906664451, 44.848666257079643 ], [ -0.621947066333254, 44.848922051124028 ], [ -0.621606282941355, 44.847139830730214 ], [ -0.624112045705807, 44.846884046117736 ] ] ] } },
{ "type": "Feature", "properties": { "idcar_200m": "CRS3035RES200mN2474800E3483000", "population": 456.5, "median_education": 0.159, "median_healthcare": 0.609, "median_services": 0.029, "median_commerce": 0.788, "median_entertainment": 0.34, "PC1_pos": 0.21639492819198303, "nivvie": 26397.591456736034, "rel_education": 0.11444779861233872, "rel_sante": 0.18550604597821288, "rel_services": 0.031743316333421236, "rel_commerce": 0.094264176638428163, "rel_loisirs": 0.15765596410757701, "rel_pc1": 0.10337386179857636, "q_revenu": 3, "q_population": 5 }, "geometry": { "type": "Polygon", "coordinates": [ [ [ -0.621606282941355, 44.847139830730214 ], [ -0.621947066333254, 44.848922051124028 ], [ -0.619441205482396, 44.849177785253389 ], [ -0.619100499659855, 44.847395555429834 ], [ -0.621606282941355, 44.847139830730214 ] ] ] } },
{ "type": "Feature", "properties": { "idcar_200m": "CRS3035RES200mN2474800E3483200", "population": 267.5, "median_education": 0.277, "median_healthcare": 1.26, "median_services": 0.108, "median_commerce": 0.886, "median_entertainment": 0.5695, "PC1_pos": 0.43111209326655686, "nivvie": 28069.557383177569, "rel_education": 0.19938390072715617, "rel_sante": 0.38380561236871624, "rel_services": 0.11821648841412044, "rel_commerce": 0.10598738642341034, "rel_loisirs": 0.26407373988019145, "rel_pc1": 0.20594624061379951, "q_revenu": 3, "q_population": 3 }, "geometry": { "type": "Polygon", "coordinates": [ [ [ -0.619100499659855, 44.847395555429834 ], [ -0.619441205482396, 44.849177785253389 ], [ -0.616935324116305, 44.849433459466972 ], [ -0.616594695865737, 44.847651220215752 ], [ -0.619100499659855, 44.847395555429834 ] ] ] } },
{ "type": "Feature", "properties": { "idcar_200m": "CRS3035RES200mN2474800E3483400", "population": 334.5, "median_education": 0.4025, "median_healthcare": 2.2055, "median_services": 0.3275, "median_commerce": 1.5435, "median_entertainment": 1.2535, "PC1_pos": 0.85133041283981759, "nivvie": 27152.090582959645, "rel_education": 0.28971848390859334, "rel_sante": 0.67181212545968549, "rel_services": 0.35848055514467081, "rel_commerce": 0.18464055411346936, "rel_loisirs": 0.58124044414366993, "rel_pc1": 0.40668842461848725, "q_revenu": 3, "q_population": 4 }, "geometry": { "type": "Polygon", "coordinates": [ [ [ -0.616594695865737, 44.847651220215752 ], [ -0.616935324116305, 44.849433459466972 ], [ -0.614429422239403, 44.84968907376399 ], [ -0.614088871563424, 44.847906825087215 ], [ -0.616594695865737, 44.847651220215752 ] ] ] } },
{ "type": "Feature", "properties": { "idcar_200m": "CRS3035RES200mN2474800E3483600", "population": 183.5, "median_education": 0.5425, "median_healthcare": 3.0765, "median_services": 0.5335, "median_commerce": 1.787, "median_entertainment": 1.192, "PC1_pos": 1.0348279499250521, "nivvie": 24774.326430517714, "rel_education": 0.3904901304854953, "rel_sante": 0.9371253702002823, "rel_services": 0.58396756082345624, "rel_commerce": 0.2137691416914608, "rel_loisirs": 0.5527232624006817, "rel_pc1": 0.49434689793630565, "q_revenu": 2, "q_population": 2 }, "geometry": { "type": "Polygon", "coordinates": [ [ [ -0.614088871563424, 44.847906825087215 ], [ -0.614429422239403, 44.84968907376399 ], [ -0.611923499856121, 44.849944628143653 ], [ -0.611583026757345, 44.84816237004344 ], [ -0.614088871563424, 44.847906825087215 ] ] ] } },
{ "type": "Feature", "properties": { "idcar_200m": "CRS3035RES200mN2474800E3483800", "population": 313.5, "median_education": 0.6975, "median_healthcare": 2.1785, "median_services": 0.574, "median_commerce": 1.576, "median_entertainment": 0.5985, "PC1_pos": 0.93170165659589843, "nivvie": 31776.654226475279, "rel_education": 0.50205873919563682, "rel_sante": 0.66358771948035589, "rel_services": 0.62829874397875118, "rel_commerce": 0.18852835327685633, "rel_loisirs": 0.27752086623054367, "rel_pc1": 0.44508251228975548, "q_revenu": 5, "q_population": 4 }, "geometry": { "type": "Polygon", "coordinates": [ [ [ -0.611583026757345, 44.84816237004344 ], [ -0.611923499856121, 44.849944628143653 ], [ -0.609417556970886, 44.85020012260518 ], [ -0.609077161451926, 44.848417855083568 ], [ -0.611583026757345, 44.84816237004344 ] ] ] } },
{ "type": "Feature", "properties": { "idcar_200m": "CRS3035RES200mN2474800E3484000", "population": 85.5, "median_education": 1.5875, "median_healthcare": 1.884, "median_services": 0.92, "median_commerce": 1.598, "median_entertainment": 0.463, "PC1_pos": 1.1691394465686398, "nivvie": 33805.715789473688, "rel_education": 1.1426784924345139, "rel_sante": 0.57388077277989002, "rel_services": 1.0070293457499149, "rel_commerce": 0.19116009424899519, "rel_loisirs": 0.21469032759355341, "rel_pc1": 0.55850874409416107, "q_revenu": 5, "q_population": 1 }, "geometry": { "type": "Polygon", "coordinates": [ [ [ -0.609077161451926, 44.848417855083568 ], [ -0.609417556970886, 44.85020012260518 ], [ -0.606911593588127, 44.850455557147775 ], [ -0.606571275651591, 44.848673280206924 ], [ -0.609077161451926, 44.848417855083568 ] ] ] } },
{ "type": "Feature", "properties": { "idcar_200m": "CRS3035RES200mN2474800E3484200", "population": 223.5, "median_education": 1.968, "median_healthcare": 1.758, "median_services": 0.554, "median_commerce": 2.838, "median_entertainment": 1.428, "PC1_pos": 1.2601026562585338, "nivvie": 29743.061297539152, "rel_education": 1.4165614318810227, "rel_sante": 0.53550021154301841, "rel_services": 0.60640680167984007, "rel_commerce": 0.3394945854059126, "rel_loisirs": 0.66215504925182345, "rel_pc1": 0.60196271201200247, "q_revenu": 4, "q_population": 3 }, "geometry": { "type": "Polygon", "coordinates": [ [ [ -0.606571275651591, 44.848673280206924 ], [ -0.606911593588127, 44.850455557147775 ], [ -0.604405609712269, 44.850710931770642 ], [ -0.604065369360779, 44.848928645412634 ], [ -0.606571275651591, 44.848673280206924 ] ] ] } },
{ "type": "Feature", "properties": { "idcar_200m": "CRS3035RES200mN2474800E3484400", "population": 233.5, "median_education": 1.274, "median_healthcare": 1.103, "median_services": 0.209, "median_commerce": 1.957, "median_entertainment": 1.712, "PC1_pos": 0.92085800130737638, "nivvie": 31310.22698072805, "rel_education": 0.91702198384980838, "rel_sante": 0.3359822146370588, "rel_services": 0.22877079702362196, "rel_commerce": 0.23410532193071562, "rel_loisirs": 0.79384414868285835, "rel_pc1": 0.43990239770688233, "q_revenu": 4, "q_population": 3 }, "geometry": { "type": "Polygon", "coordinates": [ [ [ -0.604065369360779, 44.848928645412634 ], [ -0.604405609712269, 44.850710931770642 ], [ -0.601899605347747, 44.850966246473035 ], [ -0.601559442583907, 44.849183950699988 ], [ -0.604065369360779, 44.848928645412634 ] ] ] } },
{ "type": "Feature", "properties": { "idcar_200m": "CRS3035RES200mN2474800E3484600", "population": 248.5, "median_education": 1.441, "median_healthcare": 1.146, "median_services": 0.129, "median_commerce": 1.975, "median_entertainment": 1.338, "PC1_pos": 0.79924924795968266, "nivvie": 33928.609657947687, "rel_education": 1.0372281622665416, "rel_sante": 0.34908034267821336, "rel_services": 0.1412030278279772, "rel_commerce": 0.23625856454428379, "rel_loisirs": 0.62042258816452367, "rel_pc1": 0.38180876969491406, "q_revenu": 5, "q_population": 3 }, "geometry": { "type": "Polygon", "coordinates": [ [ [ -0.601559442583907, 44.849183950699988 ], [ -0.601899605347747, 44.850966246473035 ], [ -0.599393580498985, 44.851221501254152 ], [ -0.599053495325406, 44.849439196068104 ], [ -0.601559442583907, 44.849183950699988 ] ] ] } },
{ "type": "Feature", "properties": { "idcar_200m": "CRS3035RES200mN2474800E3484800", "population": 345.0, "median_education": 2.022, "median_healthcare": 1.333, "median_services": 0.123, "median_commerce": 1.0585, "median_entertainment": 0.6425, "PC1_pos": 0.69975769821815259, "nivvie": 33796.529565217388, "rel_education": 1.4554304955606852, "rel_sante": 0.40604196927579267, "rel_services": 0.13463544513830383, "rel_commerce": 0.12662262813677183, "rel_loisirs": 0.29792340276211249, "rel_pc1": 0.3342807347310699, "q_revenu": 5, "q_population": 4 }, "geometry": { "type": "Polygon", "coordinates": [ [ [ -0.599053495325406, 44.849439196068104 ], [ -0.599393580498985, 44.851221501254152 ], [ -0.59688753517042, 44.851476696113188 ], [ -0.596547527589714, 44.849694381516287 ], [ -0.599053495325406, 44.849439196068104 ] ] ] } },
{ "type": "Feature", "properties": { "idcar_200m": "CRS3035RES200mN2474800E3485000", "population": 196.5, "median_education": 3.469, "median_healthcare": 1.2435, "median_services": 0.505, "median_commerce": 1.4295, "median_entertainment": 0.7505, "PC1_pos": 1.2133405260788035, "nivvie": 34269.215267175568, "rel_education": 2.4969774426805227, "rel_sante": 0.3787795864924593, "rel_services": 0.55277154304750764, "rel_commerce": 0.17100335089420438, "rel_loisirs": 0.34800235606687219, "rel_pc1": 0.57962400923835045, "q_revenu": 5, "q_population": 2 }, "geometry": { "type": "Polygon", "coordinates": [ [ [ -0.596547527589714, 44.849694381516287 ], [ -0.59688753517042, 44.851476696113188 ], [ -0.594381469366477, 44.851731831049364 ], [ -0.59404153938125, 44.849949507043704 ], [ -0.596547527589714, 44.849694381516287 ] ] ] } },
{ "type": "Feature", "properties": { "idcar_200m": "CRS3035RES200mN2474800E3485200", "population": 239.0, "median_education": 2.1985, "median_healthcare": 1.0155, "median_services": 0.174, "median_commerce": 1.976, "median_entertainment": 0.62, "PC1_pos": 0.77120970609479267, "nivvie": 26588.407949790795, "rel_education": 1.5824747499951366, "rel_sante": 0.30932904711145343, "rel_services": 0.19045989800052737, "rel_commerce": 0.23637818913392644, "rel_loisirs": 0.28749028749028749, "rel_pc1": 0.36841402079828112, "q_revenu": 3, "q_population": 3 }, "geometry": { "type": "Polygon", "coordinates": [ [ [ -0.59404153938125, 44.849949507043704 ], [ -0.594381469366477, 44.851731831049364 ], [ -0.591875383091581, 44.851986906061924 ], [ -0.591535530704447, 44.850204572649602 ], [ -0.59404153938125, 44.849949507043704 ] ] ] } },
{ "type": "Feature", "properties": { "idcar_200m": "CRS3035RES200mN2474800E3485400", "population": 414.0, "median_education": 1.4075, "median_healthcare": 1.724, "median_services": 0.187, "median_commerce": 5.49, "median_entertainment": 0.575, "PC1_pos": 0.95537776207684399, "nivvie": 28588.524637681159, "rel_education": 1.01311494683564, "rel_sante": 0.52514355216164044, "rel_services": 0.20468966049481965, "rel_commerce": 0.65673899713828754, "rel_loisirs": 0.2666240569466376, "rel_pc1": 0.45639280720454389, "q_revenu": 4, "q_population": 4 }, "geometry": { "type": "Polygon", "coordinates": [ [ [ -0.591535530704447, 44.850204572649602 ], [ -0.591875383091581, 44.851986906061924 ], [ -0.589369276350175, 44.852241921150039 ], [ -0.589029501563738, 44.850459578333165 ], [ -0.591535530704447, 44.850204572649602 ] ] ] } },
{ "type": "Feature", "properties": { "idcar_200m": "CRS3035RES200mN2474800E3485600", "population": 341.5, "median_education": 1.7505, "median_healthcare": 4.03, "median_services": 0.51, "median_commerce": 13.9875, "median_entertainment": 1.023, "PC1_pos": 2.1118928300205893, "nivvie": 31531.02811127379, "rel_education": 1.26000548094905, "rel_sante": 1.2275687443221639, "rel_services": 0.5582445286222355, "rel_commerce": 1.6732489476269212, "rel_loisirs": 0.47435897435897445, "rel_pc1": 1.008870768682095, "q_revenu": 5, "q_population": 4 }, "geometry": { "type": "Polygon", "coordinates": [ [ [ -0.589029501563738, 44.850459578333165 ], [ -0.589369276350175, 44.852241921150039 ], [ -0.586863149146679, 44.852496876312962 ], [ -0.586523451963552, 44.850714524093618 ], [ -0.589029501563738, 44.850459578333165 ] ] ] } },
{ "type": "Feature", "properties": { "idcar_200m": "CRS3035RES200mN2474800E3485800", "population": 314.0, "median_education": 2.609, "median_healthcare": 6.439, "median_services": 0.563, "median_commerce": 17.504, "median_entertainment": 1.924, "PC1_pos": 2.8469552269732095, "nivvie": 28056.061146496813, "rel_education": 1.877951613708124, "rel_sante": 1.9613685222556858, "rel_services": 0.61625817571435004, "rel_commerce": 2.093908817105389, "rel_loisirs": 0.89214727924405346, "rel_pc1": 1.3600168850480772, "q_revenu": 3, "q_population": 4 }, "geometry": { "type": "Polygon", "coordinates": [ [ [ -0.586523451963552, 44.850714524093618 ], [ -0.586863149146679, 44.852496876312962 ], [ -0.584357001485526, 44.852751771549912 ], [ -0.584017381908318, 44.850969409930194 ], [ -0.586523451963552, 44.850714524093618 ] ] ] } },
{ "type": "Feature", "properties": { "idcar_200m": "CRS3035RES200mN2474800E3486000", "population": 545.5, "median_education": 2.007, "median_healthcare": 4.492, "median_services": 0.341, "median_commerce": 15.89, "median_entertainment": 2.962, "PC1_pos": 2.5494853530769599, "nivvie": 30498.038130155823, "rel_education": 1.4446335334274456, "rel_sante": 1.3682974688573599, "rel_services": 0.37325761619643588, "rel_commerce": 1.9008347294221111, "rel_loisirs": 1.3734616637842445, "rel_pc1": 1.217912770638754, "q_revenu": 4, "q_population": 5 }, "geometry": { "type": "Polygon", "coordinates": [ [ [ -0.584017381908318, 44.850969409930194 ], [ -0.584357001485526, 44.852751771549912 ], [ -0.581850833371151, 44.853006606860035 ], [ -0.58151129140247, 44.851224235842061 ], [ -0.584017381908318, 44.850969409930194 ] ] ] } },
{ "type": "Feature", "properties": { "idcar_200m": "CRS3035RES200mN2474800E3486200", "population": 474.5, "median_education": 1.533, "median_healthcare": 3.452, "median_services": 0.322, "median_commerce": 14.84, "median_entertainment": 3.226, "PC1_pos": 2.4188241174510181, "nivvie": 32284.789462592202, "rel_education": 1.103449530017077, "rel_sante": 1.051505534838737, "rel_services": 0.35246027101247024, "rel_commerce": 1.7752289102973018, "rel_loisirs": 1.4958768829736571, "rel_pc1": 1.1554946879836738, "q_revenu": 5, "q_population": 5 }, "geometry": { "type": "Polygon", "coordinates": [ [ [ -0.58151129140247, 44.851224235842061 ], [ -0.581850833371151, 44.853006606860035 ], [ -0.579344644807993, 44.85326138224265 ], [ -0.579005180450435, 44.851479001828508 ], [ -0.58151129140247, 44.851224235842061 ] ] ] } },
{ "type": "Feature", "properties": { "idcar_200m": "CRS3035RES200mN2474800E3486400", "population": 516.5, "median_education": 1.702, "median_healthcare": 2.879, "median_services": 0.581, "median_commerce": 16.146, "median_entertainment": 2.588, "PC1_pos": 2.5884350078365035, "nivvie": 30180.624975798648, "rel_education": 1.2250953033849088, "rel_sante": 0.87696536349963028, "rel_services": 0.6359609237833701, "rel_commerce": 1.931458624370636, "rel_loisirs": 1.2000401032659098, "rel_pc1": 1.2365193815323474, "q_revenu": 4, "q_population": 5 }, "geometry": { "type": "Polygon", "coordinates": [ [ [ -0.579005180450435, 44.851479001828508 ], [ -0.579344644807993, 44.85326138224265 ], [ -0.576838435800465, 44.853516097696883 ], [ -0.576499049056648, 44.851733707888663 ], [ -0.579005180450435, 44.851479001828508 ] ] ] } },
{ "type": "Feature", "properties": { "idcar_200m": "CRS3035RES200mN2474800E3486600", "population": 675.5, "median_education": 1.339, "median_healthcare": 4.965, "median_services": 0.993, "median_commerce": 38.193, "median_entertainment": 3.368, "PC1_pos": 4.6616438382167189, "nivvie": 26229.98297557365, "rel_education": 0.96380881976051291, "rel_sante": 1.5123768773100605, "rel_services": 1.0869349351409408, "rel_commerce": 4.5688219522226987, "rel_loisirs": 1.5617214326891746, "rel_pc1": 2.2269104452322055, "q_revenu": 3, "q_population": 5 }, "geometry": { "type": "Polygon", "coordinates": [ [ [ -0.576499049056648, 44.851733707888663 ], [ -0.576838435800465, 44.853516097696883 ], [ -0.574332206353019, 44.853770753222008 ], [ -0.573992897225542, 44.851988354021856 ], [ -0.576499049056648, 44.851733707888663 ] ] ] } },
{ "type": "Feature", "properties": { "idcar_200m": "CRS3035RES200mN2474800E3486800", "population": 516.0, "median_education": 1.508, "median_healthcare": 8.287, "median_services": 1.299, "median_commerce": 78.3595, "median_entertainment": 3.822, "PC1_pos": 7.8972855457604556, "nivvie": 27920.386821705426, "rel_education": 1.0854545931283446, "rel_sante": 2.5242834203964692, "rel_services": 1.4218816523142819, "rel_commerce": 9.3737230321052163, "rel_loisirs": 1.772238514173998, "rel_pc1": 3.7726064626942621, "q_revenu": 3, "q_population": 5 }, "geometry": { "type": "Polygon", "coordinates": [ [ [ -0.573992897225542, 44.851988354021856 ], [ -0.574332206353019, 44.853770753222008 ], [ -0.571825956470075, 44.854025348817217 ], [ -0.571486724961546, 44.852242940227192 ], [ -0.573992897225542, 44.851988354021856 ] ] ] } },
{ "type": "Feature", "properties": { "idcar_200m": "CRS3035RES200mN2474800E3487000", "population": 714.0, "median_education": 1.663, "median_healthcare": 5.716, "median_services": 1.724, "median_commerce": 45.083, "median_entertainment": 3.041, "PC1_pos": 5.5461239390696626, "nivvie": 27051.099579831935, "rel_education": 1.1970232018384861, "rel_sante": 1.7411372065869701, "rel_services": 1.8870854261661449, "rel_commerce": 5.3930353748607311, "rel_loisirs": 1.410093490738652, "rel_pc1": 2.6494347829008111, "q_revenu": 3, "q_population": 5 }, "geometry": { "type": "Polygon", "coordinates": [ [ [ -0.571486724961546, 44.852242940227192 ], [ -0.571825956470075, 44.854025348817217 ], [ -0.569319686156073, 44.854279884481727 ], [ -0.568980532269094, 44.852497466503984 ], [ -0.571486724961546, 44.852242940227192 ] ] ] } },
{ "type": "Feature", "properties": { "idcar_200m": "CRS3035RES200mN2474800E3487200", "population": 329.5, "median_education": 0.981, "median_healthcare": 2.642, "median_services": 0.634, "median_commerce": 12.586, "median_entertainment": 2.001, "PC1_pos": 2.2354664744303587, "nivvie": 33036.044916540217, "rel_education": 0.70612132351386347, "rel_sante": 0.80477335545884787, "rel_services": 0.69397457087548486, "rel_commerce": 1.5055950852427116, "rel_loisirs": 0.92785171817429879, "rel_pc1": 1.0679030433564292, "q_revenu": 5, "q_population": 4 }, "geometry": { "type": "Polygon", "coordinates": [ [ [ -0.568980532269094, 44.852497466503984 ], [ -0.569319686156073, 44.854279884481727 ], [ -0.566813395415445, 44.854534360214757 ], [ -0.566474319152621, 44.852751932851362 ], [ -0.568980532269094, 44.852497466503984 ] ] ] } },
{ "type": "Feature", "properties": { "idcar_200m": "CRS3035RES200mN2474800E3487400", "population": 64.5, "median_education": 0.904, "median_healthcare": 1.431, "median_services": 0.328, "median_commerce": 8.455, "median_entertainment": 1.528, "PC1_pos": 1.3481106255533333, "nivvie": 27815.22480620155, "rel_education": 0.65069691789656736, "rel_sante": 0.43589351690447065, "rel_services": 0.35902785370214357, "rel_commerce": 1.0114259054288199, "rel_loisirs": 0.7085244504599344, "rel_pc1": 0.64400493421687111, "q_revenu": 3, "q_population": 1 }, "geometry": { "type": "Polygon", "coordinates": [ [ [ -0.566474319152621, 44.852751932851362 ], [ -0.566813395415445, 44.854534360214757 ], [ -0.564307084252625, 44.854788776015539 ], [ -0.563968085616559, 44.853006339268582 ], [ -0.566474319152621, 44.852751932851362 ] ] ] } },
{ "type": "Feature", "properties": { "idcar_200m": "CRS3035RES200mN2474800E3488800", "population": 3.0, "median_education": 0.01, "median_healthcare": 0.7095, "median_services": 0.0215, "median_commerce": 0.95, "median_entertainment": 0.0575, "PC1_pos": 0.14937285194997663, "nivvie": 21476.7, "rel_education": 0.0071979747554930017, "rel_sante": 0.21611911267905096, "rel_services": 0.023533837971329533, "rel_commerce": 0.11364336016054155, "rel_loisirs": 0.026662405694663757, "rel_pc1": 0.071356795110450996, "q_revenu": 1, "q_population": 1 }, "geometry": { "type": "Polygon", "coordinates": [ [ [ -0.548930255837102, 44.854531519194765 ], [ -0.549268788657974, 44.856314012198922 ], [ -0.546762334663975, 44.856568008451958 ], [ -0.54642387948807, 44.854785506078983 ], [ -0.548930255837102, 44.854531519194765 ] ] ] } },
{ "type": "Feature", "properties": { "idcar_200m": "CRS3035RES200mN2474800E3489600", "population": 447.5, "median_education": 0.0, "median_healthcare": 0.046, "median_services": 0.09, "median_commerce": 0.149, "median_entertainment": 0.039, "PC1_pos": 0.10244101176090314, "nivvie": 18474.52782122905, "rel_education": 0.0, "rel_sante": 0.014011950927746784, "rel_services": 0.098513740345100367, "rel_commerce": 0.017824063856758623, "rel_loisirs": 0.018084066471163247, "rel_pc1": 0.048937020293206034, "q_revenu": 1, "q_population": 5 }, "geometry": { "type": "Polygon", "coordinates": [ [ [ -0.538904628154059, 44.855547107109956 ], [ -0.539242850379465, 44.857329637576882 ], [ -0.536736314865247, 44.857583394071156 ], [ -0.536398170295201, 44.855800854243803 ], [ -0.538904628154059, 44.855547107109956 ] ] ] } },
{ "type": "Feature", "properties": { "idcar_200m": "CRS3035RES200mN2475000E3482000", "population": 117.0, "median_education": 0.044, "median_healthcare": 0.1065, "median_services": 0.0, "median_commerce": 0.008, "median_entertainment": 0.2845, "PC1_pos": 0.069381984306315481, "nivvie": 30790.835042735045, "rel_education": 0.031671088924169206, "rel_sante": 0.03244071247402245, "rel_services": 0.0, "rel_commerce": 0.00095699671714140257, "rel_loisirs": 0.13192094643707547, "rel_pc1": 0.033144416631746949, "q_revenu": 4, "q_population": 2 }, "geometry": { "type": "Polygon", "coordinates": [ [ [ -0.634476062704065, 44.847642481767998 ], [ -0.63481726239549, 44.849424651081875 ], [ -0.632311426624744, 44.849680694219408 ], [ -0.63197030449579, 44.847898515464465 ], [ -0.634476062704065, 44.847642481767998 ] ] ] } },
{ "type": "Feature", "properties": { "idcar_200m": "CRS3035RES200mN2475000E3482200", "population": 95.0, "median_education": 0.0965, "median_healthcare": 0.162, "median_services": 0.0, "median_commerce": 0.054, "median_entertainment": 0.257, "PC1_pos": 0.083936154935587926, "nivvie": 34945.446315789472, "rel_education": 0.069460456390507463, "rel_sante": 0.049346435875977812, "rel_services": 0.0, "rel_commerce": 0.0064597278407044672, "rel_loisirs": 0.11916936110484498, "rel_pc1": 0.040097078765715805, "q_revenu": 5, "q_population": 1 }, "geometry": { "type": "Polygon", "coordinates": [ [ [ -0.63197030449579, 44.847898515464465 ], [ -0.632311426624744, 44.849680694219408 ], [ -0.629805570314007, 44.849936677443011 ], [ -0.62946452575014, 44.848154489249083 ], [ -0.63197030449579, 44.847898515464465 ] ] ] } },
{ "type": "Feature", "properties": { "idcar_200m": "CRS3035RES200mN2475000E3482400", "population": 95.0, "median_education": 0.133, "median_healthcare": 0.245, "median_services": 0.0, "median_commerce": 0.119, "median_entertainment": 0.631, "PC1_pos": 0.16857428316341561, "nivvie": 29578.127368421054, "rel_education": 0.095733064248056929, "rel_sante": 0.074628869071694831, "rel_services": 0.0, "rel_commerce": 0.014235326167478362, "rel_loisirs": 0.29259092162317968, "rel_pc1": 0.080529496675951218, "q_revenu": 4, "q_population": 1 }, "geometry": { "type": "Polygon", "coordinates": [ [ [ -0.62946452575014, 44.848154489249083 ], [ -0.629805570314007, 44.849936677443011 ], [ -0.62729969346772, 44.850192600751882 ], [ -0.626958726471553, 44.848410403121079 ], [ -0.62946452575014, 44.848154489249083 ] ] ] } },
{ "type": "Feature", "properties": { "idcar_200m": "CRS3035RES200mN2475000E3482600", "population": 146.5, "median_education": 0.1555, "median_healthcare": 0.5445, "median_services": 0.0, "median_commerce": 0.39, "median_entertainment": 0.7335, "PC1_pos": 0.25765432997502935, "nivvie": 27917.081911262798, "rel_education": 0.11192850744791617, "rel_sante": 0.16585885391648095, "rel_services": 0.0, "rel_commerce": 0.04665358996064338, "rel_loisirs": 0.34011955786149339, "rel_pc1": 0.12308386024192516, "q_revenu": 3, "q_population": 2 }, "geometry": { "type": "Polygon", "coordinates": [ [ [ -0.626958726471553, 44.848410403121079 ], [ -0.62729969346772, 44.850192600751882 ], [ -0.624793796090291, 44.850448464145217 ], [ -0.624452906664451, 44.848666257079643 ], [ -0.626958726471553, 44.848410403121079 ] ] ] } },
{ "type": "Feature", "properties": { "idcar_200m": "CRS3035RES200mN2475000E3482800", "population": 107.5, "median_education": 0.153, "median_healthcare": 0.796, "median_services": 0.013, "median_commerce": 0.718, "median_entertainment": 0.429, "PC1_pos": 0.2420080000019853, "nivvie": 29953.333023255811, "rel_education": 0.11012901375904292, "rel_sante": 0.24246767257579221, "rel_services": 0.014229762494292275, "rel_commerce": 0.085890455363440879, "rel_loisirs": 0.19892473118279569, "rel_pc1": 0.11560946347208303, "q_revenu": 4, "q_population": 1 }, "geometry": { "type": "Polygon", "coordinates": [ [ [ -0.624452906664451, 44.848666257079643 ], [ -0.624793796090291, 44.850448464145217 ], [ -0.622287878186159, 44.850704267622234 ], [ -0.621947066333254, 44.848922051124028 ], [ -0.624452906664451, 44.848666257079643 ] ] ] } },
{ "type": "Feature", "properties": { "idcar_200m": "CRS3035RES200mN2475000E3483000", "population": 96.0, "median_education": 0.263, "median_healthcare": 1.137, "median_services": 0.076, "median_commerce": 0.955, "median_entertainment": 0.681, "PC1_pos": 0.40370570776865833, "nivvie": 36011.048958333333, "rel_education": 0.18930673606946596, "rel_sante": 0.34633887401843683, "rel_services": 0.083189380735862531, "rel_commerce": 0.11424148310875493, "rel_loisirs": 0.31577562222723515, "rel_pc1": 0.19285395637900093, "q_revenu": 5, "q_population": 1 }, "geometry": { "type": "Polygon", "coordinates": [ [ [ -0.621947066333254, 44.848922051124028 ], [ -0.622287878186159, 44.850704267622234 ], [ -0.619781939759747, 44.850960011182195 ], [ -0.619441205482396, 44.849177785253389 ], [ -0.621947066333254, 44.848922051124028 ] ] ] } },
{ "type": "Feature", "properties": { "idcar_200m": "CRS3035RES200mN2475000E3483200", "population": 187.5, "median_education": 0.443, "median_healthcare": 1.7775, "median_services": 0.2635, "median_commerce": 1.4095, "median_entertainment": 1.5135, "PC1_pos": 0.77258680901194898, "nivvie": 33664.837866666661, "rel_education": 0.31887028166833997, "rel_sante": 0.54144006030586755, "rel_services": 0.28842633978815502, "rel_commerce": 0.16861085910135087, "rel_loisirs": 0.70180088728475831, "rel_pc1": 0.36907187561877042, "q_revenu": 5, "q_population": 2 }, "geometry": { "type": "Polygon", "coordinates": [ [ [ -0.619441205482396, 44.849177785253389 ], [ -0.619781939759747, 44.850960011182195 ], [ -0.617275980815488, 44.851215694824234 ], [ -0.616935324116305, 44.849433459466972 ], [ -0.619441205482396, 44.849177785253389 ] ] ] } },
{ "type": "Feature", "properties": { "idcar_200m": "CRS3035RES200mN2475000E3483400", "population": 244.0, "median_education": 0.634, "median_healthcare": 3.4485, "median_services": 0.6765, "median_commerce": 2.807, "median_entertainment": 3.0495, "PC1_pos": 1.7867310498155842, "nivvie": 27315.500819672132, "rel_education": 0.45635159949825632, "rel_sante": 1.0504394081377129, "rel_services": 0.74049494826067119, "rel_commerce": 0.33578622312698964, "rel_loisirs": 1.4140348898413415, "rel_pc1": 0.85353797410166943, "q_revenu": 3, "q_population": 3 }, "geometry": { "type": "Polygon", "coordinates": [ [ [ -0.616935324116305, 44.849433459466972 ], [ -0.617275980815488, 44.851215694824234 ], [ -0.614770001357804, 44.851471318547617 ], [ -0.614429422239403, 44.84968907376399 ], [ -0.616935324116305, 44.849433459466972 ] ] ] } },
{ "type": "Feature", "properties": { "idcar_200m": "CRS3035RES200mN2475000E3483600", "population": 376.5, "median_education": 0.395, "median_healthcare": 7.069, "median_services": 1.093, "median_commerce": 4.011, "median_entertainment": 2.853, "PC1_pos": 2.2938263104236389, "nivvie": 28077.560159362551, "rel_education": 0.28432000284197356, "rel_sante": 2.1532713284400438, "rel_services": 1.1963946466354967, "rel_commerce": 0.47981422905677074, "rel_loisirs": 1.3229190164674036, "rel_pc1": 1.0957820776340006, "q_revenu": 3, "q_population": 4 }, "geometry": { "type": "Polygon", "coordinates": [ [ [ -0.614429422239403, 44.84968907376399 ], [ -0.614770001357804, 44.851471318547617 ], [ -0.612264001391128, 44.851726882351535 ], [ -0.611923499856121, 44.849944628143653 ], [ -0.614429422239403, 44.84968907376399 ] ] ] } },
{ "type": "Feature", "properties": { "idcar_200m": "CRS3035RES200mN2475000E3483800", "population": 144.0, "median_education": 0.4605, "median_healthcare": 5.1455, "median_services": 1.7065, "median_commerce": 3.314, "median_entertainment": 1.1665, "PC1_pos": 2.0983641303658045, "nivvie": 35829.55625, "rel_education": 0.33146673749045275, "rel_sante": 1.5673585543200237, "rel_services": 1.8679299766545978, "rel_commerce": 0.39643589007582603, "rel_loisirs": 0.54089906509261354, "rel_pc1": 1.0024079835322166, "q_revenu": 5, "q_population": 2 }, "geometry": { "type": "Polygon", "coordinates": [ [ [ -0.611923499856121, 44.849944628143653 ], [ -0.612264001391128, 44.851726882351535 ], [ -0.609757980919879, 44.851982386235257 ], [ -0.609417556970886, 44.85020012260518 ], [ -0.611923499856121, 44.849944628143653 ] ] ] } },
{ "type": "Feature", "properties": { "idcar_200m": "CRS3035RES200mN2475000E3484000", "population": 348.5, "median_education": 1.229, "median_healthcare": 2.985, "median_services": 1.79, "median_commerce": 2.981, "median_entertainment": 0.84, "PC1_pos": 2.1278328142156488, "nivvie": 31162.460832137731, "rel_education": 0.88463109745008994, "rel_sante": 0.90925377215922065, "rel_services": 1.9593288357525518, "rel_commerce": 0.35660090172481512, "rel_loisirs": 0.38950297014813146, "rel_pc1": 1.0164854467940965, "q_revenu": 4, "q_population": 4 }, "geometry": { "type": "Polygon", "coordinates": [ [ [ -0.609417556970886, 44.85020012260518 ], [ -0.609757980919879, 44.851982386235257 ], [ -0.607251939948497, 44.852237830197915 ], [ -0.606911593588127, 44.850455557147775 ], [ -0.609417556970886, 44.85020012260518 ] ] ] } },
{ "type": "Feature", "properties": { "idcar_200m": "CRS3035RES200mN2475000E3484200", "population": 231.0, "median_education": 0.8975, "median_healthcare": 2.49, "median_services": 0.5215, "median_commerce": 2.764, "median_entertainment": 1.301, "PC1_pos": 1.1576864177453579, "nivvie": 33807.273593073594, "rel_education": 0.64601823430549687, "rel_sante": 0.75847299587151085, "rel_services": 0.57083239544410946, "rel_commerce": 0.33064236577235462, "rel_loisirs": 0.6032659097175227, "rel_pc1": 0.55303752612872581, "q_revenu": 5, "q_population": 3 }, "geometry": { "type": "Polygon", "coordinates": [ [ [ -0.606911593588127, 44.850455557147775 ], [ -0.607251939948497, 44.852237830197915 ], [ -0.604745878481406, 44.852493214238756 ], [ -0.604405609712269, 44.850710931770642 ], [ -0.606911593588127, 44.850455557147775 ] ] ] } },
{ "type": "Feature", "properties": { "idcar_200m": "CRS3035RES200mN2475000E3484600", "population": 53.0, "median_education": 1.307, "median_healthcare": 0.505, "median_services": 0.09, "median_commerce": 0.864, "median_entertainment": 1.313, "PC1_pos": 0.61452688467679684, "nivvie": 37643.786792452833, "rel_education": 0.94077530054293523, "rel_sante": 0.15382685257635056, "rel_services": 0.098513740345100367, "rel_commerce": 0.10335564545127147, "rel_loisirs": 0.6088302378624959, "rel_pc1": 0.29356518555614819, "q_revenu": 5, "q_population": 1 }, "geometry": { "type": "Polygon", "coordinates": [ [ [ -0.601899605347747, 44.850966246473035 ], [ -0.602239796523039, 44.852748538357034 ], [ -0.599733694077817, 44.853003802551889 ], [ -0.599393580498985, 44.851221501254152 ], [ -0.601899605347747, 44.850966246473035 ] ] ] } },
{ "type": "Feature", "properties": { "idcar_200m": "CRS3035RES200mN2475000E3484800", "population": 163.0, "median_education": 2.0995, "median_healthcare": 0.557, "median_services": 0.086, "median_commerce": 0.7455, "median_entertainment": 1.0855, "PC1_pos": 0.68415549355163563, "nivvie": 39094.009815950914, "rel_education": 1.5112147999157557, "rel_sante": 0.16966644927728175, "rel_services": 0.09413535188531813, "rel_commerce": 0.089180131578614458, "rel_loisirs": 0.5033398501140437, "rel_pc1": 0.32682741702891605, "q_revenu": 5, "q_population": 2 }, "geometry": { "type": "Polygon", "coordinates": [ [ [ -0.599393580498985, 44.851221501254152 ], [ -0.599733694077817, 44.853003802551889 ], [ -0.59722757115018, 44.853259006822611 ], [ -0.59688753517042, 44.851476696113188 ], [ -0.599393580498985, 44.851221501254152 ] ] ] } },
{ "type": "Feature", "properties": { "idcar_200m": "CRS3035RES200mN2475000E3485000", "population": 110.5, "median_education": 5.441, "median_healthcare": 0.6, "median_services": 0.151, "median_commerce": 0.893, "median_entertainment": 0.521, "PC1_pos": 1.0822696646843954, "nivvie": 40060.282352941176, "rel_education": 3.9164180644637421, "rel_sante": 0.18276457731843632, "rel_services": 0.16528416435677951, "rel_commerce": 0.10682475855090906, "rel_loisirs": 0.24158458029425772, "rel_pc1": 0.51701024455905487, "q_revenu": 5, "q_population": 1 }, "geometry": { "type": "Polygon", "coordinates": [ [ [ -0.59688753517042, 44.851476696113188 ], [ -0.59722757115018, 44.853259006822611 ], [ -0.594721427744559, 44.853514151168355 ], [ -0.594381469366477, 44.851731831049364 ], [ -0.59688753517042, 44.851476696113188 ] ] ] } },
{ "type": "Feature", "properties": { "idcar_200m": "CRS3035RES200mN2475000E3485200", "population": 263.5, "median_education": 3.733, "median_healthcare": 1.035, "median_services": 0.146, "median_commerce": 1.944, "median_entertainment": 0.541, "PC1_pos": 1.0038673846108468, "nivvie": 28904.469070208728, "rel_education": 2.6870039762255375, "rel_sante": 0.31526889587430262, "rel_services": 0.1598111787820517, "rel_commerce": 0.23255020226536083, "rel_loisirs": 0.2508584605358799, "rel_pc1": 0.47955674907867163, "q_revenu": 4, "q_population": 3 }, "geometry": { "type": "Polygon", "coordinates": [ [ [ -0.594381469366477, 44.851731831049364 ], [ -0.594721427744559, 44.853514151168355 ], [ -0.592215263865374, 44.853769235588395 ], [ -0.591875383091581, 44.851986906061924 ], [ -0.594381469366477, 44.851731831049364 ] ] ] } },
{ "type": "Feature", "properties": { "idcar_200m": "CRS3035RES200mN2475000E3485400", "population": 363.5, "median_education": 1.54, "median_healthcare": 1.65, "median_services": 0.149, "median_commerce": 4.014, "median_entertainment": 0.6395, "PC1_pos": 0.87402515500715117, "nivvie": 33281.060247592846, "rel_education": 1.1084881123459223, "rel_sante": 0.50260258762569987, "rel_services": 0.16309497012688839, "rel_commerce": 0.48017310282569881, "rel_loisirs": 0.2965323207258691, "rel_pc1": 0.41752991318738236, "q_revenu": 5, "q_population": 4 }, "geometry": { "type": "Polygon", "coordinates": [ [ [ -0.591875383091581, 44.851986906061924 ], [ -0.592215263865374, 44.853769235588395 ], [ -0.589709079517066, 44.854024260081893 ], [ -0.589369276350175, 44.852241921150039 ], [ -0.591875383091581, 44.851986906061924 ] ] ] } },
{ "type": "Feature", "properties": { "idcar_200m": "CRS3035RES200mN2475000E3485600", "population": 279.5, "median_education": 1.227, "median_healthcare": 3.6205, "median_services": 0.225, "median_commerce": 6.809, "median_entertainment": 1.3865, "PC1_pos": 1.3548240390108781, "nivvie": 30641.823255813953, "rel_education": 0.88319150249899125, "rel_sante": 1.1028319203023311, "rel_services": 0.24628435086275094, "rel_commerce": 0.81452383087697622, "rel_loisirs": 0.64291174775045734, "rel_pc1": 0.64721199401607887, "q_revenu": 4, "q_population": 3 }, "geometry": { "type": "Polygon", "coordinates": [ [ [ -0.589369276350175, 44.852241921150039 ], [ -0.589709079517066, 44.854024260081893 ], [ -0.587202874704068, 44.854279224648074 ], [ -0.586863149146679, 44.852496876312962 ], [ -0.589369276350175, 44.852241921150039 ] ] ] } },
{ "type": "Feature", "properties": { "idcar_200m": "CRS3035RES200mN2475000E3485800", "population": 387.0, "median_education": 0.771, "median_healthcare": 2.771, "median_services": 0.111, "median_commerce": 3.934, "median_entertainment": 1.738, "PC1_pos": 1.0437075657446173, "nivvie": 27082.65581395349, "rel_education": 0.55496385364851042, "rel_sante": 0.84406773958231174, "rel_services": 0.12150027975895712, "rel_commerce": 0.47060313565428474, "rel_loisirs": 0.80590019299696725, "rel_pc1": 0.49858877267073481, "q_revenu": 3, "q_population": 4 }, "geometry": { "type": "Polygon", "coordinates": [ [ [ -0.586863149146679, 44.852496876312962 ], [ -0.587202874704068, 44.854279224648074 ], [ -0.584696649430799, 44.854534129286144 ], [ -0.584357001485526, 44.852751771549912 ], [ -0.586863149146679, 44.852496876312962 ] ] ] } },
{ "type": "Feature", "properties": { "idcar_200m": "CRS3035RES200mN2475000E3486000", "population": 493.0, "median_education": 1.056, "median_healthcare": 3.3685, "median_services": 0.186, "median_commerce": 7.482, "median_entertainment": 2.16, "PC1_pos": 1.4799534835120582, "nivvie": 29934.723123732252, "rel_education": 0.76010613418006101, "rel_sante": 1.0260707978285879, "rel_services": 0.2035950633798741, "rel_commerce": 0.89503117970649682, "rel_loisirs": 1.0015790660951953, "rel_pc1": 0.70698748880642692, "q_revenu": 4, "q_population": 5 }, "geometry": { "type": "Polygon", "coordinates": [ [ [ -0.584357001485526, 44.852751771549912 ], [ -0.584696649430799, 44.854534129286144 ], [ -0.582190403701704, 44.854788973995362 ], [ -0.581850833371151, 44.853006606860035 ], [ -0.584357001485526, 44.852751771549912 ] ] ] } },
{ "type": "Feature", "properties": { "idcar_200m": "CRS3035RES200mN2475000E3486200", "population": 518.5, "median_education": 0.961, "median_healthcare": 2.9245, "median_services": 0.2195, "median_commerce": 8.347, "median_entertainment": 2.0505, "PC1_pos": 1.5807786644563382, "nivvie": 31406.382063645131, "rel_education": 0.69172537400287748, "rel_sante": 0.89082501061294506, "rel_services": 0.24026406673055034, "rel_commerce": 0.9985064497474111, "rel_loisirs": 0.9508045717723137, "rel_pc1": 0.75515261175008275, "q_revenu": 4, "q_population": 5 }, "geometry": { "type": "Polygon", "coordinates": [ [ [ -0.581850833371151, 44.853006606860035 ], [ -0.582190403701704, 44.854788973995362 ], [ -0.579684137521213, 44.855043758774933 ], [ -0.579344644807993, 44.85326138224265 ], [ -0.581850833371151, 44.853006606860035 ] ] ] } },
{ "type": "Feature", "properties": { "idcar_200m": "CRS3035RES200mN2475000E3486400", "population": 342.5, "median_education": 1.1675, "median_healthcare": 3.3205, "median_services": 0.512, "median_commerce": 16.522, "median_entertainment": 3.032, "PC1_pos": 2.5124093370183371, "nivvie": 31602.71474452555, "rel_education": 0.84036355270380791, "rel_sante": 1.011449631643113, "rel_services": 0.56043372285212656, "rel_commerce": 1.9764374700762815, "rel_loisirs": 1.4059202446299222, "rel_pc1": 1.2002012143092751, "q_revenu": 5, "q_population": 4 }, "geometry": { "type": "Polygon", "coordinates": [ [ [ -0.579344644807993, 44.85326138224265 ], [ -0.579684137521213, 44.855043758774933 ], [ -0.577177850893751, 44.85529848362404 ], [ -0.576838435800465, 44.853516097696883 ], [ -0.579344644807993, 44.85326138224265 ] ] ] } },
{ "type": "Feature", "properties": { "idcar_200m": "CRS3035RES200mN2475000E3486600", "population": 399.0, "median_education": 1.244, "median_healthcare": 4.377, "median_services": 1.067, "median_commerce": 25.119, "median_entertainment": 4.261, "PC1_pos": 3.9576964774786347, "nivvie": 30410.948370927319, "rel_education": 0.89542805958332938, "rel_sante": 1.333267591537993, "rel_services": 1.167935121646912, "rel_commerce": 3.0048500672343614, "rel_loisirs": 1.9758001854776048, "rel_pc1": 1.8906282699039059, "q_revenu": 4, "q_population": 4 }, "geometry": { "type": "Polygon", "coordinates": [ [ [ -0.576838435800465, 44.853516097696883 ], [ -0.577177850893751, 44.85529848362404 ], [ -0.574671543823761, 44.855553148541929 ], [ -0.574332206353019, 44.853770753222008 ], [ -0.576838435800465, 44.853516097696883 ] ] ] } },
{ "type": "Feature", "properties": { "idcar_200m": "CRS3035RES200mN2475000E3486800", "population": 464.0, "median_education": 1.6115, "median_healthcare": 8.0995, "median_services": 1.998, "median_commerce": 46.529, "median_entertainment": 5.138, "PC1_pos": 6.8090523881514615, "nivvie": 25457.064224137932, "rel_education": 1.1599536318476971, "rel_sante": 2.4671694899844581, "rel_services": 2.1870050356612283, "rel_commerce": 5.5660125314840396, "rel_loisirs": 2.3824598340727374, "rel_pc1": 3.2527474023215697, "q_revenu": 3, "q_population": 5 }, "geometry": { "type": "Polygon", "coordinates": [ [ [ -0.574332206353019, 44.853770753222008 ], [ -0.574671543823761, 44.855553148541929 ], [ -0.57216521631567, 44.855807753527806 ], [ -0.571825956470075, 44.854025348817217 ], [ -0.574332206353019, 44.853770753222008 ] ] ] } },
{ "type": "Feature", "properties": { "idcar_200m": "CRS3035RES200mN2475000E3487000", "population": 672.0, "median_education": 2.866, "median_healthcare": 9.3935, "median_services": 3.089, "median_commerce": 37.8595, "median_entertainment": 6.2465, "PC1_pos": 7.0103435884288494, "nivvie": 26420.834821428572, "rel_education": 2.0629395649242945, "rel_sante": 2.8613317617345526, "rel_services": 3.3812104880668339, "rel_commerce": 4.5289271515768661, "rel_loisirs": 2.8964646464646466, "rel_pc1": 3.3489060733800864, "q_revenu": 3, "q_population": 5 }, "geometry": { "type": "Polygon", "coordinates": [ [ [ -0.571825956470075, 44.854025348817217 ], [ -0.57216521631567, 44.855807753527806 ], [ -0.569658868373914, 44.856062298580881 ], [ -0.569319686156073, 44.854279884481727 ], [ -0.571825956470075, 44.854025348817217 ] ] ] } },
{ "type": "Feature", "properties": { "idcar_200m": "CRS3035RES200mN2475000E3487200", "population": 579.5, "median_education": 3.0, "median_healthcare": 2.899, "median_services": 0.822, "median_commerce": 12.2665, "median_entertainment": 3.9595, "PC1_pos": 3.1444597433282686, "nivvie": 22925.267471958585, "rel_education": 2.1593924266479005, "rel_sante": 0.88305751607691152, "rel_services": 0.89975882848525002, "rel_commerce": 1.467375028851877, "rel_loisirs": 1.8359964408351506, "rel_pc1": 1.5021375484808885, "q_revenu": 2, "q_population": 5 }, "geometry": { "type": "Polygon", "coordinates": [ [ [ -0.569319686156073, 44.854279884481727 ], [ -0.569658868373914, 44.856062298580881 ], [ -0.567152500002929, 44.856316783700365 ], [ -0.566813395415445, 44.854534360214757 ], [ -0.569319686156073, 44.854279884481727 ] ] ] } },
{ "type": "Feature", "properties": { "idcar_200m": "CRS3035RES200mN2475000E3487400", "population": 628.0, "median_education": 1.531, "median_healthcare": 1.0835, "median_services": 0.255, "median_commerce": 8.2635, "median_entertainment": 2.6025, "PC1_pos": 1.5842062552227674, "nivvie": 24882.588057324843, "rel_education": 1.1020099350659784, "rel_sante": 0.3300423658742096, "rel_services": 0.27912226431111775, "rel_commerce": 0.98851779651224758, "rel_loisirs": 1.2067636664410859, "rel_pc1": 0.75679000361111837, "q_revenu": 2, "q_population": 5 }, "geometry": { "type": "Polygon", "coordinates": [ [ [ -0.566813395415445, 44.854534360214757 ], [ -0.567152500002929, 44.856316783700365 ], [ -0.564646111207147, 44.856571208885512 ], [ -0.564307084252625, 44.854788776015539 ], [ -0.566813395415445, 44.854534360214757 ] ] ] } },
{ "type": "Feature", "properties": { "idcar_200m": "CRS3035RES200mN2475000E3487600", "population": 206.0, "median_education": 0.708, "median_healthcare": 0.498, "median_services": 0.097, "median_commerce": 5.265, "median_entertainment": 1.71, "PC1_pos": 0.90227144181035634, "nivvie": 24505.242233009711, "rel_education": 0.50961661268890446, "rel_sante": 0.15169459917430214, "rel_services": 0.1061759201497193, "rel_commerce": 0.62982346446868553, "rel_loisirs": 0.7929167606586961, "rel_pc1": 0.43102342605625588, "q_revenu": 2, "q_population": 2 }, "geometry": { "type": "Polygon", "coordinates": [ [ [ -0.564307084252625, 44.854788776015539 ], [ -0.564646111207147, 44.856571208885512 ], [ -0.562139701991001, 44.85682557413552 ], [ -0.561800752672042, 44.855043131883278 ], [ -0.564307084252625, 44.854788776015539 ] ] ] } },
{ "type": "Feature", "properties": { "idcar_200m": "CRS3035RES200mN2475000E3489600", "population": 191.0, "median_education": 0.0, "median_healthcare": 0.0595, "median_services": 0.032, "median_commerce": 0.085, "median_entertainment": 0.007, "PC1_pos": 0.034074873998382049, "nivvie": 19074.03664921466, "rel_education": 0.0, "rel_sante": 0.018124153917411602, "rel_services": 0.03502710767825791, "rel_commerce": 0.010168090119627403, "rel_loisirs": 0.003245858084567762, "rel_pc1": 0.016277882965850157, "q_revenu": 1, "q_population": 2 }, "geometry": { "type": "Polygon", "coordinates": [ [ [ -0.539242850379465, 44.857329637576882 ], [ -0.539581100861282, 44.85911216417481 ], [ -0.537074487685497, 44.859365930030343 ], [ -0.536736314865247, 44.857583394071156 ], [ -0.539242850379465, 44.857329637576882 ] ] ] } },
{ "type": "Feature", "properties": { "idcar_200m": "CRS3035RES200mN2475200E3482000", "population": 130.5, "median_education": 0.092, "median_healthcare": 0.224, "median_services": 0.0, "median_commerce": 0.0515, "median_entertainment": 0.347, "PC1_pos": 0.11095848851888634, "nivvie": 31575.501915708814, "rel_education": 0.066221367750535609, "rel_sante": 0.068232108865549562, "rel_services": 0.0, "rel_commerce": 0.0061606663665977786, "rel_loisirs": 0.16090182219214477, "rel_pc1": 0.053005897843197342, "q_revenu": 5, "q_population": 2 }, "geometry": { "type": "Polygon", "coordinates": [ [ [ -0.63481726239549, 44.849424651081875 ], [ -0.635158490582191, 44.85120681649645 ], [ -0.632652577242782, 44.851462869075853 ], [ -0.632311426624744, 44.849680694219408 ], [ -0.63481726239549, 44.849424651081875 ] ] ] } },
{ "type": "Feature", "properties": { "idcar_200m": "CRS3035RES200mN2475200E3482200", "population": 163.0, "median_education": 0.274, "median_healthcare": 0.525, "median_services": 0.0, "median_commerce": 0.128, "median_entertainment": 0.575, "PC1_pos": 0.19848805841651096, "nivvie": 27376.980981595094, "rel_education": 0.19722450830050825, "rel_sante": 0.1599190051536318, "rel_services": 0.0, "rel_commerce": 0.015311947474262441, "rel_loisirs": 0.2666240569466376, "rel_pc1": 0.094819584224323419, "q_revenu": 3, "q_population": 2 }, "geometry": { "type": "Polygon", "coordinates": [ [ [ -0.632311426624744, 44.849680694219408 ], [ -0.632652577242782, 44.851462869075853 ], [ -0.630146643360765, 44.851718861739236 ], [ -0.629805570314007, 44.849936677443011 ], [ -0.632311426624744, 44.849680694219408 ] ] ] } },
{ "type": "Feature", "properties": { "idcar_200m": "CRS3035RES200mN2475200E3482400", "population": 202.0, "median_education": 0.283, "median_healthcare": 0.512, "median_services": 0.0, "median_commerce": 0.204, "median_entertainment": 0.646, "PC1_pos": 0.22978648250902367, "nivvie": 29527.94306930693, "rel_education": 0.20370268558045193, "rel_sante": 0.15595910597839899, "rel_services": 0.0, "rel_commerce": 0.024403416287105763, "rel_loisirs": 0.29954633180439633, "rel_pc1": 0.10977113135015161, "q_revenu": 4, "q_population": 2 }, "geometry": { "type": "Polygon", "coordinates": [ [ [ -0.629805570314007, 44.849936677443011 ], [ -0.630146643360765, 44.851718861739236 ], [ -0.627640688940576, 44.851974794485741 ], [ -0.62729969346772, 44.850192600751882 ], [ -0.629805570314007, 44.849936677443011 ] ] ] } },
{ "type": "Feature", "properties": { "idcar_200m": "CRS3035RES200mN2475200E3482600", "population": 157.0, "median_education": 0.205, "median_healthcare": 0.863, "median_services": 0.0, "median_commerce": 0.411, "median_entertainment": 0.554, "PC1_pos": 0.2537310683031071, "nivvie": 26030.139490445858, "rel_education": 0.14755848248760653, "rel_sante": 0.26287638370968425, "rel_services": 0.0, "rel_commerce": 0.049165706343139555, "rel_loisirs": 0.25688648269293435, "rel_pc1": 0.12120968179762664, "q_revenu": 3, "q_population": 2 }, "geometry": { "type": "Polygon", "coordinates": [ [ [ -0.62729969346772, 44.850192600751882 ], [ -0.627640688940576, 44.851974794485741 ], [ -0.625134713986638, 44.85223066731465 ], [ -0.624793796090291, 44.850448464145217 ], [ -0.62729969346772, 44.850192600751882 ] ] ] } },
{ "type": "Feature", "properties": { "idcar_200m": "CRS3035RES200mN2475200E3482800", "population": 758.5, "median_education": 0.2155, "median_healthcare": 1.3225, "median_services": 0.023, "median_commerce": 0.7615, "median_entertainment": 0.4755, "PC1_pos": 0.30985419415105731, "nivvie": 23083.997626895187, "rel_education": 0.15511635598087417, "rel_sante": 0.40284358917272006, "rel_services": 0.025175733643747873, "rel_commerce": 0.091094125012897265, "rel_loisirs": 0.22048650274456724, "rel_pc1": 0.1480202189187321, "q_revenu": 2, "q_population": 5 }, "geometry": { "type": "Polygon", "coordinates": [ [ [ -0.624793796090291, 44.850448464145217 ], [ -0.625134713986638, 44.85223066731465 ], [ -0.622628718503375, 44.852486480225167 ], [ -0.622287878186159, 44.850704267622234 ], [ -0.624793796090291, 44.850448464145217 ] ] ] } },
{ "type": "Feature", "properties": { "idcar_200m": "CRS3035RES200mN2475200E3483000", "population": 162.5, "median_education": 0.406, "median_healthcare": 1.902, "median_services": 0.054, "median_commerce": 0.908, "median_entertainment": 0.719, "PC1_pos": 0.54636168608663027, "nivvie": 33165.236307692307, "rel_education": 0.2922377750730159, "rel_sante": 0.5793637100994431, "rel_services": 0.05910824420706022, "rel_commerce": 0.1086191273955492, "rel_loisirs": 0.33339599468631725, "rel_pc1": 0.26100203873285105, "q_revenu": 5, "q_population": 2 }, "geometry": { "type": "Polygon", "coordinates": [ [ [ -0.622287878186159, 44.850704267622234 ], [ -0.622628718503375, 44.852486480225167 ], [ -0.620122702495215, 44.852742233216482 ], [ -0.619781939759747, 44.850960011182195 ], [ -0.622287878186159, 44.850704267622234 ] ] ] } },
{ "type": "Feature", "properties": { "idcar_200m": "CRS3035RES200mN2475200E3483200", "population": 258.5, "median_education": 0.751, "median_healthcare": 4.447, "median_services": 0.304, "median_commerce": 2.683, "median_entertainment": 2.189, "PC1_pos": 1.2757977543154915, "nivvie": 30498.24487427466, "rel_education": 0.54056790413752442, "rel_sante": 1.3545901255584774, "rel_services": 0.33275752294345012, "rel_commerce": 0.32095277401129785, "rel_loisirs": 1.0150261924455473, "rel_pc1": 0.60946040574729932, "q_revenu": 4, "q_population": 3 }, "geometry": { "type": "Polygon", "coordinates": [ [ [ -0.619781939759747, 44.850960011182195 ], [ -0.620122702495215, 44.852742233216482 ], [ -0.617616665966597, 44.852997926287806 ], [ -0.617275980815488, 44.851215694824234 ], [ -0.619781939759747, 44.850960011182195 ] ] ] } },
{ "type": "Feature", "properties": { "idcar_200m": "CRS3035RES200mN2475200E3483400", "population": 258.5, "median_education": 0.81, "median_healthcare": 6.648, "median_services": 0.999, "median_commerce": 5.461, "median_entertainment": 4.375, "PC1_pos": 2.6597788222943355, "nivvie": 29873.453771760152, "rel_education": 0.58303595519493312, "rel_sante": 2.0250315166882742, "rel_services": 1.0935025178306141, "rel_commerce": 0.65326988403864994, "rel_loisirs": 2.0286613028548515, "rel_pc1": 1.2706009826011309, "q_revenu": 4, "q_population": 3 }, "geometry": { "type": "Polygon", "coordinates": [ [ [ -0.617275980815488, 44.851215694824234 ], [ -0.617616665966597, 44.852997926287806 ], [ -0.615110608921932, 44.853253559438365 ], [ -0.614770001357804, 44.851471318547617 ], [ -0.617275980815488, 44.851215694824234 ] ] ] } },
{ "type": "Feature", "properties": { "idcar_200m": "CRS3035RES200mN2475200E3483600", "population": 136.0, "median_education": 0.466, "median_healthcare": 12.769, "median_services": 1.435, "median_commerce": 5.011, "median_entertainment": 3.465, "PC1_pos": 3.0603941956096428, "nivvie": 31357.588235294119, "rel_education": 0.33542562360597389, "rel_sante": 3.8895348129651892, "rel_services": 1.5707468599468781, "rel_commerce": 0.59943881869944604, "rel_loisirs": 1.6066997518610422, "rel_pc1": 1.4619786575840694, "q_revenu": 4, "q_population": 2 }, "geometry": { "type": "Polygon", "coordinates": [ [ [ -0.614770001357804, 44.851471318547617 ], [ -0.615110608921932, 44.853253559438365 ], [ -0.612604531365664, 44.853509132667369 ], [ -0.612264001391128, 44.851726882351535 ], [ -0.614770001357804, 44.851471318547617 ] ] ] } },
{ "type": "Feature", "properties": { "idcar_200m": "CRS3035RES200mN2475200E3483800", "population": 366.0, "median_education": 0.327, "median_healthcare": 7.555, "median_services": 1.022, "median_commerce": 5.381, "median_entertainment": 1.508, "PC1_pos": 2.1180772125474729, "nivvie": 25399.503825136613, "rel_education": 0.23537377450462116, "rel_sante": 2.3013106360679774, "rel_services": 1.1186782514743621, "rel_commerce": 0.64369991686723593, "rel_loisirs": 0.69925057021831216, "rel_pc1": 1.0118251055049823, "q_revenu": 2, "q_population": 4 }, "geometry": { "type": "Polygon", "coordinates": [ [ [ -0.612264001391128, 44.851726882351535 ], [ -0.612604531365664, 44.853509132667369 ], [ -0.610098433302209, 44.853764645974053 ], [ -0.609757980919879, 44.851982386235257 ], [ -0.612264001391128, 44.851726882351535 ] ] ] } },
{ "type": "Feature", "properties": { "idcar_200m": "CRS3035RES200mN2475200E3484000", "population": 312.5, "median_education": 0.451, "median_healthcare": 4.398, "median_services": 1.366, "median_commerce": 5.561, "median_entertainment": 1.163, "PC1_pos": 1.9674280330710801, "nivvie": 30608.64544, "rel_education": 0.32462866147273439, "rel_sante": 1.3396643517441382, "rel_services": 1.4952196590156346, "rel_commerce": 0.66523234300291745, "rel_loisirs": 0.53927613605032965, "rel_pc1": 0.93985859691174378, "q_revenu": 4, "q_population": 4 }, "geometry": { "type": "Polygon", "coordinates": [ [ [ -0.609757980919879, 44.851982386235257 ], [ -0.610098433302209, 44.853764645974053 ], [ -0.607592314736008, 44.854020099357591 ], [ -0.607251939948497, 44.852237830197915 ], [ -0.609757980919879, 44.851982386235257 ] ] ] } },
{ "type": "Feature", "properties": { "idcar_200m": "CRS3035RES200mN2475200E3484200", "population": 239.0, "median_education": 0.352, "median_healthcare": 1.8115, "median_services": 0.461, "median_commerce": 2.262, "median_entertainment": 1.298, "PC1_pos": 0.95850094397648045, "nivvie": 36735.786610878662, "rel_education": 0.25336871139335365, "rel_sante": 0.55179671968724575, "rel_services": 0.50460926998990308, "rel_commerce": 0.2705908217717316, "rel_loisirs": 0.60187482768127931, "rel_pc1": 0.45788478012998324, "q_revenu": 5, "q_population": 3 }, "geometry": { "type": "Polygon", "coordinates": [ [ [ -0.607251939948497, 44.852237830197915 ], [ -0.607592314736008, 44.854020099357591 ], [ -0.605086175671486, 44.85427549281723 ], [ -0.604745878481406, 44.852493214238756 ], [ -0.607251939948497, 44.852237830197915 ] ] ] } },
{ "type": "Feature", "properties": { "idcar_200m": "CRS3035RES200mN2475200E3484800", "population": 136.0, "median_education": 3.1635, "median_healthcare": 0.1565, "median_services": 0.04, "median_commerce": 0.35, "median_entertainment": 1.259, "PC1_pos": 0.79924049652027795, "nivvie": 32335.141911764706, "rel_education": 2.2770793139002112, "rel_sante": 0.047671093917225474, "rel_services": 0.043783884597822391, "rel_commerce": 0.041868606374936362, "rel_loisirs": 0.58379076121011597, "rel_pc1": 0.38180458905124037, "q_revenu": 5, "q_population": 2 }, "geometry": { "type": "Polygon", "coordinates": [ [ [ -0.599733694077817, 44.853003802551889 ], [ -0.600073836065197, 44.854786099961608 ], [ -0.597567635532295, 44.855041313644804 ], [ -0.59722757115018, 44.853259006822611 ], [ -0.599733694077817, 44.853003802551889 ] ] ] } },
{ "type": "Feature", "properties": { "idcar_200m": "CRS3035RES200mN2475200E3485000", "population": 227.5, "median_education": 5.446, "median_healthcare": 0.274, "median_services": 0.044, "median_commerce": 0.462, "median_entertainment": 0.619, "PC1_pos": 1.0476886861653805, "nivvie": 34075.610549450554, "rel_education": 3.9200170518414885, "rel_sante": 0.083462490308752593, "rel_services": 0.048162273057604621, "rel_commerce": 0.055266560414916004, "rel_loisirs": 0.28702659347820636, "rel_pc1": 0.50049059077533631, "q_revenu": 5, "q_population": 3 }, "geometry": { "type": "Polygon", "coordinates": [ [ [ -0.59722757115018, 44.853259006822611 ], [ -0.597567635532295, 44.855041313644804 ], [ -0.595061414518793, 44.855296467400926 ], [ -0.594721427744559, 44.853514151168355 ], [ -0.59722757115018, 44.853259006822611 ] ] ] } },
{ "type": "Feature", "properties": { "idcar_200m": "CRS3035RES200mN2475200E3485200", "population": 219.0, "median_education": 3.007, "median_healthcare": 1.08, "median_services": 0.088, "median_commerce": 1.617, "median_entertainment": 0.431, "PC1_pos": 0.75647467283728109, "nivvie": 29476.707762557078, "rel_education": 2.1644310089767456, "rel_sante": 0.32897623917318541, "rel_services": 0.096324546115209242, "rel_commerce": 0.19343296145220601, "rel_loisirs": 0.19985211920695792, "rel_pc1": 0.36137495891135901, "q_revenu": 4, "q_population": 3 }, "geometry": { "type": "Polygon", "coordinates": [ [ [ -0.594721427744559, 44.853514151168355 ], [ -0.595061414518793, 44.855296467400926 ], [ -0.592555173029122, 44.85555156122922 ], [ -0.592215263865374, 44.853769235588395 ], [ -0.594721427744559, 44.853514151168355 ] ] ] } },
{ "type": "Feature", "properties": { "idcar_200m": "CRS3035RES200mN2475200E3485400", "population": 356.0, "median_education": 1.336, "median_healthcare": 2.05, "median_services": 0.074, "median_commerce": 2.246, "median_entertainment": 0.79, "PC1_pos": 0.77061247013941836, "nivvie": 31964.748876404494, "rel_education": 0.96164942733386505, "rel_sante": 0.62444563917132401, "rel_services": 0.081000186505971419, "rel_commerce": 0.26867682833744877, "rel_loisirs": 0.36631826954407604, "rel_pc1": 0.36812871564982941, "q_revenu": 5, "q_population": 4 }, "geometry": { "type": "Polygon", "coordinates": [ [ [ -0.592215263865374, 44.853769235588395 ], [ -0.592555173029122, 44.85555156122922 ], [ -0.590048911067719, 44.85580659512889 ], [ -0.589709079517066, 44.854024260081893 ], [ -0.592215263865374, 44.853769235588395 ] ] ] } },
{ "type": "Feature", "properties": { "idcar_200m": "CRS3035RES200mN2475200E3485600", "population": 570.5, "median_education": 0.865, "median_healthcare": 4.391, "median_services": 0.0995, "median_commerce": 3.731, "median_entertainment": 1.445, "PC1_pos": 1.0941329051248483, "nivvie": 29153.886064855389, "rel_education": 0.62262481635014466, "rel_sante": 1.3375320983420897, "rel_services": 0.10891241293708319, "rel_commerce": 0.4463193439568216, "rel_loisirs": 0.67003784745720218, "rel_pc1": 0.52267742441405896, "q_revenu": 4, "q_population": 5 }, "geometry": { "type": "Polygon", "coordinates": [ [ [ -0.589709079517066, 44.854024260081893 ], [ -0.590048911067719, 44.85580659512889 ], [ -0.587542628639013, 44.856061569099161 ], [ -0.587202874704068, 44.854279224648074 ], [ -0.589709079517066, 44.854024260081893 ] ] ] } },
{ "type": "Feature", "properties": { "idcar_200m": "CRS3035RES200mN2475200E3485800", "population": 249.0, "median_education": 0.576, "median_healthcare": 4.178, "median_services": 0.072, "median_commerce": 1.941, "median_entertainment": 1.84, "PC1_pos": 1.0444951163392422, "nivvie": 23957.619678714858, "rel_education": 0.41460334591639686, "rel_sante": 1.272650673394045, "rel_services": 0.078810992276080294, "rel_commerce": 0.23219132849643281, "rel_loisirs": 0.85319698222924034, "rel_pc1": 0.49896499288535978, "q_revenu": 2, "q_population": 3 }, "geometry": { "type": "Polygon", "coordinates": [ [ [ -0.587202874704068, 44.854279224648074 ], [ -0.587542628639013, 44.856061569099161 ], [ -0.585036325747432, 44.856316483139196 ], [ -0.584696649430799, 44.854534129286144 ], [ -0.587202874704068, 44.854279224648074 ] ] ] } },
{ "type": "Feature", "properties": { "idcar_200m": "CRS3035RES200mN2475200E3486000", "population": 176.5, "median_education": 1.018, "median_healthcare": 4.3815, "median_services": 0.1115, "median_commerce": 3.274, "median_entertainment": 2.387, "PC1_pos": 1.3502833078049796, "nivvie": 30601.559773371104, "rel_education": 0.73275383010918738, "rel_sante": 1.3346383258678813, "rel_services": 0.12204757831642991, "rel_commerce": 0.39165090649011902, "rel_loisirs": 1.1068376068376069, "rel_pc1": 0.64504284465539419, "q_revenu": 4, "q_population": 2 }, "geometry": { "type": "Polygon", "coordinates": [ [ [ -0.584696649430799, 44.854534129286144 ], [ -0.585036325747432, 44.856316483139196 ], [ -0.582530002397414, 44.856571337248312 ], [ -0.582190403701704, 44.854788973995362 ], [ -0.584696649430799, 44.854534129286144 ] ] ] } },
{ "type": "Feature", "properties": { "idcar_200m": "CRS3035RES200mN2475200E3486200", "population": 289.5, "median_education": 0.651, "median_healthcare": 2.817, "median_services": 0.204, "median_commerce": 6.122, "median_entertainment": 1.998, "PC1_pos": 1.2746351513040679, "nivvie": 25683.06286701209, "rel_education": 0.4685881565825944, "rel_sante": 0.85807969051005861, "rel_services": 0.22329781144889416, "rel_commerce": 0.73234173779245837, "rel_loisirs": 0.92646063613805552, "rel_pc1": 0.60890501951882503, "q_revenu": 3, "q_population": 3 }, "geometry": { "type": "Polygon", "coordinates": [ [ [ -0.582190403701704, 44.854788973995362 ], [ -0.582530002397414, 44.856571337248312 ], [ -0.580023658593391, 44.856826131425635 ], [ -0.579684137521213, 44.855043758774933 ], [ -0.582190403701704, 44.854788973995362 ] ] ] } },
{ "type": "Feature", "properties": { "idcar_200m": "CRS3035RES200mN2475200E3486400", "population": 216.0, "median_education": 0.861, "median_healthcare": 2.799, "median_services": 0.398, "median_commerce": 7.959, "median_entertainment": 3.503, "PC1_pos": 1.8796998062829424, "nivvie": 30900.64814814815, "rel_education": 0.6197456264479474, "rel_sante": 0.85259675319050543, "rel_services": 0.43564965174833276, "rel_commerce": 0.9520921089660529, "rel_loisirs": 1.6243201243201244, "rel_pc1": 0.89795001029373689, "q_revenu": 4, "q_population": 3 }, "geometry": { "type": "Polygon", "coordinates": [ [ [ -0.579684137521213, 44.855043758774933 ], [ -0.580023658593391, 44.856826131425635 ], [ -0.577517294339793, 44.857080865670405 ], [ -0.577177850893751, 44.85529848362404 ], [ -0.579684137521213, 44.855043758774933 ] ] ] } },
{ "type": "Feature", "properties": { "idcar_200m": "CRS3035RES200mN2475200E3486600", "population": 443.5, "median_education": 1.014, "median_healthcare": 3.65, "median_services": 0.689, "median_commerce": 14.228, "median_entertainment": 5.18, "PC1_pos": 2.8235429710232181, "nivvie": 24412.417361894022, "rel_education": 0.72987464020699033, "rel_sante": 1.111817845353821, "rel_services": 0.75417741219749057, "rel_commerce": 1.7020186614359845, "rel_loisirs": 2.4019349825801437, "rel_pc1": 1.3488326334984286, "q_revenu": 2, "q_population": 5 }, "geometry": { "type": "Polygon", "coordinates": [ [ [ -0.577177850893751, 44.85529848362404 ], [ -0.577517294339793, 44.857080865670405 ], [ -0.575010909641058, 44.857335539981882 ], [ -0.574671543823761, 44.855553148541929 ], [ -0.577177850893751, 44.85529848362404 ] ] ] } },
{ "type": "Feature", "properties": { "idcar_200m": "CRS3035RES200mN2475200E3486800", "population": 337.5, "median_education": 1.7385, "median_healthcare": 5.4365, "median_services": 1.275, "median_commerce": 19.732, "median_entertainment": 5.115, "PC1_pos": 3.896266394247327, "nivvie": 28376.105185185184, "rel_education": 1.2513679112424585, "rel_sante": 1.655999374319465, "rel_services": 1.3956113215555885, "rel_commerce": 2.3604324028292694, "rel_loisirs": 2.3717948717948718, "rel_pc1": 1.8612825500791124, "q_revenu": 4, "q_population": 4 }, "geometry": { "type": "Polygon", "coordinates": [ [ [ -0.574671543823761, 44.855553148541929 ], [ -0.575010909641058, 44.857335539981882 ], [ -0.57250450450162, 44.857590154359201 ], [ -0.57216521631567, 44.855807753527806 ], [ -0.574671543823761, 44.855553148541929 ] ] ] } },
{ "type": "Feature", "properties": { "idcar_200m": "CRS3035RES200mN2475200E3487000", "population": 443.0, "median_education": 4.0365, "median_healthcare": 6.7205, "median_services": 1.77, "median_commerce": 19.936, "median_entertainment": 5.7725, "PC1_pos": 4.8839767238083729, "nivvie": 28961.634537246049, "rel_education": 2.9054625100547504, "rel_sante": 2.0471155697809187, "rel_services": 1.9374368934536408, "rel_commerce": 2.3848358191163754, "rel_loisirs": 2.6766736847382009, "rel_pc1": 2.3331209242876101, "q_revenu": 4, "q_population": 4 }, "geometry": { "type": "Polygon", "coordinates": [ [ [ -0.57216521631567, 44.855807753527806 ], [ -0.57250450450162, 44.857590154359201 ], [ -0.56999807892591, 44.85784470880165 ], [ -0.569658868373914, 44.856062298580881 ], [ -0.57216521631567, 44.855807753527806 ] ] ] } },
{ "type": "Feature", "properties": { "idcar_200m": "CRS3035RES200mN2475200E3487200", "population": 359.5, "median_education": 5.643, "median_healthcare": 3.843, "median_services": 0.956, "median_commerce": 15.026, "median_entertainment": 5.669, "PC1_pos": 3.9240684690382817, "nivvie": 25288.572739916552, "rel_education": 4.061817154524701, "rel_sante": 1.1706071177245847, "rel_services": 1.046434841887955, "rel_commerce": 1.7974790839708394, "rel_loisirs": 2.628681354487806, "rel_pc1": 1.8745638587547206, "q_revenu": 2, "q_population": 4 }, "geometry": { "type": "Polygon", "coordinates": [ [ [ -0.569658868373914, 44.856062298580881 ], [ -0.56999807892591, 44.85784470880165 ], [ -0.567491632918363, 44.858099203308427 ], [ -0.567152500002929, 44.856316783700365 ], [ -0.569658868373914, 44.856062298580881 ] ] ] } },
{ "type": "Feature", "properties": { "idcar_200m": "CRS3035RES200mN2475200E3487400", "population": 342.0, "median_education": 2.398, "median_healthcare": 1.4205, "median_services": 0.284, "median_commerce": 8.352, "median_entertainment": 4.461, "PC1_pos": 2.1264229922661748, "nivvie": 26776.068421052634, "rel_education": 1.7260743463672215, "rel_sante": 0.43269513680139804, "rel_services": 0.31086558064453895, "rel_commerce": 0.99910457269562436, "rel_loisirs": 2.068538987893827, "rel_pc1": 1.015811961788772, "q_revenu": 3, "q_population": 4 }, "geometry": { "type": "Polygon", "coordinates": [ [ [ -0.567152500002929, 44.856316783700365 ], [ -0.567491632918363, 44.858099203308427 ], [ -0.564985166483419, 44.858353637878707 ], [ -0.564646111207147, 44.856571208885512 ], [ -0.567152500002929, 44.856316783700365 ] ] ] } },
{ "type": "Feature", "properties": { "idcar_200m": "CRS3035RES200mN2475200E3487600", "population": 609.0, "median_education": 1.3915, "median_healthcare": 0.5395, "median_services": 0.061, "median_commerce": 3.604, "median_entertainment": 3.437, "PC1_pos": 1.2134662436836123, "nivvie": 24683.955993431853, "rel_education": 1.0015981872268511, "rel_sante": 0.16433581577216069, "rel_services": 0.066770424011679139, "rel_commerce": 0.43112702107220185, "rel_loisirs": 1.593716319522771, "rel_pc1": 0.57968406570276831, "q_revenu": 2, "q_population": 5 }, "geometry": { "type": "Polygon", "coordinates": [ [ [ -0.564646111207147, 44.856571208885512 ], [ -0.564985166483419, 44.858353637878707 ], [ -0.562478679625506, 44.858608012511759 ], [ -0.562139701991001, 44.85682557413552 ], [ -0.564646111207147, 44.856571208885512 ] ] ] } },
{ "type": "Feature", "properties": { "idcar_200m": "CRS3035RES200mN2475200E3487800", "population": 516.5, "median_education": 0.674, "median_healthcare": 0.5095, "median_services": 0.034, "median_commerce": 4.1525, "median_entertainment": 1.6195, "PC1_pos": 0.79389536923268023, "nivvie": 24658.706679574057, "rel_education": 0.48514349852022837, "rel_sante": 0.15519758690623886, "rel_services": 0.037216301908149035, "rel_commerce": 0.49674110849120928, "rel_loisirs": 0.75095245256535581, "rel_pc1": 0.37925117223070515, "q_revenu": 2, "q_population": 5 }, "geometry": { "type": "Polygon", "coordinates": [ [ [ -0.562139701991001, 44.85682557413552 ], [ -0.562478679625506, 44.858608012511759 ], [ -0.559972172349062, 44.858862327206786 ], [ -0.55963327235893, 44.857079879449579 ], [ -0.562139701991001, 44.85682557413552 ] ] ] } },
{ "type": "Feature", "properties": { "idcar_200m": "CRS3035RES200mN2475200E3488000", "population": 312.5, "median_education": 0.527, "median_healthcare": 1.123, "median_services": 0.084, "median_commerce": 3.909, "median_entertainment": 1.635, "PC1_pos": 0.76422320439866565, "nivvie": 19853.71424, "rel_education": 0.37933326961448122, "rel_sante": 0.34207436721433998, "rel_services": 0.091946157655427019, "rel_commerce": 0.46761252091321781, "rel_loisirs": 0.75813970975261302, "rel_pc1": 0.36507650421771592, "q_revenu": 1, "q_population": 4 }, "geometry": { "type": "Polygon", "coordinates": [ [ [ -0.55963327235893, 44.857079879449579 ], [ -0.559972172349062, 44.858862327206786 ], [ -0.557465644658526, 44.859116581962994 ], [ -0.557126822315366, 44.857334124826913 ], [ -0.55963327235893, 44.857079879449579 ] ] ] } },
{ "type": "Feature", "properties": { "idcar_200m": "CRS3035RES200mN2475200E3488200", "population": 15.5, "median_education": 0.398, "median_healthcare": 2.421, "median_services": 0.1905, "median_commerce": 4.5965, "median_entertainment": 1.124, "PC1_pos": 0.8253032149911006, "nivvie": 24312.780645161289, "rel_education": 0.28647939526862148, "rel_sante": 0.73745506947989048, "rel_services": 0.20852075039712911, "rel_commerce": 0.5498544262925571, "rel_loisirs": 0.52119206957916642, "rel_pc1": 0.39425499109997858, "q_revenu": 2, "q_population": 1 }, "geometry": { "type": "Polygon", "coordinates": [ [ [ -0.557126822315366, 44.857334124826913 ], [ -0.557465644658526, 44.859116581962994 ], [ -0.55495909655833, 44.859370776779627 ], [ -0.554620351864746, 44.857588310266799 ], [ -0.557126822315366, 44.857334124826913 ] ] ] } },
{ "type": "Feature", "properties": { "idcar_200m": "CRS3035RES200mN2475400E3481800", "population": 116.5, "median_education": 0.048, "median_healthcare": 0.166, "median_services": 0.0, "median_commerce": 0.263, "median_entertainment": 0.3725, "PC1_pos": 0.10929354982906392, "nivvie": 31321.024892703863, "rel_education": 0.03455027882636641, "rel_sante": 0.050564866391434052, "rel_services": 0.0, "rel_commerce": 0.031461267076023612, "rel_loisirs": 0.17272601950021305, "rel_pc1": 0.052210541207703048, "q_revenu": 4, "q_population": 1 }, "geometry": { "type": "Polygon", "coordinates": [ [ [ -0.637664383374564, 44.850950704001775 ], [ -0.63800571763208, 44.85273285607245 ], [ -0.635499747267467, 44.852988978011894 ], [ -0.635158490582191, 44.85120681649645 ], [ -0.637664383374564, 44.850950704001775 ] ] ] } },
{ "type": "Feature", "properties": { "idcar_200m": "CRS3035RES200mN2475400E3482000", "population": 118.5, "median_education": 0.12, "median_healthcare": 0.483, "median_services": 0.0, "median_commerce": 0.309, "median_entertainment": 0.606, "PC1_pos": 0.22414041783854888, "nivvie": 30357.024472573838, "rel_education": 0.08637569706591601, "rel_sante": 0.14712548474134124, "rel_services": 0.0, "rel_commerce": 0.036963998199586671, "rel_loisirs": 0.28099857132115197, "rel_pc1": 0.1070739539540452, "q_revenu": 4, "q_population": 2 }, "geometry": { "type": "Polygon", "coordinates": [ [ [ -0.635158490582191, 44.85120681649645 ], [ -0.635499747267467, 44.852988978011894 ], [ -0.632993756353205, 44.853245040034004 ], [ -0.632652577242782, 44.851462869075853 ], [ -0.635158490582191, 44.85120681649645 ] ] ] } },
{ "type": "Feature", "properties": { "idcar_200m": "CRS3035RES200mN2475400E3482200", "population": 108.5, "median_education": 0.298, "median_healthcare": 0.966, "median_services": 0.0, "median_commerce": 0.17, "median_entertainment": 0.953, "PC1_pos": 0.36755647250656498, "nivvie": 25821.626728110597, "rel_education": 0.21449964771369143, "rel_sante": 0.29425096948268248, "rel_services": 0.0, "rel_commerce": 0.020336180239254806, "rel_loisirs": 0.44190039351329674, "rel_pc1": 0.17558513182137295, "q_revenu": 3, "q_population": 1 }, "geometry": { "type": "Polygon", "coordinates": [ [ [ -0.632652577242782, 44.851462869075853 ], [ -0.632993756353205, 44.853245040034004 ], [ -0.630487744893714, 44.853501042137943 ], [ -0.630146643360765, 44.851718861739236 ], [ -0.632652577242782, 44.851462869075853 ] ] ] } },
{ "type": "Feature", "properties": { "idcar_200m": "CRS3035RES200mN2475400E3482400", "population": 88.5, "median_education": 0.85, "median_healthcare": 1.101, "median_services": 0.007, "median_commerce": 0.281, "median_entertainment": 1.55, "PC1_pos": 0.53618302961520525, "nivvie": 30447.585310734463, "rel_education": 0.61182785421690511, "rel_sante": 0.33537299937933063, "rel_services": 0.0076621798046189182, "rel_commerce": 0.033614509689591766, "rel_loisirs": 0.71872571872571878, "rel_pc1": 0.25613960024520416, "q_revenu": 4, "q_population": 1 }, "geometry": { "type": "Polygon", "coordinates": [ [ [ -0.630146643360765, 44.851718861739236 ], [ -0.630487744893714, 44.853501042137943 ], [ -0.627981712893437, 44.853756984322963 ], [ -0.627640688940576, 44.851974794485741 ], [ -0.630146643360765, 44.851718861739236 ] ] ] } },
{ "type": "Feature", "properties": { "idcar_200m": "CRS3035RES200mN2475400E3482600", "population": 529.0, "median_education": 0.3285, "median_healthcare": 1.28, "median_services": 0.01, "median_commerce": 0.263, "median_entertainment": 0.5735, "PC1_pos": 0.3239919198474277, "nivvie": 24593.426465028355, "rel_education": 0.23645347071794512, "rel_sante": 0.38989776494599748, "rel_services": 0.010945971149455598, "rel_commerce": 0.031461267076023612, "rel_loisirs": 0.26592851592851591, "rel_pc1": 0.15477394145046433, "q_revenu": 2, "q_population": 5 }, "geometry": { "type": "Polygon", "coordinates": [ [ [ -0.627640688940576, 44.851974794485741 ], [ -0.627981712893437, 44.853756984322963 ], [ -0.62547566035679, 44.854012866588256 ], [ -0.625134713986638, 44.85223066731465 ], [ -0.627640688940576, 44.851974794485741 ] ] ] } },
{ "type": "Feature", "properties": { "idcar_200m": "CRS3035RES200mN2475400E3482800", "population": 203.5, "median_education": 0.4375, "median_healthcare": 2.938, "median_services": 0.039, "median_commerce": 0.6885, "median_entertainment": 0.85, "PC1_pos": 0.61729583389550902, "nivvie": 31551.514496314496, "rel_education": 0.31491139555281883, "rel_sante": 0.89493721360260992, "rel_services": 0.042689287482876828, "rel_commerce": 0.082361529968981967, "rel_loisirs": 0.39413991026894252, "rel_pc1": 0.29488793824843162, "q_revenu": 5, "q_population": 2 }, "geometry": { "type": "Polygon", "coordinates": [ [ [ -0.625134713986638, 44.85223066731465 ], [ -0.62547566035679, 44.854012866588256 ], [ -0.6229695872882, 44.85426868893304 ], [ -0.622628718503375, 44.852486480225167 ], [ -0.625134713986638, 44.85223066731465 ] ] ] } },
{ "type": "Feature", "properties": { "idcar_200m": "CRS3035RES200mN2475400E3483000", "population": 166.0, "median_education": 0.915, "median_healthcare": 5.453, "median_services": 0.09, "median_commerce": 1.021, "median_entertainment": 1.94, "PC1_pos": 1.0517260049340598, "nivvie": 28095.193975903614, "rel_education": 0.65861469012760965, "rel_sante": 1.6610254001957223, "rel_services": 0.098513740345100367, "rel_commerce": 0.1221367060251715, "rel_loisirs": 0.89956638343735118, "rel_pc1": 0.5024192553513378, "q_revenu": 3, "q_population": 2 }, "geometry": { "type": "Polygon", "coordinates": [ [ [ -0.622628718503375, 44.852486480225167 ], [ -0.6229695872882, 44.85426868893304 ], [ -0.620463493692101, 44.854524451356525 ], [ -0.620122702495215, 44.852742233216482 ], [ -0.622628718503375, 44.852486480225167 ] ] ] } },
{ "type": "Feature", "properties": { "idcar_200m": "CRS3035RES200mN2475400E3483200", "population": 281.0, "median_education": 0.868, "median_healthcare": 3.885, "median_services": 0.204, "median_commerce": 1.951, "median_entertainment": 2.076, "PC1_pos": 1.0886070309419971, "nivvie": 29261.362277580072, "rel_education": 0.62478420877679253, "rel_sante": 1.1834006381368751, "rel_services": 0.22329781144889416, "rel_commerce": 0.23338757439285956, "rel_loisirs": 0.96262876908038197, "rel_pc1": 0.52003766312728983, "q_revenu": 4, "q_population": 3 }, "geometry": { "type": "Polygon", "coordinates": [ [ [ -0.620122702495215, 44.852742233216482 ], [ -0.620463493692101, 44.854524451356525 ], [ -0.617957379572921, 44.854780153857945 ], [ -0.617616665966597, 44.852997926287806 ], [ -0.620122702495215, 44.852742233216482 ] ] ] } },
{ "type": "Feature", "properties": { "idcar_200m": "CRS3035RES200mN2475400E3483400", "population": 199.5, "median_education": 0.859, "median_healthcare": 4.371, "median_services": 0.269, "median_commerce": 2.047, "median_entertainment": 2.576, "PC1_pos": 1.3377500611512294, "nivvie": 33733.06917293233, "rel_education": 0.61830603149684882, "rel_sante": 1.3314399457648087, "rel_services": 0.29444662392035559, "rel_commerce": 0.24487153499855641, "rel_loisirs": 1.1944757751209365, "rel_pc1": 0.63905559662561229, "q_revenu": 5, "q_population": 2 }, "geometry": { "type": "Polygon", "coordinates": [ [ [ -0.617616665966597, 44.852997926287806 ], [ -0.617957379572921, 44.854780153857945 ], [ -0.615451244935085, 44.855035796436468 ], [ -0.615110608921932, 44.853253559438365 ], [ -0.617616665966597, 44.852997926287806 ] ] ] } },
{ "type": "Feature", "properties": { "idcar_200m": "CRS3035RES200mN2475400E3483600", "population": 169.0, "median_education": 0.7225, "median_healthcare": 6.7705, "median_services": 0.385, "median_commerce": 2.7015, "median_entertainment": 2.7605, "PC1_pos": 1.6165903230002014, "nivvie": 33323.059763313606, "rel_education": 0.52005367608436937, "rel_sante": 2.0623459512241218, "rel_services": 0.4214198892540405, "rel_commerce": 0.32316582891968743, "rel_loisirs": 1.2800273203499011, "rel_pc1": 0.77226017278222847, "q_revenu": 5, "q_population": 2 }, "geometry": { "type": "Polygon", "coordinates": [ [ [ -0.615110608921932, 44.853253559438365 ], [ -0.615451244935085, 44.855035796436468 ], [ -0.61294508978303, 44.855291379091376 ], [ -0.612604531365664, 44.853509132667369 ], [ -0.615110608921932, 44.853253559438365 ] ] ] } },
{ "type": "Feature", "properties": { "idcar_200m": "CRS3035RES200mN2475400E3483800", "population": 237.0, "median_education": 0.339, "median_healthcare": 6.049, "median_services": 0.435, "median_commerce": 3.906, "median_entertainment": 1.8095, "PC1_pos": 1.3965096362992298, "nivvie": 29844.102953586498, "rel_education": 0.24401134421121276, "rel_sante": 1.8425715469987021, "rel_services": 0.47614974500131846, "rel_commerce": 0.4672536471442898, "rel_loisirs": 0.83905431486076643, "rel_pc1": 0.66712559000042693, "q_revenu": 4, "q_population": 3 }, "geometry": { "type": "Polygon", "coordinates": [ [ [ -0.612604531365664, 44.853509132667369 ], [ -0.61294508978303, 44.855291379091376 ], [ -0.610438914121177, 44.855546901821853 ], [ -0.610098433302209, 44.853764645974053 ], [ -0.612604531365664, 44.853509132667369 ] ] ] } },
{ "type": "Feature", "properties": { "idcar_200m": "CRS3035RES200mN2475400E3484000", "population": 190.0, "median_education": 0.171, "median_healthcare": 2.836, "median_services": 0.3955, "median_commerce": 2.156, "median_entertainment": 0.889, "PC1_pos": 0.90191104474937234, "nivvie": 34075.861052631575, "rel_education": 0.12308536831893031, "rel_sante": 0.86386723545847577, "rel_services": 0.43291315896096888, "rel_commerce": 0.25791061526960796, "rel_loisirs": 0.4122239767401058, "rel_pc1": 0.43085126104164095, "q_revenu": 5, "q_population": 2 }, "geometry": { "type": "Polygon", "coordinates": [ [ [ -0.610098433302209, 44.853764645974053 ], [ -0.610438914121177, 44.855546901821853 ], [ -0.607932717953956, 44.85580236462706 ], [ -0.607592314736008, 44.854020099357591 ], [ -0.610098433302209, 44.853764645974053 ] ] ] } },
{ "type": "Feature", "properties": { "idcar_200m": "CRS3035RES200mN2475400E3484200", "population": 180.0, "median_education": 0.195, "median_healthcare": 1.111, "median_services": 0.213, "median_commerce": 1.278, "median_entertainment": 1.12, "PC1_pos": 0.60143740247670086, "nivvie": 34982.953333333331, "rel_education": 0.14036050773211353, "rel_sante": 0.33841907566797125, "rel_services": 0.23314918548340421, "rel_commerce": 0.15288022556333908, "rel_loisirs": 0.51933729353084201, "rel_pc1": 0.28731221865311996, "q_revenu": 5, "q_population": 2 }, "geometry": { "type": "Polygon", "coordinates": [ [ [ -0.607592314736008, 44.854020099357591 ], [ -0.607932717953956, 44.85580236462706 ], [ -0.605426501285809, 44.856057767506293 ], [ -0.605086175671486, 44.85427549281723 ], [ -0.607592314736008, 44.854020099357591 ] ] ] } },
{ "type": "Feature", "properties": { "idcar_200m": "CRS3035RES200mN2475400E3484400", "population": 109.0, "median_education": 0.4365, "median_healthcare": 0.4905, "median_services": 0.149, "median_commerce": 0.7265, "median_entertainment": 1.5665, "PC1_pos": 0.56038989752206492, "nivvie": 39193.480733944954, "rel_education": 0.31419159807726954, "rel_sante": 0.1494100419578217, "rel_services": 0.16309497012688839, "rel_commerce": 0.086907264375403609, "rel_loisirs": 0.72637666992505701, "rel_pc1": 0.26770344528763529, "q_revenu": 5, "q_population": 1 }, "geometry": { "type": "Polygon", "coordinates": [ [ [ -0.605086175671486, 44.85427549281723 ], [ -0.605426501285809, 44.856057767506293 ], [ -0.602920264121157, 44.856313110458707 ], [ -0.602580016113073, 44.854530826352175 ], [ -0.605086175671486, 44.85427549281723 ] ] ] } },
{ "type": "Feature", "properties": { "idcar_200m": "CRS3035RES200mN2475400E3484600", "population": 105.5, "median_education": 1.081, "median_healthcare": 0.185, "median_services": 0.09, "median_commerce": 0.4375, "median_entertainment": 1.5135, "PC1_pos": 0.55016706076624433, "nivvie": 35401.906161137442, "rel_education": 0.77810107106879345, "rel_sante": 0.056352411339851201, "rel_services": 0.098513740345100367, "rel_commerce": 0.052335757968670453, "rel_loisirs": 0.70180088728475831, "rel_pc1": 0.26281990146886314, "q_revenu": 5, "q_population": 1 }, "geometry": { "type": "Polygon", "coordinates": [ [ [ -0.602580016113073, 44.854530826352175 ], [ -0.602920264121157, 44.856313110458707 ], [ -0.600414006464427, 44.856568393483535 ], [ -0.600073836065197, 44.854786099961608 ], [ -0.602580016113073, 44.854530826352175 ] ] ] } },
{ "type": "Feature", "properties": { "idcar_200m": "CRS3035RES200mN2475400E3484800", "population": 325.0, "median_education": 1.394, "median_healthcare": 0.066, "median_services": 0.026, "median_commerce": 0.2345, "median_entertainment": 0.874, "PC1_pos": 0.41058349732693822, "nivvie": 33887.956923076927, "rel_education": 1.0033976809157246, "rel_sante": 0.020104103505027997, "rel_services": 0.028459524988584551, "rel_commerce": 0.028051966271207363, "rel_loisirs": 0.40526856655888915, "rel_pc1": 0.19613954016424817, "q_revenu": 5, "q_population": 4 }, "geometry": { "type": "Polygon", "coordinates": [ [ [ -0.600073836065197, 44.854786099961608 ], [ -0.600414006464427, 44.856568393483535 ], [ -0.597907728320056, 44.856823616580016 ], [ -0.597567635532295, 44.855041313644804 ], [ -0.600073836065197, 44.854786099961608 ] ] ] } },
{ "type": "Feature", "properties": { "idcar_200m": "CRS3035RES200mN2475400E3485400", "population": 244.0, "median_education": 1.309, "median_healthcare": 3.278, "median_services": 0.038, "median_commerce": 3.284, "median_entertainment": 0.597, "PC1_pos": 0.84461312888608653, "nivvie": 32203.470901639346, "rel_education": 0.94221489549403392, "rel_sante": 0.99850380741639044, "rel_services": 0.041594690367931265, "rel_commerce": 0.39284715238654572, "rel_loisirs": 0.27682532521242198, "rel_pc1": 0.40347951584739661, "q_revenu": 5, "q_population": 3 }, "geometry": { "type": "Polygon", "coordinates": [ [ [ -0.592555173029122, 44.85555156122922 ], [ -0.592895110586122, 44.857333882984697 ], [ -0.590388771005423, 44.857588926291356 ], [ -0.590048911067719, 44.85580659512889 ], [ -0.592555173029122, 44.85555156122922 ] ] ] } },
{ "type": "Feature", "properties": { "idcar_200m": "CRS3035RES200mN2475400E3485600", "population": 202.5, "median_education": 0.875, "median_healthcare": 9.158, "median_services": 0.059, "median_commerce": 3.4675, "median_entertainment": 1.0915, "PC1_pos": 1.4387142704894349, "nivvie": 25857.568888888891, "rel_education": 0.62982279110563766, "rel_sante": 2.7895966651370667, "rel_services": 0.064581229781788013, "rel_commerce": 0.41479826458597674, "rel_loisirs": 0.50612201418653024, "rel_pc1": 0.68728713472095326, "q_revenu": 3, "q_population": 2 }, "geometry": { "type": "Polygon", "coordinates": [ [ [ -0.590048911067719, 44.85580659512889 ], [ -0.590388771005423, 44.857588926291356 ], [ -0.587882410954812, 44.857843909666485 ], [ -0.587542628639013, 44.856061569099161 ], [ -0.590048911067719, 44.85580659512889 ] ] ] } },
{ "type": "Feature", "properties": { "idcar_200m": "CRS3035RES200mN2475400E3485800", "population": 314.0, "median_education": 0.9665, "median_healthcare": 11.4865, "median_services": 0.094, "median_commerce": 2.389, "median_entertainment": 2.114, "PC1_pos": 1.7678432199953198, "nivvie": 22398.507643312103, "rel_education": 0.69568426011839857, "rel_sante": 3.4988755289470315, "rel_services": 0.10289212880488262, "rel_commerce": 0.28578314465635135, "rel_loisirs": 0.98024914153946408, "rel_pc1": 0.84451508282677412, "q_revenu": 2, "q_population": 4 }, "geometry": { "type": "Polygon", "coordinates": [ [ [ -0.587542628639013, 44.856061569099161 ], [ -0.587882410954812, 44.857843909666485 ], [ -0.585376030438717, 44.858098833109324 ], [ -0.585036325747432, 44.856316483139196 ], [ -0.587542628639013, 44.856061569099161 ] ] ] } },
{ "type": "Feature", "properties": { "idcar_200m": "CRS3035RES200mN2475400E3486000", "population": 1403.5, "median_education": 1.341, "median_healthcare": 5.2, "median_services": 0.139, "median_commerce": 2.196, "median_entertainment": 3.174, "PC1_pos": 1.5338786111554916, "nivvie": 15030.106519415747, "rel_education": 0.96524841471161149, "rel_sante": 1.5839596700931149, "rel_services": 0.15214899897743281, "rel_commerce": 0.26269559885531502, "rel_loisirs": 1.4717647943454395, "rel_pc1": 0.73274802182380561, "q_revenu": 1, "q_population": 5 }, "geometry": { "type": "Polygon", "coordinates": [ [ [ -0.585036325747432, 44.856316483139196 ], [ -0.585376030438717, 44.858098833109324 ], [ -0.582869629461571, 44.858353696619098 ], [ -0.582530002397414, 44.856571337248312 ], [ -0.585036325747432, 44.856316483139196 ] ] ] } },
{ "type": "Feature", "properties": { "idcar_200m": "CRS3035RES200mN2475400E3486200", "population": 495.0, "median_education": 1.275, "median_healthcare": 2.299, "median_services": 0.317, "median_commerce": 3.48, "median_entertainment": 3.355, "PC1_pos": 1.44736736562429, "nivvie": 19164.17797979798, "rel_education": 0.91774178132535766, "rel_sante": 0.7002929387584752, "rel_services": 0.34698728543774243, "rel_commerce": 0.41629357195651012, "rel_loisirs": 1.5556934105321203, "rel_pc1": 0.69142079842589388, "q_revenu": 1, "q_population": 5 }, "geometry": { "type": "Polygon", "coordinates": [ [ [ -0.582530002397414, 44.856571337248312 ], [ -0.582869629461571, 44.858353696619098 ], [ -0.58036320802782, 44.858608500195004 ], [ -0.580023658593391, 44.856826131425635 ], [ -0.582530002397414, 44.856571337248312 ] ] ] } },
{ "type": "Feature", "properties": { "idcar_200m": "CRS3035RES200mN2475400E3486400", "population": 235.5, "median_education": 1.0775, "median_healthcare": 2.4865, "median_services": 0.3635, "median_commerce": 5.053, "median_entertainment": 3.612, "PC1_pos": 1.6188206890417256, "nivvie": 26631.954989384289, "rel_education": 0.77558177990437105, "rel_sante": 0.7574068691704865, "rel_services": 0.39788605128271093, "rel_commerce": 0.60446305146443846, "rel_loisirs": 1.6748627716369653, "rel_pc1": 0.77332563930153708, "q_revenu": 3, "q_population": 3 }, "geometry": { "type": "Polygon", "coordinates": [ [ [ -0.580023658593391, 44.856826131425635 ], [ -0.58036320802782, 44.858608500195004 ], [ -0.577856766141884, 44.858863243836268 ], [ -0.577517294339793, 44.857080865670405 ], [ -0.580023658593391, 44.856826131425635 ] ] ] } },
{ "type": "Feature", "properties": { "idcar_200m": "CRS3035RES200mN2475400E3486600", "population": 535.0, "median_education": 1.4275, "median_healthcare": 3.1665, "median_services": 0.491, "median_commerce": 5.776, "median_entertainment": 4.1545, "PC1_pos": 2.0160880903169036, "nivvie": 28069.934018691587, "rel_education": 1.027510896346626, "rel_sante": 0.96454005679804777, "rel_services": 0.5374471834382698, "rel_commerce": 0.6909516297760927, "rel_loisirs": 1.9264167731909669, "rel_pc1": 0.96310395702655149, "q_revenu": 3, "q_population": 5 }, "geometry": { "type": "Polygon", "coordinates": [ [ [ -0.577517294339793, 44.857080865670405 ], [ -0.577856766141884, 44.858863243836268 ], [ -0.575350303808205, 44.859117927542073 ], [ -0.575010909641058, 44.857335539981882 ], [ -0.577517294339793, 44.857080865670405 ] ] ] } },
{ "type": "Feature", "properties": { "idcar_200m": "CRS3035RES200mN2475400E3486800", "population": 601.5, "median_education": 1.526, "median_healthcare": 5.099, "median_services": 0.725, "median_commerce": 8.45, "median_entertainment": 4.463, "PC1_pos": 2.5650958905530898, "nivvie": 26539.595511221945, "rel_education": 1.098410947688232, "rel_sante": 1.5531942995778447, "rel_services": 0.7935829083355308, "rel_commerce": 1.0108277824806065, "rel_loisirs": 2.069466375917989, "rel_pc1": 1.2253700690012521, "q_revenu": 3, "q_population": 5 }, "geometry": { "type": "Polygon", "coordinates": [ [ [ -0.575010909641058, 44.857335539981882 ], [ -0.575350303808205, 44.859117927542073 ], [ -0.572843821031213, 44.859372551311679 ], [ -0.57250450450162, 44.857590154359201 ], [ -0.575010909641058, 44.857335539981882 ] ] ] } },
{ "type": "Feature", "properties": { "idcar_200m": "CRS3035RES200mN2475400E3487000", "population": 488.0, "median_education": 3.02, "median_healthcare": 3.423, "median_services": 0.624, "median_commerce": 9.025, "median_entertainment": 3.301, "PC1_pos": 2.4452865355104989, "nivvie": 25385.134016393444, "rel_education": 2.1737883761588863, "rel_sante": 1.0426719136016793, "rel_services": 0.68302859972602925, "rel_commerce": 1.0796119215251447, "rel_loisirs": 1.5306539338797405, "rel_pc1": 1.1681360302285808, "q_revenu": 2, "q_population": 5 }, "geometry": { "type": "Polygon", "coordinates": [ [ [ -0.57250450450162, 44.857590154359201 ], [ -0.572843821031213, 44.859372551311679 ], [ -0.570337317815347, 44.85962711514432 ], [ -0.56999807892591, 44.85784470880165 ], [ -0.57250450450162, 44.857590154359201 ] ] ] } },
{ "type": "Feature", "properties": { "idcar_200m": "CRS3035RES200mN2475400E3487200", "population": 206.5, "median_education": 3.448, "median_healthcare": 2.4, "median_services": 0.47, "median_commerce": 8.648, "median_entertainment": 3.111, "PC1_pos": 2.2969582502501251, "nivvie": 31306.597094430992, "rel_education": 2.4818616956939867, "rel_sante": 0.73105830927374527, "rel_services": 0.51446064402441305, "rel_commerce": 1.0345134512298562, "rel_loisirs": 1.4425520715843296, "rel_pc1": 1.0972782343022263, "q_revenu": 4, "q_population": 2 }, "geometry": { "type": "Polygon", "coordinates": [ [ [ -0.56999807892591, 44.85784470880165 ], [ -0.570337317815347, 44.85962711514432 ], [ -0.567830794165038, 44.85988161903915 ], [ -0.567491632918363, 44.858099203308427 ], [ -0.56999807892591, 44.85784470880165 ] ] ] } },
{ "type": "Feature", "properties": { "idcar_200m": "CRS3035RES200mN2475400E3487400", "population": 521.5, "median_education": 2.715, "median_healthcare": 1.5515, "median_services": 0.2445, "median_commerce": 6.1265, "median_entertainment": 4.8445, "PC1_pos": 2.0041428618253412, "nivvie": 22741.465196548419, "rel_education": 1.9542501461163497, "rel_sante": 0.47259873618258991, "rel_services": 0.26762899460418932, "rel_commerce": 0.73288004844585042, "rel_loisirs": 2.246365641526932, "rel_pc1": 0.95739761072002583, "q_revenu": 2, "q_population": 5 }, "geometry": { "type": "Polygon", "coordinates": [ [ [ -0.567491632918363, 44.858099203308427 ], [ -0.567830794165038, 44.85988161903915 ], [ -0.565324250084726, 44.860136062995409 ], [ -0.564985166483419, 44.858353637878707 ], [ -0.567491632918363, 44.858099203308427 ] ] ] } },
{ "type": "Feature", "properties": { "idcar_200m": "CRS3035RES200mN2475400E3487600", "population": 475.5, "median_education": 3.328, "median_healthcare": 1.044, "median_services": 0.1485, "median_commerce": 3.839, "median_entertainment": 5.412, "PC1_pos": 2.0047542362797715, "nivvie": 24364.067297581492, "rel_education": 2.3954859986280712, "rel_sante": 0.31801036453407922, "rel_services": 0.1625476715694156, "rel_commerce": 0.45923879963823055, "rel_loisirs": 2.509511993382961, "rel_pc1": 0.95768966996045035, "q_revenu": 2, "q_population": 5 }, "geometry": { "type": "Polygon", "coordinates": [ [ [ -0.564985166483419, 44.858353637878707 ], [ -0.565324250084726, 44.860136062995409 ], [ -0.562817685578839, 44.860390447012328 ], [ -0.562478679625506, 44.858608012511759 ], [ -0.564985166483419, 44.858353637878707 ] ] ] } },
{ "type": "Feature", "properties": { "idcar_200m": "CRS3035RES200mN2475400E3487800", "population": 339.5, "median_education": 2.162, "median_healthcare": 1.026, "median_services": 0.09, "median_commerce": 2.987, "median_entertainment": 4.922, "PC1_pos": 1.7003957359946154, "nivvie": 21524.182916053018, "rel_education": 1.5562021421375869, "rel_sante": 0.31252742721452614, "rel_services": 0.098513740345100367, "rel_commerce": 0.35731864926267121, "rel_loisirs": 2.2823019274632177, "rel_pc1": 0.81229479491150125, "q_revenu": 1, "q_population": 4 }, "geometry": { "type": "Polygon", "coordinates": [ [ [ -0.562478679625506, 44.858608012511759 ], [ -0.562817685578839, 44.860390447012328 ], [ -0.560311100651825, 44.860644771089113 ], [ -0.559972172349062, 44.858862327206786 ], [ -0.562478679625506, 44.858608012511759 ] ] ] } },
{ "type": "Feature", "properties": { "idcar_200m": "CRS3035RES200mN2475400E3488000", "population": 554.5, "median_education": 1.3205, "median_healthcare": 2.0805, "median_services": 0.171, "median_commerce": 3.7375, "median_entertainment": 2.8555, "PC1_pos": 1.3632390456444061, "nivvie": 22173.391704238053, "rel_education": 0.95049256646285085, "rel_sante": 0.63373617185167785, "rel_services": 0.1871761066556907, "rel_commerce": 0.44709690378949901, "rel_loisirs": 1.3240782514976064, "rel_pc1": 0.65123192063837321, "q_revenu": 2, "q_population": 5 }, "geometry": { "type": "Polygon", "coordinates": [ [ [ -0.559972172349062, 44.858862327206786 ], [ -0.560311100651825, 44.860644771089113 ], [ -0.557804495308109, 44.860899035225003 ], [ -0.557465644658526, 44.859116581962994 ], [ -0.559972172349062, 44.858862327206786 ] ] ] } },
{ "type": "Feature", "properties": { "idcar_200m": "CRS3035RES200mN2475400E3488200", "population": 377.0, "median_education": 0.452, "median_healthcare": 3.471, "median_services": 0.315, "median_commerce": 5.609, "median_entertainment": 1.221, "PC1_pos": 1.2077348118151798, "nivvie": 23655.967374005304, "rel_education": 0.32534845894828368, "rel_sante": 1.0572930797871543, "rel_services": 0.34479809120785132, "rel_commerce": 0.6709743233057659, "rel_loisirs": 0.56617038875103398, "rel_pc1": 0.57694610760538789, "q_revenu": 2, "q_population": 4 }, "geometry": { "type": "Polygon", "coordinates": [ [ [ -0.557465644658526, 44.859116581962994 ], [ -0.557804495308109, 44.860899035225003 ], [ -0.555297869552132, 44.861153239419146 ], [ -0.55495909655833, 44.859370776779627 ], [ -0.557465644658526, 44.859116581962994 ] ] ] } },
{ "type": "Feature", "properties": { "idcar_200m": "CRS3035RES200mN2475400E3488400", "population": 472.5, "median_education": 0.296, "median_healthcare": 5.45, "median_services": 0.584, "median_commerce": 6.787, "median_entertainment": 1.412, "PC1_pos": 1.6339757841401179, "nivvie": 22382.639788359789, "rel_education": 0.21306005276259285, "rel_sante": 1.6601115773091299, "rel_services": 0.6392447151282068, "rel_commerce": 0.81189208990483741, "rel_loisirs": 0.65473594505852573, "rel_pc1": 0.7805653686211429, "q_revenu": 2, "q_population": 5 }, "geometry": { "type": "Polygon", "coordinates": [ [ [ -0.55495909655833, 44.859370776779627 ], [ -0.555297869552132, 44.861153239419146 ], [ -0.552791223388332, 44.861407383670858 ], [ -0.552452528052913, 44.859624911655864 ], [ -0.55495909655833, 44.859370776779627 ] ] ] } },
{ "type": "Feature", "properties": { "idcar_200m": "CRS3035RES200mN2475600E3481800", "population": 595.5, "median_education": 0.047, "median_healthcare": 0.316, "median_services": 0.013, "median_commerce": 1.3025, "median_entertainment": 0.3785, "PC1_pos": 0.21702013763593286, "nivvie": 25321.289168765743, "rel_education": 0.033830481350817107, "rel_sante": 0.096256010721043131, "rel_services": 0.014229762494292275, "rel_commerce": 0.1558110280095846, "rel_loisirs": 0.17550818357269971, "rel_pc1": 0.10367253014165644, "q_revenu": 2, "q_population": 5 }, "geometry": { "type": "Polygon", "coordinates": [ [ [ -0.63800571763208, 44.85273285607245 ], [ -0.638347080397673, 44.854515004243467 ], [ -0.635841032454631, 44.854771135628503 ], [ -0.635499747267467, 44.852988978011894 ], [ -0.63800571763208, 44.85273285607245 ] ] ] } },
{ "type": "Feature", "properties": { "idcar_200m": "CRS3035RES200mN2475600E3482000", "population": 199.0, "median_education": 0.173, "median_healthcare": 0.9205, "median_services": 0.008, "median_commerce": 1.4375, "median_entertainment": 1.634, "PC1_pos": 0.51470257582163192, "nivvie": 21899.798994974873, "rel_education": 0.12452496327002892, "rel_sante": 0.28039132236936776, "rel_services": 0.0087567769195644775, "rel_commerce": 0.17196034761134577, "rel_loisirs": 0.75767601574053178, "rel_pc1": 0.24587818848116536, "q_revenu": 2, "q_population": 2 }, "geometry": { "type": "Polygon", "coordinates": [ [ [ -0.635499747267467, 44.852988978011894 ], [ -0.635841032454631, 44.854771135628503 ], [ -0.633334963959323, 44.855027207094096 ], [ -0.632993756353205, 44.853245040034004 ], [ -0.635499747267467, 44.852988978011894 ] ] ] } },
{ "type": "Feature", "properties": { "idcar_200m": "CRS3035RES200mN2475600E3482200", "population": 489.0, "median_education": 0.621, "median_healthcare": 2.229, "median_services": 0.016, "median_commerce": 1.215, "median_entertainment": 2.944, "PC1_pos": 0.97651293111085957, "nivvie": 16925.723108384456, "rel_education": 0.4469942323161154, "rel_sante": 0.67897040473799097, "rel_services": 0.017513553839128955, "rel_commerce": 0.14534387641585053, "rel_loisirs": 1.3651151715667844, "rel_pc1": 0.46648927324035377, "q_revenu": 1, "q_population": 5 }, "geometry": { "type": "Polygon", "coordinates": [ [ [ -0.632993756353205, 44.853245040034004 ], [ -0.633334963959323, 44.855027207094096 ], [ -0.630828874916167, 44.855283218639435 ], [ -0.630487744893714, 44.853501042137943 ], [ -0.632993756353205, 44.853245040034004 ] ] ] } },
{ "type": "Feature", "properties": { "idcar_200m": "CRS3035RES200mN2475600E3482400", "population": 215.0, "median_education": 0.635, "median_healthcare": 3.036, "median_services": 0.023, "median_commerce": 0.712, "median_entertainment": 2.691, "PC1_pos": 0.94897107077441611, "nivvie": 27478.510697674417, "rel_education": 0.45707139697380561, "rel_sante": 0.92478876123128784, "rel_services": 0.025175733643747873, "rel_commerce": 0.085172707825584823, "rel_loisirs": 1.2478005865102639, "rel_pc1": 0.45333227142019433, "q_revenu": 3, "q_population": 3 }, "geometry": { "type": "Polygon", "coordinates": [ [ [ -0.630487744893714, 44.853501042137943 ], [ -0.630828874916167, 44.855283218639435 ], [ -0.628322765329602, 44.855539170263732 ], [ -0.627981712893437, 44.853756984322963 ], [ -0.630487744893714, 44.853501042137943 ] ] ] } },
{ "type": "Feature", "properties": { "idcar_200m": "CRS3035RES200mN2475600E3482600", "population": 201.5, "median_education": 0.761, "median_healthcare": 2.771, "median_services": 0.041, "median_commerce": 0.541, "median_entertainment": 2.003, "PC1_pos": 0.81261379747798679, "nivvie": 24447.735483870969, "rel_education": 0.54776587889301742, "rel_sante": 0.84406773958231174, "rel_services": 0.044878481712767947, "rel_commerce": 0.06471690299668735, "rel_loisirs": 0.92877910619846105, "rel_pc1": 0.38819313880397061, "q_revenu": 2, "q_population": 2 }, "geometry": { "type": "Polygon", "coordinates": [ [ [ -0.627981712893437, 44.853756984322963 ], [ -0.628322765329602, 44.855539170263732 ], [ -0.625816635204054, 44.855795061966219 ], [ -0.62547566035679, 44.854012866588256 ], [ -0.627981712893437, 44.853756984322963 ] ] ] } },
{ "type": "Feature", "properties": { "idcar_200m": "CRS3035RES200mN2475600E3482800", "population": 163.0, "median_education": 0.929, "median_healthcare": 4.575, "median_services": 0.084, "median_commerce": 0.722, "median_entertainment": 1.781, "PC1_pos": 0.9520489107060528, "nivvie": 31992.40920245399, "rel_education": 0.66869185478529991, "rel_sante": 1.393579902053077, "rel_services": 0.091946157655427019, "rel_commerce": 0.086368953722011588, "rel_loisirs": 0.82583903551645488, "rel_pc1": 0.45480258406748925, "q_revenu": 5, "q_population": 2 }, "geometry": { "type": "Polygon", "coordinates": [ [ [ -0.62547566035679, 44.854012866588256 ], [ -0.625816635204054, 44.855795061966219 ], [ -0.623310484543946, 44.85605089374608 ], [ -0.6229695872882, 44.85426868893304 ], [ -0.62547566035679, 44.854012866588256 ] ] ] } },
{ "type": "Feature", "properties": { "idcar_200m": "CRS3035RES200mN2475600E3483000", "population": 10.0, "median_education": 0.4745, "median_healthcare": 2.0545, "median_services": 0.094, "median_commerce": 0.4175, "median_entertainment": 2.935, "PC1_pos": 0.9316791361692629, "nivvie": 37223.62, "rel_education": 0.3415439021481429, "rel_sante": 0.62581637350121233, "rel_services": 0.10289212880488262, "rel_commerce": 0.049943266175816944, "rel_loisirs": 1.3609419254580546, "rel_pc1": 0.44507175407333094, "q_revenu": 5, "q_population": 1 }, "geometry": { "type": "Polygon", "coordinates": [ [ [ -0.6229695872882, 44.85426868893304 ], [ -0.623310484543946, 44.85605089374608 ], [ -0.620804313353709, 44.856306665602574 ], [ -0.620463493692101, 44.854524451356525 ], [ -0.6229695872882, 44.85426868893304 ] ] ] } },
{ "type": "Feature", "properties": { "idcar_200m": "CRS3035RES200mN2475600E3483200", "population": 138.0, "median_education": 0.6375, "median_healthcare": 4.772, "median_services": 0.147, "median_commerce": 1.3475, "median_entertainment": 2.3545, "PC1_pos": 1.1657229926097217, "nivvie": 32532.174637681157, "rel_education": 0.45887089066267883, "rel_sante": 1.4535876049392971, "rel_services": 0.16090577589699726, "rel_commerce": 0.16119413454350501, "rel_loisirs": 1.0917675514449707, "rel_pc1": 0.55687667238924077, "q_revenu": 5, "q_population": 2 }, "geometry": { "type": "Polygon", "coordinates": [ [ [ -0.620463493692101, 44.854524451356525 ], [ -0.620804313353709, 44.856306665602574 ], [ -0.618298121637778, 44.856562377534878 ], [ -0.617957379572921, 44.854780153857945 ], [ -0.620463493692101, 44.854524451356525 ] ] ] } },
{ "type": "Feature", "properties": { "idcar_200m": "CRS3035RES200mN2475600E3483400", "population": 135.5, "median_education": 1.051, "median_healthcare": 4.92, "median_services": 0.173, "median_commerce": 1.937, "median_entertainment": 2.959, "PC1_pos": 1.3961714383452306, "nivvie": 33469.822140221404, "rel_education": 0.75650714680231446, "rel_sante": 1.4986695340111778, "rel_services": 0.18936530088558182, "rel_commerce": 0.23171283013786212, "rel_loisirs": 1.3720705817480012, "rel_pc1": 0.66696402970486279, "q_revenu": 5, "q_population": 2 }, "geometry": { "type": "Polygon", "coordinates": [ [ [ -0.617957379572921, 44.854780153857945 ], [ -0.618298121637778, 44.856562377534878 ], [ -0.615791909400575, 44.856818029542204 ], [ -0.615451244935085, 44.855035796436468 ], [ -0.617957379572921, 44.854780153857945 ] ] ] } },
{ "type": "Feature", "properties": { "idcar_200m": "CRS3035RES200mN2475600E3483600", "population": 69.0, "median_education": 0.755, "median_healthcare": 6.778, "median_services": 0.286, "median_commerce": 2.251, "median_entertainment": 2.734, "PC1_pos": 1.4615960134399202, "nivvie": 37223.615942028984, "rel_education": 0.54344709403972158, "rel_sante": 2.0646305084406023, "rel_services": 0.31305477487443006, "rel_commerce": 0.26927495128566215, "rel_loisirs": 1.2677394290297517, "rel_pc1": 0.69821795529626485, "q_revenu": 5, "q_population": 1 }, "geometry": { "type": "Polygon", "coordinates": [ [ [ -0.615451244935085, 44.855035796436468 ], [ -0.615791909400575, 44.856818029542204 ], [ -0.613285676646532, 44.857073621623805 ], [ -0.61294508978303, 44.855291379091376 ], [ -0.615451244935085, 44.855035796436468 ] ] ] } },
{ "type": "Feature", "properties": { "idcar_200m": "CRS3035RES200mN2475600E3483800", "population": 402.5, "median_education": 0.116, "median_healthcare": 1.567, "median_services": 0.161, "median_commerce": 0.905, "median_entertainment": 0.598, "PC1_pos": 0.38764025144216063, "nivvie": 31143.025341614906, "rel_education": 0.083496507163718828, "rel_sante": 0.47732015442998288, "rel_services": 0.17623013550623512, "rel_commerce": 0.10826025362662117, "rel_loisirs": 0.27728901922450311, "rel_pc1": 0.18517933906748502, "q_revenu": 4, "q_population": 4 }, "geometry": { "type": "Polygon", "coordinates": [ [ [ -0.61294508978303, 44.855291379091376 ], [ -0.613285676646532, 44.857073621623805 ], [ -0.61077942338008, 44.857329153778842 ], [ -0.610438914121177, 44.855546901821853 ], [ -0.61294508978303, 44.855291379091376 ] ] ] } },
{ "type": "Feature", "properties": { "idcar_200m": "CRS3035RES200mN2475600E3484000", "population": 234.5, "median_education": 0.0435, "median_healthcare": 1.1685, "median_services": 0.2235, "median_commerce": 1.038, "median_entertainment": 0.3305, "PC1_pos": 0.40884239920250209, "nivvie": 31717.405970149255, "rel_education": 0.031311190186394555, "rel_sante": 0.3559340143276547, "rel_services": 0.24464245519033259, "rel_commerce": 0.12417032404909696, "rel_loisirs": 0.15325087099280649, "rel_pc1": 0.19530780146132654, "q_revenu": 5, "q_population": 3 }, "geometry": { "type": "Polygon", "coordinates": [ [ [ -0.610438914121177, 44.855546901821853 ], [ -0.61077942338008, 44.857329153778842 ], [ -0.60827314960565, 44.857584626006577 ], [ -0.607932717953956, 44.85580236462706 ], [ -0.610438914121177, 44.855546901821853 ] ] ] } },
{ "type": "Feature", "properties": { "idcar_200m": "CRS3035RES200mN2475600E3484200", "population": 365.5, "median_education": 0.048, "median_healthcare": 0.792, "median_services": 0.2275, "median_commerce": 1.2295, "median_entertainment": 0.328, "PC1_pos": 0.41876616147144086, "nivvie": 30786.550752393981, "rel_education": 0.03455027882636641, "rel_sante": 0.24124924206033596, "rel_services": 0.24902084365011484, "rel_commerce": 0.1470784329656693, "rel_loisirs": 0.15209163596260372, "rel_pc1": 0.20004847462720163, "q_revenu": 4, "q_population": 4 }, "geometry": { "type": "Polygon", "coordinates": [ [ [ -0.607932717953956, 44.85580236462706 ], [ -0.60827314960565, 44.857584626006577 ], [ -0.605766855327674, 44.857840038306172 ], [ -0.605426501285809, 44.856057767506293 ], [ -0.607932717953956, 44.85580236462706 ] ] ] } },
{ "type": "Feature", "properties": { "idcar_200m": "CRS3035RES200mN2475600E3484400", "population": 313.5, "median_education": 0.225, "median_healthcare": 0.3085, "median_services": 0.195, "median_commerce": 0.9065, "median_entertainment": 0.6595, "PC1_pos": 0.39514695796042765, "nivvie": 33199.797129186605, "rel_education": 0.16195443199859255, "rel_sante": 0.09397145350456268, "rel_services": 0.21344643741438415, "rel_commerce": 0.10843969051108519, "rel_loisirs": 0.30580620096749128, "rel_pc1": 0.1887653623105684, "q_revenu": 5, "q_population": 4 }, "geometry": { "type": "Polygon", "coordinates": [ [ [ -0.605426501285809, 44.856057767506293 ], [ -0.605766855327674, 44.857840038306172 ], [ -0.603260540550583, 44.85809539067688 ], [ -0.602920264121157, 44.856313110458707 ], [ -0.605426501285809, 44.856057767506293 ] ] ] } },
{ "type": "Feature", "properties": { "idcar_200m": "CRS3035RES200mN2475600E3484600", "population": 236.5, "median_education": 0.372, "median_healthcare": 0.046, "median_services": 0.061, "median_commerce": 0.29, "median_entertainment": 0.572, "PC1_pos": 0.24040573311232594, "nivvie": 35233.542071881609, "rel_education": 0.26776466090433965, "rel_sante": 0.014011950927746784, "rel_services": 0.066770424011679139, "rel_commerce": 0.034691130996375844, "rel_loisirs": 0.26523297491039427, "rel_pc1": 0.11484404573609462, "q_revenu": 5, "q_population": 3 }, "geometry": { "type": "Polygon", "coordinates": [ [ [ -0.602920264121157, 44.856313110458707 ], [ -0.603260540550583, 44.85809539067688 ], [ -0.6007542052788, 44.858350683117919 ], [ -0.600414006464427, 44.856568393483535 ], [ -0.602920264121157, 44.856313110458707 ] ] ] } },
{ "type": "Feature", "properties": { "idcar_200m": "CRS3035RES200mN2475600E3485400", "population": 146.0, "median_education": 0.678, "median_healthcare": 2.2105, "median_services": 0.0085, "median_commerce": 1.7175, "median_entertainment": 0.3705, "PC1_pos": 0.4931385517621798, "nivvie": 31924.36780821918, "rel_education": 0.48802268842242552, "rel_sante": 0.67333516360400569, "rel_services": 0.0093040754770372588, "rel_commerce": 0.20545523271129487, "rel_loisirs": 0.17179863147605082, "rel_pc1": 0.23557685442695267, "q_revenu": 5, "q_population": 2 }, "geometry": { "type": "Polygon", "coordinates": [ [ [ -0.592895110586122, 44.857333882984697 ], [ -0.593235076539671, 44.859116200855048 ], [ -0.590728659333475, 44.859371253569464 ], [ -0.590388771005423, 44.857588926291356 ], [ -0.592895110586122, 44.857333882984697 ] ] ] } },
{ "type": "Feature", "properties": { "idcar_200m": "CRS3035RES200mN2475600E3485600", "population": 145.5, "median_education": 0.699, "median_healthcare": 5.4095, "median_services": 0.021, "median_commerce": 1.422, "median_entertainment": 0.9015, "PC1_pos": 0.90892565808428438, "nivvie": 31972.056357388319, "rel_education": 0.50313843540896075, "rel_sante": 1.6477749683401353, "rel_services": 0.022986539413856755, "rel_commerce": 0.17010616647188434, "rel_loisirs": 0.41802015189111963, "rel_pc1": 0.43420220681246935, "q_revenu": 5, "q_population": 2 }, "geometry": { "type": "Polygon", "coordinates": [ [ [ -0.590388771005423, 44.857588926291356 ], [ -0.590728659333475, 44.859371253569464 ], [ -0.588222221654757, 44.859626246350295 ], [ -0.587882410954812, 44.857843909666485 ], [ -0.590388771005423, 44.857588926291356 ] ] ] } },
{ "type": "Feature", "properties": { "idcar_200m": "CRS3035RES200mN2475600E3485800", "population": 952.0, "median_education": 0.932, "median_healthcare": 6.265, "median_services": 0.0595, "median_commerce": 1.6455, "median_entertainment": 1.324, "PC1_pos": 1.1199387852148051, "nivvie": 18974.975945378152, "rel_education": 0.67085124721194778, "rel_sante": 1.9083667948333394, "rel_services": 0.065128528339260805, "rel_commerce": 0.19684226225702225, "rel_loisirs": 0.61393087199538821, "rel_pc1": 0.53500513238900327, "q_revenu": 1, "q_population": 5 }, "geometry": { "type": "Polygon", "coordinates": [ [ [ -0.587882410954812, 44.857843909666485 ], [ -0.588222221654757, 44.859626246350295 ], [ -0.585715763507948, 44.859881179196734 ], [ -0.585376030438717, 44.858098833109324 ], [ -0.587882410954812, 44.857843909666485 ] ] ] } },
{ "type": "Feature", "properties": { "idcar_200m": "CRS3035RES200mN2475600E3486000", "population": 12.0, "median_education": 2.447, "median_healthcare": 4.0055, "median_services": 0.297, "median_commerce": 3.4135, "median_entertainment": 2.976, "PC1_pos": 1.7153075855560693, "nivvie": 17387.1, "rel_education": 1.7613444226691375, "rel_sante": 1.2201058574149943, "rel_services": 0.32509534313883121, "rel_commerce": 0.40833853674527221, "rel_loisirs": 1.3799533799533799, "rel_pc1": 0.81941832358477629, "q_revenu": 1, "q_population": 1 }, "geometry": { "type": "Polygon", "coordinates": [ [ [ -0.585376030438717, 44.858098833109324 ], [ -0.585715763507948, 44.859881179196734 ], [ -0.583209284897481, 44.860136052107968 ], [ -0.582869629461571, 44.858353696619098 ], [ -0.585376030438717, 44.858098833109324 ] ] ] } },
{ "type": "Feature", "properties": { "idcar_200m": "CRS3035RES200mN2475600E3486200", "population": 5.0, "median_education": 1.926, "median_healthcare": 2.825, "median_services": 0.573, "median_commerce": 8.0, "median_entertainment": 2.968, "PC1_pos": 1.9717608340951471, "nivvie": 17387.1, "rel_education": 1.3863299379079521, "rel_sante": 0.86051655154097106, "rel_services": 0.62720414686380566, "rel_commerce": 0.95699671714140255, "rel_loisirs": 1.3762438278567311, "rel_pc1": 0.94192841609838052, "q_revenu": 1, "q_population": 1 }, "geometry": { "type": "Polygon", "coordinates": [ [ [ -0.582869629461571, 44.858353696619098 ], [ -0.583209284897481, 44.860136052107968 ], [ -0.580702785827792, 44.860390865083282 ], [ -0.58036320802782, 44.858608500195004 ], [ -0.582869629461571, 44.858353696619098 ] ] ] } },
{ "type": "Feature", "properties": { "idcar_200m": "CRS3035RES200mN2475600E3486400", "population": 1192.0, "median_education": 1.611, "median_healthcare": 2.622, "median_services": 0.466, "median_commerce": 5.067, "median_entertainment": 2.671, "PC1_pos": 1.6447763802383102, "nivvie": 14983.485234899328, "rel_education": 1.1595937331099226, "rel_sante": 0.79868120288156674, "rel_services": 0.51008225556463083, "rel_commerce": 0.60613779571943593, "rel_loisirs": 1.2385267062686416, "rel_pc1": 0.78572491342991135, "q_revenu": 1, "q_population": 5 }, "geometry": { "type": "Polygon", "coordinates": [ [ [ -0.58036320802782, 44.858608500195004 ], [ -0.580702785827792, 44.860390865083282 ], [ -0.578196266303318, 44.860645618121808 ], [ -0.577856766141884, 44.858863243836268 ], [ -0.58036320802782, 44.858608500195004 ] ] ] } },
{ "type": "Feature", "properties": { "idcar_200m": "CRS3035RES200mN2475600E3486600", "population": 108.0, "median_education": 1.5715, "median_healthcare": 3.9545, "median_services": 0.6185, "median_commerce": 3.757, "median_entertainment": 3.7455, "PC1_pos": 1.9892282226711464, "nivvie": 24858.861111111109, "rel_education": 1.1311617328257251, "rel_sante": 1.2045708683429275, "rel_services": 0.67700831559382868, "rel_commerce": 0.44942958328753119, "rel_loisirs": 1.7367659222497931, "rel_pc1": 0.95027274943245665, "q_revenu": 2, "q_population": 1 }, "geometry": { "type": "Polygon", "coordinates": [ [ [ -0.577856766141884, 44.858863243836268 ], [ -0.578196266303318, 44.860645618121808 ], [ -0.57568972632849, 44.8609003112228 ], [ -0.575350303808205, 44.859117927542073 ], [ -0.577856766141884, 44.858863243836268 ] ] ] } },
{ "type": "Feature", "properties": { "idcar_200m": "CRS3035RES200mN2475600E3486800", "population": 938.0, "median_education": 1.468, "median_healthcare": 6.9445, "median_services": 0.629, "median_commerce": 4.31, "median_entertainment": 3.795, "PC1_pos": 2.0479884692154315, "nivvie": 19923.335074626866, "rel_education": 1.0566626941063726, "rel_sante": 2.1153476786464682, "rel_services": 0.688501585300757, "rel_commerce": 0.51558198135993072, "rel_loisirs": 1.7597187758478081, "rel_pc1": 0.97834306353949618, "q_revenu": 1, "q_population": 5 }, "geometry": { "type": "Polygon", "coordinates": [ [ [ -0.575350303808205, 44.859117927542073 ], [ -0.57568972632849, 44.8609003112228 ], [ -0.573183165907743, 44.861154944385483 ], [ -0.572843821031213, 44.859372551311679 ], [ -0.575350303808205, 44.859117927542073 ] ] ] } },
{ "type": "Feature", "properties": { "idcar_200m": "CRS3035RES200mN2475600E3487000", "population": 511.0, "median_education": 2.599, "median_healthcare": 2.351, "median_services": 0.287, "median_commerce": 4.619, "median_entertainment": 2.24, "PC1_pos": 1.5075065424114795, "nivvie": 26529.542857142857, "rel_education": 1.8707536389526314, "rel_sante": 0.71613253545940636, "rel_services": 0.31414937198937559, "rel_commerce": 0.55254597955951734, "rel_loisirs": 1.038674587061684, "rel_pc1": 0.72014984028386009, "q_revenu": 3, "q_population": 5 }, "geometry": { "type": "Polygon", "coordinates": [ [ [ -0.572843821031213, 44.859372551311679 ], [ -0.573183165907743, 44.861154944385483 ], [ -0.570676585045517, 44.861409517609097 ], [ -0.570337317815347, 44.85962711514432 ], [ -0.572843821031213, 44.859372551311679 ] ] ] } },
{ "type": "Feature", "properties": { "idcar_200m": "CRS3035RES200mN2475600E3487200", "population": 281.0, "median_education": 3.929, "median_healthcare": 2.026, "median_services": 0.353, "median_commerce": 5.297, "median_entertainment": 2.105, "PC1_pos": 1.7710980889611654, "nivvie": 30280.907473309609, "rel_education": 2.8280842814332003, "rel_sante": 0.61713505607858665, "rel_services": 0.38639278157578255, "rel_commerce": 0.6336514513372512, "rel_loisirs": 0.97607589543073414, "rel_pc1": 0.84606996388364109, "q_revenu": 4, "q_population": 3 }, "geometry": { "type": "Polygon", "coordinates": [ [ [ -0.570337317815347, 44.85962711514432 ], [ -0.570676585045517, 44.861409517609097 ], [ -0.568169983746243, 44.861664030892811 ], [ -0.567830794165038, 44.85988161903915 ], [ -0.570337317815347, 44.85962711514432 ] ] ] } },
{ "type": "Feature", "properties": { "idcar_200m": "CRS3035RES200mN2475600E3487400", "population": 833.5, "median_education": 1.898, "median_healthcare": 1.501, "median_services": 0.28, "median_commerce": 2.435, "median_entertainment": 1.582, "PC1_pos": 1.1353407471721271, "nivvie": 22066.549010197963, "rel_education": 1.3661756085925716, "rel_sante": 0.45721605092495482, "rel_services": 0.30648719218475673, "rel_commerce": 0.29128587577991444, "rel_loisirs": 0.73356392711231422, "rel_pc1": 0.54236279229400153, "q_revenu": 2, "q_population": 5 }, "geometry": { "type": "Polygon", "coordinates": [ [ [ -0.567830794165038, 44.85988161903915 ], [ -0.568169983746243, 44.861664030892811 ], [ -0.56566336201436, 44.861918484235829 ], [ -0.565324250084726, 44.860136062995409 ], [ -0.567830794165038, 44.85988161903915 ] ] ] } },
{ "type": "Feature", "properties": { "idcar_200m": "CRS3035RES200mN2475600E3487600", "population": 482.0, "median_education": 2.849, "median_healthcare": 1.631, "median_services": 0.3, "median_commerce": 2.294, "median_entertainment": 3.785, "PC1_pos": 1.6796990998234105, "nivvie": 21849.961410788383, "rel_education": 2.0507030078399562, "rel_sante": 0.49681504267728277, "rel_services": 0.3283791344836679, "rel_commerce": 0.27441880864029722, "rel_loisirs": 1.7550818357269971, "rel_pc1": 0.80240782008665956, "q_revenu": 1, "q_population": 5 }, "geometry": { "type": "Polygon", "coordinates": [ [ [ -0.565324250084726, 44.860136062995409 ], [ -0.56566336201436, 44.861918484235829 ], [ -0.563156719854293, 44.862172877637413 ], [ -0.562817685578839, 44.860390447012328 ], [ -0.565324250084726, 44.860136062995409 ] ] ] } },
{ "type": "Feature", "properties": { "idcar_200m": "CRS3035RES200mN2475600E3487800", "population": 682.0, "median_education": 3.072, "median_healthcare": 1.967, "median_services": 0.246, "median_commerce": 2.887, "median_entertainment": 5.522, "PC1_pos": 1.9823636070609729, "nivvie": 25080.929032258067, "rel_education": 2.2112178448874502, "rel_sante": 0.59916320597560713, "rel_services": 0.26927089027660767, "rel_commerce": 0.34535619029840364, "rel_loisirs": 2.5605183347118832, "rel_pc1": 0.94699345896425846, "q_revenu": 2, "q_population": 5 }, "geometry": { "type": "Polygon", "coordinates": [ [ [ -0.562817685578839, 44.860390447012328 ], [ -0.563156719854293, 44.862172877637413 ], [ -0.560650057270501, 44.862427211096772 ], [ -0.560311100651825, 44.860644771089113 ], [ -0.562817685578839, 44.860390447012328 ] ] ] } },
{ "type": "Feature", "properties": { "idcar_200m": "CRS3035RES200mN2475600E3488000", "population": 657.0, "median_education": 1.6495, "median_healthcare": 3.3275, "median_services": 0.297, "median_commerce": 3.519, "median_entertainment": 2.8895, "PC1_pos": 1.5451510669665023, "nivvie": 22055.963013698631, "rel_education": 1.1873059359185707, "rel_sante": 1.0135818850451614, "rel_services": 0.32509534313883121, "rel_commerce": 0.42095893095257447, "rel_loisirs": 1.3398438479083641, "rel_pc1": 0.73813297838851843, "q_revenu": 2, "q_population": 5 }, "geometry": { "type": "Polygon", "coordinates": [ [ [ -0.560311100651825, 44.860644771089113 ], [ -0.560650057270501, 44.862427211096772 ], [ -0.558143374267404, 44.862681484613127 ], [ -0.557804495308109, 44.860899035225003 ], [ -0.560311100651825, 44.860644771089113 ] ] ] } },
{ "type": "Feature", "properties": { "idcar_200m": "CRS3035RES200mN2475600E3488200", "population": 732.0, "median_education": 1.021, "median_healthcare": 6.185, "median_services": 0.572, "median_commerce": 6.692, "median_entertainment": 2.302, "PC1_pos": 1.9265077557694372, "nivvie": 21737.56092896175, "rel_education": 0.73491322253583535, "rel_sante": 1.8839981845242144, "rel_services": 0.62610954974886013, "rel_commerce": 0.80052775388878328, "rel_loisirs": 1.0674236158107127, "rel_pc1": 0.92031060137468312, "q_revenu": 1, "q_population": 5 }, "geometry": { "type": "Polygon", "coordinates": [ [ [ -0.557804495308109, 44.860899035225003 ], [ -0.558143374267404, 44.862681484613127 ], [ -0.555636670849439, 44.862935698185666 ], [ -0.555297869552132, 44.861153239419146 ], [ -0.557804495308109, 44.860899035225003 ] ] ] } },
{ "type": "Feature", "properties": { "idcar_200m": "CRS3035RES200mN2475800E3481800", "population": 28.5, "median_education": 0.066, "median_healthcare": 0.583, "median_services": 0.029, "median_commerce": 2.401, "median_entertainment": 0.393, "PC1_pos": 0.32976589746309792, "nivvie": 25791.315789473683, "rel_education": 0.047506633386253813, "rel_sante": 0.17758624762774727, "rel_services": 0.031743316333421236, "rel_commerce": 0.28721863973206341, "rel_loisirs": 0.18223174674787579, "rel_pc1": 0.15753222404542805, "q_revenu": 3, "q_population": 1 }, "geometry": { "type": "Polygon", "coordinates": [ [ [ -0.638347080397673, 44.854515004243467 ], [ -0.638688471674657, 44.856297148515033 ], [ -0.636182346146997, 44.856553289346486 ], [ -0.635841032454631, 44.854771135628503 ], [ -0.638347080397673, 44.854515004243467 ] ] ] } },
{ "type": "Feature", "properties": { "idcar_200m": "CRS3035RES200mN2475800E3482000", "population": 597.0, "median_education": 0.143, "median_healthcare": 1.984, "median_services": 0.028, "median_commerce": 3.232, "median_entertainment": 1.027, "PC1_pos": 0.63302994081014674, "nivvie": 24707.651591289781, "rel_education": 0.10293103900354991, "rel_sante": 0.60434153566629611, "rel_services": 0.030648719218475673, "rel_commerce": 0.38662667372512666, "rel_loisirs": 0.47621375040729874, "rel_pc1": 0.30240426687640565, "q_revenu": 2, "q_population": 5 }, "geometry": { "type": "Polygon", "coordinates": [ [ [ -0.635841032454631, 44.854771135628503 ], [ -0.636182346146997, 44.856553289346486 ], [ -0.633676200064445, 44.856809370256379 ], [ -0.633334963959323, 44.855027207094096 ], [ -0.635841032454631, 44.854771135628503 ] ] ] } },
{ "type": "Feature", "properties": { "idcar_200m": "CRS3035RES200mN2475800E3482200", "population": 113.0, "median_education": 0.297, "median_healthcare": 5.247, "median_services": 0.054, "median_commerce": 3.2, "median_entertainment": 1.714, "PC1_pos": 1.1895817644474902, "nivvie": 30223.046902654867, "rel_education": 0.21377985023814214, "rel_sante": 1.5982762286497256, "rel_services": 0.05910824420706022, "rel_commerce": 0.38279868685656104, "rel_loisirs": 0.79477153670702061, "rel_pc1": 0.56827422871483591, "q_revenu": 4, "q_population": 1 }, "geometry": { "type": "Polygon", "coordinates": [ [ [ -0.633334963959323, 44.855027207094096 ], [ -0.633676200064445, 44.856809370256379 ], [ -0.631170033431429, 44.8570653912439 ], [ -0.630828874916167, 44.855283218639435 ], [ -0.633334963959323, 44.855027207094096 ] ] ] } },
{ "type": "Feature", "properties": { "idcar_200m": "CRS3035RES200mN2475800E3482400", "population": 134.0, "median_education": 0.717, "median_healthcare": 8.956, "median_services": 0.062, "median_commerce": 2.442, "median_entertainment": 2.386, "PC1_pos": 1.5393042876424019, "nivvie": 32761.846268656718, "rel_education": 0.51609478996884817, "rel_sante": 2.7280659241065259, "rel_services": 0.067865021126624694, "rel_commerce": 0.29212324790741317, "rel_loisirs": 1.1063739128255259, "rel_pc1": 0.73533991774302998, "q_revenu": 5, "q_population": 2 }, "geometry": { "type": "Polygon", "coordinates": [ [ [ -0.630828874916167, 44.855283218639435 ], [ -0.631170033431429, 44.8570653912439 ], [ -0.628663846252386, 44.85732135230829 ], [ -0.628322765329602, 44.855539170263732 ], [ -0.630828874916167, 44.855283218639435 ] ] ] } },
{ "type": "Feature", "properties": { "idcar_200m": "CRS3035RES200mN2475800E3482600", "population": 101.0, "median_education": 0.86, "median_healthcare": 5.656, "median_services": 0.086, "median_commerce": 1.083, "median_entertainment": 2.016, "PC1_pos": 1.0807003504455877, "nivvie": 33782.064356435643, "rel_education": 0.61902582897239811, "rel_sante": 1.7228607488551264, "rel_services": 0.09413535188531813, "rel_commerce": 0.12955343058301738, "rel_loisirs": 0.93480712835551549, "rel_pc1": 0.5162605686096392, "q_revenu": 5, "q_population": 1 }, "geometry": { "type": "Polygon", "coordinates": [ [ [ -0.628322765329602, 44.855539170263732 ], [ -0.628663846252386, 44.85732135230829 ], [ -0.62615763853174, 44.857577253448781 ], [ -0.625816635204054, 44.855795061966219 ], [ -0.628322765329602, 44.855539170263732 ] ] ] } },
{ "type": "Feature", "properties": { "idcar_200m": "CRS3035RES200mN2475800E3482800", "population": 218.0, "median_education": 1.23, "median_healthcare": 4.311, "median_services": 0.22, "median_commerce": 0.683, "median_entertainment": 3.667, "PC1_pos": 1.4504499914528368, "nivvie": 28640.130733944956, "rel_education": 0.88535089492563923, "rel_sante": 1.313163488032965, "rel_services": 0.24081136528802313, "rel_commerce": 0.081703594725947251, "rel_loisirs": 1.7003659423014261, "rel_pc1": 0.6928933973404775, "q_revenu": 4, "q_population": 3 }, "geometry": { "type": "Polygon", "coordinates": [ [ [ -0.625816635204054, 44.855795061966219 ], [ -0.62615763853174, 44.857577253448781 ], [ -0.623651410273916, 44.857833094664549 ], [ -0.623310484543946, 44.85605089374608 ], [ -0.625816635204054, 44.855795061966219 ] ] ] } },
{ "type": "Feature", "properties": { "idcar_200m": "CRS3035RES200mN2475800E3483000", "population": 7.0, "median_education": 0.748, "median_healthcare": 4.817, "median_services": 0.24, "median_commerce": 1.052, "median_entertainment": 4.178, "PC1_pos": 1.574831347778844, "nivvie": 37223.614285714284, "rel_education": 0.53840851171087656, "rel_sante": 1.4672949482381796, "rel_services": 0.26270330758693433, "rel_commerce": 0.12584506830409445, "rel_loisirs": 1.9373135824748728, "rel_pc1": 0.75231152347953789, "q_revenu": 5, "q_population": 1 }, "geometry": { "type": "Polygon", "coordinates": [ [ [ -0.623310484543946, 44.85605089374608 ], [ -0.623651410273916, 44.857833094664549 ], [ -0.621145161483348, 44.858088875954842 ], [ -0.620804313353709, 44.856306665602574 ], [ -0.623310484543946, 44.85605089374608 ] ] ] } },
{ "type": "Feature", "properties": { "idcar_200m": "CRS3035RES200mN2475800E3483200", "population": 347.0, "median_education": 0.67, "median_healthcare": 6.562, "median_services": 0.148, "median_commerce": 1.012, "median_entertainment": 2.539, "PC1_pos": 1.3065439583148426, "nivvie": 26526.640345821324, "rel_education": 0.48226430861803116, "rel_sante": 1.9988352606059654, "rel_services": 0.16200037301194284, "rel_commerce": 0.12106008471838743, "rel_loisirs": 1.1773190966739355, "rel_pc1": 0.62414815221906483, "q_revenu": 3, "q_population": 4 }, "geometry": { "type": "Polygon", "coordinates": [ [ [ -0.620804313353709, 44.856306665602574 ], [ -0.621145161483348, 44.858088875954842 ], [ -0.618638892164464, 44.858344597318833 ], [ -0.618298121637778, 44.856562377534878 ], [ -0.620804313353709, 44.856306665602574 ] ] ] } },
{ "type": "Feature", "properties": { "idcar_200m": "CRS3035RES200mN2475800E3483400", "population": 201.5, "median_education": 1.09, "median_healthcare": 3.589, "median_services": 0.058, "median_commerce": 0.555, "median_entertainment": 1.18, "PC1_pos": 0.84593447141110656, "nivvie": 30900.333498759304, "rel_education": 0.78457924834873727, "rel_sante": 1.0932367799931133, "rel_services": 0.063486632666842471, "rel_commerce": 0.06639164725168481, "rel_loisirs": 0.54715893425570838, "rel_pc1": 0.40411073341201909, "q_revenu": 4, "q_population": 2 }, "geometry": { "type": "Polygon", "coordinates": [ [ [ -0.618298121637778, 44.856562377534878 ], [ -0.618638892164464, 44.858344597318833 ], [ -0.616132602321696, 44.858600258755793 ], [ -0.615791909400575, 44.856818029542204 ], [ -0.618298121637778, 44.856562377534878 ] ] ] } },
{ "type": "Feature", "properties": { "idcar_200m": "CRS3035RES200mN2475800E3483600", "population": 142.0, "median_education": 0.564, "median_healthcare": 2.885, "median_services": 0.067, "median_commerce": 0.71, "median_entertainment": 1.078, "PC1_pos": 0.67711128383426633, "nivvie": 34457.048591549297, "rel_education": 0.40596577620980523, "rel_sante": 0.87879300927281456, "rel_services": 0.073338006701352501, "rel_commerce": 0.084933458646299476, "rel_loisirs": 0.4998621450234354, "rel_pc1": 0.32346233279201797, "q_revenu": 5, "q_population": 2 }, "geometry": { "type": "Polygon", "coordinates": [ [ [ -0.615791909400575, 44.856818029542204 ], [ -0.616132602321696, 44.858600258755793 ], [ -0.613626291959474, 44.858855860264903 ], [ -0.613285676646532, 44.857073621623805 ], [ -0.615791909400575, 44.856818029542204 ] ] ] } },
{ "type": "Feature", "properties": { "idcar_200m": "CRS3035RES200mN2475800E3483800", "population": 182.5, "median_education": 0.074, "median_healthcare": 1.166, "median_services": 0.072, "median_commerce": 0.458, "median_entertainment": 0.371, "PC1_pos": 0.28410639185673192, "nivvie": 32949.129863013703, "rel_education": 0.053265013190648212, "rel_sante": 0.35517249525549455, "rel_services": 0.078810992276080294, "rel_commerce": 0.054788062056345302, "rel_loisirs": 0.17203047848209138, "rel_pc1": 0.13572025524477171, "q_revenu": 5, "q_population": 2 }, "geometry": { "type": "Polygon", "coordinates": [ [ [ -0.613285676646532, 44.857073621623805 ], [ -0.613626291959474, 44.858855860264903 ], [ -0.611119961082227, 44.859111401845325 ], [ -0.61077942338008, 44.857329153778842 ], [ -0.613285676646532, 44.857073621623805 ] ] ] } },
{ "type": "Feature", "properties": { "idcar_200m": "CRS3035RES200mN2475800E3484000", "population": 494.5, "median_education": 0.013, "median_healthcare": 0.62, "median_services": 0.132, "median_commerce": 0.546, "median_entertainment": 0.158, "PC1_pos": 0.21463733940157814, "nivvie": 27449.307987866534, "rel_education": 0.0093573671821409014, "rel_sante": 0.18885672989571753, "rel_services": 0.14448681917281389, "rel_commerce": 0.065315025944900726, "rel_loisirs": 0.073263653908815202, "rel_pc1": 0.1025342453517581, "q_revenu": 3, "q_population": 5 }, "geometry": { "type": "Polygon", "coordinates": [ [ [ -0.61077942338008, 44.857329153778842 ], [ -0.611119961082227, 44.859111401845325 ], [ -0.608613609694384, 44.859366883496349 ], [ -0.60827314960565, 44.857584626006577 ], [ -0.61077942338008, 44.857329153778842 ] ] ] } },
{ "type": "Feature", "properties": { "idcar_200m": "CRS3035RES200mN2475800E3484200", "population": 216.5, "median_education": 0.007, "median_healthcare": 0.47, "median_services": 0.596, "median_commerce": 1.947, "median_entertainment": 0.168, "PC1_pos": 0.5983841038412161, "nivvie": 29877.556581986144, "rel_education": 0.0050385823288451011, "rel_sante": 0.14316558556610845, "rel_services": 0.65237988050755358, "rel_commerce": 0.23290907603428887, "rel_loisirs": 0.077900594029626291, "rel_pc1": 0.28585362961033811, "q_revenu": 4, "q_population": 3 }, "geometry": { "type": "Polygon", "coordinates": [ [ [ -0.60827314960565, 44.857584626006577 ], [ -0.608613609694384, 44.859366883496349 ], [ -0.606107237800385, 44.859622305217158 ], [ -0.605766855327674, 44.857840038306172 ], [ -0.60827314960565, 44.857584626006577 ] ] ] } },
{ "type": "Feature", "properties": { "idcar_200m": "CRS3035RES200mN2475800E3484400", "population": 134.0, "median_education": 0.101, "median_healthcare": 0.1635, "median_services": 0.2375, "median_commerce": 0.9255, "median_entertainment": 0.178, "PC1_pos": 0.31379269429854206, "nivvie": 37168.823134328355, "rel_education": 0.072699545030479318, "rel_sante": 0.049803347319273904, "rel_services": 0.2599668147995704, "rel_commerce": 0.11071255771429601, "rel_loisirs": 0.082537534150437367, "rel_pc1": 0.14990167692397036, "q_revenu": 5, "q_population": 2 }, "geometry": { "type": "Polygon", "coordinates": [ [ [ -0.605766855327674, 44.857840038306172 ], [ -0.606107237800385, 44.859622305217158 ], [ -0.603600845404653, 44.85987766700697 ], [ -0.603260540550583, 44.85809539067688 ], [ -0.605766855327674, 44.857840038306172 ] ] ] } },
{ "type": "Feature", "properties": { "idcar_200m": "CRS3035RES200mN2475800E3485600", "population": 420.5, "median_education": 0.286, "median_healthcare": 2.836, "median_services": 0.011, "median_commerce": 0.706, "median_entertainment": 0.526, "PC1_pos": 0.4789876678192293, "nivvie": 23998.543876337691, "rel_education": 0.20586207800709982, "rel_sante": 0.86386723545847566, "rel_services": 0.012040568264401155, "rel_commerce": 0.084454960287728781, "rel_loisirs": 0.24390305035466328, "rel_pc1": 0.22881684607893607, "q_revenu": 2, "q_population": 4 }, "geometry": { "type": "Polygon", "coordinates": [ [ [ -0.590728659333475, 44.859371253569464 ], [ -0.591068576055174, 44.861153576963538 ], [ -0.58856206074215, 44.861408579150847 ], [ -0.588222221654757, 44.859626246350295 ], [ -0.590728659333475, 44.859371253569464 ] ] ] } },
{ "type": "Feature", "properties": { "idcar_200m": "CRS3035RES200mN2475800E3485800", "population": 8.0, "median_education": 0.529, "median_healthcare": 2.324, "median_services": 0.032, "median_commerce": 0.897, "median_entertainment": 1.291, "PC1_pos": 0.60987205234091002, "nivvie": 40060.2875, "rel_education": 0.38077286456557979, "rel_sante": 0.70790812948007664, "rel_services": 0.03502710767825791, "rel_commerce": 0.10730325690947977, "rel_loisirs": 0.59862896959671152, "rel_pc1": 0.29134152902867816, "q_revenu": 5, "q_population": 1 }, "geometry": { "type": "Polygon", "coordinates": [ [ [ -0.588222221654757, 44.859626246350295 ], [ -0.58856206074215, 44.861408579150847 ], [ -0.586055524958419, 44.861663521401653 ], [ -0.585715763507948, 44.859881179196734 ], [ -0.588222221654757, 44.859626246350295 ] ] ] } },
{ "type": "Feature", "properties": { "idcar_200m": "CRS3035RES200mN2475800E3486000", "population": 1176.5, "median_education": 1.3, "median_healthcare": 2.9185, "median_services": 0.112, "median_commerce": 2.089, "median_entertainment": 1.5265, "PC1_pos": 0.99637721256041911, "nivvie": 15227.477263068424, "rel_education": 0.93573671821409021, "rel_sante": 0.88899736483976066, "rel_services": 0.12259487687390269, "rel_commerce": 0.2498957677635488, "rel_loisirs": 0.70782890944181265, "rel_pc1": 0.47597862450404421, "q_revenu": 1, "q_population": 5 }, "geometry": { "type": "Polygon", "coordinates": [ [ [ -0.585715763507948, 44.859881179196734 ], [ -0.586055524958419, 44.861663521401653 ], [ -0.583548968708425, 44.861918403715208 ], [ -0.583209284897481, 44.860136052107968 ], [ -0.585715763507948, 44.859881179196734 ] ] ] } },
{ "type": "Feature", "properties": { "idcar_200m": "CRS3035RES200mN2475800E3486200", "population": 121.0, "median_education": 1.679, "median_healthcare": 3.683, "median_services": 0.219, "median_commerce": 4.044, "median_entertainment": 2.176, "PC1_pos": 1.4277484775589786, "nivvie": 22883.675206611573, "rel_education": 1.2085399614472749, "rel_sante": 1.121869897106335, "rel_services": 0.23971676817307758, "rel_commerce": 0.48376184051497895, "rel_loisirs": 1.0089981702884929, "rel_pc1": 0.68204867385509083, "q_revenu": 2, "q_population": 2 }, "geometry": { "type": "Polygon", "coordinates": [ [ [ -0.583209284897481, 44.860136052107968 ], [ -0.583548968708425, 44.861918403715208 ], [ -0.581042391996607, 44.86217322609069 ], [ -0.580702785827792, 44.860390865083282 ], [ -0.583209284897481, 44.860136052107968 ] ] ] } },
{ "type": "Feature", "properties": { "idcar_200m": "CRS3035RES200mN2475800E3486400", "population": 1045.5, "median_education": 1.1525, "median_healthcare": 4.065, "median_services": 0.218, "median_commerce": 2.508, "median_entertainment": 2.0435, "PC1_pos": 1.2793987587791129, "nivvie": 16398.464849354375, "rel_education": 0.82956659057056836, "rel_sante": 1.2382300113324058, "rel_services": 0.23862217105813202, "rel_commerce": 0.30001847082382971, "rel_loisirs": 0.94755871368774591, "rel_pc1": 0.61118063893792296, "q_revenu": 1, "q_population": 5 }, "geometry": { "type": "Polygon", "coordinates": [ [ [ -0.580702785827792, 44.860390865083282 ], [ -0.581042391996607, 44.86217322609069 ], [ -0.578535794827386, 44.862427988527308 ], [ -0.578196266303318, 44.860645618121808 ], [ -0.580702785827792, 44.860390865083282 ] ] ] } },
{ "type": "Feature", "properties": { "idcar_200m": "CRS3035RES200mN2475800E3486600", "population": 289.0, "median_education": 1.0055, "median_healthcare": 4.2175, "median_services": 0.2925, "median_commerce": 1.8955, "median_entertainment": 2.421, "PC1_pos": 1.3734443785244226, "nivvie": 15108.015570934256, "rel_education": 0.72375636166482138, "rel_sante": 1.2846826747341751, "rel_services": 0.32016965612157622, "rel_commerce": 0.22674840966769108, "rel_loisirs": 1.1226032032483644, "rel_pc1": 0.65610710269352435, "q_revenu": 1, "q_population": 3 }, "geometry": { "type": "Polygon", "coordinates": [ [ [ -0.578196266303318, 44.860645618121808 ], [ -0.578535794827386, 44.862427988527308 ], [ -0.576029177205209, 44.862682691024297 ], [ -0.57568972632849, 44.8609003112228 ], [ -0.578196266303318, 44.860645618121808 ] ] ] } },
{ "type": "Feature", "properties": { "idcar_200m": "CRS3035RES200mN2475800E3486800", "population": 56.0, "median_education": 1.349, "median_healthcare": 5.6215, "median_services": 0.2835, "median_commerce": 1.7505, "median_entertainment": 2.8965, "PC1_pos": 1.5524357026765891, "nivvie": 17387.096428571429, "rel_education": 0.97100679451600591, "rel_sante": 1.7123517856593164, "rel_services": 0.31031828208706613, "rel_commerce": 0.20940284416950314, "rel_loisirs": 1.3430897059929316, "rel_pc1": 0.74161291634935356, "q_revenu": 1, "q_population": 1 }, "geometry": { "type": "Polygon", "coordinates": [ [ [ -0.57568972632849, 44.8609003112228 ], [ -0.576029177205209, 44.862682691024297 ], [ -0.573522539134506, 44.862937333580859 ], [ -0.573183165907743, 44.861154944385483 ], [ -0.57568972632849, 44.8609003112228 ] ] ] } },
{ "type": "Feature", "properties": { "idcar_200m": "CRS3035RES200mN2475800E3487000", "population": 134.5, "median_education": 2.413, "median_healthcare": 2.128, "median_services": 0.212, "median_commerce": 2.3235, "median_entertainment": 1.771, "PC1_pos": 1.2668319935203898, "nivvie": 29634.377695167284, "rel_education": 1.7368713085004615, "rel_sante": 0.64820503422272091, "rel_services": 0.23205458836845866, "rel_commerce": 0.27794773403475614, "rel_loisirs": 0.82120209539564371, "rel_pc1": 0.60517737876004174, "q_revenu": 4, "q_population": 2 }, "geometry": { "type": "Polygon", "coordinates": [ [ [ -0.573183165907743, 44.861154944385483 ], [ -0.573522539134506, 44.862937333580859 ], [ -0.571015880619711, 44.863191916196243 ], [ -0.570676585045517, 44.861409517609097 ], [ -0.573183165907743, 44.861154944385483 ] ] ] } },
{ "type": "Feature", "properties": { "idcar_200m": "CRS3035RES200mN2475800E3487200", "population": 666.5, "median_education": 3.831, "median_healthcare": 1.688, "median_services": 0.2605, "median_commerce": 2.4365, "median_entertainment": 1.5815, "PC1_pos": 1.3104433662927155, "nivvie": 23765.331732933231, "rel_education": 2.7575441288293687, "rel_sante": 0.51417767752253418, "rel_services": 0.28514254844331832, "rel_commerce": 0.29146531266437836, "rel_loisirs": 0.73333208010627371, "rel_pc1": 0.62601093553274434, "q_revenu": 2, "q_population": 5 }, "geometry": { "type": "Polygon", "coordinates": [ [ [ -0.570676585045517, 44.861409517609097 ], [ -0.571015880619711, 44.863191916196243 ], [ -0.568509201665269, 44.863446438869644 ], [ -0.568169983746243, 44.861664030892811 ], [ -0.570676585045517, 44.861409517609097 ] ] ] } },
{ "type": "Feature", "properties": { "idcar_200m": "CRS3035RES200mN2475800E3487400", "population": 177.5, "median_education": 3.024, "median_healthcare": 3.98, "median_services": 0.749, "median_commerce": 3.6375, "median_entertainment": 2.7155, "PC1_pos": 2.0007659940940457, "nivvie": 19627.383661971831, "rel_education": 2.1766675660610839, "rel_sante": 1.2123383628789608, "rel_services": 0.81985323909422425, "rel_commerce": 0.4351344448252315, "rel_loisirs": 1.2591610898062511, "rel_pc1": 0.95578444972275278, "q_revenu": 1, "q_population": 2 }, "geometry": { "type": "Polygon", "coordinates": [ [ [ -0.568169983746243, 44.861664030892811 ], [ -0.568509201665269, 44.863446438869644 ], [ -0.566002502275606, 44.863700901600247 ], [ -0.56566336201436, 44.861918484235829 ], [ -0.568169983746243, 44.861664030892811 ] ] ] } },
{ "type": "Feature", "properties": { "idcar_200m": "CRS3035RES200mN2475800E3487600", "population": 659.5, "median_education": 1.967, "median_healthcare": 1.702, "median_services": 0.345, "median_commerce": 1.745, "median_entertainment": 5.294, "PC1_pos": 1.8070134133877112, "nivvie": 18049.878695981803, "rel_education": 1.4158416344054734, "rel_sante": 0.51844218432663103, "rel_services": 0.37763600465621805, "rel_commerce": 0.20874490892646846, "rel_loisirs": 2.4547960999573899, "rel_pc1": 0.86322704706826592, "q_revenu": 1, "q_population": 5 }, "geometry": { "type": "Polygon", "coordinates": [ [ [ -0.56566336201436, 44.861918484235829 ], [ -0.566002502275606, 44.863700901600247 ], [ -0.563495782455162, 44.863955304387297 ], [ -0.563156719854293, 44.862172877637413 ], [ -0.56566336201436, 44.861918484235829 ] ] ] } },
{ "type": "Feature", "properties": { "idcar_200m": "CRS3035RES200mN2475800E3487800", "population": 183.0, "median_education": 1.634, "median_healthcare": 2.4265, "median_services": 0.565, "median_commerce": 2.38, "median_entertainment": 3.428, "PC1_pos": 1.6976192191786332, "nivvie": 24297.39180327869, "rel_education": 1.1761490750475565, "rel_sante": 0.73913041143864289, "rel_services": 0.61844736994424121, "rel_commerce": 0.28470652334956725, "rel_loisirs": 1.5895430734140412, "rel_pc1": 0.81096842710789852, "q_revenu": 2, "q_population": 2 }, "geometry": { "type": "Polygon", "coordinates": [ [ [ -0.563156719854293, 44.862172877637413 ], [ -0.563495782455162, 44.863955304387297 ], [ -0.560989042208382, 44.864209647230034 ], [ -0.560650057270501, 44.862427211096772 ], [ -0.563156719854293, 44.862172877637413 ] ] ] } },
{ "type": "Feature", "properties": { "idcar_200m": "CRS3035RES200mN2475800E3488000", "population": 758.5, "median_education": 1.259, "median_healthcare": 4.105, "median_services": 0.622, "median_commerce": 3.318, "median_entertainment": 2.032, "PC1_pos": 1.5859737585245848, "nivvie": 22078.004614370468, "rel_education": 0.90622502171656882, "rel_sante": 1.2504143164869688, "rel_services": 0.68083940549613808, "rel_commerce": 0.39691438843439675, "rel_loisirs": 0.94222623254881321, "rel_pc1": 0.75763435631188258, "q_revenu": 2, "q_population": 5 }, "geometry": { "type": "Polygon", "coordinates": [ [ [ -0.560650057270501, 44.862427211096772 ], [ -0.560989042208382, 44.864209647230034 ], [ -0.558482281539695, 44.864463930127634 ], [ -0.558143374267404, 44.862681484613127 ], [ -0.560650057270501, 44.862427211096772 ] ] ] } },
{ "type": "Feature", "properties": { "idcar_200m": "CRS3035RES200mN2475800E3488600", "population": 119.0, "median_education": 0.3125, "median_healthcare": 1.707, "median_services": 0.0975, "median_commerce": 12.4405, "median_entertainment": 0.6535, "PC1_pos": 1.3092188252334152, "nivvie": 24312.782352941176, "rel_education": 0.22493671110915631, "rel_sante": 0.51996522247095134, "rel_services": 0.10672321870719208, "rel_commerce": 1.4881897074497024, "rel_loisirs": 0.30302403689500462, "rel_pc1": 0.62542596092502856, "q_revenu": 2, "q_population": 2 }, "geometry": { "type": "Polygon", "coordinates": [ [ [ -0.55312994702105, 44.863189851813637 ], [ -0.553468698954358, 44.864972316084383 ], [ -0.550961877046583, 44.865226419141926 ], [ -0.550623202786676, 44.863443945496208 ], [ -0.55312994702105, 44.863189851813637 ] ] ] } },
{ "type": "Feature", "properties": { "idcar_200m": "CRS3035RES200mN2475800E3488800", "population": 245.0, "median_education": 0.324, "median_healthcare": 1.631, "median_services": 0.09, "median_commerce": 6.786, "median_entertainment": 0.715, "PC1_pos": 0.84431836241454317, "nivvie": 16273.316734693877, "rel_education": 0.23321438207797326, "rel_sante": 0.49681504267728277, "rel_services": 0.098513740345100367, "rel_commerce": 0.81177246531519476, "rel_loisirs": 0.3315412186379928, "rel_pc1": 0.40333870317333453, "q_revenu": 1, "q_population": 3 }, "geometry": { "type": "Polygon", "coordinates": [ [ [ -0.550623202786676, 44.863443945496208 ], [ -0.550961877046583, 44.865226419141926 ], [ -0.548455034734658, 44.865480462251242 ], [ -0.548116438150748, 44.863697979232626 ], [ -0.550623202786676, 44.863443945496208 ] ] ] } },
{ "type": "Feature", "properties": { "idcar_200m": "CRS3035RES200mN2475800E3489800", "population": 6.0, "median_education": 0.0, "median_healthcare": 0.0, "median_services": 0.0, "median_commerce": 0.009, "median_entertainment": 0.0, "PC1_pos": 0.001064317735422815, "nivvie": 19266.5, "rel_education": 0.0, "rel_sante": 0.0, "rel_services": 0.0, "rel_commerce": 0.0010766213067840778, "rel_loisirs": 0.0, "rel_pc1": 0.00050843444165087385, "q_revenu": 1, "q_population": 1 }, "geometry": { "type": "Polygon", "coordinates": [ [ [ -0.538089175680318, 44.864713514701315 ], [ -0.538427461534223, 44.866496035190302 ], [ -0.535920517268127, 44.866749778546605 ], [ -0.535582309103227, 44.864967248695301 ], [ -0.538089175680318, 44.864713514701315 ] ] ] } },
{ "type": "Feature", "properties": { "idcar_200m": "CRS3035RES200mN2476000E3481800", "population": 270.0, "median_education": 0.0785, "median_healthcare": 0.827, "median_services": 0.076, "median_commerce": 2.3615, "median_entertainment": 0.271, "PC1_pos": 0.38115574893360904, "nivvie": 25317.994074074075, "rel_education": 0.05650410183062006, "rel_sante": 0.25191050907057805, "rel_services": 0.083189380735862531, "rel_commerce": 0.28249346844117779, "rel_loisirs": 0.12566107727398051, "rel_pc1": 0.1820816321491564, "q_revenu": 2, "q_population": 3 }, "geometry": { "type": "Polygon", "coordinates": [ [ [ -0.638688471674657, 44.856297148515033 ], [ -0.639029891466342, 44.858079288887446 ], [ -0.636523688347864, 44.858335439166083 ], [ -0.636182346146997, 44.856553289346486 ], [ -0.638688471674657, 44.856297148515033 ] ] ] } },
{ "type": "Feature", "properties": { "idcar_200m": "CRS3035RES200mN2476000E3482000", "population": 170.5, "median_education": 0.1565, "median_healthcare": 2.2445, "median_services": 0.0615, "median_commerce": 4.5795, "median_entertainment": 0.4915, "PC1_pos": 0.69392177473534655, "nivvie": 29251.944868035189, "rel_education": 0.11264830492346548, "rel_sante": 0.683691822985384, "rel_services": 0.067317722569151917, "rel_commerce": 0.54782080826863166, "rel_loisirs": 0.22790560693786499, "rel_pc1": 0.33149286002153222, "q_revenu": 4, "q_population": 2 }, "geometry": { "type": "Polygon", "coordinates": [ [ [ -0.636182346146997, 44.856553289346486 ], [ -0.636523688347864, 44.858335439166083 ], [ -0.634017464671879, 44.858591529521071 ], [ -0.633676200064445, 44.856809370256379 ], [ -0.636182346146997, 44.856553289346486 ] ] ] } },
{ "type": "Feature", "properties": { "idcar_200m": "CRS3035RES200mN2476000E3482200", "population": 108.0, "median_education": 0.298, "median_healthcare": 6.104, "median_services": 0.125, "median_commerce": 3.891, "median_entertainment": 0.861, "PC1_pos": 1.0946239680825645, "nivvie": 28076.775925925926, "rel_education": 0.21449964771369143, "rel_sante": 1.8593249665862255, "rel_services": 0.13682463936819497, "rel_commerce": 0.46545927829964967, "rel_loisirs": 0.39924054440183471, "rel_pc1": 0.52291200973798257, "q_revenu": 3, "q_population": 1 }, "geometry": { "type": "Polygon", "coordinates": [ [ [ -0.633676200064445, 44.856809370256379 ], [ -0.634017464671879, 44.858591529521071 ], [ -0.631511220442808, 44.858847559951606 ], [ -0.631170033431429, 44.8570653912439 ], [ -0.633676200064445, 44.856809370256379 ] ] ] } },
{ "type": "Feature", "properties": { "idcar_200m": "CRS3035RES200mN2476000E3482400", "population": 167.0, "median_education": 0.47, "median_healthcare": 5.6675, "median_services": 0.153, "median_commerce": 2.6345, "median_entertainment": 1.044, "PC1_pos": 1.0454661667649372, "nivvie": 32552.79161676647, "rel_education": 0.33830481350817104, "rel_sante": 1.7263637365870632, "rel_services": 0.16747335858667062, "rel_commerce": 0.31515098141362813, "rel_loisirs": 0.48409654861267765, "rel_pc1": 0.49942887266916036, "q_revenu": 5, "q_population": 2 }, "geometry": { "type": "Polygon", "coordinates": [ [ [ -0.631170033431429, 44.8570653912439 ], [ -0.631511220442808, 44.858847559951606 ], [ -0.629004955665089, 44.859103530456935 ], [ -0.628663846252386, 44.85732135230829 ], [ -0.631170033431429, 44.8570653912439 ] ] ] } },
{ "type": "Feature", "properties": { "idcar_200m": "CRS3035RES200mN2476000E3482600", "population": 108.0, "median_education": 0.592, "median_healthcare": 5.5725, "median_services": 0.2725, "median_commerce": 1.738, "median_entertainment": 1.071, "PC1_pos": 1.0082667425837577, "nivvie": 30732.069444444445, "rel_education": 0.4261201055251857, "rel_sante": 1.6974260118449773, "rel_services": 0.29827771382266505, "rel_commerce": 0.2079075367989697, "rel_loisirs": 0.49661628693886767, "rel_pc1": 0.48165836313632959, "q_revenu": 4, "q_population": 1 }, "geometry": { "type": "Polygon", "coordinates": [ [ [ -0.628663846252386, 44.85732135230829 ], [ -0.629004955665089, 44.859103530456935 ], [ -0.626498670343147, 44.859359441036219 ], [ -0.62615763853174, 44.857577253448781 ], [ -0.628663846252386, 44.85732135230829 ] ] ] } },
{ "type": "Feature", "properties": { "idcar_200m": "CRS3035RES200mN2476000E3482800", "population": 115.0, "median_education": 1.002, "median_healthcare": 8.896, "median_services": 0.484, "median_commerce": 1.479, "median_entertainment": 1.978, "PC1_pos": 1.7266393525465387, "nivvie": 28390.373913043477, "rel_education": 0.72123707050039876, "rel_sante": 2.7097894663746827, "rel_services": 0.52978500363365089, "rel_commerce": 0.1769247680815168, "rel_loisirs": 0.91718675589643328, "rel_pc1": 0.82483161364935298, "q_revenu": 4, "q_population": 1 }, "geometry": { "type": "Polygon", "coordinates": [ [ [ -0.62615763853174, 44.857577253448781 ], [ -0.626498670343147, 44.859359441036219 ], [ -0.623992364481415, 44.859615291688726 ], [ -0.623651410273916, 44.857833094664549 ], [ -0.62615763853174, 44.857577253448781 ] ] ] } },
{ "type": "Feature", "properties": { "idcar_200m": "CRS3035RES200mN2476000E3483000", "population": 167.0, "median_education": 0.606, "median_healthcare": 5.124, "median_services": 0.341, "median_commerce": 0.94, "median_entertainment": 2.728, "PC1_pos": 1.4551834659277758, "nivvie": 24026.76766467066, "rel_education": 0.43619727018287591, "rel_sante": 1.560809490299446, "rel_services": 0.37325761619643588, "rel_commerce": 0.1124471142641148, "rel_loisirs": 1.2649572649572651, "rel_pc1": 0.69515462194628397, "q_revenu": 2, "q_population": 2 }, "geometry": { "type": "Polygon", "coordinates": [ [ [ -0.623651410273916, 44.857833094664549 ], [ -0.623992364481415, 44.859615291688726 ], [ -0.621486038084315, 44.859871082413605 ], [ -0.621145161483348, 44.858088875954842 ], [ -0.623651410273916, 44.857833094664549 ] ] ] } },
{ "type": "Feature", "properties": { "idcar_200m": "CRS3035RES200mN2476000E3483200", "population": 65.5, "median_education": 0.295, "median_healthcare": 2.4125, "median_services": 0.114, "median_commerce": 0.4, "median_entertainment": 1.458, "PC1_pos": 0.65742495826938852, "nivvie": 35082.633587786258, "rel_education": 0.21234025528704353, "rel_sante": 0.73486590463454593, "rel_services": 0.1247840711037938, "rel_commerce": 0.04784983585707013, "rel_loisirs": 0.67606586961425685, "rel_pc1": 0.31405799270295648, "q_revenu": 5, "q_population": 1 }, "geometry": { "type": "Polygon", "coordinates": [ [ [ -0.621145161483348, 44.858088875954842 ], [ -0.621486038084315, 44.859871082413605 ], [ -0.61897969115629, 44.860126813210101 ], [ -0.618638892164464, 44.858344597318833 ], [ -0.621145161483348, 44.858088875954842 ] ] ] } },
{ "type": "Feature", "properties": { "idcar_200m": "CRS3035RES200mN2476000E3483400", "population": 113.0, "median_education": 0.478, "median_healthcare": 1.91, "median_services": 0.036, "median_commerce": 0.271, "median_entertainment": 0.869, "PC1_pos": 0.46281115436837195, "nivvie": 38308.117699115042, "rel_education": 0.34406319331256546, "rel_sante": 0.58180057113035566, "rel_services": 0.039405496138040147, "rel_commerce": 0.032418263793165016, "rel_loisirs": 0.40295009649848362, "rel_pc1": 0.22108917575032211, "q_revenu": 5, "q_population": 1 }, "geometry": { "type": "Polygon", "coordinates": [ [ [ -0.618638892164464, 44.858344597318833 ], [ -0.61897969115629, 44.860126813210101 ], [ -0.616473323701756, 44.860382484077462 ], [ -0.616132602321696, 44.858600258755793 ], [ -0.618638892164464, 44.858344597318833 ] ] ] } },
{ "type": "Feature", "properties": { "idcar_200m": "CRS3035RES200mN2476000E3483600", "population": 113.0, "median_education": 0.323, "median_healthcare": 1.514, "median_services": 0.028, "median_commerce": 0.282, "median_entertainment": 0.857, "PC1_pos": 0.37997572174403138, "nivvie": 36530.138053097347, "rel_education": 0.23249458460242395, "rel_sante": 0.46117595010018769, "rel_services": 0.030648719218475673, "rel_commerce": 0.03373413427923444, "rel_loisirs": 0.3973857683535103, "rel_pc1": 0.18151792222936686, "q_revenu": 5, "q_population": 1 }, "geometry": { "type": "Polygon", "coordinates": [ [ [ -0.616132602321696, 44.858600258755793 ], [ -0.616473323701756, 44.860382484077462 ], [ -0.613966935725157, 44.860638095014856 ], [ -0.613626291959474, 44.858855860264903 ], [ -0.616132602321696, 44.858600258755793 ] ] ] } },
{ "type": "Feature", "properties": { "idcar_200m": "CRS3035RES200mN2476000E3483800", "population": 330.0, "median_education": 0.094, "median_healthcare": 1.354, "median_services": 0.059, "median_commerce": 0.389, "median_entertainment": 0.346, "PC1_pos": 0.26344883313285816, "nivvie": 25789.359393939394, "rel_education": 0.067660962701634214, "rel_sante": 0.41243872948193799, "rel_services": 0.064581229781788013, "rel_commerce": 0.046533965371000706, "rel_loisirs": 0.16043812818006364, "rel_pc1": 0.12585194807851893, "q_revenu": 3, "q_population": 4 }, "geometry": { "type": "Polygon", "coordinates": [ [ [ -0.613626291959474, 44.858855860264903 ], [ -0.613966935725157, 44.860638095014856 ], [ -0.611460527230914, 44.860893646021523 ], [ -0.611119961082227, 44.859111401845325 ], [ -0.613626291959474, 44.858855860264903 ] ] ] } },
{ "type": "Feature", "properties": { "idcar_200m": "CRS3035RES200mN2476000E3484000", "population": 199.5, "median_education": 0.03, "median_healthcare": 0.938, "median_services": 0.158, "median_commerce": 0.669, "median_entertainment": 0.135, "PC1_pos": 0.27454486983443127, "nivvie": 30812.685714285712, "rel_education": 0.021593924266479003, "rel_sante": 0.28572195587448879, "rel_services": 0.17294634416139842, "rel_commerce": 0.080028850470949792, "rel_loisirs": 0.062598691630949707, "rel_pc1": 0.13115262760037311, "q_revenu": 4, "q_population": 2 }, "geometry": { "type": "Polygon", "coordinates": [ [ [ -0.611119961082227, 44.859111401845325 ], [ -0.611460527230914, 44.860893646021523 ], [ -0.608954098223465, 44.861149137096632 ], [ -0.608613609694384, 44.859366883496349 ], [ -0.611119961082227, 44.859111401845325 ] ] ] } },
{ "type": "Feature", "properties": { "idcar_200m": "CRS3035RES200mN2476000E3484200", "population": 139.5, "median_education": 0.0, "median_healthcare": 0.5015, "median_services": 0.1555, "median_commerce": 0.6395, "median_entertainment": 0.0755, "PC1_pos": 0.26969198147803519, "nivvie": 34195.959856630827, "rel_education": 0.0, "rel_sante": 0.15276072587532638, "rel_services": 0.17020985137403452, "rel_commerce": 0.076499925076490866, "rel_loisirs": 0.035008897912123721, "rel_pc1": 0.1288343578771893, "q_revenu": 5, "q_population": 2 }, "geometry": { "type": "Polygon", "coordinates": [ [ [ -0.608613609694384, 44.859366883496349 ], [ -0.608954098223465, 44.861149137096632 ], [ -0.606447648707239, 44.86140456823945 ], [ -0.606107237800385, 44.859622305217158 ], [ -0.608613609694384, 44.859366883496349 ] ] ] } },
{ "type": "Feature", "properties": { "idcar_200m": "CRS3035RES200mN2476000E3485800", "population": 179.0, "median_education": 0.339, "median_healthcare": 1.465, "median_services": 0.019, "median_commerce": 0.514, "median_entertainment": 0.615, "PC1_pos": 0.40168075090922439, "nivvie": 28414.243016759778, "rel_education": 0.24401134421121276, "rel_sante": 0.44625017628584873, "rel_services": 0.020797345183965633, "rel_commerce": 0.061487039076335119, "rel_loisirs": 0.28517181742988196, "rel_pc1": 0.19188661572881024, "q_revenu": 4, "q_population": 2 }, "geometry": { "type": "Polygon", "coordinates": [ [ [ -0.58856206074215, 44.861408579150847 ], [ -0.588901928220279, 44.863190908068376 ], [ -0.586395314793435, 44.863445859724365 ], [ -0.586055524958419, 44.861663521401653 ], [ -0.58856206074215, 44.861408579150847 ] ] ] } },
{ "type": "Feature", "properties": { "idcar_200m": "CRS3035RES200mN2476000E3486000", "population": 66.0, "median_education": 1.038, "median_healthcare": 3.625, "median_services": 0.059, "median_commerce": 1.39, "median_entertainment": 1.046, "PC1_pos": 0.80277014850082296, "nivvie": 34336.996969696964, "rel_education": 0.74714977962017359, "rel_sante": 1.1042026546322194, "rel_services": 0.064581229781788013, "rel_commerce": 0.1662781796033187, "rel_loisirs": 0.4850239366368399, "rel_pc1": 0.38349073649971582, "q_revenu": 5, "q_population": 1 }, "geometry": { "type": "Polygon", "coordinates": [ [ [ -0.586055524958419, 44.861663521401653 ], [ -0.586395314793435, 44.863445859724365 ], [ -0.583888680897712, 44.86370075144103 ], [ -0.583548968708425, 44.861918403715208 ], [ -0.586055524958419, 44.861663521401653 ] ] ] } },
{ "type": "Feature", "properties": { "idcar_200m": "CRS3035RES200mN2476000E3486200", "population": 426.5, "median_education": 1.2925, "median_healthcare": 6.1935, "median_services": 0.073, "median_commerce": 1.5855, "median_entertainment": 1.0215, "PC1_pos": 1.1113832696650796, "nivvie": 17169.057444314185, "rel_education": 0.93033823714747044, "rel_sante": 1.8865873493695591, "rel_services": 0.07990558939102585, "rel_commerce": 0.18966478687846175, "rel_loisirs": 0.47366343334085276, "rel_pc1": 0.53091808335581969, "q_revenu": 1, "q_population": 4 }, "geometry": { "type": "Polygon", "coordinates": [ [ [ -0.583548968708425, 44.861918403715208 ], [ -0.583888680897712, 44.86370075144103 ], [ -0.58138202653755, 44.863955583217511 ], [ -0.581042391996607, 44.86217322609069 ], [ -0.583548968708425, 44.861918403715208 ] ] ] } },
{ "type": "Feature", "properties": { "idcar_200m": "CRS3035RES200mN2476000E3486400", "population": 563.0, "median_education": 1.053, "median_healthcare": 9.9365, "median_services": 0.068, "median_commerce": 1.055, "median_entertainment": 0.9735, "PC1_pos": 1.3081872173189815, "nivvie": 14973.078507992894, "rel_education": 0.75794674175341303, "rel_sante": 3.0267337042077371, "rel_services": 0.074432603816298071, "rel_commerce": 0.12620394207302246, "rel_loisirs": 0.45140612076095948, "rel_pc1": 0.62493315226787571, "q_revenu": 1, "q_population": 5 }, "geometry": { "type": "Polygon", "coordinates": [ [ [ -0.581042391996607, 44.86217322609069 ], [ -0.58138202653755, 44.863955583217511 ], [ -0.578875351717385, 44.864210355053018 ], [ -0.578535794827386, 44.862427988527308 ], [ -0.581042391996607, 44.86217322609069 ] ] ] } },
{ "type": "Feature", "properties": { "idcar_200m": "CRS3035RES200mN2476000E3486600", "population": 375.5, "median_education": 0.6945, "median_healthcare": 9.0835, "median_services": 0.084, "median_commerce": 0.8215, "median_entertainment": 1.504, "PC1_pos": 1.2900637445856928, "nivvie": 18401.629826897472, "rel_education": 0.49989934676898889, "rel_sante": 2.7669033967866943, "rel_services": 0.091946157655427019, "rel_commerce": 0.09827160039145777, "rel_loisirs": 0.69739579416998776, "rel_pc1": 0.61627540145414539, "q_revenu": 1, "q_population": 4 }, "geometry": { "type": "Polygon", "coordinates": [ [ [ -0.578535794827386, 44.862427988527308 ], [ -0.578875351717385, 44.864210355053018 ], [ -0.576368656441653, 44.864465066946785 ], [ -0.576029177205209, 44.862682691024297 ], [ -0.578535794827386, 44.862427988527308 ] ] ] } },
{ "type": "Feature", "properties": { "idcar_200m": "CRS3035RES200mN2476000E3486800", "population": 94.0, "median_education": 1.047, "median_healthcare": 4.0255, "median_services": 0.0885, "median_commerce": 0.794, "median_entertainment": 1.956, "PC1_pos": 0.99970211933627651, "nivvie": 25934.228723404256, "rel_education": 0.75362795690011719, "rel_sante": 1.2261980099922758, "rel_services": 0.096871844672682034, "rel_commerce": 0.094981924176284219, "rel_loisirs": 0.9069854876306489, "rel_pc1": 0.47756696327155773, "q_revenu": 3, "q_population": 1 }, "geometry": { "type": "Polygon", "coordinates": [ [ [ -0.576029177205209, 44.862682691024297 ], [ -0.576368656441653, 44.864465066946785 ], [ -0.573861940714785, 44.864719718898058 ], [ -0.573522539134506, 44.862937333580859 ], [ -0.576029177205209, 44.862682691024297 ] ] ] } },
{ "type": "Feature", "properties": { "idcar_200m": "CRS3035RES200mN2476000E3487000", "population": 341.0, "median_education": 1.901, "median_healthcare": 1.393, "median_services": 0.073, "median_commerce": 0.662, "median_entertainment": 1.02, "PC1_pos": 0.68702034673740453, "nivvie": 27325.790322580644, "rel_education": 1.3683350010192197, "rel_sante": 0.42431842700763633, "rel_services": 0.07990558939102585, "rel_commerce": 0.079191478343451069, "rel_loisirs": 0.47296789232273106, "rel_pc1": 0.32819598393468075, "q_revenu": 3, "q_population": 4 }, "geometry": { "type": "Polygon", "coordinates": [ [ [ -0.573522539134506, 44.862937333580859 ], [ -0.573861940714785, 44.864719718898058 ], [ -0.571355204541226, 44.864974310906021 ], [ -0.571015880619711, 44.863191916196243 ], [ -0.573522539134506, 44.862937333580859 ] ] ] } },
{ "type": "Feature", "properties": { "idcar_200m": "CRS3035RES200mN2476000E3487200", "population": 810.5, "median_education": 3.246, "median_healthcare": 1.108, "median_services": 0.186, "median_commerce": 1.304, "median_entertainment": 1.193, "PC1_pos": 0.9998937880949943, "nivvie": 20504.46206045651, "rel_education": 2.3364626056330282, "rel_sante": 0.33750525278137911, "rel_services": 0.2035950633798741, "rel_commerce": 0.15599046489404864, "rel_loisirs": 0.55318695641276294, "rel_pc1": 0.47765852521314456, "q_revenu": 1, "q_population": 5 }, "geometry": { "type": "Polygon", "coordinates": [ [ [ -0.571015880619711, 44.863191916196243 ], [ -0.571355204541226, 44.864974310906021 ], [ -0.568848447925405, 44.865228842969877 ], [ -0.568509201665269, 44.863446438869644 ], [ -0.571015880619711, 44.863191916196243 ] ] ] } },
{ "type": "Feature", "properties": { "idcar_200m": "CRS3035RES200mN2476000E3487400", "population": 769.5, "median_education": 2.87, "median_healthcare": 1.905, "median_services": 0.384, "median_commerce": 2.01, "median_entertainment": 2.191, "PC1_pos": 1.4024517534376135, "nivvie": 19272.552306692658, "rel_education": 2.0658187548264917, "rel_sante": 0.58027753298603535, "rel_services": 0.42032529213909492, "rel_commerce": 0.24044542518177739, "rel_loisirs": 1.0159535804697095, "rel_pc1": 0.66996419440297228, "q_revenu": 1, "q_population": 5 }, "geometry": { "type": "Polygon", "coordinates": [ [ [ -0.568509201665269, 44.863446438869644 ], [ -0.568848447925405, 44.865228842969877 ], [ -0.566341670871764, 44.865483315088888 ], [ -0.566002502275606, 44.863700901600247 ], [ -0.568509201665269, 44.863446438869644 ] ] ] } },
{ "type": "Feature", "properties": { "idcar_200m": "CRS3035RES200mN2476000E3487600", "population": 2.0, "median_education": 2.6995, "median_healthcare": 1.919, "median_services": 0.576, "median_commerce": 2.2175, "median_entertainment": 4.0685, "PC1_pos": 1.940210570867855, "nivvie": 28852.75, "rel_education": 1.9430932852453358, "rel_sante": 0.5845420397901322, "rel_services": 0.63048793820864235, "rel_commerce": 0.26526752753263255, "rel_loisirs": 1.8865390881519915, "rel_pc1": 0.92685656308492514, "q_revenu": 4, "q_population": 1 }, "geometry": { "type": "Polygon", "coordinates": [ [ [ -0.566002502275606, 44.863700901600247 ], [ -0.566341670871764, 44.865483315088888 ], [ -0.563834873384731, 44.865737727262221 ], [ -0.563495782455162, 44.863955304387297 ], [ -0.566002502275606, 44.863700901600247 ] ] ] } },
{ "type": "Feature", "properties": { "idcar_200m": "CRS3035RES200mN2476000E3487800", "population": 257.5, "median_education": 1.266, "median_healthcare": 1.557, "median_services": 0.376, "median_commerce": 1.641, "median_entertainment": 2.615, "PC1_pos": 1.2361975672761287, "nivvie": 24249.666019417476, "rel_education": 0.91126360404541407, "rel_sante": 0.47427407814134226, "rel_services": 0.41156851521953047, "rel_commerce": 0.19630395160363021, "rel_loisirs": 1.2125598415920997, "rel_pc1": 0.59054302955734983, "q_revenu": 2, "q_population": 3 }, "geometry": { "type": "Polygon", "coordinates": [ [ [ -0.563495782455162, 44.863955304387297 ], [ -0.563834873384731, 44.865737727262221 ], [ -0.56132805546876, 44.865992079489125 ], [ -0.560989042208382, 44.864209647230034 ], [ -0.563495782455162, 44.863955304387297 ] ] ] } },
{ "type": "Feature", "properties": { "idcar_200m": "CRS3035RES200mN2476000E3488000", "population": 307.0, "median_education": 0.906, "median_healthcare": 2.0495, "median_services": 0.369, "median_commerce": 1.722, "median_entertainment": 1.839, "PC1_pos": 1.0523078502637451, "nivvie": 20927.317263843648, "rel_education": 0.65213651284766594, "rel_sante": 0.62429333535689213, "rel_services": 0.4039063354149115, "rel_commerce": 0.20599354336468689, "rel_loisirs": 0.85273328821715921, "rel_pc1": 0.50269720825532482, "q_revenu": 1, "q_population": 3 }, "geometry": { "type": "Polygon", "coordinates": [ [ [ -0.560989042208382, 44.864209647230034 ], [ -0.56132805546876, 44.865992079489125 ], [ -0.558821217128277, 44.866246371768831 ], [ -0.558482281539695, 44.864463930127634 ], [ -0.560989042208382, 44.864209647230034 ] ] ] } },
{ "type": "Feature", "properties": { "idcar_200m": "CRS3035RES200mN2476000E3488600", "population": 961.0, "median_education": 0.516, "median_healthcare": 1.9135, "median_services": 0.025, "median_commerce": 7.704, "median_entertainment": 0.36, "PC1_pos": 0.88638949818836643, "nivvie": 21236.528303850155, "rel_education": 0.37141549738343888, "rel_sante": 0.58286669783137979, "rel_services": 0.027364927873638995, "rel_commerce": 0.92158783860717075, "rel_loisirs": 0.16692984434919919, "rel_pc1": 0.42343647446367605, "q_revenu": 1, "q_population": 5 }, "geometry": { "type": "Polygon", "coordinates": [ [ [ -0.553468698954358, 44.864972316084383 ], [ -0.553807479191536, 44.866754776483361 ], [ -0.551300579604155, 44.867008888916693 ], [ -0.550961877046583, 44.865226419141926 ], [ -0.553468698954358, 44.864972316084383 ] ] ] } },
{ "type": "Feature", "properties": { "idcar_200m": "CRS3035RES200mN2476000E3488800", "population": 416.0, "median_education": 1.084, "median_healthcare": 1.296, "median_services": 0.072, "median_commerce": 4.218, "median_entertainment": 0.396, "PC1_pos": 0.70216204579510855, "nivvie": 26136.186778846153, "rel_education": 0.78026046349544143, "rel_sante": 0.3947714870078225, "rel_services": 0.078810992276080294, "rel_commerce": 0.50457651911280454, "rel_loisirs": 0.18362282878411912, "rel_pc1": 0.33542931384155389, "q_revenu": 3, "q_population": 4 }, "geometry": { "type": "Polygon", "coordinates": [ [ [ -0.550961877046583, 44.865226419141926 ], [ -0.551300579604155, 44.867008888916693 ], [ -0.548793659610018, 44.867262941399638 ], [ -0.548455034734658, 44.865480462251242 ], [ -0.550961877046583, 44.865226419141926 ] ] ] } },
{ "type": "Feature", "properties": { "idcar_200m": "CRS3035RES200mN2476000E3489000", "population": 13.0, "median_education": 0.528, "median_healthcare": 0.963, "median_services": 0.086, "median_commerce": 2.579, "median_entertainment": 0.428, "PC1_pos": 0.42053158921970013, "nivvie": 15315.792307692307, "rel_education": 0.38005306709003051, "rel_sante": 0.29333714659609028, "rel_services": 0.09413535188531813, "rel_commerce": 0.30851181668845967, "rel_loisirs": 0.19846103717071459, "rel_pc1": 0.20089183581680406, "q_revenu": 1, "q_population": 1 }, "geometry": { "type": "Polygon", "coordinates": [ [ [ -0.548455034734658, 44.865480462251242 ], [ -0.548793659610018, 44.867262941399638 ], [ -0.546286719213569, 44.867516933931498 ], [ -0.545948172023018, 44.865734445411505 ], [ -0.548455034734658, 44.865480462251242 ] ] ] } },
{ "type": "Feature", "properties": { "idcar_200m": "CRS3035RES200mN2476000E3489800", "population": 56.5, "median_education": 0.0, "median_healthcare": 0.0, "median_services": 0.0, "median_commerce": 0.021, "median_entertainment": 0.0, "PC1_pos": 0.0014113073083015237, "nivvie": 20179.677876106194, "rel_education": 0.0, "rel_sante": 0.0, "rel_services": 0.0, "rel_commerce": 0.0025121163824961819, "rel_loisirs": 0.0, "rel_pc1": 0.00067419457499599334, "q_revenu": 1, "q_population": 1 }, "geometry": { "type": "Polygon", "coordinates": [ [ [ -0.538427461534223, 44.866496035190302 ], [ -0.538765775654743, 44.868278551812338 ], [ -0.536258753693435, 44.868532304531833 ], [ -0.535920517268127, 44.866749778546605 ], [ -0.538427461534223, 44.866496035190302 ] ] ] } },
{ "type": "Feature", "properties": { "idcar_200m": "CRS3035RES200mN2476200E3481800", "population": 112.5, "median_education": 0.1805, "median_healthcare": 0.5215, "median_services": 0.102, "median_commerce": 1.006, "median_entertainment": 0.579, "PC1_pos": 0.32505762820130757, "nivvie": 31363.652444444444, "rel_education": 0.12992344433664868, "rel_sante": 0.15885287845260759, "rel_services": 0.11164890572444709, "rel_commerce": 0.12034233718053138, "rel_loisirs": 0.268478832994962, "rel_pc1": 0.15528304020343431, "q_revenu": 4, "q_population": 1 }, "geometry": { "type": "Polygon", "coordinates": [ [ [ -0.639029891466342, 44.858079288887446 ], [ -0.639371339776037, 44.85986142536089 ], [ -0.636865059060548, 44.860117585087544 ], [ -0.636523688347864, 44.858335439166083 ], [ -0.639029891466342, 44.858079288887446 ] ] ] } },
{ "type": "Feature", "properties": { "idcar_200m": "CRS3035RES200mN2476200E3482000", "population": 106.0, "median_education": 0.381, "median_healthcare": 1.41, "median_services": 0.354, "median_commerce": 2.259, "median_entertainment": 0.704, "PC1_pos": 0.75873316050687634, "nivvie": 31687.628301886794, "rel_education": 0.27424283818428336, "rel_sante": 0.42949675669832532, "rel_services": 0.38748737869072813, "rel_commerce": 0.27023194800280359, "rel_loisirs": 0.32644058450510061, "rel_pc1": 0.36245385939290542, "q_revenu": 5, "q_population": 1 }, "geometry": { "type": "Polygon", "coordinates": [ [ [ -0.636523688347864, 44.858335439166083 ], [ -0.636865059060548, 44.860117585087544 ], [ -0.634358757784934, 44.860373684888458 ], [ -0.634017464671879, 44.858591529521071 ], [ -0.636523688347864, 44.858335439166083 ] ] ] } },
{ "type": "Feature", "properties": { "idcar_200m": "CRS3035RES200mN2476200E3482200", "population": 129.5, "median_education": 0.401, "median_healthcare": 3.015, "median_services": 0.539, "median_commerce": 2.7495, "median_entertainment": 0.549, "PC1_pos": 0.93548707194911174, "nivvie": 26011.67335907336, "rel_education": 0.28863878769526941, "rel_sante": 0.9183920010251424, "rel_services": 0.5899878449556567, "rel_commerce": 0.32890780922253582, "rel_loisirs": 0.25456801263252876, "rel_pc1": 0.44689084027065029, "q_revenu": 3, "q_population": 2 }, "geometry": { "type": "Polygon", "coordinates": [ [ [ -0.634017464671879, 44.858591529521071 ], [ -0.634358757784934, 44.860373684888458 ], [ -0.631852435953611, 44.860629724762838 ], [ -0.631511220442808, 44.858847559951606 ], [ -0.634017464671879, 44.858591529521071 ] ] ] } },
{ "type": "Feature", "properties": { "idcar_200m": "CRS3035RES200mN2476200E3482400", "population": 162.0, "median_education": 0.3475, "median_healthcare": 3.597, "median_services": 0.2525, "median_commerce": 3.1055, "median_entertainment": 0.5045, "PC1_pos": 0.83796676721415442, "nivvie": 28634.356172839507, "rel_education": 0.2501296227533818, "rel_sante": 1.0956736410240258, "rel_services": 0.27638577152375382, "rel_commerce": 0.37149416313532824, "rel_loisirs": 0.23393362909491941, "rel_pc1": 0.40030448730731866, "q_revenu": 4, "q_population": 2 }, "geometry": { "type": "Polygon", "coordinates": [ [ [ -0.631511220442808, 44.858847559951606 ], [ -0.631852435953611, 44.860629724762838 ], [ -0.629346093571024, 44.860885704709844 ], [ -0.629004955665089, 44.859103530456935 ], [ -0.631511220442808, 44.858847559951606 ] ] ] } },
{ "type": "Feature", "properties": { "idcar_200m": "CRS3035RES200mN2476200E3482600", "population": 162.0, "median_education": 0.467, "median_healthcare": 3.2225, "median_services": 0.1605, "median_commerce": 1.446, "median_entertainment": 0.6305, "PC1_pos": 0.69762905279082954, "nivvie": 32479.507407407407, "rel_education": 0.33614542108152318, "rel_sante": 0.98159808401443516, "rel_services": 0.17568283694876233, "rel_commerce": 0.17297715662330851, "rel_loisirs": 0.29235907461713917, "rel_pc1": 0.33326386109146666, "q_revenu": 5, "q_population": 2 }, "geometry": { "type": "Polygon", "coordinates": [ [ [ -0.629004955665089, 44.859103530456935 ], [ -0.629346093571024, 44.860885704709844 ], [ -0.626839730641593, 44.861141624728759 ], [ -0.626498670343147, 44.859359441036219 ], [ -0.629004955665089, 44.859103530456935 ] ] ] } },
{ "type": "Feature", "properties": { "idcar_200m": "CRS3035RES200mN2476200E3482800", "population": 145.0, "median_education": 0.629, "median_healthcare": 3.7335, "median_services": 0.186, "median_commerce": 1.1545, "median_entertainment": 0.9455, "PC1_pos": 0.8644263953173974, "nivvie": 31259.970344827587, "rel_education": 0.45275261212050982, "rel_sante": 1.1372525823639701, "rel_services": 0.2035950633798741, "rel_commerce": 0.13810658874246867, "rel_loisirs": 0.43842268842268844, "rel_pc1": 0.41294449676428568, "q_revenu": 4, "q_population": 2 }, "geometry": { "type": "Polygon", "coordinates": [ [ [ -0.626498670343147, 44.859359441036219 ], [ -0.626839730641593, 44.861141624728759 ], [ -0.624333347169748, 44.86139748481876 ], [ -0.623992364481415, 44.859615291688726 ], [ -0.626498670343147, 44.859359441036219 ] ] ] } },
{ "type": "Feature", "properties": { "idcar_200m": "CRS3035RES200mN2476200E3483000", "population": 247.0, "median_education": 0.35, "median_healthcare": 2.202, "median_services": 0.154, "median_commerce": 0.399, "median_entertainment": 1.862, "PC1_pos": 0.70417727705718836, "nivvie": 32688.982995951417, "rel_education": 0.25192911644225502, "rel_sante": 0.67074599875866125, "rel_services": 0.1685679557016162, "rel_commerce": 0.047730211267427457, "rel_loisirs": 0.86339825049502472, "rel_pc1": 0.33639200848379425, "q_revenu": 5, "q_population": 3 }, "geometry": { "type": "Polygon", "coordinates": [ [ [ -0.623992364481415, 44.859615291688726 ], [ -0.624333347169748, 44.86139748481876 ], [ -0.621826943159926, 44.861653284979091 ], [ -0.621486038084315, 44.859871082413605 ], [ -0.623992364481415, 44.859615291688726 ] ] ] } },
{ "type": "Feature", "properties": { "idcar_200m": "CRS3035RES200mN2476200E3483200", "population": 243.0, "median_education": 0.205, "median_healthcare": 0.915, "median_services": 0.033, "median_commerce": 0.23, "median_entertainment": 1.6075, "PC1_pos": 0.46252151459128843, "nivvie": 28626.816872427982, "rel_education": 0.14755848248760653, "rel_sante": 0.2787159804106154, "rel_services": 0.036121704793203473, "rel_commerce": 0.027513655617815325, "rel_loisirs": 0.74538812442038249, "rel_pc1": 0.22095081214569529, "q_revenu": 4, "q_population": 3 }, "geometry": { "type": "Polygon", "coordinates": [ [ [ -0.621486038084315, 44.859871082413605 ], [ -0.621826943159926, 44.861653284979091 ], [ -0.619320518616553, 44.861909025208909 ], [ -0.61897969115629, 44.860126813210101 ], [ -0.621486038084315, 44.859871082413605 ] ] ] } },
{ "type": "Feature", "properties": { "idcar_200m": "CRS3035RES200mN2476200E3483400", "population": 302.5, "median_education": 0.164, "median_healthcare": 0.9325, "median_services": 0.017, "median_commerce": 0.327, "median_entertainment": 1.44, "PC1_pos": 0.40980167043617932, "nivvie": 25904.565289256199, "rel_education": 0.11804678599008524, "rel_sante": 0.28404661391573649, "rel_services": 0.018608150954074518, "rel_commerce": 0.039117240813154833, "rel_loisirs": 0.66771937739679676, "rel_pc1": 0.19576605421598223, "q_revenu": 3, "q_population": 3 }, "geometry": { "type": "Polygon", "coordinates": [ [ [ -0.61897969115629, 44.860126813210101 ], [ -0.619320518616553, 44.861909025208909 ], [ -0.616814073544061, 44.862164705507482 ], [ -0.616473323701756, 44.860382484077462 ], [ -0.61897969115629, 44.860126813210101 ] ] ] } },
{ "type": "Feature", "properties": { "idcar_200m": "CRS3035RES200mN2476200E3483600", "population": 179.0, "median_education": 0.119, "median_healthcare": 0.892, "median_services": 0.016, "median_commerce": 0.31, "median_entertainment": 0.678, "PC1_pos": 0.2745414340223995, "nivvie": 29096.915083798882, "rel_education": 0.085655899590366721, "rel_sante": 0.27171000494674202, "rel_services": 0.017513553839128955, "rel_commerce": 0.037083622789229352, "rel_loisirs": 0.31438454019099182, "rel_pc1": 0.13115098628113747, "q_revenu": 4, "q_population": 2 }, "geometry": { "type": "Polygon", "coordinates": [ [ [ -0.616473323701756, 44.860382484077462 ], [ -0.616814073544061, 44.862164705507482 ], [ -0.614307607946885, 44.862420325873991 ], [ -0.613966935725157, 44.860638095014856 ], [ -0.616473323701756, 44.860382484077462 ] ] ] } },
{ "type": "Feature", "properties": { "idcar_200m": "CRS3035RES200mN2476200E3483800", "population": 162.0, "median_education": 0.062, "median_healthcare": 0.773, "median_services": 0.03, "median_commerce": 0.2255, "median_entertainment": 0.2225, "PC1_pos": 0.15977128538637353, "nivvie": 35728.787037037036, "rel_education": 0.04462744348405661, "rel_sante": 0.23546169711191881, "rel_services": 0.032837913448366791, "rel_commerce": 0.026975344964423286, "rel_loisirs": 0.10317191768804672, "rel_pc1": 0.076324223090196097, "q_revenu": 5, "q_population": 2 }, "geometry": { "type": "Polygon", "coordinates": [ [ [ -0.613966935725157, 44.860638095014856 ], [ -0.614307607946885, 44.862420325873991 ], [ -0.611801121829447, 44.862675886307649 ], [ -0.611460527230914, 44.860893646021523 ], [ -0.613966935725157, 44.860638095014856 ] ] ] } },
{ "type": "Feature", "properties": { "idcar_200m": "CRS3035RES200mN2476200E3486400", "population": 204.0, "median_education": 0.383, "median_healthcare": 4.7115, "median_services": 0.0245, "median_commerce": 0.52, "median_entertainment": 0.5715, "PC1_pos": 0.56418060446348006, "nivvie": 27983.826960784314, "rel_education": 0.27568243313538199, "rel_sante": 1.4351588433930214, "rel_services": 0.026817629316166214, "rel_commerce": 0.062204786614191168, "rel_loisirs": 0.26500112790435365, "rel_pc1": 0.26951430110923341, "q_revenu": 3, "q_population": 2 }, "geometry": { "type": "Polygon", "coordinates": [ [ [ -0.58138202653755, 44.863955583217511 ], [ -0.581721689453925, 44.865737936463951 ], [ -0.579214936976611, 44.865992717699157 ], [ -0.578875351717385, 44.864210355053018 ], [ -0.58138202653755, 44.863955583217511 ] ] ] } },
{ "type": "Feature", "properties": { "idcar_200m": "CRS3035RES200mN2476200E3486600", "population": 191.5, "median_education": 0.424, "median_healthcare": 5.0565, "median_services": 0.021, "median_commerce": 0.4915, "median_entertainment": 0.6945, "PC1_pos": 0.62898259172909388, "nivvie": 27108.516449086164, "rel_education": 0.30519412963290327, "rel_sante": 1.5402484753511221, "rel_services": 0.022986539413856755, "rel_commerce": 0.058795485809374923, "rel_loisirs": 0.32203549139033005, "rel_pc1": 0.30047081072726634, "q_revenu": 3, "q_population": 2 }, "geometry": { "type": "Polygon", "coordinates": [ [ [ -0.578875351717385, 44.864210355053018 ], [ -0.579214936976611, 44.865992717699157 ], [ -0.576708164041117, 44.866247438990541 ], [ -0.576368656441653, 44.864465066946785 ], [ -0.578875351717385, 44.864210355053018 ] ] ] } },
{ "type": "Feature", "properties": { "idcar_200m": "CRS3035RES200mN2476200E3487000", "population": 409.0, "median_education": 1.082, "median_healthcare": 0.952, "median_services": 0.048, "median_commerce": 0.334, "median_entertainment": 0.754, "PC1_pos": 0.4501327565534825, "nivvie": 26524.677261613691, "rel_education": 0.77882086854434285, "rel_sante": 0.28998646267858563, "rel_services": 0.052540661517386865, "rel_commerce": 0.039954612940653562, "rel_loisirs": 0.34962528510915608, "rel_pc1": 0.2150325876662382, "q_revenu": 3, "q_population": 4 }, "geometry": { "type": "Polygon", "coordinates": [ [ [ -0.573861940714785, 44.864719718898058 ], [ -0.574201370651883, 44.866502100337271 ], [ -0.571694556813347, 44.866756701738638 ], [ -0.571355204541226, 44.864974310906021 ], [ -0.573861940714785, 44.864719718898058 ] ] ] } },
{ "type": "Feature", "properties": { "idcar_200m": "CRS3035RES200mN2476200E3487200", "population": 11.0, "median_education": 1.266, "median_healthcare": 0.372, "median_services": 0.071, "median_commerce": 0.424, "median_entertainment": 0.478, "PC1_pos": 0.40826829763123573, "nivvie": 28852.736363636363, "rel_education": 0.91126360404541407, "rel_sante": 0.11331403793743051, "rel_services": 0.077716395161134738, "rel_commerce": 0.050720826008494334, "rel_loisirs": 0.22164573777477004, "rel_pc1": 0.19503354782247145, "q_revenu": 4, "q_population": 1 }, "geometry": { "type": "Polygon", "coordinates": [ [ [ -0.571355204541226, 44.864974310906021 ], [ -0.571694556813347, 44.866756701738638 ], [ -0.569187722529946, 44.867011243193815 ], [ -0.568848447925405, 44.865228842969877 ], [ -0.571355204541226, 44.864974310906021 ] ] ] } },
{ "type": "Feature", "properties": { "idcar_200m": "CRS3035RES200mN2476200E3488400", "population": 95.5, "median_education": 0.252, "median_healthcare": 0.4205, "median_services": 0.008, "median_commerce": 3.571, "median_entertainment": 0.213, "PC1_pos": 0.37163023703559128, "nivvie": 23367.786387434557, "rel_education": 0.18138896383842365, "rel_sante": 0.12808750793733745, "rel_services": 0.0087567769195644775, "rel_commerce": 0.42717940961399353, "rel_loisirs": 0.09876682457327618, "rel_pc1": 0.17753120687471199, "q_revenu": 2, "q_population": 1 }, "geometry": { "type": "Polygon", "coordinates": [ [ [ -0.55631435836772, 44.866500604100487 ], [ -0.556653244595269, 44.868283051249335 ], [ -0.554146287735872, 44.868537233010883 ], [ -0.553807479191536, 44.866754776483361 ], [ -0.55631435836772, 44.866500604100487 ] ] ] } },
{ "type": "Feature", "properties": { "idcar_200m": "CRS3035RES200mN2476200E3488600", "population": 498.5, "median_education": 0.5335, "median_healthcare": 0.778, "median_services": 0.0135, "median_commerce": 4.653, "median_entertainment": 0.362, "PC1_pos": 0.56023752822377926, "nivvie": 19026.944232698093, "rel_education": 0.3840119532055517, "rel_sante": 0.23698473525623912, "rel_services": 0.014777061051765055, "rel_commerce": 0.55661321560736821, "rel_loisirs": 0.16785723237336139, "rel_pc1": 0.26763065706235234, "q_revenu": 1, "q_population": 5 }, "geometry": { "type": "Polygon", "coordinates": [ [ [ -0.553807479191536, 44.866754776483361 ], [ -0.554146287735872, 44.868537233010883 ], [ -0.551639310462678, 44.868791354820765 ], [ -0.551300579604155, 44.867008888916693 ], [ -0.553807479191536, 44.866754776483361 ] ] ] } },
{ "type": "Feature", "properties": { "idcar_200m": "CRS3035RES200mN2476200E3488800", "population": 373.0, "median_education": 0.556, "median_healthcare": 0.685, "median_services": 0.059, "median_commerce": 2.868, "median_entertainment": 0.397, "PC1_pos": 0.46255748821536979, "nivvie": 22753.321179624665, "rel_education": 0.40020739640541092, "rel_sante": 0.20865622577188148, "rel_services": 0.064581229781788013, "rel_commerce": 0.34308332309519279, "rel_loisirs": 0.18408652279620022, "rel_pc1": 0.22096799707916509, "q_revenu": 2, "q_population": 4 }, "geometry": { "type": "Polygon", "coordinates": [ [ [ -0.551300579604155, 44.867008888916693 ], [ -0.551639310462678, 44.868791354820765 ], [ -0.549132312780126, 44.869045416678198 ], [ -0.548793659610018, 44.867262941399638 ], [ -0.551300579604155, 44.867008888916693 ] ] ] } },
{ "type": "Feature", "properties": { "idcar_200m": "CRS3035RES200mN2476200E3489000", "population": 522.0, "median_education": 0.521, "median_healthcare": 0.492, "median_services": 0.15, "median_commerce": 1.718, "median_entertainment": 0.62, "PC1_pos": 0.44639485879034191, "nivvie": 24234.57662835249, "rel_education": 0.37501448476118537, "rel_sante": 0.14986695340111778, "rel_services": 0.16418956724183395, "rel_commerce": 0.2055150450061162, "rel_loisirs": 0.28749028749028749, "rel_pc1": 0.21324695927830625, "q_revenu": 2, "q_population": 5 }, "geometry": { "type": "Polygon", "coordinates": [ [ [ -0.548793659610018, 44.867262941399638 ], [ -0.549132312780126, 44.869045416678198 ], [ -0.546625294692658, 44.869299418582365 ], [ -0.546286719213569, 44.867516933931498 ], [ -0.548793659610018, 44.867262941399638 ] ] ] } },
{ "type": "Feature", "properties": { "idcar_200m": "CRS3035RES200mN2476400E3481800", "population": 133.5, "median_education": 0.29, "median_healthcare": 0.657, "median_services": 0.138, "median_commerce": 0.731, "median_entertainment": 0.861, "PC1_pos": 0.39577518058885186, "nivvie": 25609.567790262172, "rel_education": 0.20874126790929703, "rel_sante": 0.20012721216368778, "rel_services": 0.15105440186248725, "rel_commerce": 0.087445575028795658, "rel_loisirs": 0.39924054440183471, "rel_pc1": 0.18906547007978489, "q_revenu": 3, "q_population": 2 }, "geometry": { "type": "Polygon", "coordinates": [ [ [ -0.639371339776037, 44.85986142536089 ], [ -0.639712816607054, 44.861643557935651 ], [ -0.637206458288361, 44.861899727111151 ], [ -0.636865059060548, 44.860117585087544 ], [ -0.639371339776037, 44.85986142536089 ] ] ] } },
{ "type": "Feature", "properties": { "idcar_200m": "CRS3035RES200mN2476400E3482000", "population": 221.0, "median_education": 0.399, "median_healthcare": 1.173, "median_services": 0.312, "median_commerce": 1.486, "median_entertainment": 0.66, "PC1_pos": 0.6514848590861384, "nivvie": 26540.605429864252, "rel_education": 0.28719919274417077, "rel_sante": 0.35730474865754303, "rel_services": 0.34151429986301463, "rel_commerce": 0.17776214020901554, "rel_loisirs": 0.30603804797353185, "rel_pc1": 0.3112203522962721, "q_revenu": 3, "q_population": 3 }, "geometry": { "type": "Polygon", "coordinates": [ [ [ -0.636865059060548, 44.860117585087544 ], [ -0.637206458288361, 44.861899727111151 ], [ -0.634700079406917, 44.862155836358752 ], [ -0.634358757784934, 44.860373684888458 ], [ -0.636865059060548, 44.860117585087544 ] ] ] } },
{ "type": "Feature", "properties": { "idcar_200m": "CRS3035RES200mN2476400E3482200", "population": 237.0, "median_education": 0.332, "median_healthcare": 1.403, "median_services": 0.432, "median_commerce": 1.995, "median_entertainment": 0.292, "PC1_pos": 0.66177838014215484, "nivvie": 26234.777637130799, "rel_education": 0.23897276188236766, "rel_sante": 0.42736450329627695, "rel_services": 0.47286595365648176, "rel_commerce": 0.23865105633713729, "rel_loisirs": 0.13539865152768377, "rel_pc1": 0.31613766266004056, "q_revenu": 3, "q_population": 3 }, "geometry": { "type": "Polygon", "coordinates": [ [ [ -0.634358757784934, 44.860373684888458 ], [ -0.634700079406917, 44.862155836358752 ], [ -0.632193679967149, 44.862411885677759 ], [ -0.631852435953611, 44.860629724762838 ], [ -0.634358757784934, 44.860373684888458 ] ] ] } },
{ "type": "Feature", "properties": { "idcar_200m": "CRS3035RES200mN2476400E3482400", "population": 225.0, "median_education": 0.326, "median_healthcare": 1.095, "median_services": 0.083, "median_commerce": 1.215, "median_entertainment": 0.146, "PC1_pos": 0.32964301978530308, "nivvie": 30666.537777777779, "rel_education": 0.23465397702907187, "rel_sante": 0.33354535360614629, "rel_services": 0.090851560540481463, "rel_commerce": 0.14534387641585053, "rel_loisirs": 0.067699325763841883, "rel_pc1": 0.15747352424045283, "q_revenu": 4, "q_population": 3 }, "geometry": { "type": "Polygon", "coordinates": [ [ [ -0.631852435953611, 44.860629724762838 ], [ -0.632193679967149, 44.862411885677759 ], [ -0.629687259973493, 44.862667875067316 ], [ -0.629346093571024, 44.860885704709844 ], [ -0.631852435953611, 44.860629724762838 ] ] ] } },
{ "type": "Feature", "properties": { "idcar_200m": "CRS3035RES200mN2476400E3482600", "population": 116.0, "median_education": 0.731, "median_healthcare": 1.688, "median_services": 0.084, "median_commerce": 1.02, "median_entertainment": 0.357, "PC1_pos": 0.43791737153709098, "nivvie": 34005.082758620687, "rel_education": 0.52617195462653843, "rel_sante": 0.51417767752253418, "rel_services": 0.091946157655427019, "rel_commerce": 0.12201708143552883, "rel_loisirs": 0.16553876231295586, "rel_pc1": 0.20919718508517329, "q_revenu": 5, "q_population": 1 }, "geometry": { "type": "Polygon", "coordinates": [ [ [ -0.629346093571024, 44.860885704709844 ], [ -0.629687259973493, 44.862667875067316 ], [ -0.627180819430376, 44.862923804526659 ], [ -0.626839730641593, 44.861141624728759 ], [ -0.629346093571024, 44.860885704709844 ] ] ] } },
{ "type": "Feature", "properties": { "idcar_200m": "CRS3035RES200mN2476400E3482800", "population": 175.0, "median_education": 0.472, "median_healthcare": 1.524, "median_services": 0.074, "median_commerce": 0.536, "median_entertainment": 0.422, "PC1_pos": 0.41361842380802627, "nivvie": 29041.32, "rel_education": 0.33974440845926968, "rel_sante": 0.46422202638882826, "rel_services": 0.081000186505971419, "rel_commerce": 0.064118780048473975, "rel_loisirs": 0.19567887309822793, "rel_pc1": 0.19758935265868194, "q_revenu": 4, "q_population": 2 }, "geometry": { "type": "Polygon", "coordinates": [ [ [ -0.626839730641593, 44.861141624728759 ], [ -0.627180819430376, 44.862923804526659 ], [ -0.624674358342227, 44.86317967405499 ], [ -0.624333347169748, 44.86139748481876 ], [ -0.626839730641593, 44.861141624728759 ] ] ] } },
{ "type": "Feature", "properties": { "idcar_200m": "CRS3035RES200mN2476400E3483000", "population": 103.0, "median_education": 0.349, "median_healthcare": 0.921, "median_services": 0.059, "median_commerce": 0.25, "median_entertainment": 2.188, "PC1_pos": 0.63220677578366713, "nivvie": 34374.195145631071, "rel_education": 0.25120931896670573, "rel_sante": 0.2805436261837998, "rel_services": 0.064581229781788013, "rel_commerce": 0.02990614741066883, "rel_loisirs": 1.0145624984334662, "rel_pc1": 0.30201103331776502, "q_revenu": 5, "q_population": 1 }, "geometry": { "type": "Polygon", "coordinates": [ [ [ -0.624333347169748, 44.86139748481876 ], [ -0.624674358342227, 44.86317967405499 ], [ -0.62216787671348, 44.863435483651521 ], [ -0.621826943159926, 44.861653284979091 ], [ -0.624333347169748, 44.86139748481876 ] ] ] } },
{ "type": "Feature", "properties": { "idcar_200m": "CRS3035RES200mN2476400E3483200", "population": 724.0, "median_education": 0.292, "median_healthcare": 0.389, "median_services": 0.013, "median_commerce": 0.237, "median_entertainment": 2.54, "PC1_pos": 0.52935275932824988, "nivvie": 21737.115607734806, "rel_education": 0.21018086286039564, "rel_sante": 0.11849236762811956, "rel_services": 0.014229762494292275, "rel_commerce": 0.028351027745314051, "rel_loisirs": 1.1777827906860165, "rel_pc1": 0.25287671685606933, "q_revenu": 1, "q_population": 5 }, "geometry": { "type": "Polygon", "coordinates": [ [ [ -0.621826943159926, 44.861653284979091 ], [ -0.62216787671348, 44.863435483651521 ], [ -0.619661374548565, 44.863691233315485 ], [ -0.619320518616553, 44.861909025208909 ], [ -0.621826943159926, 44.861653284979091 ] ] ] } },
{ "type": "Feature", "properties": { "idcar_200m": "CRS3035RES200mN2476400E3483400", "population": 259.5, "median_education": 0.2, "median_healthcare": 0.741, "median_services": 0.007, "median_commerce": 0.636, "median_entertainment": 1.012, "PC1_pos": 0.3301910911737056, "nivvie": 26490.087475915221, "rel_education": 0.14395949510986003, "rel_sante": 0.22571425298826886, "rel_services": 0.0076621798046189182, "rel_commerce": 0.076081239012741511, "rel_loisirs": 0.46925834022608215, "rel_pc1": 0.15773534301982003, "q_revenu": 3, "q_population": 3 }, "geometry": { "type": "Polygon", "coordinates": [ [ [ -0.619320518616553, 44.861909025208909 ], [ -0.619661374548565, 44.863691233315485 ], [ -0.617154851851915, 44.863946923046086 ], [ -0.616814073544061, 44.862164705507482 ], [ -0.619320518616553, 44.861909025208909 ] ] ] } },
{ "type": "Feature", "properties": { "idcar_200m": "CRS3035RES200mN2476400E3483600", "population": 203.5, "median_education": 0.088, "median_healthcare": 0.57, "median_services": 0.0, "median_commerce": 0.321, "median_entertainment": 0.486, "PC1_pos": 0.1945664486551113, "nivvie": 30513.91547911548, "rel_education": 0.063342177848338413, "rel_sante": 0.17362634845251448, "rel_services": 0.0, "rel_commerce": 0.038399493275298777, "rel_loisirs": 0.2253552898714189, "rel_pc1": 0.092946194912984212, "q_revenu": 4, "q_population": 2 }, "geometry": { "type": "Polygon", "coordinates": [ [ [ -0.616814073544061, 44.862164705507482 ], [ -0.617154851851915, 44.863946923046086 ], [ -0.614648308627962, 44.864202552842514 ], [ -0.614307607946885, 44.862420325873991 ], [ -0.616814073544061, 44.862164705507482 ] ] ] } },
{ "type": "Feature", "properties": { "idcar_200m": "CRS3035RES200mN2476400E3486800", "population": 237.0, "median_education": 0.829, "median_healthcare": 1.069, "median_services": 0.032, "median_commerce": 0.12, "median_entertainment": 0.31, "PC1_pos": 0.30060807861104832, "nivvie": 18926.562025316456, "rel_education": 0.59671210723036983, "rel_sante": 0.32562555525568071, "rel_services": 0.03502710767825791, "rel_commerce": 0.014354950757121038, "rel_loisirs": 0.14374514374514374, "rel_pc1": 0.14360326387273131, "q_revenu": 1, "q_population": 3 }, "geometry": { "type": "Polygon", "coordinates": [ [ [ -0.576708164041117, 44.866247438990541 ], [ -0.577047700006897, 44.8680298071558 ], [ -0.574540828949089, 44.868284477898847 ], [ -0.574201370651883, 44.866502100337271 ], [ -0.576708164041117, 44.866247438990541 ] ] ] } },
{ "type": "Feature", "properties": { "idcar_200m": "CRS3035RES200mN2476400E3487000", "population": 29.0, "median_education": 0.7025, "median_healthcare": 0.6455, "median_services": 0.016, "median_commerce": 0.1215, "median_entertainment": 0.3785, "PC1_pos": 0.26403650087503916, "nivvie": 19745.255172413796, "rel_education": 0.50565772657338326, "rel_sante": 0.19662422443175107, "rel_services": 0.017513553839128955, "rel_commerce": 0.014534387641585052, "rel_loisirs": 0.17550818357269971, "rel_pc1": 0.12613268240289185, "q_revenu": 1, "q_population": 1 }, "geometry": { "type": "Polygon", "coordinates": [ [ [ -0.574201370651883, 44.866502100337271 ], [ -0.574540828949089, 44.868284477898847 ], [ -0.572033937439371, 44.868539088694384 ], [ -0.571694556813347, 44.866756701738638 ], [ -0.574201370651883, 44.866502100337271 ] ] ] } },
{ "type": "Feature", "properties": { "idcar_200m": "CRS3035RES200mN2476400E3488400", "population": 607.5, "median_education": 0.1695, "median_healthcare": 0.2015, "median_services": 0.0, "median_commerce": 1.743, "median_entertainment": 0.2665, "PC1_pos": 0.21401829027645558, "nivvie": 21821.718189300413, "rel_education": 0.12200567210560638, "rel_sante": 0.061378437216108202, "rel_services": 0.0, "rel_commerce": 0.2085056597471831, "rel_loisirs": 0.12357445421961552, "rel_pc1": 0.10223851985004868, "q_revenu": 1, "q_population": 5 }, "geometry": { "type": "Polygon", "coordinates": [ [ [ -0.556653244595269, 44.868283051249335 ], [ -0.556992159139479, 44.870065494526081 ], [ -0.554485124590656, 44.87031968566712 ], [ -0.554146287735872, 44.868537233010883 ], [ -0.556653244595269, 44.868283051249335 ] ] ] } },
{ "type": "Feature", "properties": { "idcar_200m": "CRS3035RES200mN2476400E3488600", "population": 416.5, "median_education": 0.239, "median_healthcare": 0.241, "median_services": 0.041, "median_commerce": 1.264, "median_entertainment": 0.54, "PC1_pos": 0.29666193955648845, "nivvie": 18686.363265306121, "rel_education": 0.17203159665628273, "rel_sante": 0.073410438556238591, "rel_services": 0.044878481712767947, "rel_commerce": 0.1512054813083416, "rel_loisirs": 0.25039476652379883, "rel_pc1": 0.14171815669081933, "q_revenu": 1, "q_population": 4 }, "geometry": { "type": "Polygon", "coordinates": [ [ [ -0.554146287735872, 44.868537233010883 ], [ -0.554485124590656, 44.87031968566712 ], [ -0.55197806962544, 44.870573816854375 ], [ -0.551639310462678, 44.868791354820765 ], [ -0.554146287735872, 44.868537233010883 ] ] ] } },
{ "type": "Feature", "properties": { "idcar_200m": "CRS3035RES200mN2476400E3488800", "population": 165.0, "median_education": 0.4105, "median_healthcare": 0.459, "median_services": 0.1315, "median_commerce": 1.8355, "median_entertainment": 1.4795, "PC1_pos": 0.60287927160972288, "nivvie": 23622.192121212123, "rel_education": 0.2954768637129877, "rel_sante": 0.1398149016486038, "rel_services": 0.1439395206153411, "rel_commerce": 0.21957093428913058, "rel_loisirs": 0.68603529087400061, "rel_pc1": 0.28800101289489816, "q_revenu": 2, "q_population": 2 }, "geometry": { "type": "Polygon", "coordinates": [ [ [ -0.551639310462678, 44.868791354820765 ], [ -0.55197806962544, 44.870573816854375 ], [ -0.549470994248261, 44.870827888087078 ], [ -0.549132312780126, 44.869045416678198 ], [ -0.551639310462678, 44.868791354820765 ] ] ] } },
{ "type": "Feature", "properties": { "idcar_200m": "CRS3035RES200mN2476400E3489000", "population": 118.5, "median_education": 0.553, "median_healthcare": 0.486, "median_services": 0.409, "median_commerce": 1.669, "median_entertainment": 1.652, "PC1_pos": 0.87532039790537963, "nivvie": 22100.6, "rel_education": 0.398048003978763, "rel_sante": 0.14803930762793341, "rel_services": 0.4476902200127339, "rel_commerce": 0.19965344011362512, "rel_loisirs": 0.76602250795799176, "rel_pc1": 0.41814866271850942, "q_revenu": 2, "q_population": 2 }, "geometry": { "type": "Polygon", "coordinates": [ [ [ -0.549132312780126, 44.869045416678198 ], [ -0.549470994248261, 44.870827888087078 ], [ -0.546963898463564, 44.87108189936442 ], [ -0.546625294692658, 44.869299418582365 ], [ -0.549132312780126, 44.869045416678198 ] ] ] } },
{ "type": "Feature", "properties": { "idcar_200m": "CRS3035RES200mN2476400E3489200", "population": 1.0, "median_education": 0.4865, "median_healthcare": 0.3795, "median_services": 0.473, "median_commerce": 1.053, "median_entertainment": 0.878, "PC1_pos": 0.70811585664277521, "nivvie": 15315.8, "rel_education": 0.35018147185473453, "rel_sante": 0.11559859515391098, "rel_services": 0.51774443536924974, "rel_commerce": 0.1259646928937371, "rel_loisirs": 0.40712334260721356, "rel_pc1": 0.33827350443734971, "q_revenu": 1, "q_population": 1 }, "geometry": { "type": "Polygon", "coordinates": [ [ [ -0.546625294692658, 44.869299418582365 ], [ -0.546963898463564, 44.87108189936442 ], [ -0.544456782275792, 44.871335850685668 ], [ -0.544118256204713, 44.869553360532564 ], [ -0.546625294692658, 44.869299418582365 ] ] ] } },
{ "type": "Feature", "properties": { "idcar_200m": "CRS3035RES200mN2476600E3482000", "population": 205.5, "median_education": 0.098, "median_healthcare": 0.178, "median_services": 0.067, "median_commerce": 0.311, "median_entertainment": 0.134, "PC1_pos": 0.13704300651339474, "nivvie": 29134.361557177614, "rel_education": 0.070540152603831424, "rel_sante": 0.054220157937802771, "rel_services": 0.073338006701352501, "rel_commerce": 0.037203247378872026, "rel_loisirs": 0.062134997618868593, "rel_pc1": 0.065466713726342829, "q_revenu": 4, "q_population": 2 }, "geometry": { "type": "Polygon", "coordinates": [ [ [ -0.637206458288361, 44.861899727111151 ], [ -0.637547886034609, 44.863681865237069 ], [ -0.635041429541143, 44.863937983932253 ], [ -0.634700079406917, 44.862155836358752 ], [ -0.637206458288361, 44.861899727111151 ] ] ] } },
{ "type": "Feature", "properties": { "idcar_200m": "CRS3035RES200mN2476600E3482200", "population": 295.0, "median_education": 0.1885, "median_healthcare": 0.3165, "median_services": 0.1025, "median_commerce": 0.611, "median_entertainment": 0.122, "PC1_pos": 0.19459825182387114, "nivvie": 25398.054915254237, "rel_education": 0.13568182414104307, "rel_sante": 0.096408314535475159, "rel_services": 0.11219620428191986, "rel_commerce": 0.07309062427167462, "rel_loisirs": 0.056570669473895281, "rel_pc1": 0.092961387581313393, "q_revenu": 2, "q_population": 3 }, "geometry": { "type": "Polygon", "coordinates": [ [ [ -0.634700079406917, 44.862155836358752 ], [ -0.635041429541143, 44.863937983932253 ], [ -0.63253495248673, 44.86419404269666 ], [ -0.632193679967149, 44.862411885677759 ], [ -0.634700079406917, 44.862155836358752 ] ] ] } },
{ "type": "Feature", "properties": { "idcar_200m": "CRS3035RES200mN2476600E3482400", "population": 167.0, "median_education": 0.3765, "median_healthcare": 0.451, "median_services": 0.036, "median_commerce": 0.592, "median_entertainment": 0.0515, "PC1_pos": 0.17016727982894841, "nivvie": 29727.049101796409, "rel_education": 0.2710037495443115, "rel_sante": 0.13737804061769132, "rel_services": 0.039405496138040147, "rel_commerce": 0.070817757068463785, "rel_loisirs": 0.023880241622177105, "rel_pc1": 0.081290485939998505, "q_revenu": 4, "q_population": 2 }, "geometry": { "type": "Polygon", "coordinates": [ [ [ -0.632193679967149, 44.862411885677759 ], [ -0.63253495248673, 44.86419404269666 ], [ -0.63002845487581, 44.864450041529558 ], [ -0.629687259973493, 44.862667875067316 ], [ -0.632193679967149, 44.862411885677759 ] ] ] } },
{ "type": "Feature", "properties": { "idcar_200m": "CRS3035RES200mN2476600E3482600", "population": 106.0, "median_education": 0.702, "median_healthcare": 0.7935, "median_services": 0.0395, "median_commerce": 0.5245, "median_entertainment": 0.1695, "PC1_pos": 0.26143170423508155, "nivvie": 35064.878301886791, "rel_education": 0.50529782783560873, "rel_sante": 0.24170615350363206, "rel_services": 0.043236586040349606, "rel_commerce": 0.062743097267583203, "rel_loisirs": 0.078596135047747956, "rel_pc1": 0.12488834691812724, "q_revenu": 5, "q_population": 1 }, "geometry": { "type": "Polygon", "coordinates": [ [ [ -0.629687259973493, 44.862667875067316 ], [ -0.63002845487581, 44.864450041529558 ], [ -0.627521936712808, 44.864705980430152 ], [ -0.627180819430376, 44.862923804526659 ], [ -0.629687259973493, 44.862667875067316 ] ] ] } },
{ "type": "Feature", "properties": { "idcar_200m": "CRS3035RES200mN2476600E3482800", "population": 151.0, "median_education": 0.339, "median_healthcare": 0.413, "median_services": 0.019, "median_commerce": 0.207, "median_entertainment": 0.483, "PC1_pos": 0.21984645689080162, "nivvie": 38577.943046357621, "rel_education": 0.24401134421121276, "rel_sante": 0.12580295072085701, "rel_services": 0.020797345183965633, "rel_commerce": 0.024762290056033791, "rel_loisirs": 0.22396420783517557, "rel_pc1": 0.10502268903166634, "q_revenu": 5, "q_population": 2 }, "geometry": { "type": "Polygon", "coordinates": [ [ [ -0.627180819430376, 44.862923804526659 ], [ -0.627521936712808, 44.864705980430152 ], [ -0.625015398002158, 44.864961859397603 ], [ -0.624674358342227, 44.86317967405499 ], [ -0.627180819430376, 44.862923804526659 ] ] ] } },
{ "type": "Feature", "properties": { "idcar_200m": "CRS3035RES200mN2476600E3483000", "population": 357.5, "median_education": 0.2955, "median_healthcare": 0.356, "median_services": 0.023, "median_commerce": 0.153, "median_entertainment": 1.237, "PC1_pos": 0.36197517146620428, "nivvie": 23395.247552447552, "rel_education": 0.21270015402481818, "rel_sante": 0.10844031587560554, "rel_services": 0.025175733643747873, "rel_commerce": 0.018302562215329325, "rel_loisirs": 0.5735894929443317, "rel_pc1": 0.17291889261131799, "q_revenu": 2, "q_population": 4 }, "geometry": { "type": "Polygon", "coordinates": [ [ [ -0.624674358342227, 44.86317967405499 ], [ -0.625015398002158, 44.864961859397603 ], [ -0.622508838748287, 44.865217678431186 ], [ -0.62216787671348, 44.863435483651521 ], [ -0.624674358342227, 44.86317967405499 ] ] ] } },
{ "type": "Feature", "properties": { "idcar_200m": "CRS3035RES200mN2476600E3483200", "population": 239.0, "median_education": 0.6555, "median_healthcare": 0.324, "median_services": 0.01, "median_commerce": 0.2005, "median_entertainment": 1.3485, "PC1_pos": 0.41297289696096962, "nivvie": 28086.077824267781, "rel_education": 0.47182724522256625, "rel_sante": 0.098692871751955624, "rel_services": 0.010945971149455598, "rel_commerce": 0.023984730223356406, "rel_loisirs": 0.62529137529137535, "rel_pc1": 0.19728097850392493, "q_revenu": 3, "q_population": 3 }, "geometry": { "type": "Polygon", "coordinates": [ [ [ -0.62216787671348, 44.863435483651521 ], [ -0.622508838748287, 44.865217678431186 ], [ -0.620002258955632, 44.865473437530085 ], [ -0.619661374548565, 44.863691233315485 ], [ -0.62216787671348, 44.863435483651521 ] ] ] } },
{ "type": "Feature", "properties": { "idcar_200m": "CRS3035RES200mN2476600E3483400", "population": 169.0, "median_education": 0.204, "median_healthcare": 0.162, "median_services": 0.0, "median_commerce": 0.224, "median_entertainment": 0.436, "PC1_pos": 0.16437889526344285, "nivvie": 31903.002366863908, "rel_education": 0.14683868501205721, "rel_sante": 0.049346435875977812, "rel_services": 0.0, "rel_commerce": 0.026795908079959272, "rel_loisirs": 0.20217058926736345, "rel_pc1": 0.078525321011637894, "q_revenu": 5, "q_population": 2 }, "geometry": { "type": "Polygon", "coordinates": [ [ [ -0.619661374548565, 44.863691233315485 ], [ -0.620002258955632, 44.865473437530085 ], [ -0.617495658628619, 44.865729136693503 ], [ -0.617154851851915, 44.863946923046086 ], [ -0.619661374548565, 44.863691233315485 ] ] ] } },
{ "type": "Feature", "properties": { "idcar_200m": "CRS3035RES200mN2476600E3486800", "population": 104.5, "median_education": 1.029, "median_healthcare": 0.8145, "median_services": 0.058, "median_commerce": 0.084, "median_entertainment": 0.1785, "PC1_pos": 0.28361505485140248, "nivvie": 18663.675598086124, "rel_education": 0.74067160234022977, "rel_sante": 0.2481029137097773, "rel_services": 0.063486632666842471, "rel_commerce": 0.010048465529984727, "rel_loisirs": 0.082769381156477931, "rel_pc1": 0.13548553900576452, "q_revenu": 1, "q_population": 1 }, "geometry": { "type": "Polygon", "coordinates": [ [ [ -0.577047700006897, 44.8680298071558 ], [ -0.577387264342286, 44.869812171442774 ], [ -0.574880315609697, 44.870066851582926 ], [ -0.574540828949089, 44.868284477898847 ], [ -0.577047700006897, 44.8680298071558 ] ] ] } },
{ "type": "Feature", "properties": { "idcar_200m": "CRS3035RES200mN2476600E3487000", "population": 24.0, "median_education": 0.2715, "median_healthcare": 0.21, "median_services": 0.007, "median_commerce": 0.031, "median_entertainment": 0.084, "PC1_pos": 0.093153726324788799, "nivvie": 28852.7375, "rel_education": 0.19542501461163497, "rel_sante": 0.063967602061452716, "rel_services": 0.0076621798046189182, "rel_commerce": 0.0037083622789229349, "rel_loisirs": 0.038950297014813146, "rel_pc1": 0.044500398006453272, "q_revenu": 4, "q_population": 1 }, "geometry": { "type": "Polygon", "coordinates": [ [ [ -0.574540828949089, 44.868284477898847 ], [ -0.574880315609697, 44.870066851582926 ], [ -0.572373346422596, 44.870321471773465 ], [ -0.572033937439371, 44.868539088694384 ], [ -0.574540828949089, 44.868284477898847 ] ] ] } },
{ "type": "Feature", "properties": { "idcar_200m": "CRS3035RES200mN2476600E3488400", "population": 156.0, "median_education": 0.133, "median_healthcare": 0.082, "median_services": 0.0, "median_commerce": 0.847, "median_entertainment": 0.28, "PC1_pos": 0.13123455160057973, "nivvie": 20658.653846153848, "rel_education": 0.095733064248056929, "rel_sante": 0.024977825566852966, "rel_services": 0.0, "rel_commerce": 0.101322027427346, "rel_loisirs": 0.1298343233827105, "rel_pc1": 0.062691961007148342, "q_revenu": 1, "q_population": 2 }, "geometry": { "type": "Polygon", "coordinates": [ [ [ -0.556992159139479, 44.870065494526081 ], [ -0.557331102003634, 44.871847933931043 ], [ -0.554823989759182, 44.872102134452355 ], [ -0.554485124590656, 44.87031968566712 ], [ -0.556992159139479, 44.870065494526081 ] ] ] } },
{ "type": "Feature", "properties": { "idcar_200m": "CRS3035RES200mN2476600E3488800", "population": 235.5, "median_education": 0.57, "median_healthcare": 0.596, "median_services": 0.263, "median_commerce": 1.431, "median_entertainment": 1.193, "PC1_pos": 0.57941706929390824, "nivvie": 22677.002123142251, "rel_education": 0.41028456106310107, "rel_sante": 0.18154614680298006, "rel_services": 0.2878790412306822, "rel_commerce": 0.17118278777866838, "rel_loisirs": 0.55318695641276294, "rel_pc1": 0.27679290150361135, "q_revenu": 2, "q_population": 3 }, "geometry": { "type": "Polygon", "coordinates": [ [ [ -0.55197806962544, 44.870573816854375 ], [ -0.552316857095732, 44.872356275017772 ], [ -0.549809704017714, 44.87261035562657 ], [ -0.549470994248261, 44.870827888087078 ], [ -0.55197806962544, 44.870573816854375 ] ] ] } },
{ "type": "Feature", "properties": { "idcar_200m": "CRS3035RES200mN2476600E3489000", "population": 252.0, "median_education": 0.7695, "median_healthcare": 0.9085, "median_services": 1.0185, "median_commerce": 2.3055, "median_entertainment": 1.401, "PC1_pos": 1.2749367216719187, "nivvie": 25684.06984126984, "rel_education": 0.55388415743518649, "rel_sante": 0.27673603082299902, "rel_services": 1.1148471615720525, "rel_commerce": 0.27579449142118795, "rel_loisirs": 0.64963531092563354, "rel_pc1": 0.60904908247718192, "q_revenu": 3, "q_population": 3 }, "geometry": { "type": "Polygon", "coordinates": [ [ [ -0.549470994248261, 44.870827888087078 ], [ -0.549809704017714, 44.87261035562657 ], [ -0.547302530529581, 44.872864376277874 ], [ -0.546963898463564, 44.87108189936442 ], [ -0.549470994248261, 44.870827888087078 ] ] ] } },
{ "type": "Feature", "properties": { "idcar_200m": "CRS3035RES200mN2476600E3489200", "population": 155.0, "median_education": 0.725, "median_healthcare": 1.185, "median_services": 1.6465, "median_commerce": 3.3185, "median_entertainment": 1.8685, "PC1_pos": 1.8629269095010579, "nivvie": 17943.053548387095, "rel_education": 0.52185316977324259, "rel_sante": 0.36096004020391176, "rel_services": 1.8022541497578641, "rel_commerce": 0.39697420072921807, "rel_loisirs": 0.86641226157355189, "rel_pc1": 0.88993744212322035, "q_revenu": 1, "q_population": 2 }, "geometry": { "type": "Polygon", "coordinates": [ [ [ -0.546963898463564, 44.87108189936442 ], [ -0.547302530529581, 44.872864376277874 ], [ -0.544795336635764, 44.873118336970983 ], [ -0.544456782275792, 44.871335850685668 ], [ -0.546963898463564, 44.87108189936442 ] ] ] } },
{ "type": "Feature", "properties": { "idcar_200m": "CRS3035RES200mN2476800E3482200", "population": 200.5, "median_education": 0.151, "median_healthcare": 0.051, "median_services": 0.019, "median_commerce": 0.179, "median_entertainment": 0.032, "PC1_pos": 0.063092935040107267, "nivvie": 24460.98403990025, "rel_education": 0.10868941880794432, "rel_sante": 0.015534989072067087, "rel_services": 0.020797345183965633, "rel_commerce": 0.021412801546038883, "rel_loisirs": 0.014838208386595483, "rel_pc1": 0.03014007953789111, "q_revenu": 2, "q_population": 2 }, "geometry": { "type": "Polygon", "coordinates": [ [ [ -0.635041429541143, 44.863937983932253 ], [ -0.635382808190922, 44.865720127609123 ], [ -0.632876253515668, 44.865976195819805 ], [ -0.63253495248673, 44.86419404269666 ], [ -0.635041429541143, 44.863937983932253 ] ] ] } },
{ "type": "Feature", "properties": { "idcar_200m": "CRS3035RES200mN2476800E3482400", "population": 123.5, "median_education": 0.369, "median_healthcare": 0.13, "median_services": 0.028, "median_commerce": 0.286, "median_entertainment": 0.029, "PC1_pos": 0.10857406934995084, "nivvie": 34134.003238866397, "rel_education": 0.26560526847769178, "rel_sante": 0.039598991752327874, "rel_services": 0.030648719218475673, "rel_commerce": 0.034212632637805142, "rel_loisirs": 0.013447126350352157, "rel_pc1": 0.051866838717834041, "q_revenu": 5, "q_population": 2 }, "geometry": { "type": "Polygon", "coordinates": [ [ [ -0.63253495248673, 44.86419404269666 ], [ -0.632876253515668, 44.865976195819805 ], [ -0.630369678281286, 44.866232204096846 ], [ -0.63002845487581, 44.864450041529558 ], [ -0.63253495248673, 44.86419404269666 ] ] ] } },
{ "type": "Feature", "properties": { "idcar_200m": "CRS3035RES200mN2476800E3482600", "population": 25.0, "median_education": 0.884, "median_healthcare": 0.175, "median_services": 0.011, "median_commerce": 0.131, "median_entertainment": 0.061, "PC1_pos": 0.16845255443853557, "nivvie": 35124.796, "rel_education": 0.63630096838558137, "rel_sante": 0.053306335051210595, "rel_services": 0.012040568264401155, "rel_commerce": 0.015670821243190469, "rel_loisirs": 0.028285334736947641, "rel_pc1": 0.080471345736426891, "q_revenu": 5, "q_population": 1 }, "geometry": { "type": "Polygon", "coordinates": [ [ [ -0.63002845487581, 44.864450041529558 ], [ -0.630369678281286, 44.866232204096846 ], [ -0.627863082492202, 44.866488152439452 ], [ -0.627521936712808, 44.864705980430152 ], [ -0.63002845487581, 44.864450041529558 ] ] ] } },
{ "type": "Feature", "properties": { "idcar_200m": "CRS3035RES200mN2476800E3482800", "population": 29.0, "median_education": 0.231, "median_healthcare": 0.167, "median_services": 0.008, "median_commerce": 0.11, "median_entertainment": 0.329, "PC1_pos": 0.12136563807327438, "nivvie": 35124.793103448275, "rel_education": 0.16627321685188834, "rel_sante": 0.050869474020298115, "rel_services": 0.0087567769195644775, "rel_commerce": 0.013158704860694285, "rel_loisirs": 0.15255532997468482, "rel_pc1": 0.057977489593249651, "q_revenu": 5, "q_population": 1 }, "geometry": { "type": "Polygon", "coordinates": [ [ [ -0.627521936712808, 44.864705980430152 ], [ -0.627863082492202, 44.866488152439452 ], [ -0.625356466152846, 44.866744040846889 ], [ -0.625015398002158, 44.864961859397603 ], [ -0.627521936712808, 44.864705980430152 ] ] ] } },
{ "type": "Feature", "properties": { "idcar_200m": "CRS3035RES200mN2476800E3483000", "population": 250.0, "median_education": 0.19, "median_healthcare": 0.049, "median_services": 0.0, "median_commerce": 0.06, "median_entertainment": 0.405, "PC1_pos": 0.13134998138658216, "nivvie": 25661.4144, "rel_education": 0.13676152035436703, "rel_sante": 0.014925773814338968, "rel_services": 0.0, "rel_commerce": 0.0071774753785605189, "rel_loisirs": 0.18779607489284911, "rel_pc1": 0.062747102885219841, "q_revenu": 3, "q_population": 3 }, "geometry": { "type": "Polygon", "coordinates": [ [ [ -0.625015398002158, 44.864961859397603 ], [ -0.625356466152846, 44.866744040846889 ], [ -0.622849829267653, 44.866999869318306 ], [ -0.622508838748287, 44.865217678431186 ], [ -0.625015398002158, 44.864961859397603 ] ] ] } },
{ "type": "Feature", "properties": { "idcar_200m": "CRS3035RES200mN2476800E3483200", "population": 144.5, "median_education": 0.344, "median_healthcare": 0.0475, "median_services": 0.0, "median_commerce": 0.0785, "median_entertainment": 0.489, "PC1_pos": 0.15577655498095311, "nivvie": 28899.056747404844, "rel_education": 0.24761033158895923, "rel_sante": 0.014468862371042876, "rel_services": 0.0, "rel_commerce": 0.0093905302869500135, "rel_loisirs": 0.22674637190766223, "rel_pc1": 0.07441590336984602, "q_revenu": 4, "q_population": 2 }, "geometry": { "type": "Polygon", "coordinates": [ [ [ -0.622508838748287, 44.865217678431186 ], [ -0.622849829267653, 44.866999869318306 ], [ -0.620343171841058, 44.867255637852942 ], [ -0.620002258955632, 44.865473437530085 ], [ -0.622508838748287, 44.865217678431186 ] ] ] } },
{ "type": "Feature", "properties": { "idcar_200m": "CRS3035RES200mN2476800E3488600", "population": 97.5, "median_education": 0.448, "median_healthcare": 0.229, "median_services": 0.082, "median_commerce": 1.354, "median_entertainment": 0.255, "PC1_pos": 0.30970312568874592, "nivvie": 20944.350769230768, "rel_education": 0.32246926904608647, "rel_sante": 0.069755147009869872, "rel_services": 0.089756963425535893, "rel_commerce": 0.16197169437618239, "rel_loisirs": 0.11824197308068277, "rel_pc1": 0.14794805211484452, "q_revenu": 1, "q_population": 1 }, "geometry": { "type": "Polygon", "coordinates": [ [ [ -0.554823989759182, 44.872102134452355 ], [ -0.555162883244736, 44.873884579366795 ], [ -0.552655672876842, 44.874138729311234 ], [ -0.552316857095732, 44.872356275017772 ], [ -0.554823989759182, 44.872102134452355 ] ] ] } },
{ "type": "Feature", "properties": { "idcar_200m": "CRS3035RES200mN2476800E3488800", "population": 78.0, "median_education": 0.979, "median_healthcare": 0.831, "median_services": 0.351, "median_commerce": 1.77, "median_entertainment": 1.024, "PC1_pos": 0.78027614164585146, "nivvie": 25979.033333333333, "rel_education": 0.7046817285627649, "rel_sante": 0.25312893958603427, "rel_services": 0.38420358734589144, "rel_commerce": 0.21173552366753531, "rel_loisirs": 0.47482266837105547, "rel_pc1": 0.37274514104907253, "q_revenu": 3, "q_population": 1 }, "geometry": { "type": "Polygon", "coordinates": [ [ [ -0.552316857095732, 44.872356275017772 ], [ -0.552655672876842, 44.874138729311234 ], [ -0.550148442091775, 44.874392819296894 ], [ -0.549809704017714, 44.87261035562657 ], [ -0.552316857095732, 44.872356275017772 ] ] ] } },
{ "type": "Feature", "properties": { "idcar_200m": "CRS3035RES200mN2476800E3489000", "population": 186.0, "median_education": 0.86, "median_healthcare": 2.001, "median_services": 1.031, "median_commerce": 3.166, "median_entertainment": 1.252, "PC1_pos": 1.5107289846460095, "nivvie": 25533.239247311827, "rel_education": 0.61902582897239811, "rel_sante": 0.6095198653569851, "rel_services": 1.1285296255088719, "rel_commerce": 0.37873145080871007, "rel_loisirs": 0.5805449031255483, "rel_pc1": 0.72168923079078851, "q_revenu": 3, "q_population": 2 }, "geometry": { "type": "Polygon", "coordinates": [ [ [ -0.549809704017714, 44.87261035562657 ], [ -0.550148442091775, 44.874392819296894 ], [ -0.547641190893985, 44.874646849322978 ], [ -0.547302530529581, 44.872864376277874 ], [ -0.549809704017714, 44.87261035562657 ] ] ] } },
{ "type": "Feature", "properties": { "idcar_200m": "CRS3035RES200mN2476800E3489200", "population": 147.0, "median_education": 0.397, "median_healthcare": 2.233, "median_services": 2.427, "median_commerce": 4.542, "median_entertainment": 2.883, "PC1_pos": 2.7149290921610194, "nivvie": 23935.314285714288, "rel_education": 0.2857595977930722, "rel_sante": 0.6801888352534472, "rel_services": 2.6565871979728732, "rel_commerce": 0.54333488615703129, "rel_loisirs": 1.3368298368298368, "rel_pc1": 1.2969467774078134, "q_revenu": 2, "q_population": 2 }, "geometry": { "type": "Polygon", "coordinates": [ [ [ -0.547302530529581, 44.872864376277874 ], [ -0.547641190893985, 44.874646849322978 ], [ -0.545133919287918, 44.874900819388749 ], [ -0.544795336635764, 44.873118336970983 ], [ -0.547302530529581, 44.872864376277874 ] ] ] } },
{ "type": "Feature", "properties": { "idcar_200m": "CRS3035RES200mN2476800E3489400", "population": 235.5, "median_education": 0.1315, "median_healthcare": 1.108, "median_services": 0.626, "median_commerce": 1.309, "median_entertainment": 2.8555, "PC1_pos": 1.3122092292132528, "nivvie": 16331.749893842887, "rel_education": 0.094653368034732982, "rel_sante": 0.33750525278137911, "rel_services": 0.68521779395592042, "rel_commerce": 0.15658858784226198, "rel_loisirs": 1.3240782514976064, "rel_pc1": 0.62685450460817527, "q_revenu": 1, "q_population": 3 }, "geometry": { "type": "Polygon", "coordinates": [ [ [ -0.544795336635764, 44.873118336970983 ], [ -0.545133919287918, 44.874900819388749 ], [ -0.542626627278008, 44.875154729493417 ], [ -0.542288122340708, 44.87337223770507 ], [ -0.544795336635764, 44.873118336970983 ] ] ] } },
{ "type": "Feature", "properties": { "idcar_200m": "CRS3035RES200mN2477000E3482200", "population": 235.5, "median_education": 0.092, "median_healthcare": 0.0, "median_services": 0.007, "median_commerce": 0.045, "median_entertainment": 0.014, "PC1_pos": 0.023526117017426351, "nivvie": 28213.973248407645, "rel_education": 0.066221367750535609, "rel_sante": 0.0, "rel_services": 0.0076621798046189182, "rel_commerce": 0.0053831065339203892, "rel_loisirs": 0.006491716169135524, "rel_pc1": 0.011238644036328512, "q_revenu": 4, "q_population": 3 }, "geometry": { "type": "Polygon", "coordinates": [ [ [ -0.635382808190922, 44.865720127609123 ], [ -0.635724215359563, 44.867502267389654 ], [ -0.633217583057271, 44.867758345047392 ], [ -0.632876253515668, 44.865976195819805 ], [ -0.635382808190922, 44.865720127609123 ] ] ] } },
{ "type": "Feature", "properties": { "idcar_200m": "CRS3035RES200mN2477000E3482400", "population": 195.5, "median_education": 0.128, "median_healthcare": 0.0, "median_services": 0.0, "median_commerce": 0.027, "median_entertainment": 0.007, "PC1_pos": 0.028307897310311247, "nivvie": 28872.286956521737, "rel_education": 0.092134076870310416, "rel_sante": 0.0, "rel_services": 0.0, "rel_commerce": 0.0032298639203522336, "rel_loisirs": 0.003245858084567762, "rel_pc1": 0.01352294477885466, "q_revenu": 4, "q_population": 2 }, "geometry": { "type": "Polygon", "coordinates": [ [ [ -0.632876253515668, 44.865976195819805 ], [ -0.633217583057271, 44.867758345047392 ], [ -0.630710930193224, 44.868014362769372 ], [ -0.630369678281286, 44.866232204096846 ], [ -0.632876253515668, 44.865976195819805 ] ] ] } },
{ "type": "Feature", "properties": { "idcar_200m": "CRS3035RES200mN2477000E3483000", "population": 4.0, "median_education": 0.113, "median_healthcare": 0.014, "median_services": 0.0, "median_commerce": 0.021, "median_entertainment": 0.154, "PC1_pos": 0.045838217247190727, "nivvie": 34602.05, "rel_education": 0.08133711473707092, "rel_sante": 0.0042645068040968476, "rel_services": 0.0, "rel_commerce": 0.0025121163824961819, "rel_loisirs": 0.071408877860490758, "rel_pc1": 0.021897341006995762, "q_revenu": 5, "q_population": 1 }, "geometry": { "type": "Polygon", "coordinates": [ [ [ -0.625356466152846, 44.866744040846889 ], [ -0.625697562797605, 44.868526218403048 ], [ -0.623190848274893, 44.868782056313123 ], [ -0.622849829267653, 44.866999869318306 ], [ -0.625356466152846, 44.866744040846889 ] ] ] } },
{ "type": "Feature", "properties": { "idcar_200m": "CRS3035RES200mN2477000E3487200", "population": 2588.5, "median_education": 1.578, "median_healthcare": 3.115, "median_services": 1.629, "median_commerce": 2.537, "median_entertainment": 2.808, "PC1_pos": 2.172552122052001, "nivvie": 13913.989607881012, "rel_education": 1.1358404164167957, "rel_sante": 0.9488527639115486, "rel_services": 1.7830987002463168, "rel_commerce": 0.30348758392346731, "rel_loisirs": 1.3020527859237536, "rel_pc1": 1.0378482744103783, "q_revenu": 1, "q_population": 5 }, "geometry": { "type": "Polygon", "coordinates": [ [ [ -0.572712783766307, 44.87210385097616 ], [ -0.573052249473802, 44.873886226302737 ], [ -0.570545104458007, 44.874140805331081 ], [ -0.570205716442919, 44.872358420610034 ], [ -0.572712783766307, 44.87210385097616 ] ] ] } },
{ "type": "Feature", "properties": { "idcar_200m": "CRS3035RES200mN2477000E3487400", "population": 1.0, "median_education": 1.0615, "median_healthcare": 1.348, "median_services": 0.474, "median_commerce": 0.967, "median_entertainment": 2.2065, "PC1_pos": 1.1114990782511811, "nivvie": 20847.9, "rel_education": 0.76406502029558221, "rel_sante": 0.41061108370875365, "rel_services": 0.51883903248419527, "rel_commerce": 0.11567697818446704, "rel_loisirs": 1.0231408376569668, "rel_pc1": 0.5309734061902075, "q_revenu": 1, "q_population": 1 }, "geometry": { "type": "Polygon", "coordinates": [ [ [ -0.570205716442919, 44.872358420610034 ], [ -0.570545104458007, 44.874140805331081 ], [ -0.568037938991348, 44.874395324404055 ], [ -0.567698628671283, 44.872612930290593 ], [ -0.570205716442919, 44.872358420610034 ] ] ] } },
{ "type": "Feature", "properties": { "idcar_200m": "CRS3035RES200mN2477000E3487800", "population": 1.0, "median_education": 0.0, "median_healthcare": 0.0, "median_services": 0.0, "median_commerce": 0.431, "median_entertainment": 0.0, "PC1_pos": 0.044985670300596858, "nivvie": 20847.9, "rel_education": 0.0, "rel_sante": 0.0, "rel_services": 0.0, "rel_commerce": 0.051558198135993064, "rel_loisirs": 0.0, "rel_pc1": 0.021490071432933452, "q_revenu": 1, "q_population": 1 }, "geometry": { "type": "Polygon", "coordinates": [ [ [ -0.56519152045583, 44.872867380017112 ], [ -0.565530753078269, 44.874649783520887 ], [ -0.563023546723218, 44.874904182680758 ], [ -0.562684391801012, 44.873121769788796 ], [ -0.56519152045583, 44.872867380017112 ] ] ] } },
{ "type": "Feature", "properties": { "idcar_200m": "CRS3035RES200mN2477000E3488600", "population": 37.0, "median_education": 0.608, "median_healthcare": 0.4545, "median_services": 0.1345, "median_commerce": 3.9615, "median_entertainment": 0.3545, "PC1_pos": 0.57258248922584731, "nivvie": 24322.518918918919, "rel_education": 0.43763686513397448, "rel_sante": 0.13844416731871553, "rel_services": 0.14722331196017779, "rel_commerce": 0.47389281186945831, "rel_loisirs": 0.1643795272827531, "rel_pc1": 0.27352795929211821, "q_revenu": 2, "q_population": 1 }, "geometry": { "type": "Polygon", "coordinates": [ [ [ -0.555162883244736, 44.873884579366795 ], [ -0.555501805050607, 44.875667020410752 ], [ -0.552994516972054, 44.875921179734959 ], [ -0.552655672876842, 44.874138729311234 ], [ -0.555162883244736, 44.873884579366795 ] ] ] } },
{ "type": "Feature", "properties": { "idcar_200m": "CRS3035RES200mN2477000E3488800", "population": 208.0, "median_education": 0.429, "median_healthcare": 1.13, "median_services": 0.271, "median_commerce": 4.112, "median_entertainment": 0.496, "PC1_pos": 0.76731942883369753, "nivvie": 24078.33173076923, "rel_education": 0.30879311701064976, "rel_sante": 0.3442066206163884, "rel_services": 0.2966358181502467, "rel_commerce": 0.49189631261068095, "rel_loisirs": 0.22999222999222999, "rel_pc1": 0.36655559931258985, "q_revenu": 2, "q_population": 2 }, "geometry": { "type": "Polygon", "coordinates": [ [ [ -0.552655672876842, 44.874138729311234 ], [ -0.552994516972054, 44.875921179734959 ], [ -0.550487208473731, 44.876175279098284 ], [ -0.550148442091775, 44.874392819296894 ], [ -0.552655672876842, 44.874138729311234 ] ] ] } },
{ "type": "Feature", "properties": { "idcar_200m": "CRS3035RES200mN2477000E3489000", "population": 300.5, "median_education": 0.384, "median_healthcare": 3.4545, "median_services": 0.5015, "median_commerce": 2.9635, "median_entertainment": 1.086, "PC1_pos": 1.1393260638216587, "nivvie": 26088.736439267886, "rel_education": 0.27640223061093128, "rel_sante": 1.0522670539108971, "rel_services": 0.54894045314519824, "rel_commerce": 0.35450747140606831, "rel_loisirs": 0.50357169712008421, "rel_pc1": 0.54426661497595807, "q_revenu": 3, "q_population": 3 }, "geometry": { "type": "Polygon", "coordinates": [ [ [ -0.550148442091775, 44.874392819296894 ], [ -0.550487208473731, 44.876175279098284 ], [ -0.547979879560079, 44.876429318499966 ], [ -0.547641190893985, 44.874646849322978 ], [ -0.550148442091775, 44.874392819296894 ] ] ] } },
{ "type": "Feature", "properties": { "idcar_200m": "CRS3035RES200mN2477000E3489200", "population": 228.5, "median_education": 0.278, "median_healthcare": 3.401, "median_services": 0.862, "median_commerce": 2.4435, "median_entertainment": 2.0995, "PC1_pos": 1.5316931670233418, "nivvie": 28147.132603938731, "rel_education": 0.20010369820270546, "rel_sante": 1.0359705457666699, "rel_services": 0.94354271308307247, "rel_commerce": 0.29230268479187721, "rel_loisirs": 0.97352557836428799, "rel_pc1": 0.73170401491674475, "q_revenu": 4, "q_population": 3 }, "geometry": { "type": "Polygon", "coordinates": [ [ [ -0.547641190893985, 44.874646849322978 ], [ -0.547979879560079, 44.876429318499966 ], [ -0.545472530235542, 44.876683297939216 ], [ -0.545133919287918, 44.874900819388749 ], [ -0.547641190893985, 44.874646849322978 ] ] ] } },
{ "type": "Feature", "properties": { "idcar_200m": "CRS3035RES200mN2477000E3489400", "population": 762.5, "median_education": 0.188, "median_healthcare": 1.772, "median_services": 0.684, "median_commerce": 1.33, "median_entertainment": 3.14, "PC1_pos": 1.3183808737663882, "nivvie": 14550.752393442623, "rel_education": 0.13532192540326843, "rel_sante": 0.53976471834711526, "rel_services": 0.74870442662276293, "rel_commerce": 0.15910070422475819, "rel_loisirs": 1.4559991979346818, "rel_pc1": 0.6298027563830032, "q_revenu": 1, "q_population": 5 }, "geometry": { "type": "Polygon", "coordinates": [ [ [ -0.545133919287918, 44.874900819388749 ], [ -0.545472530235542, 44.876683297939216 ], [ -0.54296516050456, 44.876937217415261 ], [ -0.542626627278008, 44.875154729493417 ], [ -0.545133919287918, 44.874900819388749 ] ] ] } },
{ "type": "Feature", "properties": { "idcar_200m": "CRS3035RES200mN2477200E3482400", "population": 53.0, "median_education": 0.026, "median_healthcare": 0.0, "median_services": 0.0, "median_commerce": 0.007, "median_entertainment": 0.0, "PC1_pos": 0.004525449251449043, "nivvie": 29646.018867924529, "rel_education": 0.018714734364281803, "rel_sante": 0.0, "rel_services": 0.0, "rel_commerce": 0.00083737212749872725, "rel_loisirs": 0.0, "rel_pc1": 0.0021618490294778342, "q_revenu": 4, "q_population": 1 }, "geometry": { "type": "Polygon", "coordinates": [ [ [ -0.633217583057271, 44.867758345047392 ], [ -0.633558941114848, 44.869540490379698 ], [ -0.631052210614947, 44.869796517547464 ], [ -0.630710930193224, 44.868014362769372 ], [ -0.633217583057271, 44.867758345047392 ] ] ] } },
{ "type": "Feature", "properties": { "idcar_200m": "CRS3035RES200mN2477200E3486800", "population": 129.0, "median_education": 0.7395, "median_healthcare": 1.0325, "median_services": 0.262, "median_commerce": 0.328, "median_entertainment": 0.846, "PC1_pos": 0.52668784158571258, "nivvie": 22472.566666666666, "rel_education": 0.53229023316870749, "rel_sante": 0.31450737680214252, "rel_services": 0.28678444411573667, "rel_commerce": 0.039236865402797506, "rel_loisirs": 0.39228513422061806, "rel_pc1": 0.2516036609636631, "q_revenu": 2, "q_population": 2 }, "geometry": { "type": "Polygon", "coordinates": [ [ [ -0.578066478135075, 44.873376888382943 ], [ -0.578406127599066, 44.875159241036648 ], [ -0.575898945804894, 44.87541394937297 ], [ -0.575559374034307, 44.873631587319743 ], [ -0.578066478135075, 44.873376888382943 ] ] ] } },
{ "type": "Feature", "properties": { "idcar_200m": "CRS3035RES200mN2477200E3487000", "population": 957.0, "median_education": 1.536, "median_healthcare": 1.656, "median_services": 0.65, "median_commerce": 0.906, "median_entertainment": 2.623, "PC1_pos": 1.339384882552981, "nivvie": 14898.056635318704, "rel_education": 1.1056089224437251, "rel_sante": 0.50443023339888426, "rel_services": 0.71148812471461387, "rel_commerce": 0.10837987821626385, "rel_loisirs": 1.2162693936887485, "rel_pc1": 0.63983656595359995, "q_revenu": 1, "q_population": 5 }, "geometry": { "type": "Polygon", "coordinates": [ [ [ -0.575559374034307, 44.873631587319743 ], [ -0.575898945804894, 44.87541394937297 ], [ -0.573391743548381, 44.875668597753332 ], [ -0.573052249473802, 44.873886226302737 ], [ -0.575559374034307, 44.873631587319743 ] ] ] } },
{ "type": "Feature", "properties": { "idcar_200m": "CRS3035RES200mN2477200E3488600", "population": 27.0, "median_education": 0.295, "median_healthcare": 0.307, "median_services": 0.074, "median_commerce": 2.849, "median_entertainment": 0.174, "PC1_pos": 0.36037974629762881, "nivvie": 23082.196296296297, "rel_education": 0.21234025528704353, "rel_sante": 0.093514542061266581, "rel_services": 0.081000186505971419, "rel_commerce": 0.340810455891982, "rel_loisirs": 0.080682758102112936, "rel_pc1": 0.17215674322887048, "q_revenu": 2, "q_population": 1 }, "geometry": { "type": "Polygon", "coordinates": [ [ [ -0.555501805050607, 44.875667020410752 ], [ -0.555840755180085, 44.877449457584433 ], [ -0.553333389384665, 44.877703626289225 ], [ -0.552994516972054, 44.875921179734959 ], [ -0.555501805050607, 44.875667020410752 ] ] ] } },
{ "type": "Feature", "properties": { "idcar_200m": "CRS3035RES200mN2477200E3488800", "population": 477.0, "median_education": 0.284, "median_healthcare": 1.327, "median_services": 0.116, "median_commerce": 3.445, "median_entertainment": 0.401, "PC1_pos": 0.5130633700956746, "nivvie": 19514.229769392034, "rel_education": 0.20442248305600122, "rel_sante": 0.40421432350260833, "rel_services": 0.12697326533368494, "rel_commerce": 0.41210671131901649, "rel_loisirs": 0.18594129884452468, "rel_pc1": 0.2450951247208899, "q_revenu": 1, "q_population": 5 }, "geometry": { "type": "Polygon", "coordinates": [ [ [ -0.552994516972054, 44.875921179734959 ], [ -0.553333389384665, 44.877703626289225 ], [ -0.550826003166866, 44.877957735031032 ], [ -0.550487208473731, 44.876175279098284 ], [ -0.552994516972054, 44.875921179734959 ] ] ] } },
{ "type": "Feature", "properties": { "idcar_200m": "CRS3035RES200mN2477200E3489000", "population": 261.0, "median_education": 0.259, "median_healthcare": 1.558, "median_services": 0.12, "median_commerce": 1.576, "median_entertainment": 0.607, "PC1_pos": 0.53135654323292614, "nivvie": 22313.743678160918, "rel_education": 0.18642754616726875, "rel_sante": 0.47457868577020634, "rel_services": 0.13135165379346717, "rel_commerce": 0.18852835327685633, "rel_loisirs": 0.2814622653332331, "rel_pc1": 0.25383394298963402, "q_revenu": 2, "q_population": 3 }, "geometry": { "type": "Polygon", "coordinates": [ [ [ -0.550487208473731, 44.876175279098284 ], [ -0.550826003166866, 44.877957735031032 ], [ -0.548318596531137, 44.878211783809107 ], [ -0.547979879560079, 44.876429318499966 ], [ -0.550487208473731, 44.876175279098284 ] ] ] } },
{ "type": "Feature", "properties": { "idcar_200m": "CRS3035RES200mN2477200E3489200", "population": 291.0, "median_education": 0.319, "median_healthcare": 1.468, "median_services": 0.176, "median_commerce": 0.8295, "median_entertainment": 1.2075, "PC1_pos": 0.61251152185054725, "nivvie": 20180.739175257731, "rel_education": 0.22961539470022677, "rel_sante": 0.44716399917244087, "rel_services": 0.19264909223041848, "rel_commerce": 0.099228597108599173, "rel_loisirs": 0.55991051958793892, "rel_pc1": 0.29260242806448516, "q_revenu": 1, "q_population": 3 }, "geometry": { "type": "Polygon", "coordinates": [ [ [ -0.547979879560079, 44.876429318499966 ], [ -0.548318596531137, 44.878211783809107 ], [ -0.545811169481923, 44.878465772622619 ], [ -0.545472530235542, 44.876683297939216 ], [ -0.547979879560079, 44.876429318499966 ] ] ] } },
{ "type": "Feature", "properties": { "idcar_200m": "CRS3035RES200mN2477200E3489400", "population": 180.0, "median_education": 0.459, "median_healthcare": 0.766, "median_services": 0.2505, "median_commerce": 0.5125, "median_entertainment": 2.2725, "PC1_pos": 0.7746470772799241, "nivvie": 18673.085, "rel_education": 0.33038704127712881, "rel_sante": 0.23332944370987038, "rel_services": 0.27419657729386271, "rel_commerce": 0.061307602191871098, "rel_loisirs": 1.0537446424543198, "rel_pc1": 0.37005608485593283, "q_revenu": 1, "q_population": 2 }, "geometry": { "type": "Polygon", "coordinates": [ [ [ -0.545472530235542, 44.876683297939216 ], [ -0.545811169481923, 44.878465772622619 ], [ -0.543303722023658, 44.878719701470835 ], [ -0.54296516050456, 44.876937217415261 ], [ -0.545472530235542, 44.876683297939216 ] ] ] } },
{ "type": "Feature", "properties": { "idcar_200m": "CRS3035RES200mN2477200E3489600", "population": 71.5, "median_education": 0.357, "median_healthcare": 0.36, "median_services": 0.1335, "median_commerce": 0.2345, "median_entertainment": 1.982, "PC1_pos": 0.5396518087264659, "nivvie": 20586.097902097903, "rel_education": 0.25696769877110015, "rel_sante": 0.1096587463910618, "rel_services": 0.14612871484523224, "rel_commerce": 0.028051966271207363, "rel_loisirs": 0.91904153194475779, "rel_pc1": 0.25779666816011909, "q_revenu": 1, "q_population": 1 }, "geometry": { "type": "Polygon", "coordinates": [ [ [ -0.54296516050456, 44.876937217415261 ], [ -0.543303722023658, 44.878719701470835 ], [ -0.540796254160794, 44.878973570352912 ], [ -0.540457770371581, 44.877191076927289 ], [ -0.54296516050456, 44.876937217415261 ] ] ] } },
{ "type": "Feature", "properties": { "idcar_200m": "CRS3035RES200mN2477400E3482400", "population": 123.5, "median_education": 0.008, "median_healthcare": 0.0, "median_services": 0.0, "median_commerce": 0.0, "median_entertainment": 0.0, "PC1_pos": 0.0010337946832499334, "nivvie": 34787.666396761131, "rel_education": 0.005758379804394401, "rel_sante": 0.0, "rel_services": 0.0, "rel_commerce": 0.0, "rel_loisirs": 0.0, "rel_pc1": 0.00049385329687380737, "q_revenu": 5, "q_population": 2 }, "geometry": { "type": "Polygon", "coordinates": [ [ [ -0.633558941114848, 44.869540490379698 ], [ -0.633900327691715, 44.871322631816945 ], [ -0.631393519549753, 44.871578668431304 ], [ -0.631052210614947, 44.869796517547464 ], [ -0.633558941114848, 44.869540490379698 ] ] ] } },
{ "type": "Feature", "properties": { "idcar_200m": "CRS3035RES200mN2477400E3482600", "population": 1.0, "median_education": 0.0075, "median_healthcare": 0.0, "median_services": 0.0, "median_commerce": 0.0, "median_entertainment": 0.0, "PC1_pos": 0.0010078501895192105, "nivvie": 30411.1, "rel_education": 0.0053984810666197506, "rel_sante": 0.0, "rel_services": 0.0, "rel_commerce": 0.0, "rel_loisirs": 0.0, "rel_pc1": 0.00048145937187860435, "q_revenu": 4, "q_population": 1 }, "geometry": { "type": "Polygon", "coordinates": [ [ [ -0.631052210614947, 44.869796517547464 ], [ -0.631393519549753, 44.871578668431304 ], [ -0.628886690845225, 44.871834645104933 ], [ -0.6285454595551, 44.870052484776629 ], [ -0.631052210614947, 44.869796517547464 ] ] ] } },
{ "type": "Feature", "properties": { "idcar_200m": "CRS3035RES200mN2477400E3487000", "population": 43.5, "median_education": 0.794, "median_healthcare": 0.6505, "median_services": 0.243, "median_commerce": 0.3045, "median_entertainment": 1.6065, "PC1_pos": 0.66958108126514082, "nivvie": 20847.88275862069, "rel_education": 0.57151919558614439, "rel_sante": 0.1981472625760714, "rel_services": 0.26598709893177097, "rel_commerce": 0.036425687546194636, "rel_loisirs": 0.74492443040830136, "rel_pc1": 0.31986508526778096, "q_revenu": 1, "q_population": 1 }, "geometry": { "type": "Polygon", "coordinates": [ [ [ -0.575898945804894, 44.87541394937297 ], [ -0.576238545952068, 44.877196307549703 ], [ -0.573731265993334, 44.877450965328329 ], [ -0.573391743548381, 44.875668597753332 ], [ -0.575898945804894, 44.87541394937297 ] ] ] } },
{ "type": "Feature", "properties": { "idcar_200m": "CRS3035RES200mN2477400E3487200", "population": 186.5, "median_education": 0.904, "median_healthcare": 2.325, "median_services": 1.087, "median_commerce": 1.204, "median_entertainment": 4.667, "PC1_pos": 1.9536655317059015, "nivvie": 18607.978016085792, "rel_education": 0.65069691789656736, "rel_sante": 0.70821273710894084, "rel_services": 1.1898270639458233, "rel_commerce": 0.14402800592978107, "rel_loisirs": 2.1640599543825352, "rel_pc1": 0.93328412251895909, "q_revenu": 1, "q_population": 2 }, "geometry": { "type": "Polygon", "coordinates": [ [ [ -0.573391743548381, 44.875668597753332 ], [ -0.573731265993334, 44.877450965328329 ], [ -0.571223965574087, 44.877705563148112 ], [ -0.570884520833961, 44.875923186177026 ], [ -0.573391743548381, 44.875668597753332 ] ] ] } },
{ "type": "Feature", "properties": { "idcar_200m": "CRS3035RES200mN2477400E3487400", "population": 518.5, "median_education": 1.0545, "median_healthcare": 4.3645, "median_services": 0.87, "median_commerce": 3.7485, "median_entertainment": 2.4845, "PC1_pos": 1.9019179159745667, "nivvie": 20820.184956605593, "rel_education": 0.75902643796673697, "rel_sante": 1.329459996177192, "rel_services": 0.95229949000263692, "rel_commerce": 0.44841277427556847, "rel_loisirs": 1.1520477730155148, "rel_pc1": 0.90856380711364171, "q_revenu": 1, "q_population": 5 }, "geometry": { "type": "Polygon", "coordinates": [ [ [ -0.570884520833961, 44.875923186177026 ], [ -0.571223965574087, 44.877705563148112 ], [ -0.568716644698763, 44.877960101008327 ], [ -0.568377277666079, 44.876177714643227 ], [ -0.570884520833961, 44.875923186177026 ] ] ] } },
{ "type": "Feature", "properties": { "idcar_200m": "CRS3035RES200mN2477400E3488800", "population": 201.0, "median_education": 0.321, "median_healthcare": 0.394, "median_services": 0.033, "median_commerce": 1.1, "median_entertainment": 0.306, "PC1_pos": 0.23805604617418319, "nivvie": 19439.176119402986, "rel_education": 0.23105498965132537, "rel_sante": 0.12001540577243985, "rel_services": 0.036121704793203473, "rel_commerce": 0.13158704860694287, "rel_loisirs": 0.14189036769681931, "rel_pc1": 0.11372157851912736, "q_revenu": 1, "q_population": 2 }, "geometry": { "type": "Polygon", "coordinates": [ [ [ -0.553333389384665, 44.877703626289225 ], [ -0.553672290117961, 44.87948606897428 ], [ -0.55116482617448, 44.879740187095372 ], [ -0.550826003166866, 44.877957735031032 ], [ -0.553333389384665, 44.877703626289225 ] ] ] } },
{ "type": "Feature", "properties": { "idcar_200m": "CRS3035RES200mN2477400E3489000", "population": 270.0, "median_education": 0.5165, "median_healthcare": 0.5125, "median_services": 0.0395, "median_commerce": 0.5115, "median_entertainment": 0.5615, "PC1_pos": 0.30307751403719552, "nivvie": 20217.347407407407, "rel_education": 0.37177539612121352, "rel_sante": 0.156111409792831, "rel_services": 0.043236586040349606, "rel_commerce": 0.061187977602228438, "rel_loisirs": 0.2603641877835427, "rel_pc1": 0.14478293605172329, "q_revenu": 1, "q_population": 3 }, "geometry": { "type": "Polygon", "coordinates": [ [ [ -0.550826003166866, 44.877957735031032 ], [ -0.55116482617448, 44.879740187095372 ], [ -0.548657341810461, 44.879994245250629 ], [ -0.548318596531137, 44.878211783809107 ], [ -0.550826003166866, 44.877957735031032 ] ] ] } },
{ "type": "Feature", "properties": { "idcar_200m": "CRS3035RES200mN2477400E3489200", "population": 162.0, "median_education": 0.579, "median_healthcare": 0.645, "median_services": 0.0535, "median_commerce": 0.38, "median_entertainment": 1.252, "PC1_pos": 0.45987641936831114, "nivvie": 17378.938271604937, "rel_education": 0.41676273834304478, "rel_sante": 0.19647192061731905, "rel_services": 0.058560945649587443, "rel_commerce": 0.045457344064216622, "rel_loisirs": 0.5805449031255483, "rel_pc1": 0.21968722565451126, "q_revenu": 1, "q_population": 2 }, "geometry": { "type": "Polygon", "coordinates": [ [ [ -0.548318596531137, 44.878211783809107 ], [ -0.548657341810461, 44.879994245250629 ], [ -0.546149837030349, 44.880248243439247 ], [ -0.545811169481923, 44.878465772622619 ], [ -0.548318596531137, 44.878211783809107 ] ] ] } },
{ "type": "Feature", "properties": { "idcar_200m": "CRS3035RES200mN2477400E3489400", "population": 205.0, "median_education": 0.665, "median_healthcare": 0.3315, "median_services": 0.074, "median_commerce": 0.208, "median_entertainment": 1.8, "PC1_pos": 0.54341317476472484, "nivvie": 17251.70780487805, "rel_education": 0.47866532124028466, "rel_sante": 0.10097742896843608, "rel_services": 0.081000186505971419, "rel_commerce": 0.024881914645676465, "rel_loisirs": 0.83464922174599598, "rel_pc1": 0.25959350756047633, "q_revenu": 1, "q_population": 2 }, "geometry": { "type": "Polygon", "coordinates": [ [ [ -0.545811169481923, 44.878465772622619 ], [ -0.546149837030349, 44.880248243439247 ], [ -0.54364231183859, 44.880502181660418 ], [ -0.543303722023658, 44.878719701470835 ], [ -0.545811169481923, 44.878465772622619 ] ] ] } },
{ "type": "Feature", "properties": { "idcar_200m": "CRS3035RES200mN2477400E3489600", "population": 280.0, "median_education": 0.6155, "median_healthcare": 0.244, "median_services": 0.084, "median_commerce": 0.1895, "median_entertainment": 1.7595, "PC1_pos": 0.49936037363676067, "nivvie": 17939.096785714286, "rel_education": 0.4430353462005942, "rel_sante": 0.074324261442830775, "rel_services": 0.091946157655427019, "rel_commerce": 0.022668859737286974, "rel_loisirs": 0.81586961425671112, "rel_pc1": 0.23854907637305886, "q_revenu": 1, "q_population": 3 }, "geometry": { "type": "Polygon", "coordinates": [ [ [ -0.543303722023658, 44.878719701470835 ], [ -0.54364231183859, 44.880502181660418 ], [ -0.541134766239625, 44.880756059913374 ], [ -0.540796254160794, 44.878973570352912 ], [ -0.543303722023658, 44.878719701470835 ] ] ] } },
{ "type": "Feature", "properties": { "idcar_200m": "CRS3035RES200mN2477400E3489800", "population": 2.0, "median_education": 0.2505, "median_healthcare": 0.066, "median_services": 0.031, "median_commerce": 0.0375, "median_entertainment": 0.6555, "PC1_pos": 0.18858399546616966, "nivvie": 15720.4, "rel_education": 0.18030926762509969, "rel_sante": 0.020104103505027997, "rel_services": 0.033932510563312347, "rel_commerce": 0.0044859221116003243, "rel_loisirs": 0.30395142491916682, "rel_pc1": 0.090088321605429414, "q_revenu": 1, "q_population": 1 }, "geometry": { "type": "Polygon", "coordinates": [ [ [ -0.540796254160794, 44.878973570352912 ], [ -0.541134766239625, 44.880756059913374 ], [ -0.538627200237898, 44.881009878197361 ], [ -0.538288765897769, 44.879227379268151 ], [ -0.540796254160794, 44.878973570352912 ] ] ] } },
{ "type": "Feature", "properties": { "idcar_200m": "CRS3035RES200mN2477600E3482600", "population": 46.5, "median_education": 0.0, "median_healthcare": 0.0, "median_services": 0.0, "median_commerce": 0.0, "median_entertainment": 0.0, "PC1_pos": 0.0, "nivvie": 26807.290322580644, "rel_education": 0.0, "rel_sante": 0.0, "rel_services": 0.0, "rel_commerce": 0.0, "rel_loisirs": 0.0, "rel_pc1": 0.0, "q_revenu": 3, "q_population": 1 }, "geometry": { "type": "Polygon", "coordinates": [ [ [ -0.631393519549753, 44.871578668431304 ], [ -0.631734857000958, 44.873360815421123 ], [ -0.629227950645547, 44.873616801540017 ], [ -0.628886690845225, 44.871834645104933 ], [ -0.631393519549753, 44.871578668431304 ] ] ] } },
{ "type": "Feature", "properties": { "idcar_200m": "CRS3035RES200mN2477600E3487200", "population": 686.5, "median_education": 1.3405, "median_healthcare": 2.4245, "median_services": 0.9095, "median_commerce": 1.4025, "median_entertainment": 4.11, "PC1_pos": 1.9719573341626195, "nivvie": 23461.631755280407, "rel_education": 0.96488851597383685, "rel_sante": 0.73852119618091483, "rel_services": 0.99553607604298655, "rel_commerce": 0.16777348697385214, "rel_loisirs": 1.9057823896533572, "rel_pc1": 0.94202228600091487, "q_revenu": 2, "q_population": 5 }, "geometry": { "type": "Polygon", "coordinates": [ [ [ -0.573731265993334, 44.877450965328329 ], [ -0.574070816811961, 44.879233329027883 ], [ -0.571563438681671, 44.879487936244601 ], [ -0.571223965574087, 44.877705563148112 ], [ -0.573731265993334, 44.877450965328329 ] ] ] } },
{ "type": "Feature", "properties": { "idcar_200m": "CRS3035RES200mN2477600E3487400", "population": 121.0, "median_education": 2.174, "median_healthcare": 4.94, "median_services": 1.706, "median_commerce": 3.544, "median_entertainment": 4.938, "PC1_pos": 3.0307763950859044, "nivvie": 20612.742148760328, "rel_education": 1.5648397118441786, "rel_sante": 1.5047616865884592, "rel_services": 1.8673826780971248, "rel_commerce": 0.42394954569364135, "rel_loisirs": 2.2897210316565153, "rel_pc1": 1.4478299599057096, "q_revenu": 1, "q_population": 2 }, "geometry": { "type": "Polygon", "coordinates": [ [ [ -0.571223965574087, 44.877705563148112 ], [ -0.571563438681671, 44.879487936244601 ], [ -0.569056040092697, 44.879742483499648 ], [ -0.568716644698763, 44.877960101008327 ], [ -0.571223965574087, 44.877705563148112 ] ] ] } },
{ "type": "Feature", "properties": { "idcar_200m": "CRS3035RES200mN2477600E3488800", "population": 235.5, "median_education": 0.525, "median_healthcare": 0.118, "median_services": 0.0, "median_commerce": 0.571, "median_entertainment": 0.418, "PC1_pos": 0.20615356167641274, "nivvie": 17159.485774946919, "rel_education": 0.37789367466338258, "rel_sante": 0.035943700205959141, "rel_services": 0.0, "rel_commerce": 0.068305640685967603, "rel_loisirs": 0.1938240970499035, "rel_pc1": 0.098481466141919036, "q_revenu": 1, "q_population": 3 }, "geometry": { "type": "Polygon", "coordinates": [ [ [ -0.553672290117961, 44.87948606897428 ], [ -0.554011219175235, 44.881268507790338 ], [ -0.551503677499853, 44.881522635291525 ], [ -0.55116482617448, 44.879740187095372 ], [ -0.553672290117961, 44.87948606897428 ] ] ] } },
{ "type": "Feature", "properties": { "idcar_200m": "CRS3035RES200mN2477600E3489000", "population": 259.0, "median_education": 0.815, "median_healthcare": 0.17, "median_services": 0.0, "median_commerce": 0.365, "median_entertainment": 0.55, "PC1_pos": 0.26287550679713134, "nivvie": 17596.915830115831, "rel_education": 0.58663494257267956, "rel_sante": 0.051783296906890298, "rel_services": 0.0, "rel_commerce": 0.043662975219576496, "rel_loisirs": 0.25503170664460989, "rel_pc1": 0.12557806477686259, "q_revenu": 1, "q_population": 3 }, "geometry": { "type": "Polygon", "coordinates": [ [ [ -0.55116482617448, 44.879740187095372 ], [ -0.551503677499853, 44.881522635291525 ], [ -0.548996115401332, 44.88177670282478 ], [ -0.548657341810461, 44.879994245250629 ], [ -0.55116482617448, 44.879740187095372 ] ] ] } },
{ "type": "Feature", "properties": { "idcar_200m": "CRS3035RES200mN2477600E3489200", "population": 127.5, "median_education": 0.6, "median_healthcare": 0.12, "median_services": 0.0, "median_commerce": 0.232, "median_entertainment": 0.619, "PC1_pos": 0.24601728751579244, "nivvie": 17916.740392156862, "rel_education": 0.43187848532958006, "rel_sante": 0.036552915463687261, "rel_services": 0.0, "rel_commerce": 0.027752904797100676, "rel_loisirs": 0.28702659347820636, "rel_pc1": 0.11752473725796103, "q_revenu": 1, "q_population": 2 }, "geometry": { "type": "Polygon", "coordinates": [ [ [ -0.548657341810461, 44.879994245250629 ], [ -0.548996115401332, 44.88177670282478 ], [ -0.546488532884113, 44.882030710389273 ], [ -0.546149837030349, 44.880248243439247 ], [ -0.548657341810461, 44.879994245250629 ] ] ] } },
{ "type": "Feature", "properties": { "idcar_200m": "CRS3035RES200mN2477600E3489400", "population": 81.0, "median_education": 0.289, "median_healthcare": 0.067, "median_services": 0.0, "median_commerce": 0.109, "median_entertainment": 0.738, "PC1_pos": 0.21019395249128348, "nivvie": 20771.711111111112, "rel_education": 0.20802147043374772, "rel_sante": 0.020408711133892057, "rel_services": 0.0, "rel_commerce": 0.01303908027105161, "rel_loisirs": 0.34220618091585836, "rel_pc1": 0.10041159826284439, "q_revenu": 1, "q_population": 1 }, "geometry": { "type": "Polygon", "coordinates": [ [ [ -0.546149837030349, 44.880248243439247 ], [ -0.546488532884113, 44.882030710389273 ], [ -0.54398092995264, 44.882284657984229 ], [ -0.54364231183859, 44.880502181660418 ], [ -0.546149837030349, 44.880248243439247 ] ] ] } },
{ "type": "Feature", "properties": { "idcar_200m": "CRS3035RES200mN2477600E3489600", "population": 25.0, "median_education": 0.175, "median_healthcare": 0.039, "median_services": 0.0, "median_commerce": 0.178, "median_entertainment": 0.805, "PC1_pos": 0.19674932323706407, "nivvie": 15720.42, "rel_education": 0.12596455822112751, "rel_sante": 0.011879697525698361, "rel_services": 0.0, "rel_commerce": 0.021293176956396206, "rel_loisirs": 0.37327367972529263, "rel_pc1": 0.093988974322112576, "q_revenu": 1, "q_population": 1 }, "geometry": { "type": "Polygon", "coordinates": [ [ [ -0.54364231183859, 44.880502181660418 ], [ -0.54398092995264, 44.882284657984229 ], [ -0.541473306611359, 44.882538545608874 ], [ -0.541134766239625, 44.880756059913374 ], [ -0.54364231183859, 44.880502181660418 ] ] ] } },
{ "type": "Feature", "properties": { "idcar_200m": "CRS3035RES200mN2477800E3487200", "population": 558.5, "median_education": 2.616, "median_healthcare": 2.6315, "median_services": 0.9995, "median_commerce": 1.859, "median_entertainment": 2.8195, "PC1_pos": 2.0346161647380097, "nivvie": 22548.12587287377, "rel_education": 1.8829901960369693, "rel_sante": 0.80157497535577527, "rel_services": 1.094049816388087, "rel_commerce": 0.22238211214573342, "rel_loisirs": 1.3073852670626864, "rel_pc1": 0.97195498981463002, "q_revenu": 2, "q_population": 5 }, "geometry": { "type": "Polygon", "coordinates": [ [ [ -0.574070816811961, 44.879233329027883 ], [ -0.574410396007558, 44.881015688852251 ], [ -0.571902940160015, 44.881270305466742 ], [ -0.571563438681671, 44.879487936244601 ], [ -0.574070816811961, 44.879233329027883 ] ] ] } },
{ "type": "Feature", "properties": { "idcar_200m": "CRS3035RES200mN2477800E3487400", "population": 645.5, "median_education": 4.5305, "median_healthcare": 3.5685, "median_services": 1.758, "median_commerce": 3.4615, "median_entertainment": 2.809, "PC1_pos": 2.9058801725483314, "nivvie": 17022.177536793184, "rel_education": 3.2610424629761043, "rel_sante": 1.0869923236014001, "rel_services": 1.924301728074294, "rel_commerce": 0.41408051704812066, "rel_loisirs": 1.3025164799358349, "rel_pc1": 1.3881658774078574, "q_revenu": 1, "q_population": 5 }, "geometry": { "type": "Polygon", "coordinates": [ [ [ -0.571563438681671, 44.879487936244601 ], [ -0.571902940160015, 44.881270305466742 ], [ -0.569395463851182, 44.881524862117381 ], [ -0.569056040092697, 44.879742483499648 ], [ -0.571563438681671, 44.879487936244601 ] ] ] } },
{ "type": "Feature", "properties": { "idcar_200m": "CRS3035RES200mN2477800E3488800", "population": 20.0, "median_education": 0.415, "median_healthcare": 0.041, "median_services": 0.0, "median_commerce": 0.51, "median_entertainment": 0.271, "PC1_pos": 0.19713220169244305, "nivvie": 23082.195, "rel_education": 0.29871595235295956, "rel_sante": 0.012488912783426483, "rel_services": 0.0, "rel_commerce": 0.061008540717764417, "rel_loisirs": 0.12566107727398051, "rel_pc1": 0.094171878907089196, "q_revenu": 2, "q_population": 1 }, "geometry": { "type": "Polygon", "coordinates": [ [ [ -0.554011219175235, 44.881268507790338 ], [ -0.554350176559777, 44.883050942737675 ], [ -0.551842557146282, 44.883305079619788 ], [ -0.551503677499853, 44.881522635291525 ], [ -0.554011219175235, 44.881268507790338 ] ] ] } },
{ "type": "Feature", "properties": { "idcar_200m": "CRS3035RES200mN2477800E3489000", "population": 86.0, "median_education": 0.651, "median_healthcare": 0.0, "median_services": 0.0, "median_commerce": 0.795, "median_entertainment": 0.435, "PC1_pos": 0.25207017203382254, "nivvie": 15720.422093023257, "rel_education": 0.4685881565825944, "rel_sante": 0.0, "rel_services": 0.0, "rel_commerce": 0.095101548765926885, "rel_loisirs": 0.20170689525528235, "rel_pc1": 0.12041625626387074, "q_revenu": 1, "q_population": 1 }, "geometry": { "type": "Polygon", "coordinates": [ [ [ -0.551503677499853, 44.881522635291525 ], [ -0.551842557146282, 44.883305079619788 ], [ -0.549334917307042, 44.883559156531831 ], [ -0.548996115401332, 44.88177670282478 ], [ -0.551503677499853, 44.881522635291525 ] ] ] } },
{ "type": "Feature", "properties": { "idcar_200m": "CRS3035RES200mN2477800E3489600", "population": 2.0, "median_education": 0.085, "median_healthcare": 0.01, "median_services": 0.0, "median_commerce": 0.289, "median_entertainment": 0.659, "PC1_pos": 0.14525672018075309, "nivvie": 15720.4, "rel_education": 0.061182785421690519, "rel_sante": 0.0030460762886406053, "rel_services": 0.0, "rel_commerce": 0.034571506406733163, "rel_loisirs": 0.30557435396145077, "rel_pc1": 0.069390480833995571, "q_revenu": 1, "q_population": 1 }, "geometry": { "type": "Polygon", "coordinates": [ [ [ -0.54398092995264, 44.882284657984229 ], [ -0.544319576369097, 44.884067130442553 ], [ -0.541811875279282, 44.884321027439661 ], [ -0.541473306611359, 44.882538545608874 ], [ -0.54398092995264, 44.882284657984229 ] ] ] } },
{ "type": "Feature", "properties": { "idcar_200m": "CRS3035RES200mN2478000E3487200", "population": 216.0, "median_education": 2.327, "median_healthcare": 1.575, "median_services": 0.585, "median_commerce": 1.883, "median_entertainment": 1.168, "PC1_pos": 1.1562997131850226, "nivvie": 23374.042129629626, "rel_education": 1.6749687256032215, "rel_sante": 0.47975701546089533, "rel_services": 0.64033931224315244, "rel_commerce": 0.22525310229715764, "rel_loisirs": 0.54159460611073507, "rel_pc1": 0.55237508451434381, "q_revenu": 2, "q_population": 3 }, "geometry": { "type": "Polygon", "coordinates": [ [ [ -0.574410396007558, 44.881015688852251 ], [ -0.574750003583418, 44.88279804480171 ], [ -0.572242470012412, 44.883052670814706 ], [ -0.571902940160015, 44.881270305466742 ], [ -0.574410396007558, 44.881015688852251 ] ] ] } },
{ "type": "Feature", "properties": { "idcar_200m": "CRS3035RES200mN2478000E3487400", "population": 774.0, "median_education": 2.434, "median_healthcare": 1.664, "median_services": 0.657, "median_commerce": 2.7, "median_entertainment": 1.042, "PC1_pos": 1.363747034922705, "nivvie": 19451.756589147288, "rel_education": 1.7519870554869967, "rel_sante": 0.50686709442979672, "rel_services": 0.71915030451923279, "rel_commerce": 0.32298639203522339, "rel_loisirs": 0.48316916058851545, "rel_pc1": 0.65147459182243828, "q_revenu": 1, "q_population": 5 }, "geometry": { "type": "Polygon", "coordinates": [ [ [ -0.571902940160015, 44.881270305466742 ], [ -0.572242470012412, 44.883052670814706 ], [ -0.569734915977505, 44.883307236861832 ], [ -0.569395463851182, 44.881524862117381 ], [ -0.571902940160015, 44.881270305466742 ] ] ] } },
{ "type": "Feature", "properties": { "idcar_200m": "CRS3035RES200mN2478000E3488800", "population": 146.0, "median_education": 0.162, "median_healthcare": 0.0, "median_services": 0.0, "median_commerce": 0.272, "median_entertainment": 0.108, "PC1_pos": 0.066565472013951243, "nivvie": 18417.485616438356, "rel_education": 0.11660719103898663, "rel_sante": 0.0, "rel_services": 0.0, "rel_commerce": 0.032537888382807689, "rel_loisirs": 0.050078953304759755, "rel_pc1": 0.031798942618573481, "q_revenu": 1, "q_population": 2 }, "geometry": { "type": "Polygon", "coordinates": [ [ [ -0.554350176559777, 44.883050942737675 ], [ -0.55468916227488, 44.884833373816541 ], [ -0.552181465117056, 44.885087520080347 ], [ -0.551842557146282, 44.883305079619788 ], [ -0.554350176559777, 44.883050942737675 ] ] ] } },
{ "type": "Feature", "properties": { "idcar_200m": "CRS3035RES200mN2478000E3489000", "population": 150.5, "median_education": 0.249, "median_healthcare": 0.0, "median_services": 0.0, "median_commerce": 0.623, "median_entertainment": 0.166, "PC1_pos": 0.1140675286352244, "nivvie": 20027.755481727578, "rel_education": 0.17922957141177573, "rel_sante": 0.0, "rel_services": 0.0, "rel_commerce": 0.074526119347386732, "rel_loisirs": 0.076973206005464076, "rel_pc1": 0.054491115107750898, "q_revenu": 1, "q_population": 2 }, "geometry": { "type": "Polygon", "coordinates": [ [ [ -0.551842557146282, 44.883305079619788 ], [ -0.552181465117056, 44.885087520080347 ], [ -0.549673747530881, 44.885341606371966 ], [ -0.549334917307042, 44.883559156531831 ], [ -0.551842557146282, 44.883305079619788 ] ] ] } },
{ "type": "Feature", "properties": { "idcar_200m": "CRS3035RES200mN2478200E3488800", "population": 38.5, "median_education": 0.0185, "median_healthcare": 0.0, "median_services": 0.0, "median_commerce": 0.112, "median_entertainment": 0.0125, "PC1_pos": 0.014995312441496988, "nivvie": 19053.927272727273, "rel_education": 0.013316253297662053, "rel_sante": 0.0, "rel_services": 0.0, "rel_commerce": 0.013397954039979636, "rel_loisirs": 0.0057961751510138609, "rel_pc1": 0.0071633996642404257, "q_revenu": 1, "q_population": 1 }, "geometry": { "type": "Polygon", "coordinates": [ [ [ -0.55468916227488, 44.884833373816541 ], [ -0.555028176323836, 44.886615801027148 ], [ -0.552520401415468, 44.886869956673479 ], [ -0.552181465117056, 44.885087520080347 ], [ -0.55468916227488, 44.884833373816541 ] ] ] } },
{ "type": "Feature", "properties": { "idcar_200m": "CRS3035RES200mN2478200E3489000", "population": 1.0, "median_education": 0.01, "median_healthcare": 0.0, "median_services": 0.0, "median_commerce": 0.311, "median_entertainment": 0.0, "PC1_pos": 0.034985756201215246, "nivvie": 20027.8, "rel_education": 0.0071979747554930017, "rel_sante": 0.0, "rel_services": 0.0, "rel_commerce": 0.037203247378872026, "rel_loisirs": 0.0, "rel_pc1": 0.016713019832213877, "q_revenu": 1, "q_population": 1 }, "geometry": { "type": "Polygon", "coordinates": [ [ [ -0.552181465117056, 44.885087520080347 ], [ -0.552520401415468, 44.886869956673479 ], [ -0.550012606076141, 44.887124052345499 ], [ -0.549673747530881, 44.885341606371966 ], [ -0.552181465117056, 44.885087520080347 ] ] ] } },
{ "type": "Feature", "properties": { "idcar_200m": "CRS3035RES200mN2478200E3489400", "population": 1.0, "median_education": 0.013, "median_healthcare": 0.0, "median_services": 0.0, "median_commerce": 2.7275, "median_entertainment": 0.103, "PC1_pos": 0.20263996921961969, "nivvie": 20027.8, "rel_education": 0.0093573671821409014, "rel_sante": 0.0, "rel_services": 0.0, "rel_commerce": 0.32627606825039696, "rel_loisirs": 0.04776048324435421, "rel_pc1": 0.096802990476709316, "q_revenu": 1, "q_population": 1 }, "geometry": { "type": "Polygon", "coordinates": [ [ [ -0.547166009520801, 44.885595632690659 ], [ -0.547504790310302, 44.887378088042496 ], [ -0.544996954122394, 44.887632063763625 ], [ -0.544658251091252, 44.885849599035595 ], [ -0.547166009520801, 44.885595632690659 ] ] ] } },
{ "type": "Feature", "properties": { "idcar_200m": "CRS3035RES200mN2478200E3489800", "population": 5.0, "median_education": 0.008, "median_healthcare": 0.0, "median_services": 0.0, "median_commerce": 1.048, "median_entertainment": 0.9355, "PC1_pos": 0.2414027658851936, "nivvie": 20027.76, "rel_education": 0.005758379804394401, "rel_sante": 0.0, "rel_services": 0.0, "rel_commerce": 0.12536656994552375, "rel_loisirs": 0.43378574830187733, "rel_pc1": 0.1153203375278303, "q_revenu": 1, "q_population": 1 }, "geometry": { "type": "Polygon", "coordinates": [ [ [ -0.542150472246692, 44.886103505406012 ], [ -0.54248909751687, 44.887885979508091 ], [ -0.539981220498167, 44.88813983527519 ], [ -0.539642672991557, 44.886357351801102 ], [ -0.542150472246692, 44.886103505406012 ] ] ] } },
{ "type": "Feature", "properties": { "idcar_200m": "CRS3035RES200mN2478600E3488000", "population": 2.0, "median_education": 0.0, "median_healthcare": 0.0, "median_services": 0.0, "median_commerce": 0.009, "median_entertainment": 0.4595, "PC1_pos": 0.081386416782023741, "nivvie": 19053.95, "rel_education": 0.0, "rel_sante": 0.0, "rel_services": 0.0, "rel_commerce": 0.0010766213067840778, "rel_loisirs": 0.21306739855126952, "rel_pc1": 0.038879045229942448, "q_revenu": 1, "q_population": 1 }, "geometry": { "type": "Polygon", "coordinates": [ [ [ -0.565398424945872, 44.887380964503038 ], [ -0.565737806698244, 44.889163346420396 ], [ -0.563229958059292, 44.889417760740272 ], [ -0.562890654059463, 44.887635369430377 ], [ -0.565398424945872, 44.887380964503038 ] ] ] } },
{ "type": "Feature", "properties": { "idcar_200m": "CRS3035RES200mN2478600E3489200", "population": 10.0, "median_education": 0.008, "median_healthcare": 0.0, "median_services": 0.0, "median_commerce": 2.144, "median_entertainment": 0.056, "PC1_pos": 0.15736638462447128, "nivvie": 20027.76, "rel_education": 0.005758379804394401, "rel_sante": 0.0, "rel_services": 0.0, "rel_commerce": 0.2564751201938959, "rel_loisirs": 0.025966864676542096, "rel_pc1": 0.075175379718138799, "q_revenu": 1, "q_population": 1 }, "geometry": { "type": "Polygon", "coordinates": [ [ [ -0.550351492946113, 44.888906494452691 ], [ -0.550690408144088, 44.890688932693692 ], [ -0.548182436848088, 44.890942987149685 ], [ -0.547843599418303, 44.889160539528753 ], [ -0.550351492946113, 44.888906494452691 ] ] ] } },
{ "type": "Feature", "properties": { "idcar_200m": "CRS3035RES200mN2479400E3489200", "population": 3.0, "median_education": 0.0, "median_healthcare": 0.0, "median_services": 0.0, "median_commerce": 0.034, "median_entertainment": 0.0, "PC1_pos": 0.0022937206971578306, "nivvie": 19053.933333333334, "rel_education": 0.0, "rel_sante": 0.0, "rel_services": 0.0, "rel_commerce": 0.0040672360478509612, "rel_loisirs": 0.0, "rel_pc1": 0.0010957316251985624, "q_revenu": 1, "q_population": 1 }, "geometry": { "type": "Polygon", "coordinates": [ [ [ -0.55170732373898, 44.896036224222428 ], [ -0.552046352281903, 44.897818647001387 ], [ -0.549538069850943, 44.898072738985043 ], [ -0.549199119101087, 44.896290306822955 ], [ -0.55170732373898, 44.896036224222428 ] ] ] } },
{ "type": "Feature", "properties": { "idcar_200m": "CRS3035RES200mN2479800E3489000", "population": 4.0, "median_education": 0.0, "median_healthcare": 0.0, "median_services": 0.0, "median_commerce": 0.0, "median_entertainment": 0.0, "PC1_pos": 0.0, "nivvie": 19053.925, "rel_education": 0.0, "rel_sante": 0.0, "rel_services": 0.0, "rel_commerce": 0.0, "rel_loisirs": 0.0, "rel_pc1": 0.0, "q_revenu": 1, "q_population": 1 }, "geometry": { "type": "Polygon", "coordinates": [ [ [ -0.554893748954792, 44.89934690455803 ], [ -0.555232911992865, 44.90112931022059 ], [ -0.552724494404472, 44.901383480964824 ], [ -0.552385409169304, 44.899601065915448 ], [ -0.554893748954792, 44.89934690455803 ] ] ] } },
{ "type": "Feature", "properties": { "idcar_200m": "CRS3035RES200mN2480000E3487800", "population": 2.0, "median_education": 0.0, "median_healthcare": 0.0, "median_services": 0.0, "median_commerce": 0.0, "median_entertainment": 0.299, "PC1_pos": 0.054720369560785187, "nivvie": 25937.75, "rel_education": 0.0, "rel_sante": 0.0, "rel_services": 0.0, "rel_commerce": 0.0, "rel_loisirs": 0.13864450961225155, "rel_pc1": 0.026140427448119827, "q_revenu": 3, "q_population": 1 }, "geometry": { "type": "Polygon", "coordinates": [ [ [ -0.57028298787921, 44.899603025968844 ], [ -0.570622646074503, 44.901385371396032 ], [ -0.568114273470329, 44.901639911475591 ], [ -0.567774693068497, 44.899857556648087 ], [ -0.57028298787921, 44.899603025968844 ] ] ] } },
{ "type": "Feature", "properties": { "idcar_200m": "CRS3035RES200mN2480400E3487600", "population": 7.0, "median_education": 0.0, "median_healthcare": 0.0, "median_services": 0.0, "median_commerce": 0.0, "median_entertainment": 0.0, "PC1_pos": 0.0, "nivvie": 25937.757142857143, "rel_education": 0.0, "rel_sante": 0.0, "rel_services": 0.0, "rel_commerce": 0.0, "rel_loisirs": 0.0, "rel_pc1": 0.0, "q_revenu": 3, "q_population": 1 }, "geometry": { "type": "Polygon", "coordinates": [ [ [ -0.573470762587824, 44.902913103482184 ], [ -0.573810555385528, 44.904695431766008 ], [ -0.571302047662126, 44.904950050641297 ], [ -0.570962332667708, 44.903167712953433 ], [ -0.573470762587824, 44.902913103482184 ] ] ] } },
{ "type": "Feature", "properties": { "idcar_200m": "CRS3035RES200mN2481400E3488600", "population": 3.0, "median_education": 0.0, "median_healthcare": 0.0, "median_services": 0.0, "median_commerce": 0.0, "median_entertainment": 0.0, "PC1_pos": 0.0, "nivvie": 16486.466666666667, "rel_education": 0.0, "rel_sante": 0.0, "rel_services": 0.0, "rel_commerce": 0.0, "rel_loisirs": 0.0, "rel_pc1": 0.0, "q_revenu": 1, "q_population": 1 }, "geometry": { "type": "Polygon", "coordinates": [ [ [ -0.562625710799261, 44.913097388679958 ], [ -0.562965256485532, 44.914879744634796 ], [ -0.560456257199726, 44.915134110517975 ], [ -0.560116789360935, 44.913351745165642 ], [ -0.562625710799261, 44.913097388679958 ] ] ] } }
]
}
