{
"type": "FeatureCollection",
"name": "bw650",
"crs": { "type": "name", "properties": { "name": "urn:ogc:def:crs:OGC:1.3:CRS84" } },
"features": [
{ "type": "Feature", "properties": { "idcar_200m": "CRS3035RES200mN2525600E3919800", "population": 78.0, "median_education": 2.396, "median_healthcare": 5.836, "median_services": 0.807, "median_commerce": 7.193, "median_entertainment": 4.255, "PC1_pos": 0.10428168200949983, "nivvie": 15522.17564102564, "rel_education": 0.11787599278098874, "rel_sante": 0.12184974369650881, "rel_services": 0.063710291779433242, "rel_commerce": 0.043556549668785111, "rel_loisirs": 0.11055184229739806, "rel_pc1": 0.049744285037335086, "q_revenu": 1, "q_population": 1 }, "geometry": { "type": "Polygon", "coordinates": [ [ [ 4.849318961753019, 45.718138493680613 ], [ 4.849149210814908, 45.71993550705939 ], [ 4.851709857552441, 45.720059999717641 ], [ 4.851879524799358, 45.718262981600127 ], [ 4.849318961753019, 45.718138493680613 ] ] ] } },
{ "type": "Feature", "properties": { "idcar_200m": "CRS3035RES200mN2525600E3920000", "population": 18.0, "median_education": 2.908, "median_healthcare": 6.985, "median_services": 1.027, "median_commerce": 8.951, "median_entertainment": 5.344, "PC1_pos": 0.1495157959247857, "nivvie": 15010.055555555555, "rel_education": 0.14306485267408817, "rel_sante": 0.14583969494861446, "rel_services": 0.081078648894024691, "rel_commerce": 0.054201956914402279, "rel_loisirs": 0.13884583906869452, "rel_pc1": 0.071321791389872463, "q_revenu": 1, "q_population": 1 }, "geometry": { "type": "Polygon", "coordinates": [ [ [ 4.851879524799358, 45.718262981600127 ], [ 4.851709857552441, 45.720059999717641 ], [ 4.854270514826028, 45.720184430575166 ], [ 4.854440098380371, 45.718387407721252 ], [ 4.851879524799358, 45.718262981600127 ] ] ] } },
{ "type": "Feature", "properties": { "idcar_200m": "CRS3035RES200mN2525600E3920200", "population": 82.0, "median_education": 3.135, "median_healthcare": 7.5745, "median_services": 1.173, "median_commerce": 9.773, "median_entertainment": 5.799, "PC1_pos": 0.17442505411822506, "nivvie": 22888.83048780488, "rel_education": 0.15423256985325529, "rel_sante": 0.1581478553168619, "rel_services": 0.092604922251889946, "rel_commerce": 0.059179502281806885, "rel_loisirs": 0.15066748142952086, "rel_pc1": 0.083203966818632263, "q_revenu": 2, "q_population": 1 }, "geometry": { "type": "Polygon", "coordinates": [ [ [ 4.854440098380371, 45.718387407721252 ], [ 4.854270514826028, 45.720184430575166 ], [ 4.856831182630534, 45.720308799631546 ], [ 4.857000682490921, 45.718511772043527 ], [ 4.854440098380371, 45.718387407721252 ] ] ] } },
{ "type": "Feature", "properties": { "idcar_200m": "CRS3035RES200mN2525800E3917600", "population": 7.0, "median_education": 3.273, "median_healthcare": 8.901, "median_services": 0.644, "median_commerce": 4.248, "median_entertainment": 6.868, "PC1_pos": 0.15672250205277583, "nivvie": 18044.914285714283, "rel_education": 0.16102175474631727, "rel_sante": 0.18584382601827018, "rel_services": 0.05084191809907683, "rel_commerce": 0.025723373139580032, "rel_loisirs": 0.17844184556957224, "rel_pc1": 0.074759523088315835, "q_revenu": 1, "q_population": 1 }, "geometry": { "type": "Polygon", "coordinates": [ [ [ 4.82098279355028, 45.71856200908654 ], [ 4.820812107485345, 45.720358967725637 ], [ 4.823372721670415, 45.720484144929742 ], [ 4.823543324052311, 45.718687181525937 ], [ 4.82098279355028, 45.71856200908654 ] ] ] } },
{ "type": "Feature", "properties": { "idcar_200m": "CRS3035RES200mN2525800E3920000", "population": 2.0, "median_education": 2.948, "median_healthcare": 8.245, "median_services": 1.103, "median_commerce": 9.472, "median_entertainment": 5.897, "PC1_pos": 0.1740717454464944, "nivvie": 21355.35, "rel_education": 0.14503273235323658, "rel_sante": 0.17214721329296007, "rel_services": 0.087078626806338114, "rel_commerce": 0.057356824476954345, "rel_loisirs": 0.15321368132262192, "rel_pc1": 0.083035432068002415, "q_revenu": 1, "q_population": 1 }, "geometry": { "type": "Polygon", "coordinates": [ [ [ 4.851709857552441, 45.720059999717641 ], [ 4.851540175775543, 45.72185701538006 ], [ 4.854100916748799, 45.721981450974411 ], [ 4.854270514826028, 45.720184430575166 ], [ 4.851709857552441, 45.720059999717641 ] ] ] } },
{ "type": "Feature", "properties": { "idcar_200m": "CRS3035RES200mN2525800E3920200", "population": 374.0, "median_education": 4.7915, "median_healthcare": 11.0365, "median_services": 1.8745, "median_commerce": 15.697, "median_entertainment": 8.6775, "PC1_pos": 0.2798403838293142, "nivvie": 25575.653208556152, "rel_education": 0.23572738706598809, "rel_sante": 0.23043089381537346, "rel_services": 0.14798629732409863, "rel_commerce": 0.095051739211861525, "rel_loisirs": 0.22545560788147392, "rel_pc1": 0.13348902271152988, "q_revenu": 2, "q_population": 3 }, "geometry": { "type": "Polygon", "coordinates": [ [ [ 4.854270514826028, 45.720184430575166 ], [ 4.854100916748799, 45.721981450974411 ], [ 4.856661668254357, 45.722105824765258 ], [ 4.856831182630534, 45.720308799631546 ], [ 4.854270514826028, 45.720184430575166 ] ] ] } },
{ "type": "Feature", "properties": { "idcar_200m": "CRS3035RES200mN2525800E3921800", "population": 146.0, "median_education": 9.967, "median_healthcare": 19.068, "median_services": 5.034, "median_commerce": 26.1, "median_entertainment": 12.479, "PC1_pos": 0.59213138541283161, "nivvie": 22692.653424657532, "rel_education": 0.49034641905180087, "rel_sante": 0.39812044427776389, "rel_services": 0.39741958961297014, "rel_commerce": 0.15804614852708071, "rel_loisirs": 0.32422478026538898, "rel_pc1": 0.28245758840794988, "q_revenu": 2, "q_population": 2 }, "geometry": { "type": "Polygon", "coordinates": [ [ [ 4.874756151696401, 45.721177652559525 ], [ 4.87458722326621, 45.722974710769691 ], [ 4.87714805884525, 45.723098590118063 ], [ 4.877316903563362, 45.721301527191947 ], [ 4.874756151696401, 45.721177652559525 ] ] ] } },
{ "type": "Feature", "properties": { "idcar_200m": "CRS3035RES200mN2525800E3922000", "population": 137.0, "median_education": 9.0755, "median_healthcare": 17.1405, "median_services": 4.6145, "median_commerce": 23.395, "median_entertainment": 11.283, "PC1_pos": 0.58727899299067721, "nivvie": 28616.508759124088, "rel_education": 0.44648730070278103, "rel_sante": 0.357876204905759, "rel_services": 0.36430129047855592, "rel_commerce": 0.14166626991536602, "rel_loisirs": 0.29315074891693121, "rel_pc1": 0.28014290775542006, "q_revenu": 3, "q_population": 2 }, "geometry": { "type": "Polygon", "coordinates": [ [ [ 4.877316903563362, 45.721301527191947 ], [ 4.87714805884525, 45.723098590118063 ], [ 4.879708904910356, 45.723222407659264 ], [ 4.879877665915014, 45.721425340019579 ], [ 4.877316903563362, 45.721301527191947 ] ] ] } },
{ "type": "Feature", "properties": { "idcar_200m": "CRS3035RES200mN2525800E3922200", "population": 417.0, "median_education": 8.389, "median_healthcare": 15.427, "median_services": 4.241, "median_commerce": 20.592, "median_entertainment": 10.303, "PC1_pos": 0.52026607908486699, "nivvie": 27392.26282973621, "rel_education": 0.41271356570939671, "rel_sante": 0.3221000678557302, "rel_services": 0.33481455692264722, "rel_commerce": 0.12469296132067607, "rel_loisirs": 0.26768874998592063, "rel_pc1": 0.2481765122554957, "q_revenu": 3, "q_population": 3 }, "geometry": { "type": "Polygon", "coordinates": [ [ [ 4.879877665915014, 45.721425340019579 ], [ 4.879708904910356, 45.723222407659264 ], [ 4.882269761456396, 45.72334616339289 ], [ 4.882438438746222, 45.721549091041993 ], [ 4.879877665915014, 45.721425340019579 ] ] ] } },
{ "type": "Feature", "properties": { "idcar_200m": "CRS3035RES200mN2525800E3922400", "population": 585.5, "median_education": 8.404, "median_healthcare": 15.793, "median_services": 4.521, "median_commerce": 20.074, "median_entertainment": 10.589, "PC1_pos": 0.53989059866218625, "nivvie": 21935.579675491033, "rel_education": 0.41345152058907736, "rel_sante": 0.32974177556527817, "rel_services": 0.35691973870485455, "rel_commerce": 0.12155625998209266, "rel_loisirs": 0.27511949661272572, "rel_pc1": 0.25753776992571625, "q_revenu": 1, "q_population": 4 }, "geometry": { "type": "Polygon", "coordinates": [ [ [ 4.882438438746222, 45.721549091041993 ], [ 4.882269761456396, 45.72334616339289 ], [ 4.884830628478222, 45.72346985731857 ], [ 4.884999222051846, 45.721672780258743 ], [ 4.882438438746222, 45.721549091041993 ] ] ] } },
{ "type": "Feature", "properties": { "idcar_200m": "CRS3035RES200mN2525800E3922600", "population": 205.0, "median_education": 8.0185, "median_healthcare": 15.1345, "median_services": 4.1595, "median_commerce": 17.094, "median_entertainment": 10.1765, "PC1_pos": 0.48048631562694988, "nivvie": 20965.813658536583, "rel_education": 0.39448608018128473, "rel_sante": 0.31599296538293564, "rel_services": 0.32838037008246901, "rel_commerce": 0.10351114417325355, "rel_loisirs": 0.26440207359329526, "rel_pc1": 0.22920083163703261, "q_revenu": 1, "q_population": 2 }, "geometry": { "type": "Polygon", "coordinates": [ [ [ 4.884999222051846, 45.721672780258743 ], [ 4.884830628478222, 45.72346985731857 ], [ 4.887391505970701, 45.723593489435899 ], [ 4.887560015826749, 45.721796407669459 ], [ 4.884999222051846, 45.721672780258743 ] ] ] } },
{ "type": "Feature", "properties": { "idcar_200m": "CRS3035RES200mN2526000E3920200", "population": 460.5, "median_education": 6.017, "median_healthcare": 13.604, "median_services": 2.346, "median_commerce": 20.4, "median_entertainment": 11.591, "PC1_pos": 0.39870964899706962, "nivvie": 20236.28838219327, "rel_education": 0.29601830073589702, "rel_sante": 0.28403768218768088, "rel_services": 0.18520984450377989, "rel_commerce": 0.12353032298668376, "rel_loisirs": 0.30115309143810592, "rel_pc1": 0.19019185387745532, "q_revenu": 1, "q_population": 3 }, "geometry": { "type": "Polygon", "coordinates": [ [ [ 4.854100916748799, 45.721981450974411 ], [ 4.853931304146937, 45.723778468919342 ], [ 4.856492139360642, 45.723902847445146 ], [ 4.856661668254357, 45.722105824765258 ], [ 4.854100916748799, 45.721981450974411 ] ] ] } },
{ "type": "Feature", "properties": { "idcar_200m": "CRS3035RES200mN2526000E3921400", "population": 992.0, "median_education": 11.384, "median_healthcare": 24.9305, "median_services": 5.231, "median_commerce": 34.7135, "median_entertainment": 14.5695, "PC1_pos": 0.76088413690327794, "nivvie": 17178.700907258066, "rel_education": 0.56005855668563265, "rel_sante": 0.52052348101881651, "rel_services": 0.41297216393830882, "rel_commerce": 0.21020440524501208, "rel_loisirs": 0.37853938104628454, "rel_pc1": 0.36295576228867626, "q_revenu": 1, "q_population": 5 }, "geometry": { "type": "Polygon", "coordinates": [ [ [ 4.869465583586881, 45.72272676665316 ], [ 4.869296473254602, 45.724523812972784 ], [ 4.871857371562521, 45.724647820655179 ], [ 4.872026398178372, 45.722850769614581 ], [ 4.869465583586881, 45.72272676665316 ] ] ] } },
{ "type": "Feature", "properties": { "idcar_200m": "CRS3035RES200mN2526000E3921600", "population": 531.5, "median_education": 12.536, "median_healthcare": 26.055, "median_services": 6.2705, "median_commerce": 35.668, "median_entertainment": 15.803, "PC1_pos": 0.84439593195503759, "nivvie": 19417.921919096894, "rel_education": 0.61673349144510636, "rel_sante": 0.54400189719200431, "rel_services": 0.49503765130475352, "rel_commerce": 0.21598429217103121, "rel_loisirs": 0.41058772357832701, "rel_pc1": 0.40279242829734113, "q_revenu": 1, "q_population": 4 }, "geometry": { "type": "Polygon", "coordinates": [ [ [ 4.872026398178372, 45.722850769614581 ], [ 4.871857371562521, 45.724647820655179 ], [ 4.874418280368154, 45.724771766528917 ], [ 4.87458722326621, 45.722974710769691 ], [ 4.872026398178372, 45.722850769614581 ] ] ] } },
{ "type": "Feature", "properties": { "idcar_200m": "CRS3035RES200mN2526000E3921800", "population": 359.0, "median_education": 11.191, "median_healthcare": 22.082, "median_services": 5.786, "median_commerce": 30.242, "median_entertainment": 14.215, "PC1_pos": 0.74535268105838104, "nivvie": 24781.796378830084, "rel_education": 0.55056353723374174, "rel_sante": 0.46104969847606364, "rel_services": 0.45678779211375548, "rel_commerce": 0.18312764841976914, "rel_loisirs": 0.36932889265746494, "rel_pc1": 0.35554697148567643, "q_revenu": 2, "q_population": 3 }, "geometry": { "type": "Polygon", "coordinates": [ [ [ 4.87458722326621, 45.722974710769691 ], [ 4.874418280368154, 45.724771766528917 ], [ 4.876979199666369, 45.724895650593595 ], [ 4.87714805884525, 45.723098590118063 ], [ 4.87458722326621, 45.722974710769691 ] ] ] } },
{ "type": "Feature", "properties": { "idcar_200m": "CRS3035RES200mN2526000E3922000", "population": 367.0, "median_education": 11.2605, "median_healthcare": 22.567, "median_services": 6.5445, "median_commerce": 29.729, "median_entertainment": 14.91, "PC1_pos": 0.7875209302404329, "nivvie": 23362.882833787466, "rel_education": 0.55398272817626204, "rel_sante": 0.4711760051403554, "rel_services": 0.51666915062019925, "rel_commerce": 0.18002122412113342, "rel_loisirs": 0.38738612659323263, "rel_pc1": 0.3756620038328366, "q_revenu": 2, "q_population": 3 }, "geometry": { "type": "Polygon", "coordinates": [ [ [ 4.87714805884525, 45.723098590118063 ], [ 4.876979199666369, 45.724895650593595 ], [ 4.879540129452032, 45.725019472848793 ], [ 4.879708904910356, 45.723222407659264 ], [ 4.87714805884525, 45.723098590118063 ] ] ] } },
{ "type": "Feature", "properties": { "idcar_200m": "CRS3035RES200mN2526000E3922200", "population": 71.5, "median_education": 11.671, "median_healthcare": 23.084, "median_services": 6.884, "median_commerce": 29.924, "median_entertainment": 15.262, "PC1_pos": 0.80363401788802258, "nivvie": 30039.254545454547, "rel_education": 0.57417809338352233, "rel_sante": 0.48197043925466232, "rel_services": 0.54347168353112563, "rel_commerce": 0.18120202867909435, "rel_loisirs": 0.39653166090314668, "rel_pc1": 0.38334824372969828, "q_revenu": 4, "q_population": 1 }, "geometry": { "type": "Polygon", "coordinates": [ [ [ 4.879708904910356, 45.723222407659264 ], [ 4.879540129452032, 45.725019472848793 ], [ 4.882101069719997, 45.725143233294119 ], [ 4.882269761456396, 45.72334616339289 ], [ 4.879708904910356, 45.723222407659264 ] ] ] } },
{ "type": "Feature", "properties": { "idcar_200m": "CRS3035RES200mN2526000E3922400", "population": 196.5, "median_education": 11.007, "median_healthcare": 20.3525, "median_services": 5.9095, "median_commerce": 25.6865, "median_entertainment": 14.052, "PC1_pos": 0.74117706572317532, "nivvie": 27027.254452926209, "rel_education": 0.54151129070965909, "rel_sante": 0.42493949770102729, "rel_services": 0.46653775622126475, "rel_commerce": 0.15554223732340455, "rel_loisirs": 0.36509388671281723, "rel_pc1": 0.35355512598186284, "q_revenu": 3, "q_population": 2 }, "geometry": { "type": "Polygon", "coordinates": [ [ [ 4.882269761456396, 45.72334616339289 ], [ 4.882101069719997, 45.725143233294119 ], [ 4.884662020465126, 45.725266931929134 ], [ 4.884830628478222, 45.72346985731857 ], [ 4.882269761456396, 45.72334616339289 ] ] ] } },
{ "type": "Feature", "properties": { "idcar_200m": "CRS3035RES200mN2526000E3922600", "population": 546.0, "median_education": 8.845, "median_healthcare": 16.9255, "median_services": 4.276, "median_commerce": 17.7205, "median_entertainment": 12.055, "PC1_pos": 0.56040548691946923, "nivvie": 19914.415750915752, "rel_education": 0.43514739405168834, "rel_sante": 0.3533872236009698, "rel_services": 0.33757770464542314, "rel_commerce": 0.10730485727870244, "rel_loisirs": 0.31320856848299256, "rel_pc1": 0.26732374987266799, "q_revenu": 1, "q_population": 4 }, "geometry": { "type": "Polygon", "coordinates": [ [ [ 4.884830628478222, 45.72346985731857 ], [ 4.884662020465126, 45.725266931929134 ], [ 4.887222981682283, 45.725390568753461 ], [ 4.887391505970701, 45.723593489435899 ], [ 4.884830628478222, 45.72346985731857 ] ] ] } },
{ "type": "Feature", "properties": { "idcar_200m": "CRS3035RES200mN2526200E3918200", "population": 5.0, "median_education": 7.874, "median_healthcare": 22.7325, "median_services": 1.8015, "median_commerce": 13.174, "median_entertainment": 13.7865, "PC1_pos": 0.46812469257258016, "nivvie": 19656.94, "rel_education": 0.38737711484036114, "rel_sante": 0.47463147679590245, "rel_services": 0.14222316064516599, "rel_commerce": 0.079773944854243717, "rel_loisirs": 0.35819576353303834, "rel_pc1": 0.22330410951967511, "q_revenu": 1, "q_population": 1 }, "geometry": { "type": "Polygon", "coordinates": [ [ [ 4.828323532209967, 45.722531284409747 ], [ 4.828153068005406, 45.724328252419504 ], [ 4.830713881352541, 45.724453253743462 ], [ 4.830884261855708, 45.722656280975144 ], [ 4.828323532209967, 45.722531284409747 ] ] ] } },
{ "type": "Feature", "properties": { "idcar_200m": "CRS3035RES200mN2526200E3920200", "population": 465.0, "median_education": 7.798, "median_healthcare": 17.9065, "median_services": 3.105, "median_commerce": 26.9255, "median_entertainment": 14.9395, "PC1_pos": 0.55046619846766776, "nivvie": 18533.152903225804, "rel_education": 0.38363814344997921, "rel_sante": 0.37386950574049604, "rel_services": 0.24513067654912046, "rel_commerce": 0.16304488782244872, "rel_loisirs": 0.38815258472431918, "rel_pc1": 0.26258252602311727, "q_revenu": 1, "q_population": 4 }, "geometry": { "type": "Polygon", "coordinates": [ [ [ 4.853931304146937, 45.723778468919342 ], [ 4.853761677018694, 45.72557548441042 ], [ 4.856322595947641, 45.725699867671572 ], [ 4.856492139360642, 45.723902847445146 ], [ 4.853931304146937, 45.723778468919342 ] ] ] } },
{ "type": "Feature", "properties": { "idcar_200m": "CRS3035RES200mN2526200E3921000", "population": 975.5, "median_education": 9.6475, "median_healthcare": 22.6195, "median_services": 4.2155, "median_commerce": 32.6475, "median_entertainment": 13.83, "PC1_pos": 0.70943565005796172, "nivvie": 21105.391491542796, "rel_education": 0.47462798011460311, "rel_sante": 0.47227215173803644, "rel_services": 0.33280140643891054, "rel_commerce": 0.1976939323386156, "rel_loisirs": 0.35932596450599646, "rel_pc1": 0.33841388546950629, "q_revenu": 1, "q_population": 5 }, "geometry": { "type": "Polygon", "coordinates": [ [ [ 4.864174708152481, 45.724275612183639 ], [ 4.864005415893498, 45.726072646602134 ], [ 4.866566376911321, 45.726196782626673 ], [ 4.866735585449543, 45.724399743482131 ], [ 4.864174708152481, 45.724275612183639 ] ] ] } },
{ "type": "Feature", "properties": { "idcar_200m": "CRS3035RES200mN2526200E3921200", "population": 417.5, "median_education": 12.101, "median_healthcare": 28.265, "median_services": 5.199, "median_commerce": 39.594, "median_entertainment": 16.129, "PC1_pos": 0.82676343571483502, "nivvie": 17832.517365269461, "rel_education": 0.59533279993436761, "rel_sante": 0.59014444920867404, "rel_services": 0.41044585744891371, "rel_commerce": 0.23975782393797829, "rel_loisirs": 0.41905773546762237, "rel_pc1": 0.39438140248733861, "q_revenu": 1, "q_population": 3 }, "geometry": { "type": "Polygon", "coordinates": [ [ [ 4.866735585449543, 45.724399743482131 ], [ 4.866566376911321, 45.726196782626673 ], [ 4.869127348438525, 45.726320856841049 ], [ 4.869296473254602, 45.724523812972784 ], [ 4.866735585449543, 45.724399743482131 ] ] ] } },
{ "type": "Feature", "properties": { "idcar_200m": "CRS3035RES200mN2526200E3921400", "population": 560.5, "median_education": 12.695, "median_healthcare": 29.931, "median_services": 5.998, "median_commerce": 39.77, "median_entertainment": 16.993, "PC1_pos": 0.91292231383008904, "nivvie": 16203.428010704729, "rel_education": 0.6245558131697212, "rel_sante": 0.62492883457508652, "rel_services": 0.47352457260599817, "rel_commerce": 0.24082357574413793, "rel_loisirs": 0.44150586513741125, "rel_pc1": 0.4354807759235263, "q_revenu": 1, "q_population": 4 }, "geometry": { "type": "Polygon", "coordinates": [ [ [ 4.869296473254602, 45.724523812972784 ], [ 4.869127348438525, 45.726320856841049 ], [ 4.871688330469961, 45.726444869244816 ], [ 4.871857371562521, 45.724647820655179 ], [ 4.869296473254602, 45.724523812972784 ] ] ] } },
{ "type": "Feature", "properties": { "idcar_200m": "CRS3035RES200mN2526200E3921600", "population": 972.5, "median_education": 13.1595, "median_healthcare": 29.2325, "median_services": 6.4815, "median_commerce": 37.2005, "median_entertainment": 17.1725, "PC1_pos": 0.91379159481158467, "nivvie": 19350.422107969152, "rel_education": 0.64740781594383201, "rel_sante": 0.61034486508022512, "rel_services": 0.51169548471920268, "rel_commerce": 0.22526420491500637, "rel_loisirs": 0.44616956800283619, "rel_pc1": 0.43589543897927863, "q_revenu": 1, "q_population": 5 }, "geometry": { "type": "Polygon", "coordinates": [ [ [ 4.871857371562521, 45.724647820655179 ], [ 4.871688330469961, 45.726444869244816 ], [ 4.874249323000496, 45.726568819837631 ], [ 4.874418280368154, 45.724771766528917 ], [ 4.871857371562521, 45.724647820655179 ] ] ] } },
{ "type": "Feature", "properties": { "idcar_200m": "CRS3035RES200mN2526200E3921800", "population": 294.5, "median_education": 13.588, "median_healthcare": 31.419, "median_services": 8.754, "median_commerce": 40.9265, "median_entertainment": 18.7695, "PC1_pos": 1.0587765201709036, "nivvie": 25821.582682512733, "rel_education": 0.66848872700670914, "rel_sante": 0.65599676100078996, "rel_services": 0.69110271900515319, "rel_commerce": 0.24782665508404481, "rel_loisirs": 0.48766223360775857, "rel_pc1": 0.50505592157039858, "q_revenu": 3, "q_population": 3 }, "geometry": { "type": "Polygon", "coordinates": [ [ [ 4.874418280368154, 45.724771766528917 ], [ 4.874249323000496, 45.726568819837631 ], [ 4.876810326024988, 45.726692708619034 ], [ 4.876979199666369, 45.724895650593595 ], [ 4.874418280368154, 45.724771766528917 ] ] ] } },
{ "type": "Feature", "properties": { "idcar_200m": "CRS3035RES200mN2526200E3922000", "population": 487.5, "median_education": 14.217, "median_healthcare": 30.347, "median_services": 9.133, "median_commerce": 39.614, "median_entertainment": 19.286, "PC1_pos": 1.0933433656589813, "nivvie": 25053.406153846154, "rel_education": 0.69943363496131761, "rel_sante": 0.63361449142528325, "rel_services": 0.72102366148892649, "rel_commerce": 0.23987893209776914, "rel_loisirs": 0.50108174630966362, "rel_pc1": 0.52154494420280884, "q_revenu": 2, "q_population": 4 }, "geometry": { "type": "Polygon", "coordinates": [ [ [ 4.876979199666369, 45.724895650593595 ], [ 4.876810326024988, 45.726692708619034 ], [ 4.8793713395383, 45.726816535588661 ], [ 4.879540129452032, 45.725019472848793 ], [ 4.876979199666369, 45.724895650593595 ] ] ] } },
{ "type": "Feature", "properties": { "idcar_200m": "CRS3035RES200mN2526200E3922200", "population": 250.5, "median_education": 15.077, "median_healthcare": 29.7305, "median_services": 9.0215, "median_commerce": 37.7175, "median_entertainment": 20.3095, "PC1_pos": 1.1111749578913332, "nivvie": 23869.810778443112, "rel_education": 0.74174304806300806, "rel_sante": 0.62074259852108549, "rel_services": 0.71222106231494042, "rel_commerce": 0.22839485084560027, "rel_loisirs": 0.52767394621363239, "rel_pc1": 0.53005094247194717, "q_revenu": 2, "q_population": 2 }, "geometry": { "type": "Polygon", "coordinates": [ [ [ 4.879540129452032, 45.725019472848793 ], [ 4.8793713395383, 45.726816535588661 ], [ 4.881932363535292, 45.726940300746058 ], [ 4.882101069719997, 45.725143233294119 ], [ 4.879540129452032, 45.725019472848793 ] ] ] } },
{ "type": "Feature", "properties": { "idcar_200m": "CRS3035RES200mN2526200E3922400", "population": 111.5, "median_education": 14.484, "median_healthcare": 26.683, "median_services": 7.619, "median_commerce": 30.899, "median_entertainment": 19.181, "PC1_pos": 0.94861585752597866, "nivvie": 30069.239461883411, "rel_education": 0.71256923181963316, "rel_sante": 0.55711389839855119, "rel_services": 0.60149778570941981, "rel_commerce": 0.18710605146889911, "rel_loisirs": 0.49835367499562683, "rel_pc1": 0.45250725437483436, "q_revenu": 4, "q_population": 2 }, "geometry": { "type": "Polygon", "coordinates": [ [ [ 4.882101069719997, 45.725143233294119 ], [ 4.881932363535292, 45.726940300746058 ], [ 4.884493398010821, 45.727064004090842 ], [ 4.884662020465126, 45.725266931929134 ], [ 4.882101069719997, 45.725143233294119 ] ] ] } },
{ "type": "Feature", "properties": { "idcar_200m": "CRS3035RES200mN2526200E3922600", "population": 297.0, "median_education": 12.68, "median_healthcare": 25.1375, "median_services": 5.985, "median_commerce": 24.302, "median_entertainment": 17.966, "PC1_pos": 0.84007597108759602, "nivvie": 22195.450841750844, "rel_education": 0.62381785829004055, "rel_sante": 0.52484543046110177, "rel_services": 0.47249826059468142, "rel_commerce": 0.14715852496188181, "rel_loisirs": 0.4667859926474861, "rel_pc1": 0.4007317273132453, "q_revenu": 1, "q_population": 3 }, "geometry": { "type": "Polygon", "coordinates": [ [ [ 4.884662020465126, 45.725266931929134 ], [ 4.884493398010821, 45.727064004090842 ], [ 4.887054442959752, 45.7271876456226 ], [ 4.887222981682283, 45.725390568753461 ], [ 4.884662020465126, 45.725266931929134 ] ] ] } },
{ "type": "Feature", "properties": { "idcar_200m": "CRS3035RES200mN2526400E3918000", "population": 54.0, "median_education": 9.962, "median_healthcare": 23.707, "median_services": 1.958, "median_commerce": 15.131, "median_entertainment": 15.844, "PC1_pos": 0.56369386913774111, "nivvie": 19656.95, "rel_education": 0.49010043409190729, "rel_sante": 0.49497804554714431, "rel_services": 0.15457837831986401, "rel_commerce": 0.091624378289780012, "rel_loisirs": 0.41165297047237953, "rel_pc1": 0.26889236882112838, "q_revenu": 1, "q_population": 1 }, "geometry": { "type": "Polygon", "coordinates": [ [ [ 4.825592265244707, 45.724203189291437 ], [ 4.825421702733956, 45.726000150082143 ], [ 4.827982589201757, 45.726125217971529 ], [ 4.828153068005406, 45.724328252419504 ], [ 4.825592265244707, 45.724203189291437 ] ] ] } },
{ "type": "Feature", "properties": { "idcar_200m": "CRS3035RES200mN2526400E3918200", "population": 5.0, "median_education": 9.257, "median_healthcare": 23.751, "median_services": 2.603, "median_commerce": 18.605, "median_entertainment": 16.99, "PC1_pos": 0.60796082140571794, "nivvie": 19656.94, "rel_education": 0.45541655474691684, "rel_sante": 0.49589672079091512, "rel_services": 0.20549924349673448, "rel_commerce": 0.11266086564545351, "rel_loisirs": 0.44142792024272448, "rel_pc1": 0.29000852123562187, "q_revenu": 1, "q_population": 1 }, "geometry": { "type": "Polygon", "coordinates": [ [ [ 4.828153068005406, 45.724328252419504 ], [ 4.827982589201757, 45.726125217971529 ], [ 4.830543486257382, 45.72625022405456 ], [ 4.830713881352541, 45.724453253743462 ], [ 4.828153068005406, 45.724328252419504 ] ] ] } },
{ "type": "Feature", "properties": { "idcar_200m": "CRS3035RES200mN2526400E3919200", "population": 4.0, "median_education": 6.8055, "median_healthcare": 18.287, "median_services": 2.117, "median_commerce": 18.241, "median_entertainment": 11.145, "PC1_pos": 0.42203591236933802, "nivvie": 25934.175, "rel_education": 0.33481012891110973, "rel_sante": 0.38181395870083212, "rel_services": 0.16713096368904604, "rel_commerce": 0.11045669713725974, "rel_loisirs": 0.28956528376133989, "rel_pc1": 0.20131891158966564, "q_revenu": 3, "q_population": 1 }, "geometry": { "type": "Polygon", "coordinates": [ [ [ 4.840957240502673, 45.724952640990985 ], [ 4.840787180255342, 45.726749630314849 ], [ 4.843348130173015, 45.726874327359937 ], [ 4.843518106704924, 45.725077333288667 ], [ 4.840957240502673, 45.724952640990985 ] ] ] } },
{ "type": "Feature", "properties": { "idcar_200m": "CRS3035RES200mN2526400E3920200", "population": 1168.0, "median_education": 10.049, "median_healthcare": 21.1805, "median_services": 3.9475, "median_commerce": 36.2295, "median_entertainment": 19.1405, "PC1_pos": 0.73204418617428457, "nivvie": 21888.324657534245, "rel_education": 0.49438057239405503, "rel_sante": 0.44222729547016876, "rel_services": 0.31164358959022637, "rel_commerce": 0.21938440375715978, "rel_loisirs": 0.49730141891735541, "rel_pc1": 0.34919857404736027, "q_revenu": 1, "q_population": 5 }, "geometry": { "type": "Polygon", "coordinates": [ [ [ 4.853761677018694, 45.72557548441042 ], [ 4.85359203536232, 45.727372497448009 ], [ 4.856153038013607, 45.727496885444921 ], [ 4.856322595947641, 45.725699867671572 ], [ 4.853761677018694, 45.72557548441042 ] ] ] } },
{ "type": "Feature", "properties": { "idcar_200m": "CRS3035RES200mN2526400E3920800", "population": 34.5, "median_education": 13.286, "median_healthcare": 33.861, "median_services": 5.9585, "median_commerce": 47.254, "median_entertainment": 20.79, "PC1_pos": 1.0131980757052199, "nivvie": 18996.684057971015, "rel_education": 0.6536312354291387, "rel_sante": 0.70698323703006938, "rel_services": 0.47040616303315108, "rel_commerce": 0.28614224913788017, "rel_loisirs": 0.54015812017929621, "rel_pc1": 0.48331416319664333, "q_revenu": 1, "q_population": 1 }, "geometry": { "type": "Polygon", "coordinates": [ [ [ 4.861444465390179, 45.725948448767824 ], [ 4.861275074904973, 45.727745476005737 ], [ 4.86383610913477, 45.727869678568823 ], [ 4.864005415893498, 45.726072646602134 ], [ 4.861444465390179, 45.725948448767824 ] ] ] } },
{ "type": "Feature", "properties": { "idcar_200m": "CRS3035RES200mN2526400E3921000", "population": 64.0, "median_education": 13.767, "median_healthcare": 36.017, "median_services": 5.583, "median_commerce": 44.523, "median_entertainment": 19.391, "PC1_pos": 1.0104938154779677, "nivvie": 18527.967187499999, "rel_education": 0.67729498857089809, "rel_sante": 0.75199832397483857, "rel_services": 0.44076153532165518, "rel_commerce": 0.26960492991843732, "rel_loisirs": 0.50380981762370047, "rel_pc1": 0.48202418120779023, "q_revenu": 1, "q_population": 1 }, "geometry": { "type": "Polygon", "coordinates": [ [ [ 4.864005415893498, 45.726072646602134 ], [ 4.86383610913477, 45.727869678568823 ], [ 4.866397153880461, 45.727993819319821 ], [ 4.866566376911321, 45.726196782626673 ], [ 4.864005415893498, 45.726072646602134 ] ] ] } },
{ "type": "Feature", "properties": { "idcar_200m": "CRS3035RES200mN2526400E3921200", "population": 1437.5, "median_education": 14.1805, "median_healthcare": 41.829, "median_services": 6.359, "median_commerce": 49.692, "median_entertainment": 21.15, "PC1_pos": 1.1090325812949817, "nivvie": 14864.560695652173, "rel_education": 0.69763794475409457, "rel_sante": 0.87334697208383605, "rel_services": 0.50202446768948694, "rel_commerce": 0.30090533381638673, "rel_loisirs": 0.54951150754170819, "rel_pc1": 0.5290289893348995, "q_revenu": 1, "q_population": 5 }, "geometry": { "type": "Polygon", "coordinates": [ [ [ 4.866566376911321, 45.726196782626673 ], [ 4.866397153880461, 45.727993819319821 ], [ 4.868958209136905, 45.728117898258319 ], [ 4.869127348438525, 45.726320856841049 ], [ 4.866566376911321, 45.726196782626673 ] ] ] } },
{ "type": "Feature", "properties": { "idcar_200m": "CRS3035RES200mN2526400E3921400", "population": 1379.0, "median_education": 13.679, "median_healthcare": 37.2005, "median_services": 6.5425, "median_commerce": 45.584, "median_entertainment": 20.056, "PC1_pos": 1.050876884084305, "nivvie": 14982.793691080493, "rel_education": 0.67296565327677171, "rel_sante": 0.7767086001339919, "rel_services": 0.51651125646461205, "rel_commerce": 0.2760297177953428, "rel_loisirs": 0.52108760261260045, "rel_pc1": 0.50128764950563476, "q_revenu": 1, "q_population": 5 }, "geometry": { "type": "Polygon", "coordinates": [ [ [ 4.869127348438525, 45.726320856841049 ], [ 4.868958209136905, 45.728117898258319 ], [ 4.871519274898961, 45.728241915383919 ], [ 4.871688330469961, 45.726444869244816 ], [ 4.869127348438525, 45.726320856841049 ] ] ] } },
{ "type": "Feature", "properties": { "idcar_200m": "CRS3035RES200mN2526400E3921600", "population": 9.0, "median_education": 11.039, "median_healthcare": 28.2235, "median_services": 5.5385, "median_commerce": 35.114, "median_entertainment": 16.0185, "PC1_pos": 0.85358997497918665, "nivvie": 18527.966666666667, "rel_education": 0.54308559445297777, "rel_sante": 0.58927797142193561, "rel_services": 0.43724839035984009, "rel_commerce": 0.21262959614482424, "rel_loisirs": 0.41618676517999309, "rel_pc1": 0.40717815633725835, "q_revenu": 1, "q_population": 1 }, "geometry": { "type": "Polygon", "coordinates": [ [ [ 4.871688330469961, 45.726444869244816 ], [ 4.871519274898961, 45.728241915383919 ], [ 4.874080351161494, 45.728365870696194 ], [ 4.874249323000496, 45.726568819837631 ], [ 4.871688330469961, 45.726444869244816 ] ] ] } },
{ "type": "Feature", "properties": { "idcar_200m": "CRS3035RES200mN2526400E3921800", "population": 262.0, "median_education": 18.185, "median_healthcare": 40.534, "median_services": 10.682, "median_commerce": 47.887, "median_entertainment": 23.229, "PC1_pos": 1.3452199924812516, "nivvie": 21588.630916030535, "rel_education": 0.89464729913283814, "rel_sante": 0.84630868934103631, "rel_services": 0.84331268499120915, "rel_commerce": 0.28997532239526108, "rel_loisirs": 0.6035273195596379, "rel_pc1": 0.6416947392334269, "q_revenu": 1, "q_population": 2 }, "geometry": { "type": "Polygon", "coordinates": [ [ [ 4.874249323000496, 45.726568819837631 ], [ 4.874080351161494, 45.728365870696194 ], [ 4.87664143791936, 45.728489764194755 ], [ 4.876810326024988, 45.726692708619034 ], [ 4.874249323000496, 45.726568819837631 ] ] ] } },
{ "type": "Feature", "properties": { "idcar_200m": "CRS3035RES200mN2526400E3922000", "population": 356.5, "median_education": 17.86, "median_healthcare": 40.569, "median_services": 12.349, "median_commerce": 52.371, "median_entertainment": 25.066, "PC1_pos": 1.4670691368069282, "nivvie": 23676.251051893407, "rel_education": 0.87865827673975749, "rel_sante": 0.84703945373949041, "rel_services": 0.97491746367313636, "rel_commerce": 0.31712777182037333, "rel_loisirs": 0.65125557673950163, "rel_pc1": 0.69981902769992543, "q_revenu": 2, "q_population": 3 }, "geometry": { "type": "Polygon", "coordinates": [ [ [ 4.876810326024988, 45.726692708619034 ], [ 4.87664143791936, 45.728489764194755 ], [ 4.879202535167421, 45.728613595879189 ], [ 4.8793713395383, 45.726816535588661 ], [ 4.876810326024988, 45.726692708619034 ] ] ] } },
{ "type": "Feature", "properties": { "idcar_200m": "CRS3035RES200mN2526400E3922200", "population": 484.5, "median_education": 17.7905, "median_healthcare": 39.9615, "median_services": 10.208, "median_commerce": 43.9205, "median_entertainment": 26.7675, "PC1_pos": 1.3455376250674418, "nivvie": 24356.269143446854, "rel_education": 0.87523908579723719, "rel_sante": 0.83435547168060942, "rel_services": 0.80589177011704394, "rel_commerce": 0.2659565466047375, "rel_loisirs": 0.69546332284267964, "rel_pc1": 0.64184625583346744, "q_revenu": 2, "q_population": 4 }, "geometry": { "type": "Polygon", "coordinates": [ [ [ 4.8793713395383, 45.726816535588661 ], [ 4.879202535167421, 45.728613595879189 ], [ 4.881763642900536, 45.728737365749083 ], [ 4.881932363535292, 45.726940300746058 ], [ 4.8793713395383, 45.726816535588661 ] ] ] } },
{ "type": "Feature", "properties": { "idcar_200m": "CRS3035RES200mN2526400E3922400", "population": 135.0, "median_education": 17.398, "median_healthcare": 35.4, "median_services": 8.991, "median_commerce": 36.294, "median_entertainment": 25.64, "PC1_pos": 1.207805924773377, "nivvie": 24525.12222222222, "rel_education": 0.85592926644559353, "rel_sante": 0.73911599157923435, "rel_services": 0.70981317644223563, "rel_commerce": 0.21977497757248532, "rel_loisirs": 0.66616903325623644, "rel_pc1": 0.57614569533157001, "q_revenu": 2, "q_population": 2 }, "geometry": { "type": "Polygon", "coordinates": [ [ [ 4.881932363535292, 45.726940300746058 ], [ 4.881763642900536, 45.728737365749083 ], [ 4.884324761113569, 45.728861073804019 ], [ 4.884493398010821, 45.727064004090842 ], [ 4.881932363535292, 45.726940300746058 ] ] ] } },
{ "type": "Feature", "properties": { "idcar_200m": "CRS3035RES200mN2526400E3922600", "population": 684.0, "median_education": 15.7, "median_healthcare": 32.366, "median_services": 7.541, "median_commerce": 28.955, "median_entertainment": 22.76, "PC1_pos": 1.0469222124452815, "nivvie": 15037.55687134503, "rel_education": 0.77239277406574425, "rel_sante": 0.67576915772467516, "rel_services": 0.59533991364151928, "rel_commerce": 0.17533433833722689, "rel_loisirs": 0.59134193435694005, "rel_pc1": 0.49940119821860307, "q_revenu": 1, "q_population": 4 }, "geometry": { "type": "Polygon", "coordinates": [ [ [ 4.884493398010821, 45.727064004090842 ], [ 4.884324761113569, 45.728861073804019 ], [ 4.886885889801374, 45.72898472004367 ], [ 4.887054442959752, 45.7271876456226 ], [ 4.884493398010821, 45.727064004090842 ] ] ] } },
{ "type": "Feature", "properties": { "idcar_200m": "CRS3035RES200mN2526600E3918000", "population": 3.0, "median_education": 12.83, "median_healthcare": 26.194, "median_services": 2.695, "median_commerce": 20.905, "median_entertainment": 19.913, "PC1_pos": 0.7103960857043341, "nivvie": 19656.933333333334, "rel_education": 0.63119740708684702, "rel_sante": 0.54690407580300748, "rel_services": 0.21276237465374542, "rel_commerce": 0.12658830402140314, "rel_loisirs": 0.51737222929919802, "rel_pc1": 0.33887203098109109, "q_revenu": 1, "q_population": 1 }, "geometry": { "type": "Polygon", "coordinates": [ [ [ 4.825421702733956, 45.726000150082143 ], [ 4.825251125615262, 45.72779710841511 ], [ 4.827812095797259, 45.727922181066305 ], [ 4.827982589201757, 45.726125217971529 ], [ 4.825421702733956, 45.726000150082143 ] ] ] } },
{ "type": "Feature", "properties": { "idcar_200m": "CRS3035RES200mN2526600E3918800", "population": 55.0, "median_education": 9.2675, "median_healthcare": 24.823, "median_services": 3.427, "median_commerce": 26.014, "median_entertainment": 17.3385, "PC1_pos": 0.67247300067025106, "nivvie": 18323.630909090909, "rel_education": 0.4559331231626933, "rel_sante": 0.51827899036642189, "rel_services": 0.27055163559865886, "rel_commerce": 0.15752538343997999, "rel_loisirs": 0.45048251884217061, "rel_pc1": 0.32078202020375562, "q_revenu": 1, "q_population": 1 }, "geometry": { "type": "Polygon", "coordinates": [ [ [ 4.835665312111538, 45.726500050799856 ], [ 4.835495069857962, 45.728297028165976 ], [ 4.838056082365974, 45.728421853579938 ], [ 4.838226240899804, 45.726624871461375 ], [ 4.835665312111538, 45.726500050799856 ] ] ] } },
{ "type": "Feature", "properties": { "idcar_200m": "CRS3035RES200mN2526600E3919400", "population": 4.0, "median_education": 8.928, "median_healthcare": 20.9305, "median_services": 3.0715, "median_commerce": 28.8655, "median_entertainment": 14.175, "PC1_pos": 0.5776553780239686, "nivvie": 25934.175, "rel_education": 0.43923074438592136, "rel_sante": 0.43700754976692557, "rel_services": 0.24248594944303495, "rel_commerce": 0.17479237932216274, "rel_loisirs": 0.36828962739497473, "rel_pc1": 0.27555226597856508, "q_revenu": 3, "q_population": 1 }, "geometry": { "type": "Polygon", "coordinates": [ [ [ 4.843348130173015, 45.726874327359937 ], [ 4.843178139082839, 45.728671318976453 ], [ 4.845739183281419, 45.728795958958237 ], [ 4.84590909064769, 45.726998962596205 ], [ 4.843348130173015, 45.726874327359937 ] ] ] } },
{ "type": "Feature", "properties": { "idcar_200m": "CRS3035RES200mN2526600E3919800", "population": 1519.0, "median_education": 10.165, "median_healthcare": 22.151, "median_services": 4.02, "median_commerce": 39.115, "median_entertainment": 17.269, "PC1_pos": 0.71056661324386483, "nivvie": 15700.446082949309, "rel_education": 0.50008742346358537, "rel_sante": 0.46249034829015878, "rel_services": 0.31736725273026217, "rel_commerce": 0.23685728351098706, "rel_loisirs": 0.44867679544859385, "rel_pc1": 0.33895337576159013, "q_revenu": 1, "q_population": 5 }, "geometry": { "type": "Polygon", "coordinates": [ [ [ 4.848470061674222, 45.727123536023257 ], [ 4.84830023803324, 45.728920537128417 ], [ 4.850861303333172, 45.729045053486637 ], [ 4.851031043247477, 45.727248047640664 ], [ 4.848470061674222, 45.727123536023257 ] ] ] } },
{ "type": "Feature", "properties": { "idcar_200m": "CRS3035RES200mN2526600E3920000", "population": 386.5, "median_education": 11.338, "median_healthcare": 23.308, "median_services": 4.417, "median_commerce": 42.708, "median_entertainment": 19.096, "PC1_pos": 0.80691770170141996, "nivvie": 20347.033893919794, "rel_education": 0.55779549505461201, "rel_sante": 0.48664733140476818, "rel_services": 0.3487092426143204, "rel_commerce": 0.2586143644174162, "rel_loisirs": 0.49614523631283503, "rel_pc1": 0.38491462145240557, "q_revenu": 1, "q_population": 3 }, "geometry": { "type": "Polygon", "coordinates": [ [ [ 4.851031043247477, 45.727248047640664 ], [ 4.850861303333172, 45.729045053486637 ], [ 4.853422379176068, 45.72916950803252 ], [ 4.85359203536232, 45.727372497448009 ], [ 4.851031043247477, 45.727248047640664 ] ] ] } },
{ "type": "Feature", "properties": { "idcar_200m": "CRS3035RES200mN2526600E3920200", "population": 287.5, "median_education": 12.609, "median_healthcare": 26.407, "median_services": 5.088, "median_commerce": 46.948, "median_entertainment": 22.217, "PC1_pos": 0.91577316939276021, "nivvie": 24157.615652173914, "rel_education": 0.62032487185955221, "rel_sante": 0.55135129914217063, "rel_services": 0.40168273181382441, "rel_commerce": 0.28428929429307986, "rel_loisirs": 0.57723390841863509, "rel_pc1": 0.43684068659026132, "q_revenu": 2, "q_population": 3 }, "geometry": { "type": "Polygon", "coordinates": [ [ [ 4.85359203536232, 45.727372497448009 ], [ 4.853422379176068, 45.72916950803252 ], [ 4.855983465556794, 45.729293900765612 ], [ 4.856153038013607, 45.727496885444921 ], [ 4.85359203536232, 45.727372497448009 ] ] ] } },
{ "type": "Feature", "properties": { "idcar_200m": "CRS3035RES200mN2526600E3920600", "population": 410.5, "median_education": 13.6155, "median_healthcare": 34.266, "median_services": 6.3785, "median_commerce": 54.234, "median_entertainment": 23.9105, "PC1_pos": 1.1155299628327011, "nivvie": 20367.705481120585, "rel_education": 0.66984164428612369, "rel_sante": 0.71543922506932345, "rel_services": 0.50356393570646207, "rel_commerce": 0.32840899690489256, "rel_loisirs": 0.62123380146931517, "rel_pc1": 0.53212836012543951, "q_revenu": 1, "q_population": 3 }, "geometry": { "type": "Polygon", "coordinates": [ [ [ 4.858714051196206, 45.727621211630968 ], [ 4.858544562470213, 45.7294182316855 ], [ 4.861105669911183, 45.729542500791794 ], [ 4.861275074904973, 45.727745476005737 ], [ 4.858714051196206, 45.727621211630968 ] ] ] } },
{ "type": "Feature", "properties": { "idcar_200m": "CRS3035RES200mN2526600E3920800", "population": 128.5, "median_education": 13.764, "median_healthcare": 40.272, "median_services": 6.97, "median_commerce": 54.883, "median_entertainment": 23.768, "PC1_pos": 1.1683220199787798, "nivvie": 25396.236575875486, "rel_education": 0.67714739759496201, "rel_sante": 0.84083839584403741, "rel_services": 0.55026113222137496, "rel_commerce": 0.33233895669010616, "rel_loisirs": 0.61753141897169372, "rel_pc1": 0.55731114475047649, "q_revenu": 2, "q_population": 2 }, "geometry": { "type": "Polygon", "coordinates": [ [ [ 4.861275074904973, 45.727745476005737 ], [ 4.861105669911183, 45.729542500791794 ], [ 4.863666787874561, 45.729666708084082 ], [ 4.86383610913477, 45.727869678568823 ], [ 4.861275074904973, 45.727745476005737 ] ] ] } },
{ "type": "Feature", "properties": { "idcar_200m": "CRS3035RES200mN2526600E3921000", "population": 1540.5, "median_education": 14.951, "median_healthcare": 47.211, "median_services": 7.79, "median_commerce": 61.734, "median_entertainment": 25.642, "PC1_pos": 1.3234662818431138, "nivvie": 15012.821226874392, "rel_education": 0.7355442270736906, "rel_sante": 0.98571765758325514, "rel_services": 0.61499773601212504, "rel_commerce": 0.37382455682646742, "rel_loisirs": 0.66622099651936095, "rel_pc1": 0.63131781816971921, "q_revenu": 1, "q_population": 5 }, "geometry": { "type": "Polygon", "coordinates": [ [ [ 4.86383610913477, 45.727869678568823 ], [ 4.863666787874561, 45.729666708084082 ], [ 4.866227916355214, 45.729790853561987 ], [ 4.866397153880461, 45.727993819319821 ], [ 4.86383610913477, 45.727869678568823 ] ] ] } },
{ "type": "Feature", "properties": { "idcar_200m": "CRS3035RES200mN2526600E3921200", "population": 267.5, "median_education": 16.362, "median_healthcare": 52.546, "median_services": 8.653, "median_commerce": 65.681, "median_entertainment": 27.494, "PC1_pos": 1.448248767973862, "nivvie": 15059.168971962617, "rel_education": 0.8049611827556501, "rel_sante": 1.0971070308904647, "rel_services": 0.68312906414799979, "rel_commerce": 0.39772525216119492, "rel_loisirs": 0.71433897817265846, "rel_pc1": 0.69084136476143798, "q_revenu": 1, "q_population": 3 }, "geometry": { "type": "Polygon", "coordinates": [ [ [ 4.866397153880461, 45.727993819319821 ], [ 4.866227916355214, 45.729790853561987 ], [ 4.868789055347996, 45.729914937225011 ], [ 4.868958209136905, 45.728117898258319 ], [ 4.866397153880461, 45.727993819319821 ] ] ] } },
{ "type": "Feature", "properties": { "idcar_200m": "CRS3035RES200mN2526600E3921400", "population": 377.0, "median_education": 15.1835, "median_healthcare": 47.1515, "median_services": 8.1015, "median_commerce": 55.613, "median_entertainment": 25.182, "PC1_pos": 1.3215921065804179, "nivvie": 16070.945092838196, "rel_education": 0.74698252770874063, "rel_sante": 0.98447535810588327, "rel_services": 0.6395897507448306, "rel_commerce": 0.33675940452247277, "rel_loisirs": 0.65426944600072334, "rel_pc1": 0.6304238020138524, "q_revenu": 1, "q_population": 3 }, "geometry": { "type": "Polygon", "coordinates": [ [ [ 4.868958209136905, 45.728117898258319 ], [ 4.868789055347996, 45.729914937225011 ], [ 4.871350204847773, 45.73003895907285 ], [ 4.871519274898961, 45.728241915383919 ], [ 4.868958209136905, 45.728117898258319 ] ] ] } },
{ "type": "Feature", "properties": { "idcar_200m": "CRS3035RES200mN2526600E3921800", "population": 1835.5, "median_education": 19.607, "median_healthcare": 53.955, "median_services": 12.1775, "median_commerce": 60.0095, "median_entertainment": 28.4365, "PC1_pos": 1.6157699007385506, "nivvie": 14623.334186870063, "rel_education": 0.96460542172656349, "rel_sante": 1.1265255176739433, "rel_services": 0.96137803983153436, "rel_commerce": 0.36338200574849999, "rel_loisirs": 0.73882666592008461, "rel_pc1": 0.77075203380170898, "q_revenu": 1, "q_population": 5 }, "geometry": { "type": "Polygon", "coordinates": [ [ [ 4.874080351161494, 45.728365870696194 ], [ 4.873911364849401, 45.730162919105027 ], [ 4.876472535347743, 45.730286817321151 ], [ 4.87664143791936, 45.728489764194755 ], [ 4.874080351161494, 45.728365870696194 ] ] ] } },
{ "type": "Feature", "properties": { "idcar_200m": "CRS3035RES200mN2526600E3922000", "population": 294.5, "median_education": 20.366, "median_healthcare": 53.257, "median_services": 12.655, "median_commerce": 57.36, "median_entertainment": 30.096, "PC1_pos": 1.6724967778093027, "nivvie": 22861.463497453311, "rel_education": 1.0019459386384042, "rel_sante": 1.1119519876704882, "rel_services": 0.99907526947797709, "rel_commerce": 0.34733820228020496, "rel_loisirs": 0.78194318349764791, "rel_pc1": 0.79781180008001173, "q_revenu": 2, "q_population": 3 }, "geometry": { "type": "Polygon", "coordinates": [ [ [ 4.87664143791936, 45.728489764194755 ], [ 4.876472535347743, 45.730286817321151 ], [ 4.879033716337654, 45.730410653720817 ], [ 4.879202535167421, 45.728613595879189 ], [ 4.87664143791936, 45.728489764194755 ] ] ] } },
{ "type": "Feature", "properties": { "idcar_200m": "CRS3035RES200mN2526600E3922200", "population": 444.0, "median_education": 18.56, "median_healthcare": 44.325, "median_services": 10.924, "median_commerce": 47.387, "median_entertainment": 29.427, "PC1_pos": 1.4190262744204247, "nivvie": 25516.534459459461, "rel_education": 0.91309617112485431, "rel_sante": 0.925460913185016, "rel_services": 0.86241787781725976, "rel_commerce": 0.28694761840048938, "rel_loisirs": 0.7645614719824988, "rel_pc1": 0.67690169653963606, "q_revenu": 2, "q_population": 3 }, "geometry": { "type": "Polygon", "coordinates": [ [ [ 4.879202535167421, 45.728613595879189 ], [ 4.879033716337654, 45.730410653720817 ], [ 4.881594907813997, 45.730534428303635 ], [ 4.881763642900536, 45.728737365749083 ], [ 4.879202535167421, 45.728613595879189 ] ] ] } },
{ "type": "Feature", "properties": { "idcar_200m": "CRS3035RES200mN2526600E3922400", "population": 1009.0, "median_education": 17.51, "median_healthcare": 41.2625, "median_services": 9.1675, "median_commerce": 38.2485, "median_entertainment": 27.632, "PC1_pos": 1.3101240323948917, "nivvie": 14894.627056491576, "rel_education": 0.86143932954720914, "rel_sante": 0.86151902832028704, "rel_services": 0.72374733567280569, "rel_commerce": 0.23161027248804775, "rel_loisirs": 0.71792444332824978, "rel_pc1": 0.62495331918195718, "q_revenu": 1, "q_population": 5 }, "geometry": { "type": "Polygon", "coordinates": [ [ [ 4.881763642900536, 45.728737365749083 ], [ 4.881594907813997, 45.730534428303635 ], [ 4.884156109771628, 45.730658141069178 ], [ 4.884324761113569, 45.728861073804019 ], [ 4.881763642900536, 45.728737365749083 ] ] ] } },
{ "type": "Feature", "properties": { "idcar_200m": "CRS3035RES200mN2526600E3922600", "population": 397.0, "median_education": 17.092, "median_healthcare": 39.8955, "median_services": 8.5785, "median_commerce": 33.719, "median_entertainment": 25.5765, "PC1_pos": 1.2189070345144875, "nivvie": 14676.460957178841, "rel_education": 0.84087498690010831, "rel_sante": 0.83297745881495322, "rel_services": 0.67724750685237667, "rel_commerce": 0.20418230199941129, "rel_loisirs": 0.66451919965203321, "rel_pc1": 0.58144112935748293, "q_revenu": 1, "q_population": 3 }, "geometry": { "type": "Polygon", "coordinates": [ [ [ 4.884324761113569, 45.728861073804019 ], [ 4.884156109771628, 45.730658141069178 ], [ 4.88671732220541, 45.730781792017076 ], [ 4.886885889801374, 45.72898472004367 ], [ 4.884324761113569, 45.728861073804019 ] ] ] } },
{ "type": "Feature", "properties": { "idcar_200m": "CRS3035RES200mN2526600E3922800", "population": 83.5, "median_education": 16.803, "median_healthcare": 39.744, "median_services": 6.861, "median_commerce": 28.494, "median_entertainment": 22.747, "PC1_pos": 1.0887145946539143, "nivvie": 26868.404790419161, "rel_education": 0.82665705621826124, "rel_sante": 0.82981429291878783, "rel_services": 0.54165590074187286, "rel_commerce": 0.17254279525404742, "rel_loisirs": 0.59100417314663067, "rel_pc1": 0.51933693508930379, "q_revenu": 3, "q_population": 1 }, "geometry": { "type": "Polygon", "coordinates": [ [ [ 4.886885889801374, 45.72898472004367 ], [ 4.88671732220541, 45.730781792017076 ], [ 4.8892785451102, 45.730905381146862 ], [ 4.889447028958814, 45.729108304467509 ], [ 4.886885889801374, 45.72898472004367 ] ] ] } },
{ "type": "Feature", "properties": { "idcar_200m": "CRS3035RES200mN2526800E3917600", "population": 26.0, "median_education": 15.001, "median_healthcare": 25.807, "median_services": 2.032, "median_commerce": 18.598, "median_entertainment": 18.993, "PC1_pos": 0.69535235757888247, "nivvie": 30609.615384615383, "rel_education": 0.73800407667262602, "rel_sante": 0.53882390945438696, "rel_services": 0.16042046207659025, "rel_commerce": 0.1126184777895267, "rel_loisirs": 0.49346912826192268, "rel_pc1": 0.33169589529286481, "q_revenu": 4, "q_population": 1 }, "geometry": { "type": "Polygon", "coordinates": [ [ [ 4.820129217039448, 45.727546777688474 ], [ 4.819958457872641, 45.729343724032809 ], [ 4.822519490579317, 45.729468925066897 ], [ 4.822690166027612, 45.727671973955736 ], [ 4.820129217039448, 45.727546777688474 ] ] ] } },
{ "type": "Feature", "properties": { "idcar_200m": "CRS3035RES200mN2526800E3918200", "population": 375.5, "median_education": 14.186, "median_healthcare": 25.365, "median_services": 4.652, "median_commerce": 34.578, "median_entertainment": 26.19, "PC1_pos": 0.94179431839788608, "nivvie": 19817.384553928096, "rel_education": 0.69790852820997762, "rel_sante": 0.52959539905105302, "rel_services": 0.36726180589581586, "rel_commerce": 0.209383897462429, "rel_loisirs": 0.68045893061547713, "rel_pc1": 0.44925325443695208, "q_revenu": 1, "q_population": 3 }, "geometry": { "type": "Polygon", "coordinates": [ [ [ 4.827812095797259, 45.727922181066305 ], [ 4.827641587790159, 45.729719141704152 ], [ 4.830202652284046, 45.729844157306474 ], [ 4.830373076568466, 45.728047191908715 ], [ 4.827812095797259, 45.727922181066305 ] ] ] } },
{ "type": "Feature", "properties": { "idcar_200m": "CRS3035RES200mN2526800E3918400", "population": 320.5, "median_education": 14.74, "median_healthcare": 27.949, "median_services": 5.306, "median_commerce": 41.831, "median_entertainment": 27.708, "PC1_pos": 0.98631071361653855, "nivvie": 24623.855226209049, "rel_education": 0.72516366176618285, "rel_sante": 0.5835466906397746, "rel_services": 0.41889319477282866, "rel_commerce": 0.2533037716105867, "rel_loisirs": 0.71989904732698118, "rel_pc1": 0.47048839573808282, "q_revenu": 2, "q_population": 3 }, "geometry": { "type": "Polygon", "coordinates": [ [ [ 4.830373076568466, 45.728047191908715 ], [ 4.830202652284046, 45.729844157306474 ], [ 4.832763727363396, 45.729969111097397 ], [ 4.832934067923746, 45.728172140942121 ], [ 4.830373076568466, 45.728047191908715 ] ] ] } },
{ "type": "Feature", "properties": { "idcar_200m": "CRS3035RES200mN2526800E3918600", "population": 522.5, "median_education": 13.811, "median_healthcare": 28.616, "median_services": 5.028, "median_commerce": 41.537, "median_entertainment": 24.812, "PC1_pos": 0.91449662353566863, "nivvie": 15958.215311004784, "rel_education": 0.67945965621796145, "rel_sante": 0.59747297217602735, "rel_services": 0.39694590714620853, "rel_commerce": 0.25152348166166094, "rel_loisirs": 0.6446562423226887, "rel_pc1": 0.4362317506798048, "q_revenu": 1, "q_population": 4 }, "geometry": { "type": "Polygon", "coordinates": [ [ [ 4.832934067923746, 45.728172140942121 ], [ 4.832763727363396, 45.729969111097397 ], [ 4.83532481302307, 45.730094003076452 ], [ 4.835495069857962, 45.728297028165976 ], [ 4.832934067923746, 45.728172140942121 ] ] ] } },
{ "type": "Feature", "properties": { "idcar_200m": "CRS3035RES200mN2526800E3918800", "population": 646.5, "median_education": 12.898, "median_healthcare": 29.288, "median_services": 4.962, "median_commerce": 40.837, "median_entertainment": 23.336, "PC1_pos": 0.90483382239727161, "nivvie": 15051.596906419181, "rel_education": 0.63454280254139928, "rel_sante": 0.6115036486263451, "rel_services": 0.3917354000118311, "rel_commerce": 0.24728469606898065, "rel_loisirs": 0.60630735413679926, "rel_pc1": 0.43162241637654991, "q_revenu": 1, "q_population": 4 }, "geometry": { "type": "Polygon", "coordinates": [ [ [ 4.835495069857962, 45.728297028165976 ], [ 4.83532481302307, 45.730094003076452 ], [ 4.837885909257926, 45.730218833243299 ], [ 4.838056082365974, 45.728421853579938 ], [ 4.835495069857962, 45.728297028165976 ] ] ] } },
{ "type": "Feature", "properties": { "idcar_200m": "CRS3035RES200mN2526800E3919000", "population": 240.5, "median_education": 12.096, "median_healthcare": 30.043, "median_services": 4.781, "median_commerce": 41.54, "median_entertainment": 21.412, "PC1_pos": 0.90844610576743579, "nivvie": 25934.163409563407, "rel_education": 0.59508681497447402, "rel_sante": 0.62726728065013948, "rel_services": 0.37744597893118992, "rel_commerce": 0.2515416478856296, "rel_loisirs": 0.55631869501101927, "rel_pc1": 0.43334554214646892, "q_revenu": 3, "q_population": 2 }, "geometry": { "type": "Polygon", "coordinates": [ [ [ 4.838056082365974, 45.728421853579938 ], [ 4.837885909257926, 45.730218833243299 ], [ 4.84044701606283, 45.730343601597475 ], [ 4.840617105442646, 45.728546617183575 ], [ 4.838056082365974, 45.728421853579938 ] ] ] } },
{ "type": "Feature", "properties": { "idcar_200m": "CRS3035RES200mN2526800E3919200", "population": 4.0, "median_education": 10.879, "median_healthcare": 26.688, "median_services": 4.135, "median_commerce": 36.667, "median_entertainment": 18.245, "PC1_pos": 0.76206070030196149, "nivvie": 25934.175, "rel_education": 0.53521407573638413, "rel_sante": 0.55721829331261596, "rel_services": 0.32644616667652593, "rel_commerce": 0.222033644752585, "rel_loisirs": 0.47403486785335547, "rel_pc1": 0.36351700472302134, "q_revenu": 3, "q_population": 1 }, "geometry": { "type": "Polygon", "coordinates": [ [ [ 4.840617105442646, 45.728546617183575 ], [ 4.84044701606283, 45.730343601597475 ], [ 4.843008133432641, 45.730468308138619 ], [ 4.843178139082839, 45.728671318976453 ], [ 4.840617105442646, 45.728546617183575 ] ] ] } },
{ "type": "Feature", "properties": { "idcar_200m": "CRS3035RES200mN2526800E3919800", "population": 306.5, "median_education": 11.3535, "median_healthcare": 24.8285, "median_services": 4.558, "median_commerce": 45.147, "median_entertainment": 19.3175, "PC1_pos": 0.81349129699661926, "nivvie": 24626.902446982054, "rel_education": 0.55855804843028201, "rel_sante": 0.51839382477189322, "rel_services": 0.35984078058321767, "rel_commerce": 0.27338350450391236, "rel_loisirs": 0.5019001677038748, "rel_pc1": 0.38805034761047319, "q_revenu": 2, "q_population": 3 }, "geometry": { "type": "Polygon", "coordinates": [ [ [ 4.84830023803324, 45.728920537128417 ], [ 4.848130399846434, 45.730717535780073 ], [ 4.850691548880137, 45.730842056879546 ], [ 4.850861303333172, 45.729045053486637 ], [ 4.84830023803324, 45.728920537128417 ] ] ] } },
{ "type": "Feature", "properties": { "idcar_200m": "CRS3035RES200mN2526800E3920000", "population": 756.0, "median_education": 12.6405, "median_healthcare": 27.623, "median_services": 5.1905, "median_commerce": 52.3695, "median_entertainment": 21.6365, "PC1_pos": 0.95258837643056915, "nivvie": 22307.710978835978, "rel_education": 0.62187457710688154, "rel_sante": 0.57674014224274539, "rel_services": 0.40977480728766819, "rel_commerce": 0.317118688708389, "rel_loisirs": 0.56215157129674564, "rel_pc1": 0.45440221913660478, "q_revenu": 2, "q_population": 4 }, "geometry": { "type": "Polygon", "coordinates": [ [ [ 4.850861303333172, 45.729045053486637 ], [ 4.850691548880137, 45.730842056879546 ], [ 4.853252708458188, 45.730966516164337 ], [ 4.853422379176068, 45.72916950803252 ], [ 4.850861303333172, 45.729045053486637 ] ] ] } },
{ "type": "Feature", "properties": { "idcar_200m": "CRS3035RES200mN2526800E3920200", "population": 738.5, "median_education": 14.88, "median_healthcare": 32.564, "median_services": 6.606, "median_commerce": 63.986, "median_entertainment": 26.638, "PC1_pos": 1.1674584196059032, "nivvie": 21512.795260663508, "rel_education": 0.73205124064320226, "rel_sante": 0.67990319632164375, "rel_services": 0.5215243959045055, "rel_commerce": 0.38746133561891899, "rel_loisirs": 0.69209870155536768, "rel_pc1": 0.55689919144977296, "q_revenu": 1, "q_population": 4 }, "geometry": { "type": "Polygon", "coordinates": [ [ [ 4.853422379176068, 45.72916950803252 ], [ 4.853252708458188, 45.730966516164337 ], [ 4.855813878575454, 45.731090913634013 ], [ 4.855983465556794, 45.729293900765612 ], [ 4.853422379176068, 45.72916950803252 ] ] ] } },
{ "type": "Feature", "properties": { "idcar_200m": "CRS3035RES200mN2526800E3920400", "population": 318.5, "median_education": 15.089, "median_healthcare": 34.175, "median_services": 6.818, "median_commerce": 63.3965, "median_entertainment": 26.4765, "PC1_pos": 1.172757130954748, "nivvie": 23296.174568288854, "rel_education": 0.74233341196675262, "rel_sante": 0.7135392376333427, "rel_services": 0.5382611763967482, "rel_commerce": 0.38389167260908325, "rel_loisirs": 0.68790266805806333, "rel_pc1": 0.55942677445944755, "q_revenu": 2, "q_population": 3 }, "geometry": { "type": "Polygon", "coordinates": [ [ [ 4.855983465556794, 45.729293900765612 ], [ 4.855813878575454, 45.731090913634013 ], [ 4.858375059226791, 45.73121524928824 ], [ 4.858544562470213, 45.7294182316855 ], [ 4.855983465556794, 45.729293900765612 ] ] ] } },
{ "type": "Feature", "properties": { "idcar_200m": "CRS3035RES200mN2526800E3920600", "population": 266.0, "median_education": 16.219, "median_healthcare": 38.9465, "median_services": 7.77, "median_commerce": 69.239, "median_entertainment": 28.055, "PC1_pos": 1.3185914494046043, "nivvie": 23694.208646616542, "rel_education": 0.79792601290269471, "rel_sante": 0.81316330412544213, "rel_services": 0.61341879445625302, "rel_commerce": 0.41927039378799008, "rel_loisirs": 0.7289146734790839, "rel_pc1": 0.6289924332156448, "q_revenu": 2, "q_population": 3 }, "geometry": { "type": "Polygon", "coordinates": [ [ [ 4.858544562470213, 45.7294182316855 ], [ 4.858375059226791, 45.73121524928824 ], [ 4.860936250407061, 45.731339523126444 ], [ 4.861105669911183, 45.729542500791794 ], [ 4.858544562470213, 45.7294182316855 ] ] ] } },
{ "type": "Feature", "properties": { "idcar_200m": "CRS3035RES200mN2526800E3920800", "population": 1057.0, "median_education": 15.5045, "median_healthcare": 44.1985, "median_services": 8.1135, "median_commerce": 68.2355, "median_entertainment": 27.9705, "PC1_pos": 1.3495722144400895, "nivvie": 18544.91229895932, "rel_education": 0.76277476213390649, "rel_sante": 0.92281972185917471, "rel_services": 0.64053711567835381, "rel_commerce": 0.41319379187048338, "rel_loisirs": 0.72671922561207336, "rel_pc1": 0.64377082935294039, "q_revenu": 1, "q_population": 5 }, "geometry": { "type": "Polygon", "coordinates": [ [ [ 4.861105669911183, 45.729542500791794 ], [ 4.860936250407061, 45.731339523126444 ], [ 4.863497452111122, 45.731463735148367 ], [ 4.863666787874561, 45.729666708084082 ], [ 4.861105669911183, 45.729542500791794 ] ] ] } },
{ "type": "Feature", "properties": { "idcar_200m": "CRS3035RES200mN2526800E3921000", "population": 318.5, "median_education": 17.1175, "median_healthcare": 51.9155, "median_services": 8.9575, "median_commerce": 74.724, "median_entertainment": 30.367, "PC1_pos": 1.5329834777949536, "nivvie": 16687.057770800628, "rel_education": 0.84212951019556548, "rel_sante": 1.0839428322268851, "rel_services": 0.70716844933615008, "rel_commerce": 0.45248430661063516, "rel_loisirs": 0.78898420565101912, "rel_pc1": 0.73126138366286175, "q_revenu": 1, "q_population": 3 }, "geometry": { "type": "Polygon", "coordinates": [ [ [ 4.863666787874561, 45.729666708084082 ], [ 4.863497452111122, 45.731463735148367 ], [ 4.866058664333834, 45.731587885353541 ], [ 4.866227916355214, 45.729790853561987 ], [ 4.863666787874561, 45.729666708084082 ] ] ] } },
{ "type": "Feature", "properties": { "idcar_200m": "CRS3035RES200mN2526800E3921200", "population": 101.0, "median_education": 17.9845, "median_healthcare": 56.569, "median_services": 9.825, "median_commerce": 73.7215, "median_entertainment": 31.889, "PC1_pos": 1.6379473674775231, "nivvie": 25150.955445544554, "rel_education": 0.88478330224110691, "rel_sante": 1.1811031787470541, "rel_services": 0.77565503932209601, "rel_commerce": 0.44641376010111794, "rel_loisirs": 0.8285282488887723, "rel_pc1": 0.78133109433862058, "q_revenu": 2, "q_population": 1 }, "geometry": { "type": "Polygon", "coordinates": [ [ [ 4.866227916355214, 45.729790853561987 ], [ 4.866058664333834, 45.731587885353541 ], [ 4.868619887070062, 45.731711973741561 ], [ 4.868789055347996, 45.729914937225011 ], [ 4.866227916355214, 45.729790853561987 ] ] ] } },
{ "type": "Feature", "properties": { "idcar_200m": "CRS3035RES200mN2526800E3921400", "population": 191.0, "median_education": 18.035, "median_healthcare": 57.844, "median_services": 10.084, "median_commerce": 67.087, "median_entertainment": 30.742, "PC1_pos": 1.6327473687717131, "nivvie": 29170.937172774869, "rel_education": 0.88726775033603167, "rel_sante": 1.2077238818335942, "rel_services": 0.79610233247063777, "rel_commerce": 0.40623915579449288, "rel_loisirs": 0.7987273174868651, "rel_pc1": 0.77885059907971188, "q_revenu": 4, "q_population": 2 }, "geometry": { "type": "Polygon", "coordinates": [ [ [ 4.868789055347996, 45.729914937225011 ], [ 4.868619887070062, 45.731711973741561 ], [ 4.871181120314654, 45.731836000312015 ], [ 4.871350204847773, 45.73003895907285 ], [ 4.868789055347996, 45.729914937225011 ] ] ] } },
{ "type": "Feature", "properties": { "idcar_200m": "CRS3035RES200mN2526800E3921600", "population": 506.0, "median_education": 19.634, "median_healthcare": 62.522, "median_services": 11.124, "median_commerce": 66.732, "median_entertainment": 32.179, "PC1_pos": 1.7589532814216764, "nivvie": 22032.497430830037, "rel_education": 0.9659337405099887, "rel_sante": 1.3053957634326805, "rel_services": 0.87820729337597936, "rel_commerce": 0.40408948595820499, "rel_loisirs": 0.83606292204182653, "rel_pc1": 0.83905314636586781, "q_revenu": 1, "q_population": 4 }, "geometry": { "type": "Polygon", "coordinates": [ [ [ 4.871350204847773, 45.73003895907285 ], [ 4.871181120314654, 45.731836000312015 ], [ 4.873742364062482, 45.73195996506449 ], [ 4.873911364849401, 45.730162919105027 ], [ 4.871350204847773, 45.73003895907285 ] ] ] } },
{ "type": "Feature", "properties": { "idcar_200m": "CRS3035RES200mN2526800E3921800", "population": 524.0, "median_education": 21.678, "median_healthcare": 69.952, "median_services": 12.571, "median_commerce": 68.76, "median_entertainment": 35.168, "PC1_pos": 1.8822033281579753, "nivvie": 24912.88072519084, "rel_education": 1.0664923921144716, "rel_sante": 1.4605266057330677, "rel_services": 0.99244371494331496, "rel_commerce": 0.41636985336099885, "rel_loisirs": 0.9137220187814088, "rel_pc1": 0.89784569111171109, "q_revenu": 2, "q_population": 4 }, "geometry": { "type": "Polygon", "coordinates": [ [ [ 4.873911364849401, 45.730162919105027 ], [ 4.873742364062482, 45.73195996506449 ], [ 4.876303618308397, 45.732083867998654 ], [ 4.876472535347743, 45.730286817321151 ], [ 4.873911364849401, 45.730162919105027 ] ] ] } },
{ "type": "Feature", "properties": { "idcar_200m": "CRS3035RES200mN2526800E3922000", "population": 312.5, "median_education": 20.81, "median_healthcare": 64.779, "median_services": 11.827, "median_commerce": 60.685, "median_entertainment": 33.85, "PC1_pos": 1.7725926320637806, "nivvie": 20901.96608, "rel_education": 1.0237894030769514, "rel_sante": 1.3525196276415599, "rel_services": 0.93370708906487832, "rel_commerce": 0.36747243384543649, "rel_loisirs": 0.87947822838235579, "rel_pc1": 0.84555936810098686, "q_revenu": 1, "q_population": 3 }, "geometry": { "type": "Polygon", "coordinates": [ [ [ 4.876472535347743, 45.730286817321151 ], [ 4.876303618308397, 45.732083867998654 ], [ 4.878864883047258, 45.732207709113986 ], [ 4.879033716337654, 45.730410653720817 ], [ 4.876472535347743, 45.730286817321151 ] ] ] } },
{ "type": "Feature", "properties": { "idcar_200m": "CRS3035RES200mN2526800E3922200", "population": 193.0, "median_education": 19.6445, "median_healthcare": 56.5195, "median_services": 10.4355, "median_commerce": 50.438, "median_entertainment": 32.0565, "PC1_pos": 1.5929629678633908, "nivvie": 22788.204145077721, "rel_education": 0.96645030892576522, "rel_sante": 1.1800696690978119, "rel_services": 0.82385223031508747, "rel_commerce": 0.30542266817658609, "rel_loisirs": 0.83288017217545018, "rel_pc1": 0.7598727063119014, "q_revenu": 2, "q_population": 2 }, "geometry": { "type": "Polygon", "coordinates": [ [ [ 4.879033716337654, 45.730410653720817 ], [ 4.878864883047258, 45.732207709113986 ], [ 4.88142615827393, 45.732331488410132 ], [ 4.881594907813997, 45.730534428303635 ], [ 4.879033716337654, 45.730410653720817 ] ] ] } },
{ "type": "Feature", "properties": { "idcar_200m": "CRS3035RES200mN2526800E3922400", "population": 250.0, "median_education": 19.797, "median_healthcare": 55.466, "median_services": 9.611, "median_commerce": 45.437, "median_entertainment": 31.769, "PC1_pos": 1.544481274508412, "nivvie": 21733.1924, "rel_education": 0.97395285020251843, "rel_sante": 1.1580736607043449, "rel_services": 0.75876036467426622, "rel_commerce": 0.27513957282087992, "rel_loisirs": 0.82541045310130157, "rel_pc1": 0.73674604468859695, "q_revenu": 1, "q_population": 2 }, "geometry": { "type": "Polygon", "coordinates": [ [ [ 4.881594907813997, 45.730534428303635 ], [ 4.88142615827393, 45.732331488410132 ], [ 4.883987443983266, 45.732455205886694 ], [ 4.884156109771628, 45.730658141069178 ], [ 4.881594907813997, 45.730534428303635 ] ] ] } },
{ "type": "Feature", "properties": { "idcar_200m": "CRS3035RES200mN2526800E3922600", "population": 637.5, "median_education": 19.229, "median_healthcare": 50.3705, "median_services": 8.587, "median_commerce": 37.566, "median_entertainment": 28.359, "PC1_pos": 1.3883311917317982, "nivvie": 19411.359686274511, "rel_education": 0.94600895875861124, "rel_sante": 1.0516848037808424, "rel_services": 0.67791855701362225, "rel_commerce": 0.22747745653518445, "rel_loisirs": 0.7368130894740097, "rel_pc1": 0.66225957614912956, "q_revenu": 1, "q_population": 4 }, "geometry": { "type": "Polygon", "coordinates": [ [ [ 4.884156109771628, 45.730658141069178 ], [ 4.883987443983266, 45.732455205886694 ], [ 4.886548740170124, 45.732578861543239 ], [ 4.88671732220541, 45.730781792017076 ], [ 4.884156109771628, 45.730658141069178 ] ] ] } },
{ "type": "Feature", "properties": { "idcar_200m": "CRS3035RES200mN2526800E3922800", "population": 176.5, "median_education": 18.813, "median_healthcare": 43.7425, "median_services": 6.6515, "median_commerce": 29.4325, "median_entertainment": 23.664, "PC1_pos": 1.1909556810386102, "nivvie": 19724.937110481587, "rel_education": 0.92554301009546802, "rel_sante": 0.91329890569645933, "rel_services": 0.52511648794411425, "rel_commerce": 0.17822579565223381, "rel_loisirs": 0.61482932928921918, "rel_pc1": 0.56810781838963065, "q_revenu": 1, "q_population": 2 }, "geometry": { "type": "Polygon", "coordinates": [ [ [ 4.88671732220541, 45.730781792017076 ], [ 4.886548740170124, 45.732578861543239 ], [ 4.889110046829363, 45.732702455379389 ], [ 4.8892785451102, 45.730905381146862 ], [ 4.88671732220541, 45.730781792017076 ] ] ] } },
{ "type": "Feature", "properties": { "idcar_200m": "CRS3035RES200mN2527000E3918000", "population": 1.0, "median_education": 15.771, "median_healthcare": 26.4715, "median_services": 4.599, "median_commerce": 37.7705, "median_entertainment": 31.7775, "PC1_pos": 0.99860254988820185, "nivvie": 22556.3, "rel_education": 0.7758857604962327, "rel_sante": 0.55269799353360738, "rel_services": 0.36307761077275519, "rel_commerce": 0.22871578746904603, "rel_loisirs": 0.82563129696958082, "rel_pc1": 0.47635182827337863, "q_revenu": 2, "q_population": 1 }, "geometry": { "type": "Polygon", "coordinates": [ [ [ 4.825080533886869, 45.729594064290829 ], [ 4.824909927547017, 45.731391017709612 ], [ 4.827471065178695, 45.731516099885546 ], [ 4.827641587790159, 45.729719141704152 ], [ 4.825080533886869, 45.729594064290829 ] ] ] } },
{ "type": "Feature", "properties": { "idcar_200m": "CRS3035RES200mN2527000E3918200", "population": 815.5, "median_education": 16.752, "median_healthcare": 28.08, "median_services": 6.013, "median_commerce": 45.093, "median_entertainment": 33.655, "PC1_pos": 1.1404024100490846, "nivvie": 24148.734396076026, "rel_education": 0.82414800962734691, "rel_sante": 0.586281837388274, "rel_services": 0.47470877877290213, "rel_commerce": 0.27305651247247703, "rel_loisirs": 0.87441181022771597, "rel_pc1": 0.54399297603943231, "q_revenu": 2, "q_population": 5 }, "geometry": { "type": "Polygon", "coordinates": [ [ [ 4.827641587790159, 45.729719141704152 ], [ 4.827471065178695, 45.731516099885546 ], [ 4.830032213402363, 45.731641120248142 ], [ 4.830202652284046, 45.729844157306474 ], [ 4.827641587790159, 45.729719141704152 ] ] ] } },
{ "type": "Feature", "properties": { "idcar_200m": "CRS3035RES200mN2527000E3918400", "population": 216.5, "median_education": 16.6235, "median_healthcare": 28.88, "median_services": 6.329, "median_commerce": 50.941, "median_entertainment": 32.526, "PC1_pos": 1.1584608159435288, "nivvie": 21050.313163972285, "rel_education": 0.81782619615808283, "rel_sante": 0.60298502363865225, "rel_services": 0.49965605535567897, "rel_commerce": 0.3084685383953264, "rel_loisirs": 0.84507854819392914, "rel_pc1": 0.55260716860732062, "q_revenu": 1, "q_population": 2 }, "geometry": { "type": "Polygon", "coordinates": [ [ [ 4.830202652284046, 45.729844157306474 ], [ 4.830032213402363, 45.731641120248142 ], [ 4.832593372212878, 45.731766078797008 ], [ 4.832763727363396, 45.729969111097397 ], [ 4.830202652284046, 45.729844157306474 ] ] ] } },
{ "type": "Feature", "properties": { "idcar_200m": "CRS3035RES200mN2527000E3918600", "population": 748.0, "median_education": 15.6795, "median_healthcare": 30.0375, "median_services": 5.856, "median_commerce": 52.7005, "median_entertainment": 28.911, "PC1_pos": 1.1120435647187852, "nivvie": 24084.61483957219, "rel_education": 0.77138423573018078, "rel_sante": 0.62715244624466815, "rel_services": 0.46231408755930731, "rel_commerce": 0.31912302875292786, "rel_loisirs": 0.7511549500963749, "rel_pc1": 0.53046528394379089, "q_revenu": 2, "q_population": 4 }, "geometry": { "type": "Polygon", "coordinates": [ [ [ 4.832763727363396, 45.729969111097397 ], [ 4.832593372212878, 45.731766078797008 ], [ 4.835154541605111, 45.731890975531705 ], [ 4.83532481302307, 45.730094003076452 ], [ 4.832763727363396, 45.729969111097397 ] ] ] } },
{ "type": "Feature", "properties": { "idcar_200m": "CRS3035RES200mN2527000E3918800", "population": 751.5, "median_education": 13.648, "median_healthcare": 29.1515, "median_services": 5.2845, "median_commerce": 48.2675, "median_entertainment": 24.6255, "PC1_pos": 1.0048309887432743, "nivvie": 18349.817831004657, "rel_education": 0.67144054652543173, "rel_sante": 0.60865366747237426, "rel_services": 0.41719583260026627, "rel_commerce": 0.29227940513528228, "rel_loisirs": 0.63981066803632802, "rel_pc1": 0.47932290844560016, "q_revenu": 1, "q_population": 4 }, "geometry": { "type": "Polygon", "coordinates": [ [ [ 4.83532481302307, 45.730094003076452 ], [ 4.835154541605111, 45.731890975531705 ], [ 4.83771572157391, 45.732015810451848 ], [ 4.837885909257926, 45.730218833243299 ], [ 4.83532481302307, 45.730094003076452 ] ] ] } },
{ "type": "Feature", "properties": { "idcar_200m": "CRS3035RES200mN2527000E3919000", "population": 281.5, "median_education": 12.852, "median_healthcare": 30.089, "median_services": 5.46, "median_commerce": 49.576, "median_entertainment": 23.162, "PC1_pos": 0.98823969075031282, "nivvie": 25136.539253996449, "rel_education": 0.63227974091037875, "rel_sante": 0.62822771385953624, "rel_services": 0.43105104475304268, "rel_commerce": 0.30020290648959974, "rel_loisirs": 0.60178655024496674, "rel_pc1": 0.47140855339687687, "q_revenu": 2, "q_population": 3 }, "geometry": { "type": "Polygon", "coordinates": [ [ [ 4.837885909257926, 45.730218833243299 ], [ 4.83771572157391, 45.732015810451848 ], [ 4.840276912114143, 45.732140583557019 ], [ 4.84044701606283, 45.730343601597475 ], [ 4.837885909257926, 45.730218833243299 ] ] ] } },
{ "type": "Feature", "properties": { "idcar_200m": "CRS3035RES200mN2527000E3919800", "population": 553.0, "median_education": 11.105, "median_healthcare": 24.534, "median_services": 4.811, "median_commerce": 50.071, "median_entertainment": 19.055, "PC1_pos": 0.71237176209109299, "nivvie": 15333.559132007233, "rel_education": 0.54633259592357264, "rel_sante": 0.51224496433347277, "rel_services": 0.37981439126499789, "rel_commerce": 0.30320033344442365, "rel_loisirs": 0.49507998941878256, "rel_pc1": 0.33981446504458762, "q_revenu": 1, "q_population": 4 }, "geometry": { "type": "Polygon", "coordinates": [ [ [ 4.848130399846434, 45.730717535780073 ], [ 4.847960547112054, 45.732514531978566 ], [ 4.850521779886625, 45.732639057819753 ], [ 4.850691548880137, 45.730842056879546 ], [ 4.848130399846434, 45.730717535780073 ] ] ] } },
{ "type": "Feature", "properties": { "idcar_200m": "CRS3035RES200mN2527000E3920000", "population": 620.5, "median_education": 13.33, "median_healthcare": 29.594, "median_services": 5.8875, "median_commerce": 59.8965, "median_entertainment": 22.846, "PC1_pos": 1.0505716794411386, "nivvie": 20988.539242546332, "rel_education": 0.65579590307620195, "rel_sante": 0.61789261736711476, "rel_services": 0.46480092050980565, "rel_commerce": 0.36269774464568161, "rel_loisirs": 0.59357635467129399, "rel_pc1": 0.50114206126355976, "q_revenu": 1, "q_population": 4 }, "geometry": { "type": "Polygon", "coordinates": [ [ [ 4.850691548880137, 45.730842056879546 ], [ 4.850521779886625, 45.732639057819753 ], [ 4.853083023206933, 45.732763521843886 ], [ 4.853252708458188, 45.730966516164337 ], [ 4.850691548880137, 45.730842056879546 ] ] ] } },
{ "type": "Feature", "properties": { "idcar_200m": "CRS3035RES200mN2527000E3920200", "population": 607.0, "median_education": 15.585, "median_healthcare": 34.0515, "median_services": 6.9685, "median_commerce": 71.0915, "median_entertainment": 27.007, "PC1_pos": 1.2328931588673884, "nivvie": 23031.687314662271, "rel_education": 0.76673511998819266, "rel_sante": 0.71096068325594075, "rel_services": 0.55014271160468464, "rel_commerce": 0.43048803708861905, "rel_loisirs": 0.70168592360184001, "rel_pc1": 0.58811276854637651, "q_revenu": 2, "q_population": 4 }, "geometry": { "type": "Polygon", "coordinates": [ [ [ 4.853252708458188, 45.730966516164337 ], [ 4.853083023206933, 45.732763521843886 ], [ 4.855644277067836, 45.732887924050608 ], [ 4.855813878575454, 45.731090913634013 ], [ 4.853252708458188, 45.730966516164337 ] ] ] } },
{ "type": "Feature", "properties": { "idcar_200m": "CRS3035RES200mN2527000E3920400", "population": 122.0, "median_education": 15.4955, "median_healthcare": 34.2085, "median_services": 7.066, "median_commerce": 70.774, "median_entertainment": 26.5605, "PC1_pos": 1.2374259750693934, "nivvie": 27347.718032786885, "rel_education": 0.76233198920609813, "rel_sante": 0.71423868355757736, "rel_services": 0.55784005168956041, "rel_commerce": 0.42856544505193905, "rel_loisirs": 0.69008512510929276, "rel_pc1": 0.59027500544963107, "q_revenu": 3, "q_population": 2 }, "geometry": { "type": "Polygon", "coordinates": [ [ [ 4.855813878575454, 45.731090913634013 ], [ 4.855644277067836, 45.732887924050608 ], [ 4.858205541464193, 45.733012264439452 ], [ 4.858375059226791, 45.73121524928824 ], [ 4.855813878575454, 45.731090913634013 ] ] ] } },
{ "type": "Feature", "properties": { "idcar_200m": "CRS3035RES200mN2527000E3920600", "population": 477.0, "median_education": 17.346, "median_healthcare": 40.522, "median_services": 8.3785, "median_commerce": 79.8865, "median_entertainment": 29.4705, "PC1_pos": 1.4320231477009593, "nivvie": 23532.083438155139, "rel_education": 0.85337102286270061, "rel_sante": 0.84605814154728076, "rel_services": 0.66145809129365729, "rel_commerce": 0.48374535035665256, "rel_loisirs": 0.76569167295545693, "rel_pc1": 0.68310144472745427, "q_revenu": 2, "q_population": 4 }, "geometry": { "type": "Polygon", "coordinates": [ [ [ 4.858375059226791, 45.73121524928824 ], [ 4.858205541464193, 45.733012264439452 ], [ 4.860766816390864, 45.733136543010076 ], [ 4.860936250407061, 45.731339523126444 ], [ 4.858375059226791, 45.73121524928824 ] ] ] } },
{ "type": "Feature", "properties": { "idcar_200m": "CRS3035RES200mN2527000E3920800", "population": 365.5, "median_education": 18.704, "median_healthcare": 47.145, "median_services": 9.251, "median_commerce": 84.506, "median_entertainment": 31.809, "PC1_pos": 1.5558305692451488, "nivvie": 18699.146648426813, "rel_education": 0.9201805379697886, "rel_sante": 0.98433964471759905, "rel_services": 0.73033941666857105, "rel_commerce": 0.511718307564348, "rel_loisirs": 0.82644971836379189, "rel_pc1": 0.74215986753339469, "q_revenu": 1, "q_population": 3 }, "geometry": { "type": "Polygon", "coordinates": [ [ [ 4.860936250407061, 45.731339523126444 ], [ 4.860766816390864, 45.733136543010076 ], [ 4.863328101842707, 45.733260759762018 ], [ 4.863497452111122, 45.731463735148367 ], [ 4.860936250407061, 45.731339523126444 ] ] ] } },
{ "type": "Feature", "properties": { "idcar_200m": "CRS3035RES200mN2527000E3921000", "population": 1182.5, "median_education": 19.606, "median_healthcare": 54.6155, "median_services": 10.003, "median_commerce": 89.1745, "median_entertainment": 33.76, "PC1_pos": 1.7182475722642494, "nivvie": 15807.358224101481, "rel_education": 0.96455622473458491, "rel_sante": 1.1403160858219117, "rel_services": 0.78970761916935639, "rel_commerce": 0.53998797976353097, "rel_loisirs": 0.87713988154175293, "rel_pc1": 0.81963577257639009, "q_revenu": 1, "q_population": 5 }, "geometry": { "type": "Polygon", "coordinates": [ [ [ 4.863497452111122, 45.731463735148367 ], [ 4.863328101842707, 45.733260759762018 ], [ 4.86588939781458, 45.733384914694916 ], [ 4.866058664333834, 45.731587885353541 ], [ 4.863497452111122, 45.731463735148367 ] ] ] } },
{ "type": "Feature", "properties": { "idcar_200m": "CRS3035RES200mN2527000E3921200", "population": 682.0, "median_education": 18.977, "median_healthcare": 57.449, "median_services": 10.083, "median_commerce": 82.005, "median_entertainment": 33.232, "PC1_pos": 1.7208274986229468, "nivvie": 18300.83211143695, "rel_education": 0.93361131677997633, "rel_sante": 1.19947668362247, "rel_services": 0.79602338539284423, "rel_commerce": 0.49657373218250012, "rel_loisirs": 0.86342158007688175, "rel_pc1": 0.82086644501750672, "q_revenu": 1, "q_population": 4 }, "geometry": { "type": "Polygon", "coordinates": [ [ [ 4.866058664333834, 45.731587885353541 ], [ 4.86588939781458, 45.733384914694916 ], [ 4.868450704301349, 45.733509007808316 ], [ 4.868619887070062, 45.731711973741561 ], [ 4.866058664333834, 45.731587885353541 ] ] ] } },
{ "type": "Feature", "properties": { "idcar_200m": "CRS3035RES200mN2527000E3921400", "population": 77.0, "median_education": 19.859, "median_healthcare": 63.7585, "median_services": 11.182, "median_commerce": 77.327, "median_entertainment": 34.86, "PC1_pos": 1.8269079490057643, "nivvie": 32938.859740259744, "rel_education": 0.97700306370519852, "rel_sante": 1.3312126256809211, "rel_services": 0.88278622388800787, "rel_commerce": 0.46824653360741647, "rel_loisirs": 0.90571967626023409, "rel_pc1": 0.87146877573414239, "q_revenu": 5, "q_population": 1 }, "geometry": { "type": "Polygon", "coordinates": [ [ [ 4.868619887070062, 45.731711973741561 ], [ 4.868450704301349, 45.733509007808316 ], [ 4.871012021297863, 45.733633039101839 ], [ 4.871181120314654, 45.731836000312015 ], [ 4.868619887070062, 45.731711973741561 ] ] ] } },
{ "type": "Feature", "properties": { "idcar_200m": "CRS3035RES200mN2527000E3921600", "population": 667.5, "median_education": 21.377, "median_healthcare": 69.806, "median_services": 12.717, "median_commerce": 78.55, "median_entertainment": 36.8875, "PC1_pos": 1.9632430046683909, "nivvie": 25707.892434456928, "rel_education": 1.0516840975288801, "rel_sante": 1.4574782742423738, "rel_services": 1.0039699883011801, "rel_commerce": 0.47565229757862804, "rel_loisirs": 0.95839743425270763, "rel_pc1": 0.93650311099586969, "q_revenu": 2, "q_population": 4 }, "geometry": { "type": "Polygon", "coordinates": [ [ [ 4.871181120314654, 45.731836000312015 ], [ 4.871012021297863, 45.733633039101839 ], [ 4.87357334879899, 45.733757008575068 ], [ 4.873742364062482, 45.73195996506449 ], [ 4.871181120314654, 45.731836000312015 ] ] ] } },
{ "type": "Feature", "properties": { "idcar_200m": "CRS3035RES200mN2527000E3921800", "population": 915.5, "median_education": 22.7545, "median_healthcare": 78.233, "median_services": 12.423, "median_commerce": 72.7775, "median_entertainment": 38.0515, "PC1_pos": 2.0407761189591871, "nivvie": 23147.034298197705, "rel_education": 1.1194529539795528, "rel_sante": 1.633425462407295, "rel_services": 0.98075954742986249, "rel_commerce": 0.44069745495898915, "rel_loisirs": 0.98864005339117322, "rel_pc1": 0.97348783604817846, "q_revenu": 2, "q_population": 5 }, "geometry": { "type": "Polygon", "coordinates": [ [ [ 4.873742364062482, 45.73195996506449 ], [ 4.87357334879899, 45.733757008575068 ], [ 4.876134686799581, 45.733880916227591 ], [ 4.876303618308397, 45.732083867998654 ], [ 4.873742364062482, 45.73195996506449 ] ] ] } },
{ "type": "Feature", "properties": { "idcar_200m": "CRS3035RES200mN2527000E3922000", "population": 31.0, "median_education": 22.574, "median_healthcare": 78.65, "median_services": 10.8685, "median_commerce": 63.819, "median_entertainment": 37.784, "PC1_pos": 1.9201120318176543, "nivvie": 24024.245161290321, "rel_education": 1.1105728969273956, "rel_sante": 1.6421319982403046, "rel_services": 0.85803631499971522, "rel_commerce": 0.38645008248466528, "rel_loisirs": 0.98168996694826993, "rel_pc1": 0.9159288417082958, "q_revenu": 2, "q_population": 1 }, "geometry": { "type": "Polygon", "coordinates": [ [ [ 4.876303618308397, 45.732083867998654 ], [ 4.876134686799581, 45.733880916227591 ], [ 4.878696035294498, 45.734004762059016 ], [ 4.878864883047258, 45.732207709113986 ], [ 4.876303618308397, 45.732083867998654 ] ] ] } },
{ "type": "Feature", "properties": { "idcar_200m": "CRS3035RES200mN2527000E3922200", "population": 436.0, "median_education": 21.8415, "median_healthcare": 72.0185, "median_services": 10.5215, "median_commerce": 56.8935, "median_entertainment": 36.354, "PC1_pos": 1.826542902444682, "nivvie": 20119.720871559635, "rel_education": 1.0745361003029907, "rel_sante": 1.5036730237160758, "rel_services": 0.8306416790053367, "rel_commerce": 0.34451335445308301, "rel_loisirs": 0.94453623381424412, "rel_pc1": 0.87129464179387162, "q_revenu": 1, "q_population": 3 }, "geometry": { "type": "Polygon", "coordinates": [ [ [ 4.878864883047258, 45.732207709113986 ], [ 4.878696035294498, 45.734004762059016 ], [ 4.881257394278595, 45.734128546068931 ], [ 4.88142615827393, 45.732331488410132 ], [ 4.878864883047258, 45.732207709113986 ] ] ] } },
{ "type": "Feature", "properties": { "idcar_200m": "CRS3035RES200mN2527000E3922400", "population": 754.0, "median_education": 21.559, "median_healthcare": 62.5965, "median_services": 9.2025, "median_commerce": 49.9905, "median_entertainment": 35.2925, "PC1_pos": 1.6538725698666772, "nivvie": 22196.421883289124, "rel_education": 1.0606379500690051, "rel_sante": 1.3069512476522469, "rel_services": 0.72651048339558166, "rel_commerce": 0.30271287310126543, "rel_loisirs": 0.91695673191090976, "rel_pc1": 0.78892770950302848, "q_revenu": 1, "q_population": 4 }, "geometry": { "type": "Polygon", "coordinates": [ [ [ 4.88142615827393, 45.732331488410132 ], [ 4.881257394278595, 45.734128546068931 ], [ 4.883818763746737, 45.734252268256903 ], [ 4.883987443983266, 45.732455205886694 ], [ 4.88142615827393, 45.732331488410132 ] ] ] } },
{ "type": "Feature", "properties": { "idcar_200m": "CRS3035RES200mN2527000E3922600", "population": 589.5, "median_education": 20.12, "median_healthcare": 54.3715, "median_services": 8.018, "median_commerce": 41.702, "median_entertainment": 31.184, "PC1_pos": 1.4443374862671827, "nivvie": 20463.202544529264, "rel_education": 0.98984347861164157, "rel_sante": 1.1352216140155462, "rel_services": 0.63299766974906535, "rel_commerce": 0.25252262397993558, "rel_loisirs": 0.810211198637382, "rel_pc1": 0.68897561127214679, "q_revenu": 1, "q_population": 4 }, "geometry": { "type": "Polygon", "coordinates": [ [ [ 4.883987443983266, 45.732455205886694 ], [ 4.883818763746737, 45.734252268256903 ], [ 4.886380143693775, 45.734375928622555 ], [ 4.886548740170124, 45.732578861543239 ], [ 4.883987443983266, 45.732455205886694 ] ] ] } },
{ "type": "Feature", "properties": { "idcar_200m": "CRS3035RES200mN2527000E3922800", "population": 25.0, "median_education": 20.115, "median_healthcare": 44.98, "median_services": 5.758, "median_commerce": 31.709, "median_entertainment": 25.816, "PC1_pos": 1.2205632915435887, "nivvie": 36394.464, "rel_education": 0.98959749365174809, "rel_sante": 0.93913664692751297, "rel_services": 0.45457727393553476, "rel_commerce": 0.1920109319404292, "rel_loisirs": 0.67074180041119336, "rel_pc1": 0.58223119449800487, "q_revenu": 5, "q_population": 1 }, "geometry": { "type": "Polygon", "coordinates": [ [ [ 4.886548740170124, 45.732578861543239 ], [ 4.886380143693775, 45.734375928622555 ], [ 4.88894153411457, 45.734499527165468 ], [ 4.889110046829363, 45.732702455379389 ], [ 4.886548740170124, 45.732578861543239 ] ] ] } },
{ "type": "Feature", "properties": { "idcar_200m": "CRS3035RES200mN2527000E3923000", "population": 130.0, "median_education": 16.054, "median_healthcare": 38.187, "median_services": 4.565, "median_commerce": 25.932, "median_entertainment": 20.852, "PC1_pos": 0.91300740777150091, "nivvie": 32568.617692307689, "rel_education": 0.78980850922620749, "rel_sante": 0.79730571667898931, "rel_services": 0.36039341012777293, "rel_commerce": 0.15702883998483741, "rel_loisirs": 0.54176898133615603, "rel_pc1": 0.43552136730251995, "q_revenu": 5, "q_population": 2 }, "geometry": { "type": "Polygon", "coordinates": [ [ [ 4.889110046829363, 45.732702455379389 ], [ 4.88894153411457, 45.734499527165468 ], [ 4.891502935003977, 45.734623063885259 ], [ 4.891671363955846, 45.732825987394719 ], [ 4.889110046829363, 45.732702455379389 ] ] ] } },
{ "type": "Feature", "properties": { "idcar_200m": "CRS3035RES200mN2527200E3917000", "population": 8.5, "median_education": 4.0695, "median_healthcare": 5.966, "median_services": 1.036, "median_commerce": 11.343, "median_entertainment": 9.8885, "PC1_pos": 0.2069195831965438, "nivvie": 29639.929411764704, "rel_education": 0.20020715885735962, "rel_sante": 0.12456401146219524, "rel_services": 0.081789172594167084, "rel_commerce": 0.068686492825389897, "rel_loisirs": 0.2569193637033656, "rel_pc1": 0.098704456314751138, "q_revenu": 4, "q_population": 1 }, "geometry": { "type": "Polygon", "coordinates": [ [ [ 4.812104398448293, 45.730764679644345 ], [ 4.811933358838654, 45.732561606756562 ], [ 4.814494527161846, 45.73268700276769 ], [ 4.814665483042955, 45.730890070880783 ], [ 4.812104398448293, 45.730764679644345 ] ] ] } },
{ "type": "Feature", "properties": { "idcar_200m": "CRS3035RES200mN2527200E3918000", "population": 604.0, "median_education": 16.932, "median_healthcare": 26.969, "median_services": 4.657, "median_commerce": 42.447, "median_entertainment": 31.276, "PC1_pos": 1.0456325523734953, "nivvie": 21863.760596026492, "rel_education": 0.83300346818351489, "rel_sante": 0.56308528748306141, "rel_services": 0.36765654128478387, "rel_commerce": 0.2570339029321454, "rel_loisirs": 0.81260150874110959, "rel_pc1": 0.49878600658594069, "q_revenu": 1, "q_population": 4 }, "geometry": { "type": "Polygon", "coordinates": [ [ [ 4.824909927547017, 45.731391017709612 ], [ 4.824739306593947, 45.733187968671878 ], [ 4.827300527961112, 45.733313055610843 ], [ 4.827471065178695, 45.731516099885546 ], [ 4.824909927547017, 45.731391017709612 ] ] ] } },
{ "type": "Feature", "properties": { "idcar_200m": "CRS3035RES200mN2527200E3918200", "population": 651.5, "median_education": 18.184, "median_healthcare": 27.633, "median_services": 5.7315, "median_commerce": 50.468, "median_entertainment": 32.954, "PC1_pos": 1.1646512508326023, "nivvie": 19622.247582501921, "rel_education": 0.89459810214085955, "rel_sante": 0.57694893207087528, "rel_services": 0.45248517637400448, "rel_commerce": 0.30560433041627239, "rel_loisirs": 0.85619868650257469, "rel_pc1": 0.55556012018705336, "q_revenu": 1, "q_population": 4 }, "geometry": { "type": "Polygon", "coordinates": [ [ [ 4.827471065178695, 45.731516099885546 ], [ 4.827300527961112, 45.733313055610843 ], [ 4.829861759921658, 45.733438080734182 ], [ 4.830032213402363, 45.731641120248142 ], [ 4.827471065178695, 45.731516099885546 ] ] ] } },
{ "type": "Feature", "properties": { "idcar_200m": "CRS3035RES200mN2527200E3918400", "population": 268.0, "median_education": 16.4105, "median_healthcare": 27.3745, "median_services": 6.0865, "median_commerce": 52.917, "median_entertainment": 30.4455, "PC1_pos": 1.0817429590959502, "nivvie": 21605.686194029851, "rel_education": 0.80734723686661758, "rel_sante": 0.57155171501372171, "rel_services": 0.48051138899073159, "rel_commerce": 0.32043402458266396, "rel_loisirs": 0.79102376372865624, "rel_pc1": 0.51601133638693353, "q_revenu": 1, "q_population": 3 }, "geometry": { "type": "Polygon", "coordinates": [ [ [ 4.830032213402363, 45.731641120248142 ], [ 4.829861759921658, 45.733438080734182 ], [ 4.83242300247044, 45.733563044041404 ], [ 4.832593372212878, 45.731766078797008 ], [ 4.830032213402363, 45.731641120248142 ] ] ] } },
{ "type": "Feature", "properties": { "idcar_200m": "CRS3035RES200mN2527200E3918600", "population": 316.5, "median_education": 15.732, "median_healthcare": 28.233, "median_services": 6.2155, "median_commerce": 57.3945, "median_entertainment": 29.329, "PC1_pos": 1.1110584679260527, "nivvie": 26121.316271721957, "rel_education": 0.77396707780906293, "rel_sante": 0.58947632175865883, "rel_services": 0.4906955620261057, "rel_commerce": 0.34754711385584414, "rel_loisirs": 0.76201527208939779, "rel_pc1": 0.52999537461069635, "q_revenu": 3, "q_population": 3 }, "geometry": { "type": "Polygon", "coordinates": [ [ [ 4.832593372212878, 45.731766078797008 ], [ 4.83242300247044, 45.733563044041404 ], [ 4.834984255602324, 45.733687945532147 ], [ 4.835154541605111, 45.731890975531705 ], [ 4.832593372212878, 45.731766078797008 ] ] ] } },
{ "type": "Feature", "properties": { "idcar_200m": "CRS3035RES200mN2527200E3918800", "population": 801.5, "median_education": 14.697, "median_healthcare": 28.493, "median_services": 5.854, "median_commerce": 56.149, "median_entertainment": 26.165, "PC1_pos": 1.0598104233807102, "nivvie": 19945.274984404241, "rel_education": 0.7230481911110983, "rel_sante": 0.59490485729003173, "rel_services": 0.46215619340372016, "rel_commerce": 0.34000510320486799, "rel_loisirs": 0.67980938982642058, "rel_pc1": 0.50554911246431744, "q_revenu": 1, "q_population": 4 }, "geometry": { "type": "Polygon", "coordinates": [ [ [ 4.835154541605111, 45.731890975531705 ], [ 4.834984255602324, 45.733687945532147 ], [ 4.837545519312169, 45.73381278520602 ], [ 4.83771572157391, 45.732015810451848 ], [ 4.835154541605111, 45.731890975531705 ] ] ] } },
{ "type": "Feature", "properties": { "idcar_200m": "CRS3035RES200mN2527200E3919000", "population": 751.0, "median_education": 13.152, "median_healthcare": 29.823, "median_services": 6.007, "median_commerce": 57.413, "median_entertainment": 23.75, "PC1_pos": 1.0492314357765378, "nivvie": 22695.8620505992, "rel_education": 0.64703883850399158, "rel_sante": 0.62267390443128545, "rel_services": 0.47423509630614052, "rel_commerce": 0.34765913890365074, "rel_loisirs": 0.61706374960357313, "rel_pc1": 0.5005027403244775, "q_revenu": 2, "q_population": 4 }, "geometry": { "type": "Polygon", "coordinates": [ [ [ 4.83771572157391, 45.732015810451848 ], [ 4.837545519312169, 45.73381278520602 ], [ 4.840106793594833, 45.733937563062582 ], [ 4.840276912114143, 45.732140583557019 ], [ 4.83771572157391, 45.732015810451848 ] ] ] } },
{ "type": "Feature", "properties": { "idcar_200m": "CRS3035RES200mN2527200E3919200", "population": 110.0, "median_education": 11.33, "median_healthcare": 26.7595, "median_services": 5.3485, "median_commerce": 52.385, "median_entertainment": 20.1905, "PC1_pos": 0.89732941682231271, "nivvie": 24782.553636363635, "rel_education": 0.55740191911878234, "rel_sante": 0.55871114058374349, "rel_services": 0.42224844557905655, "rel_commerce": 0.31721254753222694, "rel_loisirs": 0.52458213205772397, "rel_pc1": 0.42804267655299666, "q_revenu": 2, "q_population": 2 }, "geometry": { "type": "Polygon", "coordinates": [ [ [ 4.840276912114143, 45.732140583557019 ], [ 4.840106793594833, 45.733937563062582 ], [ 4.842668078445177, 45.734062279101437 ], [ 4.842838113220673, 45.732265294846798 ], [ 4.840276912114143, 45.732140583557019 ] ] ] } },
{ "type": "Feature", "properties": { "idcar_200m": "CRS3035RES200mN2527200E3920000", "population": 199.0, "median_education": 14.072, "median_healthcare": 32.24, "median_services": 6.682, "median_commerce": 67.541, "median_entertainment": 24.0845, "PC1_pos": 1.1640650890929356, "nivvie": 23804.685427135679, "rel_education": 0.69230007112440461, "rel_sante": 0.67313840589024054, "rel_services": 0.52752437381681894, "rel_commerce": 0.40898831102174549, "rel_loisirs": 0.62575460536114758, "rel_pc1": 0.55528051022973313, "q_revenu": 2, "q_population": 2 }, "geometry": { "type": "Polygon", "coordinates": [ [ [ 4.850521779886625, 45.732639057819753 ], [ 4.85035199635089, 45.734436056307636 ], [ 4.852913323420553, 45.734560525071544 ], [ 4.853083023206933, 45.732763521843886 ], [ 4.850521779886625, 45.732639057819753 ] ] ] } },
{ "type": "Feature", "properties": { "idcar_200m": "CRS3035RES200mN2527200E3920200", "population": 621.5, "median_education": 16.918, "median_healthcare": 37.823, "median_services": 8.017, "median_commerce": 81.186, "median_entertainment": 28.428, "PC1_pos": 1.3945399612758038, "nivvie": 22333.574255832664, "rel_education": 0.83231471029581283, "rel_sante": 0.78970576693506722, "rel_services": 0.63291872267127158, "rel_commerce": 0.4916143530390642, "rel_loisirs": 0.73860582205180536, "rel_pc1": 0.66522127369731454, "q_revenu": 2, "q_population": 4 }, "geometry": { "type": "Polygon", "coordinates": [ [ [ 4.853083023206933, 45.732763521843886 ], [ 4.852913323420553, 45.734560525071544 ], [ 4.855474661032193, 45.734684932015682 ], [ 4.855644277067836, 45.732887924050608 ], [ 4.853083023206933, 45.732763521843886 ] ] ] } },
{ "type": "Feature", "properties": { "idcar_200m": "CRS3035RES200mN2527200E3920400", "population": 837.0, "median_education": 17.924, "median_healthcare": 38.874, "median_services": 8.215, "median_commerce": 84.472, "median_entertainment": 29.247, "PC1_pos": 1.4478086913840662, "nivvie": 24708.384707287933, "rel_education": 0.88180688422639486, "rel_sante": 0.8116495778715016, "rel_services": 0.64855024407440398, "rel_commerce": 0.51151242369270344, "rel_loisirs": 0.75988477830129275, "rel_pc1": 0.6906314401140865, "q_revenu": 2, "q_population": 5 }, "geometry": { "type": "Polygon", "coordinates": [ [ [ 4.855644277067836, 45.732887924050608 ], [ 4.855474661032193, 45.734684932015682 ], [ 4.858036009180672, 45.734809277139675 ], [ 4.858205541464193, 45.733012264439452 ], [ 4.855644277067836, 45.732887924050608 ] ] ] } },
{ "type": "Feature", "properties": { "idcar_200m": "CRS3035RES200mN2527200E3920600", "population": 245.0, "median_education": 17.988, "median_healthcare": 39.88, "median_services": 8.379, "median_commerce": 85.608, "median_entertainment": 29.819, "PC1_pos": 1.4416955062063852, "nivvie": 23001.949387755099, "rel_education": 0.88495549171303234, "rel_sante": 0.83265383458135223, "rel_services": 0.66149756483255395, "rel_commerce": 0.51839136716882472, "rel_loisirs": 0.77474627155490305, "rel_pc1": 0.68771533807099827, "q_revenu": 2, "q_population": 2 }, "geometry": { "type": "Polygon", "coordinates": [ [ [ 4.858205541464193, 45.733012264439452 ], [ 4.858036009180672, 45.734809277139675 ], [ 4.860597367860843, 45.734933560443054 ], [ 4.860766816390864, 45.733136543010076 ], [ 4.858205541464193, 45.733012264439452 ] ] ] } },
{ "type": "Feature", "properties": { "idcar_200m": "CRS3035RES200mN2527200E3920800", "population": 1.0, "median_education": 21.215, "median_healthcare": 51.92, "median_services": 10.338, "median_commerce": 96.8715, "median_entertainment": 34.945, "PC1_pos": 1.7788822815521761, "nivvie": 28348.8, "rel_education": 1.0437141848283289, "rel_sante": 1.0840367876495438, "rel_services": 0.8161548902302117, "rel_commerce": 0.5865964550590459, "rel_loisirs": 0.90792811494302583, "rel_pc1": 0.84855964687388941, "q_revenu": 3, "q_population": 1 }, "geometry": { "type": "Polygon", "coordinates": [ [ [ 4.860766816390864, 45.733136543010076 ], [ 4.860597367860843, 45.734933560443054 ], [ 4.86315873706757, 45.73505778192547 ], [ 4.863328101842707, 45.733260759762018 ], [ 4.860766816390864, 45.733136543010076 ] ] ] } },
{ "type": "Feature", "properties": { "idcar_200m": "CRS3035RES200mN2527200E3921000", "population": 560.5, "median_education": 22.002, "median_healthcare": 56.125, "median_services": 10.8885, "median_commerce": 100.242, "median_entertainment": 36.3945, "PC1_pos": 1.8847320315005531, "nivvie": 19691.78055307761, "rel_education": 1.0824322175155736, "rel_sante": 1.171832910378094, "rel_services": 0.85961525655558713, "rel_commerce": 0.60700620768780167, "rel_loisirs": 0.94558848989251543, "rel_pc1": 0.8990519292297019, "q_revenu": 1, "q_population": 4 }, "geometry": { "type": "Polygon", "coordinates": [ [ [ 4.863328101842707, 45.733260759762018 ], [ 4.86315873706757, 45.73505778192547 ], [ 4.865720116795709, 45.735181941586511 ], [ 4.86588939781458, 45.733384914694916 ], [ 4.863328101842707, 45.733260759762018 ] ] ] } },
{ "type": "Feature", "properties": { "idcar_200m": "CRS3035RES200mN2527200E3921200", "population": 452.5, "median_education": 21.7555, "median_healthcare": 62.727, "median_services": 11.2455, "median_commerce": 92.9695, "median_entertainment": 36.8855, "PC1_pos": 1.9185578623603705, "nivvie": 30054.397790055249, "rel_education": 1.0703051589928214, "rel_sante": 1.30967595490934, "rel_services": 0.88779936332790133, "rel_commerce": 0.5629682530838479, "rel_loisirs": 0.958345470989583, "rel_pc1": 0.91518747422179514, "q_revenu": 4, "q_population": 3 }, "geometry": { "type": "Polygon", "coordinates": [ [ [ 4.86588939781458, 45.733384914694916 ], [ 4.865720116795709, 45.735181941586511 ], [ 4.868281507040121, 45.735306039425708 ], [ 4.868450704301349, 45.733509007808316 ], [ 4.86588939781458, 45.733384914694916 ] ] ] } },
{ "type": "Feature", "properties": { "idcar_200m": "CRS3035RES200mN2527200E3921400", "population": 135.0, "median_education": 23.0795, "median_healthcare": 70.7755, "median_services": 12.35, "median_commerce": 94.7125, "median_entertainment": 39.5855, "PC1_pos": 2.048214063406236, "nivvie": 23159.692592592593, "rel_education": 1.1354419763726333, "rel_sante": 1.4777204480795507, "rel_services": 0.97499641075093002, "rel_commerce": 0.57352282920962194, "rel_loisirs": 1.0284958762076732, "rel_pc1": 0.97703587268832548, "q_revenu": 2, "q_population": 2 }, "geometry": { "type": "Polygon", "coordinates": [ [ [ 4.868450704301349, 45.733509007808316 ], [ 4.868281507040121, 45.735306039425708 ], [ 4.870842907795658, 45.735430075442729 ], [ 4.871012021297863, 45.733633039101839 ], [ 4.868450704301349, 45.733509007808316 ] ] ] } },
{ "type": "Feature", "properties": { "idcar_200m": "CRS3035RES200mN2527200E3921600", "population": 441.5, "median_education": 23.297, "median_healthcare": 78.647, "median_services": 13.43, "median_commerce": 88.099, "median_entertainment": 40.833, "PC1_pos": 2.187745693699334, "nivvie": 22978.636466591168, "rel_education": 1.1461423221280029, "rel_sante": 1.6420693612918658, "rel_services": 1.0602592547680152, "rel_commerce": 0.53347538847077713, "rel_loisirs": 1.0609079615815873, "rel_pc1": 1.0435950329864077, "q_revenu": 2, "q_population": 3 }, "geometry": { "type": "Polygon", "coordinates": [ [ [ 4.871012021297863, 45.733633039101839 ], [ 4.870842907795658, 45.735430075442729 ], [ 4.873404319057184, 45.735554049637102 ], [ 4.87357334879899, 45.733757008575068 ], [ 4.871012021297863, 45.733633039101839 ] ] ] } },
{ "type": "Feature", "properties": { "idcar_200m": "CRS3035RES200mN2527200E3921800", "population": 375.5, "median_education": 24.278, "median_healthcare": 88.935, "median_services": 12.591, "median_commerce": 82.322, "median_entertainment": 40.95, "PC1_pos": 2.2258136160940696, "nivvie": 23629.17842876165, "rel_education": 1.1944045712591171, "rel_sante": 1.856872336471729, "rel_services": 0.99402265649918686, "rel_commerce": 0.49849329651518537, "rel_loisirs": 1.0639478124743713, "rel_pc1": 1.0617541338552483, "q_revenu": 2, "q_population": 3 }, "geometry": { "type": "Polygon", "coordinates": [ [ [ 4.87357334879899, 45.733757008575068 ], [ 4.873404319057184, 45.735554049637102 ], [ 4.875965740819555, 45.735677962008445 ], [ 4.876134686799581, 45.733880916227591 ], [ 4.87357334879899, 45.733757008575068 ] ] ] } },
{ "type": "Feature", "properties": { "idcar_200m": "CRS3035RES200mN2527200E3922000", "population": 298.0, "median_education": 23.197, "median_healthcare": 84.941, "median_services": 10.69, "median_commerce": 68.471, "median_entertainment": 38.616, "PC1_pos": 2.0300016541620027, "nivvie": 23686.976845637582, "rel_education": 1.1412226229301319, "rel_sante": 1.7734816791167161, "rel_services": 0.84394426161355796, "rel_commerce": 0.41461984045202083, "rel_loisirs": 1.0033066844080665, "rel_pc1": 0.96834821768311363, "q_revenu": 2, "q_population": 3 }, "geometry": { "type": "Polygon", "coordinates": [ [ [ 4.876134686799581, 45.733880916227591 ], [ 4.875965740819555, 45.735677962008445 ], [ 4.878527173077625, 45.73580181255636 ], [ 4.878696035294498, 45.734004762059016 ], [ 4.876134686799581, 45.733880916227591 ] ] ] } },
{ "type": "Feature", "properties": { "idcar_200m": "CRS3035RES200mN2527200E3922200", "population": 623.5, "median_education": 21.54, "median_healthcare": 71.823, "median_services": 8.699, "median_commerce": 55.619, "median_entertainment": 36.731, "PC1_pos": 1.7369941102385134, "nivvie": 18156.672012830793, "rel_education": 1.0597032072214096, "rel_sante": 1.4995911825761397, "rel_services": 0.6867606297265052, "rel_commerce": 0.33679573697041004, "rel_loisirs": 0.95433130891321449, "rel_pc1": 0.8285782168339545, "q_revenu": 1, "q_population": 4 }, "geometry": { "type": "Polygon", "coordinates": [ [ [ 4.878696035294498, 45.734004762059016 ], [ 4.878527173077625, 45.73580181255636 ], [ 4.881088615826259, 45.735925601280435 ], [ 4.881257394278595, 45.734128546068931 ], [ 4.878696035294498, 45.734004762059016 ] ] ] } },
{ "type": "Feature", "properties": { "idcar_200m": "CRS3035RES200mN2527200E3922400", "population": 136.5, "median_education": 23.105, "median_healthcare": 71.248, "median_services": 8.794, "median_commerce": 56.705, "median_entertainment": 39.51, "PC1_pos": 1.7841749175680153, "nivvie": 26007.739926739927, "rel_education": 1.1366964996680906, "rel_sante": 1.4875857674586805, "rel_services": 0.694260602116897, "rel_commerce": 0.34337191004705409, "rel_loisirs": 1.0265342630247232, "rel_pc1": 0.85108433183770493, "q_revenu": 3, "q_population": 2 }, "geometry": { "type": "Polygon", "coordinates": [ [ [ 4.881257394278595, 45.734128546068931 ], [ 4.881088615826259, 45.735925601280435 ], [ 4.883650069060306, 45.736049328180258 ], [ 4.883818763746737, 45.734252268256903 ], [ 4.881257394278595, 45.734128546068931 ] ] ] } },
{ "type": "Feature", "properties": { "idcar_200m": "CRS3035RES200mN2527200E3922600", "population": 174.0, "median_education": 21.1965, "median_healthcare": 59.434, "median_services": 7.437, "median_commerce": 46.058, "median_entertainment": 34.523, "PC1_pos": 1.5161061668221418, "nivvie": 25429.146551724138, "rel_education": 1.0428040404767229, "rel_sante": 1.2409214645062208, "rel_services": 0.58712941755098502, "rel_commerce": 0.27889998118238635, "rel_loisirs": 0.89696386642375381, "rel_pc1": 0.72321059514931618, "q_revenu": 2, "q_population": 2 }, "geometry": { "type": "Polygon", "coordinates": [ [ [ 4.883818763746737, 45.734252268256903 ], [ 4.883650069060306, 45.736049328180258 ], [ 4.886211532774627, 45.736172993255444 ], [ 4.886380143693775, 45.734375928622555 ], [ 4.883818763746737, 45.734252268256903 ] ] ] } },
{ "type": "Feature", "properties": { "idcar_200m": "CRS3035RES200mN2527200E3922800", "population": 67.0, "median_education": 18.449, "median_healthcare": 53.3415, "median_services": 5.458, "median_commerce": 39.6745, "median_entertainment": 28.3635, "PC1_pos": 1.303452107007824, "nivvie": 23791.780597014927, "rel_education": 0.90763530501521761, "rel_sante": 1.1137162617181844, "rel_services": 0.43089315059745553, "rel_commerce": 0.24024528428113653, "rel_loisirs": 0.73693000681603993, "rel_pc1": 0.62177068775708344, "q_revenu": 2, "q_population": 1 }, "geometry": { "type": "Polygon", "coordinates": [ [ [ 4.886380143693775, 45.734375928622555 ], [ 4.886211532774627, 45.736172993255444 ], [ 4.888773006964079, 45.736296596505532 ], [ 4.88894153411457, 45.734499527165468 ], [ 4.886380143693775, 45.734375928622555 ] ] ] } },
{ "type": "Feature", "properties": { "idcar_200m": "CRS3035RES200mN2527200E3923000", "population": 59.0, "median_education": 17.295, "median_healthcare": 47.2095, "median_services": 4.792, "median_commerce": 32.0455, "median_entertainment": 24.3345, "PC1_pos": 1.1011583445700417, "nivvie": 34723.632203389832, "rel_education": 0.8508619762717865, "rel_sante": 0.9856863391090358, "rel_services": 0.37831439678691953, "rel_commerce": 0.19404857672891054, "rel_loisirs": 0.6322500132517116, "rel_pc1": 0.52527283323395368, "q_revenu": 5, "q_population": 1 }, "geometry": { "type": "Polygon", "coordinates": [ [ [ 4.88894153411457, 45.734499527165468 ], [ 4.888773006964079, 45.736296596505532 ], [ 4.891334491623518, 45.736420137930182 ], [ 4.891502935003977, 45.734623063885259 ], [ 4.88894153411457, 45.734499527165468 ] ] ] } },
{ "type": "Feature", "properties": { "idcar_200m": "CRS3035RES200mN2527400E3917000", "population": 4.0, "median_education": 2.9235, "median_healthcare": 4.333, "median_services": 0.7885, "median_commerce": 8.778, "median_entertainment": 7.1255, "PC1_pos": 0.13679971411358638, "nivvie": 29639.925, "rel_education": 0.14382740604975816, "rel_sante": 0.090468632528610801, "rel_services": 0.062249770840251677, "rel_commerce": 0.053154371332211271, "rel_loisirs": 0.18513211569685306, "rel_pc1": 0.065255985910087938, "q_revenu": 4, "q_population": 1 }, "geometry": { "type": "Polygon", "coordinates": [ [ [ 4.811933358838654, 45.732561606756562 ], [ 4.811762304578545, 45.734358531410585 ], [ 4.814323556637363, 45.734483932196746 ], [ 4.814494527161846, 45.73268700276769 ], [ 4.811933358838654, 45.732561606756562 ] ] ] } },
{ "type": "Feature", "properties": { "idcar_200m": "CRS3035RES200mN2527400E3917800", "population": 494.0, "median_education": 15.703, "median_healthcare": 23.934, "median_services": 4.1, "median_commerce": 41.212, "median_entertainment": 27.687, "PC1_pos": 0.92446357354418973, "nivvie": 21498.168218623479, "rel_education": 0.77254036504168033, "rel_sante": 0.49971757464568917, "rel_services": 0.32368301895374996, "rel_commerce": 0.2495554740650594, "rel_loisirs": 0.71935343306417387, "rel_pc1": 0.44098616960192744, "q_revenu": 1, "q_population": 4 }, "geometry": { "type": "Polygon", "coordinates": [ [ [ 4.822178095825298, 45.73306281991767 ], [ 4.822007376516054, 45.734859763658058 ], [ 4.824568671025898, 45.734984917178039 ], [ 4.824739306593947, 45.733187968671878 ], [ 4.822178095825298, 45.73306281991767 ] ] ] } },
{ "type": "Feature", "properties": { "idcar_200m": "CRS3035RES200mN2527400E3918000", "population": 1110.5, "median_education": 16.892, "median_healthcare": 26.723, "median_services": 4.824, "median_commerce": 47.741, "median_entertainment": 29.599, "PC1_pos": 1.0337952657267306, "nivvie": 17908.106528590724, "rel_education": 0.83103558850436632, "rel_sante": 0.55794905771107006, "rel_services": 0.38084070327631464, "rel_commerce": 0.28909123282878774, "rel_loisirs": 0.7690303126112068, "rel_pc1": 0.49313940260259048, "q_revenu": 1, "q_population": 5 }, "geometry": { "type": "Polygon", "coordinates": [ [ [ 4.824739306593947, 45.733187968671878 ], [ 4.824568671025898, 45.734984917178039 ], [ 4.82712997613565, 45.735110008880461 ], [ 4.827300527961112, 45.733313055610843 ], [ 4.824739306593947, 45.733187968671878 ] ] ] } },
{ "type": "Feature", "properties": { "idcar_200m": "CRS3035RES200mN2527400E3918200", "population": 1446.5, "median_education": 18.3195, "median_healthcare": 28.055, "median_services": 6.035, "median_commerce": 56.193, "median_entertainment": 32.2945, "PC1_pos": 1.1868005544856355, "nivvie": 25909.497684064983, "rel_education": 0.9012642945539745, "rel_sante": 0.58575986281794967, "rel_services": 0.47644561448436129, "rel_commerce": 0.3402715411564079, "rel_loisirs": 0.83906380048726703, "rel_pc1": 0.56612574641270819, "q_revenu": 3, "q_population": 5 }, "geometry": { "type": "Polygon", "coordinates": [ [ [ 4.827300527961112, 45.733313055610843 ], [ 4.82712997613565, 45.735110008880461 ], [ 4.829691291840171, 45.735235038764863 ], [ 4.829861759921658, 45.733438080734182 ], [ 4.827300527961112, 45.733313055610843 ] ] ] } },
{ "type": "Feature", "properties": { "idcar_200m": "CRS3035RES200mN2527400E3918400", "population": 255.0, "median_education": 18.2935, "median_healthcare": 28.5195, "median_services": 6.4865, "median_commerce": 62.4765, "median_entertainment": 31.563, "PC1_pos": 1.2198155978446363, "nivvie": 27611.953333333331, "rel_education": 0.89998517276252832, "rel_sante": 0.59545815033457561, "rel_services": 0.51209022010817051, "rel_commerce": 0.37832069725870338, "rel_loisirs": 0.820058236999477, "rel_pc1": 0.5818745308178207, "q_revenu": 3, "q_population": 2 }, "geometry": { "type": "Polygon", "coordinates": [ [ [ 4.829861759921658, 45.733438080734182 ], [ 4.829691291840171, 45.735235038764863 ], [ 4.832252618134321, 45.735360006830923 ], [ 4.83242300247044, 45.733563044041404 ], [ 4.829861759921658, 45.733438080734182 ] ] ] } },
{ "type": "Feature", "properties": { "idcar_200m": "CRS3035RES200mN2527400E3918600", "population": 330.5, "median_education": 17.7735, "median_healthcare": 29.592, "median_services": 6.614, "median_commerce": 65.371, "median_entertainment": 30.504, "PC1_pos": 1.2185688666989445, "nivvie": 29057.87715582451, "rel_education": 0.87440273693359905, "rel_sante": 0.61785085940148876, "rel_services": 0.52215597252685431, "rel_commerce": 0.39584807568443658, "rel_loisirs": 0.79254368917504825, "rel_pc1": 0.58127981707441789, "q_revenu": 4, "q_population": 3 }, "geometry": { "type": "Polygon", "coordinates": [ [ [ 4.83242300247044, 45.733563044041404 ], [ 4.832252618134321, 45.735360006830923 ], [ 4.834813955012961, 45.73548491307816 ], [ 4.834984255602324, 45.733687945532147 ], [ 4.83242300247044, 45.733563044041404 ] ] ] } },
{ "type": "Feature", "properties": { "idcar_200m": "CRS3035RES200mN2527400E3918800", "population": 367.5, "median_education": 16.754, "median_healthcare": 32.0695, "median_services": 7.1855, "median_commerce": 70.234, "median_entertainment": 30.038, "PC1_pos": 1.2644701184891134, "nivvie": 23738.522721088433, "rel_education": 0.8242464036113043, "rel_sante": 0.66957853932062883, "rel_services": 0.56727422748589529, "rel_commerce": 0.42529552473758575, "rel_loisirs": 0.780436248867037, "rel_pc1": 0.60317556049379084, "q_revenu": 2, "q_population": 3 }, "geometry": { "type": "Polygon", "coordinates": [ [ [ 4.834984255602324, 45.733687945532147 ], [ 4.834813955012961, 45.73548491307816 ], [ 4.837375302470946, 45.735609757506168 ], [ 4.837545519312169, 45.73381278520602 ], [ 4.834984255602324, 45.733687945532147 ] ] ] } },
{ "type": "Feature", "properties": { "idcar_200m": "CRS3035RES200mN2527400E3919000", "population": 744.0, "median_education": 14.8185, "median_healthcare": 32.436, "median_services": 7.218, "median_commerce": 71.1035, "median_entertainment": 26.5175, "PC1_pos": 1.219403333039472, "nivvie": 22144.351209677421, "rel_education": 0.72902562563651152, "rel_sante": 0.67723068652158325, "rel_services": 0.56984000751418717, "rel_commerce": 0.43056070198449359, "rel_loisirs": 0.68896791495211573, "rel_pc1": 0.581677872904525, "q_revenu": 1, "q_population": 4 }, "geometry": { "type": "Polygon", "coordinates": [ [ [ 4.837545519312169, 45.73381278520602 ], [ 4.837375302470946, 45.735609757506168 ], [ 4.839936660503141, 45.735734540114564 ], [ 4.840106793594833, 45.733937563062582 ], [ 4.837545519312169, 45.73381278520602 ] ] ] } },
{ "type": "Feature", "properties": { "idcar_200m": "CRS3035RES200mN2527400E3919200", "population": 356.0, "median_education": 12.3575, "median_healthcare": 28.9705, "median_services": 6.1115, "median_commerce": 60.8645, "median_entertainment": 22.1585, "PC1_pos": 1.0456344372789095, "nivvie": 22755.51657303371, "rel_education": 0.60795182837690664, "rel_sante": 0.60487457158322622, "rel_services": 0.48248506593557144, "rel_commerce": 0.36855937957955953, "rel_loisirs": 0.57571398297224319, "rel_pc1": 0.49878690572057666, "q_revenu": 2, "q_population": 3 }, "geometry": { "type": "Polygon", "coordinates": [ [ [ 4.840106793594833, 45.733937563062582 ], [ 4.839936660503141, 45.735734540114564 ], [ 4.842498029104401, 45.735859260902892 ], [ 4.842668078445177, 45.734062279101437 ], [ 4.840106793594833, 45.733937563062582 ] ] ] } },
{ "type": "Feature", "properties": { "idcar_200m": "CRS3035RES200mN2527400E3920000", "population": 1112.0, "median_education": 14.756, "median_healthcare": 37.591, "median_services": 8.09, "median_commerce": 82.872, "median_entertainment": 26.599, "PC1_pos": 1.352535658986677, "nivvie": 20297.189748201439, "rel_education": 0.7259508136378422, "rel_sante": 0.78486184292245764, "rel_services": 0.63868185935020427, "rel_commerce": 0.5018237709094342, "rel_loisirs": 0.69108541792443967, "rel_pc1": 0.64518444704089029, "q_revenu": 1, "q_population": 5 }, "geometry": { "type": "Polygon", "coordinates": [ [ [ 4.85035199635089, 45.734436056307636 ], [ 4.850182198271177, 45.7362330523436 ], [ 4.852743609097295, 45.736357525847716 ], [ 4.852913323420553, 45.734560525071544 ], [ 4.85035199635089, 45.734436056307636 ] ] ] } },
{ "type": "Feature", "properties": { "idcar_200m": "CRS3035RES200mN2527400E3920200", "population": 413.0, "median_education": 18.131, "median_healthcare": 44.256, "median_services": 9.534, "median_commerce": 97.069, "median_entertainment": 30.878, "PC1_pos": 1.6065923420660366, "nivvie": 22530.408716707025, "rel_education": 0.89199066156598783, "rel_sante": 0.9240202633709208, "rel_services": 0.75268143968415924, "rel_commerce": 0.5877923981369807, "rel_loisirs": 0.8022608193793318, "rel_pc1": 0.76637416910145584, "q_revenu": 2, "q_population": 3 }, "geometry": { "type": "Polygon", "coordinates": [ [ [ 4.852913323420553, 45.734560525071544 ], [ 4.852743609097295, 45.736357525847716 ], [ 4.855305030466777, 45.736481937529717 ], [ 4.855474661032193, 45.734684932015682 ], [ 4.852913323420553, 45.734560525071544 ] ] ] } },
{ "type": "Feature", "properties": { "idcar_200m": "CRS3035RES200mN2527400E3920400", "population": 233.0, "median_education": 19.943, "median_healthcare": 43.6915, "median_services": 9.332, "median_commerce": 97.4065, "median_entertainment": 31.75, "PC1_pos": 1.609508042218242, "nivvie": 25762.129184549354, "rel_education": 0.98113561103141, "rel_sante": 0.91223407757299779, "rel_services": 0.73673412996985255, "rel_commerce": 0.58983609833345152, "rel_loisirs": 0.82491680210161877, "rel_pc1": 0.76776501183298651, "q_revenu": 2, "q_population": 2 }, "geometry": { "type": "Polygon", "coordinates": [ [ [ 4.855474661032193, 45.734684932015682 ], [ 4.855305030466777, 45.736481937529717 ], [ 4.857866462374474, 45.736606287389243 ], [ 4.858036009180672, 45.734809277139675 ], [ 4.855474661032193, 45.734684932015682 ] ] ] } },
{ "type": "Feature", "properties": { "idcar_200m": "CRS3035RES200mN2527400E3920600", "population": 68.5, "median_education": 20.5225, "median_healthcare": 44.776, "median_services": 9.278, "median_commerce": 95.6435, "median_entertainment": 32.5395, "PC1_pos": 1.5894521528834971, "nivvie": 21682.414598540145, "rel_education": 1.0096452678830725, "rel_sante": 0.9348773344336665, "rel_services": 0.73247098776899811, "rel_commerce": 0.57916041404788676, "rel_loisirs": 0.84542930022001961, "rel_pc1": 0.7581979828349894, "q_revenu": 1, "q_population": 1 }, "geometry": { "type": "Polygon", "coordinates": [ [ [ 4.858036009180672, 45.734809277139675 ], [ 4.857866462374474, 45.736606287389243 ], [ 4.860427904815254, 45.736730575425838 ], [ 4.860597367860843, 45.734933560443054 ], [ 4.858036009180672, 45.734809277139675 ] ] ] } },
{ "type": "Feature", "properties": { "idcar_200m": "CRS3035RES200mN2527400E3920800", "population": 44.0, "median_education": 24.021, "median_healthcare": 53.149, "median_services": 10.97, "median_commerce": 112.032, "median_entertainment": 36.905, "PC1_pos": 1.9115686161786092, "nivvie": 28348.85, "rel_education": 1.1817609443205888, "rel_sante": 1.1096970575266871, "rel_services": 0.86604944339576528, "rel_commerce": 0.67839946788451744, "rel_loisirs": 0.95885211280504701, "rel_pc1": 0.91185347492717339, "q_revenu": 3, "q_population": 1 }, "geometry": { "type": "Polygon", "coordinates": [ [ [ 4.860597367860843, 45.734933560443054 ], [ 4.860427904815254, 45.736730575425838 ], [ 4.862989357783965, 45.736854801639119 ], [ 4.86315873706757, 45.73505778192547 ], [ 4.860597367860843, 45.734933560443054 ] ] ] } },
{ "type": "Feature", "properties": { "idcar_200m": "CRS3035RES200mN2527400E3921000", "population": 411.5, "median_education": 24.54, "median_healthcare": 58.3665, "median_services": 11.7155, "median_commerce": 111.71, "median_entertainment": 39.189, "PC1_pos": 2.0132265333088002, "nivvie": 25353.711543134876, "rel_education": 1.207294183157539, "rel_sante": 1.2186331503533725, "rel_services": 0.92490448989089225, "rel_commerce": 0.67644962651188456, "rel_loisirs": 1.0181941592932391, "rel_pc1": 0.96034617574077685, "q_revenu": 2, "q_population": 3 }, "geometry": { "type": "Polygon", "coordinates": [ [ [ 4.86315873706757, 45.73505778192547 ], [ 4.862989357783965, 45.736854801639119 ], [ 4.865550821275471, 45.73697896602868 ], [ 4.865720116795709, 45.735181941586511 ], [ 4.86315873706757, 45.73505778192547 ] ] ] } },
{ "type": "Feature", "properties": { "idcar_200m": "CRS3035RES200mN2527400E3921200", "population": 618.5, "median_education": 24.8025, "median_healthcare": 69.1025, "median_services": 12.3775, "median_commerce": 108.313, "median_entertainment": 41.104, "PC1_pos": 2.1566417664107997, "nivvie": 22563.371382376718, "rel_education": 1.2202083935519505, "rel_sante": 1.4427899098334473, "rel_services": 0.97716745539025396, "rel_commerce": 0.65587940557140589, "rel_loisirs": 1.0679489837349587, "rel_pc1": 1.0287578861835736, "q_revenu": 2, "q_population": 4 }, "geometry": { "type": "Polygon", "coordinates": [ [ [ 4.865720116795709, 45.735181941586511 ], [ 4.865550821275471, 45.73697896602868 ], [ 4.868112295284626, 45.737103068594131 ], [ 4.868281507040121, 45.735306039425708 ], [ 4.865720116795709, 45.735181941586511 ] ] ] } },
{ "type": "Feature", "properties": { "idcar_200m": "CRS3035RES200mN2527400E3921400", "population": 497.0, "median_education": 26.662, "median_healthcare": 79.643, "median_services": 14.018, "median_commerce": 113.693, "median_entertainment": 45.829, "PC1_pos": 2.3911164325310463, "nivvie": 21495.41629778672, "rel_education": 1.3116902001363613, "rel_sante": 1.6628648281735865, "rel_services": 1.1066801365106507, "rel_commerce": 0.68845750055514887, "rel_loisirs": 1.1907121928666169, "rel_pc1": 1.1406066251064555, "q_revenu": 1, "q_population": 4 }, "geometry": { "type": "Polygon", "coordinates": [ [ [ 4.868281507040121, 45.735306039425708 ], [ 4.868112295284626, 45.737103068594131 ], [ 4.87067377980629, 45.737227109335024 ], [ 4.870842907795658, 45.735430075442729 ], [ 4.868281507040121, 45.735306039425708 ] ] ] } },
{ "type": "Feature", "properties": { "idcar_200m": "CRS3035RES200mN2527400E3921600", "population": 562.5, "median_education": 23.755, "median_healthcare": 79.04, "median_services": 12.642, "median_commerce": 91.788, "median_entertainment": 40.557, "PC1_pos": 2.1497629765629793, "nivvie": 21550.263288888887, "rel_education": 1.1686745444542519, "rel_sante": 1.6502748015373641, "rel_services": 0.99804895746666034, "rel_commerce": 0.55581378854420238, "rel_loisirs": 1.0537370312704049, "rel_pc1": 1.0254765765968072, "q_revenu": 1, "q_population": 4 }, "geometry": { "type": "Polygon", "coordinates": [ [ [ 4.870842907795658, 45.735430075442729 ], [ 4.87067377980629, 45.737227109335024 ], [ 4.873235274835319, 45.737351088250961 ], [ 4.873404319057184, 45.735554049637102 ], [ 4.870842907795658, 45.735430075442729 ] ] ] } },
{ "type": "Feature", "properties": { "idcar_200m": "CRS3035RES200mN2527400E3921800", "population": 989.5, "median_education": 25.023, "median_healthcare": 83.0585, "median_services": 11.8105, "median_commerce": 88.467, "median_entertainment": 41.4335, "PC1_pos": 2.184651145578469, "nivvie": 20090.730166750884, "rel_education": 1.231056330283256, "rel_sante": 1.7341769939712948, "rel_services": 0.93240446228128393, "rel_commerce": 0.5357037786109291, "rel_loisirs": 1.0765099313347219, "rel_pc1": 1.0421188764762734, "q_revenu": 1, "q_population": 5 }, "geometry": { "type": "Polygon", "coordinates": [ [ [ 4.873404319057184, 45.735554049637102 ], [ 4.873235274835319, 45.737351088250961 ], [ 4.875796780366572, 45.737475005341565 ], [ 4.875965740819555, 45.735677962008445 ], [ 4.873404319057184, 45.735554049637102 ] ] ] } },
{ "type": "Feature", "properties": { "idcar_200m": "CRS3035RES200mN2527400E3922000", "population": 109.5, "median_education": 24.434, "median_healthcare": 80.821, "median_services": 10.474, "median_commerce": 75.5365, "median_entertainment": 40.617, "PC1_pos": 2.0468460966865125, "nivvie": 26254.732420091324, "rel_education": 1.2020793020077958, "rel_sante": 1.6874602699272683, "rel_services": 0.82689169281014085, "rel_commerce": 0.45740432560213906, "rel_loisirs": 1.0552959291641404, "rel_pc1": 0.97638332734079913, "q_revenu": 3, "q_population": 2 }, "geometry": { "type": "Polygon", "coordinates": [ [ [ 4.875965740819555, 45.735677962008445 ], [ 4.875796780366572, 45.737475005341565 ], [ 4.878358296394903, 45.737598860606397 ], [ 4.878527173077625, 45.73580181255636 ], [ 4.875965740819555, 45.735677962008445 ] ] ] } },
{ "type": "Feature", "properties": { "idcar_200m": "CRS3035RES200mN2527400E3922200", "population": 132.5, "median_education": 23.083, "median_healthcare": 71.942, "median_services": 9.048, "median_commerce": 63.23, "median_entertainment": 39.683, "PC1_pos": 1.8416500280496877, "nivvie": 23356.141886792451, "rel_education": 1.1356141658445589, "rel_sante": 1.5020757815308834, "rel_services": 0.7143131598764707, "rel_commerce": 0.38288344717882422, "rel_loisirs": 1.0310290852849933, "rel_pc1": 0.87850101924875168, "q_revenu": 2, "q_population": 2 }, "geometry": { "type": "Polygon", "coordinates": [ [ [ 4.878527173077625, 45.73580181255636 ], [ 4.878358296394903, 45.737598860606397 ], [ 4.880919822915173, 45.737722654045051 ], [ 4.881088615826259, 45.735925601280435 ], [ 4.878527173077625, 45.73580181255636 ] ] ] } },
{ "type": "Feature", "properties": { "idcar_200m": "CRS3035RES200mN2527400E3922400", "population": 653.5, "median_education": 21.962, "median_healthcare": 71.594, "median_services": 8.218, "median_commerce": 59.275, "median_entertainment": 39.09, "PC1_pos": 1.7539835000399333, "nivvie": 18549.43091048202, "rel_education": 1.0804643378364251, "rel_sante": 1.4948098955119689, "rel_services": 0.64878708530778473, "rel_commerce": 0.35893430858018038, "rel_loisirs": 1.0156219777685758, "rel_pc1": 0.8366824690152268, "q_revenu": 1, "q_population": 4 }, "geometry": { "type": "Polygon", "coordinates": [ [ [ 4.881088615826259, 45.735925601280435 ], [ 4.880919822915173, 45.737722654045051 ], [ 4.883481359922232, 45.73784638565715 ], [ 4.883650069060306, 45.736049328180258 ], [ 4.881088615826259, 45.735925601280435 ] ] ] } },
{ "type": "Feature", "properties": { "idcar_200m": "CRS3035RES200mN2527400E3922600", "population": 412.0, "median_education": 21.3455, "median_healthcare": 73.6435, "median_services": 7.3625, "median_commerce": 57.3525, "median_entertainment": 37.4395, "PC1_pos": 1.7097504904086396, "nivvie": 20024.09490291262, "rel_education": 1.0501343922815507, "rel_sante": 1.5376013707871568, "rel_services": 0.58124786025536201, "rel_commerce": 0.34729278672028341, "rel_loisirs": 0.9727392948750726, "rel_pc1": 0.81558250786425668, "q_revenu": 1, "q_population": 3 }, "geometry": { "type": "Polygon", "coordinates": [ [ [ 4.883650069060306, 45.736049328180258 ], [ 4.883481359922232, 45.73784638565715 ], [ 4.886042907410942, 45.737970055442268 ], [ 4.886211532774627, 45.736172993255444 ], [ 4.883650069060306, 45.736049328180258 ] ] ] } },
{ "type": "Feature", "properties": { "idcar_200m": "CRS3035RES200mN2527400E3922800", "population": 632.0, "median_education": 18.3445, "median_healthcare": 62.23, "median_services": 5.7875, "median_commerce": 45.468, "median_entertainment": 30.421, "PC1_pos": 1.3908158484600557, "nivvie": 16423.997943037972, "rel_education": 0.90249421935344243, "rel_sante": 1.2992991004512926, "rel_services": 0.45690621273044585, "rel_commerce": 0.27532729046855581, "rel_loisirs": 0.7903872137553809, "rel_pc1": 0.66344480321996946, "q_revenu": 1, "q_population": 4 }, "geometry": { "type": "Polygon", "coordinates": [ [ [ 4.886211532774627, 45.736172993255444 ], [ 4.886042907410942, 45.737970055442268 ], [ 4.888604465376154, 45.738093663399965 ], [ 4.888773006964079, 45.736296596505532 ], [ 4.886211532774627, 45.736172993255444 ] ] ] } },
{ "type": "Feature", "properties": { "idcar_200m": "CRS3035RES200mN2527400E3923200", "population": 347.5, "median_education": 11.17, "median_healthcare": 40.702, "median_services": 3.266, "median_commerce": 26.566, "median_entertainment": 17.083, "PC1_pos": 0.83215028720025996, "nivvie": 26838.08345323741, "rel_education": 0.5495304004021887, "rel_sante": 0.84981635845361569, "rel_services": 0.25784115607388963, "rel_commerce": 0.16086796865020792, "rel_loisirs": 0.44384421197801427, "rel_pc1": 0.39695102996726706, "q_revenu": 3, "q_population": 3 }, "geometry": { "type": "Polygon", "coordinates": [ [ [ 4.891334491623518, 45.736420137930182 ], [ 4.891166033812731, 45.738217209529878 ], [ 4.893727612715521, 45.738340693831582 ], [ 4.8938959867478, 45.736543617528916 ], [ 4.891334491623518, 45.736420137930182 ] ] ] } },
{ "type": "Feature", "properties": { "idcar_200m": "CRS3035RES200mN2527600E3917000", "population": 38.0, "median_education": 2.4885, "median_healthcare": 3.63, "median_services": 0.782, "median_commerce": 8.905, "median_entertainment": 5.7065, "PC1_pos": 0.11080375337342985, "nivvie": 29639.923684210527, "rel_education": 0.1224267145390194, "rel_sante": 0.075790707611090982, "rel_services": 0.061736614834593299, "rel_commerce": 0.053923408146883289, "rel_loisirs": 0.14826418051001222, "rel_pc1": 0.052855433330202282, "q_revenu": 4, "q_population": 1 }, "geometry": { "type": "Polygon", "coordinates": [ [ [ 4.811762304578545, 45.734358531410585 ], [ 4.811591235666207, 45.736155453606784 ], [ 4.814152571467751, 45.73628085916841 ], [ 4.814323556637363, 45.734483932196746 ], [ 4.811762304578545, 45.734358531410585 ] ] ] } },
{ "type": "Feature", "properties": { "idcar_200m": "CRS3035RES200mN2527600E3917800", "population": 110.0, "median_education": 13.1845, "median_healthcare": 19.9275, "median_services": 3.651, "median_commerce": 39.6625, "median_entertainment": 23.6505, "PC1_pos": 0.79933425995602381, "nivvie": 26172.450909090909, "rel_education": 0.64863774074329972, "rel_sante": 0.41606593000551395, "rel_services": 0.28823578102442471, "rel_commerce": 0.24017261938526202, "rel_loisirs": 0.61447857726312871, "rel_pc1": 0.3812971799183052, "q_revenu": 3, "q_population": 2 }, "geometry": { "type": "Polygon", "coordinates": [ [ [ 4.822007376516054, 45.734859763658058 ], [ 4.821836642582975, 45.736656704942291 ], [ 4.824398020841113, 45.736781863228494 ], [ 4.824568671025898, 45.734984917178039 ], [ 4.822007376516054, 45.734859763658058 ] ] ] } },
{ "type": "Feature", "properties": { "idcar_200m": "CRS3035RES200mN2527600E3918000", "population": 667.5, "median_education": 15.988, "median_healthcare": 24.0035, "median_services": 4.796, "median_commerce": 52.259, "median_entertainment": 27.0035, "PC1_pos": 0.99503892417057815, "nivvie": 29446.816179775284, "rel_education": 0.78656150775561262, "rel_sante": 0.50116866395119075, "rel_services": 0.37863018509809393, "rel_commerce": 0.31644956612554448, "rel_loisirs": 0.70159498789137209, "rel_pc1": 0.47465191310085864, "q_revenu": 4, "q_population": 4 }, "geometry": { "type": "Polygon", "coordinates": [ [ [ 4.824568671025898, 45.734984917178039 ], [ 4.824398020841113, 45.736781863228494 ], [ 4.826959409700555, 45.736906959694785 ], [ 4.82712997613565, 45.735110008880461 ], [ 4.824568671025898, 45.734984917178039 ] ] ] } },
{ "type": "Feature", "properties": { "idcar_200m": "CRS3035RES200mN2527600E3918200", "population": 605.0, "median_education": 17.9025, "median_healthcare": 27.6845, "median_services": 5.963, "median_commerce": 61.359, "median_entertainment": 30.0745, "PC1_pos": 1.1716774650215005, "nivvie": 25280.017851239671, "rel_education": 0.8807491488988527, "rel_sante": 0.57802419968574337, "rel_services": 0.47076142488322226, "rel_commerce": 0.3715537788303887, "rel_loisirs": 0.78138457841905939, "rel_pc1": 0.55891175390268599, "q_revenu": 2, "q_population": 4 }, "geometry": { "type": "Polygon", "coordinates": [ [ [ 4.82712997613565, 45.735110008880461 ], [ 4.826959409700555, 45.736906959694785 ], [ 4.829520809156153, 45.73703199434074 ], [ 4.829691291840171, 45.735235038764863 ], [ 4.82712997613565, 45.735110008880461 ] ] ] } },
{ "type": "Feature", "properties": { "idcar_200m": "CRS3035RES200mN2527600E3918400", "population": 996.0, "median_education": 18.0145, "median_healthcare": 28.3595, "median_services": 6.4505, "median_commerce": 67.5655, "median_entertainment": 30.14, "PC1_pos": 1.2178227059310733, "nivvie": 22963.061847389559, "rel_education": 0.88625921200046809, "rel_sante": 0.59211751308449989, "rel_services": 0.50924812530760111, "rel_commerce": 0.40913666851748931, "rel_loisirs": 0.78308637528638714, "rel_pc1": 0.58092388463062317, "q_revenu": 2, "q_population": 5 }, "geometry": { "type": "Polygon", "coordinates": [ [ [ 4.829691291840171, 45.735235038764863 ], [ 4.829520809156153, 45.73703199434074 ], [ 4.832082219202768, 45.737156967166015 ], [ 4.832252618134321, 45.735360006830923 ], [ 4.829691291840171, 45.735235038764863 ] ] ] } },
{ "type": "Feature", "properties": { "idcar_200m": "CRS3035RES200mN2527600E3918600", "population": 1406.0, "median_education": 17.8485, "median_healthcare": 30.9565, "median_services": 7.022, "median_commerce": 76.6685, "median_entertainment": 29.756, "PC1_pos": 1.2969763658410973, "nivvie": 24316.399288762444, "rel_education": 0.87809251133200239, "rel_sante": 0.64634023144979003, "rel_services": 0.55436638026664209, "rel_commerce": 0.46425904744630214, "rel_loisirs": 0.77310942876648092, "rel_pc1": 0.61868163982250646, "q_revenu": 2, "q_population": 5 }, "geometry": { "type": "Polygon", "coordinates": [ [ [ 4.832252618134321, 45.735360006830923 ], [ 4.832082219202768, 45.737156967166015 ], [ 4.834643639835261, 45.73728187817013 ], [ 4.834813955012961, 45.73548491307816 ], [ 4.832252618134321, 45.735360006830923 ] ] ] } },
{ "type": "Feature", "properties": { "idcar_200m": "CRS3035RES200mN2527600E3918800", "population": 126.0, "median_education": 18.2555, "median_healthcare": 35.823, "median_services": 8.199, "median_commerce": 86.368, "median_entertainment": 30.411, "PC1_pos": 1.4407526976638927, "nivvie": 24861.938888888886, "rel_education": 0.89811568706733724, "rel_sante": 0.74794780130912186, "rel_services": 0.64728709082970637, "rel_commerce": 0.52299347724087764, "rel_loisirs": 0.79012739743975846, "rel_pc1": 0.68726560101296819, "q_revenu": 2, "q_population": 2 }, "geometry": { "type": "Polygon", "coordinates": [ [ [ 4.834813955012961, 45.73548491307816 ], [ 4.834643639835261, 45.73728187817013 ], [ 4.837205071048491, 45.73740672735272 ], [ 4.837375302470946, 45.735609757506168 ], [ 4.834813955012961, 45.73548491307816 ] ] ] } },
{ "type": "Feature", "properties": { "idcar_200m": "CRS3035RES200mN2527600E3919000", "population": 1464.5, "median_education": 16.899, "median_healthcare": 38.478, "median_services": 8.738, "median_commerce": 91.375, "median_entertainment": 29.418, "PC1_pos": 1.462043535192012, "nivvie": 27834.067395015365, "rel_education": 0.83137996744821741, "rel_sante": 0.80338150067756442, "rel_services": 0.68983956576045546, "rel_commerce": 0.55331290504452102, "rel_loisirs": 0.76432763729843844, "rel_pc1": 0.69742172306886174, "q_revenu": 3, "q_population": 5 }, "geometry": { "type": "Polygon", "coordinates": [ [ [ 4.837375302470946, 45.735609757506168 ], [ 4.837205071048491, 45.73740672735272 ], [ 4.839766512837315, 45.737531514713346 ], [ 4.839936660503141, 45.735734540114564 ], [ 4.837375302470946, 45.735609757506168 ] ] ] } },
{ "type": "Feature", "properties": { "idcar_200m": "CRS3035RES200mN2527600E3919200", "population": 99.5, "median_education": 15.545, "median_healthcare": 37.559, "median_services": 8.308, "median_commerce": 87.894, "median_entertainment": 27.8275, "PC1_pos": 1.381431070976898, "nivvie": 30733.320603015076, "rel_education": 0.76476724030904419, "rel_sante": 0.78419371547244243, "rel_services": 0.65589232230920858, "rel_commerce": 0.53223402983292079, "rel_loisirs": 0.72300385229867081, "rel_pc1": 0.65896809132639234, "q_revenu": 4, "q_population": 1 }, "geometry": { "type": "Polygon", "coordinates": [ [ [ 4.839936660503141, 45.735734540114564 ], [ 4.839766512837315, 45.737531514713346 ], [ 4.842327965196596, 45.737656240251624 ], [ 4.842498029104401, 45.735859260902892 ], [ 4.839936660503141, 45.735734540114564 ] ] ] } },
{ "type": "Feature", "properties": { "idcar_200m": "CRS3035RES200mN2527600E3919800", "population": 128.5, "median_education": 14.081, "median_healthcare": 36.873, "median_services": 7.754, "median_commerce": 80.008, "median_entertainment": 24.889, "PC1_pos": 1.190023132366935, "nivvie": 16876.574319066145, "rel_education": 0.69274284405221298, "rel_sante": 0.76987073326274313, "rel_services": 0.61215564121155541, "rel_commerce": 0.48448108242738208, "rel_loisirs": 0.6466568279529824, "rel_pc1": 0.56766297547914935, "q_revenu": 1, "q_population": 2 }, "geometry": { "type": "Polygon", "coordinates": [ [ [ 4.84762079799356, 45.736108517017847 ], [ 4.847450901605946, 45.737905505859402 ], [ 4.850012385645736, 45.738030045928099 ], [ 4.850182198271177, 45.7362330523436 ], [ 4.84762079799356, 45.736108517017847 ] ] ] } },
{ "type": "Feature", "properties": { "idcar_200m": "CRS3035RES200mN2527600E3920000", "population": 474.0, "median_education": 16.847, "median_healthcare": 45.854, "median_services": 9.923, "median_commerce": 105.03, "median_entertainment": 29.62, "PC1_pos": 1.6479994131537739, "nivvie": 20307.566666666666, "rel_education": 0.82882172386532449, "rel_sante": 0.9573848779060512, "rel_services": 0.78339185294586866, "rel_commerce": 0.63599950114173509, "rel_loisirs": 0.76957592687401422, "rel_pc1": 0.78612610546322226, "q_revenu": 1, "q_population": 4 }, "geometry": { "type": "Polygon", "coordinates": [ [ [ 4.850182198271177, 45.7362330523436 ], [ 4.850012385645736, 45.738030045928099 ], [ 4.852573880235414, 45.73815452417282 ], [ 4.852743609097295, 45.736357525847716 ], [ 4.850182198271177, 45.7362330523436 ] ] ] } },
{ "type": "Feature", "properties": { "idcar_200m": "CRS3035RES200mN2527600E3920200", "population": 412.5, "median_education": 19.6285, "median_healthcare": 46.638, "median_services": 10.3955, "median_commerce": 109.489, "median_entertainment": 31.8485, "PC1_pos": 1.7378396355348955, "nivvie": 19292.824727272728, "rel_education": 0.96566315705410577, "rel_sante": 0.9737540004314218, "rel_services": 0.82069434720334333, "rel_commerce": 0.66300056536710883, "rel_loisirs": 0.82747599281050099, "rel_pc1": 0.82898154798990653, "q_revenu": 1, "q_population": 3 }, "geometry": { "type": "Polygon", "coordinates": [ [ [ 4.852743609097295, 45.736357525847716 ], [ 4.852573880235414, 45.73815452417282 ], [ 4.855135385369837, 45.738278940593091 ], [ 4.855305030466777, 45.736481937529717 ], [ 4.852743609097295, 45.736357525847716 ] ] ] } },
{ "type": "Feature", "properties": { "idcar_200m": "CRS3035RES200mN2527600E3920600", "population": 262.5, "median_education": 21.028, "median_healthcare": 44.766, "median_services": 9.638, "median_commerce": 103.12, "median_entertainment": 32.425, "PC1_pos": 1.7116848774077404, "nivvie": 15978.399619047621, "rel_education": 1.03451434732831, "rel_sante": 0.93466854460553683, "rel_services": 0.76089193577469327, "rel_commerce": 0.6244336718817074, "rel_loisirs": 0.84245440340614131, "rel_pc1": 0.81650524612855724, "q_revenu": 1, "q_population": 2 }, "geometry": { "type": "Polygon", "coordinates": [ [ [ 4.857866462374474, 45.736606287389243 ], [ 4.857696901043862, 45.738403295188547 ], [ 4.860258427252345, 45.738527587958778 ], [ 4.860427904815254, 45.736730575425838 ], [ 4.857866462374474, 45.736606287389243 ] ] ] } },
{ "type": "Feature", "properties": { "idcar_200m": "CRS3035RES200mN2527600E3920800", "population": 341.0, "median_education": 26.212, "median_healthcare": 56.354, "median_services": 11.783, "median_commerce": 126.808, "median_entertainment": 39.651, "PC1_pos": 2.1095241773727764, "nivvie": 15443.636070381233, "rel_education": 1.2895515537459419, "rel_sante": 1.1766141974422648, "rel_services": 0.93023341764195999, "rel_commerce": 0.76787417633800958, "rel_loisirs": 1.0301976730750013, "rel_pc1": 1.0062819274704611, "q_revenu": 1, "q_population": 3 }, "geometry": { "type": "Polygon", "coordinates": [ [ [ 4.860427904815254, 45.736730575425838 ], [ 4.860258427252345, 45.738527587958778 ], [ 4.862819963990144, 45.738651818903378 ], [ 4.862989357783965, 45.736854801639119 ], [ 4.860427904815254, 45.736730575425838 ] ] ] } },
{ "type": "Feature", "properties": { "idcar_200m": "CRS3035RES200mN2527600E3921000", "population": 1591.0, "median_education": 28.602, "median_healthcare": 64.131, "median_services": 12.964, "median_commerce": 135.869, "median_entertainment": 43.799, "PC1_pos": 2.2755632255616294, "nivvie": 17769.21433060968, "rel_education": 1.4071323645750584, "rel_sante": 1.3389900467787537, "rel_services": 1.0234699165161989, "rel_commerce": 0.82274222813126163, "rel_loisirs": 1.1379694807952379, "rel_pc1": 1.0854856148417646, "q_revenu": 1, "q_population": 5 }, "geometry": { "type": "Polygon", "coordinates": [ [ [ 4.862989357783965, 45.736854801639119 ], [ 4.862819963990144, 45.738651818903378 ], [ 4.865381511252119, 45.738775988021906 ], [ 4.865550821275471, 45.73697896602868 ], [ 4.862989357783965, 45.736854801639119 ] ] ] } },
{ "type": "Feature", "properties": { "idcar_200m": "CRS3035RES200mN2527600E3921200", "population": 671.0, "median_education": 29.7245, "median_healthcare": 71.03, "median_services": 13.8705, "median_commerce": 135.196, "median_entertainment": 48.642, "PC1_pos": 2.4742878071031811, "nivvie": 20015.32399403875, "rel_education": 1.4623559880711601, "rel_sante": 1.4830341492054524, "rel_services": 1.0950354425360951, "rel_commerce": 0.81866693855429895, "rel_loisirs": 1.2637985224512422, "rel_pc1": 1.180280904269754, "q_revenu": 1, "q_population": 4 }, "geometry": { "type": "Polygon", "coordinates": [ [ [ 4.865550821275471, 45.73697896602868 ], [ 4.865381511252119, 45.738775988021906 ], [ 4.867943069033125, 45.738900095313973 ], [ 4.868112295284626, 45.737103068594131 ], [ 4.865550821275471, 45.73697896602868 ] ] ] } },
{ "type": "Feature", "properties": { "idcar_200m": "CRS3035RES200mN2527600E3921400", "population": 964.5, "median_education": 27.2725, "median_healthcare": 70.0215, "median_services": 12.7875, "median_commerce": 115.586, "median_entertainment": 45.6665, "PC1_pos": 2.2811009645581892, "nivvie": 26074.089994815968, "rel_education": 1.3417249637393638, "rel_sante": 1.4619776950385694, "rel_services": 1.0095357572856287, "rel_commerce": 0.6999203878793544, "rel_loisirs": 1.1864901777377503, "rel_pc1": 1.0881272184465296, "q_revenu": 3, "q_population": 5 }, "geometry": { "type": "Polygon", "coordinates": [ [ [ 4.868112295284626, 45.737103068594131 ], [ 4.867943069033125, 45.738900095313973 ], [ 4.870504637328017, 45.739024140779193 ], [ 4.87067377980629, 45.737227109335024 ], [ 4.868112295284626, 45.737103068594131 ] ] ] } },
{ "type": "Feature", "properties": { "idcar_200m": "CRS3035RES200mN2527600E3921600", "population": 85.0, "median_education": 27.1745, "median_healthcare": 74.585, "median_services": 12.736, "median_commerce": 107.021, "median_entertainment": 43.3995, "PC1_pos": 2.2451419403188888, "nivvie": 26675.864705882352, "rel_education": 1.3369036585254503, "rel_sante": 1.5572589331055706, "rel_services": 1.0054699827792586, "rel_commerce": 0.64805581844891591, "rel_loisirs": 1.1275898189861169, "rel_pc1": 1.0709741008811526, "q_revenu": 3, "q_population": 1 }, "geometry": { "type": "Polygon", "coordinates": [ [ [ 4.87067377980629, 45.737227109335024 ], [ 4.870504637328017, 45.739024140779193 ], [ 4.873066216131657, 45.739148124417135 ], [ 4.873235274835319, 45.737351088250961 ], [ 4.87067377980629, 45.737227109335024 ] ] ] } },
{ "type": "Feature", "properties": { "idcar_200m": "CRS3035RES200mN2527600E3921800", "population": 894.5, "median_education": 27.7405, "median_healthcare": 77.741, "median_services": 12.7975, "median_commerce": 102.353, "median_entertainment": 43.832, "PC1_pos": 2.2847281067196543, "nivvie": 26613.916825041924, "rel_education": 1.3647491559853999, "rel_sante": 1.6231530028633123, "rel_services": 1.0103252280635648, "rel_commerce": 0.61978917395372768, "rel_loisirs": 1.1388268746367922, "rel_pc1": 1.0898574321338617, "q_revenu": 3, "q_population": 5 }, "geometry": { "type": "Polygon", "coordinates": [ [ [ 4.873235274835319, 45.737351088250961 ], [ 4.873066216131657, 45.739148124417135 ], [ 4.875627805438894, 45.739272046227363 ], [ 4.875796780366572, 45.737475005341565 ], [ 4.873235274835319, 45.737351088250961 ] ] ] } },
{ "type": "Feature", "properties": { "idcar_200m": "CRS3035RES200mN2527600E3922000", "population": 366.5, "median_education": 24.132, "median_healthcare": 78.218, "median_services": 10.378, "median_commerce": 84.38, "median_entertainment": 40.087, "PC1_pos": 2.0507823409919408, "nivvie": 28760.27175989086, "rel_education": 1.1872218104302257, "rel_sante": 1.6331122776651004, "rel_services": 0.81931277334195551, "rel_commerce": 0.51095532615766548, "rel_loisirs": 1.0415256644361448, "rel_pc1": 0.97826098844994747, "q_revenu": 4, "q_population": 3 }, "geometry": { "type": "Polygon", "coordinates": [ [ [ 4.875796780366572, 45.737475005341565 ], [ 4.875627805438894, 45.739272046227363 ], [ 4.87818940524459, 45.739395906209545 ], [ 4.878358296394903, 45.737598860606397 ], [ 4.875796780366572, 45.737475005341565 ] ] ] } },
{ "type": "Feature", "properties": { "idcar_200m": "CRS3035RES200mN2527600E3922200", "population": 770.0, "median_education": 22.473, "median_healthcare": 78.263, "median_services": 9.177, "median_commerce": 73.585, "median_entertainment": 39.8445, "PC1_pos": 1.9350457776392118, "nivvie": 27827.321428571428, "rel_education": 1.1056040007375458, "rel_sante": 1.6340518318916843, "rel_services": 0.72449733291184482, "rel_commerce": 0.44558719691054538, "rel_loisirs": 1.0352251187822976, "rel_pc1": 0.92305251380973918, "q_revenu": 3, "q_population": 4 }, "geometry": { "type": "Polygon", "coordinates": [ [ [ 4.878358296394903, 45.737598860606397 ], [ 4.87818940524459, 45.739395906209545 ], [ 4.880751015543598, 45.739519704363225 ], [ 4.880919822915173, 45.737722654045051 ], [ 4.878358296394903, 45.737598860606397 ] ] ] } },
{ "type": "Feature", "properties": { "idcar_200m": "CRS3035RES200mN2527600E3922400", "population": 458.5, "median_education": 21.056, "median_healthcare": 75.179, "median_services": 7.892, "median_commerce": 67.143, "median_entertainment": 39.078, "PC1_pos": 1.7861528194396159, "nivvie": 20660.306434023991, "rel_education": 1.0358918631037142, "rel_sante": 1.5696610488964764, "rel_services": 0.62305033794707199, "rel_commerce": 0.40657825864190728, "rel_loisirs": 1.0153101981898287, "rel_pc1": 0.85202782749850392, "q_revenu": 1, "q_population": 3 }, "geometry": { "type": "Polygon", "coordinates": [ [ [ 4.880919822915173, 45.737722654045051 ], [ 4.880751015543598, 45.739519704363225 ], [ 4.883312636330775, 45.739643440687971 ], [ 4.883481359922232, 45.73784638565715 ], [ 4.880919822915173, 45.737722654045051 ] ] ] } },
{ "type": "Feature", "properties": { "idcar_200m": "CRS3035RES200mN2527600E3922600", "population": 593.0, "median_education": 20.289, "median_healthcare": 79.2, "median_services": 7.2015, "median_commerce": 61.9735, "median_entertainment": 37.147, "PC1_pos": 1.7449143771460627, "nivvie": 19499.123608768972, "rel_education": 0.99815777025604369, "rel_sante": 1.6536154387874393, "rel_services": 0.56853738073059279, "rel_commerce": 0.37527482703996307, "rel_loisirs": 0.96513966764311299, "rel_pc1": 0.83235633018069755, "q_revenu": 1, "q_population": 4 }, "geometry": { "type": "Polygon", "coordinates": [ [ [ 4.883481359922232, 45.73784638565715 ], [ 4.883312636330775, 45.739643440687971 ], [ 4.885874267600976, 45.739767115183433 ], [ 4.886042907410942, 45.737970055442268 ], [ 4.883481359922232, 45.73784638565715 ] ] ] } },
{ "type": "Feature", "properties": { "idcar_200m": "CRS3035RES200mN2527600E3922800", "population": 89.5, "median_education": 16.281, "median_healthcare": 71.238, "median_services": 5.3185, "median_commerce": 48.2825, "median_entertainment": 28.452, "PC1_pos": 1.4125215299359377, "nivvie": 16689.532960893855, "rel_education": 0.80097622640537458, "rel_sante": 1.4873769776305508, "rel_services": 0.41988003324524864, "rel_commerce": 0.29237023625512543, "rel_loisirs": 0.73922938120929937, "rel_pc1": 0.67379881348773174, "q_revenu": 1, "q_population": 1 }, "geometry": { "type": "Polygon", "coordinates": [ [ [ 4.886042907410942, 45.737970055442268 ], [ 4.885874267600976, 45.739767115183433 ], [ 4.888435909349057, 45.739890727849165 ], [ 4.888604465376154, 45.738093663399965 ], [ 4.886042907410942, 45.737970055442268 ] ] ] } },
{ "type": "Feature", "properties": { "idcar_200m": "CRS3035RES200mN2527600E3923000", "population": 5.5, "median_education": 12.072, "median_healthcare": 61.593, "median_services": 4.011, "median_commerce": 40.467, "median_entertainment": 21.109, "PC1_pos": 1.138582294605706, "nivvie": 29463.672727272729, "rel_education": 0.59390608716698501, "rel_sante": 1.2859991883994288, "rel_services": 0.31665672903011982, "rel_commerce": 0.24504419511284961, "rel_loisirs": 0.54844626064765578, "rel_pc1": 0.54312474741412087, "q_revenu": 4, "q_population": 1 }, "geometry": { "type": "Polygon", "coordinates": [ [ [ 4.888604465376154, 45.738093663399965 ], [ 4.888435909349057, 45.739890727849165 ], [ 4.890997561569874, 45.740014278684761 ], [ 4.891166033812731, 45.738217209529878 ], [ 4.888604465376154, 45.738093663399965 ] ] ] } },
{ "type": "Feature", "properties": { "idcar_200m": "CRS3035RES200mN2527600E3923200", "population": 5.0, "median_education": 11.419, "median_healthcare": 49.201, "median_services": 3.566, "median_commerce": 32.893, "median_entertainment": 18.677, "PC1_pos": 0.93336996843791109, "nivvie": 29463.68, "rel_education": 0.56178045140488753, "rel_sante": 1.0272668333810708, "rel_services": 0.28152527941196892, "rel_commerce": 0.19918053500004848, "rel_loisirs": 0.48525893268824988, "rel_pc1": 0.44523468418004847, "q_revenu": 4, "q_population": 1 }, "geometry": { "type": "Polygon", "coordinates": [ [ [ 4.891166033812731, 45.738217209529878 ], [ 4.890997561569874, 45.740014278684761 ], [ 4.893559224258278, 45.740137767689824 ], [ 4.893727612715521, 45.738340693831582 ], [ 4.891166033812731, 45.738217209529878 ] ] ] } },
{ "type": "Feature", "properties": { "idcar_200m": "CRS3035RES200mN2527800E3917000", "population": 3.0, "median_education": 2.252, "median_healthcare": 3.2475, "median_services": 0.843, "median_commerce": 9.852, "median_entertainment": 4.9925, "PC1_pos": 0.10254292815413368, "nivvie": 29639.933333333334, "rel_education": 0.11079162593605452, "rel_sante": 0.067804496685128918, "rel_services": 0.066552386580002745, "rel_commerce": 0.059657879512980808, "rel_loisirs": 0.12971329557456163, "rel_pc1": 0.048914867389629517, "q_revenu": 4, "q_population": 1 }, "geometry": { "type": "Polygon", "coordinates": [ [ [ 4.811591235666207, 45.736155453606784 ], [ 4.811420152099873, 45.737952373345557 ], [ 4.813981571651239, 45.738077783683138 ], [ 4.814152571467751, 45.73628085916841 ], [ 4.811591235666207, 45.736155453606784 ] ] ] } },
{ "type": "Feature", "properties": { "idcar_200m": "CRS3035RES200mN2527800E3918000", "population": 1177.0, "median_education": 13.5335, "median_healthcare": 21.29, "median_services": 4.434, "median_commerce": 53.882, "median_entertainment": 23.2875, "PC1_pos": 0.90126331458460296, "nivvie": 24232.939592183517, "rel_education": 0.66580749094386948, "rel_sante": 0.44451354408818922, "rel_services": 0.35005134293681156, "rel_commerce": 0.32627749329257327, "rel_loisirs": 0.60504724500602991, "rel_pc1": 0.42991921831780316, "q_revenu": 2, "q_population": 5 }, "geometry": { "type": "Polygon", "coordinates": [ [ [ 4.824398020841113, 45.736781863228494 ], [ 4.824227356037835, 45.738578806823632 ], [ 4.826788828654062, 45.738703908054205 ], [ 4.826959409700555, 45.736906959694785 ], [ 4.824398020841113, 45.736781863228494 ] ] ] } },
{ "type": "Feature", "properties": { "idcar_200m": "CRS3035RES200mN2527800E3918200", "population": 738.5, "median_education": 15.763, "median_healthcare": 25.456, "median_services": 5.562, "median_commerce": 66.629, "median_entertainment": 26.08, "PC1_pos": 1.109040041643135, "nivvie": 22153.358700067707, "rel_education": 0.77549218456040303, "rel_sante": 0.53149538648703365, "rel_services": 0.43910364668798968, "rel_commerce": 0.40346577893528202, "rel_loisirs": 0.67760095114362884, "rel_pc1": 0.52903254805852051, "q_revenu": 1, "q_population": 4 }, "geometry": { "type": "Polygon", "coordinates": [ [ [ 4.826959409700555, 45.736906959694785 ], [ 4.826788828654062, 45.738703908054205 ], [ 4.829350311867837, 45.738828947462174 ], [ 4.829520809156153, 45.73703199434074 ], [ 4.826959409700555, 45.736906959694785 ] ] ] } },
{ "type": "Feature", "properties": { "idcar_200m": "CRS3035RES200mN2527800E3918400", "population": 698.0, "median_education": 18.4495, "median_healthcare": 30.4515, "median_services": 7.1015, "median_commerce": 82.6135, "median_entertainment": 30.1485, "PC1_pos": 1.3271104951345092, "nivvie": 24172.711318051577, "rel_education": 0.90765990351120696, "rel_sante": 0.63579634512923877, "rel_services": 0.56064267295123305, "rel_commerce": 0.50025844794413721, "rel_loisirs": 0.78330721915466628, "rel_pc1": 0.63305617510078127, "q_revenu": 2, "q_population": 4 }, "geometry": { "type": "Polygon", "coordinates": [ [ [ 4.829520809156153, 45.73703199434074 ], [ 4.829350311867837, 45.738828947462174 ], [ 4.83191180567402, 45.738953925047049 ], [ 4.832082219202768, 45.737156967166015 ], [ 4.829520809156153, 45.73703199434074 ] ] ] } },
{ "type": "Feature", "properties": { "idcar_200m": "CRS3035RES200mN2527800E3918600", "population": 29.0, "median_education": 18.431, "median_healthcare": 33.2595, "median_services": 7.656, "median_commerce": 89.82, "median_entertainment": 30.0685, "PC1_pos": 1.3881265643917122, "nivvie": 22556.265517241376, "rel_education": 0.90674975915960065, "rel_sante": 0.69442452886806627, "rel_services": 0.60441882758778298, "rel_commerce": 0.54389674562078116, "rel_loisirs": 0.78122868862968586, "rel_pc1": 0.66216196513504244, "q_revenu": 2, "q_population": 1 }, "geometry": { "type": "Polygon", "coordinates": [ [ [ 4.832082219202768, 45.737156967166015 ], [ 4.83191180567402, 45.738953925047049 ], [ 4.834473310067471, 45.739078840808496 ], [ 4.834643639835261, 45.73728187817013 ], [ 4.832082219202768, 45.737156967166015 ] ] ] } },
{ "type": "Feature", "properties": { "idcar_200m": "CRS3035RES200mN2527800E3918800", "population": 1.0, "median_education": 18.908, "median_healthcare": 40.768, "median_services": 8.933, "median_commerce": 101.943, "median_entertainment": 31.079, "PC1_pos": 1.5710357926676568, "nivvie": 22556.3, "rel_education": 0.93021672433344549, "rel_sante": 0.85119437131927189, "rel_services": 0.705234245930207, "rel_commerce": 0.61730645667801487, "rel_loisirs": 0.80748312732334526, "rel_pc1": 0.74941303945592552, "q_revenu": 2, "q_population": 1 }, "geometry": { "type": "Polygon", "coordinates": [ [ [ 4.834643639835261, 45.73728187817013 ], [ 4.834473310067471, 45.739078840808496 ], [ 4.837034825043044, 45.739203694746081 ], [ 4.837205071048491, 45.73740672735272 ], [ 4.834643639835261, 45.73728187817013 ] ] ] } },
{ "type": "Feature", "properties": { "idcar_200m": "CRS3035RES200mN2527800E3919000", "population": 458.5, "median_education": 18.6885, "median_healthcare": 42.9005, "median_services": 9.747, "median_commerce": 109.6175, "median_entertainment": 31.9205, "PC1_pos": 1.6425148890694825, "nivvie": 24494.396292257359, "rel_education": 0.9194179845941185, "rel_sante": 0.89571880216793631, "rel_services": 0.76949716725419548, "rel_commerce": 0.66377868529376516, "rel_loisirs": 0.82934667028298337, "rel_pc1": 0.7835098863527723, "q_revenu": 2, "q_population": 3 }, "geometry": { "type": "Polygon", "coordinates": [ [ [ 4.837205071048491, 45.73740672735272 ], [ 4.837034825043044, 45.739203694746081 ], [ 4.839596350595603, 45.739328486859371 ], [ 4.839766512837315, 45.737531514713346 ], [ 4.837205071048491, 45.73740672735272 ] ] ] } },
{ "type": "Feature", "properties": { "idcar_200m": "CRS3035RES200mN2527800E3919200", "population": 574.0, "median_education": 16.1545, "median_healthcare": 40.39, "median_services": 9.3195, "median_commerce": 106.0865, "median_entertainment": 28.98, "PC1_pos": 1.5355731414100131, "nivvie": 21804.578222996515, "rel_education": 0.79475280692006778, "rel_sante": 0.84330211581596826, "rel_services": 0.73574729149743245, "rel_commerce": 0.64239703968268769, "rel_loisirs": 0.75294768267417045, "rel_pc1": 0.73249670095479613, "q_revenu": 1, "q_population": 4 }, "geometry": { "type": "Polygon", "coordinates": [ [ [ 4.839766512837315, 45.737531514713346 ], [ 4.839596350595603, 45.739328486859371 ], [ 4.842157886719999, 45.739453217147975 ], [ 4.842327965196596, 45.737656240251624 ], [ 4.839766512837315, 45.737531514713346 ] ] ] } },
{ "type": "Feature", "properties": { "idcar_200m": "CRS3035RES200mN2527800E3919400", "population": 8.0, "median_education": 13.088, "median_healthcare": 33.316, "median_services": 7.775, "median_commerce": 89.255, "median_entertainment": 23.97, "PC1_pos": 1.2484084953934611, "nivvie": 30733.325, "rel_education": 0.64389023101735421, "rel_sante": 0.69560419139699925, "rel_services": 0.61381352984522108, "rel_commerce": 0.54047544010668913, "rel_loisirs": 0.62277970854726938, "rel_pc1": 0.59551387013709334, "q_revenu": 4, "q_population": 1 }, "geometry": { "type": "Polygon", "coordinates": [ [ [ 4.842327965196596, 45.737656240251624 ], [ 4.842157886719999, 45.739453217147975 ], [ 4.844719433411099, 45.739577885611425 ], [ 4.844889428121186, 45.737780903967113 ], [ 4.842327965196596, 45.737656240251624 ] ] ] } },
{ "type": "Feature", "properties": { "idcar_200m": "CRS3035RES200mN2527800E3920000", "population": 538.0, "median_education": 20.4955, "median_healthcare": 52.9925, "median_services": 12.2345, "median_commerce": 131.86, "median_entertainment": 34.256, "PC1_pos": 1.8835115074956899, "nivvie": 18851.192750929367, "rel_education": 1.0083169490996473, "rel_sante": 1.106429496716457, "rel_services": 0.96587802326576944, "rel_commerce": 0.79846609750118247, "rel_loisirs": 0.89002677079663162, "rel_pc1": 0.89846971677567478, "q_revenu": 1, "q_population": 4 }, "geometry": { "type": "Polygon", "coordinates": [ [ [ 4.850012385645736, 45.738030045928099 ], [ 4.849842558472819, 45.739827037061488 ], [ 4.852404136833156, 45.739951520047221 ], [ 4.852573880235414, 45.73815452417282 ], [ 4.850012385645736, 45.738030045928099 ] ] ] } },
{ "type": "Feature", "properties": { "idcar_200m": "CRS3035RES200mN2527800E3920200", "population": 45.0, "median_education": 19.771, "median_healthcare": 46.721, "median_services": 10.4785, "median_commerce": 111.1225, "median_entertainment": 31.727, "PC1_pos": 1.7263024547528096, "nivvie": 21371.073333333334, "rel_education": 0.97267372841107202, "rel_sante": 0.97548695600489865, "rel_services": 0.82724695466021214, "rel_commerce": 0.67289207431802778, "rel_loisirs": 0.82431922457568696, "rel_pc1": 0.82347810003728272, "q_revenu": 1, "q_population": 1 }, "geometry": { "type": "Polygon", "coordinates": [ [ [ 4.852573880235414, 45.73815452417282 ], [ 4.852404136833156, 45.739951520047221 ], [ 4.854965725739624, 45.740075941206172 ], [ 4.855135385369837, 45.738278940593091 ], [ 4.852573880235414, 45.73815452417282 ] ] ] } },
{ "type": "Feature", "properties": { "idcar_200m": "CRS3035RES200mN2527800E3920400", "population": 2.0, "median_education": 22.409, "median_healthcare": 48.956, "median_services": 10.707, "median_commerce": 115.137, "median_entertainment": 34.44, "PC1_pos": 1.8617527859611342, "nivvie": 28348.85, "rel_education": 1.1024553932509085, "rel_sante": 1.0221514825918927, "rel_services": 0.84528636193604911, "rel_commerce": 0.69720150969204941, "rel_loisirs": 0.89480739100408657, "rel_pc1": 0.88809040542198625, "q_revenu": 3, "q_population": 1 }, "geometry": { "type": "Polygon", "coordinates": [ [ [ 4.855135385369837, 45.738278940593091 ], [ 4.854965725739624, 45.740075941206172 ], [ 4.857527325187077, 45.740200300538028 ], [ 4.857696901043862, 45.738403295188547 ], [ 4.855135385369837, 45.738278940593091 ] ] ] } },
{ "type": "Feature", "properties": { "idcar_200m": "CRS3035RES200mN2527800E3920600", "population": 331.0, "median_education": 25.7495, "median_healthcare": 54.5045, "median_services": 12.0485, "median_commerce": 131.0445, "median_entertainment": 38.6135, "PC1_pos": 2.0675303780541525, "nivvie": 18074.056797583082, "rel_education": 1.2667979449557885, "rel_sante": 1.1379985187296717, "rel_services": 0.95119386679616025, "rel_commerce": 0.79352791228570985, "rel_loisirs": 1.003241730329161, "rel_pc1": 0.98625011092461778, "q_revenu": 1, "q_population": 3 }, "geometry": { "type": "Polygon", "coordinates": [ [ [ 4.857696901043862, 45.738403295188547 ], [ 4.857527325187077, 45.740200300538028 ], [ 4.860088935170371, 45.740324598042307 ], [ 4.860258427252345, 45.738527587958778 ], [ 4.857696901043862, 45.738403295188547 ] ] ] } },
{ "type": "Feature", "properties": { "idcar_200m": "CRS3035RES200mN2527800E3920800", "population": 1261.5, "median_education": 29.682, "median_healthcare": 59.6215, "median_services": 12.726, "median_commerce": 143.0545, "median_entertainment": 42.8965, "PC1_pos": 2.2940366402728714, "nivvie": 21805.525168450258, "rel_education": 1.460265115912065, "rel_sante": 1.2448362737836531, "rel_services": 1.0046805120013227, "rel_commerce": 0.86625336224012528, "rel_loisirs": 1.1145210583103022, "rel_pc1": 1.0942977742670912, "q_revenu": 1, "q_population": 5 }, "geometry": { "type": "Polygon", "coordinates": [ [ [ 4.860258427252345, 45.738527587958778 ], [ 4.860088935170371, 45.740324598042307 ], [ 4.862650555684364, 45.740448833718609 ], [ 4.862819963990144, 45.738651818903378 ], [ 4.860258427252345, 45.738527587958778 ] ] ] } },
{ "type": "Feature", "properties": { "idcar_200m": "CRS3035RES200mN2527800E3921000", "population": 1063.5, "median_education": 30.256, "median_healthcare": 62.725, "median_services": 12.917, "median_commerce": 145.203, "median_entertainment": 45.172, "PC1_pos": 2.4147517615759226, "nivvie": 26914.193135872119, "rel_education": 1.4885041893078446, "rel_sante": 1.309634196943714, "rel_services": 1.0197594038598996, "rel_commerce": 0.87926340630565902, "rel_loisirs": 1.1736422609302148, "rel_pc1": 1.1518811128429729, "q_revenu": 3, "q_population": 5 }, "geometry": { "type": "Polygon", "coordinates": [ [ [ 4.862819963990144, 45.738651818903378 ], [ 4.862650555684364, 45.740448833718609 ], [ 4.865212186723912, 45.740573007566539 ], [ 4.865381511252119, 45.738775988021906 ], [ 4.862819963990144, 45.738651818903378 ] ] ] } },
{ "type": "Feature", "properties": { "idcar_200m": "CRS3035RES200mN2527800E3921200", "population": 792.0, "median_education": 32.578, "median_healthcare": 68.0565, "median_services": 14.4875, "median_commerce": 150.663, "median_entertainment": 50.459, "PC1_pos": 2.5898262278660154, "nivvie": 26170.743055555555, "rel_education": 1.6027396046824089, "rel_sante": 1.420950493811078, "rel_services": 1.1437457895347447, "rel_commerce": 0.91232593392856554, "rel_loisirs": 1.311007146999861, "rel_pc1": 1.2353948612412806, "q_revenu": 3, "q_population": 4 }, "geometry": { "type": "Polygon", "coordinates": [ [ [ 4.865381511252119, 45.738775988021906 ], [ 4.865212186723912, 45.740573007566539 ], [ 4.867773828283873, 45.74069711958564 ], [ 4.867943069033125, 45.738900095313973 ], [ 4.865381511252119, 45.738775988021906 ] ] ] } },
{ "type": "Feature", "properties": { "idcar_200m": "CRS3035RES200mN2527800E3921400", "population": 185.0, "median_education": 30.031, "median_healthcare": 62.707, "median_services": 13.541, "median_commerce": 135.81, "median_entertainment": 46.246, "PC1_pos": 2.329597096899334, "nivvie": 26682.622702702705, "rel_education": 1.4774348661126346, "rel_sante": 1.3092583752530804, "rel_services": 1.0690223804031047, "rel_commerce": 0.82238495905987863, "rel_loisirs": 1.2015465332280777, "rel_pc1": 1.1112607677324575, "q_revenu": 3, "q_population": 2 }, "geometry": { "type": "Polygon", "coordinates": [ [ [ 4.867943069033125, 45.738900095313973 ], [ 4.867773828283873, 45.74069711958564 ], [ 4.870335480359096, 45.740821169775607 ], [ 4.870504637328017, 45.739024140779193 ], [ 4.867943069033125, 45.738900095313973 ] ] ] } },
{ "type": "Feature", "properties": { "idcar_200m": "CRS3035RES200mN2527800E3921600", "population": 63.0, "median_education": 27.818, "median_healthcare": 62.6145, "median_services": 12.337, "median_commerce": 113.9555, "median_entertainment": 40.632, "PC1_pos": 2.1345404767349478, "nivvie": 30339.261904761905, "rel_education": 1.3685619228637498, "rel_sante": 1.3073270693428805, "rel_services": 0.97397009873961315, "rel_commerce": 0.690047045152404, "rel_loisirs": 1.0556856536375741, "rel_pc1": 1.0182151635103036, "q_revenu": 4, "q_population": 1 }, "geometry": { "type": "Polygon", "coordinates": [ [ [ 4.870504637328017, 45.739024140779193 ], [ 4.870335480359096, 45.740821169775607 ], [ 4.872897142944449, 45.740945158135951 ], [ 4.873066216131657, 45.739148124417135 ], [ 4.870504637328017, 45.739024140779193 ] ] ] } },
{ "type": "Feature", "properties": { "idcar_200m": "CRS3035RES200mN2527800E3921800", "population": 679.5, "median_education": 30.402, "median_healthcare": 76.489, "median_services": 13.882, "median_commerce": 122.937, "median_entertainment": 45.414, "PC1_pos": 2.4518252436309833, "nivvie": 28028.340103016926, "rel_education": 1.4956869501367362, "rel_sante": 1.5970125163814706, "rel_services": 1.0959433339307214, "rel_commerce": 0.74443369201048737, "rel_loisirs": 1.1799298157682809, "rel_pc1": 1.1695658473345538, "q_revenu": 3, "q_population": 4 }, "geometry": { "type": "Polygon", "coordinates": [ [ [ 4.873066216131657, 45.739148124417135 ], [ 4.872897142944449, 45.740945158135951 ], [ 4.875458816034778, 45.7410690846663 ], [ 4.875627805438894, 45.739272046227363 ], [ 4.873066216131657, 45.739148124417135 ] ] ] } },
{ "type": "Feature", "properties": { "idcar_200m": "CRS3035RES200mN2527800E3922000", "population": 392.5, "median_education": 24.637, "median_healthcare": 73.213, "median_services": 10.634, "median_commerce": 91.9005, "median_entertainment": 39.703, "PC1_pos": 2.1272270707832508, "nivvie": 23063.31821656051, "rel_education": 1.212066291379474, "rel_sante": 1.5286129686861718, "rel_services": 0.83952322525711653, "rel_commerce": 0.55649502194302602, "rel_loisirs": 1.0315487179162386, "rel_pc1": 1.0147265340286482, "q_revenu": 2, "q_population": 3 }, "geometry": { "type": "Polygon", "coordinates": [ [ [ 4.875627805438894, 45.739272046227363 ], [ 4.875458816034778, 45.7410690846663 ], [ 4.878020499624942, 45.741192949366223 ], [ 4.87818940524459, 45.739395906209545 ], [ 4.875627805438894, 45.739272046227363 ] ] ] } },
{ "type": "Feature", "properties": { "idcar_200m": "CRS3035RES200mN2527800E3922200", "population": 268.0, "median_education": 23.293, "median_healthcare": 76.855, "median_services": 10.021, "median_commerce": 89.988, "median_entertainment": 40.583, "PC1_pos": 2.0322213218324023, "nivvie": 24895.664179104479, "rel_education": 1.1459455341600879, "rel_sante": 1.6046542240910187, "rel_services": 0.7911286665696412, "rel_commerce": 0.54491405416302441, "rel_loisirs": 1.0544125536910234, "rel_pc1": 0.96940704008755529, "q_revenu": 2, "q_population": 3 }, "geometry": { "type": "Polygon", "coordinates": [ [ [ 4.87818940524459, 45.739395906209545 ], [ 4.878020499624942, 45.741192949366223 ], [ 4.880582193709795, 45.741316752235306 ], [ 4.880751015543598, 45.739519704363225 ], [ 4.87818940524459, 45.739395906209545 ] ] ] } },
{ "type": "Feature", "properties": { "idcar_200m": "CRS3035RES200mN2527800E3922400", "population": 437.0, "median_education": 21.5855, "median_healthcare": 85.339, "median_services": 8.5765, "median_commerce": 77.34, "median_entertainment": 39.7275, "PC1_pos": 1.9664871799619985, "nivvie": 17428.314874141877, "rel_education": 1.0619416703564408, "rel_sante": 1.781791514276279, "rel_services": 0.67708961269678947, "rel_commerce": 0.46832525391128055, "rel_loisirs": 1.0321852678895138, "rel_pc1": 0.9380506424261893, "q_revenu": 1, "q_population": 3 }, "geometry": { "type": "Polygon", "coordinates": [ [ [ 4.880751015543598, 45.739519704363225 ], [ 4.880582193709795, 45.741316752235306 ], [ 4.883143898284195, 45.741440493273132 ], [ 4.883312636330775, 45.739643440687971 ], [ 4.880751015543598, 45.739519704363225 ] ] ] } },
{ "type": "Feature", "properties": { "idcar_200m": "CRS3035RES200mN2527800E3922600", "population": 123.5, "median_education": 19.163, "median_healthcare": 87.697, "median_services": 7.265, "median_commerce": 70.995, "median_entertainment": 35.083, "PC1_pos": 1.8212035928213262, "nivvie": 26889.145748987856, "rel_education": 0.94276195728801637, "rel_sante": 1.8310241557492688, "rel_services": 0.57355052017048624, "rel_commerce": 0.4299036902176282, "rel_loisirs": 0.91151358009861705, "rel_pc1": 0.86874769265871477, "q_revenu": 3, "q_population": 2 }, "geometry": { "type": "Polygon", "coordinates": [ [ [ 4.883312636330775, 45.739643440687971 ], [ 4.883143898284195, 45.741440493273132 ], [ 4.885705613342995, 45.741564172479364 ], [ 4.885874267600976, 45.739767115183433 ], [ 4.883312636330775, 45.739643440687971 ] ] ] } },
{ "type": "Feature", "properties": { "idcar_200m": "CRS3035RES200mN2527800E3922800", "population": 371.0, "median_education": 15.652, "median_healthcare": 79.862, "median_services": 5.694, "median_commerce": 57.35, "median_entertainment": 28.873, "PC1_pos": 1.5478788758051238, "nivvie": 31859.787870619948, "rel_education": 0.77003131845076611, "rel_sante": 1.6674373254096273, "rel_services": 0.44952466095674454, "rel_commerce": 0.34727764820030954, "rel_loisirs": 0.7501676480970092, "rel_pc1": 0.7383667631512264, "q_revenu": 4, "q_population": 3 }, "geometry": { "type": "Polygon", "coordinates": [ [ [ 4.885874267600976, 45.739767115183433 ], [ 4.885705613342995, 45.741564172479364 ], [ 4.888267338881048, 45.741687789853529 ], [ 4.888435909349057, 45.739890727849165 ], [ 4.885874267600976, 45.739767115183433 ] ] ] } },
{ "type": "Feature", "properties": { "idcar_200m": "CRS3035RES200mN2527800E3923000", "population": 53.0, "median_education": 13.127, "median_healthcare": 67.118, "median_services": 4.6435, "median_commerce": 50.8915, "median_entertainment": 24.3815, "PC1_pos": 1.2801823976613973, "nivvie": 29463.675471698116, "rel_education": 0.64580891370452387, "rel_sante": 1.401355568441103, "rel_services": 0.36659075573457023, "rel_commerce": 0.30816879569984396, "rel_loisirs": 0.63347114993513765, "rel_pc1": 0.61067060735792822, "q_revenu": 4, "q_population": 1 }, "geometry": { "type": "Polygon", "coordinates": [ [ [ 4.888435909349057, 45.739890727849165 ], [ 4.888267338881048, 45.741687789853529 ], [ 4.890829074893213, 45.741811345395249 ], [ 4.890997561569874, 45.740014278684761 ], [ 4.888435909349057, 45.739890727849165 ] ] ] } },
{ "type": "Feature", "properties": { "idcar_200m": "CRS3035RES200mN2527800E3923200", "population": 4.0, "median_education": 9.999, "median_healthcare": 42.952, "median_services": 3.213, "median_commerce": 32.278, "median_entertainment": 17.281, "PC1_pos": 0.84767829732284783, "nivvie": 29463.675, "rel_education": 0.49192072279511956, "rel_sante": 0.89679406978280429, "rel_services": 0.25365696095082896, "rel_commerce": 0.19545645908647935, "rel_loisirs": 0.44898857502734091, "rel_pc1": 0.40435817709719418, "q_revenu": 4, "q_population": 1 }, "geometry": { "type": "Polygon", "coordinates": [ [ [ 4.890997561569874, 45.740014278684761 ], [ 4.890829074893213, 45.741811345395249 ], [ 4.89339082137434, 45.741934839104097 ], [ 4.893559224258278, 45.740137767689824 ], [ 4.890997561569874, 45.740014278684761 ] ] ] } },
{ "type": "Feature", "properties": { "idcar_200m": "CRS3035RES200mN2528000E3917400", "population": 108.5, "median_education": 11.932, "median_healthcare": 18.915, "median_services": 5.2695, "median_commerce": 67.008, "median_entertainment": 22.169, "PC1_pos": 0.91814870807389637, "nivvie": 30020.082949308755, "rel_education": 0.5870185082899656, "rel_sante": 0.394925959907379, "rel_services": 0.41601162643336242, "rel_commerce": 0.40576077856331888, "rel_loisirs": 0.57598679010364684, "rel_pc1": 0.43797386234073382, "q_revenu": 4, "q_population": 1 }, "geometry": { "type": "Polygon", "coordinates": [ [ [ 4.816543001825859, 45.738203132200155 ], [ 4.816372071119011, 45.740000059032269 ], [ 4.818933595671458, 45.740125350499994 ], [ 4.819104442618595, 45.738328418896188 ], [ 4.816543001825859, 45.738203132200155 ] ] ] } },
{ "type": "Feature", "properties": { "idcar_200m": "CRS3035RES200mN2528000E3918000", "population": 153.5, "median_education": 13.8515, "median_healthcare": 22.7805, "median_services": 5.2505, "median_commerce": 66.4375, "median_entertainment": 23.57, "PC1_pos": 0.98938705760737888, "nivvie": 29869.809771986969, "rel_education": 0.68145213439309915, "rel_sante": 0.4756336679709251, "rel_services": 0.41451163195528407, "rel_commerce": 0.40230616830528443, "rel_loisirs": 0.61238705592236709, "rel_pc1": 0.47195586854255206, "q_revenu": 4, "q_population": 2 }, "geometry": { "type": "Polygon", "coordinates": [ [ [ 4.824227356037835, 45.738578806823632 ], [ 4.8240566766143, 45.740375747963839 ], [ 4.826618232994417, 45.740500853959141 ], [ 4.826788828654062, 45.738703908054205 ], [ 4.824227356037835, 45.738578806823632 ] ] ] } },
{ "type": "Feature", "properties": { "idcar_200m": "CRS3035RES200mN2528000E3918200", "population": 353.5, "median_education": 14.926, "median_healthcare": 24.7815, "median_services": 5.999, "median_commerce": 75.2625, "median_entertainment": 24.7495, "PC1_pos": 1.0383982668859026, "nivvie": 25323.250353606789, "rel_education": 0.73431430227422279, "rel_sante": 0.51741251257968357, "rel_services": 0.47360351968379183, "rel_commerce": 0.45574514381300429, "rel_loisirs": 0.64303239035004778, "rel_pc1": 0.49533511902446575, "q_revenu": 2, "q_population": 3 }, "geometry": { "type": "Polygon", "coordinates": [ [ [ 4.826788828654062, 45.738703908054205 ], [ 4.826618232994417, 45.740500853959141 ], [ 4.829179799973472, 45.740625898129494 ], [ 4.829350311867837, 45.738828947462174 ], [ 4.826788828654062, 45.738703908054205 ] ] ] } },
{ "type": "Feature", "properties": { "idcar_200m": "CRS3035RES200mN2528000E3918400", "population": 46.0, "median_education": 18.653, "median_healthcare": 32.388, "median_services": 7.675, "median_commerce": 92.784, "median_entertainment": 30.732, "PC1_pos": 1.2194530409814111, "nivvie": 25386.941304347827, "rel_education": 0.91767149137887427, "rel_sante": 0.67622849534656049, "rel_services": 0.60591882206586123, "rel_commerce": 0.56184497490178764, "rel_loisirs": 0.79846750117124243, "rel_pc1": 0.58170158450933218, "q_revenu": 2, "q_population": 1 }, "geometry": { "type": "Polygon", "coordinates": [ [ [ 4.829350311867837, 45.738828947462174 ], [ 4.829179799973472, 45.740625898129494 ], [ 4.831741377546321, 45.740750880474451 ], [ 4.83191180567402, 45.738953925047049 ], [ 4.829350311867837, 45.738828947462174 ] ] ] } },
{ "type": "Feature", "properties": { "idcar_200m": "CRS3035RES200mN2528000E3918600", "population": 221.0, "median_education": 19.095, "median_healthcare": 37.0435, "median_services": 8.721, "median_commerce": 109.029, "median_entertainment": 31.261, "PC1_pos": 1.5701736039953886, "nivvie": 22615.333484162897, "rel_education": 0.93941656183346411, "rel_sante": 0.77343059983235496, "rel_services": 0.68849746543796431, "rel_commerce": 0.66021507769191878, "rel_loisirs": 0.81221178426767571, "rel_pc1": 0.74900175956244086, "q_revenu": 2, "q_population": 2 }, "geometry": { "type": "Polygon", "coordinates": [ [ [ 4.83191180567402, 45.738953925047049 ], [ 4.831741377546321, 45.740750880474451 ], [ 4.834302965707833, 45.740875800993621 ], [ 4.834473310067471, 45.739078840808496 ], [ 4.83191180567402, 45.738953925047049 ] ] ] } },
{ "type": "Feature", "properties": { "idcar_200m": "CRS3035RES200mN2528000E3918800", "population": 737.5, "median_education": 18.957, "median_healthcare": 40.898, "median_services": 9.614, "median_commerce": 118.542, "median_entertainment": 30.739, "PC1_pos": 1.6431043967486016, "nivvie": 25712.323389830508, "rel_education": 0.93262737694040221, "rel_sante": 0.8539086390849584, "rel_services": 0.75899720590764708, "rel_commerce": 0.71782017389644448, "rel_loisirs": 0.79864937259217827, "rel_pc1": 0.78379109238490297, "q_revenu": 2, "q_population": 4 }, "geometry": { "type": "Polygon", "coordinates": [ [ [ 4.834473310067471, 45.739078840808496 ], [ 4.834302965707833, 45.740875800993621 ], [ 4.836864564452854, 45.741000659686627 ], [ 4.837034825043044, 45.739203694746081 ], [ 4.834473310067471, 45.739078840808496 ] ] ] } },
{ "type": "Feature", "properties": { "idcar_200m": "CRS3035RES200mN2528000E3919000", "population": 375.0, "median_education": 18.741, "median_healthcare": 43.832, "median_services": 10.784, "median_commerce": 127.642, "median_entertainment": 31.985, "PC1_pos": 1.7937768439774289, "nivvie": 29428.988, "rel_education": 0.92200082667300087, "rel_sante": 0.91516757465822041, "rel_services": 0.85136528692615621, "rel_commerce": 0.7729243866012887, "rel_loisirs": 0.83102248551874891, "rel_pc1": 0.85566462777284213, "q_revenu": 4, "q_population": 3 }, "geometry": { "type": "Polygon", "coordinates": [ [ [ 4.837034825043044, 45.739203694746081 ], [ 4.836864564452854, 45.741000659686627 ], [ 4.839426173776247, 45.741125456552957 ], [ 4.839596350595603, 45.739328486859371 ], [ 4.837034825043044, 45.739203694746081 ] ] ] } },
{ "type": "Feature", "properties": { "idcar_200m": "CRS3035RES200mN2528000E3919200", "population": 354.5, "median_education": 17.8515, "median_healthcare": 43.7175, "median_services": 11.028, "median_commerce": 129.822, "median_entertainment": 32.057, "PC1_pos": 1.7706048806640136, "nivvie": 25298.091960507758, "rel_education": 0.87824010230793847, "rel_sante": 0.912776931126135, "rel_services": 0.87062837390779391, "rel_commerce": 0.78612517601849319, "rel_loisirs": 0.83289316299123139, "rel_pc1": 0.84461117403364949, "q_revenu": 2, "q_population": 3 }, "geometry": { "type": "Polygon", "coordinates": [ [ [ 4.839596350595603, 45.739328486859371 ], [ 4.839426173776247, 45.741125456552957 ], [ 4.841987793672867, 45.741250191592322 ], [ 4.842157886719999, 45.739453217147975 ], [ 4.839596350595603, 45.739328486859371 ] ] ] } },
{ "type": "Feature", "properties": { "idcar_200m": "CRS3035RES200mN2528000E3919400", "population": 22.0, "median_education": 14.1615, "median_healthcare": 35.897, "median_services": 8.647, "median_commerce": 101.968, "median_entertainment": 25.9075, "PC1_pos": 1.4000530664732915, "nivvie": 27857.486363636363, "rel_education": 0.69670320190649926, "rel_sante": 0.74949284603728172, "rel_services": 0.68265538168123796, "rel_commerce": 0.61745784187775343, "rel_loisirs": 0.67311911969913973, "rel_pc1": 0.66785112652573042, "q_revenu": 3, "q_population": 1 }, "geometry": { "type": "Polygon", "coordinates": [ [ [ 4.842157886719999, 45.739453217147975 ], [ 4.841987793672867, 45.741250191592322 ], [ 4.844549424137573, 45.741374864804264 ], [ 4.844719433411099, 45.739577885611425 ], [ 4.842157886719999, 45.739453217147975 ] ] ] } },
{ "type": "Feature", "properties": { "idcar_200m": "CRS3035RES200mN2528000E3919600", "population": 7.0, "median_education": 13.505, "median_healthcare": 34.888, "median_services": 9.375, "median_commerce": 113.167, "median_entertainment": 25.639, "PC1_pos": 1.4355368457258033, "nivvie": 27857.485714285714, "rel_education": 0.66440537667247623, "rel_sante": 0.72842595237899233, "rel_services": 0.7401288543149771, "rel_commerce": 0.68527235595264913, "rel_loisirs": 0.66614305162467413, "rel_pc1": 0.68477754346996444, "q_revenu": 3, "q_population": 1 }, "geometry": { "type": "Polygon", "coordinates": [ [ [ 4.844719433411099, 45.739577885611425 ], [ 4.844549424137573, 45.741374864804264 ], [ 4.847111065165221, 45.741499476188324 ], [ 4.847280990663752, 45.739702492249435 ], [ 4.844719433411099, 45.739577885611425 ] ] ] } },
{ "type": "Feature", "properties": { "idcar_200m": "CRS3035RES200mN2528000E3919800", "population": 49.0, "median_education": 20.382, "median_healthcare": 47.53, "median_services": 12.6, "median_commerce": 141.539, "median_entertainment": 31.389, "PC1_pos": 1.8578373481739192, "nivvie": 16835.99387755102, "rel_education": 1.0027330905100638, "rel_sante": 0.99237805310059346, "rel_services": 0.99473318019932921, "rel_commerce": 0.85707639143197223, "rel_loisirs": 0.81553743310764448, "rel_pc1": 0.88622266940565086, "q_revenu": 1, "q_population": 1 }, "geometry": { "type": "Polygon", "coordinates": [ [ [ 4.847280990663752, 45.739702492249435 ], [ 4.847111065165221, 45.741499476188324 ], [ 4.849672716750669, 45.741624025744159 ], [ 4.849842558472819, 45.739827037061488 ], [ 4.847280990663752, 45.739702492249435 ] ] ] } },
{ "type": "Feature", "properties": { "idcar_200m": "CRS3035RES200mN2528000E3920000", "population": 410.0, "median_education": 21.865, "median_healthcare": 54.349, "median_services": 13.967, "median_commerce": 155.506, "median_entertainment": 35.432, "PC1_pos": 2.1451268239790799, "nivvie": 21973.654878048779, "rel_education": 1.0756922296144902, "rel_sante": 1.1347518369022545, "rel_services": 1.1026538355431772, "rel_commerce": 0.94165227482192382, "rel_loisirs": 0.92058116951384439, "rel_pc1": 1.0232650463340995, "q_revenu": 1, "q_population": 3 }, "geometry": { "type": "Polygon", "coordinates": [ [ [ 4.849842558472819, 45.739827037061488 ], [ 4.849672716750669, 45.741624025744159 ], [ 4.852234378888771, 45.741748513471329 ], [ 4.852404136833156, 45.739951520047221 ], [ 4.849842558472819, 45.739827037061488 ] ] ] } },
{ "type": "Feature", "properties": { "idcar_200m": "CRS3035RES200mN2528000E3920200", "population": 896.5, "median_education": 24.9995, "median_healthcare": 58.4975, "median_services": 14.4365, "median_commerce": 161.062, "median_entertainment": 39.436, "PC1_pos": 2.2918701507006216, "nivvie": 20570.825432236474, "rel_education": 1.2299002009717563, "rel_sante": 1.2213682971018718, "rel_services": 1.1397194885672712, "rel_commerce": 0.97529612161182655, "rel_loisirs": 1.0246116222891162, "rel_pc1": 1.0932643187959512, "q_revenu": 1, "q_population": 5 }, "geometry": { "type": "Polygon", "coordinates": [ [ [ 4.852404136833156, 45.739951520047221 ], [ 4.852234378888771, 45.741748513471329 ], [ 4.85479605157439, 45.741872939369443 ], [ 4.854965725739624, 45.740075941206172 ], [ 4.852404136833156, 45.739951520047221 ] ] ] } },
{ "type": "Feature", "properties": { "idcar_200m": "CRS3035RES200mN2528000E3920400", "population": 562.0, "median_education": 26.665, "median_healthcare": 57.652, "median_services": 13.177, "median_commerce": 146.437, "median_entertainment": 39.966, "PC1_pos": 2.2039011054049, "nivvie": 25847.459786476869, "rel_education": 1.3118377911122974, "rel_sante": 1.2037151171335034, "rel_services": 1.0402856440862351, "rel_commerce": 0.88673577976475548, "rel_loisirs": 1.0383818870171118, "rel_pc1": 1.051301462239284, "q_revenu": 3, "q_population": 4 }, "geometry": { "type": "Polygon", "coordinates": [ [ [ 4.854965725739624, 45.740075941206172 ], [ 4.85479605157439, 45.741872939369443 ], [ 4.857357734802373, 45.741997303438062 ], [ 4.857527325187077, 45.740200300538028 ], [ 4.854965725739624, 45.740075941206172 ] ] ] } },
{ "type": "Feature", "properties": { "idcar_200m": "CRS3035RES200mN2528000E3920600", "population": 1241.0, "median_education": 28.907, "median_healthcare": 59.72, "median_services": 13.205, "median_commerce": 147.373, "median_entertainment": 42.358, "PC1_pos": 2.3387219733694686, "nivvie": 22872.429250604349, "rel_education": 1.4221374471285648, "rel_sante": 1.2468928535907309, "rel_services": 1.0424961622644557, "rel_commerce": 0.89240364164296793, "rel_loisirs": 1.1005299497140273, "rel_pc1": 1.1156135020508346, "q_revenu": 2, "q_population": 5 }, "geometry": { "type": "Polygon", "coordinates": [ [ [ 4.857527325187077, 45.740200300538028 ], [ 4.857357734802373, 45.741997303438062 ], [ 4.859919428567582, 45.742121605676793 ], [ 4.860088935170371, 45.740324598042307 ], [ 4.857527325187077, 45.740200300538028 ] ] ] } },
{ "type": "Feature", "properties": { "idcar_200m": "CRS3035RES200mN2528000E3920800", "population": 1154.0, "median_education": 32.342, "median_healthcare": 63.549, "median_services": 14.0, "median_commerce": 160.76, "median_entertainment": 48.231, "PC1_pos": 2.5187354889044542, "nivvie": 23806.992201039862, "rel_education": 1.5911291145754332, "rel_sante": 1.3268384787816034, "rel_services": 1.105259089110366, "rel_commerce": 0.97346738839898439, "rel_loisirs": 1.2531200718791553, "rel_pc1": 1.2014832680038745, "q_revenu": 2, "q_population": 5 }, "geometry": { "type": "Polygon", "coordinates": [ [ [ 4.860088935170371, 45.740324598042307 ], [ 4.859919428567582, 45.742121605676793 ], [ 4.862481132864873, 45.742245846085218 ], [ 4.862650555684364, 45.740448833718609 ], [ 4.860088935170371, 45.740324598042307 ] ] ] } },
{ "type": "Feature", "properties": { "idcar_200m": "CRS3035RES200mN2528000E3921000", "population": 758.5, "median_education": 33.0475, "median_healthcare": 64.21, "median_services": 13.893, "median_commerce": 163.701, "median_entertainment": 49.2705, "PC1_pos": 2.56940673606876, "nivvie": 26671.47237969677, "rel_education": 1.625837592416413, "rel_sante": 1.3406394864209787, "rel_services": 1.0968117517864511, "rel_commerce": 0.99127634329623127, "rel_loisirs": 1.2801279778881198, "rel_pc1": 1.2256543871646575, "q_revenu": 3, "q_population": 4 }, "geometry": { "type": "Polygon", "coordinates": [ [ [ 4.862650555684364, 45.740448833718609 ], [ 4.862481132864873, 45.742245846085218 ], [ 4.865042847689099, 45.742370024662954 ], [ 4.865212186723912, 45.740573007566539 ], [ 4.862650555684364, 45.740448833718609 ] ] ] } },
{ "type": "Feature", "properties": { "idcar_200m": "CRS3035RES200mN2528000E3921200", "population": 977.0, "median_education": 33.945, "median_healthcare": 64.6385, "median_services": 14.3305, "median_commerce": 166.625, "median_entertainment": 50.7935, "PC1_pos": 2.6238856089599945, "nivvie": 27809.437973387921, "rel_education": 1.669991892717305, "rel_sante": 1.3495861305563372, "rel_services": 1.1313510983211499, "rel_commerce": 1.0089823562576561, "rel_loisirs": 1.3196980027574354, "rel_pc1": 1.251641814001208, "q_revenu": 3, "q_population": 5 }, "geometry": { "type": "Polygon", "coordinates": [ [ [ 4.865212186723912, 45.740573007566539 ], [ 4.865042847689099, 45.742370024662954 ], [ 4.867604573035117, 45.742494141409594 ], [ 4.867773828283873, 45.74069711958564 ], [ 4.865212186723912, 45.740573007566539 ] ] ] } },
{ "type": "Feature", "properties": { "idcar_200m": "CRS3035RES200mN2528000E3921400", "population": 588.5, "median_education": 35.0575, "median_healthcare": 66.2625, "median_services": 15.601, "median_commerce": 165.0435, "median_entertainment": 51.3405, "PC1_pos": 2.7313064912881102, "nivvie": 27518.781988105351, "rel_education": 1.7247235462936199, "rel_sante": 1.3834935986446051, "rel_services": 1.2316533606579154, "rel_commerce": 0.99940572852219323, "rel_loisirs": 1.3339099552219895, "rel_pc1": 1.30288355547029, "q_revenu": 3, "q_population": 4 }, "geometry": { "type": "Polygon", "coordinates": [ [ [ 4.867773828283873, 45.74069711958564 ], [ 4.867604573035117, 45.742494141409594 ], [ 4.870166308897783, 45.742618196324678 ], [ 4.870335480359096, 45.740821169775607 ], [ 4.867773828283873, 45.74069711958564 ] ] ] } },
{ "type": "Feature", "properties": { "idcar_200m": "CRS3035RES200mN2528000E3921600", "population": 597.0, "median_education": 34.139, "median_healthcare": 66.934, "median_services": 14.955, "median_commerce": 147.39, "median_entertainment": 46.175, "PC1_pos": 2.5325756347413058, "nivvie": 34811.534003350083, "rel_education": 1.6795361091611749, "rel_sante": 1.3975138356035162, "rel_services": 1.1806535484032517, "rel_commerce": 0.89250658357879009, "rel_loisirs": 1.1997018373871573, "rel_pc1": 1.2080852727490983, "q_revenu": 5, "q_population": 4 }, "geometry": { "type": "Polygon", "coordinates": [ [ [ 4.870335480359096, 45.740821169775607 ], [ 4.870166308897783, 45.742618196324678 ], [ 4.872728055271954, 45.742742189407842 ], [ 4.872897142944449, 45.740945158135951 ], [ 4.870335480359096, 45.740821169775607 ] ] ] } },
{ "type": "Feature", "properties": { "idcar_200m": "CRS3035RES200mN2528000E3921800", "population": 502.5, "median_education": 33.422, "median_healthcare": 75.862, "median_services": 15.184, "median_commerce": 140.068, "median_entertainment": 47.0695, "PC1_pos": 2.6062752824188329, "nivvie": 28957.562587064676, "rel_education": 1.6442618659124397, "rel_sante": 1.5839213941577366, "rel_services": 1.1987324292179855, "rel_commerce": 0.84816888627935394, "rel_loisirs": 1.2229424068195953, "rel_pc1": 1.2432413635464072, "q_revenu": 4, "q_population": 4 }, "geometry": { "type": "Polygon", "coordinates": [ [ [ 4.872897142944449, 45.740945158135951 ], [ 4.872728055271954, 45.742742189407842 ], [ 4.875289812152479, 45.742866120658668 ], [ 4.875458816034778, 45.7410690846663 ], [ 4.872897142944449, 45.740945158135951 ] ] ] } },
{ "type": "Feature", "properties": { "idcar_200m": "CRS3035RES200mN2528000E3922000", "population": 473.0, "median_education": 30.0505, "median_healthcare": 79.2925, "median_services": 13.917, "median_commerce": 133.4875, "median_entertainment": 46.832, "PC1_pos": 2.5147615431673449, "nivvie": 26623.838266384777, "rel_education": 1.4783942074562195, "rel_sante": 1.6555467446976397, "rel_services": 1.0987064816534973, "rel_commerce": 0.80832127400416431, "rel_loisirs": 1.2167717693235593, "rel_pc1": 1.1995876226166851, "q_revenu": 3, "q_population": 4 }, "geometry": { "type": "Polygon", "coordinates": [ [ [ 4.875458816034778, 45.7410690846663 ], [ 4.875289812152479, 45.742866120658668 ], [ 4.877851579534219, 45.742989990076758 ], [ 4.878020499624942, 45.741192949366223 ], [ 4.875458816034778, 45.7410690846663 ] ] ] } },
{ "type": "Feature", "properties": { "idcar_200m": "CRS3035RES200mN2528000E3922400", "population": 105.0, "median_education": 20.794, "median_healthcare": 79.808, "median_services": 8.837, "median_commerce": 86.15, "median_entertainment": 37.661, "PC1_pos": 1.8710397538374688, "nivvie": 28393.65904761905, "rel_education": 1.0230022512052921, "rel_sante": 1.6663098603377271, "rel_services": 0.69765532646202166, "rel_commerce": 0.52167339829915726, "rel_loisirs": 0.97849422626611238, "rel_pc1": 0.89252046032972043, "q_revenu": 3, "q_population": 1 }, "geometry": { "type": "Polygon", "coordinates": [ [ [ 4.880582193709795, 45.741316752235306 ], [ 4.880413357412024, 45.743113797661678 ], [ 4.882975145780753, 45.743237543413031 ], [ 4.883143898284195, 45.741440493273132 ], [ 4.880582193709795, 45.741316752235306 ] ] ] } },
{ "type": "Feature", "properties": { "idcar_200m": "CRS3035RES200mN2528000E3922800", "population": 180.5, "median_education": 14.931, "median_healthcare": 67.2, "median_services": 5.584, "median_commerce": 65.772, "median_entertainment": 28.306, "PC1_pos": 1.4713202568343551, "nivvie": 27596.524653739612, "rel_education": 0.73456028723411637, "rel_sante": 1.403067645031767, "rel_services": 0.44084048239944879, "rel_commerce": 0.3982762942882434, "rel_loisirs": 0.73543606300121012, "rel_pc1": 0.70184689033406455, "q_revenu": 3, "q_population": 2 }, "geometry": { "type": "Polygon", "coordinates": [ [ [ 4.885705613342995, 45.741564172479364 ], [ 4.885536944635255, 45.743361227330432 ], [ 4.888098753970391, 45.743484849413463 ], [ 4.888267338881048, 45.741687789853529 ], [ 4.885705613342995, 45.741564172479364 ] ] ] } },
{ "type": "Feature", "properties": { "idcar_200m": "CRS3035RES200mN2528000E3923000", "population": 100.0, "median_education": 12.654, "median_healthcare": 55.26, "median_services": 4.5495, "median_commerce": 54.7625, "median_entertainment": 24.353, "PC1_pos": 1.2062855201867084, "nivvie": 41137.494, "rel_education": 0.62253873649859415, "rel_sante": 1.1537725902448726, "rel_services": 0.35916973042197214, "rel_commerce": 0.33160928002736617, "rel_loisirs": 0.6327306734356134, "rel_pc1": 0.57542043431090084, "q_revenu": 5, "q_population": 1 }, "geometry": { "type": "Polygon", "coordinates": [ [ [ 4.888267338881048, 45.741687789853529 ], [ 4.888098753970391, 45.743484849413463 ], [ 4.89066057378101, 45.743608409661711 ], [ 4.890829074893213, 45.741811345395249 ], [ 4.888267338881048, 45.741687789853529 ] ] ] } },
{ "type": "Feature", "properties": { "idcar_200m": "CRS3035RES200mN2528000E3923200", "population": 148.0, "median_education": 10.877, "median_healthcare": 43.874, "median_services": 3.7765, "median_commerce": 45.7075, "median_entertainment": 20.647, "PC1_pos": 0.96455450599232662, "nivvie": 38258.472297297303, "rel_education": 0.53511568175242674, "rel_sante": 0.91604449193636506, "rel_services": 0.29814363928752119, "rel_commerce": 0.27677756068205139, "rel_loisirs": 0.53644274686589366, "rel_pc1": 0.46011028356597905, "q_revenu": 5, "q_population": 2 }, "geometry": { "type": "Polygon", "coordinates": [ [ [ 4.890829074893213, 45.741811345395249 ], [ 4.89066057378101, 45.743608409661711 ], [ 4.893222404061967, 45.743731908074771 ], [ 4.89339082137434, 45.741934839104097 ], [ 4.890829074893213, 45.741811345395249 ] ] ] } },
{ "type": "Feature", "properties": { "idcar_200m": "CRS3035RES200mN2528000E3923400", "population": 68.0, "median_education": 9.685, "median_healthcare": 34.474, "median_services": 3.2405, "median_commerce": 37.7985, "median_entertainment": 18.035, "PC1_pos": 0.77192770446750414, "nivvie": 32120.330882352941, "rel_education": 0.47647286731380467, "rel_sante": 0.7197820534944217, "rel_services": 0.2558280055901529, "rel_commerce": 0.22888533889275323, "rel_loisirs": 0.46857872522528177, "rel_pc1": 0.36822374763526755, "q_revenu": 4, "q_population": 1 }, "geometry": { "type": "Polygon", "coordinates": [ [ [ 4.89339082137434, 45.741934839104097 ], [ 4.893222404061967, 45.743731908074771 ], [ 4.895784244808116, 45.743855344652239 ], [ 4.895952578319289, 45.742058270979719 ], [ 4.89339082137434, 45.741934839104097 ] ] ] } },
{ "type": "Feature", "properties": { "idcar_200m": "CRS3035RES200mN2528200E3917800", "population": 287.0, "median_education": 15.3905, "median_healthcare": 27.4165, "median_services": 6.8725, "median_commerce": 97.4345, "median_entertainment": 24.623, "PC1_pos": 1.247550949948512, "nivvie": 16366.024041811848, "rel_education": 0.7571663050483336, "rel_sante": 0.57242863229186658, "rel_services": 0.5425637921364993, "rel_commerce": 0.59000564975715886, "rel_loisirs": 0.6397457139574223, "rel_pc1": 0.5951048051486505, "q_revenu": 1, "q_population": 3 }, "geometry": { "type": "Polygon", "coordinates": [ [ [ 4.821495130838268, 45.740250580144007 ], [ 4.821324353023118, 45.742047514062243 ], [ 4.823885982568751, 45.742172686649567 ], [ 4.8240566766143, 45.740375747963839 ], [ 4.821495130838268, 45.740250580144007 ] ] ] } },
{ "type": "Feature", "properties": { "idcar_200m": "CRS3035RES200mN2528200E3919000", "population": 259.0, "median_education": 19.439, "median_healthcare": 44.288, "median_services": 13.136, "median_commerce": 161.3155, "median_entertainment": 34.1355, "PC1_pos": 2.00747660866775, "nivvie": 27493.620463320465, "rel_education": 0.9563403270741403, "rel_sante": 0.92468839082093579, "rel_services": 1.0370488138966976, "rel_commerce": 0.97683116753717569, "rel_loisirs": 0.88689598419337978, "rel_pc1": 0.95760335567136579, "q_revenu": 3, "q_population": 2 }, "geometry": { "type": "Polygon", "coordinates": [ [ [ 4.836864564452854, 45.741000659686627 ], [ 4.836694289276163, 45.742797622174749 ], [ 4.839255982377493, 45.742922423794603 ], [ 4.839426173776247, 45.741125456552957 ], [ 4.836864564452854, 45.741000659686627 ] ] ] } },
{ "type": "Feature", "properties": { "idcar_200m": "CRS3035RES200mN2528200E3919200", "population": 868.0, "median_education": 20.968, "median_healthcare": 50.687, "median_services": 14.959, "median_commerce": 180.782, "median_entertainment": 37.903, "PC1_pos": 2.2836121983008706, "nivvie": 23092.361059907831, "rel_education": 1.0315625278095877, "rel_sante": 1.0582930018411483, "rel_services": 1.1809693367144258, "rel_commerce": 1.0947087671656208, "rel_loisirs": 0.98478178110417813, "rel_pc1": 1.0893251232432697, "q_revenu": 2, "q_population": 5 }, "geometry": { "type": "Polygon", "coordinates": [ [ [ 4.839426173776247, 45.741125456552957 ], [ 4.839255982377493, 45.742922423794603 ], [ 4.841817686053441, 45.743047163585125 ], [ 4.841987793672867, 45.741250191592322 ], [ 4.839426173776247, 45.741125456552957 ] ] ] } },
{ "type": "Feature", "properties": { "idcar_200m": "CRS3035RES200mN2528200E3919400", "population": 19.0, "median_education": 16.8895, "median_healthcare": 42.57, "median_services": 12.315, "median_commerce": 148.752, "median_entertainment": 31.7305, "PC1_pos": 1.8913050109702474, "nivvie": 27857.489473684214, "rel_education": 0.83091259602441947, "rel_sante": 0.88881829834824877, "rel_services": 0.97223326302815405, "rel_commerce": 0.90075404926054825, "rel_loisirs": 0.82441016028615477, "rel_pc1": 0.90218736162764912, "q_revenu": 3, "q_population": 1 }, "geometry": { "type": "Polygon", "coordinates": [ [ [ 4.841987793672867, 45.741250191592322 ], [ 4.841817686053441, 45.743047163585125 ], [ 4.844379400298859, 45.743171841545916 ], [ 4.844549424137573, 45.741374864804264 ], [ 4.841987793672867, 45.741250191592322 ] ] ] } },
{ "type": "Feature", "properties": { "idcar_200m": "CRS3035RES200mN2528200E3919800", "population": 355.5, "median_education": 25.027, "median_healthcare": 61.448, "median_services": 17.422, "median_commerce": 197.6445, "median_entertainment": 40.3455, "PC1_pos": 2.5838145867181046, "nivvie": 22589.608720112519, "rel_education": 1.2312531182511708, "rel_sante": 1.2829717358915478, "rel_services": 1.3754159893200566, "rel_commerce": 1.196818084389295, "rel_loisirs": 1.0482419161949879, "rel_pc1": 1.2325271975726355, "q_revenu": 2, "q_population": 3 }, "geometry": { "type": "Polygon", "coordinates": [ [ [ 4.847111065165221, 45.741499476188324 ], [ 4.846941125108606, 45.743296457676507 ], [ 4.849502860477538, 45.743421011976523 ], [ 4.849672716750669, 45.741624025744159 ], [ 4.847111065165221, 45.741499476188324 ] ] ] } },
{ "type": "Feature", "properties": { "idcar_200m": "CRS3035RES200mN2528200E3920000", "population": 947.5, "median_education": 25.8215, "median_healthcare": 64.265, "median_services": 17.701, "median_commerce": 200.4525, "median_entertainment": 41.793, "PC1_pos": 2.6673851537094362, "nivvie": 25178.76, "rel_education": 1.2703401283782558, "rel_sante": 1.3417878304756921, "rel_services": 1.3974422240244706, "rel_commerce": 1.2138216700239326, "rel_loisirs": 1.0858503278813529, "rel_pc1": 1.272391898880098, "q_revenu": 2, "q_population": 5 }, "geometry": { "type": "Polygon", "coordinates": [ [ [ 4.849672716750669, 45.741624025744159 ], [ 4.849502860477538, 45.743421011976523 ], [ 4.852064606400512, 45.743545504445564 ], [ 4.852234378888771, 45.741748513471329 ], [ 4.849672716750669, 45.741624025744159 ] ] ] } },
{ "type": "Feature", "properties": { "idcar_200m": "CRS3035RES200mN2528200E3920200", "population": 86.5, "median_education": 22.7855, "median_healthcare": 54.0085, "median_services": 14.4005, "median_commerce": 162.361, "median_entertainment": 37.342, "PC1_pos": 2.2974877559247675, "nivvie": 26208.630057803468, "rel_education": 1.1209780607308928, "rel_sante": 1.1276425432544372, "rel_services": 1.1368773937667018, "rel_commerce": 0.98316209659024323, "rel_loisirs": 0.97020608579775269, "rel_pc1": 1.0959440200638275, "q_revenu": 3, "q_population": 1 }, "geometry": { "type": "Polygon", "coordinates": [ [ [ 4.852234378888771, 45.741748513471329 ], [ 4.852064606400512, 45.743545504445564 ], [ 4.854626362872382, 45.743669935083204 ], [ 4.85479605157439, 45.741872939369443 ], [ 4.852234378888771, 45.741748513471329 ] ] ] } },
{ "type": "Feature", "properties": { "idcar_200m": "CRS3035RES200mN2528200E3920800", "population": 970.5, "median_education": 32.189, "median_healthcare": 61.264, "median_services": 13.889, "median_commerce": 163.032, "median_entertainment": 48.167, "PC1_pos": 2.5226513437264488, "nivvie": 28868.928387429161, "rel_education": 1.5836019748026906, "rel_sante": 1.279130003053961, "rel_services": 1.0964959634752764, "rel_commerce": 0.98722527535122695, "rel_loisirs": 1.2514572474591708, "rel_pc1": 1.203351202953489, "q_revenu": 4, "q_population": 5 }, "geometry": { "type": "Polygon", "coordinates": [ [ [ 4.859919428567582, 45.742121605676793 ], [ 4.859749907442235, 45.743918610862664 ], [ 4.862311695529927, 45.744042856003624 ], [ 4.862481132864873, 45.742245846085218 ], [ 4.859919428567582, 45.742121605676793 ] ] ] } },
{ "type": "Feature", "properties": { "idcar_200m": "CRS3035RES200mN2528200E3921000", "population": 1045.5, "median_education": 34.896, "median_healthcare": 63.266, "median_services": 14.263, "median_commerce": 179.386, "median_entertainment": 51.153, "PC1_pos": 2.7126985327313702, "nivvie": 29768.207556193211, "rel_education": 1.7167782320890581, "rel_sante": 1.3209297266455322, "rel_services": 1.1260221705700821, "rel_commerce": 1.0862554176122183, "rel_loisirs": 1.3290383993040664, "rel_pc1": 1.2940072161499763, "q_revenu": 4, "q_population": 5 }, "geometry": { "type": "Polygon", "coordinates": [ [ [ 4.862481132864873, 45.742245846085218 ], [ 4.862311695529927, 45.744042856003624 ], [ 4.864873494145937, 45.744167039311613 ], [ 4.865042847689099, 45.742370024662954 ], [ 4.862481132864873, 45.742245846085218 ] ] ] } },
{ "type": "Feature", "properties": { "idcar_200m": "CRS3035RES200mN2528200E3921200", "population": 675.5, "median_education": 36.967, "median_healthcare": 65.77, "median_services": 15.442, "median_commerce": 196.507, "median_entertainment": 54.474, "PC1_pos": 2.9088869317907124, "nivvie": 32350.388749074762, "rel_education": 1.8186652024769661, "rel_sante": 1.3732106996092159, "rel_services": 1.2191007752887335, "rel_commerce": 1.1899300578011895, "rel_loisirs": 1.4153233977223174, "rel_pc1": 1.3875926997724719, "q_revenu": 4, "q_population": 4 }, "geometry": { "type": "Polygon", "coordinates": [ [ [ 4.865042847689099, 45.742370024662954 ], [ 4.864873494145937, 45.744167039311613 ], [ 4.86743530328512, 45.744291160786119 ], [ 4.867604573035117, 45.742494141409594 ], [ 4.865042847689099, 45.742370024662954 ] ] ] } },
{ "type": "Feature", "properties": { "idcar_200m": "CRS3035RES200mN2528200E3921400", "population": 659.5, "median_education": 37.779, "median_healthcare": 69.0475, "median_services": 17.1675, "median_commerce": 204.756, "median_entertainment": 56.899, "PC1_pos": 3.0300000998613643, "nivvie": 31143.984685367701, "rel_education": 1.8586131599636784, "rel_sante": 1.4416415657787343, "rel_services": 1.3553239580215861, "rel_commerce": 1.2398811183069325, "rel_loisirs": 1.4783288542607878, "rel_pc1": 1.445365913995583, "q_revenu": 4, "q_population": 4 }, "geometry": { "type": "Polygon", "coordinates": [ [ [ 4.867604573035117, 45.742494141409594 ], [ 4.86743530328512, 45.744291160786119 ], [ 4.869997122942332, 45.744415220426781 ], [ 4.870166308897783, 45.742618196324678 ], [ 4.867604573035117, 45.742494141409594 ] ] ] } },
{ "type": "Feature", "properties": { "idcar_200m": "CRS3035RES200mN2528200E3921600", "population": 1172.5, "median_education": 37.03, "median_healthcare": 75.171, "median_services": 19.069, "median_commerce": 204.216, "median_entertainment": 56.774, "PC1_pos": 3.1027487827490279, "nivvie": 29800.041194029847, "rel_education": 1.821764612971625, "rel_sante": 1.5694940170339726, "rel_services": 1.5054418264461118, "rel_commerce": 1.2366111979925791, "rel_loisirs": 1.4750811503155057, "rel_pc1": 1.4800683770544831, "q_revenu": 4, "q_population": 5 }, "geometry": { "type": "Polygon", "coordinates": [ [ [ 4.870166308897783, 45.742618196324678 ], [ 4.869997122942332, 45.744415220426781 ], [ 4.872558953112426, 45.744539218233207 ], [ 4.872728055271954, 45.742742189407842 ], [ 4.870166308897783, 45.742618196324678 ] ] ] } },
{ "type": "Feature", "properties": { "idcar_200m": "CRS3035RES200mN2528200E3921800", "population": 970.5, "median_education": 34.577, "median_healthcare": 77.7145, "median_services": 16.972, "median_commerce": 172.1395, "median_entertainment": 51.464, "PC1_pos": 2.8860005876705097, "nivvie": 30875.929005667182, "rel_education": 1.7010843916478495, "rel_sante": 1.6225997098187686, "rel_services": 1.3398898043129379, "rel_commerce": 1.0423749036159926, "rel_loisirs": 1.3371186867199278, "rel_pc1": 1.3766754916546149, "q_revenu": 4, "q_population": 5 }, "geometry": { "type": "Polygon", "coordinates": [ [ [ 4.872728055271954, 45.742742189407842 ], [ 4.872558953112426, 45.744539218233207 ], [ 4.875120793790255, 45.744663154204936 ], [ 4.875289812152479, 45.742866120658668 ], [ 4.872728055271954, 45.742742189407842 ] ] ] } },
{ "type": "Feature", "properties": { "idcar_200m": "CRS3035RES200mN2528200E3922000", "population": 283.0, "median_education": 30.533, "median_healthcare": 77.022, "median_services": 14.675, "median_commerce": 146.254, "median_entertainment": 47.896, "PC1_pos": 2.5769401597206785, "nivvie": 26898.949116607771, "rel_education": 1.5021317560859471, "rel_sante": 1.608141014220785, "rel_services": 1.1585483666210443, "rel_commerce": 0.88562764010266892, "rel_loisirs": 1.2444162253057995, "rel_pc1": 1.2292479691459481, "q_revenu": 3, "q_population": 3 }, "geometry": { "type": "Polygon", "coordinates": [ [ [ 4.875289812152479, 45.742866120658668 ], [ 4.875120793790255, 45.744663154204936 ], [ 4.877682644970674, 45.744787028341612 ], [ 4.877851579534219, 45.742989990076758 ], [ 4.875289812152479, 45.742866120658668 ] ] ] } },
{ "type": "Feature", "properties": { "idcar_200m": "CRS3035RES200mN2528200E3922200", "population": 321.0, "median_education": 25.667, "median_healthcare": 72.806, "median_services": 11.725, "median_commerce": 121.448, "median_entertainment": 41.94, "PC1_pos": 2.2132028248033406, "nivvie": 25035.990342679128, "rel_education": 1.2627391931175451, "rel_sante": 1.520115222681292, "rel_services": 0.92565448712993137, "rel_commerce": 0.73541718951405732, "rel_loisirs": 1.0896696277210045, "rel_pc1": 1.0557385538950477, "q_revenu": 2, "q_population": 3 }, "geometry": { "type": "Polygon", "coordinates": [ [ [ 4.877851579534219, 45.742989990076758 ], [ 4.877682644970674, 45.744787028341612 ], [ 4.88024450664854, 45.74491084064281 ], [ 4.880413357412024, 45.743113797661678 ], [ 4.877851579534219, 45.742989990076758 ] ] ] } },
{ "type": "Feature", "properties": { "idcar_200m": "CRS3035RES200mN2528200E3922800", "population": 326.0, "median_education": 15.979, "median_healthcare": 58.2955, "median_services": 6.0485, "median_commerce": 76.7085, "median_entertainment": 29.392, "PC1_pos": 1.463937069543755, "nivvie": 27706.207668711653, "rel_education": 0.78611873482780426, "rel_sante": 1.2171507425736514, "rel_services": 0.47751140003457493, "rel_commerce": 0.46450126376588391, "rel_loisirs": 0.76365211487781981, "rel_pc1": 0.69832497386714198, "q_revenu": 3, "q_population": 3 }, "geometry": { "type": "Polygon", "coordinates": [ [ [ 4.885536944635255, 45.743361227330432 ], [ 4.885368261476021, 45.745158279737062 ], [ 4.887930154615345, 45.745281906529385 ], [ 4.888098753970391, 45.743484849413463 ], [ 4.885536944635255, 45.743361227330432 ] ] ] } },
{ "type": "Feature", "properties": { "idcar_200m": "CRS3035RES200mN2528200E3923000", "population": 72.5, "median_education": 12.896, "median_healthcare": 43.621, "median_services": 4.585, "median_commerce": 64.3225, "median_entertainment": 24.1155, "PC1_pos": 1.139032667420117, "nivvie": 41198.132413793108, "rel_education": 0.634444408557442, "rel_sante": 0.91076210928468315, "rel_services": 0.36197235168364483, "rel_commerce": 0.38949898040740027, "rel_loisirs": 0.62656003593957754, "rel_pc1": 0.54333958355045286, "q_revenu": 5, "q_population": 1 }, "geometry": { "type": "Polygon", "coordinates": [ [ [ 4.888098753970391, 45.743484849413463 ], [ 4.887930154615345, 45.745281906529385 ], [ 4.890492058231527, 45.745405471484567 ], [ 4.89066057378101, 45.743608409661711 ], [ 4.888098753970391, 45.743484849413463 ] ] ] } },
{ "type": "Feature", "properties": { "idcar_200m": "CRS3035RES200mN2528200E3923200", "population": 515.5, "median_education": 11.184, "median_healthcare": 34.824, "median_services": 3.859, "median_commerce": 52.605, "median_entertainment": 20.35, "PC1_pos": 0.93065337430536621, "nivvie": 20093.485935984481, "rel_education": 0.55021915828989065, "rel_sante": 0.72708969747896202, "rel_services": 0.304656773205493, "rel_commerce": 0.31854473728992644, "rel_loisirs": 0.5287262022919037, "rel_pc1": 0.44393881869096136, "q_revenu": 1, "q_population": 4 }, "geometry": { "type": "Polygon", "coordinates": [ [ [ 4.89066057378101, 45.743608409661711 ], [ 4.890492058231527, 45.745405471484567 ], [ 4.89305397231942, 45.745528974602223 ], [ 4.893222404061967, 45.743731908074771 ], [ 4.89066057378101, 45.743608409661711 ] ] ] } },
{ "type": "Feature", "properties": { "idcar_200m": "CRS3035RES200mN2528200E3923400", "population": 106.5, "median_education": 9.562, "median_healthcare": 28.4515, "median_services": 3.2175, "median_commerce": 42.0725, "median_entertainment": 17.176, "PC1_pos": 0.75072688311644553, "nivvie": 39926.867605633808, "rel_education": 0.47042163730042341, "rel_sante": 0.59403837950329341, "rel_services": 0.25401222280090019, "rel_commerce": 0.25476615264006142, "rel_loisirs": 0.44626050371330411, "rel_pc1": 0.35811056495552701, "q_revenu": 5, "q_population": 1 }, "geometry": { "type": "Polygon", "coordinates": [ [ [ 4.893222404061967, 45.743731908074771 ], [ 4.89305397231942, 45.745528974602223 ], [ 4.895615896873879, 45.745652415881992 ], [ 4.895784244808116, 45.743855344652239 ], [ 4.893222404061967, 45.743731908074771 ] ] ] } },
{ "type": "Feature", "properties": { "idcar_200m": "CRS3035RES200mN2528400E3917000", "population": 23.0, "median_education": 3.521, "median_healthcare": 5.7105, "median_services": 1.9065, "median_commerce": 25.376, "median_entertainment": 6.797, "PC1_pos": 0.25969843879367671, "nivvie": 49009.204347826082, "rel_education": 0.17322260875703729, "rel_sante": 0.11922943135348073, "rel_services": 0.15051260381349374, "rel_commerce": 0.15366203314265134, "rel_loisirs": 0.17659714972865206, "rel_pc1": 0.12388094355753415, "q_revenu": 5, "q_population": 1 }, "geometry": { "type": "Polygon", "coordinates": [ [ [ 4.811077940998159, 45.741546205452394 ], [ 4.810906813459251, 45.74334311782129 ], [ 4.813468484302703, 45.743468542489218 ], [ 4.813639528070482, 45.741671625343123 ], [ 4.811077940998159, 45.741546205452394 ] ] ] } },
{ "type": "Feature", "properties": { "idcar_200m": "CRS3035RES200mN2528400E3917400", "population": 1032.0, "median_education": 13.04, "median_healthcare": 21.115, "median_services": 6.112, "median_commerce": 79.38, "median_entertainment": 23.663, "PC1_pos": 1.0583413405629629, "nivvie": 28574.382461240308, "rel_education": 0.64152877540237607, "rel_sante": 0.440859722095919, "rel_services": 0.48252453947446833, "rel_commerce": 0.48067828620994885, "rel_loisirs": 0.61480334765765687, "rel_pc1": 0.50484833287368125, "q_revenu": 3, "q_population": 5 }, "geometry": { "type": "Polygon", "coordinates": [ [ [ 4.816201125768838, 45.741796983408612 ], [ 4.816030165773585, 45.743593905329561 ], [ 4.818591857866765, 45.743719206341972 ], [ 4.818762734088101, 45.741922279648463 ], [ 4.816201125768838, 45.741796983408612 ] ] ] } },
{ "type": "Feature", "properties": { "idcar_200m": "CRS3035RES200mN2528400E3917600", "population": 693.5, "median_education": 16.202, "median_healthcare": 29.486, "median_services": 7.671, "median_commerce": 107.9235, "median_entertainment": 27.1235, "PC1_pos": 1.3581959249822981, "nivvie": 27249.834030281181, "rel_education": 0.79708966403905668, "rel_sante": 0.61563768722331369, "rel_services": 0.60560303375468683, "rel_commerce": 0.65352082415947876, "rel_loisirs": 0.70471278367884271, "rel_pc1": 0.64788449828332861, "q_revenu": 3, "q_population": 4 }, "geometry": { "type": "Polygon", "coordinates": [ [ [ 4.818762734088101, 45.741922279648463 ], [ 4.818591857866765, 45.743719206341972 ], [ 4.821153560577092, 45.743844445525959 ], [ 4.821324353023118, 45.742047514062243 ], [ 4.818762734088101, 45.741922279648463 ] ] ] } },
{ "type": "Feature", "properties": { "idcar_200m": "CRS3035RES200mN2528400E3917800", "population": 861.5, "median_education": 17.4545, "median_healthcare": 33.977, "median_services": 8.2905, "median_commerce": 122.3265, "median_entertainment": 27.6995, "PC1_pos": 1.5035833137845234, "nivvie": 22961.981892048749, "rel_education": 0.85870889649239079, "rel_sante": 0.70940519903637422, "rel_services": 0.65451074844782076, "rel_commerce": 0.74073686543287121, "rel_loisirs": 0.71967820345870204, "rel_pc1": 0.71723696335723219, "q_revenu": 2, "q_population": 5 }, "geometry": { "type": "Polygon", "coordinates": [ [ [ 4.821324353023118, 45.742047514062243 ], [ 4.821153560577092, 45.743844445525959 ], [ 4.823715273899428, 45.743969622881167 ], [ 4.823885982568751, 45.742172686649567 ], [ 4.821324353023118, 45.742047514062243 ] ] ] } },
{ "type": "Feature", "properties": { "idcar_200m": "CRS3035RES200mN2528400E3918000", "population": 635.5, "median_education": 17.323, "median_healthcare": 35.355, "median_services": 8.627, "median_commerce": 126.998, "median_entertainment": 27.572, "PC1_pos": 1.5391481031915604, "nivvie": 23097.615263571992, "rel_education": 0.85223949204719029, "rel_sante": 0.73817643735265048, "rel_services": 0.68107644012536628, "rel_commerce": 0.76902470385602284, "rel_loisirs": 0.71636554543451447, "rel_pc1": 0.73420202363881903, "q_revenu": 2, "q_population": 4 }, "geometry": { "type": "Polygon", "coordinates": [ [ [ 4.823885982568751, 45.742172686649567 ], [ 4.823715273899428, 45.743969622881167 ], [ 4.826276997828626, 45.744094738407171 ], [ 4.826447622719858, 45.742297797410018 ], [ 4.823885982568751, 45.742172686649567 ] ] ] } },
{ "type": "Feature", "properties": { "idcar_200m": "CRS3035RES200mN2528400E3918600", "population": 361.0, "median_education": 21.811, "median_healthcare": 44.358, "median_services": 13.136, "median_commerce": 177.241, "median_entertainment": 37.3175, "PC1_pos": 1.8754959582272226, "nivvie": 28086.04404432133, "rel_education": 1.07303559204764, "rel_sante": 0.9261499196178441, "rel_services": 1.0370488138966976, "rel_commerce": 1.0732665674746478, "rel_loisirs": 0.96956953582447736, "rel_pc1": 0.89464615198598219, "q_revenu": 3, "q_population": 3 }, "geometry": { "type": "Polygon", "coordinates": [ [ [ 4.831570934817919, 45.742547833448597 ], [ 4.831400477487049, 45.744344783969908 ], [ 4.833962233205986, 45.744469714005824 ], [ 4.83413260675459, 45.742672758725938 ], [ 4.831570934817919, 45.742547833448597 ] ] ] } },
{ "type": "Feature", "properties": { "idcar_200m": "CRS3035RES200mN2528400E3918800", "population": 1116.5, "median_education": 23.645, "median_healthcare": 49.832, "median_services": 14.947, "median_commerce": 198.835, "median_entertainment": 40.965, "PC1_pos": 2.3915405056851529, "nivvie": 25939.290729959695, "rel_education": 1.1632628753365939, "rel_sante": 1.0404414715360566, "rel_services": 1.1800219717809026, "rel_commerce": 1.2040270476008466, "rel_loisirs": 1.0643375369478052, "rel_pc1": 1.1408089158199159, "q_revenu": 3, "q_population": 5 }, "geometry": { "type": "Polygon", "coordinates": [ [ [ 4.83413260675459, 45.742672758725938 ], [ 4.833962233205986, 45.744469714005824 ], [ 4.83652399951121, 45.74459458221088 ], [ 4.836694289276163, 45.742797622174749 ], [ 4.83413260675459, 45.742672758725938 ] ] ] } },
{ "type": "Feature", "properties": { "idcar_200m": "CRS3035RES200mN2528400E3919000", "population": 820.5, "median_education": 20.405, "median_healthcare": 46.178, "median_services": 14.019, "median_commerce": 175.627, "median_entertainment": 36.298, "PC1_pos": 2.0899960096044259, "nivvie": 21554.330286410725, "rel_education": 1.003864621325574, "rel_sante": 0.9641496683374543, "rel_services": 1.1067590835884442, "rel_commerce": 1.063493138979525, "rel_loisirs": 0.94308126244675783, "rel_pc1": 0.99696663138962849, "q_revenu": 1, "q_population": 5 }, "geometry": { "type": "Polygon", "coordinates": [ [ [ 4.836694289276163, 45.742797622174749 ], [ 4.83652399951121, 45.74459458221088 ], [ 4.839085776397585, 45.744719388584663 ], [ 4.839255982377493, 45.742922423794603 ], [ 4.836694289276163, 45.742797622174749 ] ] ] } },
{ "type": "Feature", "properties": { "idcar_200m": "CRS3035RES200mN2528400E3919200", "population": 7.0, "median_education": 24.409, "median_healthcare": 60.192, "median_services": 18.352, "median_commerce": 225.9, "median_entertainment": 44.555, "PC1_pos": 2.6588967489144602, "nivvie": 27857.485714285714, "rel_education": 1.2008493772083282, "rel_sante": 1.256747733478454, "rel_services": 1.4488367716681025, "rel_commerce": 1.3679166648378365, "rel_loisirs": 1.1576115942563032, "rel_pc1": 1.2683427732858723, "q_revenu": 3, "q_population": 1 }, "geometry": { "type": "Polygon", "coordinates": [ [ [ 4.839255982377493, 45.742922423794603 ], [ 4.839085776397585, 45.744719388584663 ], [ 4.841647563859962, 45.744844133126797 ], [ 4.841817686053441, 45.743047163585125 ], [ 4.839255982377493, 45.742922423794603 ] ] ] } },
{ "type": "Feature", "properties": { "idcar_200m": "CRS3035RES200mN2528400E3919600", "population": 745.5, "median_education": 27.764, "median_healthcare": 69.072, "median_services": 20.475, "median_commerce": 239.453, "median_entertainment": 46.487, "PC1_pos": 2.9960720730411263, "nivvie": 24378.740442655937, "rel_education": 1.3659052852968996, "rel_sante": 1.4421531008576518, "rel_services": 1.6164414178239102, "rel_commerce": 1.4499856093201171, "rel_loisirs": 1.2078081064345814, "rel_pc1": 1.4291816196461065, "q_revenu": 2, "q_population": 4 }, "geometry": { "type": "Polygon", "coordinates": [ [ [ 4.844379400298859, 45.743171841545916 ], [ 4.844209361893201, 45.744968815836828 ], [ 4.84677117049215, 45.745093436714356 ], [ 4.846941125108606, 45.743296457676507 ], [ 4.844379400298859, 45.743171841545916 ] ] ] } },
{ "type": "Feature", "properties": { "idcar_200m": "CRS3035RES200mN2528400E3919800", "population": 1276.0, "median_education": 29.094, "median_healthcare": 74.544, "median_services": 21.708, "median_commerce": 252.334, "median_entertainment": 49.135, "PC1_pos": 3.2581752634195165, "nivvie": 25204.720532915358, "rel_education": 1.4313372846285837, "rel_sante": 1.5564028948102384, "rel_services": 1.7137831647434159, "rel_commerce": 1.5279853196334245, "rel_loisirs": 1.2766074668114342, "rel_pc1": 1.5542096740477394, "q_revenu": 2, "q_population": 5 }, "geometry": { "type": "Polygon", "coordinates": [ [ [ 4.846941125108606, 45.743296457676507 ], [ 4.84677117049215, 45.745093436714356 ], [ 4.849332989651676, 45.745217995759006 ], [ 4.849502860477538, 45.743421011976523 ], [ 4.846941125108606, 45.743296457676507 ] ] ] } },
{ "type": "Feature", "properties": { "idcar_200m": "CRS3035RES200mN2528400E3920000", "population": 1673.5, "median_education": 28.618, "median_healthcare": 73.547, "median_services": 20.591, "median_commerce": 237.7695, "median_entertainment": 48.149, "PC1_pos": 3.1328370242214478, "nivvie": 22633.45276366896, "rel_education": 1.407919516446718, "rel_sante": 1.5355865489457048, "rel_services": 1.6255992788479674, "rel_commerce": 1.4397913299697209, "rel_loisirs": 1.2509895780910503, "rel_pc1": 1.494421022996077, "q_revenu": 2, "q_population": 5 }, "geometry": { "type": "Polygon", "coordinates": [ [ [ 4.849502860477538, 45.743421011976523 ], [ 4.849332989651676, 45.745217995759006 ], [ 4.851894819366624, 45.745342492970337 ], [ 4.852064606400512, 45.743545504445564 ], [ 4.849502860477538, 45.743421011976523 ] ] ] } },
{ "type": "Feature", "properties": { "idcar_200m": "CRS3035RES200mN2528400E3920400", "population": 41.0, "median_education": 29.087, "median_healthcare": 65.917, "median_services": 15.967, "median_commerce": 188.081, "median_entertainment": 44.238, "PC1_pos": 2.6308438995661181, "nivvie": 26208.629268292683, "rel_education": 1.4309929056847326, "rel_sante": 1.376279910082723, "rel_services": 1.2605479911303723, "rel_commerce": 1.1389071900812975, "rel_loisirs": 1.1493754170510682, "rel_pc1": 1.2549610469154997, "q_revenu": 3, "q_population": 1 }, "geometry": { "type": "Polygon", "coordinates": [ [ [ 4.854626362872382, 45.743669935083204 ], [ 4.854456659631851, 45.745466928347902 ], [ 4.857018510442218, 45.745591301891373 ], [ 4.857188129888004, 45.74379430388904 ], [ 4.854626362872382, 45.743669935083204 ] ] ] } },
{ "type": "Feature", "properties": { "idcar_200m": "CRS3035RES200mN2528400E3920600", "population": 494.0, "median_education": 32.284, "median_healthcare": 66.778, "median_services": 15.778, "median_commerce": 187.001, "median_entertainment": 49.019, "PC1_pos": 2.7532057880600806, "nivvie": 17429.026720647773, "rel_education": 1.588275689040668, "rel_sante": 1.3942567142846924, "rel_services": 1.2456269934273825, "rel_commerce": 1.1323673494525908, "rel_loisirs": 1.2735935975502126, "rel_pc1": 1.3133299238041154, "q_revenu": 1, "q_population": 4 }, "geometry": { "type": "Polygon", "coordinates": [ [ [ 4.857188129888004, 45.74379430388904 ], [ 4.857018510442218, 45.745591301891373 ], [ 4.859580371792576, 45.745715613600311 ], [ 4.859749907442235, 45.743918610862664 ], [ 4.857188129888004, 45.74379430388904 ] ] ] } },
{ "type": "Feature", "properties": { "idcar_200m": "CRS3035RES200mN2528400E3920800", "population": 877.5, "median_education": 34.941, "median_healthcare": 64.673, "median_services": 15.441, "median_commerce": 190.177, "median_entertainment": 53.509, "PC1_pos": 2.804875524512306, "nivvie": 25828.656524216527, "rel_education": 1.7189920967281, "rel_sante": 1.3503064554633848, "rel_services": 1.21902182821094, "rel_commerce": 1.1515993252273804, "rel_loisirs": 1.3902511232647408, "rel_pc1": 1.3379773407651243, "q_revenu": 3, "q_population": 5 }, "geometry": { "type": "Polygon", "coordinates": [ [ [ 4.859749907442235, 45.743918610862664 ], [ 4.859580371792576, 45.745715613600311 ], [ 4.862142243677775, 45.745839863474274 ], [ 4.862311695529927, 45.744042856003624 ], [ 4.859749907442235, 45.743918610862664 ] ] ] } },
{ "type": "Feature", "properties": { "idcar_200m": "CRS3035RES200mN2528400E3921000", "population": 1086.0, "median_education": 38.755, "median_healthcare": 67.497, "median_services": 16.2915, "median_commerce": 209.8045, "median_entertainment": 57.168, "PC1_pos": 3.0981000045076152, "nivvie": 26851.776335174956, "rel_education": 1.9066294241348993, "rel_sante": 1.4092687029272197, "rel_services": 1.2861663178743947, "rel_commerce": 1.2704518455421421, "rel_loisirs": 1.4853179131510343, "rel_pc1": 1.477850824120353, "q_revenu": 3, "q_population": 5 }, "geometry": { "type": "Polygon", "coordinates": [ [ [ 4.862311695529927, 45.744042856003624 ], [ 4.862142243677775, 45.745839863474274 ], [ 4.864704126092678, 45.745964051512843 ], [ 4.864873494145937, 45.744167039311613 ], [ 4.862311695529927, 45.744042856003624 ] ] ] } },
{ "type": "Feature", "properties": { "idcar_200m": "CRS3035RES200mN2528400E3921200", "population": 752.5, "median_education": 40.495, "median_healthcare": 71.574, "median_services": 17.218, "median_commerce": 234.199, "median_entertainment": 62.032, "PC1_pos": 3.2396421434939802, "nivvie": 27247.77089700997, "rel_education": 1.9922321901778544, "rel_sante": 1.4943923158557095, "rel_services": 1.3593107854501629, "rel_commerce": 1.4181704957430565, "rel_loisirs": 1.611692569069846, "rel_pc1": 1.5453690341343651, "q_revenu": 3, "q_population": 4 }, "geometry": { "type": "Polygon", "coordinates": [ [ [ 4.864873494145937, 45.744167039311613 ], [ 4.864704126092678, 45.745964051512843 ], [ 4.867266019032132, 45.746088177715691 ], [ 4.86743530328512, 45.744291160786119 ], [ 4.864873494145937, 45.744167039311613 ] ] ] } },
{ "type": "Feature", "properties": { "idcar_200m": "CRS3035RES200mN2528400E3921400", "population": 267.0, "median_education": 39.815, "median_healthcare": 71.669, "median_services": 17.504, "median_commerce": 224.774, "median_entertainment": 63.163, "PC1_pos": 3.2311505835477385, "nivvie": 29432.676404494381, "rel_education": 1.9587782356323316, "rel_sante": 1.4963758192229419, "rel_services": 1.3818896496991318, "rel_commerce": 1.3610982754416108, "rel_loisirs": 1.6410777943667574, "rel_pc1": 1.541318403474812, "q_revenu": 4, "q_population": 3 }, "geometry": { "type": "Polygon", "coordinates": [ [ [ 4.86743530328512, 45.744291160786119 ], [ 4.867266019032132, 45.746088177715691 ], [ 4.869827922490994, 45.74621224208235 ], [ 4.869997122942332, 45.744415220426781 ], [ 4.86743530328512, 45.744291160786119 ] ] ] } },
{ "type": "Feature", "properties": { "idcar_200m": "CRS3035RES200mN2528400E3921600", "population": 245.5, "median_education": 37.514, "median_healthcare": 72.957, "median_services": 17.605, "median_commerce": 195.061, "median_entertainment": 58.65, "PC1_pos": 3.0630108250809371, "nivvie": 31257.2183299389, "rel_education": 1.8455759570893207, "rel_sante": 1.5232679490860508, "rel_services": 1.3898633045562852, "rel_commerce": 1.1811739378483099, "rel_loisirs": 1.5238226911262973, "rel_pc1": 1.4611126385685715, "q_revenu": 4, "q_population": 2 }, "geometry": { "type": "Polygon", "coordinates": [ [ [ 4.869997122942332, 45.744415220426781 ], [ 4.869827922490994, 45.74621224208235 ], [ 4.87238983646412, 45.746336244612429 ], [ 4.872558953112426, 45.744539218233207 ], [ 4.869997122942332, 45.744415220426781 ] ] ] } },
{ "type": "Feature", "properties": { "idcar_200m": "CRS3035RES200mN2528400E3921800", "population": 866.5, "median_education": 32.994, "median_healthcare": 69.856, "median_services": 14.692, "median_commerce": 153.874, "median_entertainment": 48.586, "PC1_pos": 2.6601041549626672, "nivvie": 31979.562492787074, "rel_education": 1.6232055533455521, "rel_sante": 1.4585222233830224, "rel_services": 1.1598904669435355, "rel_commerce": 0.93176984898298909, "rel_loisirs": 1.262343551083756, "rel_pc1": 1.268918728232709, "q_revenu": 4, "q_population": 5 }, "geometry": { "type": "Polygon", "coordinates": [ [ [ 4.872558953112426, 45.744539218233207 ], [ 4.87238983646412, 45.746336244612429 ], [ 4.874951760946362, 45.746460185305494 ], [ 4.875120793790255, 45.744663154204936 ], [ 4.872558953112426, 45.744539218233207 ] ] ] } },
{ "type": "Feature", "properties": { "idcar_200m": "CRS3035RES200mN2528400E3922000", "population": 146.5, "median_education": 27.1035, "median_healthcare": 62.087, "median_services": 11.4025, "median_commerce": 120.177, "median_entertainment": 41.164, "PC1_pos": 2.1663317032216303, "nivvie": 26154.555631399318, "rel_education": 1.3334106720949619, "rel_sante": 1.2963134059090375, "rel_services": 0.90019405454149615, "rel_commerce": 0.72772076595934776, "rel_loisirs": 1.069507881628694, "rel_pc1": 1.0333801647029, "q_revenu": 3, "q_population": 2 }, "geometry": { "type": "Polygon", "coordinates": [ [ [ 4.875120793790255, 45.744663154204936 ], [ 4.874951760946362, 45.746460185305494 ], [ 4.877513695932572, 45.746584064161162 ], [ 4.877682644970674, 45.744787028341612 ], [ 4.875120793790255, 45.744663154204936 ] ] ] } },
{ "type": "Feature", "properties": { "idcar_200m": "CRS3035RES200mN2528400E3922200", "population": 710.0, "median_education": 24.236, "median_healthcare": 57.858, "median_services": 10.021, "median_commerce": 114.931, "median_entertainment": 37.993, "PC1_pos": 1.9605265721949552, "nivvie": 27910.911267605632, "rel_education": 1.1923382975960113, "rel_sante": 1.2080161875929756, "rel_services": 0.7911286665696412, "rel_commerce": 0.69595409564620347, "rel_loisirs": 0.98712012794478121, "rel_pc1": 0.93520732262115824, "q_revenu": 3, "q_population": 4 }, "geometry": { "type": "Polygon", "coordinates": [ [ [ 4.877682644970674, 45.744787028341612 ], [ 4.877513695932572, 45.746584064161162 ], [ 4.880075641417605, 45.74670788117902 ], [ 4.88024450664854, 45.74491084064281 ], [ 4.877682644970674, 45.744787028341612 ] ] ] } },
{ "type": "Feature", "properties": { "idcar_200m": "CRS3035RES200mN2528400E3922400", "population": 363.0, "median_education": 21.4285, "median_healthcare": 52.946, "median_services": 8.699, "median_commerce": 106.7475, "median_entertainment": 34.3835, "PC1_pos": 1.751740704881837, "nivvie": 26024.619283746557, "rel_education": 1.0542177426157835, "rel_sante": 1.1054586240156536, "rel_services": 0.6867606297265052, "rel_commerce": 0.64639966436377583, "rel_loisirs": 0.89333942882081918, "rel_pc1": 0.83561261437273515, "q_revenu": 3, "q_population": 3 }, "geometry": { "type": "Polygon", "coordinates": [ [ [ 4.88024450664854, 45.74491084064281 ], [ 4.880075641417605, 45.74670788117902 ], [ 4.882637597396315, 45.746831636358678 ], [ 4.882806378818706, 45.74503459110808 ], [ 4.88024450664854, 45.74491084064281 ] ] ] } },
{ "type": "Feature", "properties": { "idcar_200m": "CRS3035RES200mN2528400E3922600", "population": 377.5, "median_education": 18.78, "median_healthcare": 50.656, "median_services": 6.895, "median_commerce": 93.087, "median_entertainment": 31.305, "PC1_pos": 1.5418779886221716, "nivvie": 26801.221456953641, "rel_education": 0.92391950936017053, "rel_sante": 1.0576457533739463, "rel_services": 0.54434010138685518, "rel_commerce": 0.56367976352261928, "rel_loisirs": 0.81335497605641505, "rel_pc1": 0.73550422932214532, "q_revenu": 3, "q_population": 3 }, "geometry": { "type": "Polygon", "coordinates": [ [ [ 4.882806378818706, 45.74503459110808 ], [ 4.882637597396315, 45.746831636358678 ], [ 4.885199563863551, 45.746955329699652 ], [ 4.885368261476021, 45.745158279737062 ], [ 4.882806378818706, 45.74503459110808 ] ] ] } },
{ "type": "Feature", "properties": { "idcar_200m": "CRS3035RES200mN2528400E3922800", "population": 319.0, "median_education": 16.5365, "median_healthcare": 50.248, "median_services": 5.9145, "median_commerce": 86.6065, "median_entertainment": 29.3645, "PC1_pos": 1.4396264173623954, "nivvie": 30937.127586206894, "rel_education": 0.81354605785593503, "rel_sante": 1.0491271283862533, "rel_services": 0.46693249161023281, "rel_commerce": 0.5244376920463838, "rel_loisirs": 0.76293762000985776, "rel_pc1": 0.68672834454308773, "q_revenu": 4, "q_population": 3 }, "geometry": { "type": "Polygon", "coordinates": [ [ [ 4.885368261476021, 45.745158279737062 ], [ 4.885199563863551, 45.746955329699652 ], [ 4.887761540814171, 45.74707896120168 ], [ 4.887930154615345, 45.745281906529385 ], [ 4.885368261476021, 45.745158279737062 ] ] ] } },
{ "type": "Feature", "properties": { "idcar_200m": "CRS3035RES200mN2528400E3923000", "population": 180.0, "median_education": 14.425, "median_healthcare": 42.352, "median_services": 5.14, "median_commerce": 78.91, "median_entertainment": 25.52, "PC1_pos": 1.2179127222732546, "nivvie": 34281.858888888884, "rel_education": 0.70966660929288927, "rel_sante": 0.88426668009502063, "rel_services": 0.40578797985909143, "rel_commerce": 0.4778322444548635, "rel_loisirs": 0.66305123746876571, "rel_pc1": 0.58096682408554179, "q_revenu": 5, "q_population": 2 }, "geometry": { "type": "Polygon", "coordinates": [ [ [ 4.887930154615345, 45.745281906529385 ], [ 4.887761540814171, 45.74707896120168 ], [ 4.890323528243024, 45.747202530864207 ], [ 4.890492058231527, 45.745405471484567 ], [ 4.887930154615345, 45.745281906529385 ] ] ] } },
{ "type": "Feature", "properties": { "idcar_200m": "CRS3035RES200mN2528400E3923200", "population": 182.0, "median_education": 11.148, "median_healthcare": 27.859, "median_services": 3.986, "median_commerce": 56.908, "median_entertainment": 18.739, "PC1_pos": 0.87209123224179086, "nivvie": 36504.068131868131, "rel_education": 0.54844806657865708, "rel_sante": 0.58166758218660708, "rel_services": 0.31468305208527991, "rel_commerce": 0.34460115786893136, "rel_loisirs": 0.48686979384510976, "rel_pc1": 0.41600359717293844, "q_revenu": 5, "q_population": 2 }, "geometry": { "type": "Polygon", "coordinates": [ [ [ 4.890492058231527, 45.745405471484567 ], [ 4.890323528243024, 45.747202530864207 ], [ 4.892885526144963, 45.747326038686907 ], [ 4.89305397231942, 45.745528974602223 ], [ 4.890492058231527, 45.745405471484567 ] ] ] } },
{ "type": "Feature", "properties": { "idcar_200m": "CRS3035RES200mN2528400E3923400", "population": 97.5, "median_education": 8.129, "median_healthcare": 21.441, "median_services": 3.063, "median_commerce": 38.633, "median_entertainment": 14.227, "PC1_pos": 0.63922819922927765, "nivvie": 35679.706666666665, "rel_education": 0.39992234779493213, "rel_sante": 0.4476662704929481, "rel_services": 0.24181489928178934, "rel_commerce": 0.23393857686002717, "rel_loisirs": 0.369640672236212, "rel_pc1": 0.30492363695732183, "q_revenu": 5, "q_population": 1 }, "geometry": { "type": "Polygon", "coordinates": [ [ [ 4.89305397231942, 45.745528974602223 ], [ 4.892885526144963, 45.747326038686907 ], [ 4.895447534514842, 45.747449484669346 ], [ 4.895615896873879, 45.745652415881992 ], [ 4.89305397231942, 45.745528974602223 ] ] ] } },
{ "type": "Feature", "properties": { "idcar_200m": "CRS3035RES200mN2528400E3923600", "population": 129.0, "median_education": 6.489, "median_healthcare": 18.307, "median_services": 2.445, "median_commerce": 28.632, "median_entertainment": 11.216, "PC1_pos": 0.48505988675544209, "nivvie": 23265.372093023256, "rel_education": 0.31923928094984805, "rel_sante": 0.38223153835709162, "rel_services": 0.19302560520534603, "rel_commerce": 0.1733784415566044, "rel_loisirs": 0.29140997960226001, "rel_pc1": 0.23138250939165034, "q_revenu": 2, "q_population": 2 }, "geometry": { "type": "Polygon", "coordinates": [ [ [ 4.895615896873879, 45.745652415881992 ], [ 4.895447534514842, 45.747449484669346 ], [ 4.898009553347514, 45.747572868811154 ], [ 4.898177831889758, 45.745775795323397 ], [ 4.895615896873879, 45.745652415881992 ] ] ] } },
{ "type": "Feature", "properties": { "idcar_200m": "CRS3035RES200mN2528600E3917400", "population": 461.0, "median_education": 13.6965, "median_healthcare": 23.5305, "median_services": 6.5015, "median_commerce": 88.33, "median_entertainment": 24.369, "PC1_pos": 1.1304364104983533, "nivvie": 30509.497830802604, "rel_education": 0.6738266006363991, "rel_sante": 0.49129290508065465, "rel_services": 0.51327442627507458, "rel_commerce": 0.53487418771636164, "rel_loisirs": 0.63314637954060937, "rel_pc1": 0.53923901050319978, "q_revenu": 4, "q_population": 4 }, "geometry": { "type": "Polygon", "coordinates": [ [ [ 4.816030165773585, 45.743593905329561 ], [ 4.815859191131484, 45.745390824795557 ], [ 4.818420967005682, 45.74551613058091 ], [ 4.818591857866765, 45.743719206341972 ], [ 4.816030165773585, 45.743593905329561 ] ] ] } },
{ "type": "Feature", "properties": { "idcar_200m": "CRS3035RES200mN2528600E3917600", "population": 641.5, "median_education": 16.2375, "median_healthcare": 30.422, "median_services": 7.78, "median_commerce": 110.5575, "median_entertainment": 26.912, "PC1_pos": 1.3897420243974703, "nivvie": 23452.079345284492, "rel_education": 0.79883615725430068, "rel_sante": 0.63518041513625612, "rel_services": 0.61420826523418903, "rel_commerce": 0.66947076880393586, "rel_loisirs": 0.6992176686034256, "rel_pc1": 0.66293256934322464, "q_revenu": 2, "q_population": 4 }, "geometry": { "type": "Polygon", "coordinates": [ [ [ 4.818591857866765, 45.743719206341972 ], [ 4.818420967005682, 45.74551613058091 ], [ 4.820982753498423, 45.745641374535552 ], [ 4.821153560577092, 45.743844445525959 ], [ 4.818591857866765, 45.743719206341972 ] ] ] } },
{ "type": "Feature", "properties": { "idcar_200m": "CRS3035RES200mN2528600E3917800", "population": 521.5, "median_education": 18.329, "median_healthcare": 40.365, "median_services": 9.537, "median_commerce": 139.635, "median_entertainment": 30.039, "PC1_pos": 1.7157616261972191, "nivvie": 26400.13940556088, "rel_education": 0.90173166597777243, "rel_sante": 0.84278014124564393, "rel_services": 0.75291828091753998, "rel_commerce": 0.84554689461988175, "rel_loisirs": 0.78046223049859931, "rel_pc1": 0.81844993046718306, "q_revenu": 3, "q_population": 4 }, "geometry": { "type": "Polygon", "coordinates": [ [ [ 4.821153560577092, 45.743844445525959 ], [ 4.820982753498423, 45.745641374535552 ], [ 4.823544550604563, 45.745766556659078 ], [ 4.823715273899428, 45.743969622881167 ], [ 4.821153560577092, 45.743844445525959 ] ] ] } },
{ "type": "Feature", "properties": { "idcar_200m": "CRS3035RES200mN2528600E3918000", "population": 1038.5, "median_education": 19.063, "median_healthcare": 43.86, "median_services": 10.548, "median_commerce": 153.65, "median_entertainment": 31.228, "PC1_pos": 1.8451507945896481, "nivvie": 27424.414636494945, "rel_education": 0.93784225809014532, "rel_sante": 0.91575218617698362, "rel_services": 0.83273377656686709, "rel_commerce": 0.9304134375933315, "rel_loisirs": 0.81135439042612134, "rel_pc1": 0.88017094943454499, "q_revenu": 3, "q_population": 5 }, "geometry": { "type": "Polygon", "coordinates": [ [ [ 4.823715273899428, 45.743969622881167 ], [ 4.823544550604563, 45.745766556659078 ], [ 4.826106358318964, 45.745891676951047 ], [ 4.826276997828626, 45.744094738407171 ], [ 4.823715273899428, 45.743969622881167 ] ] ] } },
{ "type": "Feature", "properties": { "idcar_200m": "CRS3035RES200mN2528600E3918200", "population": 218.5, "median_education": 18.975, "median_healthcare": 44.418, "median_services": 11.254, "median_commerce": 166.564, "median_entertainment": 32.176, "PC1_pos": 1.9131517056539127, "nivvie": 21527.907551487413, "rel_education": 0.93351292279601905, "rel_sante": 0.9274026585866223, "rel_services": 0.8884704134891469, "rel_commerce": 1.0086129763702938, "rel_loisirs": 0.83598497714713982, "rel_pc1": 0.91260863779548929, "q_revenu": 1, "q_population": 2 }, "geometry": { "type": "Polygon", "coordinates": [ [ [ 4.826276997828626, 45.744094738407171 ], [ 4.826106358318964, 45.745891676951047 ], [ 4.828668176636477, 45.746016735411089 ], [ 4.828838732359548, 45.74421979210355 ], [ 4.826276997828626, 45.744094738407171 ] ] ] } },
{ "type": "Feature", "properties": { "idcar_200m": "CRS3035RES200mN2528600E3918600", "population": 478.5, "median_education": 22.861, "median_healthcare": 46.743, "median_services": 14.495, "median_commerce": 200.468, "median_entertainment": 40.489, "PC1_pos": 2.3845128320237401, "nivvie": 21366.604179728318, "rel_education": 1.1246924336252853, "rel_sante": 0.97594629362678398, "rel_services": 1.1443378926181966, "rel_commerce": 1.2139155288477705, "rel_loisirs": 1.0519702803241713, "rel_pc1": 1.1374565859089845, "q_revenu": 1, "q_population": 4 }, "geometry": { "type": "Polygon", "coordinates": [ [ [ 4.831400477487049, 45.744344783969908 ], [ 4.831230005551956, 45.74614173203878 ], [ 4.833791845060263, 45.746266666833698 ], [ 4.833962233205986, 45.744469714005824 ], [ 4.831400477487049, 45.744344783969908 ] ] ] } },
{ "type": "Feature", "properties": { "idcar_200m": "CRS3035RES200mN2528600E3918800", "population": 44.0, "median_education": 28.1295, "median_healthcare": 61.2805, "median_services": 19.352, "median_commerce": 265.202, "median_entertainment": 49.818, "PC1_pos": 2.8990786965719977, "nivvie": 25684.293181818179, "rel_education": 1.383886785865118, "rel_sante": 1.279474506270375, "rel_services": 1.5277838494617, "rel_commerce": 1.6059063096428681, "rel_loisirs": 1.294352921168455, "rel_pc1": 1.3829139907314294, "q_revenu": 2, "q_population": 1 }, "geometry": { "type": "Polygon", "coordinates": [ [ [ 4.833962233205986, 45.744469714005824 ], [ 4.833791845060263, 45.746266666833698 ], [ 4.836353695156248, 45.746391539795411 ], [ 4.83652399951121, 45.74459458221088 ], [ 4.833962233205986, 45.744469714005824 ] ] ] } },
{ "type": "Feature", "properties": { "idcar_200m": "CRS3035RES200mN2528600E3919000", "population": 220.0, "median_education": 30.7275, "median_healthcare": 70.2805, "median_services": 22.1855, "median_commerce": 302.13, "median_entertainment": 54.59, "PC1_pos": 3.4996722500762565, "nivvie": 23870.895909090908, "rel_education": 1.5117005710258062, "rel_sante": 1.4673853515871291, "rel_services": 1.7514803943898589, "rel_commerce": 1.8295204158807239, "rel_loisirs": 1.4183372669835392, "rel_pc1": 1.6694081893422665, "q_revenu": 2, "q_population": 2 }, "geometry": { "type": "Polygon", "coordinates": [ [ [ 4.83652399951121, 45.74459458221088 ], [ 4.836353695156248, 45.746391539795411 ], [ 4.838915555834769, 45.746516350923557 ], [ 4.839085776397585, 45.744719388584663 ], [ 4.83652399951121, 45.74459458221088 ] ] ] } },
{ "type": "Feature", "properties": { "idcar_200m": "CRS3035RES200mN2528600E3919200", "population": 434.5, "median_education": 31.7375, "median_healthcare": 78.383, "median_services": 24.747, "median_commerce": 322.075, "median_entertainment": 57.38, "PC1_pos": 3.7245314258154347, "nivvie": 26077.31599539701, "rel_education": 1.561389532924303, "rel_sante": 1.636557309829241, "rel_services": 1.9537033341581589, "rel_commerce": 1.9502955282321657, "rel_loisirs": 1.4908260190422327, "rel_pc1": 1.7766701620654428, "q_revenu": 3, "q_population": 3 }, "geometry": { "type": "Polygon", "coordinates": [ [ [ 4.839085776397585, 45.744719388584663 ], [ 4.838915555834769, 45.746516350923557 ], [ 4.841477427090682, 45.74664110021768 ], [ 4.841647563859962, 45.744844133126797 ], [ 4.839085776397585, 45.744719388584663 ] ] ] } },
{ "type": "Feature", "properties": { "idcar_200m": "CRS3035RES200mN2528600E3919400", "population": 843.5, "median_education": 32.419, "median_healthcare": 84.52, "median_services": 26.694, "median_commerce": 336.671, "median_entertainment": 60.919, "PC1_pos": 3.9880512181634042, "nivvie": 28948.78624777712, "rel_education": 1.5949172829577938, "rel_sante": 1.7646916273524544, "rel_services": 2.1074132946222934, "rel_commerce": 2.0386802632475396, "rel_loisirs": 1.5827750131410556, "rel_pc1": 1.9023739617255075, "q_revenu": 4, "q_population": 5 }, "geometry": { "type": "Polygon", "coordinates": [ [ [ 4.841647563859962, 45.744844133126797 ], [ 4.841477427090682, 45.74664110021768 ], [ 4.844039308918845, 45.746765787677418 ], [ 4.844209361893201, 45.744968815836828 ], [ 4.841647563859962, 45.744844133126797 ] ] ] } },
{ "type": "Feature", "properties": { "idcar_200m": "CRS3035RES200mN2528600E3919600", "population": 1033.0, "median_education": 31.7045, "median_healthcare": 83.587, "median_services": 25.522, "median_commerce": 311.555, "median_entertainment": 57.81, "PC1_pos": 3.8369727652644787, "nivvie": 27699.323330106487, "rel_education": 1.5597660321890057, "rel_sante": 1.7452115363879506, "rel_services": 2.0148873194481967, "rel_commerce": 1.8865926361821697, "rel_loisirs": 1.5019981206140027, "rel_pc1": 1.8303067541471034, "q_revenu": 3, "q_population": 5 }, "geometry": { "type": "Polygon", "coordinates": [ [ [ 4.844209361893201, 45.744968815836828 ], [ 4.844039308918845, 45.746765787677418 ], [ 4.846601201314105, 45.746890413302303 ], [ 4.84677117049215, 45.745093436714356 ], [ 4.844209361893201, 45.744968815836828 ] ] ] } },
{ "type": "Feature", "properties": { "idcar_200m": "CRS3035RES200mN2528600E3919800", "population": 857.0, "median_education": 32.6355, "median_healthcare": 88.158, "median_services": 25.6815, "median_commerce": 302.984, "median_entertainment": 57.5235, "PC1_pos": 3.8474870148732889, "nivvie": 25136.877012835474, "rel_education": 1.6055684317211845, "rel_sante": 1.8406493668260493, "rel_services": 2.0274793783562757, "rel_commerce": 1.8346917343037941, "rel_loisirs": 1.4945543831714163, "rel_pc1": 1.835322245069533, "q_revenu": 2, "q_population": 5 }, "geometry": { "type": "Polygon", "coordinates": [ [ [ 4.84677117049215, 45.745093436714356 ], [ 4.846601201314105, 45.746890413302303 ], [ 4.849163104271326, 45.747014977091965 ], [ 4.849332989651676, 45.745217995759006 ], [ 4.84677117049215, 45.745093436714356 ] ] ] } },
{ "type": "Feature", "properties": { "idcar_200m": "CRS3035RES200mN2528600E3920000", "population": 606.0, "median_education": 33.029, "median_healthcare": 88.317, "median_services": 24.683, "median_commerce": 289.341, "median_entertainment": 57.051, "PC1_pos": 3.7845763618209629, "nivvie": 27475.940264026405, "rel_education": 1.624927448064807, "rel_sante": 1.8439691250933117, "rel_services": 1.9486507211793687, "rel_commerce": 1.7520778031024544, "rel_loisirs": 1.4822780622582505, "rel_pc1": 1.80531270363315, "q_revenu": 3, "q_population": 4 }, "geometry": { "type": "Polygon", "coordinates": [ [ [ 4.849332989651676, 45.745217995759006 ], [ 4.849163104271326, 45.747014977091965 ], [ 4.851725017785355, 45.747139479046005 ], [ 4.851894819366624, 45.745342492970337 ], [ 4.849332989651676, 45.745217995759006 ] ] ] } },
{ "type": "Feature", "properties": { "idcar_200m": "CRS3035RES200mN2528600E3920400", "population": 605.0, "median_education": 37.3605, "median_healthcare": 84.49, "median_services": 20.4715, "median_commerce": 249.574, "median_entertainment": 55.652, "PC1_pos": 3.3615425321003203, "nivvie": 24864.987107438013, "rel_education": 1.8380242188205886, "rel_sante": 1.7640652578680656, "rel_services": 1.6161651030516324, "rel_commerce": 1.5112723935822852, "rel_loisirs": 1.4459297597026548, "rel_pc1": 1.6035177670675689, "q_revenu": 2, "q_population": 4 }, "geometry": { "type": "Polygon", "coordinates": [ [ [ 4.854456659631851, 45.745466928347902 ], [ 4.854286941851049, 45.74726391916397 ], [ 4.856848876463265, 45.747388297445482 ], [ 4.857018510442218, 45.745591301891373 ], [ 4.854456659631851, 45.745466928347902 ] ] ] } },
{ "type": "Feature", "properties": { "idcar_200m": "CRS3035RES200mN2528600E3920600", "population": 447.0, "median_education": 37.989, "median_healthcare": 78.697, "median_services": 18.951, "median_commerce": 228.669, "median_entertainment": 56.986, "PC1_pos": 3.2623253275494966, "nivvie": 25063.261521252796, "rel_education": 1.8689445282792074, "rel_sante": 1.6431133104325144, "rel_services": 1.4961260712664675, "rel_commerce": 1.3846840895608821, "rel_loisirs": 1.4805892562067038, "rel_pc1": 1.5561893311555539, "q_revenu": 2, "q_population": 3 }, "geometry": { "type": "Polygon", "coordinates": [ [ [ 4.857018510442218, 45.745591301891373 ], [ 4.856848876463265, 45.747388297445482 ], [ 4.859410821616855, 45.747512613890116 ], [ 4.859580371792576, 45.745715613600311 ], [ 4.857018510442218, 45.745591301891373 ] ] ] } },
{ "type": "Feature", "properties": { "idcar_200m": "CRS3035RES200mN2528600E3920800", "population": 659.5, "median_education": 39.192, "median_healthcare": 75.474, "median_services": 18.843, "median_commerce": 230.139, "median_entertainment": 59.577, "PC1_pos": 3.2421254652488516, "nivvie": 22834.007278241093, "rel_education": 1.9281285096295955, "rel_sante": 1.5758203488263034, "rel_services": 1.4875997868647588, "rel_commerce": 1.3935855393055105, "rel_loisirs": 1.5479076635845084, "rel_pc1": 1.5465536243982858, "q_revenu": 2, "q_population": 4 }, "geometry": { "type": "Polygon", "coordinates": [ [ [ 4.859580371792576, 45.745715613600311 ], [ 4.859410821616855, 45.747512613890116 ], [ 4.861972777306673, 45.747636868497473 ], [ 4.862142243677775, 45.745839863474274 ], [ 4.859580371792576, 45.745715613600311 ] ] ] } },
{ "type": "Feature", "properties": { "idcar_200m": "CRS3035RES200mN2528600E3921000", "population": 595.5, "median_education": 39.7145, "median_healthcare": 71.45, "median_services": 17.754, "median_commerce": 220.546, "median_entertainment": 60.248, "PC1_pos": 3.2092635112952319, "nivvie": 28741.321914357683, "rel_education": 1.9538339379384715, "rel_sante": 1.4918033219869007, "rel_services": 1.4016264191475309, "rel_commerce": 1.3354960104618214, "rel_loisirs": 1.5653413383627821, "rel_pc1": 1.5308778664621632, "q_revenu": 4, "q_population": 4 }, "geometry": { "type": "Polygon", "coordinates": [ [ [ 4.862142243677775, 45.745839863474274 ], [ 4.861972777306673, 45.747636868497473 ], [ 4.864534743527572, 45.747761061267134 ], [ 4.864704126092678, 45.745964051512843 ], [ 4.862142243677775, 45.745839863474274 ] ] ] } },
{ "type": "Feature", "properties": { "idcar_200m": "CRS3035RES200mN2528600E3921200", "population": 398.5, "median_education": 41.2895, "median_healthcare": 72.222, "median_services": 17.312, "median_commerce": 218.963, "median_entertainment": 61.124, "PC1_pos": 3.2227214941639901, "nivvie": 33612.440903387702, "rel_education": 2.0313192003049392, "rel_sante": 1.5079218967185162, "rel_services": 1.3667318107627608, "rel_commerce": 1.3259102996143743, "rel_loisirs": 1.5881012476113179, "rel_pc1": 1.5372975724253841, "q_revenu": 5, "q_population": 3 }, "geometry": { "type": "Polygon", "coordinates": [ [ [ 4.864704126092678, 45.745964051512843 ], [ 4.864534743527572, 45.747761061267134 ], [ 4.867096720274407, 45.747885192198702 ], [ 4.867266019032132, 45.746088177715691 ], [ 4.864704126092678, 45.745964051512843 ] ] ] } },
{ "type": "Feature", "properties": { "idcar_200m": "CRS3035RES200mN2528600E3921400", "population": 451.0, "median_education": 39.484, "median_healthcare": 70.874, "median_services": 16.44, "median_commerce": 201.497, "median_entertainment": 58.015, "PC1_pos": 3.0379921721853429, "nivvie": 28832.970953436808, "rel_education": 1.9424940312873789, "rel_sante": 1.4797770278866287, "rel_services": 1.2978899589267441, "rel_commerce": 1.2201465436690109, "rel_loisirs": 1.507324355084265, "rel_pc1": 1.4491782798498927, "q_revenu": 4, "q_population": 3 }, "geometry": { "type": "Polygon", "coordinates": [ [ [ 4.867266019032132, 45.746088177715691 ], [ 4.867096720274407, 45.747885192198702 ], [ 4.869658707542031, 45.748009261291756 ], [ 4.869827922490994, 45.74621224208235 ], [ 4.867266019032132, 45.746088177715691 ] ] ] } },
{ "type": "Feature", "properties": { "idcar_200m": "CRS3035RES200mN2528600E3921600", "population": 347.5, "median_education": 35.736, "median_healthcare": 64.7455, "median_services": 14.9015, "median_commerce": 168.3115, "median_entertainment": 52.331, "PC1_pos": 2.702592890811883, "nivvie": 32221.269928057554, "rel_education": 1.7581037053511746, "rel_sante": 1.3518201817173252, "rel_services": 1.176429879741294, "rel_commerce": 1.0191948018320207, "rel_loisirs": 1.3596447612844036, "rel_pc1": 1.2891866386291571, "q_revenu": 4, "q_population": 3 }, "geometry": { "type": "Polygon", "coordinates": [ [ [ 4.869827922490994, 45.74621224208235 ], [ 4.869658707542031, 45.748009261291756 ], [ 4.872220705325295, 45.748133268545907 ], [ 4.87238983646412, 45.746336244612429 ], [ 4.869827922490994, 45.74621224208235 ] ] ] } },
{ "type": "Feature", "properties": { "idcar_200m": "CRS3035RES200mN2528600E3921800", "population": 679.5, "median_education": 32.916, "median_healthcare": 62.669, "median_services": 13.402, "median_commerce": 145.519, "median_entertainment": 46.916, "PC1_pos": 2.4601225633737229, "nivvie": 25502.021633554083, "rel_education": 1.6193681879712125, "rel_sante": 1.3084649739061875, "rel_services": 1.0580487365897944, "rel_commerce": 0.88117691523035468, "rel_loisirs": 1.2189542263747888, "rel_pc1": 1.1735238218356858, "q_revenu": 2, "q_population": 4 }, "geometry": { "type": "Polygon", "coordinates": [ [ [ 4.87238983646412, 45.746336244612429 ], [ 4.872220705325295, 45.748133268545907 ], [ 4.874782713619058, 45.748257213960727 ], [ 4.874951760946362, 45.746460185305494 ], [ 4.87238983646412, 45.746336244612429 ] ] ] } },
{ "type": "Feature", "properties": { "idcar_200m": "CRS3035RES200mN2528600E3922000", "population": 71.0, "median_education": 31.417, "median_healthcare": 59.931, "median_services": 11.84, "median_commerce": 132.248, "median_entertainment": 44.815, "PC1_pos": 2.1942772405904187, "nivvie": 20867.901408450703, "rel_education": 1.5456218969951268, "rel_sante": 1.2512983189642681, "rel_services": 0.93473340107619518, "rel_commerce": 0.80081559580112516, "rel_loisirs": 1.1643668184624896, "rel_pc1": 1.0467107012804349, "q_revenu": 1, "q_population": 1 }, "geometry": { "type": "Polygon", "coordinates": [ [ [ 4.874951760946362, 45.746460185305494 ], [ 4.874782713619058, 45.748257213960727 ], [ 4.877344732418164, 45.74838109753582 ], [ 4.877513695932572, 45.746584064161162 ], [ 4.874951760946362, 45.746460185305494 ] ] ] } },
{ "type": "Feature", "properties": { "idcar_200m": "CRS3035RES200mN2528600E3922200", "population": 268.0, "median_education": 25.8545, "median_healthcare": 53.465, "median_services": 9.5365, "median_commerce": 116.326, "median_entertainment": 38.86, "PC1_pos": 1.9275002519793949, "nivvie": 28389.594776119404, "rel_education": 1.2719636291135532, "rel_sante": 1.1162948160955866, "rel_services": 0.75287880737864321, "rel_commerce": 0.70440138979161648, "rel_loisirs": 1.009646202509257, "rel_pc1": 0.91945315894754709, "q_revenu": 3, "q_population": 3 }, "geometry": { "type": "Polygon", "coordinates": [ [ [ 4.877513695932572, 45.746584064161162 ], [ 4.877344732418164, 45.74838109753582 ], [ 4.879906761717474, 45.748504919270772 ], [ 4.880075641417605, 45.74670788117902 ], [ 4.877513695932572, 45.746584064161162 ] ] ] } },
{ "type": "Feature", "properties": { "idcar_200m": "CRS3035RES200mN2528600E3922400", "population": 575.5, "median_education": 22.8935, "median_healthcare": 49.6955, "median_services": 8.629, "median_commerce": 118.6435, "median_entertainment": 35.2755, "PC1_pos": 1.7971515415863641, "nivvie": 26919.117984361426, "rel_education": 1.1262913358645934, "rel_sante": 1.0375914903820858, "rel_services": 0.68123433428095348, "rel_commerce": 0.71843479780738317, "rel_loisirs": 0.91651504417435137, "rel_pc1": 0.85727442075410987, "q_revenu": 3, "q_population": 4 }, "geometry": { "type": "Polygon", "coordinates": [ [ [ 4.880075641417605, 45.74670788117902 ], [ 4.879906761717474, 45.748504919270772 ], [ 4.882468801511837, 45.748628679165172 ], [ 4.882637597396315, 45.746831636358678 ], [ 4.880075641417605, 45.74670788117902 ] ] ] } },
{ "type": "Feature", "properties": { "idcar_200m": "CRS3035RES200mN2528600E3922600", "population": 560.5, "median_education": 20.419, "median_healthcare": 45.321, "median_services": 7.309, "median_commerce": 110.267, "median_entertainment": 31.329, "PC1_pos": 1.6045186287174433, "nivvie": 31042.410883140055, "rel_education": 1.0045533792132759, "rel_sante": 0.94625638006673674, "rel_services": 0.57702419159340457, "rel_commerce": 0.6677116727829735, "rel_loisirs": 0.81397853521390917, "rel_pc1": 0.76538496959958402, "q_revenu": 4, "q_population": 4 }, "geometry": { "type": "Polygon", "coordinates": [ [ [ 4.882637597396315, 45.746831636358678 ], [ 4.882468801511837, 45.748628679165172 ], [ 4.885030851796103, 45.748752377218622 ], [ 4.885199563863551, 45.746955329699652 ], [ 4.882637597396315, 45.746831636358678 ] ] ] } },
{ "type": "Feature", "properties": { "idcar_200m": "CRS3035RES200mN2528600E3922800", "population": 277.5, "median_education": 17.7065, "median_healthcare": 41.1095, "median_services": 6.1885, "median_commerce": 101.3935, "median_entertainment": 28.7, "PC1_pos": 1.3948951739407327, "nivvie": 34382.872072072074, "rel_education": 0.87110653847102548, "rel_sante": 0.8583245439499021, "rel_services": 0.48856399092567848, "rel_commerce": 0.61397900998776078, "rel_loisirs": 0.74567282583673888, "rel_pc1": 0.66539071668780536, "q_revenu": 5, "q_population": 3 }, "geometry": { "type": "Polygon", "coordinates": [ [ [ 4.885199563863551, 45.746955329699652 ], [ 4.885030851796103, 45.748752377218622 ], [ 4.887592912565127, 45.748876013430724 ], [ 4.887761540814171, 45.74707896120168 ], [ 4.885199563863551, 45.746955329699652 ] ] ] } },
{ "type": "Feature", "properties": { "idcar_200m": "CRS3035RES200mN2528600E3923000", "population": 364.5, "median_education": 14.568, "median_healthcare": 33.84, "median_services": 5.142, "median_commerce": 85.93, "median_entertainment": 23.38, "PC1_pos": 1.1589058275078177, "nivvie": 38272.581893004113, "rel_education": 0.71670177914584476, "rel_sante": 0.70654477839099694, "rel_services": 0.40594587401467869, "rel_commerce": 0.52034120854145771, "rel_loisirs": 0.60745054592553849, "rel_pc1": 0.55281944732849508, "q_revenu": 5, "q_population": 3 }, "geometry": { "type": "Polygon", "coordinates": [ [ [ 4.887761540814171, 45.74707896120168 ], [ 4.887592912565127, 45.748876013430724 ], [ 4.890154983813763, 45.748999587801045 ], [ 4.890323528243024, 45.747202530864207 ], [ 4.887761540814171, 45.74707896120168 ] ] ] } },
{ "type": "Feature", "properties": { "idcar_200m": "CRS3035RES200mN2528600E3923200", "population": 143.5, "median_education": 11.6965, "median_healthcare": 25.093, "median_services": 4.203, "median_commerce": 63.214, "median_entertainment": 17.9895, "PC1_pos": 0.89220039003731011, "nivvie": 38003.366550522645, "rel_education": 0.57543261667897949, "rel_sante": 0.52391631572592456, "rel_services": 0.33181456796649056, "rel_commerce": 0.38278656065099154, "rel_loisirs": 0.46739656098919907, "rel_pc1": 0.42559603620887509, "q_revenu": 5, "q_population": 2 }, "geometry": { "type": "Polygon", "coordinates": [ [ [ 4.890323528243024, 45.747202530864207 ], [ 4.890154983813763, 45.748999587801045 ], [ 4.89271706553686, 45.749123100329186 ], [ 4.892885526144963, 45.747326038686907 ], [ 4.890323528243024, 45.747202530864207 ] ] ] } },
{ "type": "Feature", "properties": { "idcar_200m": "CRS3035RES200mN2528600E3923400", "population": 9.0, "median_education": 9.225, "median_healthcare": 19.877, "median_services": 3.5935, "median_commerce": 48.7095, "median_entertainment": 14.5595, "PC1_pos": 0.69185498416025748, "nivvie": 37958.955555555556, "rel_education": 0.45384225100359815, "rel_sante": 0.41501154137345886, "rel_services": 0.28369632405129286, "rel_commerce": 0.29495589546666046, "rel_loisirs": 0.37827956473066199, "rel_pc1": 0.33002758368851004, "q_revenu": 5, "q_population": 1 }, "geometry": { "type": "Polygon", "coordinates": [ [ [ 4.892885526144963, 45.747326038686907 ], [ 4.89271706553686, 45.749123100329186 ], [ 4.895279157729268, 45.749246551014735 ], [ 4.895447534514842, 45.747449484669346 ], [ 4.892885526144963, 45.747326038686907 ] ] ] } },
{ "type": "Feature", "properties": { "idcar_200m": "CRS3035RES200mN2528600E3923600", "population": 64.0, "median_education": 7.12, "median_healthcare": 16.575, "median_services": 2.829, "median_commerce": 34.032, "median_entertainment": 11.229, "PC1_pos": 0.50039808268949315, "nivvie": 37958.951562499999, "rel_education": 0.35028258288841396, "rel_sante": 0.34606914012502282, "rel_services": 0.22334128307808751, "rel_commerce": 0.20607764470013831, "rel_loisirs": 0.29174774081256938, "rel_pc1": 0.2386991116539002, "q_revenu": 5, "q_population": 1 }, "geometry": { "type": "Polygon", "coordinates": [ [ [ 4.895447534514842, 45.747449484669346 ], [ 4.895279157729268, 45.749246551014735 ], [ 4.897841260385842, 45.749369939857324 ], [ 4.898009553347514, 45.747572868811154 ], [ 4.895447534514842, 45.747449484669346 ] ] ] } },
{ "type": "Feature", "properties": { "idcar_200m": "CRS3035RES200mN2528800E3914600", "population": 252.0, "median_education": 2.645, "median_healthcare": 2.777, "median_services": 0.272, "median_commerce": 5.277, "median_entertainment": 3.845, "PC1_pos": 0.057595550006356522, "nivvie": 28278.38650793651, "rel_education": 0.1301260437836875, "rel_sante": 0.057980935271625254, "rel_services": 0.021473605159858539, "rel_commerce": 0.031954387960820112, "rel_loisirs": 0.099899373356873211, "rel_pc1": 0.027474139284954048, "q_revenu": 3, "q_population": 2 }, "geometry": { "type": "Polygon", "coordinates": [ [ [ 4.77999544671968, 45.743630051807195 ], [ 4.77982328454192, 45.745426901746832 ], [ 4.782384994985094, 45.74555307792469 ], [ 4.782557073394309, 45.743756223179133 ], [ 4.77999544671968, 45.743630051807195 ] ] ] } },
{ "type": "Feature", "properties": { "idcar_200m": "CRS3035RES200mN2528800E3914800", "population": 111.5, "median_education": 3.2985, "median_healthcare": 4.14, "median_services": 0.438, "median_commerce": 8.294, "median_entertainment": 5.008, "PC1_pos": 0.10529443047963194, "nivvie": 30252.813452914801, "rel_education": 0.16227627804177436, "rel_sante": 0.086438988845707082, "rel_services": 0.03457882007359573, "rel_commerce": 0.050223553865272316, "rel_loisirs": 0.13011601086377661, "rel_pc1": 0.050227384730383642, "q_revenu": 4, "q_population": 2 }, "geometry": { "type": "Polygon", "coordinates": [ [ [ 4.782557073394309, 45.743756223179133 ], [ 4.782384994985094, 45.74555307792469 ], [ 4.784946716120206, 45.745679192275361 ], [ 4.785118710759471, 45.743882332726116 ], [ 4.782557073394309, 45.743756223179133 ] ] ] } },
{ "type": "Feature", "properties": { "idcar_200m": "CRS3035RES200mN2528800E3915000", "population": 72.0, "median_education": 4.213, "median_healthcare": 5.28, "median_services": 0.559, "median_commerce": 10.182, "median_entertainment": 6.376, "PC1_pos": 0.15087441013754832, "nivvie": 36053.930555555555, "rel_education": 0.20726692720630449, "rel_sante": 0.11024102925249597, "rel_services": 0.044131416486621042, "rel_commerce": 0.06165616414953011, "rel_loisirs": 0.16565888284094241, "rel_pc1": 0.071969875419139281, "q_revenu": 5, "q_population": 1 }, "geometry": { "type": "Polygon", "coordinates": [ [ [ 4.785118710759471, 45.743882332726116 ], [ 4.784946716120206, 45.745679192275361 ], [ 4.787508447942107, 45.745805244798341 ], [ 4.787680358810025, 45.744008380447802 ], [ 4.785118710759471, 45.743882332726116 ] ] ] } },
{ "type": "Feature", "properties": { "idcar_200m": "CRS3035RES200mN2528800E3917200", "population": 58.0, "median_education": 6.9855, "median_healthcare": 12.4285, "median_services": 4.38, "median_commerce": 59.325, "median_entertainment": 13.638, "PC1_pos": 0.62888064646444986, "nivvie": 35630.677586206897, "rel_education": 0.34366558746727749, "rel_sante": 0.25949443789103149, "rel_services": 0.3457882007359574, "rel_commerce": 0.35923707897965762, "rel_loisirs": 0.35433749124604336, "rel_pc1": 0.29998766350298528, "q_revenu": 5, "q_population": 1 }, "geometry": { "type": "Polygon", "coordinates": [ [ [ 4.813297425880974, 45.745265457179904 ], [ 4.81312635280353, 45.747062369415602 ], [ 4.815688201840772, 45.74718774180694 ], [ 4.815859191131484, 45.745390824795557 ], [ 4.813297425880974, 45.745265457179904 ] ] ] } },
{ "type": "Feature", "properties": { "idcar_200m": "CRS3035RES200mN2528800E3917600", "population": 938.0, "median_education": 15.81, "median_healthcare": 34.3955, "median_services": 8.92, "median_commerce": 123.2965, "median_entertainment": 28.251, "PC1_pos": 1.5239227437668958, "nivvie": 28898.173240938166, "rel_education": 0.77780444318340236, "rel_sante": 0.71814305334360318, "rel_services": 0.70420793391889025, "rel_commerce": 0.7466106111827282, "rel_loisirs": 0.73400707326528603, "rel_pc1": 0.72693924647199704, "q_revenu": 4, "q_population": 5 }, "geometry": { "type": "Polygon", "coordinates": [ [ [ 4.818420967005682, 45.74551613058091 ], [ 4.818250061503092, 45.747313052365683 ], [ 4.820811931785353, 45.747438301091385 ], [ 4.820982753498423, 45.745641374535552 ], [ 4.818420967005682, 45.74551613058091 ] ] ] } },
{ "type": "Feature", "properties": { "idcar_200m": "CRS3035RES200mN2528800E3917800", "population": 852.5, "median_education": 18.481, "median_healthcare": 44.6035, "median_services": 10.5095, "median_commerce": 150.4085, "median_entertainment": 31.06, "PC1_pos": 1.8357886474708847, "nivvie": 25112.31202346041, "rel_education": 0.9092096087585364, "rel_sante": 0.93127570989842878, "rel_services": 0.82969431407181349, "rel_commerce": 0.9107848325952268, "rel_loisirs": 0.80698947632366236, "rel_pc1": 0.8757050326420367, "q_revenu": 2, "q_population": 5 }, "geometry": { "type": "Polygon", "coordinates": [ [ [ 4.820982753498423, 45.745641374535552 ], [ 4.820811931785353, 45.747438301091385 ], [ 4.823373812682405, 45.747563487983648 ], [ 4.823544550604563, 45.745766556659078 ], [ 4.820982753498423, 45.745641374535552 ] ] ] } },
{ "type": "Feature", "properties": { "idcar_200m": "CRS3035RES200mN2528800E3918000", "population": 438.5, "median_education": 20.2285, "median_healthcare": 51.4195, "median_services": 12.1345, "median_commerce": 179.006, "median_entertainment": 34.3865, "PC1_pos": 2.1567487558804639, "nivvie": 27027.51676168757, "rel_education": 0.99518135224133175, "rel_sante": 1.0735868567516509, "rel_services": 0.95798331548640958, "rel_commerce": 1.0839543625761918, "rel_loisirs": 0.89341737371550589, "rel_pc1": 1.0288089221332477, "q_revenu": 3, "q_population": 3 }, "geometry": { "type": "Polygon", "coordinates": [ [ [ 4.823544550604563, 45.745766556659078 ], [ 4.823373812682405, 45.747563487983648 ], [ 4.825935704189108, 45.747688613042037 ], [ 4.826106358318964, 45.745891676951047 ], [ 4.823544550604563, 45.745766556659078 ] ] ] } },
{ "type": "Feature", "properties": { "idcar_200m": "CRS3035RES200mN2528800E3918200", "population": 304.0, "median_education": 21.618, "median_healthcare": 49.819, "median_services": 13.54, "median_commerce": 199.444, "median_entertainment": 37.719, "PC1_pos": 2.2962275019666363, "nivvie": 23451.924342105263, "rel_education": 1.063540572595749, "rel_sante": 1.0401700447594882, "rel_services": 1.0689434333253109, "rel_commerce": 1.2077147910664783, "rel_loisirs": 0.98000116089672318, "rel_pc1": 1.095342855689561, "q_revenu": 2, "q_population": 3 }, "geometry": { "type": "Polygon", "coordinates": [ [ [ 4.826106358318964, 45.745891676951047 ], [ 4.825935704189108, 45.747688613042037 ], [ 4.828497606300316, 45.747813676266162 ], [ 4.828668176636477, 45.746016735411089 ], [ 4.826106358318964, 45.745891676951047 ] ] ] } },
{ "type": "Feature", "properties": { "idcar_200m": "CRS3035RES200mN2528800E3918400", "population": 55.0, "median_education": 23.187, "median_healthcare": 49.5235, "median_services": 14.9515, "median_commerce": 219.533, "median_entertainment": 40.7225, "PC1_pos": 2.3966825548513304, "nivvie": 20307.910909090911, "rel_education": 1.1407306530103447, "rel_sante": 1.0340003053382545, "rel_services": 1.1803772336309739, "rel_commerce": 1.3293618821684141, "rel_loisirs": 1.058036991293958, "rel_pc1": 1.143261768079961, "q_revenu": 1, "q_population": 1 }, "geometry": { "type": "Polygon", "coordinates": [ [ [ 4.828668176636477, 45.746016735411089 ], [ 4.828497606300316, 45.747813676266162 ], [ 4.831059519010878, 45.74793867765559 ], [ 4.831230005551956, 45.74614173203878 ], [ 4.828668176636477, 45.746016735411089 ] ] ] } },
{ "type": "Feature", "properties": { "idcar_200m": "CRS3035RES200mN2528800E3918600", "population": 193.5, "median_education": 26.792, "median_healthcare": 55.7055, "median_services": 17.9715, "median_commerce": 253.584, "median_entertainment": 48.8365, "PC1_pos": 2.9278221549517989, "nivvie": 30082.330232558143, "rel_education": 1.3180858090935936, "rel_sante": 1.1630741770880519, "rel_services": 1.4187974085676385, "rel_commerce": 1.5355545796203538, "rel_loisirs": 1.268851949790101, "rel_pc1": 1.3966251503430795, "q_revenu": 4, "q_population": 2 }, "geometry": { "type": "Polygon", "coordinates": [ [ [ 4.831230005551956, 45.74614173203878 ], [ 4.831059519010878, 45.74793867765559 ], [ 4.833621442315662, 45.748063617209894 ], [ 4.833791845060263, 45.746266666833698 ], [ 4.831230005551956, 45.74614173203878 ] ] ] } },
{ "type": "Feature", "properties": { "idcar_200m": "CRS3035RES200mN2528800E3918800", "population": 699.0, "median_education": 31.3315, "median_healthcare": 67.219, "median_services": 22.0095, "median_commerce": 310.6995, "median_entertainment": 57.3555, "PC1_pos": 3.4774947663985785, "nivvie": 27812.549785407726, "rel_education": 1.5414155541809469, "rel_sante": 1.4034643457052132, "rel_services": 1.7375857086981858, "rel_commerce": 1.8814122346471154, "rel_loisirs": 1.4901894690689574, "rel_pc1": 1.6588291207252801, "q_revenu": 3, "q_population": 4 }, "geometry": { "type": "Polygon", "coordinates": [ [ [ 4.833791845060263, 45.746266666833698 ], [ 4.833621442315662, 45.748063617209894 ], [ 4.836183376209513, 45.748188494928719 ], [ 4.836353695156248, 45.746391539795411 ], [ 4.833791845060263, 45.746266666833698 ] ] ] } },
{ "type": "Feature", "properties": { "idcar_200m": "CRS3035RES200mN2528800E3919000", "population": 811.5, "median_education": 33.712, "median_healthcare": 80.142, "median_services": 26.395, "median_commerce": 360.163, "median_entertainment": 62.594, "PC1_pos": 4.0628370180925222, "nivvie": 24255.835613062231, "rel_education": 1.6585289935862657, "rel_sante": 1.6732834405972599, "rel_services": 2.0838081183620076, "rel_commerce": 2.1809339077378915, "rel_loisirs": 1.626294246007834, "rel_pc1": 1.938048167173021, "q_revenu": 2, "q_population": 5 }, "geometry": { "type": "Polygon", "coordinates": [ [ [ 4.836353695156248, 45.746391539795411 ], [ 4.836183376209513, 45.748188494928719 ], [ 4.838745320687289, 45.748313310811625 ], [ 4.838915555834769, 45.746516350923557 ], [ 4.836353695156248, 45.746391539795411 ] ] ] } },
{ "type": "Feature", "properties": { "idcar_200m": "CRS3035RES200mN2528800E3919200", "population": 1263.5, "median_education": 33.378, "median_healthcare": 87.348, "median_services": 28.874, "median_commerce": 382.14, "median_entertainment": 65.121, "PC1_pos": 4.3030584134763776, "nivvie": 27008.189790265133, "rel_education": 1.6420971982653765, "rel_sante": 1.8237373907475414, "rel_services": 2.2795179242123358, "rel_commerce": 2.314013609124085, "rel_loisirs": 1.691949828965654, "rel_pc1": 2.0526382019113587, "q_revenu": 3, "q_population": 5 }, "geometry": { "type": "Polygon", "coordinates": [ [ [ 4.838915555834769, 45.746516350923557 ], [ 4.838745320687289, 45.748313310811625 ], [ 4.841307275743843, 45.748438064858213 ], [ 4.841477427090682, 45.74664110021768 ], [ 4.838915555834769, 45.746516350923557 ] ] ] } },
{ "type": "Feature", "properties": { "idcar_200m": "CRS3035RES200mN2528800E3919400", "population": 1107.5, "median_education": 34.85, "median_healthcare": 98.008, "median_services": 31.386, "median_commerce": 407.971, "median_entertainment": 69.629, "PC1_pos": 4.6853290696512939, "nivvie": 27300.107990970657, "rel_education": 1.7145151704580375, "rel_sante": 2.0463073475338303, "rel_services": 2.4778329836298529, "rel_commerce": 2.4704308529019787, "rel_loisirs": 1.8090750240483029, "rel_pc1": 2.2349883531147299, "q_revenu": 3, "q_population": 5 }, "geometry": { "type": "Polygon", "coordinates": [ [ [ 4.841477427090682, 45.74664110021768 ], [ 4.841307275743843, 45.748438064858213 ], [ 4.843869241374037, 45.748562757068051 ], [ 4.844039308918845, 45.746765787677418 ], [ 4.841477427090682, 45.74664110021768 ] ] ] } },
{ "type": "Feature", "properties": { "idcar_200m": "CRS3035RES200mN2528800E3919600", "population": 1022.0, "median_education": 35.1985, "median_healthcare": 100.0, "median_services": 31.6415, "median_commerce": 389.187, "median_entertainment": 67.882, "PC1_pos": 4.6424010354212184, "nivvie": 22444.83346379648, "rel_education": 1.7316603221626177, "rel_sante": 2.0878982812972722, "rel_services": 2.4980039620061172, "rel_commerce": 2.3566860692263969, "rel_loisirs": 1.7636851137090424, "rel_pc1": 2.2145108892909411, "q_revenu": 2, "q_population": 5 }, "geometry": { "type": "Polygon", "coordinates": [ [ [ 4.844039308918845, 45.746765787677418 ], [ 4.843869241374037, 45.748562757068051 ], [ 4.846431217572714, 45.748687387440711 ], [ 4.846601201314105, 45.746890413302303 ], [ 4.844039308918845, 45.746765787677418 ] ] ] } },
{ "type": "Feature", "properties": { "idcar_200m": "CRS3035RES200mN2528800E3919800", "population": 1111.0, "median_education": 36.264, "median_healthcare": 103.082, "median_services": 32.109, "median_commerce": 379.529, "median_entertainment": 68.217, "PC1_pos": 4.6699044596774151, "nivvie": 28374.812331233123, "rel_education": 1.7840797171159333, "rel_sante": 2.1522473063268541, "rel_services": 2.5349117208746241, "rel_commerce": 2.2982029388633873, "rel_loisirs": 1.7723889602823977, "rel_pc1": 2.2276305297622021, "q_revenu": 3, "q_population": 5 }, "geometry": { "type": "Polygon", "coordinates": [ [ [ 4.846601201314105, 45.746890413302303 ], [ 4.846431217572714, 45.748687387440711 ], [ 4.848993204334735, 45.748811955975839 ], [ 4.849163104271326, 45.747014977091965 ], [ 4.846601201314105, 45.746890413302303 ] ] ] } },
{ "type": "Feature", "properties": { "idcar_200m": "CRS3035RES200mN2528800E3920000", "population": 961.0, "median_education": 36.3895, "median_healthcare": 102.611, "median_services": 28.914, "median_commerce": 347.2215, "median_entertainment": 65.6955, "PC1_pos": 4.4003385734761196, "nivvie": 27612.854006243495, "rel_education": 1.7902539396092612, "rel_sante": 2.1424133054219436, "rel_services": 2.2826758073240803, "rel_commerce": 2.1025678452412166, "rel_loisirs": 1.70687627629817, "rel_pc1": 2.0990426318577788, "q_revenu": 3, "q_population": 5 }, "geometry": { "type": "Polygon", "coordinates": [ [ [ 4.849163104271326, 45.747014977091965 ], [ 4.848993204334735, 45.748811955975839 ], [ 4.851555201654954, 45.748936462672965 ], [ 4.851725017785355, 45.747139479046005 ], [ 4.849163104271326, 45.747014977091965 ] ] ] } },
{ "type": "Feature", "properties": { "idcar_200m": "CRS3035RES200mN2528800E3920200", "population": 573.0, "median_education": 37.4375, "median_healthcare": 104.5025, "median_services": 26.81, "median_commerce": 325.7265, "median_entertainment": 63.965, "PC1_pos": 4.1568751655446636, "nivvie": 24726.963699825479, "rel_education": 1.841812387202949, "rel_sante": 2.1819059014126818, "rel_services": 2.1165711556463509, "rel_commerce": 1.9724068505059829, "rel_loisirs": 1.6619150628796866, "rel_pc1": 1.9829060973588433, "q_revenu": 2, "q_population": 4 }, "geometry": { "type": "Polygon", "coordinates": [ [ [ 4.851725017785355, 45.747139479046005 ], [ 4.851555201654954, 45.748936462672965 ], [ 4.854117209528223, 45.749060907531756 ], [ 4.854286941851049, 45.74726391916397 ], [ 4.851725017785355, 45.747139479046005 ] ] ] } },
{ "type": "Feature", "properties": { "idcar_200m": "CRS3035RES200mN2528800E3920400", "population": 1179.5, "median_education": 39.3255, "median_healthcare": 96.911, "median_services": 23.0975, "median_commerce": 283.522, "median_entertainment": 61.038, "PC1_pos": 3.9271794696838604, "nivvie": 28393.22144976685, "rel_education": 1.9346963080587536, "rel_sante": 2.0234031033879996, "rel_services": 1.8234801293376195, "rel_commerce": 1.7168413840113017, "rel_loisirs": 1.585866827296964, "rel_pc1": 1.8733370153631392, "q_revenu": 3, "q_population": 5 }, "geometry": { "type": "Polygon", "coordinates": [ [ [ 4.854286941851049, 45.74726391916397 ], [ 4.854117209528223, 45.749060907531756 ], [ 4.856679227949397, 45.749185290551729 ], [ 4.856848876463265, 45.747388297445482 ], [ 4.854286941851049, 45.74726391916397 ] ] ] } },
{ "type": "Feature", "properties": { "idcar_200m": "CRS3035RES200mN2528800E3920600", "population": 1002.0, "median_education": 39.3975, "median_healthcare": 88.9155, "median_services": 21.1195, "median_commerce": 255.2945, "median_entertainment": 57.2245, "PC1_pos": 3.5479698965458661, "nivvie": 25356.606786427146, "rel_education": 1.9382384914812203, "rel_sante": 1.8564651963068763, "rel_services": 1.6673228094618839, "rel_commerce": 1.5459123549864675, "rel_loisirs": 1.486785875334302, "rel_pc1": 1.6924470572078409, "q_revenu": 2, "q_population": 5 }, "geometry": { "type": "Polygon", "coordinates": [ [ [ 4.856848876463265, 45.747388297445482 ], [ 4.856679227949397, 45.749185290551729 ], [ 4.859241256913329, 45.7493096117325 ], [ 4.859410821616855, 45.747512613890116 ], [ 4.856848876463265, 45.747388297445482 ] ] ] } },
{ "type": "Feature", "properties": { "idcar_200m": "CRS3035RES200mN2528800E3920800", "population": 127.0, "median_education": 39.1065, "median_healthcare": 78.2915, "median_services": 19.381, "median_commerce": 228.32, "median_entertainment": 57.9975, "PC1_pos": 3.309812937039696, "nivvie": 27969.940944881891, "rel_education": 1.9239221668154156, "rel_sante": 1.6346468829018539, "rel_services": 1.5300733147177144, "rel_commerce": 1.3825707521725312, "rel_loisirs": 1.5068696765319256, "rel_pc1": 1.5788417964466963, "q_revenu": 3, "q_population": 2 }, "geometry": { "type": "Polygon", "coordinates": [ [ [ 4.859410821616855, 45.747512613890116 ], [ 4.859241256913329, 45.7493096117325 ], [ 4.861803296414871, 45.749433871073656 ], [ 4.861972777306673, 45.747636868497473 ], [ 4.859410821616855, 45.747512613890116 ] ] ] } },
{ "type": "Feature", "properties": { "idcar_200m": "CRS3035RES200mN2528800E3921000", "population": 289.0, "median_education": 40.482, "median_healthcare": 74.266, "median_services": 18.717, "median_commerce": 218.071, "median_entertainment": 58.761, "PC1_pos": 3.2356179043831959, "nivvie": 27611.051903114188, "rel_education": 1.9915926292821311, "rel_sante": 1.5505985375882323, "rel_services": 1.4776524550627654, "rel_commerce": 1.3205088756877017, "rel_loisirs": 1.5267066522297079, "rel_pc1": 1.5434493978806363, "q_revenu": 3, "q_population": 3 }, "geometry": { "type": "Polygon", "coordinates": [ [ [ 4.861972777306673, 45.747636868497473 ], [ 4.861803296414871, 45.749433871073656 ], [ 4.864365346448874, 45.749558068574814 ], [ 4.864534743527572, 45.747761061267134 ], [ 4.861972777306673, 45.747636868497473 ] ] ] } },
{ "type": "Feature", "properties": { "idcar_200m": "CRS3035RES200mN2528800E3921200", "population": 980.0, "median_education": 40.347, "median_healthcare": 69.265, "median_services": 17.1475, "median_commerce": 195.724, "median_entertainment": 55.526, "PC1_pos": 3.0483930240662787, "nivvie": 33394.824489795916, "rel_education": 1.9849510353650051, "rel_sante": 1.4461827445405555, "rel_services": 1.3537450164657143, "rel_commerce": 1.1851886733453771, "rel_loisirs": 1.4426560741258105, "rel_pc1": 1.4541396779653279, "q_revenu": 5, "q_population": 5 }, "geometry": { "type": "Polygon", "coordinates": [ [ [ 4.864534743527572, 45.747761061267134 ], [ 4.864365346448874, 45.749558068574814 ], [ 4.866927407010199, 45.74968220423554 ], [ 4.867096720274407, 45.747885192198702 ], [ 4.864534743527572, 45.747761061267134 ] ] ] } },
{ "type": "Feature", "properties": { "idcar_200m": "CRS3035RES200mN2528800E3921400", "population": 1080.0, "median_education": 39.1945, "median_healthcare": 67.8695, "median_services": 15.6795, "median_commerce": 186.9275, "median_entertainment": 54.245, "PC1_pos": 2.8645340461915696, "nivvie": 34071.907962962963, "rel_education": 1.9282515021095421, "rel_sante": 1.4170461240250523, "rel_services": 1.2378507062647131, "rel_commerce": 1.1319222769653594, "rel_loisirs": 1.409373604094561, "rel_pc1": 1.3664355555745957, "q_revenu": 5, "q_population": 5 }, "geometry": { "type": "Polygon", "coordinates": [ [ [ 4.867096720274407, 45.747885192198702 ], [ 4.866927407010199, 45.74968220423554 ], [ 4.86948947809369, 45.749806278055424 ], [ 4.869658707542031, 45.748009261291756 ], [ 4.867096720274407, 45.747885192198702 ] ] ] } },
{ "type": "Feature", "properties": { "idcar_200m": "CRS3035RES200mN2528800E3921600", "population": 826.0, "median_education": 34.47, "median_healthcare": 58.876, "median_services": 13.283, "median_commerce": 148.875, "median_entertainment": 47.331, "PC1_pos": 2.4516788212491951, "nivvie": 33291.888014527845, "rel_education": 1.6958203135061276, "rel_sante": 1.2292709920965819, "rel_services": 1.0486540343323565, "rel_commerce": 0.9014988644432621, "rel_loisirs": 1.2297366034731252, "rel_pc1": 1.1694960011587427, "q_revenu": 5, "q_population": 5 }, "geometry": { "type": "Polygon", "coordinates": [ [ [ 4.869658707542031, 45.748009261291756 ], [ 4.86948947809369, 45.749806278055424 ], [ 4.872051559694206, 45.749930290034072 ], [ 4.872220705325295, 45.748133268545907 ], [ 4.869658707542031, 45.748009261291756 ] ] ] } },
{ "type": "Feature", "properties": { "idcar_200m": "CRS3035RES200mN2528800E3921800", "population": 889.5, "median_education": 34.124, "median_healthcare": 59.1855, "median_services": 12.582, "median_commerce": 143.352, "median_entertainment": 46.6065, "PC1_pos": 2.4060275738424348, "nivvie": 30292.119392917368, "rel_education": 1.6787981542814938, "rel_sante": 1.2357330372771971, "rel_services": 0.99331213279904462, "rel_commerce": 0.86805484611701433, "rel_loisirs": 1.2109129114062707, "rel_pc1": 1.147719514439772, "q_revenu": 4, "q_population": 5 }, "geometry": { "type": "Polygon", "coordinates": [ [ [ 4.872220705325295, 45.748133268545907 ], [ 4.872051559694206, 45.749930290034072 ], [ 4.874613651806594, 45.750054240171046 ], [ 4.874782713619058, 45.748257213960727 ], [ 4.872220705325295, 45.748133268545907 ] ] ] } },
{ "type": "Feature", "properties": { "idcar_200m": "CRS3035RES200mN2528800E3922000", "population": 421.0, "median_education": 31.621, "median_healthcare": 57.923, "median_services": 10.854, "median_commerce": 132.155, "median_entertainment": 43.128, "PC1_pos": 2.1640654734081997, "nivvie": 20977.692874109263, "rel_education": 1.5556580833587834, "rel_sante": 1.2093733214758191, "rel_services": 0.85689158237170793, "rel_commerce": 0.80025244285809771, "rel_loisirs": 1.1205358060169643, "rel_pc1": 1.0322991312977317, "q_revenu": 1, "q_population": 3 }, "geometry": { "type": "Polygon", "coordinates": [ [ [ 4.874782713619058, 45.748257213960727 ], [ 4.874613651806594, 45.750054240171046 ], [ 4.877175754425711, 45.750178128465969 ], [ 4.877344732418164, 45.74838109753582 ], [ 4.874782713619058, 45.748257213960727 ] ] ] } },
{ "type": "Feature", "properties": { "idcar_200m": "CRS3035RES200mN2528800E3922200", "population": 308.5, "median_education": 26.633, "median_healthcare": 50.7, "median_services": 9.233, "median_commerce": 120.74, "median_entertainment": 39.083, "PC1_pos": 1.9024990456338398, "nivvie": 29681.07034035656, "rel_education": 1.3102634873689789, "rel_sante": 1.0585644286177172, "rel_services": 0.72891836926828635, "rel_commerce": 0.73112996065746072, "rel_loisirs": 1.0154401063476399, "rel_pc1": 0.90752712255491175, "q_revenu": 4, "q_population": 3 }, "geometry": { "type": "Polygon", "coordinates": [ [ [ 4.877344732418164, 45.74838109753582 ], [ 4.877175754425711, 45.750178128465969 ], [ 4.879737867546404, 45.750301954918442 ], [ 4.879906761717474, 45.748504919270772 ], [ 4.877344732418164, 45.74838109753582 ] ] ] } },
{ "type": "Feature", "properties": { "idcar_200m": "CRS3035RES200mN2528800E3922400", "population": 460.0, "median_education": 20.681, "median_healthcare": 41.359, "median_services": 7.627, "median_commerce": 109.2595, "median_entertainment": 31.0925, "PC1_pos": 1.539050699746402, "nivvie": 27817.480652173912, "rel_education": 1.0174429911116978, "rel_sante": 0.86353385016173867, "rel_services": 0.60212936233176861, "rel_commerce": 0.66161084923350866, "rel_loisirs": 0.80783387934943574, "rel_pc1": 0.73415556039957885, "q_revenu": 3, "q_population": 3 }, "geometry": { "type": "Polygon", "coordinates": [ [ [ 4.879906761717474, 45.748504919270772 ], [ 4.879737867546404, 45.750301954918442 ], [ 4.88229999116353, 45.75042571952801 ], [ 4.882468801511837, 45.748628679165172 ], [ 4.879906761717474, 45.748504919270772 ] ] ] } },
{ "type": "Feature", "properties": { "idcar_200m": "CRS3035RES200mN2528800E3922600", "population": 558.5, "median_education": 19.592, "median_healthcare": 39.665, "median_services": 7.195, "median_commerce": 119.621, "median_entertainment": 29.048, "PC1_pos": 1.5516129171003299, "nivvie": 29820.36096687556, "rel_education": 0.96386746684688285, "rel_sante": 0.82816485327656297, "rel_services": 0.56802422472493452, "rel_commerce": 0.72435395911716183, "rel_loisirs": 0.75471443362040391, "rel_pc1": 0.74014796969633168, "q_revenu": 4, "q_population": 4 }, "geometry": { "type": "Polygon", "coordinates": [ [ [ 4.882468801511837, 45.748628679165172 ], [ 4.88229999116353, 45.75042571952801 ], [ 4.884862125271938, 45.750549422294341 ], [ 4.885030851796103, 45.748752377218622 ], [ 4.882468801511837, 45.748628679165172 ] ] ] } },
{ "type": "Feature", "properties": { "idcar_200m": "CRS3035RES200mN2528800E3922800", "population": 543.5, "median_education": 18.69, "median_healthcare": 38.411, "median_services": 6.77, "median_commerce": 122.344, "median_entertainment": 27.8545, "PC1_pos": 1.5065738668357769, "nivvie": 30135.914811407543, "rel_education": 0.91949178008208654, "rel_sante": 0.80198260882909522, "rel_services": 0.53447171666265547, "rel_commerce": 0.74084283507268811, "rel_loisirs": 0.72370535635085176, "rel_pc1": 0.71866351230172731, "q_revenu": 4, "q_population": 4 }, "geometry": { "type": "Polygon", "coordinates": [ [ [ 4.885030851796103, 45.748752377218622 ], [ 4.884862125271938, 45.750549422294341 ], [ 4.887424269866479, 45.750673063216944 ], [ 4.887592912565127, 45.748876013430724 ], [ 4.885030851796103, 45.748752377218622 ] ] ] } },
{ "type": "Feature", "properties": { "idcar_200m": "CRS3035RES200mN2528800E3923000", "population": 354.5, "median_education": 16.9745, "median_healthcare": 34.579, "median_services": 6.275, "median_commerce": 109.2185, "median_entertainment": 24.941, "PC1_pos": 1.3395002423351832, "nivvie": 32829.318476727785, "rel_education": 0.83509434034260988, "rel_sante": 0.72197434668978377, "rel_services": 0.49539291315482475, "rel_commerce": 0.6613625775059373, "rel_loisirs": 0.64800787279421979, "rel_pc1": 0.6389663129544717, "q_revenu": 5, "q_population": 3 }, "geometry": { "type": "Polygon", "coordinates": [ [ [ 4.887592912565127, 45.748876013430724 ], [ 4.887424269866479, 45.750673063216944 ], [ 4.889986424942005, 45.750796642295462 ], [ 4.890154983813763, 45.748999587801045 ], [ 4.887592912565127, 45.748876013430724 ] ] ] } },
{ "type": "Feature", "properties": { "idcar_200m": "CRS3035RES200mN2528800E3923200", "population": 575.5, "median_education": 13.205, "median_healthcare": 25.643, "median_services": 5.575, "median_commerce": 81.549, "median_entertainment": 19.027, "PC1_pos": 1.0380885012822185, "nivvie": 22315.820156385751, "rel_education": 0.6496462790788633, "rel_sante": 0.53539975627305947, "rel_services": 0.44012995869930643, "rel_commerce": 0.49381246613926838, "rel_loisirs": 0.49435250373503942, "rel_pc1": 0.49518735512013001, "q_revenu": 2, "q_population": 4 }, "geometry": { "type": "Polygon", "coordinates": [ [ [ 4.890154983813763, 45.748999587801045 ], [ 4.889986424942005, 45.750796642295462 ], [ 4.892548590493367, 45.750920159529485 ], [ 4.89271706553686, 45.749123100329186 ], [ 4.890154983813763, 45.748999587801045 ] ] ] } },
{ "type": "Feature", "properties": { "idcar_200m": "CRS3035RES200mN2528800E3923400", "population": 118.0, "median_education": 9.642, "median_healthcare": 19.052, "median_services": 4.146, "median_commerce": 54.819, "median_entertainment": 14.44, "PC1_pos": 0.74070929051134593, "nivvie": 42844.576271186437, "rel_education": 0.47435739665872012, "rel_sante": 0.39778638055275628, "rel_services": 0.32731458453225548, "rel_commerce": 0.33195141057877536, "rel_loisirs": 0.37517475975897246, "rel_pc1": 0.35333198858110126, "q_revenu": 5, "q_population": 2 }, "geometry": { "type": "Polygon", "coordinates": [ [ [ 4.89271706553686, 45.749123100329186 ], [ 4.892548590493367, 45.750920159529485 ], [ 4.895110766515418, 45.751043614918565 ], [ 4.895279157729268, 45.749246551014735 ], [ 4.89271706553686, 45.749123100329186 ] ] ] } },
{ "type": "Feature", "properties": { "idcar_200m": "CRS3035RES200mN2528800E3923600", "population": 109.0, "median_education": 7.3905, "median_healthcare": 15.0575, "median_services": 3.3835, "median_commerce": 41.042, "median_entertainment": 10.9905, "PC1_pos": 0.55094899401844999, "nivvie": 38253.399082568809, "rel_education": 0.36359036921865495, "rel_sante": 0.31438528370633678, "rel_services": 0.26711743771463731, "rel_commerce": 0.24852605470683703, "rel_loisirs": 0.28555112168497143, "rel_pc1": 0.26281282840250048, "q_revenu": 5, "q_population": 2 }, "geometry": { "type": "Polygon", "coordinates": [ [ [ 4.895279157729268, 45.749246551014735 ], [ 4.895110766515418, 45.751043614918565 ], [ 4.897672953003005, 45.75116700846236 ], [ 4.897841260385842, 45.749369939857324 ], [ 4.895279157729268, 45.749246551014735 ] ] ] } },
{ "type": "Feature", "properties": { "idcar_200m": "CRS3035RES200mN2529000E3914400", "population": 52.5, "median_education": 3.182, "median_healthcare": 2.9515, "median_services": 0.2725, "median_commerce": 5.6725, "median_entertainment": 4.5225, "PC1_pos": 0.066916301828886748, "nivvie": 38657.194285714286, "rel_education": 0.15654482847625467, "rel_sante": 0.061624317772488994, "rel_services": 0.021513078698755336, "rel_commerce": 0.034349301820684491, "rel_loisirs": 0.11750192874030145, "rel_pc1": 0.031920309757923274, "q_revenu": 5, "q_population": 1 }, "geometry": { "type": "Polygon", "coordinates": [ [ [ 4.777261584795824, 45.745300663742093 ], [ 4.777089324094001, 45.747097506412885 ], [ 4.77965110761434, 45.747223749226322 ], [ 4.77982328454192, 45.745426901746832 ], [ 4.777261584795824, 45.745300663742093 ] ] ] } },
{ "type": "Feature", "properties": { "idcar_200m": "CRS3035RES200mN2529000E3914600", "population": 120.0, "median_education": 3.208, "median_healthcare": 3.15, "median_services": 0.301, "median_commerce": 6.026, "median_entertainment": 4.596, "PC1_pos": 0.080278935607192015, "nivvie": 39909.225, "rel_education": 0.15782395026770113, "rel_sante": 0.065768795860864065, "rel_services": 0.023763070415872865, "rel_commerce": 0.03648988854498806, "rel_loisirs": 0.11941157866012725, "rel_pc1": 0.038294532446976032, "q_revenu": 5, "q_population": 2 }, "geometry": { "type": "Polygon", "coordinates": [ [ [ 4.77982328454192, 45.745426901746832 ], [ 4.77965110761434, 45.747223749226322 ], [ 4.782212901833161, 45.747349930210611 ], [ 4.782384994985094, 45.74555307792469 ], [ 4.77982328454192, 45.745426901746832 ] ] ] } },
{ "type": "Feature", "properties": { "idcar_200m": "CRS3035RES200mN2529000E3914800", "population": 150.0, "median_education": 4.552, "median_healthcare": 4.578, "median_services": 0.472, "median_commerce": 8.64, "median_entertainment": 6.543, "PC1_pos": 0.13941695101742058, "nivvie": 34764.934, "rel_education": 0.22394470748708711, "rel_sante": 0.095583983317789126, "rel_services": 0.037263020718578045, "rel_commerce": 0.052318725029654303, "rel_loisirs": 0.16999781531183911, "rel_pc1": 0.066504456169157025, "q_revenu": 5, "q_population": 2 }, "geometry": { "type": "Polygon", "coordinates": [ [ [ 4.782384994985094, 45.74555307792469 ], [ 4.782212901833161, 45.747349930210611 ], [ 4.784774706745321, 45.747476049365297 ], [ 4.784946716120206, 45.745679192275361 ], [ 4.782384994985094, 45.74555307792469 ] ] ] } },
{ "type": "Feature", "properties": { "idcar_200m": "CRS3035RES200mN2529000E3915000", "population": 292.0, "median_education": 4.846, "median_healthcare": 5.523, "median_services": 0.583, "median_commerce": 10.03, "median_entertainment": 7.323, "PC1_pos": 0.17327636935341961, "nivvie": 33578.753082191783, "rel_education": 0.23840862312882782, "rel_sante": 0.11531462207604834, "rel_services": 0.046026146353667377, "rel_commerce": 0.060735742135119515, "rel_loisirs": 0.19026348793039857, "rel_pc1": 0.082656023006666121, "q_revenu": 5, "q_population": 3 }, "geometry": { "type": "Polygon", "coordinates": [ [ [ 4.784946716120206, 45.745679192275361 ], [ 4.784774706745321, 45.747476049365297 ], [ 4.787336522345674, 45.747602106690039 ], [ 4.787508447942107, 45.745805244798341 ], [ 4.784946716120206, 45.745679192275361 ] ] ] } },
{ "type": "Feature", "properties": { "idcar_200m": "CRS3035RES200mN2529000E3915200", "population": 285.5, "median_education": 5.527, "median_healthcare": 7.566, "median_services": 0.786, "median_commerce": 12.901, "median_entertainment": 8.2275, "PC1_pos": 0.22927216315276144, "nivvie": 22237.202802101576, "rel_education": 0.27191177466632921, "rel_sante": 0.1579703839629516, "rel_services": 0.062052403145767689, "rel_commerce": 0.078120818473098402, "rel_loisirs": 0.21376387367845884, "rel_pc1": 0.1093670490849811, "q_revenu": 1, "q_population": 3 }, "geometry": { "type": "Polygon", "coordinates": [ [ [ 4.787508447942107, 45.745805244798341 ], [ 4.787336522345674, 45.747602106690039 ], [ 4.789898348629086, 45.747728102184361 ], [ 4.790070190445665, 45.745931235493245 ], [ 4.787508447942107, 45.745805244798341 ] ] ] } },
{ "type": "Feature", "properties": { "idcar_200m": "CRS3035RES200mN2529000E3915400", "population": 328.5, "median_education": 5.673, "median_healthcare": 8.057, "median_services": 0.932, "median_commerce": 14.135, "median_entertainment": 8.1765, "PC1_pos": 0.253715044945521, "nivvie": 25129.268797564688, "rel_education": 0.27909453549522084, "rel_sante": 0.16822196452412122, "rel_services": 0.073578676503632937, "rel_commerce": 0.085593191932194862, "rel_loisirs": 0.21243881046878382, "rel_pc1": 0.12102675437168864, "q_revenu": 2, "q_population": 3 }, "geometry": { "type": "Polygon", "coordinates": [ [ [ 4.790070190445665, 45.745931235493245 ], [ 4.789898348629086, 45.747728102184361 ], [ 4.792460185590405, 45.747854035847844 ], [ 4.792631943625727, 45.746057164359655 ], [ 4.790070190445665, 45.745931235493245 ] ] ] } },
{ "type": "Feature", "properties": { "idcar_200m": "CRS3035RES200mN2529000E3916800", "population": 216.5, "median_education": 8.358, "median_healthcare": 9.236, "median_services": 3.594, "median_commerce": 31.9625, "median_entertainment": 12.657, "PC1_pos": 0.4830073785686626, "nivvie": 28142.844341801385, "rel_education": 0.41118845895805672, "rel_sante": 0.19283828526061608, "rel_services": 0.28373579759018963, "rel_commerce": 0.19354597786577843, "rel_loisirs": 0.32884951068347051, "rel_pc1": 0.23040342514293902, "q_revenu": 3, "q_population": 2 }, "geometry": { "type": "Polygon", "coordinates": [ [ [ 4.808002686624865, 45.746811439136643 ], [ 4.807831431306459, 45.748608339358441 ], [ 4.810393342869154, 45.748733840194632 ], [ 4.810564514396512, 45.746936935191997 ], [ 4.808002686624865, 45.746811439136643 ] ] ] } },
{ "type": "Feature", "properties": { "idcar_200m": "CRS3035RES200mN2529000E3917000", "population": 278.5, "median_education": 8.009, "median_healthcare": 10.151, "median_services": 4.045, "median_commerce": 47.258, "median_entertainment": 13.489, "PC1_pos": 0.60354992010443587, "nivvie": 36207.267504488329, "rel_education": 0.39401870875748701, "rel_sante": 0.2119425545344861, "rel_services": 0.31934092967510214, "rel_commerce": 0.28616647076983831, "rel_loisirs": 0.35046622814326728, "rel_pc1": 0.28790443998784782, "q_revenu": 5, "q_population": 3 }, "geometry": { "type": "Polygon", "coordinates": [ [ [ 4.810564514396512, 45.746936935191997 ], [ 4.810393342869154, 45.748733840194632 ], [ 4.812955265068608, 45.748859279196679 ], [ 4.81312635280353, 45.747062369415602 ], [ 4.810564514396512, 45.746936935191997 ] ] ] } },
{ "type": "Feature", "properties": { "idcar_200m": "CRS3035RES200mN2529000E3917200", "population": 106.5, "median_education": 9.0015, "median_healthcare": 14.2335, "median_services": 5.3765, "median_commerce": 68.604, "median_entertainment": 16.967, "PC1_pos": 0.79789975141282987, "nivvie": 31238.015023474178, "rel_education": 0.44284672329635649, "rel_sante": 0.2971810018684472, "rel_services": 0.42445896375727732, "rel_commerce": 0.41542520971463004, "rel_loisirs": 0.44083034271679261, "rel_pc1": 0.38061289289410249, "q_revenu": 4, "q_population": 1 }, "geometry": { "type": "Polygon", "coordinates": [ [ [ 4.81312635280353, 45.747062369415602 ], [ 4.812955265068608, 45.748859279196679 ], [ 4.815517197899683, 45.748984656364151 ], [ 4.815688201840772, 45.74718774180694 ], [ 4.81312635280353, 45.747062369415602 ] ] ] } },
{ "type": "Feature", "properties": { "idcar_200m": "CRS3035RES200mN2529000E3917400", "population": 1.0, "median_education": 10.802, "median_healthcare": 19.606, "median_services": 6.8025, "median_commerce": 93.0325, "median_entertainment": 20.9815, "PC1_pos": 1.1401196510570453, "nivvie": 41074.1, "rel_education": 0.53142590735402351, "rel_sante": 0.40935333703114324, "rel_services": 0.53703749669094747, "rel_commerce": 0.56334974378718905, "rel_loisirs": 0.54513360262346822, "rel_pc1": 0.54385809478679215, "q_revenu": 5, "q_population": 1 }, "geometry": { "type": "Polygon", "coordinates": [ [ [ 4.815688201840772, 45.74718774180694 ], [ 4.815517197899683, 45.748984656364151 ], [ 4.818079141357237, 45.749109971696704 ], [ 4.818250061503092, 45.747313052365683 ], [ 4.815688201840772, 45.74718774180694 ] ] ] } },
{ "type": "Feature", "properties": { "idcar_200m": "CRS3035RES200mN2529000E3917600", "population": 77.0, "median_education": 16.053, "median_healthcare": 35.664, "median_services": 9.8375, "median_commerce": 137.297, "median_entertainment": 30.484, "PC1_pos": 1.6387365797879128, "nivvie": 31901.532467532466, "rel_education": 0.78975931223422891, "rel_sante": 0.74462804304185914, "rel_services": 0.7766418777945161, "rel_commerce": 0.83138935074032949, "rel_loisirs": 0.79202405654380315, "rel_pc1": 0.78170756316196977, "q_revenu": 4, "q_population": 1 }, "geometry": { "type": "Polygon", "coordinates": [ [ [ 4.818250061503092, 45.747313052365683 ], [ 4.818079141357237, 45.749109971696704 ], [ 4.820641095436119, 45.749235225193893 ], [ 4.820811931785353, 45.747438301091385 ], [ 4.818250061503092, 45.747313052365683 ] ] ] } },
{ "type": "Feature", "properties": { "idcar_200m": "CRS3035RES200mN2529000E3917800", "population": 341.0, "median_education": 18.648, "median_healthcare": 44.192, "median_services": 11.437, "median_commerce": 163.772, "median_entertainment": 34.368, "PC1_pos": 1.9543343430979423, "nivvie": 27042.291788856306, "rel_education": 0.9174255064189808, "rel_sante": 0.92268400847089049, "rel_services": 0.90291772872537523, "rel_commerce": 0.99170627726348892, "rel_loisirs": 0.89293671353160431, "rel_pc1": 0.9322535151711574, "q_revenu": 3, "q_population": 3 }, "geometry": { "type": "Polygon", "coordinates": [ [ [ 4.820811931785353, 45.747438301091385 ], [ 4.820641095436119, 45.749235225193893 ], [ 4.823203060131187, 45.749360416855318 ], [ 4.823373812682405, 45.747563487983648 ], [ 4.820811931785353, 45.747438301091385 ] ] ] } },
{ "type": "Feature", "properties": { "idcar_200m": "CRS3035RES200mN2529000E3918000", "population": 8.0, "median_education": 20.01, "median_healthcare": 46.629, "median_services": 12.702, "median_commerce": 187.921, "median_entertainment": 35.583, "PC1_pos": 2.1226454578434568, "nivvie": 32485.5125, "rel_education": 0.98443180949398368, "rel_sante": 0.97356608958610502, "rel_services": 1.0027857821342763, "rel_commerce": 1.1379383248029706, "rel_loisirs": 0.92450439587974487, "rel_pc1": 1.0125410201817666, "q_revenu": 5, "q_population": 1 }, "geometry": { "type": "Polygon", "coordinates": [ [ [ 4.823373812682405, 45.747563487983648 ], [ 4.823203060131187, 45.749360416855318 ], [ 4.825765035437297, 45.749485546680525 ], [ 4.825935704189108, 45.747688613042037 ], [ 4.823373812682405, 45.747563487983648 ] ] ] } },
{ "type": "Feature", "properties": { "idcar_200m": "CRS3035RES200mN2529000E3918200", "population": 27.0, "median_education": 23.973, "median_healthcare": 53.215, "median_services": 15.791, "median_commerce": 233.381, "median_entertainment": 43.42, "PC1_pos": 2.5723301103490099, "nivvie": 17009.548148148147, "rel_education": 1.1793994887056105, "rel_sante": 1.1110750703923435, "rel_services": 1.2466533054386992, "rel_commerce": 1.4132171720076101, "rel_loisirs": 1.1281224424331431, "rel_pc1": 1.2270488905967589, "q_revenu": 1, "q_population": 1 }, "geometry": { "type": "Polygon", "coordinates": [ [ [ 4.825935704189108, 45.747688613042037 ], [ 4.825765035437297, 45.749485546680525 ], [ 4.828327021349305, 45.749610614669152 ], [ 4.828497606300316, 45.747813676266162 ], [ 4.825935704189108, 45.747688613042037 ] ] ] } },
{ "type": "Feature", "properties": { "idcar_200m": "CRS3035RES200mN2529000E3918400", "population": 207.5, "median_education": 30.581, "median_healthcare": 60.172, "median_services": 20.2875, "median_commerce": 295.4915, "median_entertainment": 52.9845, "PC1_pos": 3.1156434940954614, "nivvie": 24144.399036144576, "rel_education": 1.5044932117009251, "rel_sante": 1.2563301538221945, "rel_services": 1.6016388407376108, "rel_commerce": 1.7893215899421404, "rel_loisirs": 1.3766237575103377, "rel_pc1": 1.4862193921160998, "q_revenu": 2, "q_population": 2 }, "geometry": { "type": "Polygon", "coordinates": [ [ [ 4.828497606300316, 45.747813676266162 ], [ 4.828327021349305, 45.749610614669152 ], [ 4.830889017862063, 45.749735620820729 ], [ 4.831059519010878, 45.74793867765559 ], [ 4.828497606300316, 45.747813676266162 ] ] ] } },
{ "type": "Feature", "properties": { "idcar_200m": "CRS3035RES200mN2529000E3918800", "population": 478.5, "median_education": 31.431, "median_healthcare": 72.176, "median_services": 24.219, "median_commerce": 337.76, "median_entertainment": 61.08, "PC1_pos": 3.7807844909681569, "nivvie": 32262.021525600838, "rel_education": 1.5463106548828285, "rel_sante": 1.5069614635091193, "rel_services": 1.9120192770831395, "rel_commerce": 2.0452746025481523, "rel_loisirs": 1.5869580558225787, "rel_pc1": 1.8035039113228231, "q_revenu": 4, "q_population": 4 }, "geometry": { "type": "Polygon", "coordinates": [ [ [ 4.833621442315662, 45.748063617209894 ], [ 4.833451024970426, 45.749860565134902 ], [ 4.836013042669251, 45.749985447611259 ], [ 4.836183376209513, 45.748188494928719 ], [ 4.833621442315662, 45.748063617209894 ] ] ] } },
{ "type": "Feature", "properties": { "idcar_200m": "CRS3035RES200mN2529000E3919000", "population": 553.5, "median_education": 33.705, "median_healthcare": 82.446, "median_services": 28.407, "median_commerce": 390.819, "median_entertainment": 68.071, "PC1_pos": 4.3354009089432717, "nivvie": 25964.190966576331, "rel_education": 1.6581846146424146, "rel_sante": 1.721388616998349, "rel_services": 2.2426496388827259, "rel_commerce": 2.3665684950653318, "rel_loisirs": 1.7685956420743083, "rel_pc1": 2.0680661685716712, "q_revenu": 3, "q_population": 4 }, "geometry": { "type": "Polygon", "coordinates": [ [ [ 4.836183376209513, 45.748188494928719 ], [ 4.836013042669251, 45.749985447611259 ], [ 4.838575070953386, 45.750110268249344 ], [ 4.838745320687289, 45.748313310811625 ], [ 4.836183376209513, 45.748188494928719 ] ] ] } },
{ "type": "Feature", "properties": { "idcar_200m": "CRS3035RES200mN2529000E3919200", "population": 774.0, "median_education": 34.961, "median_healthcare": 95.625, "median_services": 32.17, "median_commerce": 439.1, "median_entertainment": 72.893, "PC1_pos": 4.8996417675393324, "nivvie": 25654.107235142117, "rel_education": 1.7199760365676742, "rel_sante": 1.9965527314905165, "rel_services": 2.5397274926200337, "rel_commerce": 2.6589296482084728, "rel_loisirs": 1.8938790694675056, "rel_pc1": 2.3372194614496689, "q_revenu": 2, "q_population": 4 }, "geometry": { "type": "Polygon", "coordinates": [ [ [ 4.838745320687289, 45.748313310811625 ], [ 4.838575070953386, 45.750110268249344 ], [ 4.841137109817693, 45.750235027048774 ], [ 4.841307275743843, 45.748438064858213 ], [ 4.838745320687289, 45.748313310811625 ] ] ] } },
{ "type": "Feature", "properties": { "idcar_200m": "CRS3035RES200mN2529000E3919400", "population": 955.0, "median_education": 36.472, "median_healthcare": 108.347, "median_services": 35.733, "median_commerce": 470.403, "median_entertainment": 75.244, "PC1_pos": 5.2462583987721514, "nivvie": 26144.806910994765, "rel_education": 1.7943126914475049, "rel_sante": 2.2621751508371553, "rel_services": 2.8210159307986213, "rel_commerce": 2.8484820845051475, "rel_loisirs": 1.9549618852703687, "rel_pc1": 2.5025619853759276, "q_revenu": 3, "q_population": 5 }, "geometry": { "type": "Polygon", "coordinates": [ [ [ 4.841307275743843, 45.748438064858213 ], [ 4.841137109817693, 45.750235027048774 ], [ 4.843699159257022, 45.75035972400913 ], [ 4.843869241374037, 45.748562757068051 ], [ 4.841307275743843, 45.748438064858213 ] ] ] } },
{ "type": "Feature", "properties": { "idcar_200m": "CRS3035RES200mN2529000E3919600", "population": 1102.5, "median_education": 36.768, "median_healthcare": 112.084, "median_services": 38.458, "median_commerce": 477.573, "median_entertainment": 74.738, "PC1_pos": 5.3996768752639497, "nivvie": 27773.163174603174, "rel_education": 1.8088750010732029, "rel_sante": 2.3401999096092347, "rel_services": 3.036146717786175, "rel_commerce": 2.8918993597901728, "rel_loisirs": 1.9418151796998673, "rel_pc1": 2.5757454273528846, "q_revenu": 3, "q_population": 5 }, "geometry": { "type": "Polygon", "coordinates": [ [ [ 4.843869241374037, 45.748562757068051 ], [ 4.843699159257022, 45.75035972400913 ], [ 4.846261219266225, 45.750484359130006 ], [ 4.846431217572714, 45.748687387440711 ], [ 4.843869241374037, 45.748562757068051 ] ] ] } },
{ "type": "Feature", "properties": { "idcar_200m": "CRS3035RES200mN2529000E3919800", "population": 944.0, "median_education": 37.1835, "median_healthcare": 112.829, "median_services": 37.254, "median_commerce": 452.417, "median_entertainment": 73.97, "PC1_pos": 5.2764361698142324, "nivvie": 26183.039406779659, "rel_education": 1.8293163512403565, "rel_sante": 2.3557547518048993, "rel_services": 2.9410944361226838, "rel_commerce": 2.7395695164052212, "rel_loisirs": 1.9218612866600548, "rel_pc1": 2.5169573385729729, "q_revenu": 3, "q_population": 5 }, "geometry": { "type": "Polygon", "coordinates": [ [ [ 4.846431217572714, 45.748687387440711 ], [ 4.846261219266225, 45.750484359130006 ], [ 4.848823289840156, 45.750608932410998 ], [ 4.848993204334735, 45.748811955975839 ], [ 4.846431217572714, 45.748687387440711 ] ] ] } },
{ "type": "Feature", "properties": { "idcar_200m": "CRS3035RES200mN2529000E3920000", "population": 1004.0, "median_education": 37.2, "median_healthcare": 112.613, "median_services": 33.413, "median_commerce": 404.485, "median_entertainment": 70.497, "PC1_pos": 4.8750605820094037, "nivvie": 26439.869920318724, "rel_education": 1.8301281016080058, "rel_sante": 2.3512448915172972, "rel_services": 2.6378587103174751, "rel_commerce": 2.4493217006504309, "rel_loisirs": 1.8316270802443408, "rel_pc1": 2.325493782730323, "q_revenu": 3, "q_population": 5 }, "geometry": { "type": "Polygon", "coordinates": [ [ [ 4.848993204334735, 45.748811955975839 ], [ 4.848823289840156, 45.750608932410998 ], [ 4.851385370973671, 45.750733443851679 ], [ 4.851555201654954, 45.748936462672965 ], [ 4.848993204334735, 45.748811955975839 ] ] ] } },
{ "type": "Feature", "properties": { "idcar_200m": "CRS3035RES200mN2529000E3920200", "population": 979.0, "median_education": 38.7695, "median_healthcare": 116.139, "median_services": 29.0875, "median_commerce": 361.2685, "median_entertainment": 66.421, "PC1_pos": 4.5917219491041461, "nivvie": 25013.753626149133, "rel_education": 1.9073427805185905, "rel_sante": 2.424864184915839, "rel_services": 2.2963731253212689, "rel_commerce": 2.1876281612703319, "rel_loisirs": 1.7257259499965867, "rel_pc1": 2.1903360307097524, "q_revenu": 2, "q_population": 5 }, "geometry": { "type": "Polygon", "coordinates": [ [ [ 4.851555201654954, 45.748936462672965 ], [ 4.851385370973671, 45.750733443851679 ], [ 4.853947462661621, 45.750857893451645 ], [ 4.854117209528223, 45.749060907531756 ], [ 4.851555201654954, 45.748936462672965 ] ] ] } },
{ "type": "Feature", "properties": { "idcar_200m": "CRS3035RES200mN2529000E3920400", "population": 1188.5, "median_education": 39.8455, "median_healthcare": 110.935, "median_services": 26.08, "median_commerce": 323.447, "median_entertainment": 63.0805, "PC1_pos": 4.2413034914872823, "nivvie": 25429.0032814472, "rel_education": 1.9602787438876825, "rel_sante": 2.316209958357129, "rel_services": 2.0589397888570242, "rel_commerce": 1.9586035479938189, "rel_loisirs": 1.6389343097628715, "rel_pc1": 2.0231799655012086, "q_revenu": 2, "q_population": 5 }, "geometry": { "type": "Polygon", "coordinates": [ [ [ 4.854117209528223, 45.749060907531756 ], [ 4.853947462661621, 45.750857893451645 ], [ 4.856509564898863, 45.750982281210561 ], [ 4.856679227949397, 45.749185290551729 ], [ 4.854117209528223, 45.749060907531756 ] ] ] } },
{ "type": "Feature", "properties": { "idcar_200m": "CRS3035RES200mN2529000E3920600", "population": 1176.0, "median_education": 40.904, "median_healthcare": 99.9635, "median_services": 23.6965, "median_commerce": 285.2035, "median_entertainment": 60.5945, "PC1_pos": 3.939520010013764, "nivvie": 24550.422874149659, "rel_education": 2.012353759897147, "rel_sante": 2.0871361984245991, "rel_services": 1.8707694289359846, "rel_commerce": 1.7270235525457187, "rel_loisirs": 1.5743439736991036, "rel_pc1": 1.8792236806322085, "q_revenu": 2, "q_population": 5 }, "geometry": { "type": "Polygon", "coordinates": [ [ [ 4.856679227949397, 45.749185290551729 ], [ 4.856509564898863, 45.750982281210561 ], [ 4.859071677680242, 45.751106607127859 ], [ 4.859241256913329, 45.7493096117325 ], [ 4.856679227949397, 45.749185290551729 ] ] ] } },
{ "type": "Feature", "properties": { "idcar_200m": "CRS3035RES200mN2529000E3920800", "population": 384.5, "median_education": 39.887, "median_healthcare": 86.21, "median_services": 21.326, "median_commerce": 244.16, "median_entertainment": 56.567, "PC1_pos": 3.4757760647100198, "nivvie": 24805.675682704812, "rel_education": 1.9623204190547989, "rel_sante": 1.7999771083063782, "rel_services": 1.6836253810262616, "rel_commerce": 1.4784884147268975, "rel_loisirs": 1.4697029525821188, "rel_pc1": 1.6580092683308583, "q_revenu": 2, "q_population": 3 }, "geometry": { "type": "Polygon", "coordinates": [ [ [ 4.859241256913329, 45.7493096117325 ], [ 4.859071677680242, 45.751106607127859 ], [ 4.861633801000617, 45.75123087120329 ], [ 4.861803296414871, 45.749433871073656 ], [ 4.859241256913329, 45.7493096117325 ] ] ] } },
{ "type": "Feature", "properties": { "idcar_200m": "CRS3035RES200mN2529000E3921000", "population": 612.0, "median_education": 37.244, "median_healthcare": 69.641, "median_services": 18.2425, "median_commerce": 192.7765, "median_entertainment": 49.719, "PC1_pos": 2.9818205580203641, "nivvie": 16701.386928104577, "rel_education": 1.8322927692550688, "rel_sante": 1.4540332420782334, "rel_services": 1.4401920666497035, "rel_commerce": 1.1673403582961983, "rel_loisirs": 1.2917807396437915, "rel_pc1": 1.4223833842154381, "q_revenu": 1, "q_population": 4 }, "geometry": { "type": "Polygon", "coordinates": [ [ [ 4.861803296414871, 45.749433871073656 ], [ 4.861633801000617, 45.75123087120329 ], [ 4.864195934854839, 45.751355073436315 ], [ 4.864365346448874, 45.749558068574814 ], [ 4.861803296414871, 45.749433871073656 ] ] ] } },
{ "type": "Feature", "properties": { "idcar_200m": "CRS3035RES200mN2529000E3921200", "population": 665.5, "median_education": 39.8025, "median_healthcare": 67.966, "median_services": 18.0475, "median_commerce": 183.699, "median_entertainment": 51.788, "PC1_pos": 2.9586368051226901, "nivvie": 26535.872577009766, "rel_education": 1.958163273232598, "rel_sante": 1.4190609458665042, "rel_services": 1.4247973864799519, "rel_commerce": 1.1123723922711188, "rel_loisirs": 1.3455367353460987, "rel_pc1": 1.4113243066271808, "q_revenu": 3, "q_population": 4 }, "geometry": { "type": "Polygon", "coordinates": [ [ [ 4.864365346448874, 45.749558068574814 ], [ 4.864195934854839, 45.751355073436315 ], [ 4.866758079237759, 45.751479213826606 ], [ 4.866927407010199, 45.74968220423554 ], [ 4.864365346448874, 45.749558068574814 ] ] ] } },
{ "type": "Feature", "properties": { "idcar_200m": "CRS3035RES200mN2529000E3921400", "population": 804.0, "median_education": 38.416, "median_healthcare": 64.722, "median_services": 15.07, "median_commerce": 168.509, "median_entertainment": 48.836, "PC1_pos": 2.7101738706133007, "nivvie": 30375.041915422884, "rel_education": 1.8899516438541164, "rel_sante": 1.3513295256212203, "rel_services": 1.1897324623495154, "rel_commerce": 1.0203907449099556, "rel_loisirs": 1.2688389589743199, "rel_pc1": 1.292802905770587, "q_revenu": 4, "q_population": 4 }, "geometry": { "type": "Polygon", "coordinates": [ [ [ 4.866927407010199, 45.74968220423554 ], [ 4.866758079237759, 45.751479213826606 ], [ 4.869320234144227, 45.75160329237373 ], [ 4.86948947809369, 45.749806278055424 ], [ 4.866927407010199, 45.74968220423554 ] ] ] } },
{ "type": "Feature", "properties": { "idcar_200m": "CRS3035RES200mN2529000E3921600", "population": 561.5, "median_education": 34.3885, "median_healthcare": 58.8475, "median_services": 12.666, "median_commerce": 144.7575, "median_entertainment": 42.7735, "PC1_pos": 2.3587343636879212, "nivvie": 29765.730365093499, "rel_education": 1.691810758659863, "rel_sante": 1.2286759410864121, "rel_services": 0.99994368733370675, "rel_commerce": 0.87656572204631744, "rel_loisirs": 1.1113253176281446, "rel_pc1": 1.1251597812160368, "q_revenu": 4, "q_population": 4 }, "geometry": { "type": "Polygon", "coordinates": [ [ [ 4.86948947809369, 45.749806278055424 ], [ 4.869320234144227, 45.75160329237373 ], [ 4.871882399569103, 45.751727309077317 ], [ 4.872051559694206, 45.749930290034072 ], [ 4.86948947809369, 45.749806278055424 ] ] ] } },
{ "type": "Feature", "properties": { "idcar_200m": "CRS3035RES200mN2529000E3921800", "population": 677.5, "median_education": 33.501, "median_healthcare": 58.525, "median_services": 11.956, "median_commerce": 139.761, "median_entertainment": 42.953, "PC1_pos": 2.287755217893443, "nivvie": 27283.319409594093, "rel_education": 1.6481484282787577, "rel_sante": 1.2219424691292284, "rel_services": 0.94389126210025243, "rel_commerce": 0.84630987602656416, "rel_loisirs": 1.1159890204935696, "rel_pc1": 1.0913014199768554, "q_revenu": 3, "q_population": 4 }, "geometry": { "type": "Polygon", "coordinates": [ [ [ 4.872051559694206, 45.749930290034072 ], [ 4.871882399569103, 45.751727309077317 ], [ 4.87444457550723, 45.751851263936864 ], [ 4.874613651806594, 45.750054240171046 ], [ 4.872051559694206, 45.749930290034072 ] ] ] } },
{ "type": "Feature", "properties": { "idcar_200m": "CRS3035RES200mN2529000E3922000", "population": 1267.5, "median_education": 29.0115, "median_healthcare": 52.1895, "median_services": 9.6165, "median_commerce": 119.8135, "median_entertainment": 38.1635, "PC1_pos": 2.0006724061733649, "nivvie": 20645.106429980275, "rel_education": 1.4272785327903401, "rel_sante": 1.0896636735176397, "rel_services": 0.75919457360213083, "rel_commerce": 0.72551962515514878, "rel_loisirs": 0.99154999612614581, "rel_pc1": 0.95435762562741033, "q_revenu": 1, "q_population": 5 }, "geometry": { "type": "Polygon", "coordinates": [ [ [ 4.874613651806594, 45.750054240171046 ], [ 4.87444457550723, 45.751851263936864 ], [ 4.877006761953464, 45.751975156952057 ], [ 4.877175754425711, 45.750178128465969 ], [ 4.874613651806594, 45.750054240171046 ] ] ] } },
{ "type": "Feature", "properties": { "idcar_200m": "CRS3035RES200mN2529000E3922200", "population": 405.0, "median_education": 25.609, "median_healthcare": 43.756, "median_services": 7.883, "median_commerce": 106.554, "median_entertainment": 33.587, "PC1_pos": 1.6149233491529336, "nivvie": 29667.443703703702, "rel_education": 1.2598857675827799, "rel_sante": 0.91358077196443443, "rel_services": 0.62233981424692963, "rel_commerce": 0.64522794291779917, "rel_loisirs": 0.87264505928148262, "rel_pc1": 0.7703482130868694, "q_revenu": 4, "q_population": 3 }, "geometry": { "type": "Polygon", "coordinates": [ [ [ 4.877175754425711, 45.750178128465969 ], [ 4.877006761953464, 45.751975156952057 ], [ 4.879568958902654, 45.752098988122434 ], [ 4.879737867546404, 45.750301954918442 ], [ 4.877175754425711, 45.750178128465969 ] ] ] } },
{ "type": "Feature", "properties": { "idcar_200m": "CRS3035RES200mN2529000E3922400", "population": 356.0, "median_education": 18.393, "median_healthcare": 33.186, "median_services": 5.9065, "median_commerce": 93.936, "median_entertainment": 24.9545, "PC1_pos": 1.3210420231631039, "nivvie": 32212.074719101121, "rel_education": 0.90488027346440991, "rel_sante": 0.69288992363131274, "rel_services": 0.46630091498788395, "rel_commerce": 0.5688208049057415, "rel_loisirs": 0.64835862482031015, "rel_pc1": 0.63016140208149718, "q_revenu": 4, "q_population": 3 }, "geometry": { "type": "Polygon", "coordinates": [ [ [ 4.879737867546404, 45.750301954918442 ], [ 4.879568958902654, 45.752098988122434 ], [ 4.882131166349653, 45.752222757447612 ], [ 4.88229999116353, 45.75042571952801 ], [ 4.879737867546404, 45.750301954918442 ] ] ] } },
{ "type": "Feature", "properties": { "idcar_200m": "CRS3035RES200mN2529000E3922600", "population": 381.5, "median_education": 18.603, "median_healthcare": 35.416, "median_services": 6.588, "median_commerce": 108.048, "median_entertainment": 26.248, "PC1_pos": 1.3885268030942441, "nivvie": 33247.329488859759, "rel_education": 0.91521164177993897, "rel_sante": 0.7394500553042419, "rel_services": 0.5201033485042208, "rel_commerce": 0.65427472245417684, "rel_loisirs": 0.68196586524608793, "rel_pc1": 0.66235288637564826, "q_revenu": 5, "q_population": 3 }, "geometry": { "type": "Polygon", "coordinates": [ [ [ 4.88229999116353, 45.75042571952801 ], [ 4.882131166349653, 45.752222757447612 ], [ 4.884693384289312, 45.752346464927193 ], [ 4.884862125271938, 45.750549422294341 ], [ 4.88229999116353, 45.75042571952801 ] ] ] } },
{ "type": "Feature", "properties": { "idcar_200m": "CRS3035RES200mN2529000E3922800", "population": 360.0, "median_education": 17.019, "median_healthcare": 32.43, "median_services": 6.439, "median_commerce": 110.442, "median_entertainment": 23.303, "PC1_pos": 1.3466146453454575, "nivvie": 33357.4725, "rel_education": 0.83728360648566247, "rel_sante": 0.67710541262470536, "rel_services": 0.50834023391297467, "rel_commerce": 0.66877136918114355, "rel_loisirs": 0.60544996029524489, "rel_pc1": 0.64236001436390355, "q_revenu": 5, "q_population": 3 }, "geometry": { "type": "Polygon", "coordinates": [ [ [ 4.884862125271938, 45.750549422294341 ], [ 4.884693384289312, 45.752346464927193 ], [ 4.88725561271648, 45.752470110560736 ], [ 4.887424269866479, 45.750673063216944 ], [ 4.884862125271938, 45.750549422294341 ] ] ] } },
{ "type": "Feature", "properties": { "idcar_200m": "CRS3035RES200mN2529000E3923000", "population": 524.5, "median_education": 15.902, "median_healthcare": 29.1985, "median_services": 6.505, "median_commerce": 109.2435, "median_entertainment": 20.7625, "PC1_pos": 1.2626431641269218, "nivvie": 31301.246520495712, "rel_education": 0.78233056644544363, "rel_sante": 0.60963497966458402, "rel_services": 0.5135507410473521, "rel_commerce": 0.66151396270567586, "rel_loisirs": 0.53944362531133416, "rel_pc1": 0.60230406957811122, "q_revenu": 4, "q_population": 4 }, "geometry": { "type": "Polygon", "coordinates": [ [ [ 4.887424269866479, 45.750673063216944 ], [ 4.88725561271648, 45.752470110560736 ], [ 4.889817851626011, 45.752593694347894 ], [ 4.889986424942005, 45.750796642295462 ], [ 4.887424269866479, 45.750673063216944 ] ] ] } },
{ "type": "Feature", "properties": { "idcar_200m": "CRS3035RES200mN2529000E3923200", "population": 487.5, "median_education": 13.1285, "median_healthcare": 24.435, "median_services": 6.351, "median_commerce": 93.322, "median_entertainment": 17.295, "PC1_pos": 1.0809595842803812, "nivvie": 31627.070358974361, "rel_education": 0.64588270919249191, "rel_sante": 0.51017794503498848, "rel_services": 0.50139289106713814, "rel_commerce": 0.56510278440016193, "rel_loisirs": 0.44935231786921254, "rel_pc1": 0.51563765215624391, "q_revenu": 4, "q_population": 4 }, "geometry": { "type": "Polygon", "coordinates": [ [ [ 4.889986424942005, 45.750796642295462 ], [ 4.889817851626011, 45.752593694347894 ], [ 4.892380101012752, 45.752717216288168 ], [ 4.892548590493367, 45.750920159529485 ], [ 4.889986424942005, 45.750796642295462 ] ] ] } },
{ "type": "Feature", "properties": { "idcar_200m": "CRS3035RES200mN2529000E3923400", "population": 356.5, "median_education": 10.7535, "median_healthcare": 20.364, "median_services": 5.3685, "median_commerce": 71.148, "median_entertainment": 14.504, "PC1_pos": 0.85979658103856815, "nivvie": 33856.718373071526, "rel_education": 0.52903985324305614, "rel_sante": 0.42517960600337645, "rel_services": 0.42382738713492851, "rel_commerce": 0.43083016764002824, "rel_loisirs": 0.3768375841789568, "rel_pc1": 0.41013882186338785, "q_revenu": 5, "q_population": 3 }, "geometry": { "type": "Polygon", "coordinates": [ [ [ 4.892548590493367, 45.750920159529485 ], [ 4.892380101012752, 45.752717216288168 ], [ 4.894942360871555, 45.752840676381219 ], [ 4.895110766515418, 45.751043614918565 ], [ 4.892548590493367, 45.750920159529485 ] ] ] } },
{ "type": "Feature", "properties": { "idcar_200m": "CRS3035RES200mN2529000E3923600", "population": 338.5, "median_education": 7.908, "median_healthcare": 15.349, "median_services": 4.1475, "median_commerce": 49.845, "median_entertainment": 11.205, "PC1_pos": 0.62232728775424118, "nivvie": 32801.249039881834, "rel_education": 0.38904981256763727, "rel_sante": 0.32047150719631834, "rel_services": 0.32743300514894591, "rel_commerce": 0.30183181123878688, "rel_loisirs": 0.29112418165507525, "rel_pc1": 0.29686159056907507, "q_revenu": 5, "q_population": 3 }, "geometry": { "type": "Polygon", "coordinates": [ [ [ 4.895110766515418, 45.751043614918565 ], [ 4.894942360871555, 45.752840676381219 ], [ 4.897504631197271, 45.752964074626618 ], [ 4.897672953003005, 45.75116700846236 ], [ 4.895110766515418, 45.751043614918565 ] ] ] } },
{ "type": "Feature", "properties": { "idcar_200m": "CRS3035RES200mN2529000E3923800", "population": 93.0, "median_education": 5.9875, "median_healthcare": 11.6325, "median_services": 3.121, "median_commerce": 37.6245, "median_entertainment": 8.152, "PC1_pos": 0.44848773291772082, "nivvie": 20077.68817204301, "rel_education": 0.29456698947252508, "rel_sante": 0.24287476757190518, "rel_services": 0.24639382979381799, "rel_commerce": 0.22783169790257271, "rel_loisirs": 0.21180226049550857, "rel_pc1": 0.213936917703101, "q_revenu": 1, "q_population": 1 }, "geometry": { "type": "Polygon", "coordinates": [ [ [ 4.897672953003005, 45.75116700846236 ], [ 4.897504631197271, 45.752964074626618 ], [ 4.900066911984745, 45.753087411023991 ], [ 4.900235149950983, 45.751290340160416 ], [ 4.897672953003005, 45.75116700846236 ] ] ] } },
{ "type": "Feature", "properties": { "idcar_200m": "CRS3035RES200mN2529200E3914200", "population": 105.0, "median_education": 2.483, "median_healthcare": 2.359, "median_services": 0.198, "median_commerce": 4.247, "median_entertainment": 3.43, "PC1_pos": 0.039149829400399128, "nivvie": 37278.114285714284, "rel_education": 0.1221561310831365, "rel_sante": 0.049253520455802648, "rel_services": 0.015631521403132318, "rel_commerce": 0.02571731773159049, "rel_loisirs": 0.089116996258537085, "rel_pc1": 0.018675190458465028, "q_revenu": 5, "q_population": 1 }, "geometry": { "type": "Polygon", "coordinates": [ [ [ 4.774527551277281, 45.746971201770698 ], [ 4.774355192036819, 45.74876803716986 ], [ 4.776917048633478, 45.748894346623516 ], [ 4.777089324094001, 45.747097506412885 ], [ 4.774527551277281, 45.746971201770698 ] ] ] } },
{ "type": "Feature", "properties": { "idcar_200m": "CRS3035RES200mN2529200E3914400", "population": 64.0, "median_education": 3.729, "median_healthcare": 3.332, "median_services": 0.318, "median_commerce": 6.705, "median_entertainment": 5.307, "PC1_pos": 0.089715600938382156, "nivvie": 39406.171875, "rel_education": 0.18345558308860893, "rel_sante": 0.069568770732825108, "rel_services": 0.025105170738364026, "rel_commerce": 0.040601510569887977, "rel_loisirs": 0.13788451870089108, "rel_pc1": 0.042795995800759469, "q_revenu": 5, "q_population": 1 }, "geometry": { "type": "Polygon", "coordinates": [ [ [ 4.777089324094001, 45.747097506412885 ], [ 4.776917048633478, 45.748894346623516 ], [ 4.779478915935162, 45.749020594246112 ], [ 4.77965110761434, 45.747223749226322 ], [ 4.777089324094001, 45.747097506412885 ] ] ] } },
{ "type": "Feature", "properties": { "idcar_200m": "CRS3035RES200mN2529200E3914600", "population": 137.0, "median_education": 4.91, "median_healthcare": 4.249, "median_services": 0.441, "median_commerce": 8.483, "median_entertainment": 6.954, "PC1_pos": 0.1499943429246009, "nivvie": 38705.227737226276, "rel_education": 0.24155723061546525, "rel_sante": 0.088714797972321083, "rel_services": 0.034815661306976525, "rel_commerce": 0.051368025975296001, "rel_loisirs": 0.18067626588392621, "rel_pc1": 0.071550067132110678, "q_revenu": 5, "q_population": 2 }, "geometry": { "type": "Polygon", "coordinates": [ [ [ 4.77965110761434, 45.747223749226322 ], [ 4.779478915935162, 45.749020594246112 ], [ 4.782040793936734, 45.749146780037208 ], [ 4.782212901833161, 45.747349930210611 ], [ 4.77965110761434, 45.747223749226322 ] ] ] } },
{ "type": "Feature", "properties": { "idcar_200m": "CRS3035RES200mN2529200E3914800", "population": 151.5, "median_education": 5.571, "median_healthcare": 5.292, "median_services": 0.543, "median_commerce": 9.997, "median_entertainment": 8.022, "PC1_pos": 0.18202916973445671, "nivvie": 38407.061386138615, "rel_education": 0.2740764423133924, "rel_sante": 0.11049157704625164, "rel_services": 0.042868263241923478, "rel_commerce": 0.060535913671464589, "rel_loisirs": 0.20842464839241531, "rel_pc1": 0.086831270170300665, "q_revenu": 5, "q_population": 2 }, "geometry": { "type": "Polygon", "coordinates": [ [ [ 4.782212901833161, 45.747349930210611 ], [ 4.782040793936734, 45.749146780037208 ], [ 4.784602682633046, 45.749272903996399 ], [ 4.784774706745321, 45.747476049365297 ], [ 4.782212901833161, 45.747349930210611 ] ] ] } },
{ "type": "Feature", "properties": { "idcar_200m": "CRS3035RES200mN2529200E3915000", "population": 379.0, "median_education": 5.877, "median_healthcare": 6.489, "median_services": 0.635, "median_commerce": 11.237, "median_entertainment": 8.187, "PC1_pos": 0.2047380760586428, "nivvie": 21900.154881266491, "rel_education": 0.28913072185887762, "rel_sante": 0.13548371947337998, "rel_services": 0.050131394398934451, "rel_commerce": 0.068044619578498305, "rel_loisirs": 0.21271161760018747, "rel_pc1": 0.097663837187905417, "q_revenu": 1, "q_population": 3 }, "geometry": { "type": "Polygon", "coordinates": [ [ [ 4.784774706745321, 45.747476049365297 ], [ 4.784602682633046, 45.749272903996399 ], [ 4.787164582018955, 45.749398966123287 ], [ 4.787336522345674, 45.747602106690039 ], [ 4.784774706745321, 45.747476049365297 ] ] ] } },
{ "type": "Feature", "properties": { "idcar_200m": "CRS3035RES200mN2529200E3915200", "population": 186.0, "median_education": 4.524, "median_healthcare": 7.656, "median_services": 0.663, "median_commerce": 10.533, "median_entertainment": 6.98, "PC1_pos": 0.1917360379403501, "nivvie": 24181.480107526881, "rel_education": 0.22256719171168327, "rel_sante": 0.15984949241611915, "rel_services": 0.052341912577155189, "rel_commerce": 0.063781612353859804, "rel_loisirs": 0.18135178830454488, "rel_pc1": 0.09146162527724859, "q_revenu": 2, "q_population": 2 }, "geometry": { "type": "Polygon", "coordinates": [ [ [ 4.787336522345674, 45.747602106690039 ], [ 4.787164582018955, 45.749398966123287 ], [ 4.789726492089324, 45.749524966417439 ], [ 4.789898348629086, 45.747728102184361 ], [ 4.787336522345674, 45.747602106690039 ] ] ] } },
{ "type": "Feature", "properties": { "idcar_200m": "CRS3035RES200mN2529200E3915400", "population": 646.5, "median_education": 7.718, "median_healthcare": 9.869, "median_services": 1.102, "median_commerce": 17.72, "median_entertainment": 10.846, "PC1_pos": 0.33216576008344223, "nivvie": 18644.313843774169, "rel_education": 0.37970238409168244, "rel_sante": 0.20605468138122779, "rel_services": 0.086999679728544527, "rel_commerce": 0.10730182957470766, "rel_loisirs": 0.28179677592422542, "rel_pc1": 0.15844919194656421, "q_revenu": 1, "q_population": 4 }, "geometry": { "type": "Polygon", "coordinates": [ [ [ 4.789898348629086, 45.747728102184361 ], [ 4.789726492089324, 45.749524966417439 ], [ 4.792288412839, 45.74965090487845 ], [ 4.792460185590405, 45.747854035847844 ], [ 4.789898348629086, 45.747728102184361 ] ] ] } },
{ "type": "Feature", "properties": { "idcar_200m": "CRS3035RES200mN2529200E3915600", "population": 150.0, "median_education": 8.2585, "median_healthcare": 11.9255, "median_services": 1.643, "median_commerce": 23.866, "median_entertainment": 11.7115, "PC1_pos": 0.41682962663317014, "nivvie": 31997.351333333336, "rel_education": 0.40629335825617519, "rel_sante": 0.24899230953610618, "rel_services": 0.1297100488148808, "rel_commerce": 0.14451836707844093, "rel_loisirs": 0.30428387804135776, "rel_pc1": 0.19883541730135759, "q_revenu": 4, "q_population": 2 }, "geometry": { "type": "Polygon", "coordinates": [ [ [ 4.792460185590405, 45.747854035847844 ], [ 4.792288412839, 45.74965090487845 ], [ 4.79485034426285, 45.749776781505894 ], [ 4.795022033224495, 45.747979907680111 ], [ 4.792460185590405, 45.747854035847844 ] ] ] } },
{ "type": "Feature", "properties": { "idcar_200m": "CRS3035RES200mN2529200E3915800", "population": 21.0, "median_education": 8.687, "median_healthcare": 12.968, "median_services": 2.088, "median_commerce": 28.18, "median_entertainment": 12.395, "PC1_pos": 0.46663753885729142, "nivvie": 40130.7, "rel_education": 0.4273742693190522, "rel_sante": 0.27075864911863023, "rel_services": 0.16484149843303172, "rel_commerce": 0.1706413971453308, "rel_loisirs": 0.32204232321415954, "rel_pc1": 0.22259470977772508, "q_revenu": 5, "q_population": 1 }, "geometry": { "type": "Polygon", "coordinates": [ [ [ 4.795022033224495, 45.747979907680111 ], [ 4.79485034426285, 45.749776781505894 ], [ 4.797412286355724, 45.749902596299385 ], [ 4.79758389152621, 45.74810571768073 ], [ 4.795022033224495, 45.747979907680111 ] ] ] } },
{ "type": "Feature", "properties": { "idcar_200m": "CRS3035RES200mN2529200E3916600", "population": 178.5, "median_education": 8.224, "median_healthcare": 10.167, "median_services": 3.195, "median_commerce": 28.546, "median_entertainment": 11.959, "PC1_pos": 0.48556600107671288, "nivvie": 34431.215686274511, "rel_education": 0.4045960620329096, "rel_sante": 0.21227661825949365, "rel_services": 0.2522359135505442, "rel_commerce": 0.17285767646950367, "rel_loisirs": 0.31071433185301606, "rel_pc1": 0.23162393525450203, "q_revenu": 5, "q_population": 2 }, "geometry": { "type": "Polygon", "coordinates": [ [ [ 4.805269530385676, 45.748482776688562 ], [ 4.805098176597062, 45.750279669671784 ], [ 4.807660161314598, 45.750405237125229 ], [ 4.807831431306459, 45.748608339358441 ], [ 4.805269530385676, 45.748482776688562 ] ] ] } },
{ "type": "Feature", "properties": { "idcar_200m": "CRS3035RES200mN2529200E3916800", "population": 622.5, "median_education": 9.853, "median_healthcare": 11.036, "median_services": 4.345, "median_commerce": 39.998, "median_entertainment": 14.974, "PC1_pos": 0.62716357157311875, "nivvie": 32345.949236947788, "rel_education": 0.48473796196622793, "rel_sante": 0.23042045432396696, "rel_services": 0.34302505301318137, "rel_commerce": 0.24220420876575377, "rel_loisirs": 0.38904895101321701, "rel_pc1": 0.29916858712083555, "q_revenu": 4, "q_population": 4 }, "geometry": { "type": "Polygon", "coordinates": [ [ [ 4.807831431306459, 45.748608339358441 ], [ 4.807660161314598, 45.750405237125229 ], [ 4.810222156675438, 45.750530742742598 ], [ 4.810393342869154, 45.748733840194632 ], [ 4.807831431306459, 45.748608339358441 ] ] ] } },
{ "type": "Feature", "properties": { "idcar_200m": "CRS3035RES200mN2529200E3917000", "population": 307.0, "median_education": 10.118, "median_healthcare": 11.194, "median_services": 4.931, "median_commerce": 47.722, "median_entertainment": 16.448, "PC1_pos": 0.69062064350626251, "nivvie": 38405.855048859936, "rel_education": 0.49777516484058604, "rel_sante": 0.23371933360841668, "rel_services": 0.38928804060022959, "rel_commerce": 0.28897618007698644, "rel_loisirs": 0.42734587593598194, "rel_pc1": 0.32943878043809927, "q_revenu": 5, "q_population": 3 }, "geometry": { "type": "Polygon", "coordinates": [ [ [ 4.810393342869154, 45.748733840194632 ], [ 4.810222156675438, 45.750530742742598 ], [ 4.812784162674443, 45.750656186523543 ], [ 4.812955265068608, 45.748859279196679 ], [ 4.810393342869154, 45.748733840194632 ] ] ] } },
{ "type": "Feature", "properties": { "idcar_200m": "CRS3035RES200mN2529200E3917200", "population": 55.0, "median_education": 13.361, "median_healthcare": 17.566, "median_services": 7.327, "median_commerce": 83.907, "median_entertainment": 23.191, "PC1_pos": 1.0399123960930658, "nivvie": 37106.025454545452, "rel_education": 0.65732100982754205, "rel_sante": 0.36676021209267878, "rel_services": 0.57844523899368938, "rel_commerce": 0.50809111817861152, "rel_loisirs": 0.6025400175602722, "rel_pc1": 0.49605738657340709, "q_revenu": 5, "q_population": 1 }, "geometry": { "type": "Polygon", "coordinates": [ [ [ 4.812955265068608, 45.748859279196679 ], [ 4.812784162674443, 45.750656186523543 ], [ 4.815346179306458, 45.750781568467609 ], [ 4.815517197899683, 45.748984656364151 ], [ 4.812955265068608, 45.748859279196679 ] ] ] } },
{ "type": "Feature", "properties": { "idcar_200m": "CRS3035RES200mN2529200E3917400", "population": 169.0, "median_education": 14.108, "median_healthcare": 22.389, "median_services": 8.55, "median_commerce": 106.732, "median_entertainment": 26.331, "PC1_pos": 1.2686406236768302, "nivvie": 32218.84852071006, "rel_education": 0.6940711628356383, "rel_sante": 0.46745954619964625, "rel_services": 0.67499751513525919, "rel_commerce": 0.64630580553993788, "rel_loisirs": 0.68412234066575506, "rel_pc1": 0.60516496836303257, "q_revenu": 4, "q_population": 2 }, "geometry": { "type": "Polygon", "coordinates": [ [ [ 4.815517197899683, 45.748984656364151 ], [ 4.815346179306458, 45.750781568467609 ], [ 4.817908206566346, 45.750906888574413 ], [ 4.818079141357237, 45.749109971696704 ], [ 4.815517197899683, 45.748984656364151 ] ] ] } },
{ "type": "Feature", "properties": { "idcar_200m": "CRS3035RES200mN2529200E3917600", "population": 143.5, "median_education": 18.822, "median_healthcare": 35.795, "median_services": 11.767, "median_commerce": 164.982, "median_entertainment": 35.7, "PC1_pos": 1.8950470157050501, "nivvie": 25473.871777003485, "rel_education": 0.92598578302327628, "rel_sante": 0.74736318979035865, "rel_services": 0.92897026439726249, "rel_commerce": 0.9990333209308363, "rel_loisirs": 0.92754424677252889, "rel_pc1": 0.90397236688026994, "q_revenu": 2, "q_population": 2 }, "geometry": { "type": "Polygon", "coordinates": [ [ [ 4.818079141357237, 45.749109971696704 ], [ 4.817908206566346, 45.750906888574413 ], [ 4.820470244448958, 45.751032146843478 ], [ 4.820641095436119, 45.749235225193893 ], [ 4.818079141357237, 45.749109971696704 ] ] ] } },
{ "type": "Feature", "properties": { "idcar_200m": "CRS3035RES200mN2529200E3917800", "population": 192.5, "median_education": 22.477, "median_healthcare": 48.085, "median_services": 14.345, "median_commerce": 208.781, "median_entertainment": 42.52, "PC1_pos": 2.3891922599742106, "nivvie": 20859.635324675324, "rel_education": 1.1058007887054608, "rel_sante": 1.0039658885617933, "rel_services": 1.1324958309491571, "rel_commerce": 1.2642541354648444, "rel_loisirs": 1.104738974027113, "rel_pc1": 1.1396887593194465, "q_revenu": 1, "q_population": 2 }, "geometry": { "type": "Polygon", "coordinates": [ [ [ 4.820641095436119, 45.749235225193893 ], [ 4.820470244448958, 45.751032146843478 ], [ 4.823032292949149, 45.75115734327445 ], [ 4.823203060131187, 45.749360416855318 ], [ 4.820641095436119, 45.749235225193893 ] ] ] } },
{ "type": "Feature", "properties": { "idcar_200m": "CRS3035RES200mN2529200E3918000", "population": 235.0, "median_education": 25.863, "median_healthcare": 53.964, "median_services": 16.754, "median_commerce": 246.394, "median_entertainment": 49.101, "PC1_pos": 2.6385483331300916, "nivvie": 29326.716595744681, "rel_education": 1.2723818035453722, "rel_sante": 1.1267134285192599, "rel_services": 1.3226793413539337, "rel_commerce": 1.4920161961755374, "rel_loisirs": 1.2757240913383177, "rel_pc1": 1.2586362037778773, "q_revenu": 4, "q_population": 2 }, "geometry": { "type": "Polygon", "coordinates": [ [ [ 4.823203060131187, 45.749360416855318 ], [ 4.823032292949149, 45.75115734327445 ], [ 4.825594352061776, 45.751282477866908 ], [ 4.825765035437297, 45.749485546680525 ], [ 4.823203060131187, 45.749360416855318 ] ] ] } },
{ "type": "Feature", "properties": { "idcar_200m": "CRS3035RES200mN2529200E3918200", "population": 231.5, "median_education": 29.729, "median_healthcare": 62.347, "median_services": 20.32, "median_commerce": 303.89, "median_entertainment": 55.416, "PC1_pos": 3.162581811076687, "nivvie": 29190.727861771058, "rel_education": 1.4625773745350643, "rel_sante": 1.3017419414404103, "rel_services": 1.6042046207659024, "rel_commerce": 1.8401779339423201, "rel_loisirs": 1.4397980946539624, "rel_pc1": 1.5086098347527477, "q_revenu": 4, "q_population": 2 }, "geometry": { "type": "Polygon", "coordinates": [ [ [ 4.825765035437297, 45.749485546680525 ], [ 4.825594352061776, 45.751282477866908 ], [ 4.828156421781691, 45.751407550620456 ], [ 4.828327021349305, 45.749610614669152 ], [ 4.825765035437297, 45.749485546680525 ] ] ] } },
{ "type": "Feature", "properties": { "idcar_200m": "CRS3035RES200mN2529200E3918400", "population": 810.0, "median_education": 34.627, "median_healthcare": 66.918, "median_services": 24.117, "median_commerce": 362.961, "median_entertainment": 60.3515, "PC1_pos": 3.8822436774610773, "nivvie": 29184.539753086417, "rel_education": 1.7035442412467849, "rel_sante": 1.3971797718785088, "rel_services": 1.9039666751481923, "rel_commerce": 2.1978769392926338, "rel_loisirs": 1.5680304372294755, "rel_pc1": 1.8519018139583041, "q_revenu": 4, "q_population": 5 }, "geometry": { "type": "Polygon", "coordinates": [ [ [ 4.828327021349305, 45.749610614669152 ], [ 4.828156421781691, 45.751407550620456 ], [ 4.830718502103744, 45.751532561534646 ], [ 4.830889017862063, 45.749735620820729 ], [ 4.828327021349305, 45.749610614669152 ] ] ] } },
{ "type": "Feature", "properties": { "idcar_200m": "CRS3035RES200mN2529200E3918600", "population": 504.5, "median_education": 34.8425, "median_healthcare": 67.898, "median_services": 25.091, "median_commerce": 370.4915, "median_entertainment": 61.5215, "PC1_pos": 3.9309745191076333, "nivvie": 27754.069177403369, "rel_education": 1.7141461930181972, "rel_sante": 1.4176411750352218, "rel_services": 1.9808611289191564, "rel_commerce": 2.2434771891578897, "rel_loisirs": 1.5984289461573147, "rel_pc1": 1.875147323910423, "q_revenu": 3, "q_population": 4 }, "geometry": { "type": "Polygon", "coordinates": [ [ [ 4.830889017862063, 45.749735620820729 ], [ 4.830718502103744, 45.751532561534646 ], [ 4.833280593022799, 45.751657510609093 ], [ 4.833451024970426, 45.749860565134902 ], [ 4.830889017862063, 45.749735620820729 ] ] ] } },
{ "type": "Feature", "properties": { "idcar_200m": "CRS3035RES200mN2529200E3919000", "population": 151.0, "median_education": 34.948, "median_healthcare": 88.234, "median_services": 31.014, "median_commerce": 438.702, "median_entertainment": 74.753, "PC1_pos": 4.723659468068794, "nivvie": 26572.599337748343, "rel_education": 1.7193364756719509, "rel_sante": 1.842236169519835, "rel_services": 2.4484646706906346, "rel_commerce": 2.6565195958286343, "rel_loisirs": 1.9422049041733012, "rel_pc1": 2.2532726598858943, "q_revenu": 3, "q_population": 2 }, "geometry": { "type": "Polygon", "coordinates": [ [ [ 4.836013042669251, 45.749985447611259 ], [ 4.835842694533702, 45.751782397843336 ], [ 4.838404806631307, 45.751907223237048 ], [ 4.838575070953386, 45.750110268249344 ], [ 4.836013042669251, 45.749985447611259 ] ] ] } },
{ "type": "Feature", "properties": { "idcar_200m": "CRS3035RES200mN2529200E3919200", "population": 269.5, "median_education": 38.8185, "median_healthcare": 103.8925, "median_services": 35.753, "median_commerce": 498.1575, "median_entertainment": 82.167, "PC1_pos": 5.4637305584620277, "nivvie": 19943.867903525046, "rel_education": 1.9097534331255475, "rel_sante": 2.1691697218967683, "rel_services": 2.8225948723544936, "rel_commerce": 3.0165469055509275, "rel_loisirs": 2.134832720575865, "rel_pc1": 2.6063002152436865, "q_revenu": 1, "q_population": 3 }, "geometry": { "type": "Polygon", "coordinates": [ [ [ 4.838575070953386, 45.750110268249344 ], [ 4.838404806631307, 45.751907223237048 ], [ 4.84096692931047, 45.752031986789746 ], [ 4.841137109817693, 45.750235027048774 ], [ 4.838575070953386, 45.750110268249344 ] ] ] } },
{ "type": "Feature", "properties": { "idcar_200m": "CRS3035RES200mN2529200E3919400", "population": 668.5, "median_education": 38.0045, "median_healthcare": 113.792, "median_services": 39.4225, "median_commerce": 523.2505, "median_entertainment": 82.3145, "PC1_pos": 5.6967947894545192, "nivvie": 22117.045774121165, "rel_education": 1.8697070816548775, "rel_sante": 2.3758612122537919, "rel_services": 3.1122911743180999, "rel_commerce": 3.1684952582325381, "rel_loisirs": 2.1386650112312977, "rel_pc1": 2.7174761506053895, "q_revenu": 1, "q_population": 4 }, "geometry": { "type": "Polygon", "coordinates": [ [ [ 4.841137109817693, 45.750235027048774 ], [ 4.84096692931047, 45.752031986789746 ], [ 4.843529062566045, 45.75215668850106 ], [ 4.843699159257022, 45.75035972400913 ], [ 4.841137109817693, 45.750235027048774 ] ] ] } },
{ "type": "Feature", "properties": { "idcar_200m": "CRS3035RES200mN2529200E3919600", "population": 1042.5, "median_education": 38.525, "median_healthcare": 124.591, "median_services": 42.99, "median_commerce": 550.417, "median_entertainment": 82.559, "PC1_pos": 6.0528460438950944, "nivvie": 25719.256211031177, "rel_education": 1.8953141159797959, "rel_sante": 2.6013333476510843, "rel_services": 3.3939348743467592, "rel_commerce": 3.3329994993804668, "rel_loisirs": 2.1450175201482691, "rel_pc1": 2.8873191637549014, "q_revenu": 2, "q_population": 5 }, "geometry": { "type": "Polygon", "coordinates": [ [ [ 4.843699159257022, 45.75035972400913 ], [ 4.843529062566045, 45.75215668850106 ], [ 4.84609120639288, 45.752281328370557 ], [ 4.846261219266225, 45.750484359130006 ], [ 4.843699159257022, 45.75035972400913 ] ] ] } },
{ "type": "Feature", "properties": { "idcar_200m": "CRS3035RES200mN2529200E3919800", "population": 866.0, "median_education": 39.282, "median_healthcare": 127.158, "median_services": 41.456, "median_commerce": 521.299, "median_entertainment": 78.806, "PC1_pos": 5.9345519211540836, "nivvie": 28849.374711316399, "rel_education": 1.9325562389076791, "rel_sante": 2.6549296965319855, "rel_services": 3.2728300570113809, "rel_commerce": 3.1566781295409441, "rel_loisirs": 2.0475084568951236, "rel_pc1": 2.8308906861308611, "q_revenu": 4, "q_population": 5 }, "geometry": { "type": "Polygon", "coordinates": [ [ [ 4.846261219266225, 45.750484359130006 ], [ 4.84609120639288, 45.752281328370557 ], [ 4.848653360785832, 45.75240590639784 ], [ 4.848823289840156, 45.750608932410998 ], [ 4.846261219266225, 45.750484359130006 ] ] ] } },
{ "type": "Feature", "properties": { "idcar_200m": "CRS3035RES200mN2529200E3920000", "population": 1039.0, "median_education": 38.668, "median_healthcare": 125.7575, "median_services": 37.4405, "median_commerce": 467.1505, "median_entertainment": 73.5035, "PC1_pos": 5.5128236104893249, "nivvie": 31051.93147256978, "rel_education": 1.9023492858327515, "rel_sante": 2.6256886811024169, "rel_services": 2.9558180661311897, "rel_commerce": 2.8287868700191576, "rel_loisirs": 1.9097408555362627, "rel_pc1": 2.6297185062257609, "q_revenu": 4, "q_population": 5 }, "geometry": { "type": "Polygon", "coordinates": [ [ [ 4.848823289840156, 45.750608932410998 ], [ 4.848653360785832, 45.75240590639784 ], [ 4.851215525739754, 45.75253042258251 ], [ 4.851385370973671, 45.750733443851679 ], [ 4.848823289840156, 45.750608932410998 ] ] ] } },
{ "type": "Feature", "properties": { "idcar_200m": "CRS3035RES200mN2529200E3920200", "population": 1050.0, "median_education": 40.307, "median_healthcare": 130.154, "median_services": 33.396, "median_commerce": 425.384, "median_entertainment": 70.27, "PC1_pos": 5.1657966786138045, "nivvie": 31270.676, "rel_education": 1.982983155685857, "rel_sante": 2.7174831290396515, "rel_services": 2.6365166099949842, "rel_commerce": 2.5758736722238966, "rel_loisirs": 1.8257292498797086, "rel_pc1": 2.464180261327916, "q_revenu": 4, "q_population": 5 }, "geometry": { "type": "Polygon", "coordinates": [ [ [ 4.851385370973671, 45.750733443851679 ], [ 4.851215525739754, 45.75253042258251 ], [ 4.853777701249495, 45.752654876924126 ], [ 4.853947462661621, 45.750857893451645 ], [ 4.851385370973671, 45.750733443851679 ] ] ] } },
{ "type": "Feature", "properties": { "idcar_200m": "CRS3035RES200mN2529200E3920400", "population": 1067.5, "median_education": 39.81, "median_healthcare": 117.266, "median_services": 28.1075, "median_commerce": 353.4665, "median_entertainment": 64.0625, "PC1_pos": 4.5507908858938464, "nivvie": 28130.614238875878, "rel_education": 1.9585322506724383, "rel_sante": 2.4483947985460595, "rel_services": 2.2190049890835435, "rel_commerce": 2.1403838681359146, "rel_loisirs": 1.6644482719570064, "rel_pc1": 2.1708111588820342, "q_revenu": 3, "q_population": 5 }, "geometry": { "type": "Polygon", "coordinates": [ [ [ 4.853947462661621, 45.750857893451645 ], [ 4.853777701249495, 45.752654876924126 ], [ 4.85633988730991, 45.752779269422291 ], [ 4.856509564898863, 45.750982281210561 ], [ 4.853947462661621, 45.750857893451645 ] ] ] } },
{ "type": "Feature", "properties": { "idcar_200m": "CRS3035RES200mN2529200E3920600", "population": 818.5, "median_education": 38.967, "median_healthcare": 102.739, "median_services": 24.302, "median_commerce": 293.677, "median_entertainment": 57.337, "PC1_pos": 3.9474450598179827, "nivvie": 32370.491753207087, "rel_education": 1.9170591864343858, "rel_sante": 2.1450858152220045, "rel_services": 1.9185718845400079, "rel_commerce": 1.7783340521451143, "rel_loisirs": 1.4897088088850559, "rel_pc1": 1.8830040755088486, "q_revenu": 4, "q_population": 5 }, "geometry": { "type": "Polygon", "coordinates": [ [ [ 4.856509564898863, 45.750982281210561 ], [ 4.85633988730991, 45.752779269422291 ], [ 4.858902083915848, 45.7529036000766 ], [ 4.859071677680242, 45.751106607127859 ], [ 4.856509564898863, 45.750982281210561 ] ] ] } },
{ "type": "Feature", "properties": { "idcar_200m": "CRS3035RES200mN2529200E3920800", "population": 1.0, "median_education": 38.353, "median_healthcare": 88.679, "median_services": 21.546, "median_commerce": 247.14, "median_entertainment": 52.9455, "PC1_pos": 3.3685674322229961, "nivvie": 27076.2, "rel_education": 1.886852233359458, "rel_sante": 1.851527316871608, "rel_services": 1.7009937381408531, "rel_commerce": 1.4965335305357366, "rel_loisirs": 1.3756104738794095, "rel_pc1": 1.6068687739493852, "q_revenu": 3, "q_population": 1 }, "geometry": { "type": "Polygon", "coordinates": [ [ [ 4.859071677680242, 45.751106607127859 ], [ 4.858902083915848, 45.7529036000766 ], [ 4.861464291062167, 45.753027868886662 ], [ 4.861633801000617, 45.75123087120329 ], [ 4.859071677680242, 45.751106607127859 ] ] ] } },
{ "type": "Feature", "properties": { "idcar_200m": "CRS3035RES200mN2529200E3921200", "population": 1097.0, "median_education": 38.437, "median_healthcare": 67.647, "median_services": 17.636, "median_commerce": 181.459, "median_entertainment": 47.605, "PC1_pos": 2.861165565060753, "nivvie": 24363.718413855971, "rel_education": 1.8909847806856694, "rel_sante": 1.4124005503491659, "rel_services": 1.3923106639678866, "rel_commerce": 1.0988082783745416, "rel_loisirs": 1.236855570521183, "rel_pc1": 1.3648287279680082, "q_revenu": 2, "q_population": 5 }, "geometry": { "type": "Polygon", "coordinates": [ [ [ 4.864195934854839, 45.751355073436315 ], [ 4.864026508743714, 45.753152075852022 ], [ 4.866588736955341, 45.753276220972296 ], [ 4.866758079237759, 45.751479213826606 ], [ 4.864195934854839, 45.751355073436315 ] ] ] } },
{ "type": "Feature", "properties": { "idcar_200m": "CRS3035RES200mN2529200E3921400", "population": 826.5, "median_education": 37.707, "median_healthcare": 65.755, "median_services": 15.073, "median_commerce": 168.404, "median_entertainment": 45.46, "PC1_pos": 2.6773818888997312, "nivvie": 27765.043073200242, "rel_education": 1.8550709765412114, "rel_sante": 1.3728975148670213, "rel_services": 1.189969303582896, "rel_commerce": 1.0197549270710535, "rel_loisirs": 1.1811249708201446, "rel_pc1": 1.2771605258830983, "q_revenu": 3, "q_population": 5 }, "geometry": { "type": "Polygon", "coordinates": [ [ [ 4.866758079237759, 45.751479213826606 ], [ 4.866588736955341, 45.753276220972296 ], [ 4.869150975691901, 45.753400304247087 ], [ 4.869320234144227, 45.75160329237373 ], [ 4.866758079237759, 45.751479213826606 ] ] ] } },
{ "type": "Feature", "properties": { "idcar_200m": "CRS3035RES200mN2529200E3921600", "population": 1037.5, "median_education": 35.9345, "median_healthcare": 63.2655, "median_services": 13.389, "median_commerce": 152.145, "median_entertainment": 43.044, "PC1_pos": 2.5011332285164505, "nivvie": 25877.327036144579, "rel_education": 1.7678693082589483, "rel_sante": 1.3209192871541258, "rel_services": 1.0570224245784776, "rel_commerce": 0.92130004856906866, "rel_loisirs": 1.1183533489657347, "rel_pc1": 1.1930866652528518, "q_revenu": 3, "q_population": 5 }, "geometry": { "type": "Polygon", "coordinates": [ [ [ 4.869320234144227, 45.75160329237373 ], [ 4.869150975691901, 45.753400304247087 ], [ 4.871713224948242, 45.753524325675983 ], [ 4.871882399569103, 45.751727309077317 ], [ 4.869320234144227, 45.75160329237373 ] ] ] } },
{ "type": "Feature", "properties": { "idcar_200m": "CRS3035RES200mN2529200E3921800", "population": 633.0, "median_education": 30.286, "median_healthcare": 52.151, "median_services": 10.185, "median_commerce": 119.385, "median_entertainment": 35.262, "PC1_pos": 1.9814727780120496, "nivvie": 28342.567614533968, "rel_education": 1.4899800990672059, "rel_sante": 1.0888598326793404, "rel_services": 0.80407598732779118, "rel_commerce": 0.72292488283162948, "rel_loisirs": 0.91616429214826089, "rel_pc1": 0.94519904899666218, "q_revenu": 3, "q_population": 4 }, "geometry": { "type": "Polygon", "coordinates": [ [ [ 4.871882399569103, 45.751727309077317 ], [ 4.871713224948242, 45.753524325675983 ], [ 4.874275484719219, 45.753648285258549 ], [ 4.87444457550723, 45.751851263936864 ], [ 4.871882399569103, 45.751727309077317 ] ] ] } },
{ "type": "Feature", "properties": { "idcar_200m": "CRS3035RES200mN2529200E3922000", "population": 249.0, "median_education": 26.683, "median_healthcare": 46.893, "median_services": 8.603, "median_commerce": 106.487, "median_entertainment": 31.932, "PC1_pos": 1.7135818423234668, "nivvie": 32949.848995983935, "rel_education": 1.3127233369679143, "rel_sante": 0.97907814104872981, "rel_services": 0.67918171025831986, "rel_commerce": 0.64482223058249966, "rel_loisirs": 0.82964545904594933, "rel_pc1": 0.81741013336910939, "q_revenu": 5, "q_population": 2 }, "geometry": { "type": "Polygon", "coordinates": [ [ [ 4.87444457550723, 45.751851263936864 ], [ 4.874275484719219, 45.753648285258549 ], [ 4.876837754999683, 45.753772182994425 ], [ 4.877006761953464, 45.751975156952057 ], [ 4.87444457550723, 45.751851263936864 ] ] ] } },
{ "type": "Feature", "properties": { "idcar_200m": "CRS3035RES200mN2529200E3922200", "population": 291.5, "median_education": 22.753, "median_healthcare": 40.178, "median_services": 6.909, "median_commerce": 91.555, "median_entertainment": 28.047, "PC1_pos": 1.491283979778538, "nivvie": 29462.673070325898, "rel_education": 1.1193791584915846, "rel_sante": 0.838875771459618, "rel_services": 0.54544536047596559, "rel_commerce": 0.55440287848263892, "rel_loisirs": 0.72870682042658597, "rel_pc1": 0.7113699542644234, "q_revenu": 4, "q_population": 3 }, "geometry": { "type": "Polygon", "coordinates": [ [ [ 4.877006761953464, 45.751975156952057 ], [ 4.876837754999683, 45.753772182994425 ], [ 4.879400035784479, 45.753896018883175 ], [ 4.879568958902654, 45.752098988122434 ], [ 4.877006761953464, 45.751975156952057 ] ] ] } },
{ "type": "Feature", "properties": { "idcar_200m": "CRS3035RES200mN2529200E3922400", "population": 251.0, "median_education": 19.137, "median_healthcare": 33.7825, "median_services": 6.0365, "median_commerce": 88.228, "median_entertainment": 25.321, "PC1_pos": 1.2872474445996547, "nivvie": 24732.470916334663, "rel_education": 0.94148283549656997, "rel_sante": 0.70534423687925096, "rel_services": 0.47656403510105172, "rel_commerce": 0.53425653610142831, "rel_loisirs": 0.65788089278787676, "rel_pc1": 0.61404076501099336, "q_revenu": 2, "q_population": 2 }, "geometry": { "type": "Polygon", "coordinates": [ [ [ 4.879568958902654, 45.752098988122434 ], [ 4.879400035784479, 45.753896018883175 ], [ 4.881962327068465, 45.754019792924367 ], [ 4.882131166349653, 45.752222757447612 ], [ 4.879568958902654, 45.752098988122434 ] ] ] } },
{ "type": "Feature", "properties": { "idcar_200m": "CRS3035RES200mN2529200E3922600", "population": 496.0, "median_education": 17.0265, "median_healthcare": 31.0645, "median_services": 5.877, "median_commerce": 88.5975, "median_entertainment": 22.535, "PC1_pos": 1.1925363065353687, "nivvie": 28423.462701612902, "rel_education": 0.83765258392550279, "rel_sante": 0.64859516159359121, "rel_services": 0.46397197619297292, "rel_commerce": 0.5364940093535645, "rel_loisirs": 0.58549606725543246, "rel_pc1": 0.56886180589475044, "q_revenu": 3, "q_population": 4 }, "geometry": { "type": "Polygon", "coordinates": [ [ [ 4.882131166349653, 45.752222757447612 ], [ 4.881962327068465, 45.754019792924367 ], [ 4.884524628846487, 45.754143505117625 ], [ 4.884693384289312, 45.752346464927193 ], [ 4.882131166349653, 45.752222757447612 ] ] ] } },
{ "type": "Feature", "properties": { "idcar_200m": "CRS3035RES200mN2529200E3922800", "population": 641.5, "median_education": 16.5, "median_healthcare": 30.945, "median_services": 6.199, "median_commerce": 96.085, "median_entertainment": 21.019, "PC1_pos": 1.2327280779279683, "nivvie": 26688.943257989089, "rel_education": 0.81175036764871211, "rel_sante": 0.64610012314744092, "rel_services": 0.48939293524251126, "rel_commerce": 0.58183387667527009, "rel_loisirs": 0.5461079138070527, "rel_pc1": 0.58803402189455334, "q_revenu": 3, "q_population": 4 }, "geometry": { "type": "Polygon", "coordinates": [ [ [ 4.884693384289312, 45.752346464927193 ], [ 4.884524628846487, 45.754143505117625 ], [ 4.887086941113394, 45.754267155462543 ], [ 4.88725561271648, 45.752470110560736 ], [ 4.884693384289312, 45.752346464927193 ] ] ] } },
{ "type": "Feature", "properties": { "idcar_200m": "CRS3035RES200mN2529200E3923000", "population": 676.0, "median_education": 15.12, "median_healthcare": 26.3685, "median_services": 6.418, "median_commerce": 91.202, "median_entertainment": 17.9505, "PC1_pos": 1.1214182293536565, "nivvie": 26308.663461538461, "rel_education": 0.74385851871809261, "rel_sante": 0.5505474583038712, "rel_services": 0.50668234527930911, "rel_commerce": 0.55226531946233004, "rel_loisirs": 0.46638327735827106, "rel_pc1": 0.53493717182227729, "q_revenu": 3, "q_population": 4 }, "geometry": { "type": "Polygon", "coordinates": [ [ [ 4.88725561271648, 45.752470110560736 ], [ 4.887086941113394, 45.754267155462543 ], [ 4.88964926386404, 45.75439074395868 ], [ 4.889817851626011, 45.752593694347894 ], [ 4.88725561271648, 45.752470110560736 ] ] ] } },
{ "type": "Feature", "properties": { "idcar_200m": "CRS3035RES200mN2529200E3923200", "population": 790.5, "median_education": 12.1755, "median_healthcare": 21.641, "median_services": 6.4635, "median_commerce": 83.797, "median_entertainment": 14.736, "PC1_pos": 0.98804964218964231, "nivvie": 26344.543074003795, "rel_education": 0.59899797583678149, "rel_sante": 0.45184206705554264, "rel_services": 0.51027443731891786, "rel_commerce": 0.50742502329976169, "rel_loisirs": 0.38286532270140017, "rel_pc1": 0.47131789672937058, "q_revenu": 3, "q_population": 4 }, "geometry": { "type": "Polygon", "coordinates": [ [ [ 4.889817851626011, 45.752593694347894 ], [ 4.88964926386404, 45.75439074395868 ], [ 4.892211597093273, 45.754514270605668 ], [ 4.892380101012752, 45.752717216288168 ], [ 4.889817851626011, 45.752593694347894 ] ] ] } },
{ "type": "Feature", "properties": { "idcar_200m": "CRS3035RES200mN2529200E3923400", "population": 1007.5, "median_education": 9.555, "median_healthcare": 17.685, "median_services": 5.374, "median_commerce": 66.433, "median_entertainment": 11.938, "PC1_pos": 0.78050726931895897, "nivvie": 26195.314243176181, "rel_education": 0.47007725835657238, "rel_sante": 0.36924481104742257, "rel_services": 0.42426159606279334, "rel_commerce": 0.40227891896933149, "rel_loisirs": 0.31016871759020864, "rel_pc1": 0.37231635825721926, "q_revenu": 3, "q_population": 5 }, "geometry": { "type": "Polygon", "coordinates": [ [ [ 4.892380101012752, 45.752717216288168 ], [ 4.892211597093273, 45.754514270605668 ], [ 4.894773940795941, 45.754637735403087 ], [ 4.894942360871555, 45.752840676381219 ], [ 4.892380101012752, 45.752717216288168 ] ] ] } },
{ "type": "Feature", "properties": { "idcar_200m": "CRS3035RES200mN2529200E3923600", "population": 203.0, "median_education": 7.5365, "median_healthcare": 14.3355, "median_services": 4.3455, "median_commerce": 52.5795, "median_entertainment": 9.6615, "PC1_pos": 0.59403758902999204, "nivvie": 24908.996551724136, "rel_education": 0.37077313004754658, "rel_sante": 0.29931065811537044, "rel_services": 0.34306452655207814, "rel_commerce": 0.31839032438619308, "rel_loisirs": 0.25102153333873356, "rel_pc1": 0.28336688267942689, "q_revenu": 2, "q_population": 2 }, "geometry": { "type": "Polygon", "coordinates": [ [ [ 4.894942360871555, 45.752840676381219 ], [ 4.894773940795941, 45.754637735403087 ], [ 4.897336294966895, 45.75476113835056 ], [ 4.897504631197271, 45.752964074626618 ], [ 4.894942360871555, 45.752840676381219 ] ] ] } },
{ "type": "Feature", "properties": { "idcar_200m": "CRS3035RES200mN2529200E3923800", "population": 140.5, "median_education": 5.399, "median_healthcare": 10.359, "median_services": 2.89, "median_commerce": 34.781, "median_entertainment": 7.326, "PC1_pos": 0.40010680613482474, "nivvie": 25253.106049822065, "rel_education": 0.26561455969305436, "rel_sante": 0.21628538295958444, "rel_services": 0.22815705482349696, "rel_commerce": 0.21061314528430627, "rel_loisirs": 0.19034143282508534, "rel_pc1": 0.19085832359258809, "q_revenu": 2, "q_population": 2 }, "geometry": { "type": "Polygon", "coordinates": [ [ [ 4.897504631197271, 45.752964074626618 ], [ 4.897336294966895, 45.75476113835056 ], [ 4.899898659600986, 45.754884479447604 ], [ 4.900066911984745, 45.753087411023991 ], [ 4.897504631197271, 45.752964074626618 ] ] ] } },
{ "type": "Feature", "properties": { "idcar_200m": "CRS3035RES200mN2529400E3914000", "population": 26.0, "median_education": 2.862, "median_healthcare": 2.497, "median_services": 0.199, "median_commerce": 3.73, "median_entertainment": 3.869, "PC1_pos": 0.047099832348397541, "nivvie": 32202.265384615384, "rel_education": 0.14080179104306753, "rel_sante": 0.052134820083992887, "rel_services": 0.015710468480925915, "rel_commerce": 0.022586671800996591, "rel_loisirs": 0.10052293251436735, "rel_pc1": 0.022467488444767751, "q_revenu": 4, "q_population": 1 }, "geometry": { "type": "Polygon", "coordinates": [ [ [ 4.771793346150328, 45.748641665885536 ], [ 4.771620888356646, 45.750438494010304 ], [ 4.774182818028776, 45.750564870108846 ], [ 4.774355192036819, 45.74876803716986 ], [ 4.771793346150328, 45.748641665885536 ] ] ] } },
{ "type": "Feature", "properties": { "idcar_200m": "CRS3035RES200mN2529400E3914200", "population": 88.5, "median_education": 4.482, "median_healthcare": 3.426, "median_services": 0.318, "median_commerce": 5.791, "median_entertainment": 6.2, "PC1_pos": 0.099392063493888516, "nivvie": 40294.405649717512, "rel_education": 0.22050091804857744, "rel_sante": 0.071531395117244545, "rel_services": 0.025105170738364026, "rel_commerce": 0.035066867667445378, "rel_loisirs": 0.16108611568598541, "rel_pc1": 0.047411846851861214, "q_revenu": 5, "q_population": 1 }, "geometry": { "type": "Polygon", "coordinates": [ [ [ 4.774355192036819, 45.74876803716986 ], [ 4.774182818028776, 45.750564870108846 ], [ 4.776744758412478, 45.750691184374382 ], [ 4.776917048633478, 45.748894346623516 ], [ 4.774355192036819, 45.74876803716986 ] ] ] } },
{ "type": "Feature", "properties": { "idcar_200m": "CRS3035RES200mN2529400E3914400", "population": 109.5, "median_education": 5.9215, "median_healthcare": 4.3855, "median_services": 0.439, "median_commerce": 7.8025, "median_entertainment": 8.168, "PC1_pos": 0.17334004169254613, "nivvie": 39346.841095890406, "rel_education": 0.29131998800193021, "rel_sante": 0.091564779126291879, "rel_services": 0.034657767151389331, "rel_commerce": 0.047247320838411773, "rel_loisirs": 0.21221796660050463, "rel_pc1": 0.082686395886403669, "q_revenu": 5, "q_population": 2 }, "geometry": { "type": "Polygon", "coordinates": [ [ [ 4.776917048633478, 45.748894346623516 ], [ 4.776744758412478, 45.750691184374382 ], [ 4.779306709502612, 45.75081743680655 ], [ 4.779478915935162, 45.749020594246112 ], [ 4.776917048633478, 45.748894346623516 ] ] ] } },
{ "type": "Feature", "properties": { "idcar_200m": "CRS3035RES200mN2529400E3914600", "population": 66.0, "median_education": 8.449, "median_healthcare": 6.438, "median_services": 0.6685, "median_commerce": 11.8375, "median_entertainment": 12.096, "PC1_pos": 0.28268862252006155, "nivvie": 34942.683333333334, "rel_education": 0.4156653852281193, "rel_sante": 0.13441889134991838, "rel_services": 0.052776121505019979, "rel_commerce": 0.071680892076219069, "rel_loisirs": 0.31427381537704507, "rel_pc1": 0.13484768508210801, "q_revenu": 5, "q_population": 1 }, "geometry": { "type": "Polygon", "coordinates": [ [ [ 4.779478915935162, 45.749020594246112 ], [ 4.779306709502612, 45.75081743680655 ], [ 4.781868671294035, 45.750943627404901 ], [ 4.782040793936734, 45.749146780037208 ], [ 4.779478915935162, 45.749020594246112 ] ] ] } },
{ "type": "Feature", "properties": { "idcar_200m": "CRS3035RES200mN2529400E3914800", "population": 372.0, "median_education": 7.6875, "median_healthcare": 6.707, "median_services": 0.725, "median_commerce": 13.3265, "median_entertainment": 10.8665, "PC1_pos": 0.26998687003128863, "nivvie": 27528.326344086021, "rel_education": 0.3782018758363318, "rel_sante": 0.14003533772660803, "rel_services": 0.057236631400358229, "rel_commerce": 0.080697394572649073, "rel_loisirs": 0.28232939937125168, "rel_pc1": 0.12878871495332125, "q_revenu": 3, "q_population": 3 }, "geometry": { "type": "Polygon", "coordinates": [ [ [ 4.782040793936734, 45.749146780037208 ], [ 4.781868671294035, 45.750943627404901 ], [ 4.784430643781605, 45.751069756169024 ], [ 4.784602682633046, 45.749272903996399 ], [ 4.782040793936734, 45.749146780037208 ] ] ] } },
{ "type": "Feature", "properties": { "idcar_200m": "CRS3035RES200mN2529400E3915000", "population": 254.0, "median_education": 7.69, "median_healthcare": 7.369, "median_services": 0.783, "median_commerce": 14.571, "median_entertainment": 10.548, "PC1_pos": 0.27420156491892023, "nivvie": 22820.927952755905, "rel_education": 0.3783248683162786, "rel_sante": 0.15385722434879598, "rel_services": 0.061815561912386893, "rel_commerce": 0.088233349815635742, "rel_loisirs": 0.27405424971867326, "rel_pc1": 0.1307992021241807, "q_revenu": 2, "q_population": 2 }, "geometry": { "type": "Polygon", "coordinates": [ [ [ 4.784602682633046, 45.749272903996399 ], [ 4.784430643781605, 45.751069756169024 ], [ 4.786992626960175, 45.751195823098506 ], [ 4.787164582018955, 45.749398966123287 ], [ 4.784602682633046, 45.749272903996399 ] ] ] } },
{ "type": "Feature", "properties": { "idcar_200m": "CRS3035RES200mN2529400E3915200", "population": 174.5, "median_education": 9.433, "median_healthcare": 10.133, "median_services": 1.109, "median_commerce": 19.251, "median_entertainment": 12.2965, "PC1_pos": 0.32731213813900117, "nivvie": 25985.368481375357, "rel_education": 0.46407522533516976, "rel_sante": 0.21156673284385258, "rel_services": 0.08755230927309969, "rel_commerce": 0.11657265920669847, "rel_loisirs": 0.31948313250527732, "rel_pc1": 0.15613392478923407, "q_revenu": 3, "q_population": 2 }, "geometry": { "type": "Polygon", "coordinates": [ [ [ 4.787164582018955, 45.749398966123287 ], [ 4.786992626960175, 45.751195823098506 ], [ 4.789554620824603, 45.751321828192914 ], [ 4.789726492089324, 45.749524966417439 ], [ 4.787164582018955, 45.749398966123287 ] ] ] } },
{ "type": "Feature", "properties": { "idcar_200m": "CRS3035RES200mN2529400E3915400", "population": 74.5, "median_education": 10.377, "median_healthcare": 11.5775, "median_services": 1.345, "median_commerce": 23.1275, "median_entertainment": 13.3015, "PC1_pos": 0.43948119075731418, "nivvie": 27120.757046979863, "rel_education": 0.51051718576307181, "rel_sante": 0.2417264235171917, "rel_services": 0.10618381963238874, "rel_commerce": 0.14004644827816318, "rel_loisirs": 0.34559467222534435, "rel_pc1": 0.20964063103228156, "q_revenu": 3, "q_population": 1 }, "geometry": { "type": "Polygon", "coordinates": [ [ [ 4.789726492089324, 45.749524966417439 ], [ 4.789554620824603, 45.751321828192914 ], [ 4.792116625369744, 45.751447771451843 ], [ 4.792288412839, 45.74965090487845 ], [ 4.789726492089324, 45.749524966417439 ] ] ] } },
{ "type": "Feature", "properties": { "idcar_200m": "CRS3035RES200mN2529400E3915600", "population": 176.0, "median_education": 10.116, "median_healthcare": 13.085, "median_services": 1.699, "median_commerce": 28.621, "median_entertainment": 13.552, "PC1_pos": 0.48737930356050896, "nivvie": 28518.377840909092, "rel_education": 0.49767677085662859, "rel_sante": 0.27320149010774808, "rel_services": 0.13413108517132227, "rel_commerce": 0.17331183206871945, "rel_loisirs": 0.35210307093168935, "rel_pc1": 0.23248891397247709, "q_revenu": 3, "q_population": 2 }, "geometry": { "type": "Polygon", "coordinates": [ [ [ 4.792288412839, 45.74965090487845 ], [ 4.792116625369744, 45.751447771451843 ], [ 4.794678640590458, 45.751573652874896 ], [ 4.79485034426285, 45.749776781505894 ], [ 4.792288412839, 45.74965090487845 ] ] ] } },
{ "type": "Feature", "properties": { "idcar_200m": "CRS3035RES200mN2529400E3915800", "population": 107.0, "median_education": 9.7905, "median_healthcare": 14.7085, "median_services": 2.263, "median_commerce": 33.879, "median_entertainment": 13.9515, "PC1_pos": 0.53806360436752376, "nivvie": 38423.966355140183, "rel_education": 0.48166314996755855, "rel_sante": 0.3070985187046093, "rel_services": 0.17865723704691128, "rel_commerce": 0.20515116727773824, "rel_loisirs": 0.36248273274081055, "rel_pc1": 0.25666625996151182, "q_revenu": 5, "q_population": 1 }, "geometry": { "type": "Polygon", "coordinates": [ [ [ 4.79485034426285, 45.749776781505894 ], [ 4.794678640590458, 45.751573652874896 ], [ 4.797240666481597, 45.75169947246161 ], [ 4.797412286355724, 45.749902596299385 ], [ 4.79485034426285, 45.749776781505894 ] ] ] } },
{ "type": "Feature", "properties": { "idcar_200m": "CRS3035RES200mN2529400E3916000", "population": 433.0, "median_education": 9.549, "median_healthcare": 14.746, "median_services": 2.9345, "median_commerce": 31.735, "median_entertainment": 13.3805, "PC1_pos": 0.55700549181528825, "nivvie": 22661.846882217087, "rel_education": 0.4697820764047001, "rel_sante": 0.30788148056009579, "rel_services": 0.23167019978531203, "rel_commerce": 0.19216837254815733, "rel_loisirs": 0.34764722111876256, "rel_pc1": 0.26570188951973933, "q_revenu": 2, "q_population": 3 }, "geometry": { "type": "Polygon", "coordinates": [ [ [ 4.797412286355724, 45.749902596299385 ], [ 4.797240666481597, 45.75169947246161 ], [ 4.799802703038016, 45.751825230211665 ], [ 4.79997423911248, 45.750028349258443 ], [ 4.797412286355724, 45.749902596299385 ] ] ] } },
{ "type": "Feature", "properties": { "idcar_200m": "CRS3035RES200mN2529400E3916200", "population": 866.5, "median_education": 11.4, "median_healthcare": 16.5895, "median_services": 3.6055, "median_commerce": 39.919, "median_entertainment": 16.057, "PC1_pos": 0.65314552080881372, "nivvie": 21321.80703981535, "rel_education": 0.56084570855729199, "rel_sante": 0.34637188537581098, "rel_services": 0.28464368898481601, "rel_commerce": 0.24172583153457985, "rel_loisirs": 0.41718705799514, "rel_pc1": 0.31156245595475257, "q_revenu": 1, "q_population": 5 }, "geometry": { "type": "Polygon", "coordinates": [ [ [ 4.79997423911248, 45.750028349258443 ], [ 4.799802703038016, 45.751825230211665 ], [ 4.802364750254571, 45.751950926124579 ], [ 4.802536202527974, 45.750154040382732 ], [ 4.79997423911248, 45.750028349258443 ] ] ] } },
{ "type": "Feature", "properties": { "idcar_200m": "CRS3035RES200mN2529400E3916400", "population": 119.5, "median_education": 10.842, "median_healthcare": 14.538, "median_services": 3.605, "median_commerce": 36.201, "median_entertainment": 15.46, "PC1_pos": 0.61873830744147185, "nivvie": 37264.917154811716, "rel_education": 0.53339378703317197, "rel_sante": 0.30353865213499742, "rel_services": 0.28460421544591924, "rel_commerce": 0.21921182462945779, "rel_loisirs": 0.40167602395247332, "rel_pc1": 0.29514958078718917, "q_revenu": 5, "q_population": 2 }, "geometry": { "type": "Polygon", "coordinates": [ [ [ 4.802536202527974, 45.750154040382732 ], [ 4.802364750254571, 45.751950926124579 ], [ 4.804926808126121, 45.752076560199946 ], [ 4.805098176597062, 45.750279669671784 ], [ 4.802536202527974, 45.750154040382732 ] ] ] } },
{ "type": "Feature", "properties": { "idcar_200m": "CRS3035RES200mN2529400E3916600", "population": 281.5, "median_education": 9.121, "median_healthcare": 11.569, "median_services": 3.367, "median_commerce": 31.114, "median_entertainment": 13.043, "PC1_pos": 0.54136379511561383, "nivvie": 36516.789698046181, "rel_education": 0.44872576383781232, "rel_sante": 0.24154895216328143, "rel_services": 0.26581481093104298, "rel_commerce": 0.18840796418665093, "rel_loisirs": 0.33887842046650118, "rel_pc1": 0.2582405117964181, "q_revenu": 5, "q_population": 3 }, "geometry": { "type": "Polygon", "coordinates": [ [ [ 4.805098176597062, 45.750279669671784 ], [ 4.804926808126121, 45.752076560199946 ], [ 4.807488876647514, 45.752202132437347 ], [ 4.807660161314598, 45.750405237125229 ], [ 4.805098176597062, 45.750279669671784 ] ] ] } },
{ "type": "Feature", "properties": { "idcar_200m": "CRS3035RES200mN2529400E3916800", "population": 341.0, "median_education": 12.136, "median_healthcare": 13.217, "median_services": 5.552, "median_commerce": 51.666, "median_entertainment": 18.746, "PC1_pos": 0.80220679927723526, "nivvie": 27625.743108504401, "rel_education": 0.59705469465362238, "rel_sante": 0.27595751583906047, "rel_services": 0.43831417591005362, "rel_commerce": 0.31285870918774528, "rel_loisirs": 0.48705166526604549, "rel_pc1": 0.38266743413766346, "q_revenu": 3, "q_population": 3 }, "geometry": { "type": "Polygon", "coordinates": [ [ [ 4.807660161314598, 45.750405237125229 ], [ 4.807488876647514, 45.752202132437347 ], [ 4.810050955813613, 45.752327642836377 ], [ 4.810222156675438, 45.750530742742598 ], [ 4.807660161314598, 45.750405237125229 ] ] ] } },
{ "type": "Feature", "properties": { "idcar_200m": "CRS3035RES200mN2529400E3917000", "population": 167.0, "median_education": 13.561, "median_healthcare": 14.321, "median_services": 7.002, "median_commerce": 66.51, "median_entertainment": 22.422, "PC1_pos": 0.95598503116602451, "nivvie": 34705.508982035928, "rel_education": 0.66716040822328393, "rel_sante": 0.29900791286458234, "rel_services": 0.55278743871077007, "rel_commerce": 0.40274518538452636, "rel_loisirs": 0.58256014288889757, "rel_pc1": 0.45602248607206247, "q_revenu": 5, "q_population": 2 }, "geometry": { "type": "Polygon", "coordinates": [ [ [ 4.810222156675438, 45.750530742742598 ], [ 4.810050955813613, 45.752327642836377 ], [ 4.812613045619267, 45.752453091396625 ], [ 4.812784162674443, 45.750656186523543 ], [ 4.810222156675438, 45.750530742742598 ] ] ] } },
{ "type": "Feature", "properties": { "idcar_200m": "CRS3035RES200mN2529400E3917200", "population": 87.0, "median_education": 14.827, "median_healthcare": 18.7305, "median_services": 8.061, "median_commerce": 89.415, "median_entertainment": 25.729, "PC1_pos": 1.1428929584353769, "nivvie": 38361.732183908047, "rel_education": 0.72944380006833054, "rel_sante": 0.39107378757838557, "rel_services": 0.63639239409418991, "rel_commerce": 0.54144430538501609, "rel_loisirs": 0.6684813984652771, "rel_pc1": 0.54518101353978365, "q_revenu": 5, "q_population": 1 }, "geometry": { "type": "Polygon", "coordinates": [ [ [ 4.812784162674443, 45.750656186523543 ], [ 4.812613045619267, 45.752453091396625 ], [ 4.815175146059329, 45.752578478117684 ], [ 4.815346179306458, 45.750781568467609 ], [ 4.812784162674443, 45.750656186523543 ] ] ] } },
{ "type": "Feature", "properties": { "idcar_200m": "CRS3035RES200mN2529400E3917400", "population": 300.0, "median_education": 16.941, "median_healthcare": 23.075, "median_services": 9.919, "median_commerce": 113.24, "median_entertainment": 31.696, "PC1_pos": 1.4635597856970939, "nivvie": 34487.882666666672, "rel_education": 0.83344624111132315, "rel_sante": 0.48178252840934555, "rel_services": 0.78307606463469426, "rel_commerce": 0.68571440073588574, "rel_loisirs": 0.82351379399725699, "rel_pc1": 0.69814500251602218, "q_revenu": 5, "q_population": 3 }, "geometry": { "type": "Polygon", "coordinates": [ [ [ 4.815346179306458, 45.750781568467609 ], [ 4.815175146059329, 45.752578478117684 ], [ 4.817737257128658, 45.752703802999108 ], [ 4.817908206566346, 45.750906888574413 ], [ 4.815346179306458, 45.750781568467609 ] ] ] } },
{ "type": "Feature", "properties": { "idcar_200m": "CRS3035RES200mN2529400E3917600", "population": 58.5, "median_education": 20.818, "median_healthcare": 33.347, "median_services": 12.52, "median_commerce": 159.198, "median_entertainment": 39.627, "PC1_pos": 1.9608118786261155, "nivvie": 31951.882051282053, "rel_education": 1.0241829790127812, "rel_sante": 0.69625143986420135, "rel_services": 0.98841741397584149, "rel_commerce": 0.96400884111931784, "rel_loisirs": 1.0295741139175072, "rel_pc1": 0.93534341904922824, "q_revenu": 4, "q_population": 1 }, "geometry": { "type": "Polygon", "coordinates": [ [ [ 4.817908206566346, 45.750906888574413 ], [ 4.817737257128658, 45.752703802999108 ], [ 4.820299378822107, 45.752829066040526 ], [ 4.820470244448958, 45.751032146843478 ], [ 4.817908206566346, 45.750906888574413 ] ] ] } },
{ "type": "Feature", "properties": { "idcar_200m": "CRS3035RES200mN2529400E3917800", "population": 124.5, "median_education": 23.715, "median_healthcare": 44.234, "median_services": 15.323, "median_commerce": 211.2075, "median_entertainment": 46.622, "PC1_pos": 2.4575248567725598, "nivvie": 15830.412048192771, "rel_education": 1.1667066647751034, "rel_sante": 0.92356092574903537, "rel_services": 1.2097060730312954, "rel_commerce": 1.2789475829514712, "rel_loisirs": 1.2113156266954856, "rel_pc1": 1.1722846678910854, "q_revenu": 1, "q_population": 2 }, "geometry": { "type": "Polygon", "coordinates": [ [ [ 4.820470244448958, 45.751032146843478 ], [ 4.820299378822107, 45.752829066040526 ], [ 4.822861511134528, 45.752954267241485 ], [ 4.823032292949149, 45.75115734327445 ], [ 4.820470244448958, 45.751032146843478 ] ] ] } },
{ "type": "Feature", "properties": { "idcar_200m": "CRS3035RES200mN2529400E3918000", "population": 413.5, "median_education": 28.313, "median_healthcare": 59.522, "median_services": 19.211, "median_commerce": 289.94, "median_entertainment": 54.442, "PC1_pos": 3.1946774179823327, "nivvie": 35293.786940749698, "rel_education": 1.3929144338932113, "rel_sante": 1.2427588149937623, "rel_services": 1.5166523114928026, "rel_commerce": 1.7557049924881907, "rel_loisirs": 1.4144919855123255, "rel_pc1": 1.5239200310172774, "q_revenu": 5, "q_population": 3 }, "geometry": { "type": "Polygon", "coordinates": [ [ [ 4.823032292949149, 45.75115734327445 ], [ 4.822861511134528, 45.752954267241485 ], [ 4.825423654060777, 45.753079406601636 ], [ 4.825594352061776, 45.751282477866908 ], [ 4.823032292949149, 45.75115734327445 ] ] ] } },
{ "type": "Feature", "properties": { "idcar_200m": "CRS3035RES200mN2529400E3918200", "population": 815.0, "median_education": 31.293, "median_healthcare": 67.5065, "median_services": 22.8935, "median_commerce": 350.1735, "median_entertainment": 61.079, "PC1_pos": 3.7438200936964763, "nivvie": 33928.591779141105, "rel_education": 1.5395214699897666, "rel_sante": 1.4094670532639431, "rel_services": 1.807374925467726, "rel_commerce": 2.1204434096263483, "rel_loisirs": 1.5869320741910165, "rel_pc1": 1.7858712122841918, "q_revenu": 5, "q_population": 5 }, "geometry": { "type": "Polygon", "coordinates": [ [ [ 4.825594352061776, 45.751282477866908 ], [ 4.825423654060777, 45.753079406601636 ], [ 4.827985807595709, 45.753204484120488 ], [ 4.828156421781691, 45.751407550620456 ], [ 4.825594352061776, 45.751282477866908 ] ] ] } },
{ "type": "Feature", "properties": { "idcar_200m": "CRS3035RES200mN2529400E3918400", "population": 1265.5, "median_education": 34.476, "median_healthcare": 76.155, "median_services": 27.089, "median_commerce": 424.318, "median_entertainment": 68.32, "PC1_pos": 4.3725013932222971, "nivvie": 32311.951876728566, "rel_education": 1.696115495458, "rel_sante": 1.5900389361219376, "rel_services": 2.1385973903507645, "rel_commerce": 2.5694186073070431, "rel_loisirs": 1.77506506833331, "rel_pc1": 2.0857637836219434, "q_revenu": 4, "q_population": 5 }, "geometry": { "type": "Polygon", "coordinates": [ [ [ 4.828156421781691, 45.751407550620456 ], [ 4.827985807595709, 45.753204484120488 ], [ 4.83054797173417, 45.753329499797687 ], [ 4.830718502103744, 45.751532561534646 ], [ 4.828156421781691, 45.751407550620456 ] ] ] } },
{ "type": "Feature", "properties": { "idcar_200m": "CRS3035RES200mN2529400E3918600", "population": 1132.5, "median_education": 36.187, "median_healthcare": 80.2985, "median_services": 30.0525, "median_commerce": 453.3915, "median_entertainment": 73.5485, "PC1_pos": 4.661409872052551, "nivvie": 30443.873995584985, "rel_education": 1.7802915487335724, "rel_sante": 1.6765510014074902, "rel_services": 2.3725570553920905, "rel_commerce": 2.7454705114910309, "rel_loisirs": 1.9109100289565639, "rel_pc1": 2.2235784548441222, "q_revenu": 4, "q_population": 5 }, "geometry": { "type": "Polygon", "coordinates": [ [ [ 4.830718502103744, 45.751532561534646 ], [ 4.83054797173417, 45.753329499797687 ], [ 4.833110146471021, 45.753454453632827 ], [ 4.833280593022799, 45.751657510609093 ], [ 4.830718502103744, 45.751532561534646 ] ] ] } },
{ "type": "Feature", "properties": { "idcar_200m": "CRS3035RES200mN2529400E3918800", "population": 36.0, "median_education": 36.389, "median_healthcare": 86.882, "median_services": 32.232, "median_commerce": 466.573, "median_entertainment": 79.797, "PC1_pos": 4.7064920489471147, "nivvie": 32485.51666666667, "rel_education": 1.7902293411132719, "rel_sante": 1.8140077847566962, "rel_services": 2.5446222114432366, "rel_commerce": 2.8252898719051962, "rel_loisirs": 2.073256253773319, "rel_pc1": 2.2450834844363996, "q_revenu": 5, "q_population": 1 }, "geometry": { "type": "Polygon", "coordinates": [ [ [ 4.833280593022799, 45.751657510609093 ], [ 4.833110146471021, 45.753454453632827 ], [ 4.835672331801111, 45.753579345625447 ], [ 4.835842694533702, 45.751782397843336 ], [ 4.833280593022799, 45.751657510609093 ] ] ] } },
{ "type": "Feature", "properties": { "idcar_200m": "CRS3035RES200mN2529400E3919000", "population": 48.0, "median_education": 36.6185, "median_healthcare": 94.5265, "median_services": 33.684, "median_commerce": 476.2485, "median_entertainment": 80.569, "PC1_pos": 4.9699521300886094, "nivvie": 38143.0875, "rel_education": 1.8015200507723856, "rel_sante": 1.973617168870466, "rel_services": 2.6592533683995403, "rel_commerce": 2.8838789719080227, "rel_loisirs": 2.0933140733393802, "rel_pc1": 2.370758800750036, "q_revenu": 5, "q_population": 1 }, "geometry": { "type": "Polygon", "coordinates": [ [ [ 4.835842694533702, 45.751782397843336 ], [ 4.835672331801111, 45.753579345625447 ], [ 4.838234527719293, 45.753704175775162 ], [ 4.838404806631307, 45.751907223237048 ], [ 4.835842694533702, 45.751782397843336 ] ] ] } },
{ "type": "Feature", "properties": { "idcar_200m": "CRS3035RES200mN2529400E3919200", "population": 1040.5, "median_education": 38.757, "median_healthcare": 105.2665, "median_services": 37.622, "median_commerce": 523.1005, "median_entertainment": 85.048, "PC1_pos": 5.6495127566215624, "nivvie": 27190.521864488226, "rel_education": 1.9067278181188567, "rel_sante": 2.1978574442817931, "rel_services": 2.9701469607507276, "rel_commerce": 3.1675869470341067, "rel_loisirs": 2.2096858011067235, "rel_pc1": 2.6949217491701214, "q_revenu": 3, "q_population": 5 }, "geometry": { "type": "Polygon", "coordinates": [ [ [ 4.838404806631307, 45.751907223237048 ], [ 4.838234527719293, 45.753704175775162 ], [ 4.840796734220423, 45.753828944081611 ], [ 4.84096692931047, 45.752031986789746 ], [ 4.838404806631307, 45.751907223237048 ] ] ] } },
{ "type": "Feature", "properties": { "idcar_200m": "CRS3035RES200mN2529400E3919400", "population": 1195.5, "median_education": 39.343, "median_healthcare": 120.213, "median_services": 42.351, "median_commerce": 572.879, "median_entertainment": 88.9835, "PC1_pos": 6.1659343545415641, "nivvie": 24648.371476369721, "rel_education": 1.9355572554183809, "rel_sante": 2.5099251608958899, "rel_services": 3.3434876916366503, "rel_commerce": 3.4690160736415883, "rel_loisirs": 2.3119365121199809, "rel_pc1": 2.9412643730264225, "q_revenu": 2, "q_population": 5 }, "geometry": { "type": "Polygon", "coordinates": [ [ [ 4.84096692931047, 45.752031986789746 ], [ 4.840796734220423, 45.753828944081611 ], [ 4.843358951299352, 45.753953650544261 ], [ 4.843529062566045, 45.75215668850106 ], [ 4.84096692931047, 45.752031986789746 ] ] ] } },
{ "type": "Feature", "properties": { "idcar_200m": "CRS3035RES200mN2529400E3919600", "population": 1475.0, "median_education": 39.5825, "median_healthcare": 133.1605, "median_services": 45.087, "median_commerce": 594.2435, "median_entertainment": 86.362, "PC1_pos": 6.4227375743796777, "nivvie": 23937.773559322035, "rel_education": 1.9473399349972818, "rel_sante": 2.7802557908668546, "rel_services": 3.5594868964799335, "rel_commerce": 3.5983868376341874, "rel_loisirs": 2.2438256649795276, "rel_pc1": 3.0637642437608514, "q_revenu": 2, "q_population": 5 }, "geometry": { "type": "Polygon", "coordinates": [ [ [ 4.843529062566045, 45.75215668850106 ], [ 4.843358951299352, 45.753953650544261 ], [ 4.845921178950928, 45.754078295162813 ], [ 4.84609120639288, 45.752281328370557 ], [ 4.843529062566045, 45.75215668850106 ] ] ] } },
{ "type": "Feature", "properties": { "idcar_200m": "CRS3035RES200mN2529400E3919800", "population": 1012.0, "median_education": 40.7125, "median_healthcare": 139.3995, "median_services": 45.759, "median_commerce": 597.798, "median_entertainment": 83.891, "PC1_pos": 6.4791375551421488, "nivvie": 32202.874604743083, "rel_education": 2.002932535933224, "rel_sante": 2.9105197646369909, "rel_services": 3.612539332757231, "rel_commerce": 3.619910785333019, "rel_loisirs": 2.1796250533891937, "rel_pc1": 3.0906680744728741, "q_revenu": 4, "q_population": 5 }, "geometry": { "type": "Polygon", "coordinates": [ [ [ 4.84609120639288, 45.752281328370557 ], [ 4.845921178950928, 45.754078295162813 ], [ 4.84848341717001, 45.754202877936805 ], [ 4.848653360785832, 45.75240590639784 ], [ 4.84609120639288, 45.752281328370557 ] ] ] } },
{ "type": "Feature", "properties": { "idcar_200m": "CRS3035RES200mN2529400E3920000", "population": 1209.5, "median_education": 40.842, "median_healthcare": 136.737, "median_services": 40.9165, "median_commerce": 523.5925, "median_entertainment": 78.0695, "PC1_pos": 6.0069379665264204, "nivvie": 31596.006614303431, "rel_education": 2.0093035463944666, "rel_sante": 2.8549294728974508, "rel_services": 3.2302381085417347, "rel_commerce": 3.1705662077649617, "rel_loisirs": 2.0283729852495225, "rel_pc1": 2.8654201644087332, "q_revenu": 4, "q_population": 5 }, "geometry": { "type": "Polygon", "coordinates": [ [ [ 4.848653360785832, 45.75240590639784 ], [ 4.84848341717001, 45.754202877936805 ], [ 4.851045665951447, 45.75432739886584 ], [ 4.851215525739754, 45.75253042258251 ], [ 4.848653360785832, 45.75240590639784 ] ] ] } },
{ "type": "Feature", "properties": { "idcar_200m": "CRS3035RES200mN2529400E3920200", "population": 984.5, "median_education": 40.239, "median_healthcare": 130.936, "median_services": 35.113, "median_commerce": 461.192, "median_entertainment": 70.937, "PC1_pos": 5.3737805842379442, "nivvie": 28776.936922295579, "rel_education": 1.9796377602313044, "rel_sante": 2.7338104935993965, "rel_services": 2.7720687425665913, "rel_commerce": 2.7927057215134639, "rel_loisirs": 1.8430589981317334, "rel_pc1": 2.5633924190643333, "q_revenu": 4, "q_population": 5 }, "geometry": { "type": "Polygon", "coordinates": [ [ [ 4.851215525739754, 45.75253042258251 ], [ 4.851045665951447, 45.75432739886584 ], [ 4.853607925290089, 45.754451857949512 ], [ 4.853777701249495, 45.752654876924126 ], [ 4.851215525739754, 45.75253042258251 ] ] ] } },
{ "type": "Feature", "properties": { "idcar_200m": "CRS3035RES200mN2529400E3920400", "population": 1639.0, "median_education": 38.932, "median_healthcare": 118.758, "median_services": 29.954, "median_commerce": 378.081, "median_entertainment": 63.853, "PC1_pos": 4.718532704145094, "nivvie": 28193.671812080538, "rel_education": 1.915337291715131, "rel_sante": 2.4795462409030145, "rel_services": 2.3647807682294215, "rel_commerce": 2.2894347080945288, "rel_loisirs": 1.659005120144714, "rel_pc1": 2.2508270989683363, "q_revenu": 3, "q_population": 5 }, "geometry": { "type": "Polygon", "coordinates": [ [ [ 4.853777701249495, 45.752654876924126 ], [ 4.853607925290089, 45.754451857949512 ], [ 4.856170195180788, 45.754576255187409 ], [ 4.85633988730991, 45.752779269422291 ], [ 4.853777701249495, 45.752654876924126 ] ] ] } },
{ "type": "Feature", "properties": { "idcar_200m": "CRS3035RES200mN2529400E3920600", "population": 1216.0, "median_education": 38.954, "median_healthcare": 109.995, "median_services": 27.308, "median_commerce": 331.202, "median_entertainment": 59.6265, "PC1_pos": 4.2794519572335084, "nivvie": 23866.40542763158, "rel_education": 1.9164196255386625, "rel_sante": 2.2965837145129346, "rel_services": 2.1558868003875622, "rel_commerce": 2.0055632369527272, "rel_loisirs": 1.5491937543468401, "rel_pc1": 2.0413774870337478, "q_revenu": 2, "q_population": 5 }, "geometry": { "type": "Polygon", "coordinates": [ [ [ 4.85633988730991, 45.752779269422291 ], [ 4.856170195180788, 45.754576255187409 ], [ 4.8587324756184, 45.754700590579112 ], [ 4.858902083915848, 45.7529036000766 ], [ 4.85633988730991, 45.752779269422291 ] ] ] } },
{ "type": "Feature", "properties": { "idcar_200m": "CRS3035RES200mN2529400E3921200", "population": 1109.0, "median_education": 38.4085, "median_healthcare": 73.621, "median_services": 18.4095, "median_commerce": 195.1095, "median_entertainment": 45.1295, "PC1_pos": 2.9837278813707271, "nivvie": 19830.122993688004, "rel_education": 1.8895826664142765, "rel_sante": 1.537131593673865, "rel_services": 1.4533762286412344, "rel_commerce": 1.1814676251358027, "rel_loisirs": 1.1725380415888191, "rel_pc1": 1.4232932126202982, "q_revenu": 1, "q_population": 5 }, "geometry": { "type": "Polygon", "coordinates": [ [ [ 4.864026508743714, 45.753152075852022 ], [ 4.863857068113751, 45.754949075822331 ], [ 4.866419380161198, 45.755073225673037 ], [ 4.866588736955341, 45.753276220972296 ], [ 4.864026508743714, 45.753152075852022 ] ] ] } },
{ "type": "Feature", "properties": { "idcar_200m": "CRS3035RES200mN2529400E3921400", "population": 1143.0, "median_education": 39.184, "median_healthcare": 70.63, "median_services": 16.6635, "median_commerce": 180.325, "median_entertainment": 44.667, "PC1_pos": 2.8176911231237187, "nivvie": 28236.092475940506, "rel_education": 1.9277349336937657, "rel_sante": 1.4746825560802632, "rel_services": 1.3155346308136129, "rel_commerce": 1.0919414457143994, "rel_loisirs": 1.1605215369912758, "rel_pc1": 1.3440906175934759, "q_revenu": 3, "q_population": 5 }, "geometry": { "type": "Polygon", "coordinates": [ [ [ 4.866588736955341, 45.753276220972296 ], [ 4.866419380161198, 45.755073225673037 ], [ 4.868981702734958, 45.755197313675936 ], [ 4.869150975691901, 45.753400304247087 ], [ 4.866588736955341, 45.753276220972296 ] ] ] } },
{ "type": "Feature", "properties": { "idcar_200m": "CRS3035RES200mN2529400E3921600", "population": 769.5, "median_education": 34.1385, "median_healthcare": 59.5555, "median_services": 12.132, "median_commerce": 137.97, "median_entertainment": 35.84, "PC1_pos": 2.2579151588052473, "nivvie": 27083.667576348278, "rel_education": 1.6795115106651854, "rel_sante": 1.2434582609179969, "rel_services": 0.95778594779192561, "rel_commerce": 0.83546464031729217, "rel_loisirs": 0.93118167519124473, "rel_pc1": 1.0770671616084595, "q_revenu": 3, "q_population": 4 }, "geometry": { "type": "Polygon", "coordinates": [ [ [ 4.869150975691901, 45.753400304247087 ], [ 4.868981702734958, 45.755197313675936 ], [ 4.871544035829881, 45.755321339830537 ], [ 4.871713224948242, 45.753524325675983 ], [ 4.869150975691901, 45.753400304247087 ] ] ] } },
{ "type": "Feature", "properties": { "idcar_200m": "CRS3035RES200mN2529400E3921800", "population": 1225.5, "median_education": 33.451, "median_healthcare": 56.781, "median_services": 10.615, "median_commerce": 125.807, "median_entertainment": 33.997, "PC1_pos": 2.0914348431710277, "nivvie": 22065.108037535698, "rel_education": 1.6456885786798223, "rel_sante": 1.1855295231034042, "rel_services": 0.83802323077903818, "rel_commerce": 0.7618127129404767, "rel_loisirs": 0.88329752822200736, "rel_pc1": 0.99765298152974036, "q_revenu": 1, "q_population": 5 }, "geometry": { "type": "Polygon", "coordinates": [ [ [ 4.871713224948242, 45.753524325675983 ], [ 4.871544035829881, 45.755321339830537 ], [ 4.874106379440819, 45.755445304136551 ], [ 4.874275484719219, 45.753648285258549 ], [ 4.871713224948242, 45.753524325675983 ] ] ] } },
{ "type": "Feature", "properties": { "idcar_200m": "CRS3035RES200mN2529400E3922000", "population": 665.0, "median_education": 26.856, "median_healthcare": 49.4605, "median_services": 8.286, "median_commerce": 105.337, "median_entertainment": 28.5845, "PC1_pos": 1.6668868599283542, "nivvie": 27789.59804511278, "rel_education": 1.3212344165802312, "rel_sante": 1.0326849294210372, "rel_services": 0.65415548659774947, "rel_commerce": 0.63785851139452487, "rel_loisirs": 0.74267194739129827, "rel_pc1": 0.79513576581657774, "q_revenu": 3, "q_population": 4 }, "geometry": { "type": "Polygon", "coordinates": [ [ [ 4.874275484719219, 45.753648285258549 ], [ 4.874106379440819, 45.755445304136551 ], [ 4.876668733562623, 45.755569206593506 ], [ 4.876837754999683, 45.753772182994425 ], [ 4.874275484719219, 45.753648285258549 ] ] ] } },
{ "type": "Feature", "properties": { "idcar_200m": "CRS3035RES200mN2529400E3922200", "population": 622.0, "median_education": 24.2475, "median_healthcare": 44.5705, "median_services": 7.5205, "median_commerce": 97.2375, "median_entertainment": 26.774, "PC1_pos": 1.5851554421874809, "nivvie": 20909.705144694533, "rel_education": 1.1929040630037666, "rel_sante": 0.9305867034656008, "rel_services": 0.59372149854675049, "rel_commerce": 0.58881273438321879, "rel_loisirs": 0.69563220344783439, "rel_pc1": 0.75614837261134416, "q_revenu": 1, "q_population": 4 }, "geometry": { "type": "Polygon", "coordinates": [ [ [ 4.876837754999683, 45.753772182994425 ], [ 4.876668733562623, 45.755569206593506 ], [ 4.879231098190141, 45.755693047201007 ], [ 4.879400035784479, 45.753896018883175 ], [ 4.876837754999683, 45.753772182994425 ] ] ] } },
{ "type": "Feature", "properties": { "idcar_200m": "CRS3035RES200mN2529400E3922400", "population": 947.0, "median_education": 20.271, "median_healthcare": 36.528, "median_services": 6.391, "median_commerce": 88.098, "median_entertainment": 23.354, "PC1_pos": 1.3250450036532835, "nivvie": 24296.394508975714, "rel_education": 0.99727222440042695, "rel_sante": 0.7626674841922676, "rel_services": 0.50455077417888206, "rel_commerce": 0.53346933306278754, "rel_loisirs": 0.60677502350491985, "rel_pc1": 0.63207089758123647, "q_revenu": 2, "q_population": 5 }, "geometry": { "type": "Polygon", "coordinates": [ [ [ 4.879400035784479, 45.753896018883175 ], [ 4.879231098190141, 45.755693047201007 ], [ 4.881793473318222, 45.755816825958597 ], [ 4.881962327068465, 45.754019792924367 ], [ 4.879400035784479, 45.753896018883175 ] ] ] } },
{ "type": "Feature", "properties": { "idcar_200m": "CRS3035RES200mN2529400E3922600", "population": 1255.5, "median_education": 17.332, "median_healthcare": 31.665, "median_services": 5.841, "median_commerce": 84.198, "median_entertainment": 20.823, "PC1_pos": 1.1353410877078545, "nivvie": 24723.698128235763, "rel_education": 0.85268226497499877, "rel_sante": 0.6611329907727812, "rel_services": 0.46112988139240335, "rel_commerce": 0.50985324190356862, "rel_loisirs": 0.54101551402085069, "rel_pc1": 0.54157863196330736, "q_revenu": 2, "q_population": 5 }, "geometry": { "type": "Polygon", "coordinates": [ [ [ 4.881962327068465, 45.754019792924367 ], [ 4.881793473318222, 45.755816825958597 ], [ 4.88435585894172, 45.755940542865986 ], [ 4.884524628846487, 45.754143505117625 ], [ 4.881962327068465, 45.754019792924367 ] ] ] } },
{ "type": "Feature", "properties": { "idcar_200m": "CRS3035RES200mN2529400E3922800", "population": 686.5, "median_education": 15.46, "median_healthcare": 28.475, "median_services": 5.623, "median_commerce": 84.844, "median_entertainment": 18.973, "PC1_pos": 1.0942011956029911, "nivvie": 25748.279096868173, "rel_education": 0.7605854959908539, "rel_sante": 0.59452903559939829, "rel_services": 0.4439194184333991, "rel_commerce": 0.51376503546481356, "rel_loisirs": 0.49294949563067758, "rel_pc1": 0.52195414490254921, "q_revenu": 2, "q_population": 4 }, "geometry": { "type": "Polygon", "coordinates": [ [ [ 4.884524628846487, 45.754143505117625 ], [ 4.88435585894172, 45.755940542865986 ], [ 4.88691825505548, 45.756064197922669 ], [ 4.887086941113394, 45.754267155462543 ], [ 4.884524628846487, 45.754143505117625 ] ] ] } },
{ "type": "Feature", "properties": { "idcar_200m": "CRS3035RES200mN2529600E3914000", "population": 307.5, "median_education": 3.312, "median_healthcare": 3.025, "median_services": 0.251, "median_commerce": 4.428, "median_entertainment": 4.474, "PC1_pos": 0.068478401692876556, "nivvie": 24256.007479674798, "rel_education": 0.16294043743348693, "rel_sante": 0.063158923009242487, "rel_services": 0.019815716526192989, "rel_commerce": 0.026813346577697829, "rel_loisirs": 0.11624181960953206, "rel_pc1": 0.032665460194641512, "q_revenu": 2, "q_population": 3 }, "geometry": { "type": "Polygon", "coordinates": [ [ [ 4.771620888356646, 45.750438494010304 ], [ 4.771448415786504, 45.752235319674831 ], [ 4.774010429251375, 45.752361700588054 ], [ 4.774182818028776, 45.750564870108846 ], [ 4.771620888356646, 45.750438494010304 ] ] ] } },
{ "type": "Feature", "properties": { "idcar_200m": "CRS3035RES200mN2529600E3914200", "population": 387.0, "median_education": 3.006, "median_healthcare": 2.825, "median_services": 0.237, "median_commerce": 4.2115, "median_entertainment": 3.9705, "PC1_pos": 0.055185361206418815, "nivvie": 30850.057105943153, "rel_education": 0.14788615788800175, "rel_sante": 0.058983126446647945, "rel_services": 0.01871045743708262, "rel_commerce": 0.0255023507479617, "rel_loisirs": 0.10316006811793631, "rel_pc1": 0.026324434788943217, "q_revenu": 4, "q_population": 3 }, "geometry": { "type": "Polygon", "coordinates": [ [ [ 4.774182818028776, 45.750564870108846 ], [ 4.774010429251375, 45.752361700588054 ], [ 4.776572453429225, 45.75248801966594 ], [ 4.776744758412478, 45.750691184374382 ], [ 4.774182818028776, 45.750564870108846 ] ] ] } },
{ "type": "Feature", "properties": { "idcar_200m": "CRS3035RES200mN2529600E3914400", "population": 21.0, "median_education": 3.472, "median_healthcare": 4.137, "median_services": 0.339, "median_commerce": 5.807, "median_entertainment": 4.531, "PC1_pos": 0.095014178819893491, "nivvie": 44870.785714285717, "rel_education": 0.17081195615008052, "rel_sante": 0.086376351897268139, "rel_services": 0.026763059372029576, "rel_commerce": 0.03516375419527807, "rel_loisirs": 0.11772277260858062, "rel_pc1": 0.045323515144055138, "q_revenu": 5, "q_population": 1 }, "geometry": { "type": "Polygon", "coordinates": [ [ [ 4.776744758412478, 45.750691184374382 ], [ 4.776572453429225, 45.75248801966594 ], [ 4.779134488314912, 45.752614276908098 ], [ 4.779306709502612, 45.75081743680655 ], [ 4.776744758412478, 45.750691184374382 ] ] ] } },
{ "type": "Feature", "properties": { "idcar_200m": "CRS3035RES200mN2529600E3914600", "population": 10.0, "median_education": 9.476, "median_healthcare": 7.2535, "median_services": 0.764, "median_commerce": 13.454, "median_entertainment": 13.9895, "PC1_pos": 0.32059607251511113, "nivvie": 32202.27, "rel_education": 0.46619069599025426, "rel_sante": 0.15144570183389763, "rel_services": 0.060315567434308541, "rel_commerce": 0.081469459091315852, "rel_loisirs": 0.36347003474017625, "rel_pc1": 0.15293023765754971, "q_revenu": 4, "q_population": 1 }, "geometry": { "type": "Polygon", "coordinates": [ [ [ 4.779306709502612, 45.75081743680655 ], [ 4.779134488314912, 45.752614276908098 ], [ 4.781696533903293, 45.752740472314116 ], [ 4.781868671294035, 45.750943627404901 ], [ 4.779306709502612, 45.75081743680655 ] ] ] } },
{ "type": "Feature", "properties": { "idcar_200m": "CRS3035RES200mN2529600E3914800", "population": 390.0, "median_education": 9.9845, "median_healthcare": 8.517, "median_services": 0.908, "median_commerce": 16.147, "median_entertainment": 14.166, "PC1_pos": 0.36410258931816686, "nivvie": 27666.210769230769, "rel_education": 0.49120736641142826, "rel_sante": 0.17782629661808866, "rel_services": 0.071683946636586587, "rel_commerce": 0.097776672807156018, "rel_loisirs": 0.36805579271091438, "rel_pc1": 0.17368364833456257, "q_revenu": 3, "q_population": 3 }, "geometry": { "type": "Polygon", "coordinates": [ [ [ 4.781868671294035, 45.750943627404901 ], [ 4.781696533903293, 45.752740472314116 ], [ 4.784258590189224, 45.752866605883568 ], [ 4.784430643781605, 45.751069756169024 ], [ 4.781868671294035, 45.750943627404901 ] ] ] } },
{ "type": "Feature", "properties": { "idcar_200m": "CRS3035RES200mN2529600E3915000", "population": 206.0, "median_education": 9.761, "median_healthcare": 9.276, "median_services": 1.002, "median_commerce": 19.754, "median_entertainment": 13.273, "PC1_pos": 0.38378426185483372, "nivvie": 31350.554854368933, "rel_education": 0.48021183870418654, "rel_sante": 0.19367344457313496, "rel_services": 0.079104971949184755, "rel_commerce": 0.1196185294254388, "rel_loisirs": 0.34485419572582005, "rel_pc1": 0.18307216902016349, "q_revenu": 4, "q_population": 2 }, "geometry": { "type": "Polygon", "coordinates": [ [ [ 4.784430643781605, 45.751069756169024 ], [ 4.784258590189224, 45.752866605883568 ], [ 4.786820657167556, 45.752992677616064 ], [ 4.786992626960175, 45.751195823098506 ], [ 4.784430643781605, 45.751069756169024 ] ] ] } },
{ "type": "Feature", "properties": { "idcar_200m": "CRS3035RES200mN2529600E3915200", "population": 539.5, "median_education": 11.478, "median_healthcare": 12.241, "median_services": 1.343, "median_commerce": 25.209, "median_entertainment": 14.87, "PC1_pos": 0.47525137063229872, "nivvie": 20042.610379981466, "rel_education": 0.56468307393163142, "rel_sante": 0.25557962861359906, "rel_services": 0.10602592547680152, "rel_commerce": 0.1526507800083976, "rel_loisirs": 0.38634686133074242, "rel_pc1": 0.22670366635401604, "q_revenu": 1, "q_population": 4 }, "geometry": { "type": "Polygon", "coordinates": [ [ [ 4.786992626960175, 45.751195823098506 ], [ 4.786820657167556, 45.752992677616064 ], [ 4.789382734833152, 45.753118687511154 ], [ 4.789554620824603, 45.751321828192914 ], [ 4.786992626960175, 45.751195823098506 ] ] ] } },
{ "type": "Feature", "properties": { "idcar_200m": "CRS3035RES200mN2529600E3915400", "population": 141.5, "median_education": 13.102, "median_healthcare": 14.6065, "median_services": 1.644, "median_commerce": 31.7495, "median_entertainment": 17.119, "PC1_pos": 0.58942113127525042, "nivvie": 19615.556183745586, "rel_education": 0.64457898890505616, "rel_sante": 0.30496886245768606, "rel_services": 0.1297889958926744, "rel_commerce": 0.19225617596400568, "rel_loisirs": 0.44477955071425551, "rel_pc1": 0.28116474721335566, "q_revenu": 1, "q_population": 2 }, "geometry": { "type": "Polygon", "coordinates": [ [ [ 4.789554620824603, 45.751321828192914 ], [ 4.789382734833152, 45.753118687511154 ], [ 4.791944823180863, 45.753244635568457 ], [ 4.792116625369744, 45.751447771451843 ], [ 4.789554620824603, 45.751321828192914 ] ] ] } },
{ "type": "Feature", "properties": { "idcar_200m": "CRS3035RES200mN2529600E3915600", "population": 45.5, "median_education": 12.9735, "median_healthcare": 15.705, "median_services": 1.9785, "median_commerce": 38.226, "median_entertainment": 16.938, "PC1_pos": 0.62061943488060756, "nivvie": 40130.698901098905, "rel_education": 0.63825717543579197, "rel_sante": 0.32790442507773659, "rel_services": 0.15619679341463277, "rel_commerce": 0.23147402580828302, "rel_loisirs": 0.44007687540148727, "rel_pc1": 0.2960469132594003, "q_revenu": 5, "q_population": 1 }, "geometry": { "type": "Polygon", "coordinates": [ [ [ 4.792116625369744, 45.751447771451843 ], [ 4.791944823180863, 45.753244635568457 ], [ 4.794506922205546, 45.753370521787545 ], [ 4.794678640590458, 45.751573652874896 ], [ 4.792116625369744, 45.751447771451843 ] ] ] } },
{ "type": "Feature", "properties": { "idcar_200m": "CRS3035RES200mN2529600E3915800", "population": 171.0, "median_education": 12.3465, "median_healthcare": 17.66, "median_services": 2.517, "median_commerce": 47.6485, "median_entertainment": 17.421, "PC1_pos": 0.69499792572792352, "nivvie": 38771.273684210522, "rel_education": 0.60741066146514078, "rel_sante": 0.36872283647709825, "rel_services": 0.19870979480648507, "rel_commerce": 0.28853110758975498, "rel_loisirs": 0.45262600344605669, "rel_pc1": 0.33152682476503414, "q_revenu": 5, "q_population": 2 }, "geometry": { "type": "Polygon", "coordinates": [ [ [ 4.794678640590458, 45.751573652874896 ], [ 4.794506922205546, 45.753370521787545 ], [ 4.797069031902052, 45.753496346167992 ], [ 4.797240666481597, 45.75169947246161 ], [ 4.794678640590458, 45.751573652874896 ] ] ] } },
{ "type": "Feature", "properties": { "idcar_200m": "CRS3035RES200mN2529600E3916000", "population": 246.0, "median_education": 12.29, "median_healthcare": 17.88, "median_services": 3.025, "median_commerce": 48.865, "median_entertainment": 17.481, "PC1_pos": 0.72164291125955482, "nivvie": 30624.849593495936, "rel_education": 0.60463103141834373, "rel_sante": 0.37331621269595222, "rel_services": 0.23881491032563262, "rel_commerce": 0.29589751140903442, "rel_loisirs": 0.45418490133979211, "rel_pc1": 0.34423697413700527, "q_revenu": 4, "q_population": 2 }, "geometry": { "type": "Polygon", "coordinates": [ [ [ 4.797240666481597, 45.75169947246161 ], [ 4.797069031902052, 45.753496346167992 ], [ 4.799631152265242, 45.753622108709415 ], [ 4.799802703038016, 45.751825230211665 ], [ 4.797240666481597, 45.75169947246161 ] ] ] } },
{ "type": "Feature", "properties": { "idcar_200m": "CRS3035RES200mN2529600E3916200", "population": 391.0, "median_education": 13.8245, "median_healthcare": 18.167, "median_services": 3.8115, "median_commerce": 52.5845, "median_entertainment": 19.949, "PC1_pos": 0.75917594784050557, "nivvie": 28499.878772378517, "rel_education": 0.68012381560967405, "rel_sante": 0.37930848076327545, "rel_services": 0.30090678701029711, "rel_commerce": 0.31842060142614087, "rel_loisirs": 0.51830756803543909, "rel_pc1": 0.36214092461058367, "q_revenu": 3, "q_population": 3 }, "geometry": { "type": "Polygon", "coordinates": [ [ [ 4.799802703038016, 45.751825230211665 ], [ 4.799631152265242, 45.753622108709415 ], [ 4.802193283289968, 45.753747809411351 ], [ 4.802364750254571, 45.751950926124579 ], [ 4.799802703038016, 45.751825230211665 ] ] ] } },
{ "type": "Feature", "properties": { "idcar_200m": "CRS3035RES200mN2529600E3916400", "population": 438.0, "median_education": 14.21, "median_healthcare": 18.257, "median_services": 4.725, "median_commerce": 51.362, "median_entertainment": 20.595, "PC1_pos": 0.85898152776314696, "nivvie": 26142.59817351598, "rel_education": 0.69908925601746663, "rel_sante": 0.38118758921644302, "rel_services": 0.37302494257474844, "rel_commerce": 0.3110178651589241, "rel_loisirs": 0.53509170202465628, "rel_pc1": 0.40975002642326946, "q_revenu": 3, "q_population": 3 }, "geometry": { "type": "Polygon", "coordinates": [ [ [ 4.802364750254571, 45.751950926124579 ], [ 4.802193283289968, 45.753747809411351 ], [ 4.804755424971083, 45.753873448273417 ], [ 4.804926808126121, 45.752076560199946 ], [ 4.802364750254571, 45.751950926124579 ] ] ] } },
{ "type": "Feature", "properties": { "idcar_200m": "CRS3035RES200mN2529600E3916600", "population": 229.0, "median_education": 16.042, "median_healthcare": 18.393, "median_services": 5.958, "median_commerce": 60.686, "median_entertainment": 24.194, "PC1_pos": 0.92282645846118827, "nivvie": 22695.065065502185, "rel_education": 0.78921814532246315, "rel_sante": 0.38402713087900731, "rel_services": 0.47036668949425431, "rel_commerce": 0.36747848925342602, "rel_loisirs": 0.62859959401721466, "rel_pc1": 0.44020523552262936, "q_revenu": 2, "q_population": 2 }, "geometry": { "type": "Polygon", "coordinates": [ [ [ 4.804926808126121, 45.752076560199946 ], [ 4.804755424971083, 45.753873448273417 ], [ 4.807317577303443, 45.753999025295194 ], [ 4.807488876647514, 45.752202132437347 ], [ 4.804926808126121, 45.752076560199946 ] ] ] } },
{ "type": "Feature", "properties": { "idcar_200m": "CRS3035RES200mN2529600E3916800", "population": 413.0, "median_education": 14.6395, "median_healthcare": 15.553, "median_services": 6.3125, "median_commerce": 62.3175, "median_entertainment": 22.969, "PC1_pos": 0.97149199096731365, "nivvie": 26041.26803874092, "rel_education": 0.72021936407232245, "rel_sante": 0.32473081969016476, "rel_services": 0.49835342857208459, "rel_commerce": 0.37735788738836601, "rel_loisirs": 0.59677209535345144, "rel_pc1": 0.46341959181060965, "q_revenu": 3, "q_population": 3 }, "geometry": { "type": "Polygon", "coordinates": [ [ [ 4.807488876647514, 45.752202132437347 ], [ 4.807317577303443, 45.753999025295194 ], [ 4.809879740281901, 45.754124540476305 ], [ 4.810050955813613, 45.752327642836377 ], [ 4.807488876647514, 45.752202132437347 ] ] ] } },
{ "type": "Feature", "properties": { "idcar_200m": "CRS3035RES200mN2529600E3917000", "population": 204.5, "median_education": 17.212, "median_healthcare": 18.242, "median_services": 9.143, "median_commerce": 86.869, "median_entertainment": 28.966, "PC1_pos": 1.2815026700641901, "nivvie": 26061.186308068456, "rel_education": 0.84677862593755349, "rel_sante": 0.38087440447424842, "rel_services": 0.72181313226686261, "rel_commerce": 0.52602723664363882, "rel_loisirs": 0.75258393983229899, "rel_pc1": 0.61130040163690302, "q_revenu": 3, "q_population": 2 }, "geometry": { "type": "Polygon", "coordinates": [ [ [ 4.810050955813613, 45.752327642836377 ], [ 4.809879740281901, 45.754124540476305 ], [ 4.812441913901314, 45.754249993816295 ], [ 4.812613045619267, 45.752453091396625 ], [ 4.810050955813613, 45.752327642836377 ] ] ] } },
{ "type": "Feature", "properties": { "idcar_200m": "CRS3035RES200mN2529600E3917200", "population": 34.0, "median_education": 18.542, "median_healthcare": 21.391, "median_services": 10.457, "median_commerce": 104.192, "median_entertainment": 33.465, "PC1_pos": 1.4682033428431318, "nivvie": 41074.141176470592, "rel_education": 0.91221062526923768, "rel_sante": 0.44662232135229946, "rel_services": 0.82554959248764981, "rel_commerce": 0.63092506924649772, "rel_loisirs": 0.86947530023088748, "rel_pc1": 0.70036006489139335, "q_revenu": 5, "q_population": 1 }, "geometry": { "type": "Polygon", "coordinates": [ [ [ 4.812613045619267, 45.752453091396625 ], [ 4.812441913901314, 45.754249993816295 ], [ 4.815004098156532, 45.754375385314738 ], [ 4.815175146059329, 45.752578478117684 ], [ 4.812613045619267, 45.752453091396625 ] ] ] } },
{ "type": "Feature", "properties": { "idcar_200m": "CRS3035RES200mN2529600E3917400", "population": 255.5, "median_education": 19.566, "median_healthcare": 26.978, "median_services": 11.816, "median_commerce": 134.389, "median_entertainment": 37.669, "PC1_pos": 1.7348365824591236, "nivvie": 27469.843835616437, "rel_education": 0.96258834505543645, "rel_sante": 0.56327319832837808, "rel_services": 0.93283867120914887, "rel_commerce": 0.81378022430673758, "rel_loisirs": 0.97870207931861031, "rel_pc1": 0.82754903630324395, "q_revenu": 3, "q_population": 2 }, "geometry": { "type": "Polygon", "coordinates": [ [ [ 4.815175146059329, 45.752578478117684 ], [ 4.815004098156532, 45.754375385314738 ], [ 4.817566293042414, 45.75450071497125 ], [ 4.817737257128658, 45.752703802999108 ], [ 4.815175146059329, 45.752578478117684 ] ] ] } },
{ "type": "Feature", "properties": { "idcar_200m": "CRS3035RES200mN2529600E3917600", "population": 119.0, "median_education": 19.4485, "median_healthcare": 29.6735, "median_services": 12.0035, "median_commerce": 146.883, "median_entertainment": 38.652, "PC1_pos": 1.8340842656243939, "nivvie": 31563.828571428574, "rel_education": 0.95680769849793823, "rel_sante": 0.61955249650074606, "rel_services": 0.94764124829544827, "rel_commerce": 0.88943649172809169, "rel_loisirs": 1.0042420231443077, "rel_pc1": 0.87489201107630687, "q_revenu": 4, "q_population": 2 }, "geometry": { "type": "Polygon", "coordinates": [ [ [ 4.817737257128658, 45.752703802999108 ], [ 4.817566293042414, 45.75450071497125 ], [ 4.820128498553805, 45.754625982785427 ], [ 4.820299378822107, 45.752829066040526 ], [ 4.817737257128658, 45.752703802999108 ] ] ] } },
{ "type": "Feature", "properties": { "idcar_200m": "CRS3035RES200mN2529600E3917800", "population": 193.5, "median_education": 21.549, "median_healthcare": 36.96, "median_services": 13.258, "median_commerce": 174.084, "median_entertainment": 41.167, "PC1_pos": 2.0366423122927393, "nivvie": 30837.993281653748, "rel_education": 1.0601459801492179, "rel_sante": 0.77168720476747177, "rel_services": 1.0466803573875165, "rel_commerce": 1.0541496444516596, "rel_loisirs": 1.0695858265233809, "rel_pc1": 0.97151593405021985, "q_revenu": 4, "q_population": 2 }, "geometry": { "type": "Polygon", "coordinates": [ [ [ 4.820299378822107, 45.752829066040526 ], [ 4.820128498553805, 45.754625982785427 ], [ 4.822690714685566, 45.754751188756828 ], [ 4.822861511134528, 45.752954267241485 ], [ 4.820299378822107, 45.752829066040526 ] ] ] } },
{ "type": "Feature", "properties": { "idcar_200m": "CRS3035RES200mN2529600E3918000", "population": 228.0, "median_education": 24.159, "median_healthcare": 49.902, "median_services": 18.394, "median_commerce": 252.6015, "median_entertainment": 53.1775, "PC1_pos": 3.0831738073252537, "nivvie": 28783.357456140351, "rel_education": 1.1885501292136507, "rel_sante": 1.0419030003329648, "rel_services": 1.4521525489354334, "rel_commerce": 1.5296051412706273, "rel_loisirs": 1.3816382124018529, "rel_pc1": 1.4707307528589859, "q_revenu": 4, "q_population": 2 }, "geometry": { "type": "Polygon", "coordinates": [ [ [ 4.822861511134528, 45.752954267241485 ], [ 4.822690714685566, 45.754751188756828 ], [ 4.825252941432544, 45.754876332885047 ], [ 4.825423654060777, 45.753079406601636 ], [ 4.822861511134528, 45.752954267241485 ] ] ] } },
{ "type": "Feature", "properties": { "idcar_200m": "CRS3035RES200mN2529600E3918200", "population": 793.5, "median_education": 30.699, "median_healthcare": 70.733, "median_services": 24.691, "median_commerce": 382.024, "median_entertainment": 65.51, "PC1_pos": 3.9956579223330637, "nivvie": 35167.377945809705, "rel_education": 1.5102984567544129, "rel_sante": 1.4768330913099996, "rel_services": 1.9492822978017177, "rel_commerce": 2.3133111817972982, "rel_loisirs": 1.7020566836433717, "rel_pc1": 1.9060024998648881, "q_revenu": 5, "q_population": 4 }, "geometry": { "type": "Polygon", "coordinates": [ [ [ 4.825423654060777, 45.753079406601636 ], [ 4.825252941432544, 45.754876332885047 ], [ 4.827815178789599, 45.755001415169652 ], [ 4.827985807595709, 45.753204484120488 ], [ 4.825423654060777, 45.753079406601636 ] ] ] } },
{ "type": "Feature", "properties": { "idcar_200m": "CRS3035RES200mN2529600E3918400", "population": 1036.5, "median_education": 34.016, "median_healthcare": 81.341, "median_services": 29.5685, "median_commerce": 450.2125, "median_entertainment": 74.89, "PC1_pos": 4.6443750876985206, "nivvie": 31630.551567776169, "rel_education": 1.6734848791477934, "rel_sante": 1.6983173409900141, "rel_services": 2.3343466697399897, "rel_commerce": 2.7262203694922729, "rel_loisirs": 1.9457643876973301, "rel_pc1": 2.215452548624282, "q_revenu": 4, "q_population": 5 }, "geometry": { "type": "Polygon", "coordinates": [ [ [ 4.827985807595709, 45.753204484120488 ], [ 4.827815178789599, 45.755001415169652 ], [ 4.830377426751574, 45.7551264356103 ], [ 4.83054797173417, 45.753329499797687 ], [ 4.827985807595709, 45.753204484120488 ] ] ] } },
{ "type": "Feature", "properties": { "idcar_200m": "CRS3035RES200mN2529600E3918600", "population": 749.0, "median_education": 36.5035, "median_healthcare": 89.561, "median_services": 33.424, "median_commerce": 490.5995, "median_entertainment": 83.7665, "PC1_pos": 5.152615180103413, "nivvie": 34106.646061415217, "rel_education": 1.7958623966948342, "rel_sante": 1.8699425797126501, "rel_services": 2.6387271281732048, "rel_commerce": 2.970780131965959, "rel_loisirs": 2.1763903402596934, "rel_pc1": 2.4578924435013838, "q_revenu": 5, "q_population": 4 }, "geometry": { "type": "Polygon", "coordinates": [ [ [ 4.83054797173417, 45.753329499797687 ], [ 4.830377426751574, 45.7551264356103 ], [ 4.832939685313333, 45.755251394206525 ], [ 4.833110146471021, 45.753454453632827 ], [ 4.83054797173417, 45.753329499797687 ] ] ] } },
{ "type": "Feature", "properties": { "idcar_200m": "CRS3035RES200mN2529600E3918800", "population": 167.0, "median_education": 34.793, "median_healthcare": 89.921, "median_services": 33.7245, "median_commerce": 477.075, "median_entertainment": 83.173, "PC1_pos": 5.0522341137787121, "nivvie": 38629.285029940118, "rel_education": 1.711710941915251, "rel_sante": 1.87745901352532, "rel_services": 2.662450725050181, "rel_commerce": 2.8888837666113805, "rel_loisirs": 2.1609702419274943, "rel_pc1": 2.4100088240642452, "q_revenu": 5, "q_population": 2 }, "geometry": { "type": "Polygon", "coordinates": [ [ [ 4.833110146471021, 45.753454453632827 ], [ 4.832939685313333, 45.755251394206525 ], [ 4.835501954469719, 45.755376290957933 ], [ 4.835672331801111, 45.753579345625447 ], [ 4.833110146471021, 45.753454453632827 ] ] ] } },
{ "type": "Feature", "properties": { "idcar_200m": "CRS3035RES200mN2529600E3919200", "population": 548.0, "median_education": 36.9535, "median_healthcare": 111.5465, "median_services": 39.7445, "median_commerce": 552.3035, "median_entertainment": 88.3225, "PC1_pos": 5.8425492105745418, "nivvie": 26949.037226277374, "rel_education": 1.8180010430852538, "rel_sante": 2.3289774563472618, "rel_services": 3.1377121333676383, "rel_commerce": 3.3444230265527399, "rel_loisirs": 2.29476265365733, "rel_pc1": 2.7870036968621297, "q_revenu": 3, "q_population": 4 }, "geometry": { "type": "Polygon", "coordinates": [ [ [ 4.838234527719293, 45.753704175775162 ], [ 4.838064234215589, 45.755501125864122 ], [ 4.840626524545794, 45.755625898924642 ], [ 4.840796734220423, 45.753828944081611 ], [ 4.838234527719293, 45.753704175775162 ] ] ] } },
{ "type": "Feature", "properties": { "idcar_200m": "CRS3035RES200mN2529600E3919400", "population": 1141.0, "median_education": 40.207, "median_healthcare": 129.629, "median_services": 46.307, "median_commerce": 633.306, "median_entertainment": 94.163, "PC1_pos": 6.6944823724780971, "nivvie": 24555.661612620508, "rel_education": 1.978063456487986, "rel_sante": 2.7065216630628406, "rel_services": 3.6558023313881227, "rel_commerce": 3.8349262122257235, "rel_loisirs": 2.4465083727966843, "rel_pc1": 3.193391522814419, "q_revenu": 2, "q_population": 5 }, "geometry": { "type": "Polygon", "coordinates": [ [ [ 4.840796734220423, 45.753828944081611 ], [ 4.840626524545794, 45.755625898924642 ], [ 4.843188825455188, 45.755750610139124 ], [ 4.843358951299352, 45.753953650544261 ], [ 4.840796734220423, 45.753828944081611 ] ] ] } },
{ "type": "Feature", "properties": { "idcar_200m": "CRS3035RES200mN2529600E3919600", "population": 1188.0, "median_education": 40.656, "median_healthcare": 136.4315, "median_services": 47.3725, "median_commerce": 640.598, "median_entertainment": 89.821, "PC1_pos": 6.7742220386286274, "nivvie": 26081.750252525253, "rel_education": 2.0001529058864267, "rel_sante": 2.848550943648088, "rel_services": 3.7399204427772008, "rel_commerce": 3.8790822472854729, "rel_loisirs": 2.3336961285533699, "rel_pc1": 3.2314288137876561, "q_revenu": 3, "q_population": 5 }, "geometry": { "type": "Polygon", "coordinates": [ [ [ 4.843358951299352, 45.753953650544261 ], [ 4.843188825455188, 45.755750610139124 ], [ 4.845751136938616, 45.755875259507114 ], [ 4.845921178950928, 45.754078295162813 ], [ 4.843358951299352, 45.753953650544261 ] ] ] } },
{ "type": "Feature", "properties": { "idcar_200m": "CRS3035RES200mN2529600E3919800", "population": 1058.0, "median_education": 42.408, "median_healthcare": 140.69, "median_services": 46.39, "median_commerce": 636.342, "median_entertainment": 86.479, "PC1_pos": 6.6995660870274971, "nivvie": 30589.34404536862, "rel_education": 2.0863460358331265, "rel_sante": 2.937464091957132, "rel_services": 3.6623549388449912, "rel_commerce": 3.8533104308819763, "rel_loisirs": 2.2468655158723116, "rel_pc1": 3.1958165483867029, "q_revenu": 4, "q_population": 5 }, "geometry": { "type": "Polygon", "coordinates": [ [ [ 4.845921178950928, 45.754078295162813 ], [ 4.845751136938616, 45.755875259507114 ], [ 4.848313458990938, 45.755999847028257 ], [ 4.84848341717001, 45.754202877936805 ], [ 4.845921178950928, 45.754078295162813 ] ] ] } },
{ "type": "Feature", "properties": { "idcar_200m": "CRS3035RES200mN2529600E3920000", "population": 579.0, "median_education": 41.29, "median_healthcare": 132.1, "median_services": 40.935, "median_commerce": 541.709, "median_entertainment": 77.974, "PC1_pos": 6.0179459774365363, "nivvie": 25449.943523316062, "rel_education": 2.0313437988009286, "rel_sante": 2.7581136295936965, "rel_services": 3.2316986294809165, "rel_commerce": 3.2802690066075231, "rel_loisirs": 2.0258917394353269, "rel_pc1": 2.8706711885757294, "q_revenu": 2, "q_population": 4 }, "geometry": { "type": "Polygon", "coordinates": [ [ [ 4.84848341717001, 45.754202877936805 ], [ 4.848313458990938, 45.755999847028257 ], [ 4.850875791606998, 45.756124372702082 ], [ 4.851045665951447, 45.75432739886584 ], [ 4.84848341717001, 45.754202877936805 ] ] ] } },
{ "type": "Feature", "properties": { "idcar_200m": "CRS3035RES200mN2529600E3920200", "population": 1102.5, "median_education": 39.904, "median_healthcare": 122.8625, "median_services": 35.5355, "median_commerce": 472.0925, "median_entertainment": 70.172, "PC1_pos": 5.3601490753269161, "nivvie": 21934.141224489795, "rel_education": 1.963156767918437, "rel_sante": 2.5652440258588611, "rel_services": 2.8054238829343863, "rel_commerce": 2.8587126963034808, "rel_loisirs": 1.8231830499866077, "rel_pc1": 2.5568899379795211, "q_revenu": 1, "q_population": 5 }, "geometry": { "type": "Polygon", "coordinates": [ [ [ 4.851045665951447, 45.75432739886584 ], [ 4.850875791606998, 45.756124372702082 ], [ 4.853438134781651, 45.756248836528236 ], [ 4.853607925290089, 45.754451857949512 ], [ 4.851045665951447, 45.75432739886584 ] ] ] } },
{ "type": "Feature", "properties": { "idcar_200m": "CRS3035RES200mN2529600E3920400", "population": 1036.0, "median_education": 37.7, "median_healthcare": 109.959, "median_services": 30.9395, "median_commerce": 386.842, "median_entertainment": 62.909, "PC1_pos": 4.6718583895496302, "nivvie": 27536.25144787645, "rel_education": 1.8547265975973606, "rel_sante": 2.2958320711316675, "rel_services": 2.4425831133950116, "rel_commerce": 2.3424861374909178, "rel_loisirs": 1.6344784599499445, "rel_pc1": 2.2285625903373045, "q_revenu": 3, "q_population": 5 }, "geometry": { "type": "Polygon", "coordinates": [ [ [ 4.853607925290089, 45.754451857949512 ], [ 4.853438134781651, 45.756248836528236 ], [ 4.85600048850975, 45.756373238506278 ], [ 4.856170195180788, 45.754576255187409 ], [ 4.853607925290089, 45.754451857949512 ] ] ] } },
{ "type": "Feature", "properties": { "idcar_200m": "CRS3035RES200mN2529600E3920600", "population": 1250.5, "median_education": 36.813, "median_healthcare": 102.0, "median_services": 28.061, "median_commerce": 332.817, "median_entertainment": 57.706, "PC1_pos": 4.2096315855611639, "nivvie": 25192.28180727709, "rel_education": 1.811088865712245, "rel_sante": 2.1296562469232176, "rel_services": 2.2153339499661411, "rel_commerce": 2.0153427208558399, "rel_loisirs": 1.4992960309315282, "rel_pc1": 2.0080718824160031, "q_revenu": 2, "q_population": 5 }, "geometry": { "type": "Polygon", "coordinates": [ [ [ 4.856170195180788, 45.754576255187409 ], [ 4.85600048850975, 45.756373238506278 ], [ 4.858562852786139, 45.756497578635802 ], [ 4.8587324756184, 45.754700590579112 ], [ 4.856170195180788, 45.754576255187409 ] ] ] } },
{ "type": "Feature", "properties": { "idcar_200m": "CRS3035RES200mN2529600E3920800", "population": 32.0, "median_education": 36.495, "median_healthcare": 94.095, "median_services": 26.102, "median_commerce": 294.458, "median_entertainment": 54.088, "PC1_pos": 3.8361911429277731, "nivvie": 27076.19375, "rel_education": 1.7954442222630149, "rel_sante": 1.9646078877866682, "rel_services": 2.0606766245684836, "rel_commerce": 1.7830633257849478, "rel_loisirs": 1.4052944879392868, "rel_pc1": 1.8299339058811435, "q_revenu": 3, "q_population": 1 }, "geometry": { "type": "Polygon", "coordinates": [ [ [ 4.8587324756184, 45.754700590579112 ], [ 4.858562852786139, 45.756497578635802 ], [ 4.861125227605678, 45.756621856916404 ], [ 4.861294766597771, 45.754824864124224 ], [ 4.8587324756184, 45.754700590579112 ] ] ] } },
{ "type": "Feature", "properties": { "idcar_200m": "CRS3035RES200mN2529600E3921000", "population": 394.5, "median_education": 37.154, "median_healthcare": 77.803, "median_services": 21.708, "median_commerce": 223.084, "median_entertainment": 46.572, "PC1_pos": 3.2317583059779103, "nivvie": 23557.460329531052, "rel_education": 1.8278650399769851, "rel_sante": 1.6244474997977165, "rel_services": 1.7137831647434159, "rel_commerce": 1.3508646359392824, "rel_loisirs": 1.210016545117373, "rel_pc1": 1.5416082982790336, "q_revenu": 2, "q_population": 3 }, "geometry": { "type": "Polygon", "coordinates": [ [ [ 4.861294766597771, 45.754824864124224 ], [ 4.861125227605678, 45.756621856916404 ], [ 4.863687612963206, 45.756746073347671 ], [ 4.863857068113751, 45.754949075822331 ], [ 4.861294766597771, 45.754824864124224 ] ] ] } },
{ "type": "Feature", "properties": { "idcar_200m": "CRS3035RES200mN2529600E3921200", "population": 1177.0, "median_education": 37.712, "median_healthcare": 71.592, "median_services": 18.926, "median_commerce": 197.0465, "median_entertainment": 43.187, "PC1_pos": 2.9055652664143126, "nivvie": 27817.285811384874, "rel_education": 1.8553169615011051, "rel_sante": 1.4947681375463431, "rel_services": 1.4941523943216277, "rel_commerce": 1.1931969504115481, "rel_loisirs": 1.1220687222791372, "rel_pc1": 1.3860082041439183, "q_revenu": 3, "q_population": 5 }, "geometry": { "type": "Polygon", "coordinates": [ [ [ 4.863857068113751, 45.754949075822331 ], [ 4.863687612963206, 45.756746073347671 ], [ 4.866250008853584, 45.756870227929205 ], [ 4.866419380161198, 45.755073225673037 ], [ 4.863857068113751, 45.754949075822331 ] ] ] } },
{ "type": "Feature", "properties": { "idcar_200m": "CRS3035RES200mN2529600E3921400", "population": 865.5, "median_education": 39.217, "median_healthcare": 67.423, "median_services": 16.193, "median_commerce": 171.027, "median_entertainment": 40.31, "PC1_pos": 2.7010599471100094, "nivvie": 26279.035470826111, "rel_education": 1.9293584344290631, "rel_sante": 1.4077236581990598, "rel_services": 1.2783900307117255, "rel_commerce": 1.0356382622276257, "rel_loisirs": 1.0473195682745278, "rel_pc1": 1.2884553962193419, "q_revenu": 3, "q_population": 5 }, "geometry": { "type": "Polygon", "coordinates": [ [ [ 4.866419380161198, 45.755073225673037 ], [ 4.866250008853584, 45.756870227929205 ], [ 4.868812415271652, 45.756994320660581 ], [ 4.868981702734958, 45.755197313675936 ], [ 4.866419380161198, 45.755073225673037 ] ] ] } },
{ "type": "Feature", "properties": { "idcar_200m": "CRS3035RES200mN2529600E3921600", "population": 837.5, "median_education": 36.4815, "median_healthcare": 58.5505, "median_services": 12.1325, "median_commerce": 134.2335, "median_entertainment": 34.787, "PC1_pos": 2.2815125855358032, "nivvie": 25778.488238805967, "rel_education": 1.7947800628713024, "rel_sante": 1.2224748831909593, "rel_services": 0.95782542133082249, "rel_commerce": 0.8128386083643635, "rel_loisirs": 0.9038230171561894, "rel_pc1": 1.0883235692422131, "q_revenu": 2, "q_population": 5 }, "geometry": { "type": "Polygon", "coordinates": [ [ [ 4.868981702734958, 45.755197313675936 ], [ 4.868812415271652, 45.756994320660581 ], [ 4.871374832212271, 45.757118351541372 ], [ 4.871544035829881, 45.755321339830537 ], [ 4.868981702734958, 45.755197313675936 ] ] ] } },
{ "type": "Feature", "properties": { "idcar_200m": "CRS3035RES200mN2529600E3921800", "population": 969.0, "median_education": 32.698, "median_healthcare": 54.3885, "median_services": 10.2585, "median_commerce": 119.95, "median_entertainment": 31.5835, "PC1_pos": 2.0023117227007807, "nivvie": 25732.691228070176, "rel_education": 1.6086432437198539, "rel_sante": 1.1355765567233669, "rel_services": 0.80987859754562053, "rel_commerce": 0.72634618834572151, "rel_loisirs": 0.8205908604465032, "rel_pc1": 0.95513960983628376, "q_revenu": 2, "q_population": 5 }, "geometry": { "type": "Polygon", "coordinates": [ [ [ 4.871544035829881, 45.755321339830537 ], [ 4.871374832212271, 45.757118351541372 ], [ 4.873937259670283, 45.757242320571237 ], [ 4.874106379440819, 45.755445304136551 ], [ 4.871544035829881, 45.755321339830537 ] ] ] } },
{ "type": "Feature", "properties": { "idcar_200m": "CRS3035RES200mN2529600E3922000", "population": 450.5, "median_education": 27.443, "median_healthcare": 49.884, "median_services": 8.327, "median_commerce": 103.743, "median_entertainment": 27.675, "PC1_pos": 1.7122353373651902, "nivvie": 24011.363596004441, "rel_education": 1.3501130508717338, "rel_sante": 1.0415271786423312, "rel_services": 0.65739231678728693, "rel_commerce": 0.62820619105919284, "rel_loisirs": 0.71904165348542681, "rel_pc1": 0.81676782567749973, "q_revenu": 2, "q_population": 3 }, "geometry": { "type": "Polygon", "coordinates": [ [ [ 4.874106379440819, 45.755445304136551 ], [ 4.873937259670283, 45.757242320571237 ], [ 4.876499697640539, 45.757366227749685 ], [ 4.876668733562623, 45.755569206593506 ], [ 4.874106379440819, 45.755445304136551 ] ] ] } },
{ "type": "Feature", "properties": { "idcar_200m": "CRS3035RES200mN2529800E3914000", "population": 359.0, "median_education": 3.615, "median_healthcare": 3.804, "median_services": 0.338, "median_commerce": 5.489, "median_entertainment": 4.477, "PC1_pos": 0.08414885361422364, "nivvie": 25347.871587743735, "rel_education": 0.17784712600303604, "rel_sante": 0.079423650620548236, "rel_services": 0.026684112294235979, "rel_commerce": 0.033238134454603295, "rel_loisirs": 0.11631976450421883, "rel_pc1": 0.040140554688881953, "q_revenu": 2, "q_population": 3 }, "geometry": { "type": "Polygon", "coordinates": [ [ [ 4.771448415786504, 45.752235319674831 ], [ 4.771275928438119, 45.75403214287963 ], [ 4.773838025702839, 45.754158528607881 ], [ 4.774010429251375, 45.752361700588054 ], [ 4.771448415786504, 45.752235319674831 ] ] ] } },
{ "type": "Feature", "properties": { "idcar_200m": "CRS3035RES200mN2529800E3914200", "population": 303.0, "median_education": 4.5905, "median_healthcare": 5.224, "median_services": 0.475, "median_commerce": 7.714, "median_entertainment": 5.994, "PC1_pos": 0.13299934920126377, "nivvie": 23642.299669966997, "rel_education": 0.22583879167826748, "rel_sante": 0.10907180621496951, "rel_services": 0.037499861951958841, "rel_commerce": 0.046711417231337191, "rel_loisirs": 0.15573389958416073, "rel_pc1": 0.063443141776760276, "q_revenu": 2, "q_population": 3 }, "geometry": { "type": "Polygon", "coordinates": [ [ [ 4.774010429251375, 45.752361700588054 ], [ 4.773838025702839, 45.754158528607881 ], [ 4.77640013368194, 45.754284852498529 ], [ 4.776572453429225, 45.75248801966594 ], [ 4.774010429251375, 45.752361700588054 ] ] ] } },
{ "type": "Feature", "properties": { "idcar_200m": "CRS3035RES200mN2529800E3914400", "population": 1066.0, "median_education": 5.8925, "median_healthcare": 6.34, "median_services": 0.6155, "median_commerce": 10.006, "median_entertainment": 7.773, "PC1_pos": 0.18745250423492488, "nivvie": 24482.288742964352, "rel_education": 0.28989327523454766, "rel_sante": 0.13237275103424706, "rel_services": 0.048591926381959298, "rel_commerce": 0.060590412343370481, "rel_loisirs": 0.20195522213341363, "rel_pc1": 0.089418300721069169, "q_revenu": 2, "q_population": 5 }, "geometry": { "type": "Polygon", "coordinates": [ [ [ 4.776572453429225, 45.75248801966594 ], [ 4.77640013368194, 45.754284852498529 ], [ 4.778962252370285, 45.754411114551118 ], [ 4.779134488314912, 45.752614276908098 ], [ 4.776572453429225, 45.75248801966594 ] ] ] } },
{ "type": "Feature", "properties": { "idcar_200m": "CRS3035RES200mN2529800E3914600", "population": 546.0, "median_education": 7.782, "median_healthcare": 8.0335, "median_services": 0.8415, "median_commerce": 13.333, "median_entertainment": 10.341, "PC1_pos": 0.28768654936462612, "nivvie": 24647.63186813187, "rel_education": 0.38285099157831987, "rel_sante": 0.16773130842801637, "rel_services": 0.066433965963312344, "rel_commerce": 0.080736754724581097, "rel_loisirs": 0.26867605198528627, "rel_pc1": 0.13723178833745367, "q_revenu": 2, "q_population": 4 }, "geometry": { "type": "Polygon", "coordinates": [ [ [ 4.779134488314912, 45.752614276908098 ], [ 4.778962252370285, 45.754411114551118 ], [ 4.781524381762726, 45.754537314765209 ], [ 4.781696533903293, 45.752740472314116 ], [ 4.779134488314912, 45.752614276908098 ] ] ] } },
{ "type": "Feature", "properties": { "idcar_200m": "CRS3035RES200mN2529800E3914800", "population": 228.0, "median_education": 11.111, "median_healthcare": 10.226, "median_services": 1.127, "median_commerce": 18.842, "median_entertainment": 14.707, "PC1_pos": 0.42232762010288782, "nivvie": 26788.485087719295, "rel_education": 0.54662777787544492, "rel_sante": 0.21350847824545907, "rel_services": 0.088973356673384449, "rel_commerce": 0.11409599733897527, "rel_loisirs": 0.38211185538609477, "rel_pc1": 0.20145806155700097, "q_revenu": 3, "q_population": 2 }, "geometry": { "type": "Polygon", "coordinates": [ [ [ 4.781696533903293, 45.752740472314116 ], [ 4.781524381762726, 45.754537314765209 ], [ 4.784086521854126, 45.754663453140445 ], [ 4.784258590189224, 45.752866605883568 ], [ 4.781696533903293, 45.752740472314116 ] ] ] } },
{ "type": "Feature", "properties": { "idcar_200m": "CRS3035RES200mN2529800E3915000", "population": 239.0, "median_education": 11.197, "median_healthcare": 12.829, "median_services": 1.31, "median_commerce": 23.643, "median_entertainment": 15.292, "PC1_pos": 0.44725176400783928, "nivvie": 31126.395815899581, "rel_education": 0.55085871918561391, "rel_sante": 0.26785647050762706, "rel_services": 0.10342067190961281, "rel_commerce": 0.14316801109677277, "rel_loisirs": 0.39731110985001433, "rel_pc1": 0.21334733774461095, "q_revenu": 4, "q_population": 2 }, "geometry": { "type": "Polygon", "coordinates": [ [ [ 4.784258590189224, 45.752866605883568 ], [ 4.784086521854126, 45.754663453140445 ], [ 4.786648672639329, 45.754789529676358 ], [ 4.786820657167556, 45.752992677616064 ], [ 4.784258590189224, 45.752866605883568 ] ] ] } },
{ "type": "Feature", "properties": { "idcar_200m": "CRS3035RES200mN2529800E3915200", "population": 363.0, "median_education": 14.117, "median_healthcare": 15.948, "median_services": 1.748, "median_commerce": 31.609, "median_entertainment": 18.087, "PC1_pos": 0.61717034087921552, "nivvie": 33257.494490358127, "rel_education": 0.69451393576344667, "rel_sante": 0.332978017901289, "rel_services": 0.13799949198320854, "rel_commerce": 0.19140539114147487, "rel_loisirs": 0.46992977006651904, "rel_pc1": 0.29440163182722912, "q_revenu": 5, "q_population": 3 }, "geometry": { "type": "Polygon", "coordinates": [ [ [ 4.786820657167556, 45.752992677616064 ], [ 4.786648672639329, 45.754789529676358 ], [ 4.789210834113198, 45.754915544372565 ], [ 4.789382734833152, 45.753118687511154 ], [ 4.786820657167556, 45.752992677616064 ] ] ] } },
{ "type": "Feature", "properties": { "idcar_200m": "CRS3035RES200mN2529800E3915400", "population": 546.5, "median_education": 13.582, "median_healthcare": 15.1985, "median_services": 1.746, "median_commerce": 33.6265, "median_entertainment": 17.4555, "PC1_pos": 0.61887361016142961, "nivvie": 35730.673559011899, "rel_education": 0.66819354505483686, "rel_sante": 0.3173292202829659, "rel_services": 0.13784159782762134, "rel_commerce": 0.20362217676037853, "rel_loisirs": 0.45352236973495458, "rel_pc1": 0.29521412267928576, "q_revenu": 5, "q_population": 4 }, "geometry": { "type": "Polygon", "coordinates": [ [ [ 4.789382734833152, 45.753118687511154 ], [ 4.789210834113198, 45.754915544372565 ], [ 4.79177300627058, 45.755041497228675 ], [ 4.791944823180863, 45.753244635568457 ], [ 4.789382734833152, 45.753118687511154 ] ] ] } },
{ "type": "Feature", "properties": { "idcar_200m": "CRS3035RES200mN2529800E3915600", "population": 318.0, "median_education": 14.872, "median_healthcare": 18.339, "median_services": 2.3575, "median_commerce": 45.52, "median_entertainment": 19.65, "PC1_pos": 0.74794111168609456, "nivvie": 33590.018238993711, "rel_education": 0.73165766470737248, "rel_sante": 0.38289966580710671, "rel_services": 0.18611773589840624, "rel_commerce": 0.27564217168401201, "rel_loisirs": 0.51053906019832462, "rel_pc1": 0.35678170061991327, "q_revenu": 5, "q_population": 3 }, "geometry": { "type": "Polygon", "coordinates": [ [ [ 4.791944823180863, 45.753244635568457 ], [ 4.79177300627058, 45.755041497228675 ], [ 4.79433518910634, 45.755167388244196 ], [ 4.794506922205546, 45.753370521787545 ], [ 4.791944823180863, 45.753244635568457 ] ] ] } },
{ "type": "Feature", "properties": { "idcar_200m": "CRS3035RES200mN2529800E3915800", "population": 282.5, "median_education": 16.321, "median_healthcare": 22.517, "median_services": 3.316, "median_commerce": 65.624, "median_entertainment": 22.8765, "PC1_pos": 0.94121053933801191, "nivvie": 36596.100530973454, "rel_education": 0.80294410608452316, "rel_sante": 0.47013205599970675, "rel_services": 0.2617885099635695, "rel_commerce": 0.39738009390579093, "rel_loisirs": 0.59436879443394275, "rel_pc1": 0.44897478106182409, "q_revenu": 5, "q_population": 3 }, "geometry": { "type": "Polygon", "coordinates": [ [ [ 4.794506922205546, 45.753370521787545 ], [ 4.79433518910634, 45.755167388244196 ], [ 4.796897382615324, 45.755293217418767 ], [ 4.797069031902052, 45.753496346167992 ], [ 4.794506922205546, 45.753370521787545 ] ] ] } },
{ "type": "Feature", "properties": { "idcar_200m": "CRS3035RES200mN2529800E3916000", "population": 450.5, "median_education": 15.907, "median_healthcare": 20.88, "median_services": 3.635, "median_commerce": 63.117, "median_entertainment": 22.452, "PC1_pos": 0.92952280648520547, "nivvie": 31206.69678135405, "rel_education": 0.78257655140533722, "rel_sante": 0.43595316113487043, "rel_services": 0.2869726277797271, "rel_commerce": 0.38219918607600584, "rel_loisirs": 0.58333959183576523, "rel_pc1": 0.4433995169956263, "q_revenu": 4, "q_population": 3 }, "geometry": { "type": "Polygon", "coordinates": [ [ [ 4.797069031902052, 45.753496346167992 ], [ 4.796897382615324, 45.755293217418767 ], [ 4.79945958679239, 45.755418984751962 ], [ 4.799631152265242, 45.753622108709415 ], [ 4.797069031902052, 45.753496346167992 ] ] ] } },
{ "type": "Feature", "properties": { "idcar_200m": "CRS3035RES200mN2529800E3916200", "population": 369.0, "median_education": 15.7545, "median_healthcare": 18.8295, "median_services": 4.272, "median_commerce": 60.9645, "median_entertainment": 23.304, "PC1_pos": 0.91282832872699671, "nivvie": 26406.866666666669, "rel_education": 0.77507401012858401, "rel_sante": 0.39314080687686986, "rel_services": 0.33726191633424879, "rel_commerce": 0.36916492037851384, "rel_loisirs": 0.60547594192680709, "rel_pc1": 0.43543594329647811, "q_revenu": 3, "q_population": 3 }, "geometry": { "type": "Polygon", "coordinates": [ [ [ 4.799631152265242, 45.753622108709415 ], [ 4.79945958679239, 45.755418984751962 ], [ 4.802021801632391, 45.755544690243383 ], [ 4.802193283289968, 45.753747809411351 ], [ 4.799631152265242, 45.753622108709415 ] ] ] } },
{ "type": "Feature", "properties": { "idcar_200m": "CRS3035RES200mN2529800E3916400", "population": 481.5, "median_education": 16.5645, "median_healthcare": 18.0735, "median_services": 5.32, "median_commerce": 68.9485, "median_entertainment": 25.5945, "PC1_pos": 1.0004538065548076, "nivvie": 30837.454205607475, "rel_education": 0.81492357363133905, "rel_sante": 0.37735629587026248, "rel_services": 0.41999845386193907, "rel_commerce": 0.41751129776702772, "rel_loisirs": 0.6649868690201538, "rel_pc1": 0.47723491183634337, "q_revenu": 4, "q_population": 4 }, "geometry": { "type": "Polygon", "coordinates": [ [ [ 4.802193283289968, 45.753747809411351 ], [ 4.802021801632391, 45.755544690243383 ], [ 4.804584027130182, 45.755670333892624 ], [ 4.804755424971083, 45.753873448273417 ], [ 4.802193283289968, 45.753747809411351 ] ] ] } },
{ "type": "Feature", "properties": { "idcar_200m": "CRS3035RES200mN2529800E3916600", "population": 386.0, "median_education": 17.9835, "median_healthcare": 19.867, "median_services": 6.965, "median_commerce": 72.874, "median_entertainment": 27.842, "PC1_pos": 1.1746559527484288, "nivvie": 26452.08756476684, "rel_education": 0.8847341052491281, "rel_sante": 0.41480275154532903, "rel_services": 0.54986639683240701, "rel_commerce": 0.44128180182998, "rel_loisirs": 0.72338058595632349, "rel_pc1": 0.56033254746502059, "q_revenu": 3, "q_population": 3 }, "geometry": { "type": "Polygon", "coordinates": [ [ [ 4.804755424971083, 45.753873448273417 ], [ 4.804584027130182, 45.755670333892624 ], [ 4.807146263280615, 45.75579591569921 ], [ 4.807317577303443, 45.753999025295194 ], [ 4.804755424971083, 45.753873448273417 ] ] ] } },
{ "type": "Feature", "properties": { "idcar_200m": "CRS3035RES200mN2529800E3916800", "population": 78.0, "median_education": 20.0, "median_healthcare": 21.455, "median_services": 9.212, "median_commerce": 89.511, "median_entertainment": 32.245, "PC1_pos": 1.3855405144120256, "nivvie": 31822.889743589742, "rel_education": 0.98393983957419651, "rel_sante": 0.44795857625232971, "rel_services": 0.72726048063462068, "rel_commerce": 0.54202562455201231, "rel_loisirs": 0.83777770972493526, "rel_pc1": 0.66092837161380813, "q_revenu": 4, "q_population": 1 }, "geometry": { "type": "Polygon", "coordinates": [ [ [ 4.807317577303443, 45.753999025295194 ], [ 4.807146263280615, 45.75579591569921 ], [ 4.809708510078543, 45.755921435662792 ], [ 4.809879740281901, 45.754124540476305 ], [ 4.807317577303443, 45.753999025295194 ] ] ] } },
{ "type": "Feature", "properties": { "idcar_200m": "CRS3035RES200mN2529800E3917000", "population": 89.5, "median_education": 21.751, "median_healthcare": 24.7265, "median_services": 11.671, "median_commerce": 117.9035, "median_entertainment": 38.743, "PC1_pos": 1.6932978191386558, "nivvie": 33680.263687150837, "rel_education": 1.0700837725289174, "rel_sante": 0.51626416852497004, "rel_services": 0.92139134492907715, "rel_commerce": 0.71395379589512109, "rel_loisirs": 1.0066063516164729, "rel_pc1": 0.80773428031835759, "q_revenu": 5, "q_population": 1 }, "geometry": { "type": "Polygon", "coordinates": [ [ [ 4.809879740281901, 45.754124540476305 ], [ 4.809708510078543, 45.755921435662792 ], [ 4.812270767518824, 45.756046893782937 ], [ 4.812441913901314, 45.754249993816295 ], [ 4.809879740281901, 45.754124540476305 ] ] ] } },
{ "type": "Feature", "properties": { "idcar_200m": "CRS3035RES200mN2529800E3917200", "population": 207.5, "median_education": 22.009, "median_healthcare": 26.687, "median_services": 13.266, "median_commerce": 136.739, "median_entertainment": 42.388, "PC1_pos": 1.9108236220366155, "nivvie": 25554.586987951807, "rel_education": 1.0827765964594245, "rel_sante": 0.55719741432980296, "rel_services": 1.0473119340098653, "rel_commerce": 0.82801043308216438, "rel_loisirs": 1.1013093986608953, "rel_pc1": 0.91149809898543221, "q_revenu": 2, "q_population": 2 }, "geometry": { "type": "Polygon", "coordinates": [ [ [ 4.812441913901314, 45.754249993816295 ], [ 4.812270767518824, 45.756046893782937 ], [ 4.814833035596305, 45.756172290059219 ], [ 4.815004098156532, 45.754375385314738 ], [ 4.812441913901314, 45.754249993816295 ] ] ] } },
{ "type": "Feature", "properties": { "idcar_200m": "CRS3035RES200mN2529800E3917400", "population": 368.5, "median_education": 22.415, "median_healthcare": 30.813, "median_services": 15.113, "median_commerce": 165.05, "median_entertainment": 47.819, "PC1_pos": 2.1691362550418587, "nivvie": 27906.712890094979, "rel_education": 1.1027505752027806, "rel_sante": 0.64334409741612841, "rel_services": 1.19312718669464, "rel_commerce": 0.9994450886741254, "rel_loisirs": 1.2424156396755059, "rel_pc1": 1.0347179876307533, "q_revenu": 3, "q_population": 3 }, "geometry": { "type": "Polygon", "coordinates": [ [ [ 4.815004098156532, 45.754375385314738 ], [ 4.814833035596305, 45.756172290059219 ], [ 4.817395314305841, 45.756297624491239 ], [ 4.817566293042414, 45.75450071497125 ], [ 4.815004098156532, 45.754375385314738 ] ] ] } },
{ "type": "Feature", "properties": { "idcar_200m": "CRS3035RES200mN2529800E3917600", "population": 447.5, "median_education": 24.158, "median_healthcare": 36.244, "median_services": 17.396, "median_commerce": 200.396, "median_entertainment": 55.225, "PC1_pos": 2.4945550452025658, "nivvie": 33894.633966480447, "rel_education": 1.188500932221672, "rel_sante": 0.75673785307338337, "rel_services": 1.3733633652974233, "rel_commerce": 1.2134795394725235, "rel_loisirs": 1.4348356030255716, "rel_pc1": 1.1899487505252784, "q_revenu": 5, "q_population": 3 }, "geometry": { "type": "Polygon", "coordinates": [ [ [ 4.817566293042414, 45.75450071497125 ], [ 4.817395314305841, 45.756297624491239 ], [ 4.819957603642289, 45.756422897078558 ], [ 4.820128498553805, 45.754625982785427 ], [ 4.817566293042414, 45.75450071497125 ] ] ] } },
{ "type": "Feature", "properties": { "idcar_200m": "CRS3035RES200mN2529800E3917800", "population": 77.0, "median_education": 19.0355, "median_healthcare": 28.459, "median_services": 13.401, "median_commerce": 158.9405, "median_entertainment": 44.582, "PC1_pos": 2.0708623558739667, "nivvie": 30089.802597402595, "rel_education": 0.93648934081073087, "rel_sante": 0.59419497187439063, "rel_services": 1.0579697895120008, "rel_commerce": 0.96244957356201033, "rel_loisirs": 1.1583130983084842, "rel_pc1": 0.98783952577881828, "q_revenu": 4, "q_population": 1 }, "geometry": { "type": "Polygon", "coordinates": [ [ [ 4.820128498553805, 45.754625982785427 ], [ 4.819957603642289, 45.756422897078558 ], [ 4.822519903600494, 45.756548107820812 ], [ 4.822690714685566, 45.754751188756828 ], [ 4.820128498553805, 45.754625982785427 ] ] ] } },
{ "type": "Feature", "properties": { "idcar_200m": "CRS3035RES200mN2529800E3918000", "population": 288.5, "median_education": 25.028, "median_healthcare": 52.975, "median_services": 19.824, "median_commerce": 274.055, "median_entertainment": 56.35, "PC1_pos": 3.1313564009479942, "nivvie": 29596.649220103987, "rel_education": 1.2313023152431495, "rel_sante": 1.1060641145172301, "rel_services": 1.5650468701802782, "rel_commerce": 1.6595148365742951, "rel_loisirs": 1.4640649385331093, "rel_pc1": 1.4937147383952889, "q_revenu": 4, "q_population": 3 }, "geometry": { "type": "Polygon", "coordinates": [ [ [ 4.822690714685566, 45.754751188756828 ], [ 4.822519903600494, 45.756548107820812 ], [ 4.825082214175313, 45.756673256717541 ], [ 4.825252941432544, 45.754876332885047 ], [ 4.822690714685566, 45.754751188756828 ] ] ] } },
{ "type": "Feature", "properties": { "idcar_200m": "CRS3035RES200mN2529800E3918200", "population": 635.5, "median_education": 32.4335, "median_healthcare": 77.5765, "median_services": 28.0495, "median_commerce": 417.94, "median_entertainment": 75.265, "PC1_pos": 4.390638471009999, "nivvie": 37207.028166797798, "rel_education": 1.595630639341485, "rel_sante": 1.6197184101905786, "rel_services": 2.2144260585715152, "rel_commerce": 2.530797215149736, "rel_loisirs": 1.955507499533176, "rel_pc1": 2.0944155041334476, "q_revenu": 5, "q_population": 4 }, "geometry": { "type": "Polygon", "coordinates": [ [ [ 4.825252941432544, 45.754876332885047 ], [ 4.825082214175313, 45.756673256717541 ], [ 4.8276445353616, 45.756798343768374 ], [ 4.827815178789599, 45.755001415169652 ], [ 4.825252941432544, 45.754876332885047 ] ] ] } },
{ "type": "Feature", "properties": { "idcar_200m": "CRS3035RES200mN2529800E3918400", "population": 498.0, "median_education": 34.379, "median_healthcare": 85.532, "median_services": 30.928, "median_commerce": 453.837, "median_entertainment": 81.415, "PC1_pos": 4.8237170904845206, "nivvie": 34761.03092369478, "rel_education": 1.691343387236065, "rel_sante": 1.7858211579591827, "rel_services": 2.4416752220003857, "rel_commerce": 2.7481681957503725, "rel_loisirs": 2.1152945336410487, "rel_pc1": 2.3010019906148762, "q_revenu": 5, "q_population": 4 }, "geometry": { "type": "Polygon", "coordinates": [ [ [ 4.827815178789599, 45.755001415169652 ], [ 4.8276445353616, 45.756798343768374 ], [ 4.8302068671542, 45.75692336897287 ], [ 4.830377426751574, 45.7551264356103 ], [ 4.827815178789599, 45.755001415169652 ] ] ] } },
{ "type": "Feature", "properties": { "idcar_200m": "CRS3035RES200mN2529800E3918600", "population": 833.0, "median_education": 35.459, "median_healthcare": 94.677, "median_services": 35.4975, "median_commerce": 501.302, "median_entertainment": 88.075, "PC1_pos": 5.3902952663658557, "nivvie": 35462.161224489799, "rel_education": 1.7444761385730718, "rel_sante": 1.9767594557838182, "rel_services": 2.8024238939782298, "rel_commerce": 3.0355881359740464, "rel_loisirs": 2.2883321998456716, "rel_pc1": 2.5712702269328043, "q_revenu": 5, "q_population": 5 }, "geometry": { "type": "Polygon", "coordinates": [ [ [ 4.830377426751574, 45.7551264356103 ], [ 4.8302068671542, 45.75692336897287 ], [ 4.832769209547976, 45.757048332330626 ], [ 4.832939685313333, 45.755251394206525 ], [ 4.830377426751574, 45.7551264356103 ] ] ] } },
{ "type": "Feature", "properties": { "idcar_200m": "CRS3035RES200mN2529800E3918800", "population": 180.5, "median_education": 34.6125, "median_healthcare": 100.757, "median_services": 37.979, "median_commerce": 521.296, "median_entertainment": 93.2975, "PC1_pos": 5.5911208998413819, "nivvie": 34571.133518005539, "rel_education": 1.7028308848630938, "rel_sante": 2.1037036712866928, "rel_services": 2.9983310675230417, "rel_commerce": 3.1566599633169758, "rel_loisirs": 2.4240212706795523, "rel_pc1": 2.6670677568719539, "q_revenu": 5, "q_population": 2 }, "geometry": { "type": "Polygon", "coordinates": [ [ [ 4.832939685313333, 45.755251394206525 ], [ 4.832769209547976, 45.757048332330626 ], [ 4.835331562537769, 45.757173233841215 ], [ 4.835501954469719, 45.755376290957933 ], [ 4.832939685313333, 45.755251394206525 ] ] ] } },
{ "type": "Feature", "properties": { "idcar_200m": "CRS3035RES200mN2529800E3919000", "population": 108.5, "median_education": 34.413, "median_healthcare": 105.7175, "median_services": 38.8305, "median_commerce": 526.781, "median_entertainment": 93.3965, "PC1_pos": 5.7427002186109908, "nivvie": 31831.222119815669, "rel_education": 1.6930160849633411, "rel_sante": 2.2072738655304436, "rel_services": 3.06555450426429, "rel_commerce": 3.1898738761396204, "rel_loisirs": 2.4265934522042154, "rel_pc1": 2.73937388670551, "q_revenu": 4, "q_population": 1 }, "geometry": { "type": "Polygon", "coordinates": [ [ [ 4.835501954469719, 45.755376290957933 ], [ 4.835331562537769, 45.757173233841215 ], [ 4.837893926118434, 45.757298073504273 ], [ 4.838064234215589, 45.755501125864122 ], [ 4.835501954469719, 45.755376290957933 ] ] ] } },
{ "type": "Feature", "properties": { "idcar_200m": "CRS3035RES200mN2529800E3919400", "population": 728.0, "median_education": 38.624, "median_healthcare": 126.052, "median_services": 45.079, "median_commerce": 613.56, "median_entertainment": 92.766, "PC1_pos": 6.5049365197156188, "nivvie": 28532.183379120877, "rel_education": 1.9001846181856885, "rel_sante": 2.6318375415408375, "rel_services": 3.5588553198575847, "rel_commerce": 3.7153561260642003, "rel_loisirs": 2.4102120335042132, "rel_pc1": 3.1029746562490859, "q_revenu": 3, "q_population": 4 }, "geometry": { "type": "Polygon", "coordinates": [ [ [ 4.840626524545794, 45.755625898924642 ], [ 4.840456300284826, 45.757422851319355 ], [ 4.843018685031795, 45.757547567286025 ], [ 4.843188825455188, 45.755750610139124 ], [ 4.840626524545794, 45.755625898924642 ] ] ] } },
{ "type": "Feature", "properties": { "idcar_200m": "CRS3035RES200mN2529800E3919600", "population": 1061.0, "median_education": 42.016, "median_healthcare": 134.4135, "median_services": 46.149, "median_commerce": 650.033, "median_entertainment": 88.8965, "PC1_pos": 6.7212951854947285, "nivvie": 17950.257398680493, "rel_education": 2.0670608149774718, "rel_sante": 2.8064171563315088, "rel_services": 3.6433286930967341, "rel_commerce": 3.9362150216668144, "rel_loisirs": 2.309676110174065, "rel_pc1": 3.206181728991095, "q_revenu": 1, "q_population": 5 }, "geometry": { "type": "Polygon", "coordinates": [ [ [ 4.843188825455188, 45.755750610139124 ], [ 4.843018685031795, 45.757547567286025 ], [ 4.845581080354187, 45.757672221403901 ], [ 4.845751136938616, 45.755875259507114 ], [ 4.843188825455188, 45.755750610139124 ] ] ] } },
{ "type": "Feature", "properties": { "idcar_200m": "CRS3035RES200mN2529800E3919800", "population": 1096.0, "median_education": 43.839, "median_healthcare": 138.643, "median_services": 45.737, "median_commerce": 649.445, "median_entertainment": 86.7, "PC1_pos": 6.7555085467945073, "nivvie": 27087.634489051092, "rel_education": 2.1567469313546601, "rel_sante": 2.8947248141389772, "rel_services": 3.6108024970457717, "rel_commerce": 3.9326544417689631, "rel_loisirs": 2.2526074564475702, "rel_pc1": 3.2225021331482364, "q_revenu": 3, "q_population": 5 }, "geometry": { "type": "Polygon", "coordinates": [ [ [ 4.845751136938616, 45.755875259507114 ], [ 4.845581080354187, 45.757672221403901 ], [ 4.848143486246857, 45.757796813672584 ], [ 4.848313458990938, 45.755999847028257 ], [ 4.845751136938616, 45.755875259507114 ] ] ] } },
{ "type": "Feature", "properties": { "idcar_200m": "CRS3035RES200mN2529800E3920000", "population": 1569.5, "median_education": 42.927, "median_healthcare": 130.8175, "median_services": 41.856, "median_commerce": 570.7615, "median_entertainment": 79.994, "PC1_pos": 6.1604336212486217, "nivvie": 24351.475055750241, "rel_education": 2.1118792746700765, "rel_sante": 2.731336334136059, "rel_services": 3.3044088881288189, "rel_commerce": 3.4561937472237312, "rel_loisirs": 2.0783746351910835, "rel_pc1": 2.9386404218245845, "q_revenu": 2, "q_population": 5 }, "geometry": { "type": "Polygon", "coordinates": [ [ [ 4.848313458990938, 45.755999847028257 ], [ 4.848143486246857, 45.757796813672584 ], [ 4.850705902704655, 45.757921344091677 ], [ 4.850875791606998, 45.756124372702082 ], [ 4.848313458990938, 45.755999847028257 ] ] ] } },
{ "type": "Feature", "properties": { "idcar_200m": "CRS3035RES200mN2529800E3920200", "population": 600.5, "median_education": 41.76, "median_healthcare": 122.315, "median_services": 36.659, "median_commerce": 486.389, "median_entertainment": 70.596, "PC1_pos": 5.5167087741918754, "nivvie": 27738.277268942547, "rel_education": 2.0544663850309224, "rel_sante": 2.5538127827687584, "rel_services": 2.8941209248354931, "rel_commerce": 2.945283836625987, "rel_loisirs": 1.8341992617690042, "rel_pc1": 2.6315718009455256, "q_revenu": 3, "q_population": 4 }, "geometry": { "type": "Polygon", "coordinates": [ [ [ 4.850875791606998, 45.756124372702082 ], [ 4.850705902704655, 45.757921344091677 ], [ 4.853268329722432, 45.758045812660704 ], [ 4.853438134781651, 45.756248836528236 ], [ 4.850875791606998, 45.756124372702082 ] ] ] } },
{ "type": "Feature", "properties": { "idcar_200m": "CRS3035RES200mN2529800E3920400", "population": 375.0, "median_education": 37.9675, "median_healthcare": 106.9835, "median_services": 32.335, "median_commerce": 401.7225, "median_entertainment": 62.4925, "PC1_pos": 4.7593313210199977, "nivvie": 27548.565066666666, "rel_education": 1.8678867929516654, "rel_sante": 2.2337066577716671, "rel_services": 2.5527537604559773, "rel_commerce": 2.432593636079317, "rel_loisirs": 1.623657110404265, "rel_pc1": 2.2702887914520589, "q_revenu": 3, "q_population": 3 }, "geometry": { "type": "Polygon", "coordinates": [ [ [ 4.853438134781651, 45.756248836528236 ], [ 4.853268329722432, 45.758045812660704 ], [ 4.855830767295038, 45.758170219379338 ], [ 4.85600048850975, 45.756373238506278 ], [ 4.853438134781651, 45.756248836528236 ] ] ] } },
{ "type": "Feature", "properties": { "idcar_200m": "CRS3035RES200mN2529800E3920600", "population": 1409.0, "median_education": 37.053, "median_healthcare": 99.6015, "median_services": 29.5175, "median_commerce": 344.1915, "median_entertainment": 57.6395, "PC1_pos": 4.2929073851081885, "nivvie": 23621.312633073103, "rel_education": 1.8228961437871349, "rel_sante": 2.0795780066463028, "rel_services": 2.330320368772516, "rel_commerce": 2.0842199590329002, "rel_loisirs": 1.4975682524326379, "rel_pc1": 2.047795974217685, "q_revenu": 2, "q_population": 5 }, "geometry": { "type": "Polygon", "coordinates": [ [ [ 4.85600048850975, 45.756373238506278 ], [ 4.855830767295038, 45.758170219379338 ], [ 4.858393215417323, 45.75829456424708 ], [ 4.858562852786139, 45.756497578635802 ], [ 4.85600048850975, 45.756373238506278 ] ] ] } },
{ "type": "Feature", "properties": { "idcar_200m": "CRS3035RES200mN2529800E3921000", "population": 321.5, "median_education": 37.542, "median_healthcare": 79.4955, "median_services": 23.1035, "median_commerce": 235.2645, "median_entertainment": 47.5525, "PC1_pos": 3.3651597359250114, "nivvie": 27322.577604976668, "rel_education": 1.8469534728647243, "rel_sante": 1.6597851782086728, "rel_services": 1.8239538118043812, "rel_commerce": 1.4246225329559148, "rel_loisirs": 1.2354915348641646, "rel_pc1": 1.6052432399850194, "q_revenu": 3, "q_population": 3 }, "geometry": { "type": "Polygon", "coordinates": [ [ [ 4.861125227605678, 45.756621856916404 ], [ 4.860955674084134, 45.75841884726357 ], [ 4.863518143290325, 45.758543068428409 ], [ 4.863687612963206, 45.756746073347671 ], [ 4.861125227605678, 45.756621856916404 ] ] ] } },
{ "type": "Feature", "properties": { "idcar_200m": "CRS3035RES200mN2529800E3921200", "population": 762.0, "median_education": 37.9385, "median_healthcare": 69.2405, "median_services": 18.5305, "median_commerce": 187.583, "median_entertainment": 41.135, "PC1_pos": 2.8896851847883882, "nivvie": 31640.40879265092, "rel_education": 1.866460080184283, "rel_sante": 1.4456712094616377, "rel_services": 1.4629288250542596, "rel_commerce": 1.135891596902505, "rel_loisirs": 1.0687544143133887, "rel_pc1": 1.378433112415496, "q_revenu": 4, "q_population": 4 }, "geometry": { "type": "Polygon", "coordinates": [ [ [ 4.863687612963206, 45.756746073347671 ], [ 4.863518143290325, 45.758543068428409 ], [ 4.866080623030745, 45.758667227741206 ], [ 4.866250008853584, 45.756870227929205 ], [ 4.863687612963206, 45.756746073347671 ] ] ] } },
{ "type": "Feature", "properties": { "idcar_200m": "CRS3035RES200mN2529800E3921400", "population": 1131.0, "median_education": 38.5155, "median_healthcare": 64.6695, "median_services": 15.0175, "median_commerce": 158.124, "median_entertainment": 38.347, "PC1_pos": 2.5721126494228153, "nivvie": 29456.643412908928, "rel_education": 1.8948467445559984, "rel_sante": 1.3502333790235395, "rel_services": 1.1855877407653514, "rel_commerce": 0.95750533293854823, "rel_loisirs": 0.99631762551781955, "rel_pc1": 1.2269451577254755, "q_revenu": 4, "q_population": 5 }, "geometry": { "type": "Polygon", "coordinates": [ [ [ 4.866250008853584, 45.756870227929205 ], [ 4.866080623030745, 45.758667227741206 ], [ 4.868643113300242, 45.758791325201507 ], [ 4.868812415271652, 45.756994320660581 ], [ 4.866250008853584, 45.756870227929205 ] ] ] } },
{ "type": "Feature", "properties": { "idcar_200m": "CRS3035RES200mN2529800E3921600", "population": 695.0, "median_education": 35.1745, "median_healthcare": 54.6325, "median_services": 11.4575, "median_commerce": 125.2195, "median_entertainment": 33.199, "PC1_pos": 2.1421277691410818, "nivvie": 25302.791798561153, "rel_education": 1.7304795943551285, "rel_sante": 1.1406710285297321, "rel_services": 0.90453614382014402, "rel_commerce": 0.75825516074662003, "rel_loisirs": 0.86256418623532727, "rel_pc1": 1.0218344418805734, "q_revenu": 2, "q_population": 4 }, "geometry": { "type": "Polygon", "coordinates": [ [ [ 4.868812415271652, 45.756994320660581 ], [ 4.868643113300242, 45.758791325201507 ], [ 4.871205614093665, 45.758915360808892 ], [ 4.871374832212271, 45.757118351541372 ], [ 4.868812415271652, 45.756994320660581 ] ] ] } },
{ "type": "Feature", "properties": { "idcar_200m": "CRS3035RES200mN2529800E3921800", "population": 1333.5, "median_education": 29.488, "median_healthcare": 48.56, "median_services": 9.059, "median_commerce": 106.0145, "median_entertainment": 28.3225, "PC1_pos": 1.8101136927889012, "nivvie": 25927.253393325835, "rel_education": 1.4507208994681953, "rel_sante": 1.0138834053979555, "rel_services": 0.71518157773220037, "rel_commerce": 0.64196105030744055, "rel_loisirs": 0.7358647599219873, "rel_pc1": 0.86345760587052656, "q_revenu": 3, "q_population": 5 }, "geometry": { "type": "Polygon", "coordinates": [ [ [ 4.871374832212271, 45.757118351541372 ], [ 4.871205614093665, 45.758915360808892 ], [ 4.873768125405864, 45.759039334562971 ], [ 4.873937259670283, 45.757242320571237 ], [ 4.871374832212271, 45.757118351541372 ] ] ] } },
{ "type": "Feature", "properties": { "idcar_200m": "CRS3035RES200mN2529800E3922000", "population": 1150.0, "median_education": 24.5745, "median_healthcare": 44.0625, "median_services": 7.385, "median_commerce": 90.891, "median_entertainment": 24.536, "PC1_pos": 1.509937327639008, "nivvie": 22857.979304347824, "rel_education": 1.2089914793808045, "rel_sante": 0.91998018019661054, "rel_services": 0.583024169505718, "rel_commerce": 0.55038208757758211, "rel_loisirs": 0.63748531201150616, "rel_pc1": 0.72026794511949277, "q_revenu": 2, "q_population": 5 }, "geometry": { "type": "Polygon", "coordinates": [ [ [ 4.873937259670283, 45.757242320571237 ], [ 4.873768125405864, 45.759039334562971 ], [ 4.876330647231687, 45.759163246463373 ], [ 4.876499697640539, 45.757366227749685 ], [ 4.873937259670283, 45.757242320571237 ] ] ] } },
{ "type": "Feature", "properties": { "idcar_200m": "CRS3035RES200mN2529800E3922200", "population": 1044.5, "median_education": 19.43, "median_healthcare": 36.833, "median_services": 5.981, "median_commerce": 76.978, "median_entertainment": 20.728, "PC1_pos": 1.2390061975443705, "nivvie": 22945.454475825754, "rel_education": 0.95589755414633193, "rel_sante": 0.76903557395022426, "rel_services": 0.47218247228350702, "rel_commerce": 0.46613319621906579, "rel_loisirs": 0.53854725902243639, "rel_pc1": 0.59102880070593022, "q_revenu": 2, "q_population": 5 }, "geometry": { "type": "Polygon", "coordinates": [ [ [ 4.876499697640539, 45.757366227749685 ], [ 4.876330647231687, 45.759163246463373 ], [ 4.878893179565986, 45.759287096509667 ], [ 4.87906214611789, 45.757490073076369 ], [ 4.876499697640539, 45.757366227749685 ] ] ] } },
{ "type": "Feature", "properties": { "idcar_200m": "CRS3035RES200mN2530000E3914400", "population": 319.5, "median_education": 5.6065, "median_healthcare": 4.9145, "median_services": 0.681, "median_commerce": 8.423, "median_entertainment": 6.5545, "PC1_pos": 0.18391892887494121, "nivvie": 25886.276995305165, "rel_education": 0.27582293552863668, "rel_sante": 0.10260976103435444, "rel_services": 0.053762959977439947, "rel_commerce": 0.051004701495923399, "rel_loisirs": 0.17029660407480504, "rel_pc1": 0.087732720123204253, "q_revenu": 3, "q_population": 3 }, "geometry": { "type": "Polygon", "coordinates": [ [ [ 4.77640013368194, 45.754284852498529 ], [ 4.776227799168846, 45.756081682872555 ], [ 4.778790001666956, 45.756207949735973 ], [ 4.778962252370285, 45.754411114551118 ], [ 4.77640013368194, 45.754284852498529 ] ] ] } },
{ "type": "Feature", "properties": { "idcar_200m": "CRS3035RES200mN2530000E3914600", "population": 830.5, "median_education": 8.369, "median_healthcare": 8.252, "median_services": 0.939, "median_commerce": 14.02, "median_entertainment": 10.81, "PC1_pos": 0.31188125612135709, "nivvie": 25541.355448524984, "rel_education": 0.41172962586982254, "rel_sante": 0.17229336617265092, "rel_services": 0.0741313060481881, "rel_commerce": 0.084896820013397378, "rel_loisirs": 0.28086143718798423, "rel_pc1": 0.14877310955618817, "q_revenu": 2, "q_population": 5 }, "geometry": { "type": "Polygon", "coordinates": [ [ [ 4.778962252370285, 45.754411114551118 ], [ 4.778790001666956, 45.756207949735973 ], [ 4.781352214870567, 45.756334154758619 ], [ 4.781524381762726, 45.754537314765209 ], [ 4.778962252370285, 45.754411114551118 ] ] ] } },
{ "type": "Feature", "properties": { "idcar_200m": "CRS3035RES200mN2530000E3914800", "population": 588.5, "median_education": 10.599, "median_healthcare": 9.2105, "median_services": 1.2275, "median_commerce": 17.7, "median_entertainment": 13.865, "PC1_pos": 0.39724571442667655, "nivvie": 15755.440611724725, "rel_education": 0.52143891798234543, "rel_sante": 0.19230587119888526, "rel_services": 0.096907537991641007, "rel_commerce": 0.1071807214149168, "rel_loisirs": 0.36023532161067545, "rel_pc1": 0.18949353009572914, "q_revenu": 1, "q_population": 4 }, "geometry": { "type": "Polygon", "coordinates": [ [ [ 4.781524381762726, 45.754537314765209 ], [ 4.781352214870567, 45.756334154758619 ], [ 4.783914438774537, 45.756460297940031 ], [ 4.784086521854126, 45.754663453140445 ], [ 4.781524381762726, 45.754537314765209 ] ] ] } },
{ "type": "Feature", "properties": { "idcar_200m": "CRS3035RES200mN2530000E3915000", "population": 54.0, "median_education": 8.438, "median_healthcare": 7.78, "median_services": 0.945, "median_commerce": 14.155, "median_entertainment": 12.17, "PC1_pos": 0.35507498456132391, "nivvie": 26961.35185185185, "rel_education": 0.41512421831635354, "rel_sante": 0.16243848628492777, "rel_services": 0.074604988514949691, "rel_commerce": 0.085714300091985718, "rel_loisirs": 0.31619645611265201, "rel_pc1": 0.1693773144168963, "q_revenu": 3, "q_population": 1 }, "geometry": { "type": "Polygon", "coordinates": [ [ [ 4.784086521854126, 45.754663453140445 ], [ 4.783914438774537, 45.756460297940031 ], [ 4.786476673373716, 45.756586379279824 ], [ 4.786648672639329, 45.754789529676358 ], [ 4.784086521854126, 45.754663453140445 ] ] ] } },
{ "type": "Feature", "properties": { "idcar_200m": "CRS3035RES200mN2530000E3915200", "population": 269.5, "median_education": 13.893, "median_healthcare": 14.788, "median_services": 1.793, "median_commerce": 30.415, "median_entertainment": 17.484, "PC1_pos": 0.58783666424066183, "nivvie": 20077.933951762523, "rel_education": 0.68349380956021566, "rel_sante": 0.30875839783824061, "rel_services": 0.14155211048392041, "rel_commerce": 0.18417523400196012, "rel_loisirs": 0.45426284623447888, "rel_pc1": 0.28040892722386163, "q_revenu": 1, "q_population": 3 }, "geometry": { "type": "Polygon", "coordinates": [ [ [ 4.786648672639329, 45.754789529676358 ], [ 4.786476673373716, 45.756586379279824 ], [ 4.789038918662963, 45.756712398777566 ], [ 4.789210834113198, 45.754915544372565 ], [ 4.786648672639329, 45.754789529676358 ] ] ] } },
{ "type": "Feature", "properties": { "idcar_200m": "CRS3035RES200mN2530000E3915400", "population": 217.0, "median_education": 16.1475, "median_healthcare": 17.7235, "median_services": 2.2725, "median_commerce": 41.3235, "median_entertainment": 19.5435, "PC1_pos": 0.74085807430856798, "nivvie": 16103.316589861752, "rel_education": 0.79440842797621691, "rel_sante": 0.37004865188572206, "rel_services": 0.17940723428595046, "rel_commerce": 0.25023065205589345, "rel_loisirs": 0.50777201643694447, "rel_pc1": 0.35340296119561354, "q_revenu": 1, "q_population": 2 }, "geometry": { "type": "Polygon", "coordinates": [ [ [ 4.789210834113198, 45.754915544372565 ], [ 4.789038918662963, 45.756712398777566 ], [ 4.791601174637131, 45.756838356432844 ], [ 4.79177300627058, 45.755041497228675 ], [ 4.789210834113198, 45.754915544372565 ] ] ] } },
{ "type": "Feature", "properties": { "idcar_200m": "CRS3035RES200mN2530000E3915600", "population": 258.0, "median_education": 18.66, "median_healthcare": 21.0025, "median_services": 2.915, "median_commerce": 53.3205, "median_entertainment": 22.3585, "PC1_pos": 0.89061958298838473, "nivvie": 30783.834496124029, "rel_education": 0.91801587032272536, "rel_sante": 0.4385108365294596, "rel_services": 0.2301307317683369, "rel_commerce": 0.3228773817064447, "rel_loisirs": 0.58091030928469434, "rel_pc1": 0.42484196210002434, "q_revenu": 4, "q_population": 2 }, "geometry": { "type": "Polygon", "coordinates": [ [ [ 4.79177300627058, 45.755041497228675 ], [ 4.791601174637131, 45.756838356432844 ], [ 4.794163441291071, 45.75696425224529 ], [ 4.79433518910634, 45.755167388244196 ], [ 4.79177300627058, 45.755041497228675 ] ] ] } },
{ "type": "Feature", "properties": { "idcar_200m": "CRS3035RES200mN2530000E3915800", "population": 206.0, "median_education": 19.327, "median_healthcare": 25.188, "median_services": 3.913, "median_commerce": 80.893, "median_entertainment": 26.453, "PC1_pos": 1.1060074643818369, "nivvie": 28918.423300970873, "rel_education": 0.9508302639725249, "rel_sante": 0.52589981909315686, "rel_services": 0.30891991540634722, "rel_commerce": 0.48984011849812797, "rel_loisirs": 0.6872920997163503, "rel_pc1": 0.52758595279100262, "q_revenu": 4, "q_population": 2 }, "geometry": { "type": "Polygon", "coordinates": [ [ [ 4.79433518910634, 45.755167388244196 ], [ 4.794163441291071, 45.75696425224529 ], [ 4.796725718619642, 45.757090086214404 ], [ 4.796897382615324, 45.755293217418767 ], [ 4.79433518910634, 45.755167388244196 ] ] ] } },
{ "type": "Feature", "properties": { "idcar_200m": "CRS3035RES200mN2530000E3916000", "population": 356.0, "median_education": 19.742, "median_healthcare": 25.779, "median_services": 4.578, "median_commerce": 95.583, "median_entertainment": 28.579, "PC1_pos": 1.224131924031604, "nivvie": 32537.630056179776, "rel_education": 0.97124701564368943, "rel_sante": 0.53823929793562375, "rel_services": 0.36141972213908968, "rel_commerce": 0.57879406186451932, "rel_loisirs": 0.74252904841770595, "rel_pc1": 0.5839334979923152, "q_revenu": 5, "q_population": 3 }, "geometry": { "type": "Polygon", "coordinates": [ [ [ 4.796897382615324, 45.755293217418767 ], [ 4.796725718619642, 45.757090086214404 ], [ 4.79928800661769, 45.757215858339862 ], [ 4.79945958679239, 45.755418984751962 ], [ 4.796897382615324, 45.755293217418767 ] ] ] } },
{ "type": "Feature", "properties": { "idcar_200m": "CRS3035RES200mN2530000E3916200", "population": 333.0, "median_education": 19.561, "median_healthcare": 24.236, "median_services": 5.726, "median_commerce": 96.536, "median_entertainment": 30.79, "PC1_pos": 1.2834362269388524, "nivvie": 31783.147447447445, "rel_education": 0.96234236009554286, "rel_sante": 0.50602302745520689, "rel_services": 0.45205096744613965, "rel_commerce": 0.58456486567855415, "rel_loisirs": 0.79997443580185335, "rel_pc1": 0.61222274391654075, "q_revenu": 4, "q_population": 3 }, "geometry": { "type": "Polygon", "coordinates": [ [ [ 4.79945958679239, 45.755418984751962 ], [ 4.79928800661769, 45.757215858339862 ], [ 4.801850305280074, 45.757341568621136 ], [ 4.802021801632391, 45.755544690243383 ], [ 4.79945958679239, 45.755418984751962 ] ] ] } },
{ "type": "Feature", "properties": { "idcar_200m": "CRS3035RES200mN2530000E3916400", "population": 305.5, "median_education": 20.5775, "median_healthcare": 22.3925, "median_services": 6.672, "median_commerce": 90.875, "median_entertainment": 32.694, "PC1_pos": 1.307993242420977, "nivvie": 31261.009492635025, "rel_education": 1.0123511024419014, "rel_sante": 0.46753262263949164, "rel_services": 0.52673490303888304, "rel_commerce": 0.55028520104974943, "rel_loisirs": 0.84944346229638823, "rel_pc1": 0.62393689307744304, "q_revenu": 4, "q_population": 3 }, "geometry": { "type": "Polygon", "coordinates": [ [ [ 4.802021801632391, 45.755544690243383 ], [ 4.801850305280074, 45.757341568621136 ], [ 4.804412614601648, 45.757467217057936 ], [ 4.804584027130182, 45.755670333892624 ], [ 4.802021801632391, 45.755544690243383 ] ] ] } },
{ "type": "Feature", "properties": { "idcar_200m": "CRS3035RES200mN2530000E3916600", "population": 78.0, "median_education": 22.312, "median_healthcare": 21.9635, "median_services": 7.8915, "median_commerce": 91.043, "median_entertainment": 34.2385, "PC1_pos": 1.3931016283699902, "nivvie": 27700.206410256411, "rel_education": 1.0976832850289737, "rel_sante": 0.45857553901272635, "rel_services": 0.6230108644081751, "rel_commerce": 0.55130250959199267, "rel_loisirs": 0.88957209224429223, "rel_pc1": 0.66453516238162968, "q_revenu": 3, "q_population": 1 }, "geometry": { "type": "Polygon", "coordinates": [ [ [ 4.804584027130182, 45.755670333892624 ], [ 4.804412614601648, 45.757467217057936 ], [ 4.806974934577262, 45.757592803649779 ], [ 4.807146263280615, 45.75579591569921 ], [ 4.804584027130182, 45.755670333892624 ] ] ] } },
{ "type": "Feature", "properties": { "idcar_200m": "CRS3035RES200mN2530000E3916800", "population": 543.0, "median_education": 21.2275, "median_healthcare": 21.6435, "median_services": 8.376, "median_commerce": 95.7635, "median_entertainment": 36.2395, "PC1_pos": 1.449068026915088, "nivvie": 30087.960589318598, "rel_education": 1.0443291472280627, "rel_sante": 0.45189426451257508, "rel_services": 0.66126072359917332, "rel_commerce": 0.57988706300663184, "rel_loisirs": 0.94156133700036582, "rel_pc1": 0.69123216638168816, "q_revenu": 4, "q_population": 4 }, "geometry": { "type": "Polygon", "coordinates": [ [ [ 4.807146263280615, 45.75579591569921 ], [ 4.806974934577262, 45.757592803649779 ], [ 4.809537265201772, 45.75771832839628 ], [ 4.809708510078543, 45.755921435662792 ], [ 4.807146263280615, 45.75579591569921 ] ] ] } },
{ "type": "Feature", "properties": { "idcar_200m": "CRS3035RES200mN2530000E3917000", "population": 309.5, "median_education": 21.949, "median_healthcare": 24.8045, "median_services": 11.172, "median_commerce": 121.837, "median_entertainment": 42.595, "PC1_pos": 1.7529038069868006, "nivvie": 23866.242326332795, "rel_education": 1.0798247769407019, "rel_sante": 0.51789272918438178, "rel_services": 0.88199675311007197, "rel_commerce": 0.73777274322198971, "rel_loisirs": 1.1066875963942819, "rel_pc1": 0.83616743552177997, "q_revenu": 2, "q_population": 3 }, "geometry": { "type": "Polygon", "coordinates": [ [ [ 4.809708510078543, 45.755921435662792 ], [ 4.809537265201772, 45.75771832839628 ], [ 4.812099606470026, 45.757843791296978 ], [ 4.812270767518824, 45.756046893782937 ], [ 4.809708510078543, 45.755921435662792 ] ] ] } },
{ "type": "Feature", "properties": { "idcar_200m": "CRS3035RES200mN2530000E3917200", "population": 471.5, "median_education": 21.9985, "median_healthcare": 27.9095, "median_services": 13.302, "median_commerce": 144.672, "median_entertainment": 46.021, "PC1_pos": 1.9731447454808797, "nivvie": 24246.605302226937, "rel_education": 1.0822600280436481, "rel_sante": 0.58272197081866217, "rel_services": 1.0501540288104347, "rel_commerce": 0.87604798466321165, "rel_loisirs": 1.1957006661265701, "rel_pc1": 0.94122642392917455, "q_revenu": 2, "q_population": 4 }, "geometry": { "type": "Polygon", "coordinates": [ [ [ 4.812270767518824, 45.756046893782937 ], [ 4.812099606470026, 45.757843791296978 ], [ 4.814661958376877, 45.757969192351503 ], [ 4.814833035596305, 45.756172290059219 ], [ 4.812270767518824, 45.756046893782937 ] ] ] } },
{ "type": "Feature", "properties": { "idcar_200m": "CRS3035RES200mN2530000E3917400", "population": 405.5, "median_education": 21.805, "median_healthcare": 30.694, "median_services": 14.5135, "median_commerce": 164.236, "median_entertainment": 48.2715, "PC1_pos": 2.1412502938286857, "nivvie": 25377.695437731196, "rel_education": 1.0727404100957678, "rel_sante": 0.64085949846138468, "rel_services": 1.1457984135573782, "rel_commerce": 0.994515986570637, "rel_loisirs": 1.2541723279574266, "rel_pc1": 1.0214158699778966, "q_revenu": 2, "q_population": 3 }, "geometry": { "type": "Polygon", "coordinates": [ [ [ 4.814833035596305, 45.756172290059219 ], [ 4.814661958376877, 45.757969192351503 ], [ 4.817224320917182, 45.758094531559458 ], [ 4.817395314305841, 45.756297624491239 ], [ 4.814833035596305, 45.756172290059219 ] ] ] } },
{ "type": "Feature", "properties": { "idcar_200m": "CRS3035RES200mN2530000E3917600", "population": 208.5, "median_education": 20.75, "median_healthcare": 31.5595, "median_services": 14.4255, "median_commerce": 178.314, "median_entertainment": 50.982, "PC1_pos": 2.3157165467981442, "nivvie": 33757.849880095921, "rel_education": 1.0208375835582288, "rel_sante": 0.65893025808601258, "rel_services": 1.1388510707115416, "rel_commerce": 1.0797640202474279, "rel_loisirs": 1.3245955403069205, "rel_pc1": 1.104639489408181, "q_revenu": 5, "q_population": 2 }, "geometry": { "type": "Polygon", "coordinates": [ [ [ 4.817395314305841, 45.756297624491239 ], [ 4.817224320917182, 45.758094531559458 ], [ 4.819786694085789, 45.758219808920387 ], [ 4.819957603642289, 45.756422897078558 ], [ 4.817395314305841, 45.756297624491239 ] ] ] } },
{ "type": "Feature", "properties": { "idcar_200m": "CRS3035RES200mN2530000E3917800", "population": 119.0, "median_education": 26.9465, "median_healthcare": 43.814, "median_services": 19.435, "median_commerce": 247.5655, "median_entertainment": 63.9, "PC1_pos": 3.0125033079407268, "nivvie": 21861.417647058825, "rel_education": 1.3256867443543043, "rel_sante": 0.91479175296758686, "rel_services": 1.5343364569185685, "rel_commerce": 1.4991101066352872, "rel_loisirs": 1.6602262568281401, "rel_pc1": 1.4370196216480944, "q_revenu": 1, "q_population": 2 }, "geometry": { "type": "Polygon", "coordinates": [ [ [ 4.819957603642289, 45.756422897078558 ], [ 4.819786694085789, 45.758219808920387 ], [ 4.822349077877552, 45.758345024433901 ], [ 4.822519903600494, 45.756548107820812 ], [ 4.819957603642289, 45.756422897078558 ] ] ] } },
{ "type": "Feature", "properties": { "idcar_200m": "CRS3035RES200mN2530000E3918000", "population": 497.0, "median_education": 31.235, "median_healthcare": 64.827, "median_services": 25.759, "median_commerce": 351.182, "median_entertainment": 72.715, "PC1_pos": 3.8613615736346834, "nivvie": 30626.164185110661, "rel_education": 1.5366680444550014, "rel_sante": 1.3535218188165825, "rel_services": 2.0335977768852795, "rel_commerce": 2.126550288583803, "rel_loisirs": 1.8892543390494241, "rel_pc1": 1.8419406654142605, "q_revenu": 4, "q_population": 4 }, "geometry": { "type": "Polygon", "coordinates": [ [ [ 4.822519903600494, 45.756548107820812 ], [ 4.822349077877552, 45.758345024433901 ], [ 4.824911472287322, 45.75847017809955 ], [ 4.825082214175313, 45.756673256717541 ], [ 4.822519903600494, 45.756548107820812 ] ] ] } },
{ "type": "Feature", "properties": { "idcar_200m": "CRS3035RES200mN2530000E3918200", "population": 239.5, "median_education": 33.57, "median_healthcare": 76.101, "median_services": 29.918, "median_commerce": 417.458, "median_entertainment": 79.893, "PC1_pos": 4.5445778379332182, "nivvie": 30617.594572025053, "rel_education": 1.6515430207252888, "rel_sante": 1.5889114710500372, "rel_services": 2.3619386734288517, "rel_commerce": 2.5278785084987763, "rel_loisirs": 2.0757504904032955, "rel_pc1": 2.167847420450236, "q_revenu": 4, "q_population": 2 }, "geometry": { "type": "Polygon", "coordinates": [ [ [ 4.825082214175313, 45.756673256717541 ], [ 4.824911472287322, 45.75847017809955 ], [ 4.82747387730995, 45.758595269916995 ], [ 4.8276445353616, 45.756798343768374 ], [ 4.825082214175313, 45.756673256717541 ] ] ] } },
{ "type": "Feature", "properties": { "idcar_200m": "CRS3035RES200mN2530000E3918400", "population": 734.0, "median_education": 33.759, "median_healthcare": 91.6265, "median_services": 34.101, "median_commerce": 487.626, "median_entertainment": 86.8915, "PC1_pos": 5.1569519664329819, "nivvie": 37889.314850136245, "rel_education": 1.660841252209265, "rel_sante": 1.9130681187128449, "rel_services": 2.6921742998394702, "rel_commerce": 2.9527743763090517, "rel_loisirs": 2.2575829388917423, "rel_pc1": 2.4599611705411379, "q_revenu": 5, "q_population": 4 }, "geometry": { "type": "Polygon", "coordinates": [ [ [ 4.8276445353616, 45.756798343768374 ], [ 4.82747387730995, 45.758595269916995 ], [ 4.830036292940289, 45.758720299885773 ], [ 4.8302068671542, 45.75692336897287 ], [ 4.8276445353616, 45.756798343768374 ] ] ] } },
{ "type": "Feature", "properties": { "idcar_200m": "CRS3035RES200mN2530000E3918600", "population": 95.0, "median_education": 34.4045, "median_healthcare": 100.0135, "median_services": 37.4955, "median_commerce": 533.1415, "median_entertainment": 93.232, "PC1_pos": 5.6517182980896008, "nivvie": 39621.849473684211, "rel_education": 1.6925979105315221, "rel_sante": 2.0881801475652471, "rel_services": 2.9601601554098376, "rel_commerce": 3.2283892986571106, "rel_loisirs": 2.4223194738122245, "rel_pc1": 2.6959738331155814, "q_revenu": 5, "q_population": 1 }, "geometry": { "type": "Polygon", "coordinates": [ [ [ 4.8302068671542, 45.75692336897287 ], [ 4.830036292940289, 45.758720299885773 ], [ 4.832598719173189, 45.758845268005459 ], [ 4.832769209547976, 45.757048332330626 ], [ 4.8302068671542, 45.75692336897287 ] ] ] } },
{ "type": "Feature", "properties": { "idcar_200m": "CRS3035RES200mN2530000E3918800", "population": 360.5, "median_education": 36.276, "median_healthcare": 114.9455, "median_services": 41.8265, "median_commerce": 596.89, "median_entertainment": 105.018, "PC1_pos": 6.2691768852272158, "nivvie": 33107.898474341193, "rel_education": 1.7846700810196774, "rel_sante": 2.3999451189285561, "rel_services": 3.3020799493339079, "rel_commerce": 3.6144124748785136, "rel_loisirs": 2.7285389834049703, "rel_pc1": 2.9905129637226775, "q_revenu": 5, "q_population": 3 }, "geometry": { "type": "Polygon", "coordinates": [ [ [ 4.832769209547976, 45.757048332330626 ], [ 4.832598719173189, 45.758845268005459 ], [ 4.835161156003502, 45.758970174275682 ], [ 4.835331562537769, 45.757173233841215 ], [ 4.832769209547976, 45.757048332330626 ] ] ] } },
{ "type": "Feature", "properties": { "idcar_200m": "CRS3035RES200mN2530000E3919000", "population": 128.5, "median_education": 34.424, "median_healthcare": 113.1, "median_services": 40.755, "median_commerce": 564.817, "median_entertainment": 99.103, "PC1_pos": 6.0119757449067341, "nivvie": 28081.832684824902, "rel_education": 1.693557251875107, "rel_sante": 2.3614129561472148, "rel_services": 3.217488155478069, "rel_commerce": 3.4201973744298906, "rel_loisirs": 2.5748576327142274, "rel_pc1": 2.8678232775814037, "q_revenu": 3, "q_population": 2 }, "geometry": { "type": "Polygon", "coordinates": [ [ [ 4.835331562537769, 45.757173233841215 ], [ 4.835161156003502, 45.758970174275682 ], [ 4.837723603426077, 45.75909501869603 ], [ 4.837893926118434, 45.757298073504273 ], [ 4.835331562537769, 45.757173233841215 ] ] ] } },
{ "type": "Feature", "properties": { "idcar_200m": "CRS3035RES200mN2530000E3919400", "population": 887.0, "median_education": 38.189, "median_healthcare": 124.19, "median_services": 42.822, "median_commerce": 594.233, "median_entertainment": 90.787, "PC1_pos": 6.3193747804749609, "nivvie": 28178.432243517473, "rel_education": 1.8787839266749495, "rel_sante": 2.5929608755430822, "rel_services": 3.3806717652774352, "rel_commerce": 3.5983232558502967, "rel_loisirs": 2.3587943846425095, "rel_pc1": 3.0144582852917199, "q_revenu": 3, "q_population": 5 }, "geometry": { "type": "Polygon", "coordinates": [ [ [ 4.840456300284826, 45.757422851319355 ], [ 4.840286061435766, 45.759219801266056 ], [ 4.842848530027419, 45.759344521985362 ], [ 4.843018685031795, 45.757547567286025 ], [ 4.840456300284826, 45.757422851319355 ] ] ] } },
{ "type": "Feature", "properties": { "idcar_200m": "CRS3035RES200mN2530000E3919600", "population": 538.0, "median_education": 41.8005, "median_healthcare": 132.099, "median_services": 43.9935, "median_commerce": 621.166, "median_entertainment": 87.897, "PC1_pos": 6.5086523626255612, "nivvie": 35356.908736059479, "rel_education": 2.0564588632060601, "rel_sante": 2.7580927506108832, "rel_services": 3.473158266912634, "rel_commerce": 3.761413559232667, "rel_loisirs": 2.2837074694275903, "rel_pc1": 3.1047471818288832, "q_revenu": 5, "q_population": 4 }, "geometry": { "type": "Polygon", "coordinates": [ [ [ 4.843018685031795, 45.757547567286025 ], [ 4.842848530027419, 45.759344521985362 ], [ 4.845411009195885, 45.759469180853579 ], [ 4.845581080354187, 45.757672221403901 ], [ 4.843018685031795, 45.757547567286025 ] ] ] } },
{ "type": "Feature", "properties": { "idcar_200m": "CRS3035RES200mN2530000E3919800", "population": 576.5, "median_education": 44.958, "median_healthcare": 138.562, "median_services": 44.4185, "median_commerce": 636.4815, "median_entertainment": 86.881, "PC1_pos": 6.6709291087971607, "nivvie": 30591.761144839551, "rel_education": 2.2117983653788365, "rel_sante": 2.8930336165311266, "rel_services": 3.5067107749749136, "rel_commerce": 3.8541551602965178, "rel_loisirs": 2.2573101317603386, "rel_pc1": 3.1821561817696007, "q_revenu": 4, "q_population": 4 }, "geometry": { "type": "Polygon", "coordinates": [ [ [ 4.845581080354187, 45.757672221403901 ], [ 4.845411009195885, 45.759469180853579 ], [ 4.847973498936017, 45.759593777870244 ], [ 4.848143486246857, 45.757796813672584 ], [ 4.845581080354187, 45.757672221403901 ] ] ] } },
{ "type": "Feature", "properties": { "idcar_200m": "CRS3035RES200mN2530000E3920000", "population": 1413.0, "median_education": 44.113, "median_healthcare": 131.727, "median_services": 41.878, "median_commerce": 582.965, "median_entertainment": 81.79, "PC1_pos": 6.2259219161452073, "nivvie": 23570.538995046001, "rel_education": 2.1702269071568265, "rel_sante": 2.750325769004458, "rel_services": 3.3061457238402787, "rel_commerce": 3.5300909186241229, "rel_loisirs": 2.1250376454768949, "rel_pc1": 2.9698795459465761, "q_revenu": 2, "q_population": 5 }, "geometry": { "type": "Polygon", "coordinates": [ [ [ 4.848143486246857, 45.757796813672584 ], [ 4.847973498936017, 45.759593777870244 ], [ 4.850535999242667, 45.759718313034952 ], [ 4.850705902704655, 45.757921344091677 ], [ 4.848143486246857, 45.757796813672584 ] ] ] } },
{ "type": "Feature", "properties": { "idcar_200m": "CRS3035RES200mN2530000E3920200", "population": 494.5, "median_education": 42.093, "median_healthcare": 122.6105, "median_services": 37.079, "median_commerce": 509.4785, "median_entertainment": 71.8705, "PC1_pos": 5.6461939614084624, "nivvie": 25601.500505561173, "rel_education": 2.0708489833598329, "rel_sante": 2.5599825221899919, "rel_services": 2.9272786975088039, "rel_commerce": 3.0851001794005475, "rel_loisirs": 1.8673128511950989, "rel_pc1": 2.693338622662381, "q_revenu": 2, "q_population": 4 }, "geometry": { "type": "Polygon", "coordinates": [ [ [ 4.850705902704655, 45.757921344091677 ], [ 4.850535999242667, 45.759718313034952 ], [ 4.853098510110677, 45.759842786347299 ], [ 4.853268329722432, 45.758045812660704 ], [ 4.850705902704655, 45.757921344091677 ] ] ] } },
{ "type": "Feature", "properties": { "idcar_200m": "CRS3035RES200mN2530000E3920400", "population": 442.5, "median_education": 36.8745, "median_healthcare": 105.6595, "median_services": 32.8065, "median_commerce": 415.5, "median_entertainment": 62.303, "PC1_pos": 4.8217499009702456, "nivvie": 25255.633220338983, "rel_education": 1.8141144807189353, "rel_sante": 2.2060628845272916, "rel_services": 2.5899773076356585, "rel_commerce": 2.5160220196552503, "rel_loisirs": 1.6187335912232175, "rel_pc1": 2.3000636049460335, "q_revenu": 2, "q_population": 3 }, "geometry": { "type": "Polygon", "coordinates": [ [ [ 4.853268329722432, 45.758045812660704 ], [ 4.853098510110677, 45.759842786347299 ], [ 4.855661031534905, 45.759967197806915 ], [ 4.855830767295038, 45.758170219379338 ], [ 4.853268329722432, 45.758045812660704 ] ] ] } },
{ "type": "Feature", "properties": { "idcar_200m": "CRS3035RES200mN2530000E3920800", "population": 1.0, "median_education": 33.497, "median_healthcare": 85.383, "median_services": 25.281, "median_commerce": 277.7585, "median_entertainment": 48.6175, "PC1_pos": 3.6541205674298225, "nivvie": 21871.6, "rel_education": 1.647951640310843, "rel_sante": 1.7827101895200499, "rel_services": 1.9958610736999398, "rel_commerce": 1.681941040063569, "rel_loisirs": 1.263161972477967, "rel_pc1": 1.7430828843982273, "q_revenu": 1, "q_population": 1 }, "geometry": { "type": "Polygon", "coordinates": [ [ [ 4.858393215417323, 45.75829456424708 ], [ 4.858223563510196, 45.760091547413303 ], [ 4.860786106031399, 45.760215835166157 ], [ 4.860955674084134, 45.75841884726357 ], [ 4.858393215417323, 45.75829456424708 ] ] ] } },
{ "type": "Feature", "properties": { "idcar_200m": "CRS3035RES200mN2530000E3921000", "population": 253.0, "median_education": 34.651, "median_healthcare": 77.112, "median_services": 22.153, "median_commerce": 227.215, "median_entertainment": 45.394, "PC1_pos": 3.2298622680282572, "nivvie": 25858.478260869564, "rel_education": 1.7047249690542743, "rel_sante": 1.6100201226739523, "rel_services": 1.7489146143615668, "rel_commerce": 1.3758795263440859, "rel_loisirs": 1.1794101831370356, "rel_pc1": 1.5407038532183894, "q_revenu": 3, "q_population": 2 }, "geometry": { "type": "Polygon", "coordinates": [ [ [ 4.860955674084134, 45.75841884726357 ], [ 4.860786106031399, 45.760215835166157 ], [ 4.863348659093361, 45.760340061064973 ], [ 4.863518143290325, 45.758543068428409 ], [ 4.860955674084134, 45.75841884726357 ] ] ] } },
{ "type": "Feature", "properties": { "idcar_200m": "CRS3035RES200mN2530000E3921200", "population": 684.5, "median_education": 34.515, "median_healthcare": 67.758, "median_services": 17.025, "median_commerce": 176.607, "median_entertainment": 38.901, "PC1_pos": 2.7386282252879917, "nivvie": 27724.078305332361, "rel_education": 1.6980341781451698, "rel_sante": 1.4147181174414056, "rel_services": 1.3440739994359985, "rel_commerce": 1.0694274388092775, "rel_loisirs": 1.0107114494033094, "rel_pc1": 1.3063761575844799, "q_revenu": 3, "q_population": 4 }, "geometry": { "type": "Polygon", "coordinates": [ [ [ 4.863518143290325, 45.758543068428409 ], [ 4.863348659093361, 45.760340061064973 ], [ 4.865911222690938, 45.760464225109438 ], [ 4.866080623030745, 45.758667227741206 ], [ 4.863518143290325, 45.758543068428409 ] ] ] } },
{ "type": "Feature", "properties": { "idcar_200m": "CRS3035RES200mN2530000E3921400", "population": 1148.0, "median_education": 34.651, "median_healthcare": 64.573, "median_services": 14.7, "median_commerce": 155.877, "median_entertainment": 36.283, "PC1_pos": 2.4928183973605558, "nivvie": 24829.902787456445, "rel_education": 1.7047249690542743, "rel_sante": 1.3482185571820875, "rel_services": 1.1605220435658841, "rel_commerce": 0.94389883118604445, "rel_loisirs": 0.94269153797332395, "rel_pc1": 1.1891203374847739, "q_revenu": 2, "q_population": 5 }, "geometry": { "type": "Polygon", "coordinates": [ [ [ 4.866080623030745, 45.758667227741206 ], [ 4.865911222690938, 45.760464225109438 ], [ 4.868473796818973, 45.760588327299054 ], [ 4.868643113300242, 45.758791325201507 ], [ 4.866080623030745, 45.758667227741206 ] ] ] } },
{ "type": "Feature", "properties": { "idcar_200m": "CRS3035RES200mN2530000E3921600", "population": 650.0, "median_education": 29.9275, "median_healthcare": 53.9555, "median_services": 11.2575, "median_commerce": 123.048, "median_entertainment": 29.7075, "PC1_pos": 1.9920910758807957, "nivvie": 25321.112, "rel_education": 1.4723429774428385, "rel_sante": 1.1265359571653497, "rel_services": 0.88874672826142453, "rel_commerce": 0.74510584229732668, "rel_loisirs": 0.77184931963571146, "rel_pc1": 0.95026417285749631, "q_revenu": 2, "q_population": 4 }, "geometry": { "type": "Polygon", "coordinates": [ [ [ 4.868643113300242, 45.758791325201507 ], [ 4.868473796818973, 45.760588327299054 ], [ 4.871036381472318, 45.760712367633452 ], [ 4.871205614093665, 45.758915360808892 ], [ 4.868643113300242, 45.758791325201507 ] ] ] } },
{ "type": "Feature", "properties": { "idcar_200m": "CRS3035RES200mN2530000E3921800", "population": 1034.5, "median_education": 26.015, "median_healthcare": 46.604, "median_services": 8.817, "median_commerce": 101.585, "median_entertainment": 25.721, "PC1_pos": 1.6645176733173146, "nivvie": 30574.330207829869, "rel_education": 1.2798597463261361, "rel_sante": 0.9730441150157807, "rel_services": 0.69607638490614976, "rel_commerce": 0.61513862061775837, "rel_loisirs": 0.66827354541277917, "rel_pc1": 0.79400562012065912, "q_revenu": 4, "q_population": 5 }, "geometry": { "type": "Polygon", "coordinates": [ [ [ 4.871205614093665, 45.758915360808892 ], [ 4.871036381472318, 45.760712367633452 ], [ 4.873598976645819, 45.760836346112221 ], [ 4.873768125405864, 45.759039334562971 ], [ 4.871205614093665, 45.758915360808892 ] ] ] } },
{ "type": "Feature", "properties": { "idcar_200m": "CRS3035RES200mN2530000E3922000", "population": 950.5, "median_education": 21.344, "median_healthcare": 41.876, "median_services": 6.998, "median_commerce": 84.892, "median_entertainment": 22.046, "PC1_pos": 1.3972225225409578, "nivvie": 24858.574434508155, "rel_education": 1.0500605967935825, "rel_sante": 0.8743282842760457, "rel_services": 0.55247165039959578, "rel_commerce": 0.51405569504831161, "rel_loisirs": 0.5727910494214894, "rel_pc1": 0.66650090488116698, "q_revenu": 2, "q_population": 5 }, "geometry": { "type": "Polygon", "coordinates": [ [ [ 4.873768125405864, 45.759039334562971 ], [ 4.873598976645819, 45.760836346112221 ], [ 4.876161582334323, 45.760960262734955 ], [ 4.876330647231687, 45.759163246463373 ], [ 4.873768125405864, 45.759039334562971 ] ] ] } },
{ "type": "Feature", "properties": { "idcar_200m": "CRS3035RES200mN2530200E3914800", "population": 223.5, "median_education": 11.556, "median_healthcare": 9.119, "median_services": 1.513, "median_commerce": 18.182, "median_entertainment": 13.55, "PC1_pos": 0.42554719398655783, "nivvie": 25891.802684563761, "rel_education": 0.56852043930597074, "rel_sante": 0.19039544427149824, "rel_services": 0.1194469287017131, "rel_commerce": 0.11009942806587669, "rel_loisirs": 0.3520511076685649, "rel_pc1": 0.20299385766118588, "q_revenu": 3, "q_population": 2 }, "geometry": { "type": "Polygon", "coordinates": [ [ [ 4.781352214870567, 45.756334154758619 ], [ 4.781180033225032, 45.758130992294731 ], [ 4.783742340948683, 45.758257140282751 ], [ 4.783914438774537, 45.756460297940031 ], [ 4.781352214870567, 45.756334154758619 ] ] ] } },
{ "type": "Feature", "properties": { "idcar_200m": "CRS3035RES200mN2530200E3915000", "population": 957.0, "median_education": 12.7595, "median_healthcare": 10.2885, "median_services": 1.6215, "median_commerce": 21.2215, "median_entertainment": 14.858, "PC1_pos": 0.49483093310833715, "nivvie": 21656.984221525599, "rel_education": 0.62772901915234802, "rel_sante": 0.21481341467126983, "rel_services": 0.12801268664231846, "rel_commerce": 0.1285048406500936, "rel_loisirs": 0.38603508175199536, "rel_pc1": 0.2360434786580182, "q_revenu": 1, "q_population": 5 }, "geometry": { "type": "Polygon", "coordinates": [ [ [ 4.783914438774537, 45.756460297940031 ], [ 4.783742340948683, 45.758257140282751 ], [ 4.786304659368946, 45.75838322642683 ], [ 4.786476673373716, 45.756586379279824 ], [ 4.783914438774537, 45.756460297940031 ] ] ] } },
{ "type": "Feature", "properties": { "idcar_200m": "CRS3035RES200mN2530200E3915400", "population": 385.5, "median_education": 13.095, "median_healthcare": 12.3035, "median_services": 1.7555, "median_commerce": 28.0545, "median_entertainment": 14.399, "PC1_pos": 0.54997457033574593, "nivvie": 22396.305836575877, "rel_education": 0.64423460996120507, "rel_sante": 0.25688456503940987, "rel_services": 0.13859159506666052, "rel_commerce": 0.16988144344264311, "rel_loisirs": 0.37410951286492, "rel_pc1": 0.26234801033967764, "q_revenu": 2, "q_population": 3 }, "geometry": { "type": "Polygon", "coordinates": [ [ [ 4.789038918662963, 45.756712398777566 ], [ 4.788866988480681, 45.758509250726533 ], [ 4.791429328278735, 45.758635213181471 ], [ 4.791601174637131, 45.756838356432844 ], [ 4.789038918662963, 45.756712398777566 ] ] ] } },
{ "type": "Feature", "properties": { "idcar_200m": "CRS3035RES200mN2530200E3915600", "population": 487.5, "median_education": 19.1045, "median_healthcare": 19.6685, "median_services": 2.8635, "median_commerce": 44.3265, "median_entertainment": 20.5915, "PC1_pos": 0.83121394011242922, "nivvie": 29886.733128205127, "rel_education": 0.93988393325726194, "rel_sante": 0.41065827345695399, "rel_services": 0.22606495726196663, "rel_commerce": 0.26841504224849205, "rel_loisirs": 0.53500076631418847, "rel_pc1": 0.39650437514224529, "q_revenu": 4, "q_population": 4 }, "geometry": { "type": "Polygon", "coordinates": [ [ [ 4.791601174637131, 45.756838356432844 ], [ 4.791429328278735, 45.758635213181471 ], [ 4.793991678757968, 45.758761113791188 ], [ 4.794163441291071, 45.75696425224529 ], [ 4.791601174637131, 45.756838356432844 ] ] ] } },
{ "type": "Feature", "properties": { "idcar_200m": "CRS3035RES200mN2530200E3915800", "population": 254.0, "median_education": 19.756, "median_healthcare": 23.097, "median_services": 3.812, "median_commerce": 66.547, "median_entertainment": 24.52, "PC1_pos": 1.0469283064205754, "nivvie": 34705.088582677163, "rel_education": 0.97193577353139138, "rel_sante": 0.48224186603123098, "rel_services": 0.30094626054919388, "rel_commerce": 0.40296923548013941, "rel_loisirs": 0.63706960590650996, "rel_pc1": 0.49940410515717742, "q_revenu": 5, "q_population": 2 }, "geometry": { "type": "Polygon", "coordinates": [ [ [ 4.794163441291071, 45.75696425224529 ], [ 4.793991678757968, 45.758761113791188 ], [ 4.79655403991323, 45.758886952555301 ], [ 4.796725718619642, 45.757090086214404 ], [ 4.794163441291071, 45.75696425224529 ] ] ] } },
{ "type": "Feature", "properties": { "idcar_200m": "CRS3035RES200mN2530200E3916000", "population": 329.5, "median_education": 17.114, "median_healthcare": 21.256, "median_services": 3.883, "median_commerce": 75.865, "median_entertainment": 23.858, "PC1_pos": 0.99115717259861547, "nivvie": 23699.719575113806, "rel_education": 0.84195732072364005, "rel_sante": 0.44380365867254817, "rel_services": 0.30655150307253931, "rel_commerce": 0.45939352712670412, "rel_loisirs": 0.6198697658122968, "rel_pc1": 0.47280024603029641, "q_revenu": 2, "q_population": 3 }, "geometry": { "type": "Polygon", "coordinates": [ [ [ 4.796725718619642, 45.757090086214404 ], [ 4.79655403991323, 45.758886952555301 ], [ 4.799116411739371, 45.759012729473383 ], [ 4.79928800661769, 45.757215858339862 ], [ 4.796725718619642, 45.757090086214404 ] ] ] } },
{ "type": "Feature", "properties": { "idcar_200m": "CRS3035RES200mN2530200E3916200", "population": 28.0, "median_education": 16.953, "median_healthcare": 20.568, "median_services": 5.242, "median_commerce": 80.248, "median_entertainment": 27.499, "PC1_pos": 1.0912709806664955, "nivvie": 37365.971428571429, "rel_education": 0.8340366050150676, "rel_sante": 0.42943891849722299, "rel_services": 0.41384058179403843, "rel_commerce": 0.48593438034487252, "rel_loisirs": 0.71446888633046979, "rel_pc1": 0.5205563783512922, "q_revenu": 5, "q_population": 1 }, "geometry": { "type": "Polygon", "coordinates": [ [ [ 4.79928800661769, 45.757215858339862 ], [ 4.799116411739371, 45.759012729473383 ], [ 4.80167879423125, 45.759138444545009 ], [ 4.801850305280074, 45.757341568621136 ], [ 4.79928800661769, 45.757215858339862 ] ] ] } },
{ "type": "Feature", "properties": { "idcar_200m": "CRS3035RES200mN2530200E3916400", "population": 18.0, "median_education": 15.184, "median_healthcare": 17.598, "median_services": 4.771, "median_commerce": 68.113, "median_entertainment": 24.685, "PC1_pos": 0.98729421141016749, "nivvie": 37365.972222222219, "rel_education": 0.74700712620472998, "rel_sante": 0.36742833954269394, "rel_services": 0.37665650815325397, "rel_commerce": 0.41245200439176427, "rel_loisirs": 0.64135657511428212, "rel_pc1": 0.4709575423191229, "q_revenu": 5, "q_population": 1 }, "geometry": { "type": "Polygon", "coordinates": [ [ [ 4.801850305280074, 45.757341568621136 ], [ 4.80167879423125, 45.759138444545009 ], [ 4.804241187383713, 45.759264097769758 ], [ 4.804412614601648, 45.757467217057936 ], [ 4.801850305280074, 45.757341568621136 ] ] ] } },
{ "type": "Feature", "properties": { "idcar_200m": "CRS3035RES200mN2530200E3916600", "population": 112.0, "median_education": 14.757, "median_healthcare": 18.714, "median_services": 6.686, "median_commerce": 74.575, "median_entertainment": 28.473, "PC1_pos": 1.1117599808497998, "nivvie": 31821.022321428572, "rel_education": 0.72600001062982089, "rel_sante": 0.39072928436197146, "rel_services": 0.52784016212799334, "rel_commerce": 0.45158205082019326, "rel_loisirs": 0.73977499547210679, "rel_pc1": 0.53033000920963846, "q_revenu": 4, "q_population": 2 }, "geometry": { "type": "Polygon", "coordinates": [ [ [ 4.804412614601648, 45.757467217057936 ], [ 4.804241187383713, 45.759264097769758 ], [ 4.806803591191618, 45.759389689147277 ], [ 4.806974934577262, 45.757592803649779 ], [ 4.804412614601648, 45.757467217057936 ] ] ] } },
{ "type": "Feature", "properties": { "idcar_200m": "CRS3035RES200mN2530200E3916800", "population": 527.0, "median_education": 16.9565, "median_healthcare": 20.4345, "median_services": 8.5815, "median_commerce": 92.5195, "median_entertainment": 34.739, "PC1_pos": 1.3492110555134058, "nivvie": 29956.797533206831, "rel_education": 0.83420879448699303, "rel_sante": 0.42665157429169109, "rel_services": 0.67748434808575753, "rel_commerce": 0.56024331948855333, "rel_loisirs": 0.90257589884120126, "rel_pc1": 0.64359854988595699, "q_revenu": 4, "q_population": 4 }, "geometry": { "type": "Polygon", "coordinates": [ [ [ 4.806974934577262, 45.757592803649779 ], [ 4.806803591191618, 45.759389689147277 ], [ 4.809366005649814, 45.759515218677095 ], [ 4.809537265201772, 45.75771832839628 ], [ 4.806974934577262, 45.757592803649779 ] ] ] } },
{ "type": "Feature", "properties": { "idcar_200m": "CRS3035RES200mN2530200E3917000", "population": 359.5, "median_education": 19.481, "median_healthcare": 23.304, "median_services": 10.181, "median_commerce": 113.08, "median_entertainment": 41.46, "PC1_pos": 1.6535387727286253, "nivvie": 25911.776077885952, "rel_education": 0.95840660073724615, "rel_sante": 0.48656381547351629, "rel_services": 0.80376019901661677, "rel_commerce": 0.6847455354575589, "rel_loisirs": 1.0771984445711218, "rel_pc1": 0.78876848211371198, "q_revenu": 3, "q_population": 3 }, "geometry": { "type": "Polygon", "coordinates": [ [ [ 4.809537265201772, 45.75771832839628 ], [ 4.809366005649814, 45.759515218677095 ], [ 4.811928430753154, 45.759640686358821 ], [ 4.812099606470026, 45.757843791296978 ], [ 4.809537265201772, 45.75771832839628 ] ] ] } },
{ "type": "Feature", "properties": { "idcar_200m": "CRS3035RES200mN2530200E3917200", "population": 490.0, "median_education": 21.497, "median_healthcare": 27.808, "median_services": 12.68, "median_commerce": 147.139, "median_entertainment": 48.222, "PC1_pos": 1.9600980965651096, "nivvie": 20598.818163265307, "rel_education": 1.0575877365663251, "rel_sante": 0.58060275406314543, "rel_services": 1.0010489464228172, "rel_commerce": 0.89098667617341487, "rel_loisirs": 1.2528862371950948, "rel_pc1": 0.93500293184559857, "q_revenu": 1, "q_population": 4 }, "geometry": { "type": "Polygon", "coordinates": [ [ [ 4.812099606470026, 45.757843791296978 ], [ 4.811928430753154, 45.759640686358821 ], [ 4.814490866496486, 45.759766092192059 ], [ 4.814661958376877, 45.757969192351503 ], [ 4.812099606470026, 45.757843791296978 ] ] ] } },
{ "type": "Feature", "properties": { "idcar_200m": "CRS3035RES200mN2530200E3917400", "population": 45.5, "median_education": 19.6715, "median_healthcare": 27.475, "median_services": 12.2815, "median_commerce": 148.1635, "median_entertainment": 47.924, "PC1_pos": 1.9374918620636539, "nivvie": 24347.140659340657, "rel_education": 0.96777862770919043, "rel_sante": 0.57365005278642556, "rel_services": 0.9695885359220684, "rel_commerce": 0.89719044165870199, "rel_loisirs": 1.2451437109895427, "rel_pc1": 0.92421934118047289, "q_revenu": 2, "q_population": 1 }, "geometry": { "type": "Polygon", "coordinates": [ [ [ 4.814661958376877, 45.757969192351503 ], [ 4.814490866496486, 45.759766092192059 ], [ 4.817053312874671, 45.759891436176297 ], [ 4.817224320917182, 45.758094531559458 ], [ 4.814661958376877, 45.757969192351503 ] ] ] } },
{ "type": "Feature", "properties": { "idcar_200m": "CRS3035RES200mN2530200E3918000", "population": 239.0, "median_education": 25.877, "median_healthcare": 43.919, "median_services": 19.137, "median_commerce": 255.999, "median_entertainment": 64.756, "PC1_pos": 3.0035556552249387, "nivvie": 35979.848953974899, "rel_education": 1.2730705614330742, "rel_sante": 0.91698404616294893, "rel_services": 1.5108102277360766, "rel_commerce": 1.5501783899151009, "rel_loisirs": 1.6824665334454307, "rel_pc1": 1.4327514263281464, "q_revenu": 5, "q_population": 2 }, "geometry": { "type": "Polygon", "coordinates": [ [ [ 4.822349077877552, 45.758345024433901 ], [ 4.822178237514979, 45.760141938596433 ], [ 4.824740715766811, 45.760267097031495 ], [ 4.824911472287322, 45.75847017809955 ], [ 4.822349077877552, 45.758345024433901 ] ] ] } },
{ "type": "Feature", "properties": { "idcar_200m": "CRS3035RES200mN2530200E3918200", "population": 889.5, "median_education": 33.695, "median_healthcare": 78.6705, "median_services": 32.5675, "median_commerce": 440.7085, "median_entertainment": 84.9565, "PC1_pos": 4.8167586310517612, "nivvie": 27034.714109050026, "rel_education": 1.6576926447226277, "rel_sante": 1.6425600173879706, "rel_services": 2.5711089560429881, "rel_commerce": 2.668669771959653, "rel_loisirs": 2.2073084818187776, "rel_pc1": 2.2976826771671668, "q_revenu": 3, "q_population": 5 }, "geometry": { "type": "Polygon", "coordinates": [ [ [ 4.824911472287322, 45.75847017809955 ], [ 4.824740715766811, 45.760267097031495 ], [ 4.827303204632893, 45.760392193615949 ], [ 4.82747387730995, 45.758595269916995 ], [ 4.824911472287322, 45.75847017809955 ] ] ] } },
{ "type": "Feature", "properties": { "idcar_200m": "CRS3035RES200mN2530200E3918400", "population": 53.0, "median_education": 35.187, "median_healthcare": 88.933, "median_services": 37.017, "median_commerce": 507.905, "median_entertainment": 93.21, "PC1_pos": 5.4244881763774062, "nivvie": 41266.111320754717, "rel_education": 1.7310945567548626, "rel_sante": 1.8568305785061032, "rel_services": 2.9223839786856014, "rel_commerce": 3.0755719949290006, "rel_loisirs": 2.4217478779178547, "rel_pc1": 2.5875808754483849, "q_revenu": 5, "q_population": 1 }, "geometry": { "type": "Polygon", "coordinates": [ [ [ 4.82747387730995, 45.758595269916995 ], [ 4.827303204632893, 45.760392193615949 ], [ 4.829865704108077, 45.760517228349414 ], [ 4.830036292940289, 45.758720299885773 ], [ 4.82747387730995, 45.758595269916995 ] ] ] } },
{ "type": "Feature", "properties": { "idcar_200m": "CRS3035RES200mN2530200E3918600", "population": 607.0, "median_education": 35.957, "median_healthcare": 103.041, "median_services": 38.655, "median_commerce": 576.05, "median_entertainment": 98.128, "PC1_pos": 5.898051714454537, "nivvie": 34126.12421746293, "rel_education": 1.7689762405784693, "rel_sante": 2.1513912680315221, "rel_services": 3.0516992921115138, "rel_commerce": 3.4882177723764305, "rel_loisirs": 2.5495255419410285, "rel_pc1": 2.8134794145537638, "q_revenu": 5, "q_population": 4 }, "geometry": { "type": "Polygon", "coordinates": [ [ [ 4.830036292940289, 45.758720299885773 ], [ 4.829865704108077, 45.760517228349414 ], [ 4.832428214187215, 45.760642201231484 ], [ 4.832598719173189, 45.758845268005459 ], [ 4.830036292940289, 45.758720299885773 ] ] ] } },
{ "type": "Feature", "properties": { "idcar_200m": "CRS3035RES200mN2530200E3918800", "population": 823.0, "median_education": 36.667, "median_healthcare": 114.808, "median_services": 41.2235, "median_commerce": 620.0975, "median_entertainment": 105.946, "PC1_pos": 6.3626022260015063, "nivvie": 33903.030376670715, "rel_education": 1.8039061048833533, "rel_sante": 2.3970742587917719, "rel_services": 3.2544748614243693, "rel_commerce": 3.7549433557958398, "rel_loisirs": 2.7526499374947435, "rel_pc1": 3.0350785738243933, "q_revenu": 5, "q_population": 5 }, "geometry": { "type": "Polygon", "coordinates": [ [ [ 4.832598719173189, 45.758845268005459 ], [ 4.832428214187215, 45.760642201231484 ], [ 4.834990734865157, 45.760767112261782 ], [ 4.835161156003502, 45.758970174275682 ], [ 4.832598719173189, 45.758845268005459 ] ] ] } },
{ "type": "Feature", "properties": { "idcar_200m": "CRS3035RES200mN2530200E3919000", "population": 299.0, "median_education": 35.5605, "median_healthcare": 118.352, "median_services": 41.038, "median_commerce": 601.399, "median_entertainment": 102.961, "PC1_pos": 6.2162603380354966, "nivvie": 35461.388294314384, "rel_education": 1.7494696332589106, "rel_sante": 2.4710693738809475, "rel_services": 3.2398301784936567, "rel_commerce": 3.6417163095033644, "rel_loisirs": 2.67509476728141, "rel_pc1": 2.9652707950505546, "q_revenu": 5, "q_population": 3 }, "geometry": { "type": "Polygon", "coordinates": [ [ [ 4.835161156003502, 45.758970174275682 ], [ 4.834990734865157, 45.760767112261782 ], [ 4.837553266136752, 45.760891961439832 ], [ 4.837723603426077, 45.75909501869603 ], [ 4.835161156003502, 45.758970174275682 ] ] ] } },
{ "type": "Feature", "properties": { "idcar_200m": "CRS3035RES200mN2530200E3919400", "population": 531.5, "median_education": 36.7115, "median_healthcare": 126.487, "median_services": 41.799, "median_commerce": 598.862, "median_entertainment": 92.123, "PC1_pos": 6.1237863836882926, "nivvie": 36187.842897460017, "rel_education": 1.8060953710264058, "rel_sante": 2.6409198990644804, "rel_services": 3.2999089046945844, "rel_commerce": 3.6263537394338927, "rel_loisirs": 2.3935058444096824, "rel_pc1": 2.9211590138159771, "q_revenu": 5, "q_population": 4 }, "geometry": { "type": "Polygon", "coordinates": [ [ [ 4.840286061435766, 45.759219801266056 ], [ 4.840115807996849, 45.761016748765215 ], [ 4.842678360440302, 45.761141474237597 ], [ 4.842848530027419, 45.759344521985362 ], [ 4.840286061435766, 45.759219801266056 ] ] ] } },
{ "type": "Feature", "properties": { "idcar_200m": "CRS3035RES200mN2530200E3919600", "population": 670.5, "median_education": 39.453, "median_healthcare": 132.747, "median_services": 42.4755, "median_commerce": 611.53, "median_entertainment": 87.957, "PC1_pos": 6.3676753122414862, "nivvie": 35550.470693512303, "rel_education": 1.9409689245360389, "rel_sante": 2.7716223314736901, "rel_services": 3.3533166028219532, "rel_commerce": 3.7030636478454277, "rel_loisirs": 2.2852663673213254, "rel_pc1": 3.0374985294971215, "q_revenu": 5, "q_population": 4 }, "geometry": { "type": "Polygon", "coordinates": [ [ [ 4.842848530027419, 45.759344521985362 ], [ 4.842678360440302, 45.761141474237597 ], [ 4.845240923461955, 45.761266137856516 ], [ 4.845411009195885, 45.759469180853579 ], [ 4.842848530027419, 45.759344521985362 ] ] ] } },
{ "type": "Feature", "properties": { "idcar_200m": "CRS3035RES200mN2530200E3919800", "population": 564.0, "median_education": 42.332, "median_healthcare": 138.508, "median_services": 43.243, "median_commerce": 631.847, "median_entertainment": 85.855, "PC1_pos": 6.5366333798355694, "nivvie": 34292.955496453898, "rel_education": 2.0826070644427443, "rel_sante": 2.8919061514592261, "rel_services": 3.4139084850285397, "rel_commerce": 3.8260913719689791, "rel_loisirs": 2.230652977777464, "rel_pc1": 3.1180946429448482, "q_revenu": 5, "q_population": 4 }, "geometry": { "type": "Polygon", "coordinates": [ [ [ 4.845411009195885, 45.759469180853579 ], [ 4.845240923461955, 45.761266137856516 ], [ 4.847803497056666, 45.761390739621575 ], [ 4.847973498936017, 45.759593777870244 ], [ 4.845411009195885, 45.759469180853579 ] ] ] } },
{ "type": "Feature", "properties": { "idcar_200m": "CRS3035RES200mN2530200E3920000", "population": 385.5, "median_education": 43.748, "median_healthcare": 134.668, "median_services": 42.068, "median_commerce": 620.705, "median_entertainment": 81.667, "PC1_pos": 6.3872631464852017, "nivvie": 30264.926588845654, "rel_education": 2.1522700050845973, "rel_sante": 2.8117308574574107, "rel_services": 3.3211456686210621, "rel_commerce": 3.7586220161494879, "rel_loisirs": 2.1218419047947372, "rel_pc1": 3.0468422875868182, "q_revenu": 4, "q_population": 3 }, "geometry": { "type": "Polygon", "coordinates": [ [ [ 4.847973498936017, 45.759593777870244 ], [ 4.847803497056666, 45.761390739621575 ], [ 4.850366081219276, 45.76151527953234 ], [ 4.850535999242667, 45.759718313034952 ], [ 4.847973498936017, 45.759593777870244 ] ] ] } },
{ "type": "Feature", "properties": { "idcar_200m": "CRS3035RES200mN2530200E3920200", "population": 384.0, "median_education": 41.776, "median_healthcare": 125.83, "median_services": 37.852, "median_commerce": 550.599, "median_entertainment": 72.441, "PC1_pos": 5.8180331651108634, "nivvie": 22658.48125, "rel_education": 2.0552535369025815, "rel_sante": 2.6272024073563576, "rel_services": 2.9883047886432554, "rel_commerce": 3.3341015836345633, "rel_loisirs": 1.882135372001366, "rel_pc1": 2.775309091155421, "q_revenu": 2, "q_population": 3 }, "geometry": { "type": "Polygon", "coordinates": [ [ [ 4.850535999242667, 45.759718313034952 ], [ 4.850366081219276, 45.76151527953234 ], [ 4.852928675944635, 45.761639757588455 ], [ 4.853098510110677, 45.759842786347299 ], [ 4.850535999242667, 45.759718313034952 ] ] ] } },
{ "type": "Feature", "properties": { "idcar_200m": "CRS3035RES200mN2530200E3920600", "population": 6.0, "median_education": 34.196, "median_healthcare": 102.814, "median_services": 30.44, "median_commerce": 365.8, "median_entertainment": 56.358, "PC1_pos": 4.3936487612199757, "nivvie": 21871.616666666669, "rel_education": 1.6823403377039612, "rel_sante": 2.1466517389329773, "rel_services": 2.4031490480371098, "rel_commerce": 2.2150682425749473, "rel_loisirs": 1.4642727915856073, "rel_pc1": 2.0958514680665625, "q_revenu": 1, "q_population": 1 }, "geometry": { "type": "Polygon", "coordinates": [ [ [ 4.855661031534905, 45.759967197806915 ], [ 4.855491281227597, 45.761764173789444 ], [ 4.858053897063007, 45.761888528134925 ], [ 4.858223563510196, 45.760091547413303 ], [ 4.855661031534905, 45.759967197806915 ] ] ] } },
{ "type": "Feature", "properties": { "idcar_200m": "CRS3035RES200mN2530200E3920800", "population": 245.0, "median_education": 32.4485, "median_healthcare": 87.629, "median_services": 25.4195, "median_commerce": 284.966, "median_entertainment": 48.518, "PC1_pos": 3.6471296690888511, "nivvie": 16815.684897959181, "rel_education": 1.5963685942211656, "rel_sante": 1.8296043849179868, "rel_services": 2.006795243974353, "rel_commerce": 1.7255853931482024, "rel_loisirs": 1.2605768001375226, "rel_pc1": 1.7397480969932002, "q_revenu": 1, "q_population": 2 }, "geometry": { "type": "Polygon", "coordinates": [ [ [ 4.858223563510196, 45.760091547413303 ], [ 4.858053897063007, 45.761888528134925 ], [ 4.860616523445715, 45.762012820624491 ], [ 4.860786106031399, 45.760215835166157 ], [ 4.858223563510196, 45.760091547413303 ] ] ] } },
{ "type": "Feature", "properties": { "idcar_200m": "CRS3035RES200mN2530200E3921000", "population": 161.5, "median_education": 32.276, "median_healthcare": 81.839, "median_services": 20.842, "median_commerce": 228.237, "median_entertainment": 44.125, "PC1_pos": 3.1923718396747729, "nivvie": 21317.996904024767, "rel_education": 1.5878821131048384, "rel_sante": 1.7087150744308746, "rel_services": 1.6454149953741604, "rel_commerce": 1.3820681533093992, "rel_loisirs": 1.1464394926845332, "rel_pc1": 1.5228202276549121, "q_revenu": 1, "q_population": 2 }, "geometry": { "type": "Polygon", "coordinates": [ [ [ 4.860786106031399, 45.760215835166157 ], [ 4.860616523445715, 45.762012820624491 ], [ 4.863179160370566, 45.762137051257781 ], [ 4.863348659093361, 45.760340061064973 ], [ 4.860786106031399, 45.760215835166157 ] ] ] } },
{ "type": "Feature", "properties": { "idcar_200m": "CRS3035RES200mN2530200E3921200", "population": 565.5, "median_education": 31.189, "median_healthcare": 74.929, "median_services": 17.562, "median_commerce": 194.946, "median_entertainment": 38.964, "PC1_pos": 2.784261661528959, "nivvie": 21142.511405835543, "rel_education": 1.5344049828239807, "rel_sante": 1.5644413031932332, "rel_services": 1.3864685802111605, "rel_commerce": 1.1804775659295124, "rel_loisirs": 1.0123482921917315, "rel_pc1": 1.3281441480489695, "q_revenu": 1, "q_population": 4 }, "geometry": { "type": "Polygon", "coordinates": [ [ [ 4.863348659093361, 45.760340061064973 ], [ 4.863179160370566, 45.762137051257781 ], [ 4.865741807832414, 45.762261220034297 ], [ 4.865911222690938, 45.760464225109438 ], [ 4.863348659093361, 45.760340061064973 ] ] ] } },
{ "type": "Feature", "properties": { "idcar_200m": "CRS3035RES200mN2530200E3921400", "population": 860.5, "median_education": 30.7405, "median_healthcare": 67.633, "median_services": 14.8705, "median_commerce": 161.765, "median_entertainment": 34.9495, "PC1_pos": 2.4418240649809486, "nivvie": 24966.963044741427, "rel_education": 1.5123401319215293, "rel_sante": 1.4121082445897839, "rel_services": 1.1739825203296925, "rel_commerce": 0.97955307342847542, "rel_loisirs": 0.90804503228505595, "rel_pc1": 1.1647951007193302, "q_revenu": 2, "q_population": 5 }, "geometry": { "type": "Polygon", "coordinates": [ [ [ 4.865911222690938, 45.760464225109438 ], [ 4.865741807832414, 45.762261220034297 ], [ 4.868304465826101, 45.76238532695367 ], [ 4.868473796818973, 45.760588327299054 ], [ 4.865911222690938, 45.760464225109438 ] ] ] } },
{ "type": "Feature", "properties": { "idcar_200m": "CRS3035RES200mN2530200E3921600", "population": 1041.0, "median_education": 25.5285, "median_healthcare": 56.2835, "median_services": 10.9195, "median_commerce": 121.934, "median_entertainment": 28.158, "PC1_pos": 1.9496728741883649, "nivvie": 29531.468587896255, "rel_education": 1.2559254097284938, "rel_sante": 1.1751422291539502, "rel_services": 0.86206261596718858, "rel_commerce": 0.73836011779697541, "rel_loisirs": 0.73159078152999635, "rel_pc1": 0.93002990855432532, "q_revenu": 4, "q_population": 5 }, "geometry": { "type": "Polygon", "coordinates": [ [ [ 4.868473796818973, 45.760588327299054 ], [ 4.868304465826101, 45.76238532695367 ], [ 4.870867134346482, 45.762509372015472 ], [ 4.871036381472318, 45.760712367633452 ], [ 4.868473796818973, 45.760588327299054 ] ] ] } },
{ "type": "Feature", "properties": { "idcar_200m": "CRS3035RES200mN2530200E3921800", "population": 616.0, "median_education": 22.0945, "median_healthcare": 48.2765, "median_services": 8.547, "median_commerce": 99.3905, "median_entertainment": 23.3055, "PC1_pos": 1.578918225203219, "nivvie": 23145.798214285714, "rel_education": 1.0869829392736043, "rel_sante": 1.0079642137704776, "rel_services": 0.67476067390187844, "rel_commerce": 0.60185002778470553, "rel_loisirs": 0.60551491437415039, "rel_pc1": 0.75317310510965041, "q_revenu": 2, "q_population": 4 }, "geometry": { "type": "Polygon", "coordinates": [ [ [ 4.871036381472318, 45.760712367633452 ], [ 4.870867134346482, 45.762509372015472 ], [ 4.873429813388399, 45.762633355219357 ], [ 4.873598976645819, 45.760836346112221 ], [ 4.871036381472318, 45.760712367633452 ] ] ] } },
{ "type": "Feature", "properties": { "idcar_200m": "CRS3035RES200mN2530400E3915000", "population": 400.5, "median_education": 13.012, "median_healthcare": 9.746, "median_services": 1.542, "median_commerce": 19.071, "median_entertainment": 13.611, "PC1_pos": 0.45290193917625032, "nivvie": 31433.635705368288, "rel_education": 0.64015125962697228, "rel_sante": 0.20348656649523217, "rel_services": 0.12173639395772745, "rel_commerce": 0.1154826857685807, "rel_loisirs": 0.35363598719386247, "rel_pc1": 0.21604257547641803, "q_revenu": 4, "q_population": 3 }, "geometry": { "type": "Polygon", "coordinates": [ [ [ 4.783742340948683, 45.758257140282751 ], [ 4.783570228374785, 45.760053980169012 ], [ 4.786132630623239, 45.760180071117787 ], [ 4.786304659368946, 45.75838322642683 ], [ 4.783742340948683, 45.758257140282751 ] ] ] } },
{ "type": "Feature", "properties": { "idcar_200m": "CRS3035RES200mN2530400E3915200", "population": 303.0, "median_education": 16.919, "median_healthcare": 12.871, "median_services": 2.067, "median_commerce": 28.573, "median_entertainment": 15.435, "PC1_pos": 0.57760965510544215, "nivvie": 28735.578217821781, "rel_education": 0.83236390728779153, "rel_sante": 0.26873338778577194, "rel_services": 0.16318360979936616, "rel_commerce": 0.17302117248522134, "rel_loisirs": 0.40102648316341688, "rel_pc1": 0.27553045530340053, "q_revenu": 3, "q_population": 3 }, "geometry": { "type": "Polygon", "coordinates": [ [ [ 4.786304659368946, 45.75838322642683 ], [ 4.786132630623239, 45.760180071117787 ], [ 4.78869504356457, 45.760306100219871 ], [ 4.788866988480681, 45.758509250726533 ], [ 4.786304659368946, 45.75838322642683 ] ] ] } },
{ "type": "Feature", "properties": { "idcar_200m": "CRS3035RES200mN2530400E3915400", "population": 157.0, "median_education": 19.861, "median_healthcare": 16.991, "median_services": 2.719, "median_commerce": 37.978, "median_entertainment": 18.7835, "PC1_pos": 0.77301770868098618, "nivvie": 26942.650955414014, "rel_education": 0.97710145768915591, "rel_sante": 0.3547547969752195, "rel_services": 0.21465710452079179, "rel_commerce": 0.22997228462687624, "rel_loisirs": 0.48802597644963014, "rel_pc1": 0.36874369974231552, "q_revenu": 3, "q_population": 2 }, "geometry": { "type": "Polygon", "coordinates": [ [ [ 4.788866988480681, 45.758509250726533 ], [ 4.78869504356457, 45.760306100219871 ], [ 4.791257467193623, 45.760432067474852 ], [ 4.791429328278735, 45.758635213181471 ], [ 4.788866988480681, 45.758509250726533 ] ] ] } },
{ "type": "Feature", "properties": { "idcar_200m": "CRS3035RES200mN2530400E3915600", "population": 178.0, "median_education": 20.343, "median_healthcare": 20.136, "median_services": 3.19, "median_commerce": 46.385, "median_entertainment": 21.401, "PC1_pos": 0.8897718981856837, "nivvie": 27715.168539325841, "rel_education": 1.000814407822894, "rel_sante": 0.42041919792201871, "rel_services": 0.2518411781615762, "rel_commerce": 0.28088009959496696, "rel_loisirs": 0.55603289706383441, "rel_pc1": 0.4244376008197418, "q_revenu": 3, "q_population": 2 }, "geometry": { "type": "Polygon", "coordinates": [ [ [ 4.791429328278735, 45.758635213181471 ], [ 4.791257467193623, 45.760432067474852 ], [ 4.793819901505254, 45.760557972882303 ], [ 4.793991678757968, 45.758761113791188 ], [ 4.791429328278735, 45.758635213181471 ] ] ] } },
{ "type": "Feature", "properties": { "idcar_200m": "CRS3035RES200mN2530400E3915800", "population": 438.5, "median_education": 19.279, "median_healthcare": 20.422, "median_services": 3.451, "median_commerce": 53.087, "median_entertainment": 22.397, "PC1_pos": 0.91929230692807584, "nivvie": 30237.994526795894, "rel_education": 0.94846880835754677, "rel_sante": 0.42639058700652893, "rel_services": 0.27244636546570522, "rel_commerce": 0.32146344394088633, "rel_loisirs": 0.58191060209984113, "rel_pc1": 0.43851938007955871, "q_revenu": 4, "q_population": 3 }, "geometry": { "type": "Polygon", "coordinates": [ [ [ 4.793991678757968, 45.758761113791188 ], [ 4.793819901505254, 45.760557972882303 ], [ 4.796382346494316, 45.760683816441819 ], [ 4.79655403991323, 45.758886952555301 ], [ 4.793991678757968, 45.758761113791188 ] ] ] } },
{ "type": "Feature", "properties": { "idcar_200m": "CRS3035RES200mN2530400E3916000", "population": 261.5, "median_education": 17.251, "median_healthcare": 18.627, "median_services": 3.719, "median_commerce": 55.086, "median_entertainment": 22.828, "PC1_pos": 0.89633952700659414, "nivvie": 22279.198470363292, "rel_education": 0.84869730862472326, "rel_sante": 0.38891281285724288, "rel_services": 0.29360418231438934, "rel_commerce": 0.33356820451198343, "rel_loisirs": 0.59310868530317329, "rel_pc1": 0.42757048085956534, "q_revenu": 1, "q_population": 2 }, "geometry": { "type": "Polygon", "coordinates": [ [ [ 4.79655403991323, 45.758886952555301 ], [ 4.796382346494316, 45.760683816441819 ], [ 4.798944802155662, 45.76080959815296 ], [ 4.799116411739371, 45.759012729473383 ], [ 4.79655403991323, 45.758886952555301 ] ] ] } },
{ "type": "Feature", "properties": { "idcar_200m": "CRS3035RES200mN2530400E3916200", "population": 143.5, "median_education": 16.1745, "median_healthcare": 17.9025, "median_services": 4.2865, "median_commerce": 58.344, "median_entertainment": 23.5845, "PC1_pos": 0.90809657211649597, "nivvie": 26901.093379790938, "rel_education": 0.79573674675964212, "rel_sante": 0.37378598980924416, "rel_services": 0.33840664896225597, "rel_commerce": 0.35329672374191556, "rel_loisirs": 0.61276378958001976, "rel_pc1": 0.4331788081503592, "q_revenu": 3, "q_population": 2 }, "geometry": { "type": "Polygon", "coordinates": [ [ [ 4.799116411739371, 45.759012729473383 ], [ 4.798944802155662, 45.76080959815296 ], [ 4.801507268484142, 45.760935318015328 ], [ 4.80167879423125, 45.759138444545009 ], [ 4.799116411739371, 45.759012729473383 ] ] ] } },
{ "type": "Feature", "properties": { "idcar_200m": "CRS3035RES200mN2530400E3916400", "population": 34.0, "median_education": 15.5195, "median_healthcare": 18.603, "median_services": 5.7765, "median_commerce": 67.465, "median_entertainment": 27.345, "PC1_pos": 0.99937680909151339, "nivvie": 36778.691176470587, "rel_education": 0.76351271701358714, "rel_sante": 0.38841171726973156, "rel_services": 0.45603779487471635, "rel_commerce": 0.40852810001454026, "rel_loisirs": 0.71046771506988238, "rel_pc1": 0.47672116418895005, "q_revenu": 5, "q_population": 1 }, "geometry": { "type": "Polygon", "coordinates": [ [ [ 4.80167879423125, 45.759138444545009 ], [ 4.801507268484142, 45.760935318015328 ], [ 4.80406974547461, 45.761060976028531 ], [ 4.804241187383713, 45.759264097769758 ], [ 4.80167879423125, 45.759138444545009 ] ] ] } },
{ "type": "Feature", "properties": { "idcar_200m": "CRS3035RES200mN2530400E3916600", "population": 62.0, "median_education": 15.678, "median_healthcare": 20.123, "median_services": 6.688, "median_commerce": 75.965, "median_entertainment": 30.218, "PC1_pos": 1.1464307988700062, "nivvie": 28046.954838709677, "rel_education": 0.77131044024221274, "rel_sante": 0.4201477711454501, "rel_services": 0.52799805628358043, "rel_commerce": 0.45999906792565848, "rel_loisirs": 0.78511294254824304, "rel_pc1": 0.5468686286568929, "q_revenu": 3, "q_population": 1 }, "geometry": { "type": "Polygon", "coordinates": [ [ [ 4.804241187383713, 45.759264097769758 ], [ 4.80406974547461, 45.761060976028531 ], [ 4.806632233121912, 45.761186572192123 ], [ 4.806803591191618, 45.759389689147277 ], [ 4.804241187383713, 45.759264097769758 ] ] ] } },
{ "type": "Feature", "properties": { "idcar_200m": "CRS3035RES200mN2530400E3916800", "population": 102.0, "median_education": 15.578, "median_healthcare": 19.596, "median_services": 7.873, "median_commerce": 84.573, "median_entertainment": 32.886, "PC1_pos": 1.2481787724657512, "nivvie": 37756.271568627453, "rel_education": 0.76639074104434168, "rel_sante": 0.40914454720301346, "rel_services": 0.62155034346899363, "rel_commerce": 0.51212401989964729, "rel_loisirs": 0.85443193555634134, "rel_pc1": 0.59540428806500356, "q_revenu": 5, "q_population": 1 }, "geometry": { "type": "Polygon", "coordinates": [ [ [ 4.806803591191618, 45.759389689147277 ], [ 4.806632233121912, 45.761186572192123 ], [ 4.809194731420907, 45.761312106505699 ], [ 4.809366005649814, 45.759515218677095 ], [ 4.806803591191618, 45.759389689147277 ] ] ] } },
{ "type": "Feature", "properties": { "idcar_200m": "CRS3035RES200mN2530400E3917000", "population": 194.0, "median_education": 15.872, "median_healthcare": 19.707, "median_services": 8.704, "median_commerce": 91.594, "median_entertainment": 37.385, "PC1_pos": 1.339286909673346, "nivvie": 28592.117525773196, "rel_education": 0.78085465668608234, "rel_sante": 0.41146211429525342, "rel_services": 0.68715536511547326, "rel_commerce": 0.55463903939423098, "rel_loisirs": 0.97132329595492972, "rel_pc1": 0.63886454934140269, "q_revenu": 3, "q_population": 2 }, "geometry": { "type": "Polygon", "coordinates": [ [ [ 4.809366005649814, 45.759515218677095 ], [ 4.809194731420907, 45.761312106505699 ], [ 4.811757240366441, 45.761437578968838 ], [ 4.811928430753154, 45.759640686358821 ], [ 4.809366005649814, 45.759515218677095 ] ] ] } },
{ "type": "Feature", "properties": { "idcar_200m": "CRS3035RES200mN2530400E3917200", "population": 14.5, "median_education": 15.335, "median_healthcare": 21.156, "median_services": 9.415, "median_commerce": 109.316, "median_entertainment": 38.3415, "PC1_pos": 1.4339689644257918, "nivvie": 35877.958620689657, "rel_education": 0.75443587199351525, "rel_sante": 0.44171576039125088, "rel_services": 0.74328673742672102, "rel_commerce": 0.66195297978491785, "rel_loisirs": 0.99617472654422723, "rel_pc1": 0.68402963518166726, "q_revenu": 5, "q_population": 1 }, "geometry": { "type": "Polygon", "coordinates": [ [ [ 4.811928430753154, 45.759640686358821 ], [ 4.811757240366441, 45.761437578968838 ], [ 4.814319759953368, 45.761562989581144 ], [ 4.814490866496486, 45.759766092192059 ], [ 4.811928430753154, 45.759640686358821 ] ] ] } },
{ "type": "Feature", "properties": { "idcar_200m": "CRS3035RES200mN2530400E3917400", "population": 200.5, "median_education": 16.329, "median_healthcare": 23.163, "median_services": 10.112, "median_commerce": 122.8445, "median_entertainment": 41.2815, "PC1_pos": 1.5784306590639154, "nivvie": 32897.213466334164, "rel_education": 0.80333768202035283, "rel_sante": 0.48361987889688718, "rel_services": 0.7983128506488586, "rel_commerce": 0.74387356677145466, "rel_loisirs": 1.0725607233372592, "rel_pc1": 0.75294052707158365, "q_revenu": 5, "q_population": 2 }, "geometry": { "type": "Polygon", "coordinates": [ [ [ 4.814490866496486, 45.759766092192059 ], [ 4.814319759953368, 45.761562989581144 ], [ 4.816882290176539, 45.761688338342204 ], [ 4.817053312874671, 45.759891436176297 ], [ 4.814490866496486, 45.759766092192059 ] ] ] } },
{ "type": "Feature", "properties": { "idcar_200m": "CRS3035RES200mN2530400E3917600", "population": 302.5, "median_education": 18.82, "median_healthcare": 29.892, "median_services": 12.698, "median_commerce": 167.3675, "median_entertainment": 49.1545, "PC1_pos": 2.0429555086121458, "nivvie": 32027.448264462808, "rel_education": 0.92588738903931889, "rel_sante": 0.62411455424538054, "rel_services": 1.0024699938231019, "rel_commerce": 1.013478496689892, "rel_loisirs": 1.2771141086268982, "rel_pc1": 0.97452744509566502, "q_revenu": 4, "q_population": 3 }, "geometry": { "type": "Polygon", "coordinates": [ [ [ 4.817053312874671, 45.759891436176297 ], [ 4.816882290176539, 45.761688338342204 ], [ 4.819444831030802, 45.76181362525157 ], [ 4.81961576988255, 45.760016718311263 ], [ 4.817053312874671, 45.759891436176297 ] ] ] } },
{ "type": "Feature", "properties": { "idcar_200m": "CRS3035RES200mN2530400E3917800", "population": 48.5, "median_education": 21.4785, "median_healthcare": 35.4005, "median_services": 15.1615, "median_commerce": 203.804, "median_entertainment": 56.718, "PC1_pos": 2.487898138759026, "nivvie": 25992.472164948453, "rel_education": 1.0566775922147189, "rel_sante": 0.73912643107064091, "rel_services": 1.1969561199676295, "rel_commerce": 1.2341163699008872, "rel_loisirs": 1.4736261789480194, "rel_pc1": 1.1867732834133828, "q_revenu": 3, "q_population": 1 }, "geometry": { "type": "Polygon", "coordinates": [ [ [ 4.81961576988255, 45.760016718311263 ], [ 4.819444831030802, 45.76181362525157 ], [ 4.82200738251101, 45.761938850308908 ], [ 4.822178237514979, 45.760141938596433 ], [ 4.81961576988255, 45.760016718311263 ] ] ] } },
{ "type": "Feature", "properties": { "idcar_200m": "CRS3035RES200mN2530400E3918000", "population": 1.0, "median_education": 25.0135, "median_healthcare": 42.942, "median_services": 18.8205, "median_commerce": 257.9805, "median_entertainment": 64.806, "PC1_pos": 3.0606078520849516, "nivvie": 34324.5, "rel_education": 1.2305889588594583, "rel_sante": 0.89658527995467463, "rel_services": 1.4858234776144028, "rel_commerce": 1.5621771808463809, "rel_loisirs": 1.6837656150235436, "rel_pc1": 1.4599663761440891, "q_revenu": 5, "q_population": 1 }, "geometry": { "type": "Polygon", "coordinates": [ [ [ 4.822178237514979, 45.760141938596433 ], [ 4.82200738251101, 45.761938850308908 ], [ 4.824569944612015, 45.762064013513715 ], [ 4.824740715766811, 45.760267097031495 ], [ 4.822178237514979, 45.760141938596433 ] ] ] } },
{ "type": "Feature", "properties": { "idcar_200m": "CRS3035RES200mN2530400E3918200", "population": 342.5, "median_education": 34.3945, "median_healthcare": 74.048, "median_services": 32.3185, "median_commerce": 446.4375, "median_entertainment": 88.9565, "PC1_pos": 4.7910162646037051, "nivvie": 26729.86102189781, "rel_education": 1.6921059406117351, "rel_sante": 1.5460469193350042, "rel_services": 2.5514511336723826, "rel_commerce": 2.7033612043317468, "rel_loisirs": 2.3112350080678001, "rel_pc1": 2.2854030937403191, "q_revenu": 3, "q_population": 3 }, "geometry": { "type": "Polygon", "coordinates": [ [ [ 4.824740715766811, 45.760267097031495 ], [ 4.824569944612015, 45.762064013513715 ], [ 4.827132517328663, 45.762189114865635 ], [ 4.827303204632893, 45.760392193615949 ], [ 4.824740715766811, 45.760267097031495 ] ] ] } },
{ "type": "Feature", "properties": { "idcar_200m": "CRS3035RES200mN2530400E3918400", "population": 125.0, "median_education": 35.122, "median_healthcare": 86.547, "median_services": 36.726, "median_commerce": 513.126, "median_entertainment": 94.77, "PC1_pos": 5.4152718081870219, "nivvie": 32039.8552, "rel_education": 1.7278967522762465, "rel_sante": 1.8070133255143501, "rel_services": 2.899410379047664, "rel_commerce": 3.1071872800424063, "rel_loisirs": 2.4622792231549737, "rel_pc1": 2.5831844978925478, "q_revenu": 4, "q_population": 2 }, "geometry": { "type": "Polygon", "coordinates": [ [ [ 4.827303204632893, 45.760392193615949 ], [ 4.827132517328663, 45.762189114865635 ], [ 4.829695100655804, 45.762314154364212 ], [ 4.829865704108077, 45.760517228349414 ], [ 4.827303204632893, 45.760392193615949 ] ] ] } },
{ "type": "Feature", "properties": { "idcar_200m": "CRS3035RES200mN2530400E3918600", "population": 338.5, "median_education": 36.43, "median_healthcare": 105.099, "median_services": 40.031, "median_commerce": 623.71, "median_entertainment": 103.298, "PC1_pos": 6.1301446997360713, "nivvie": 30613.213589364848, "rel_education": 1.7922464177843989, "rel_sante": 2.19436021466062, "rel_services": 3.160330471155504, "rel_commerce": 3.7768185171580657, "rel_loisirs": 2.6838505771178904, "rel_pc1": 2.924192047803762, "q_revenu": 4, "q_population": 3 }, "geometry": { "type": "Polygon", "coordinates": [ [ [ 4.829865704108077, 45.760517228349414 ], [ 4.829695100655804, 45.762314154364212 ], [ 4.832257694588294, 45.762439132009092 ], [ 4.832428214187215, 45.760642201231484 ], [ 4.829865704108077, 45.760517228349414 ] ] ] } },
{ "type": "Feature", "properties": { "idcar_200m": "CRS3035RES200mN2530400E3918800", "population": 984.0, "median_education": 36.775, "median_healthcare": 114.682, "median_services": 41.936, "median_commerce": 659.703, "median_entertainment": 110.105, "PC1_pos": 6.5661768931626714, "nivvie": 27847.201829268295, "rel_education": 1.8092193800170537, "rel_sante": 2.3944435069573378, "rel_services": 3.3107246543523075, "rel_commerce": 3.9947708169256981, "rel_loisirs": 2.8607075431621651, "rel_pc1": 3.1321874435175681, "q_revenu": 3, "q_population": 5 }, "geometry": { "type": "Polygon", "coordinates": [ [ [ 4.832428214187215, 45.760642201231484 ], [ 4.832257694588294, 45.762439132009092 ], [ 4.834820299120978, 45.76256404779982 ], [ 4.834990734865157, 45.760767112261782 ], [ 4.832428214187215, 45.760642201231484 ] ] ] } },
{ "type": "Feature", "properties": { "idcar_200m": "CRS3035RES200mN2530400E3919000", "population": 599.5, "median_education": 35.321, "median_healthcare": 117.98, "median_services": 41.857, "median_commerce": 630.954, "median_entertainment": 107.786, "PC1_pos": 6.4396662398401894, "nivvie": 34806.486738949126, "rel_education": 1.7376869536800097, "rel_sante": 2.4633023922745219, "rel_services": 3.3044878352066132, "rel_commerce": 3.820683892634317, "rel_loisirs": 2.800456139569294, "rel_pc1": 3.0718395293118905, "q_revenu": 5, "q_population": 4 }, "geometry": { "type": "Polygon", "coordinates": [ [ [ 4.834990734865157, 45.760767112261782 ], [ 4.834820299120978, 45.76256404779982 ], [ 4.837382914248705, 45.762688901735999 ], [ 4.837553266136752, 45.760891961439832 ], [ 4.834990734865157, 45.760767112261782 ] ] ] } },
{ "type": "Feature", "properties": { "idcar_200m": "CRS3035RES200mN2530400E3919200", "population": 238.0, "median_education": 34.542, "median_healthcare": 115.695, "median_services": 40.344, "median_commerce": 595.495, "median_entertainment": 100.832, "PC1_pos": 6.1166624264237299, "nivvie": 32389.943277310926, "rel_education": 1.699362496928595, "rel_sante": 2.4155939165468787, "rel_services": 3.1850409065049003, "rel_commerce": 3.6059651807331004, "rel_loisirs": 2.6197798736853675, "rel_pc1": 2.9177607548510909, "q_revenu": 4, "q_population": 2 }, "geometry": { "type": "Polygon", "coordinates": [ [ [ 4.837553266136752, 45.760891961439832 ], [ 4.837382914248705, 45.762688901735999 ], [ 4.839945539966327, 45.762813693817215 ], [ 4.840115807996849, 45.761016748765215 ], [ 4.837553266136752, 45.760891961439832 ] ] ] } },
{ "type": "Feature", "properties": { "idcar_200m": "CRS3035RES200mN2530400E3919400", "population": 303.5, "median_education": 35.197, "median_healthcare": 122.9135, "median_services": 40.3095, "median_commerce": 593.0075, "median_entertainment": 91.7875, "PC1_pos": 5.9736329113672335, "nivvie": 38228.623393739705, "rel_education": 1.73158652667465, "rel_sante": 2.5663088539823224, "rel_services": 3.1823172323210209, "rel_commerce": 3.5909023533591111, "rel_loisirs": 2.384789007020546, "rel_pc1": 2.8495330390277691, "q_revenu": 5, "q_population": 3 }, "geometry": { "type": "Polygon", "coordinates": [ [ [ 4.840115807996849, 45.761016748765215 ], [ 4.839945539966327, 45.762813693817215 ], [ 4.842508176268688, 45.762938424043071 ], [ 4.842678360440302, 45.761141474237597 ], [ 4.840115807996849, 45.761016748765215 ] ] ] } },
{ "type": "Feature", "properties": { "idcar_200m": "CRS3035RES200mN2530400E3919600", "population": 839.5, "median_education": 37.631, "median_healthcare": 129.58, "median_services": 40.331, "median_commerce": 611.768, "median_entertainment": 88.412, "PC1_pos": 6.2572595303332399, "nivvie": 34181.722453841576, "rel_education": 1.8513320051508295, "rel_sante": 2.7054985929050051, "rel_services": 3.1840145944935836, "rel_commerce": 3.7045048349469392, "rel_loisirs": 2.297088009682152, "rel_pc1": 2.9848281657091298, "q_revenu": 5, "q_population": 5 }, "geometry": { "type": "Polygon", "coordinates": [ [ [ 4.842678360440302, 45.761141474237597 ], [ 4.842508176268688, 45.762938424043071 ], [ 4.845070823150646, 45.763063092413134 ], [ 4.845240923461955, 45.761266137856516 ], [ 4.842678360440302, 45.761141474237597 ] ] ] } },
{ "type": "Feature", "properties": { "idcar_200m": "CRS3035RES200mN2530400E3919800", "population": 1096.5, "median_education": 40.0375, "median_healthcare": 134.339, "median_services": 40.2625, "median_commerce": 628.355, "median_entertainment": 84.4575, "PC1_pos": 6.3590966596059335, "nivvie": 32845.048335613312, "rel_education": 1.9697245663475944, "rel_sante": 2.8048616721119424, "rel_services": 3.1786067196647223, "rel_commerce": 3.8049458872694943, "rel_loisirs": 2.1943436476692115, "rel_pc1": 3.0334063540189744, "q_revenu": 5, "q_population": 5 }, "geometry": { "type": "Polygon", "coordinates": [ [ [ 4.845240923461955, 45.761266137856516 ], [ 4.845070823150646, 45.763063092413134 ], [ 4.847633480607042, 45.763187698926984 ], [ 4.847803497056666, 45.761390739621575 ], [ 4.845240923461955, 45.761266137856516 ] ] ] } },
{ "type": "Feature", "properties": { "idcar_200m": "CRS3035RES200mN2530400E3920000", "population": 1014.5, "median_education": 41.744, "median_healthcare": 132.053, "median_services": 39.613, "median_commerce": 628.149, "median_entertainment": 78.684, "PC1_pos": 6.2679412811600628, "nivvie": 31884.845638245439, "rel_education": 2.0536792331592628, "rel_sante": 2.7571323174014868, "rel_services": 3.1273305926377803, "rel_commerce": 3.8036984732236481, "rel_loisirs": 2.0443386978445282, "rel_pc1": 2.9899235578008958, "q_revenu": 4, "q_population": 5 }, "geometry": { "type": "Polygon", "coordinates": [ [ [ 4.847803497056666, 45.761390739621575 ], [ 4.847633480607042, 45.763187698926984 ], [ 4.850196148632728, 45.763312243584252 ], [ 4.850366081219276, 45.76151527953234 ], [ 4.847803497056666, 45.761390739621575 ] ] ] } },
{ "type": "Feature", "properties": { "idcar_200m": "CRS3035RES200mN2530400E3920200", "population": 397.0, "median_education": 42.4, "median_healthcare": 131.98, "median_services": 38.643, "median_commerce": 591.828, "median_entertainment": 74.108, "PC1_pos": 6.0691871159281323, "nivvie": 26870.008816120906, "rel_education": 2.0859524598972965, "rel_sante": 2.7556081516561397, "rel_services": 3.0507519271779908, "rel_commerce": 3.5837599996354452, "rel_loisirs": 1.9254467518156464, "rel_pc1": 2.8951141564071392, "q_revenu": 3, "q_population": 3 }, "geometry": { "type": "Polygon", "coordinates": [ [ [ 4.850366081219276, 45.76151527953234 ], [ 4.850196148632728, 45.763312243584252 ], [ 4.852758827222551, 45.763436726384498 ], [ 4.852928675944635, 45.761639757588455 ], [ 4.850366081219276, 45.76151527953234 ] ] ] } },
{ "type": "Feature", "properties": { "idcar_200m": "CRS3035RES200mN2530400E3920400", "population": 277.5, "median_education": 37.3685, "median_healthcare": 120.6385, "median_services": 35.7375, "median_commerce": 474.1905, "median_entertainment": 63.023, "PC1_pos": 5.1620389135805214, "nivvie": 26932.794594594594, "rel_education": 1.838417794756418, "rel_sante": 2.5188091680828095, "rel_services": 2.8213711926486926, "rel_commerce": 2.8714169422655429, "rel_loisirs": 1.6374403659480414, "rel_pc1": 2.4623877381223358, "q_revenu": 3, "q_population": 3 }, "geometry": { "type": "Polygon", "coordinates": [ [ [ 4.852928675944635, 45.761639757588455 ], [ 4.852758827222551, 45.763436726384498 ], [ 4.855321516371363, 45.76356114732733 ], [ 4.855491281227597, 45.761764173789444 ], [ 4.852928675944635, 45.761639757588455 ] ] ] } },
{ "type": "Feature", "properties": { "idcar_200m": "CRS3035RES200mN2530400E3920600", "population": 290.0, "median_education": 34.764, "median_healthcare": 117.649, "median_services": 32.534, "median_commerce": 400.071, "median_entertainment": 58.287, "PC1_pos": 4.7135120074766759, "nivvie": 23782.45, "rel_education": 1.7102842291478686, "rel_sante": 2.4563914489634278, "rel_services": 2.5684642289369028, "rel_commerce": 2.4225931297845866, "rel_loisirs": 1.5143913588691986, "rel_pc1": 2.2484321340871882, "q_revenu": 2, "q_population": 3 }, "geometry": { "type": "Polygon", "coordinates": [ [ [ 4.855491281227597, 45.761764173789444 ], [ 4.855321516371363, 45.76356114732733 ], [ 4.857884216074007, 45.763685506412315 ], [ 4.858053897063007, 45.761888528134925 ], [ 4.855491281227597, 45.761764173789444 ] ] ] } },
{ "type": "Feature", "properties": { "idcar_200m": "CRS3035RES200mN2530400E3920800", "population": 52.5, "median_education": 31.942, "median_healthcare": 107.162, "median_services": 27.8505, "median_commerce": 330.575, "median_entertainment": 52.037, "PC1_pos": 4.0578284494563537, "nivvie": 21871.609523809522, "rel_education": 1.5714503177839492, "rel_sante": 2.2374335562037828, "rel_services": 2.1987155900905888, "rel_commerce": 2.0017664961432837, "rel_loisirs": 1.3520061616051005, "rel_pc1": 1.9356589875868695, "q_revenu": 1, "q_population": 1 }, "geometry": { "type": "Polygon", "coordinates": [ [ [ 4.858053897063007, 45.761888528134925 ], [ 4.857884216074007, 45.763685506412315 ], [ 4.860446926325332, 45.763809803639084 ], [ 4.860616523445715, 45.762012820624491 ], [ 4.858053897063007, 45.761888528134925 ] ] ] } },
{ "type": "Feature", "properties": { "idcar_200m": "CRS3035RES200mN2530400E3921000", "population": 345.0, "median_education": 30.896, "median_healthcare": 94.524, "median_services": 22.353, "median_commerce": 257.989, "median_entertainment": 46.795, "PC1_pos": 3.4580323146570668, "nivvie": 22207.273623188408, "rel_education": 1.5199902641742189, "rel_sante": 1.9735649714134336, "rel_services": 1.7647040299202865, "rel_commerce": 1.562228651814292, "rel_loisirs": 1.215810448955756, "rel_pc1": 1.6495451724009047, "q_revenu": 1, "q_population": 3 }, "geometry": { "type": "Polygon", "coordinates": [ [ [ 4.860616523445715, 45.762012820624491 ], [ 4.860446926325332, 45.763809803639084 ], [ 4.863009647120187, 45.763934039007161 ], [ 4.863179160370566, 45.762137051257781 ], [ 4.860616523445715, 45.762012820624491 ] ] ] } },
{ "type": "Feature", "properties": { "idcar_200m": "CRS3035RES200mN2530400E3921200", "population": 895.0, "median_education": 29.5225, "median_healthcare": 85.3395, "median_services": 18.5935, "median_commerce": 213.4485, "median_entertainment": 40.8215, "PC1_pos": 2.9670325984166532, "nivvie": 29262.276089385476, "rel_education": 1.4524181956914608, "rel_sante": 1.7818019537676852, "rel_services": 1.4679024909552563, "rel_commerce": 1.2925177522560378, "rel_loisirs": 1.0606091728186215, "rel_pc1": 1.4153292548278764, "q_revenu": 4, "q_population": 5 }, "geometry": { "type": "Polygon", "coordinates": [ [ [ 4.863179160370566, 45.762137051257781 ], [ 4.863009647120187, 45.763934039007161 ], [ 4.865572378453423, 45.764058212516176 ], [ 4.865741807832414, 45.762261220034297 ], [ 4.863179160370566, 45.762137051257781 ] ] ] } },
{ "type": "Feature", "properties": { "idcar_200m": "CRS3035RES200mN2530400E3921400", "population": 1468.5, "median_education": 27.688, "median_healthcare": 77.622, "median_services": 15.1085, "median_commerce": 169.8715, "median_entertainment": 35.124, "PC1_pos": 2.5447864456592013, "nivvie": 28177.002519577803, "rel_education": 1.3621663139065179, "rel_sante": 1.6206684039085686, "rel_services": 1.1927719248445687, "rel_commerce": 1.0286412382957084, "rel_loisirs": 0.91257882699266968, "rel_pc1": 1.2139100546967223, "q_revenu": 3, "q_population": 5 }, "geometry": { "type": "Polygon", "coordinates": [ [ [ 4.865741807832414, 45.762261220034297 ], [ 4.865572378453423, 45.764058212516176 ], [ 4.868135120319877, 45.764182324165716 ], [ 4.868304465826101, 45.76238532695367 ], [ 4.865741807832414, 45.762261220034297 ] ] ] } },
{ "type": "Feature", "properties": { "idcar_200m": "CRS3035RES200mN2530400E3921600", "population": 1077.0, "median_education": 24.4545, "median_healthcare": 68.64, "median_services": 12.2055, "median_commerce": 135.511, "median_entertainment": 29.0175, "PC1_pos": 2.0990792030680523, "nivvie": 25034.719498607243, "rel_education": 1.2030878403433594, "rel_sante": 1.4331333802824477, "rel_services": 0.96358855800975507, "rel_commerce": 0.82057439207100513, "rel_loisirs": 0.75392199385775505, "rel_pc1": 1.0012994821453607, "q_revenu": 2, "q_population": 5 }, "geometry": { "type": "Polygon", "coordinates": [ [ [ 4.868304465826101, 45.76238532695367 ], [ 4.868135120319877, 45.764182324165716 ], [ 4.870697872714408, 45.764306373955428 ], [ 4.870867134346482, 45.762509372015472 ], [ 4.868304465826101, 45.76238532695367 ] ] ] } },
{ "type": "Feature", "properties": { "idcar_200m": "CRS3035RES200mN2530600E3915000", "population": 313.0, "median_education": 12.8105, "median_healthcare": 9.398, "median_services": 1.638, "median_commerce": 19.9855, "median_entertainment": 12.494, "PC1_pos": 0.4484835471218005, "nivvie": 29208.98466453674, "rel_education": 0.63023806574326224, "rel_sante": 0.19622068047631763, "rel_services": 0.12931531342591279, "rel_commerce": 0.12102035637501807, "rel_loisirs": 0.32461450473882286, "rel_pc1": 0.21393492100127037, "q_revenu": 4, "q_population": 3 }, "geometry": { "type": "Polygon", "coordinates": [ [ [ 4.783570228374785, 45.760053980169012 ], [ 4.783398101051066, 45.761850817599161 ], [ 4.785960587134825, 45.761976913353102 ], [ 4.786132630623239, 45.760180071117787 ], [ 4.783570228374785, 45.760053980169012 ] ] ] } },
{ "type": "Feature", "properties": { "idcar_200m": "CRS3035RES200mN2530600E3915200", "population": 401.0, "median_education": 15.103, "median_healthcare": 11.616, "median_services": 1.9395, "median_commerce": 25.63, "median_entertainment": 14.79, "PC1_pos": 0.55400451481014912, "nivvie": 32370.576807980051, "rel_education": 0.74302216985445446, "rel_sante": 0.24253026435549113, "rel_services": 0.15311785738068248, "rel_commerce": 0.15520010677199536, "rel_loisirs": 0.38426833080576195, "rel_pc1": 0.26427036815704658, "q_revenu": 4, "q_population": 3 }, "geometry": { "type": "Polygon", "coordinates": [ [ [ 4.786132630623239, 45.760180071117787 ], [ 4.785960587134825, 45.761976913353102 ], [ 4.788523083912859, 45.762102947258001 ], [ 4.78869504356457, 45.760306100219871 ], [ 4.786132630623239, 45.760180071117787 ] ] ] } },
{ "type": "Feature", "properties": { "idcar_200m": "CRS3035RES200mN2530600E3915400", "population": 562.0, "median_education": 16.5975, "median_healthcare": 14.3325, "median_services": 2.4655, "median_commerce": 31.6635, "median_entertainment": 16.661, "PC1_pos": 0.67536701143120537, "nivvie": 19397.698042704629, "rel_education": 0.81654707436663632, "rel_sante": 0.29924802116693155, "rel_services": 0.1946440203001148, "rel_commerce": 0.19173541087690496, "rel_loisirs": 0.43287996345874241, "rel_pc1": 0.32216251669575613, "q_revenu": 1, "q_population": 4 }, "geometry": { "type": "Polygon", "coordinates": [ [ [ 4.78869504356457, 45.760306100219871 ], [ 4.788523083912859, 45.762102947258001 ], [ 4.791085591380019, 45.762228919313465 ], [ 4.791257467193623, 45.760432067474852 ], [ 4.78869504356457, 45.760306100219871 ] ] ] } },
{ "type": "Feature", "properties": { "idcar_200m": "CRS3035RES200mN2530600E3915600", "population": 709.5, "median_education": 18.725, "median_healthcare": 17.028, "median_services": 2.979, "median_commerce": 37.292, "median_entertainment": 19.448, "PC1_pos": 0.77510769542228886, "nivvie": 27823.791543340383, "rel_education": 0.92121367480134153, "rel_sante": 0.35552731933929949, "rel_services": 0.23518334474712715, "rel_commerce": 0.22581827474604957, "rel_loisirs": 0.50529077062274907, "rel_pc1": 0.36974066195255434, "q_revenu": 3, "q_population": 4 }, "geometry": { "type": "Polygon", "coordinates": [ [ [ 4.791257467193623, 45.760432067474852 ], [ 4.791085591380019, 45.762228919313465 ], [ 4.793648109531161, 45.762354829519069 ], [ 4.793819901505254, 45.760557972882303 ], [ 4.791257467193623, 45.760432067474852 ] ] ] } },
{ "type": "Feature", "properties": { "idcar_200m": "CRS3035RES200mN2530600E3915800", "population": 117.5, "median_education": 18.5955, "median_healthcare": 17.8745, "median_services": 3.2825, "median_commerce": 43.8085, "median_entertainment": 20.9775, "PC1_pos": 0.83154243021598817, "nivvie": 17599.57106382979, "rel_education": 0.91484266434009864, "rel_sante": 0.37320137829048089, "rel_services": 0.25914378285748396, "rel_commerce": 0.26527834090990859, "rel_loisirs": 0.5450296760972192, "rel_pc1": 0.39666107097825887, "q_revenu": 1, "q_population": 2 }, "geometry": { "type": "Polygon", "coordinates": [ [ [ 4.793819901505254, 45.760557972882303 ], [ 4.793648109531161, 45.762354829519069 ], [ 4.796210638361136, 45.762480677874386 ], [ 4.796382346494316, 45.760683816441819 ], [ 4.793819901505254, 45.760557972882303 ] ] ] } },
{ "type": "Feature", "properties": { "idcar_200m": "CRS3035RES200mN2530600E3916200", "population": 1026.0, "median_education": 16.308, "median_healthcare": 17.656, "median_services": 4.484, "median_commerce": 57.221, "median_entertainment": 23.54, "PC1_pos": 0.91958604849831804, "nivvie": 15785.185087719299, "rel_education": 0.80230454518879979, "rel_sante": 0.36863932054584636, "rel_services": 0.35399869682649149, "rel_commerce": 0.34649650056965842, "rel_loisirs": 0.61160760697549943, "rel_pc1": 0.43865950022449568, "q_revenu": 1, "q_population": 5 }, "geometry": { "type": "Polygon", "coordinates": [ [ [ 4.798944802155662, 45.76080959815296 ], [ 4.798773177864793, 45.76260646437904 ], [ 4.801335728036984, 45.76273218903259 ], [ 4.801507268484142, 45.760935318015328 ], [ 4.798944802155662, 45.76080959815296 ] ] ] } },
{ "type": "Feature", "properties": { "idcar_200m": "CRS3035RES200mN2530600E3916400", "population": 431.5, "median_education": 15.502, "median_healthcare": 18.186, "median_services": 5.6, "median_commerce": 64.231, "median_entertainment": 26.092, "PC1_pos": 1.0009459997449315, "nivvie": 27802.634762456546, "rel_education": 0.76265176965395975, "rel_sante": 0.37970518143672194, "rel_services": 0.44210363564414634, "rel_commerce": 0.38894491057635711, "rel_loisirs": 0.67791273072237601, "rel_pc1": 0.47746969706296372, "q_revenu": 3, "q_population": 3 }, "geometry": { "type": "Polygon", "coordinates": [ [ [ 4.801507268484142, 45.760935318015328 ], [ 4.801335728036984, 45.76273218903259 ], [ 4.803898288872563, 45.762857851834617 ], [ 4.80406974547461, 45.761060976028531 ], [ 4.801507268484142, 45.760935318015328 ] ] ] } },
{ "type": "Feature", "properties": { "idcar_200m": "CRS3035RES200mN2530600E3916600", "population": 68.5, "median_education": 14.374, "median_healthcare": 18.138, "median_services": 6.225, "median_commerce": 67.609, "median_entertainment": 27.952, "PC1_pos": 1.0453282400872994, "nivvie": 33067.515328467154, "rel_education": 0.70715756270197505, "rel_sante": 0.37870299026169929, "rel_services": 0.49144555926514483, "rel_commerce": 0.40940007876503443, "rel_loisirs": 0.72623856542817167, "rel_pc1": 0.49864084401459363, "q_revenu": 5, "q_population": 1 }, "geometry": { "type": "Polygon", "coordinates": [ [ [ 4.80406974547461, 45.761060976028531 ], [ 4.803898288872563, 45.762857851834617 ], [ 4.806460860366377, 45.762983452784695 ], [ 4.806632233121912, 45.761186572192123 ], [ 4.80406974547461, 45.761060976028531 ] ] ] } },
{ "type": "Feature", "properties": { "idcar_200m": "CRS3035RES200mN2530600E3916800", "population": 332.5, "median_education": 13.8275, "median_healthcare": 18.122, "median_services": 7.682, "median_commerce": 75.734, "median_entertainment": 31.283, "PC1_pos": 1.1417508085306263, "nivvie": 26102.77082706767, "rel_education": 0.68027140658561014, "rel_sante": 0.37836892653669169, "rel_services": 0.60647145161041649, "rel_commerce": 0.45860026868007392, "rel_loisirs": 0.81278338016204543, "rel_pc1": 0.54463618697655181, "q_revenu": 3, "q_population": 3 }, "geometry": { "type": "Polygon", "coordinates": [ [ [ 4.806632233121912, 45.761186572192123 ], [ 4.806460860366377, 45.762983452784695 ], [ 4.809023442513281, 45.763108991882454 ], [ 4.809194731420907, 45.761312106505699 ], [ 4.806632233121912, 45.761186572192123 ] ] ] } },
{ "type": "Feature", "properties": { "idcar_200m": "CRS3035RES200mN2530600E3917000", "population": 11.0, "median_education": 13.217, "median_healthcare": 17.618, "median_services": 7.852, "median_commerce": 85.366, "median_entertainment": 32.987, "PC1_pos": 1.1932584283489944, "nivvie": 35877.963636363631, "rel_education": 0.65023664298260775, "rel_sante": 0.36784591919895337, "rel_services": 0.61989245483532807, "rel_commerce": 0.51692595843535527, "rel_loisirs": 0.85705608034412917, "rel_pc1": 0.56920627131414603, "q_revenu": 5, "q_population": 1 }, "geometry": { "type": "Polygon", "coordinates": [ [ [ 4.809194731420907, 45.761312106505699 ], [ 4.809023442513281, 45.763108991882454 ], [ 4.811586035308125, 45.763234469127447 ], [ 4.811757240366441, 45.761437578968838 ], [ 4.809194731420907, 45.761312106505699 ] ] ] } },
{ "type": "Feature", "properties": { "idcar_200m": "CRS3035RES200mN2530600E3917200", "population": 4.0, "median_education": 13.1085, "median_healthcare": 17.8445, "median_services": 8.012, "median_commerce": 90.429, "median_entertainment": 33.272, "PC1_pos": 1.2541043161526375, "nivvie": 35877.95, "rel_education": 0.64489876935291768, "rel_sante": 0.37257500880609173, "rel_services": 0.63252398728230375, "rel_commerce": 0.54758448908641311, "rel_loisirs": 0.86446084533937217, "rel_pc1": 0.59823088165729721, "q_revenu": 5, "q_population": 1 }, "geometry": { "type": "Polygon", "coordinates": [ [ [ 4.811757240366441, 45.761437578968838 ], [ 4.811586035308125, 45.763234469127447 ], [ 4.814148638745753, 45.763359884519318 ], [ 4.814319759953368, 45.761562989581144 ], [ 4.811757240366441, 45.761437578968838 ] ] ] } },
{ "type": "Feature", "properties": { "idcar_200m": "CRS3035RES200mN2530600E3917400", "population": 421.0, "median_education": 14.5195, "median_healthcare": 21.806, "median_services": 9.4955, "median_commerce": 114.958, "median_entertainment": 38.4895, "PC1_pos": 1.4461854965708691, "nivvie": 15565.19002375297, "rel_education": 0.71431572503487739, "rel_sante": 0.45528709921968319, "rel_services": 0.74964197718910563, "rel_commerce": 0.69611759166192122, "rel_loisirs": 1.0000200080154411, "rel_pc1": 0.68985714626014338, "q_revenu": 1, "q_population": 3 }, "geometry": { "type": "Polygon", "coordinates": [ [ [ 4.814319759953368, 45.761562989581144 ], [ 4.814148638745753, 45.763359884519318 ], [ 4.816711252821025, 45.763485238057498 ], [ 4.816882290176539, 45.761688338342204 ], [ 4.814319759953368, 45.761562989581144 ] ] ] } },
{ "type": "Feature", "properties": { "idcar_200m": "CRS3035RES200mN2530600E3918000", "population": 6.0, "median_education": 22.766, "median_healthcare": 40.133, "median_services": 17.312, "median_commerce": 241.564, "median_entertainment": 61.065, "PC1_pos": 2.8664208875802855, "nivvie": 34324.48333333333, "rel_education": 1.1200187193873079, "rel_sante": 0.83793621723303435, "rel_services": 1.3667318107627611, "rel_commerce": 1.4627685755860429, "rel_loisirs": 1.586568331349145, "rel_pc1": 1.3673356137061088, "q_revenu": 5, "q_population": 1 }, "geometry": { "type": "Polygon", "coordinates": [ [ [ 4.82200738251101, 45.761938850308908 ], [ 4.821836512863883, 45.763735759571645 ], [ 4.82439915882117, 45.763860927546631 ], [ 4.824569944612015, 45.762064013513715 ], [ 4.82200738251101, 45.761938850308908 ] ] ] } },
{ "type": "Feature", "properties": { "idcar_200m": "CRS3035RES200mN2530600E3918200", "population": 423.5, "median_education": 33.5975, "median_healthcare": 65.2575, "median_services": 28.4605, "median_commerce": 398.532, "median_entertainment": 85.785, "PC1_pos": 3.9508584590304983, "nivvie": 27273.40613931523, "rel_education": 1.6528959380047032, "rel_sante": 1.3625102209175672, "rel_services": 2.2468733075446834, "rel_commerce": 2.4132738568886789, "rel_loisirs": 2.228834263568106, "rel_pc1": 1.8846323298685945, "q_revenu": 3, "q_population": 3 }, "geometry": { "type": "Polygon", "coordinates": [ [ [ 4.824569944612015, 45.762064013513715 ], [ 4.82439915882117, 45.763860927546631 ], [ 4.826961815395499, 45.763986033666427 ], [ 4.827132517328663, 45.762189114865635 ], [ 4.824569944612015, 45.762064013513715 ] ] ] } },
{ "type": "Feature", "properties": { "idcar_200m": "CRS3035RES200mN2530600E3918400", "population": 842.5, "median_education": 36.942, "median_healthcare": 85.856, "median_services": 35.7875, "median_commerce": 539.33, "median_entertainment": 100.123, "PC1_pos": 5.4662203848586586, "nivvie": 27732.24771513353, "rel_education": 1.8174352776774985, "rel_sante": 1.7925859483905859, "rel_services": 2.825318546538373, "rel_commerce": 3.2658631910003995, "rel_loisirs": 2.6013588969077288, "rel_pc1": 2.6074879083416578, "q_revenu": 3, "q_population": 5 }, "geometry": { "type": "Polygon", "coordinates": [ [ [ 4.827132517328663, 45.762189114865635 ], [ 4.826961815395499, 45.763986033666427 ], [ 4.829524482581712, 45.764111077930565 ], [ 4.829695100655804, 45.762314154364212 ], [ 4.827132517328663, 45.762189114865635 ] ] ] } },
{ "type": "Feature", "properties": { "idcar_200m": "CRS3035RES200mN2530600E3918600", "population": 5.0, "median_education": 37.0905, "median_healthcare": 103.9105, "median_services": 40.4495, "median_commerce": 646.6955, "median_entertainment": 107.972, "PC1_pos": 6.254373163171822, "nivvie": 34324.48, "rel_education": 1.8247410309863368, "rel_sante": 2.169545543587402, "rel_services": 3.1933698232121248, "rel_commerce": 3.9160050975017135, "rel_loisirs": 2.8052887230398738, "rel_pc1": 2.9834513153550386, "q_revenu": 5, "q_population": 1 }, "geometry": { "type": "Polygon", "coordinates": [ [ [ 4.829695100655804, 45.762314154364212 ], [ 4.829524482581712, 45.764111077930565 ], [ 4.832087160374665, 45.764236060338661 ], [ 4.832257694588294, 45.762439132009092 ], [ 4.829695100655804, 45.762314154364212 ] ] ] } },
{ "type": "Feature", "properties": { "idcar_200m": "CRS3035RES200mN2530600E3918800", "population": 1011.5, "median_education": 37.254, "median_healthcare": 114.415, "median_services": 42.346, "median_commerce": 685.216, "median_entertainment": 116.3985, "PC1_pos": 6.7463810140062694, "nivvie": 30308.933761739991, "rel_education": 1.8327847391748562, "rel_sante": 2.3888688185462743, "rel_services": 3.3430929562476828, "rel_commerce": 4.1492624409629171, "rel_loisirs": 3.0242229413992212, "rel_pc1": 3.2181481317171476, "q_revenu": 4, "q_population": 5 }, "geometry": { "type": "Polygon", "coordinates": [ [ [ 4.832257694588294, 45.762439132009092 ], [ 4.832087160374665, 45.764236060338661 ], [ 4.834649848769203, 45.764360980890267 ], [ 4.834820299120978, 45.76256404779982 ], [ 4.832257694588294, 45.762439132009092 ] ] ] } },
{ "type": "Feature", "properties": { "idcar_200m": "CRS3035RES200mN2530600E3919000", "population": 261.5, "median_education": 35.74, "median_healthcare": 118.746, "median_services": 42.5845, "median_commerce": 652.262, "median_entertainment": 113.2275, "PC1_pos": 6.6202980771146631, "nivvie": 31559.636328871893, "rel_education": 1.7583004933190889, "rel_sante": 2.4792956931092589, "rel_services": 3.3619218343014556, "rel_commerce": 3.9497125260755062, "rel_loisirs": 2.9418351877153084, "rel_pc1": 3.158004246135123, "q_revenu": 4, "q_population": 2 }, "geometry": { "type": "Polygon", "coordinates": [ [ [ 4.834820299120978, 45.76256404779982 ], [ 4.834649848769203, 45.764360980890267 ], [ 4.837212547760178, 45.764485839584992 ], [ 4.837382914248705, 45.762688901735999 ], [ 4.834820299120978, 45.76256404779982 ] ] ] } },
{ "type": "Feature", "properties": { "idcar_200m": "CRS3035RES200mN2530600E3919200", "population": 121.0, "median_education": 35.553, "median_healthcare": 119.618, "median_services": 41.543, "median_commerce": 624.69, "median_entertainment": 106.8145, "PC1_pos": 6.3981450044375752, "nivvie": 30817.483471074382, "rel_education": 1.7491006558190703, "rel_sante": 2.497502166122171, "rel_services": 3.2796984527794235, "rel_commerce": 3.7827528169878182, "rel_loisirs": 2.7752149845065626, "rel_pc1": 3.0520331344669955, "q_revenu": 4, "q_population": 2 }, "geometry": { "type": "Polygon", "coordinates": [ [ [ 4.837382914248705, 45.762688901735999 ], [ 4.837212547760178, 45.764485839584992 ], [ 4.839775257342435, 45.764610636422454 ], [ 4.839945539966327, 45.762813693817215 ], [ 4.837382914248705, 45.762688901735999 ] ] ] } },
{ "type": "Feature", "properties": { "idcar_200m": "CRS3035RES200mN2530600E3919400", "population": 239.0, "median_education": 36.605, "median_healthcare": 125.361, "median_services": 41.868, "median_commerce": 628.97, "median_entertainment": 97.673, "PC1_pos": 6.3103966265720128, "nivvie": 35770.49916317992, "rel_education": 1.8008558913806734, "rel_sante": 2.6174101644170733, "rel_services": 3.3053562530623428, "rel_commerce": 3.8086699631830636, "rel_loisirs": 2.5377038995802019, "rel_pc1": 3.0101755403431238, "q_revenu": 5, "q_population": 2 }, "geometry": { "type": "Polygon", "coordinates": [ [ [ 4.839945539966327, 45.762813693817215 ], [ 4.839775257342435, 45.764610636422454 ], [ 4.842337977510826, 45.764735371402196 ], [ 4.842508176268688, 45.762938424043071 ], [ 4.839945539966327, 45.762813693817215 ] ] ] } },
{ "type": "Feature", "properties": { "idcar_200m": "CRS3035RES200mN2530600E3919600", "population": 1257.5, "median_education": 38.648, "median_healthcare": 131.977, "median_services": 41.04, "median_commerce": 642.476, "median_entertainment": 91.961, "PC1_pos": 6.4649977210158038, "nivvie": 34193.643339960239, "rel_education": 1.9013653459931774, "rel_sante": 2.755545514707701, "rel_services": 3.2399880726492438, "rel_commerce": 3.8904543034898351, "rel_loisirs": 2.3892968200965972, "rel_pc1": 3.0839231128879865, "q_revenu": 5, "q_population": 5 }, "geometry": { "type": "Polygon", "coordinates": [ [ [ 4.842508176268688, 45.762938424043071 ], [ 4.842337977510826, 45.764735371402196 ], [ 4.844900708260195, 45.764860044523815 ], [ 4.845070823150646, 45.763063092413134 ], [ 4.842508176268688, 45.762938424043071 ] ] ] } },
{ "type": "Feature", "properties": { "idcar_200m": "CRS3035RES200mN2530600E3919800", "population": 945.0, "median_education": 40.945, "median_healthcare": 135.438, "median_services": 39.276, "median_commerce": 642.062, "median_entertainment": 85.807, "PC1_pos": 6.4224572595633198, "nivvie": 36863.406455026459, "rel_education": 2.0143708365682738, "rel_sante": 2.8278076742233993, "rel_services": 3.1007254274213381, "rel_commerce": 3.8879473645821645, "rel_loisirs": 2.2294058594624757, "rel_pc1": 3.063630528425076, "q_revenu": 5, "q_population": 5 }, "geometry": { "type": "Polygon", "coordinates": [ [ [ 4.845070823150646, 45.763063092413134 ], [ 4.844900708260195, 45.764860044523815 ], [ 4.847463449585396, 45.764984655786918 ], [ 4.847633480607042, 45.763187698926984 ], [ 4.845070823150646, 45.763063092413134 ] ] ] } },
{ "type": "Feature", "properties": { "idcar_200m": "CRS3035RES200mN2530600E3920000", "population": 794.0, "median_education": 41.8775, "median_healthcare": 132.5815, "median_services": 38.184, "median_commerce": 634.1225, "median_entertainment": 79.96, "PC1_pos": 6.230485560706871, "nivvie": 34292.68312342569, "rel_education": 2.0602470315884207, "rel_sante": 2.7681668598181433, "rel_services": 3.0145152184707293, "rel_commerce": 3.8398704528491847, "rel_loisirs": 2.0774912597179669, "rel_pc1": 2.9720564885457934, "q_revenu": 5, "q_population": 4 }, "geometry": { "type": "Polygon", "coordinates": [ [ [ 4.847633480607042, 45.763187698926984 ], [ 4.847463449585396, 45.764984655786918 ], [ 4.850026201481271, 45.765109205191074 ], [ 4.850196148632728, 45.763312243584252 ], [ 4.847633480607042, 45.763187698926984 ] ] ] } },
{ "type": "Feature", "properties": { "idcar_200m": "CRS3035RES200mN2530600E3920200", "population": 772.5, "median_education": 42.2015, "median_healthcare": 129.7215, "median_services": 35.971, "median_commerce": 572.5985, "median_entertainment": 72.7375, "PC1_pos": 5.880474946051673, "nivvie": 33182.93566343042, "rel_education": 2.0761868569895223, "rel_sante": 2.7084529689730408, "rel_services": 2.8398053353134984, "rel_commerce": 3.4673175317005223, "rel_loisirs": 1.8898389257595747, "rel_pc1": 2.8050949719496674, "q_revenu": 5, "q_population": 4 }, "geometry": { "type": "Polygon", "coordinates": [ [ [ 4.850196148632728, 45.763312243584252 ], [ 4.850026201481271, 45.765109205191074 ], [ 4.852588963942674, 45.765233692735912 ], [ 4.852758827222551, 45.763436726384498 ], [ 4.850196148632728, 45.763312243584252 ] ] ] } },
{ "type": "Feature", "properties": { "idcar_200m": "CRS3035RES200mN2530600E3920400", "population": 395.0, "median_education": 40.467, "median_healthcare": 127.1025, "median_services": 35.3615, "median_commerce": 511.671, "median_entertainment": 68.0325, "PC1_pos": 5.5029944534980428, "nivvie": 31650.852405063288, "rel_education": 1.9908546744024505, "rel_sante": 2.6537709129858653, "rel_services": 2.7916870913983001, "rel_commerce": 3.0983766614176216, "rel_loisirs": 1.7675953492591616, "rel_pc1": 2.6250298171134534, "q_revenu": 4, "q_population": 3 }, "geometry": { "type": "Polygon", "coordinates": [ [ [ 4.852758827222551, 45.763436726384498 ], [ 4.852588963942674, 45.765233692735912 ], [ 4.855151736964448, 45.765358118421005 ], [ 4.855321516371363, 45.76356114732733 ], [ 4.852758827222551, 45.763436726384498 ] ] ] } },
{ "type": "Feature", "properties": { "idcar_200m": "CRS3035RES200mN2530600E3920600", "population": 1189.5, "median_education": 36.316, "median_healthcare": 122.137, "median_services": 32.984, "median_commerce": 426.946, "median_entertainment": 60.524, "PC1_pos": 4.9250770306211651, "nivvie": 27861.335435056746, "rel_education": 1.7866379606988261, "rel_sante": 2.5500963238280492, "rel_services": 2.6039904139440222, "rel_commerce": 2.5853322195035635, "rel_loisirs": 1.5725122686739645, "rel_pc1": 2.3493525509085349, "q_revenu": 3, "q_population": 5 }, "geometry": { "type": "Polygon", "coordinates": [ [ [ 4.855321516371363, 45.76356114732733 ], [ 4.855151736964448, 45.765358118421005 ], [ 4.857714520541442, 45.765482482245872 ], [ 4.857884216074007, 45.763685506412315 ], [ 4.855321516371363, 45.76356114732733 ] ] ] } },
{ "type": "Feature", "properties": { "idcar_200m": "CRS3035RES200mN2530600E3920800", "population": 917.0, "median_education": 32.336, "median_healthcare": 119.105, "median_services": 27.121, "median_commerce": 343.914, "median_entertainment": 55.147, "PC1_pos": 4.2604101049898464, "nivvie": 27379.318974918213, "rel_education": 1.5908339326235608, "rel_sante": 2.4867912479391161, "rel_services": 2.1411236968401592, "rel_commerce": 2.082539583315802, "rel_loisirs": 1.4328090357637155, "rel_pc1": 2.0322941724247521, "q_revenu": 3, "q_population": 5 }, "geometry": { "type": "Polygon", "coordinates": [ [ [ 4.857884216074007, 45.763685506412315 ], [ 4.857714520541442, 45.765482482245872 ], [ 4.860277314668501, 45.765606784210199 ], [ 4.860446926325332, 45.763809803639084 ], [ 4.857884216074007, 45.763685506412315 ] ] ] } },
{ "type": "Feature", "properties": { "idcar_200m": "CRS3035RES200mN2530600E3921000", "population": 267.0, "median_education": 29.6865, "median_healthcare": 94.028, "median_services": 20.103, "median_commerce": 249.4725, "median_entertainment": 47.326, "PC1_pos": 3.3185075210456514, "nivvie": 30771.295131086143, "rel_education": 1.4604865023759694, "rel_sante": 1.9632089959381989, "rel_services": 1.587073104884692, "rel_commerce": 1.5106577696713464, "rel_loisirs": 1.2296066953153137, "rel_pc1": 1.5829892733260382, "q_revenu": 4, "q_population": 3 }, "geometry": { "type": "Polygon", "coordinates": [ [ [ 4.860446926325332, 45.763809803639084 ], [ 4.860277314668501, 45.765606784210199 ], [ 4.862840119340476, 45.765731024313553 ], [ 4.863009647120187, 45.763934039007161 ], [ 4.860446926325332, 45.763809803639084 ] ] ] } },
{ "type": "Feature", "properties": { "idcar_200m": "CRS3035RES200mN2530600E3921200", "population": 651.5, "median_education": 27.4505, "median_healthcare": 82.509, "median_services": 16.3295, "median_commerce": 200.651, "median_entertainment": 40.207, "PC1_pos": 2.8230339303664982, "nivvie": 30461.712970069071, "rel_education": 1.3504820283115739, "rel_sante": 1.7227039929155663, "rel_services": 1.2891663068305514, "rel_commerce": 1.2150236685098572, "rel_loisirs": 1.0446434602236154, "rel_pc1": 1.346639235157586, "q_revenu": 4, "q_population": 4 }, "geometry": { "type": "Polygon", "coordinates": [ [ [ 4.863009647120187, 45.763934039007161 ], [ 4.862840119340476, 45.765731024313553 ], [ 4.865402934552214, 45.7658552025555 ], [ 4.865572378453423, 45.764058212516176 ], [ 4.863009647120187, 45.763934039007161 ] ] ] } },
{ "type": "Feature", "properties": { "idcar_200m": "CRS3035RES200mN2530600E3921400", "population": 977.5, "median_education": 26.226, "median_healthcare": 73.835, "median_services": 13.2905, "median_commerce": 159.628, "median_entertainment": 34.46, "PC1_pos": 2.3869170952146876, "nivvie": 23244.058516624042, "rel_education": 1.2902403116336438, "rel_sante": 1.5415996959958411, "rel_services": 1.0492461374158086, "rel_commerce": 0.96661266655482136, "rel_loisirs": 0.89532702363533179, "rel_pc1": 1.138603463780252, "q_revenu": 2, "q_population": 5 }, "geometry": { "type": "Polygon", "coordinates": [ [ [ 4.865572378453423, 45.764058212516176 ], [ 4.865402934552214, 45.7658552025555 ], [ 4.867965760298556, 45.765979318935642 ], [ 4.868135120319877, 45.764182324165716 ], [ 4.865572378453423, 45.764058212516176 ] ] ] } },
{ "type": "Feature", "properties": { "idcar_200m": "CRS3035RES200mN2530600E3921600", "population": 1069.0, "median_education": 22.3085, "median_healthcare": 65.265, "median_services": 10.6555, "median_commerce": 127.2315, "median_entertainment": 28.915, "PC1_pos": 1.9489087038487596, "nivvie": 21968.023199251638, "rel_education": 1.0975110955570482, "rel_sante": 1.3626668132886648, "rel_services": 0.84122058742967887, "rel_commerce": 0.77043864162158116, "rel_loisirs": 0.75125887662262381, "rel_pc1": 0.92966538521275766, "q_revenu": 1, "q_population": 5 }, "geometry": { "type": "Polygon", "coordinates": [ [ [ 4.868135120319877, 45.764182324165716 ], [ 4.867965760298556, 45.765979318935642 ], [ 4.870528596574355, 45.766103373453582 ], [ 4.870697872714408, 45.764306373955428 ], [ 4.868135120319877, 45.764182324165716 ] ] ] } },
{ "type": "Feature", "properties": { "idcar_200m": "CRS3035RES200mN2530800E3915200", "population": 88.0, "median_education": 14.308, "median_healthcare": 10.8475, "median_services": 2.129, "median_commerce": 23.711, "median_entertainment": 14.346, "PC1_pos": 0.51546696915898504, "nivvie": 35115.431818181816, "rel_education": 0.70391056123138018, "rel_sante": 0.22648476606372162, "rel_services": 0.16807832862256922, "rel_commerce": 0.14357977884006171, "rel_loisirs": 0.37273248639212042, "rel_pc1": 0.24588724833609682, "q_revenu": 5, "q_population": 1 }, "geometry": { "type": "Polygon", "coordinates": [ [ [ 4.785960587134825, 45.761976913353102 ], [ 4.785788528901923, 45.76377375313313 ], [ 4.788351109523774, 45.763899791841254 ], [ 4.788523083912859, 45.762102947258001 ], [ 4.785960587134825, 45.761976913353102 ] ] ] } },
{ "type": "Feature", "properties": { "idcar_200m": "CRS3035RES200mN2530800E3915400", "population": 477.0, "median_education": 17.024, "median_healthcare": 12.957, "median_services": 2.608, "median_commerce": 26.613, "median_entertainment": 15.412, "PC1_pos": 0.66006677968771443, "nivvie": 21063.239622641511, "rel_education": 0.83752959144555617, "rel_sante": 0.27052898030768757, "rel_services": 0.20589397888570246, "rel_commerce": 0.16115257282571643, "rel_loisirs": 0.40042890563748501, "rel_pc1": 0.3148640240523774, "q_revenu": 1, "q_population": 4 }, "geometry": { "type": "Polygon", "coordinates": [ [ [ 4.788523083912859, 45.762102947258001 ], [ 4.788351109523774, 45.763899791841254 ], [ 4.79091370083615, 45.764025768697657 ], [ 4.791085591380019, 45.762228919313465 ], [ 4.788523083912859, 45.762102947258001 ] ] ] } },
{ "type": "Feature", "properties": { "idcar_200m": "CRS3035RES200mN2530800E3915600", "population": 345.0, "median_education": 19.37, "median_healthcare": 14.824, "median_services": 2.903, "median_commerce": 31.062, "median_entertainment": 17.272, "PC1_pos": 0.73200700933134843, "nivvie": 19663.99188405797, "rel_education": 0.95294573462760934, "rel_sante": 0.30951004121950765, "rel_services": 0.22918336683481372, "rel_commerce": 0.18809308297119468, "rel_loisirs": 0.44875474034328061, "rel_pc1": 0.34918084000782262, "q_revenu": 1, "q_population": 3 }, "geometry": { "type": "Polygon", "coordinates": [ [ [ 4.791085591380019, 45.762228919313465 ], [ 4.79091370083615, 45.764025768697657 ], [ 4.793476302833912, 45.764151683701854 ], [ 4.793648109531161, 45.762354829519069 ], [ 4.791085591380019, 45.762228919313465 ] ] ] } },
{ "type": "Feature", "properties": { "idcar_200m": "CRS3035RES200mN2530800E3915800", "population": 621.0, "median_education": 20.145, "median_healthcare": 16.773, "median_services": 3.436, "median_commerce": 39.652, "median_entertainment": 20.66, "PC1_pos": 0.82749866397515515, "nivvie": 18736.402415458939, "rel_education": 0.99107340341110939, "rel_sante": 0.35020317872199147, "rel_services": 0.27126215929880121, "rel_commerce": 0.24010903760137181, "rel_loisirs": 0.53678050807620303, "rel_pc1": 0.39473211992346069, "q_revenu": 1, "q_population": 4 }, "geometry": { "type": "Polygon", "coordinates": [ [ [ 4.793648109531161, 45.762354829519069 ], [ 4.793476302833912, 45.764151683701854 ], [ 4.796038915511908, 45.764277536853413 ], [ 4.796210638361136, 45.762480677874386 ], [ 4.793648109531161, 45.762354829519069 ] ] ] } },
{ "type": "Feature", "properties": { "idcar_200m": "CRS3035RES200mN2530800E3916000", "population": 317.0, "median_education": 17.266, "median_healthcare": 15.697, "median_services": 3.709, "median_commerce": 42.037, "median_entertainment": 20.866, "PC1_pos": 0.80877126631540919, "nivvie": 25884.692429022081, "rel_education": 0.84943526350440379, "rel_sante": 0.32773739321523282, "rel_services": 0.29281471153645339, "rel_commerce": 0.25455118565643264, "rel_loisirs": 0.5421327241780276, "rel_pc1": 0.38579880594882554, "q_revenu": 3, "q_population": 3 }, "geometry": { "type": "Polygon", "coordinates": [ [ [ 4.796210638361136, 45.762480677874386 ], [ 4.796038915511908, 45.764277536853413 ], [ 4.798601538864989, 45.764403328151992 ], [ 4.798773177864793, 45.76260646437904 ], [ 4.796210638361136, 45.762480677874386 ] ] ] } },
{ "type": "Feature", "properties": { "idcar_200m": "CRS3035RES200mN2530800E3916600", "population": 1283.5, "median_education": 11.9135, "median_healthcare": 16.1455, "median_services": 6.3515, "median_commerce": 59.598, "median_entertainment": 24.867, "PC1_pos": 0.95097538609175203, "nivvie": 16801.082742500974, "rel_education": 0.58610836393835941, "rel_sante": 0.33710161700685104, "rel_services": 0.50143236460603491, "rel_commerce": 0.36089020536080291, "rel_loisirs": 0.64608523205861268, "rel_pc1": 0.45363279300508846, "q_revenu": 1, "q_population": 5 }, "geometry": { "type": "Polygon", "coordinates": [ [ [ 4.803898288872563, 45.762857851834617 ], [ 4.803726817575806, 45.764654725188414 ], [ 4.806289472923243, 45.764780330925419 ], [ 4.806460860366377, 45.762983452784695 ], [ 4.803898288872563, 45.762857851834617 ] ] ] } },
{ "type": "Feature", "properties": { "idcar_200m": "CRS3035RES200mN2530800E3916800", "population": 276.5, "median_education": 12.169, "median_healthcare": 17.018, "median_services": 7.6555, "median_commerce": 70.356, "median_entertainment": 27.4755, "PC1_pos": 1.0720841514539388, "nivvie": 26795.363110307415, "rel_education": 0.59867819538891986, "rel_sante": 0.35531852951116977, "rel_services": 0.6043793540488861, "rel_commerce": 0.4260342845123099, "rel_loisirs": 0.71385831798875676, "rel_pc1": 0.51140390705508565, "q_revenu": 3, "q_population": 3 }, "geometry": { "type": "Polygon", "coordinates": [ [ [ 4.806460860366377, 45.762983452784695 ], [ 4.806289472923243, 45.764780330925419 ], [ 4.808852138925173, 45.764905874807788 ], [ 4.809023442513281, 45.763108991882454 ], [ 4.806460860366377, 45.762983452784695 ] ] ] } },
{ "type": "Feature", "properties": { "idcar_200m": "CRS3035RES200mN2530800E3917000", "population": 3.0, "median_education": 10.529, "median_healthcare": 13.736, "median_services": 6.141, "median_commerce": 66.44, "median_entertainment": 26.258, "PC1_pos": 0.96135276487973531, "nivvie": 35877.966666666667, "rel_education": 0.51799512854383578, "rel_sante": 0.28679370791899333, "rel_services": 0.48481400473048264, "rel_commerce": 0.4023213068252583, "rel_loisirs": 0.68222568156171037, "rel_pc1": 0.45858299402239472, "q_revenu": 5, "q_population": 1 }, "geometry": { "type": "Polygon", "coordinates": [ [ [ 4.809023442513281, 45.763108991882454 ], [ 4.808852138925173, 45.764905874807788 ], [ 4.81141481557643, 45.765031356835067 ], [ 4.811586035308125, 45.763234469127447 ], [ 4.809023442513281, 45.763108991882454 ] ] ] } },
{ "type": "Feature", "properties": { "idcar_200m": "CRS3035RES200mN2530800E3917400", "population": 7.0, "median_education": 13.0145, "median_healthcare": 20.0875, "median_services": 8.716, "median_commerce": 107.783, "median_entertainment": 34.426, "PC1_pos": 1.3362467709478607, "nivvie": 35877.957142857143, "rel_education": 0.64027425210691902, "rel_sante": 0.4194065672555895, "rel_services": 0.68810273004899647, "rel_commerce": 0.65267003933694789, "rel_loisirs": 0.89444364816221511, "rel_pc1": 0.63741434711605105, "q_revenu": 5, "q_population": 1 }, "geometry": { "type": "Polygon", "coordinates": [ [ [ 4.814148638745753, 45.763359884519318 ], [ 4.813977502871878, 45.76515677700683 ], [ 4.816540200806362, 45.765282135322707 ], [ 4.816711252821025, 45.763485238057498 ], [ 4.814148638745753, 45.763359884519318 ] ] ] } },
{ "type": "Feature", "properties": { "idcar_200m": "CRS3035RES200mN2530800E3917600", "population": 7.5, "median_education": 14.606, "median_healthcare": 23.274, "median_services": 9.837, "median_commerce": 129.548, "median_entertainment": 36.532, "PC1_pos": 1.6008567676808065, "nivvie": 35877.96, "rel_education": 0.71857126484103573, "rel_sante": 0.48593744598912714, "rel_services": 0.77660240425561922, "rel_commerce": 0.78446599422935825, "rel_loisirs": 0.94916096423232554, "rel_pc1": 0.76363819436865732, "q_revenu": 5, "q_population": 1 }, "geometry": { "type": "Polygon", "coordinates": [ [ [ 4.816711252821025, 45.763485238057498 ], [ 4.816540200806362, 45.765282135322707 ], [ 4.819102909374729, 45.765407431782243 ], [ 4.819273877528784, 45.763610529741776 ], [ 4.816711252821025, 45.763485238057498 ] ] ] } },
{ "type": "Feature", "properties": { "idcar_200m": "CRS3035RES200mN2530800E3917800", "population": 43.0, "median_education": 19.476, "median_healthcare": 32.537, "median_services": 13.596, "median_commerce": 193.434, "median_entertainment": 48.4675, "PC1_pos": 2.1284722900754152, "nivvie": 33352.339534883722, "rel_education": 0.95816061577735256, "rel_sante": 0.67933946378569343, "rel_services": 1.0733644696817524, "rel_commerce": 1.1713217890493228, "rel_loisirs": 1.2592647277436286, "rel_pc1": 1.0153205265900433, "q_revenu": 5, "q_population": 1 }, "geometry": { "type": "Polygon", "coordinates": [ [ [ 4.819273877528784, 45.763610529741776 ], [ 4.819102909374729, 45.765407431782243 ], [ 4.821665628571832, 45.765532666385006 ], [ 4.821836512863883, 45.763735759571645 ], [ 4.819273877528784, 45.763610529741776 ] ] ] } },
{ "type": "Feature", "properties": { "idcar_200m": "CRS3035RES200mN2530800E3918000", "population": 9.0, "median_education": 23.065, "median_healthcare": 40.154, "median_services": 17.129, "median_commerce": 244.877, "median_entertainment": 60.975, "PC1_pos": 2.682107111768361, "nivvie": 34324.477777777778, "rel_education": 1.1347286199889421, "rel_sante": 0.83837467587210679, "rel_services": 1.3522844955265327, "rel_commerce": 1.4828301422554002, "rel_loisirs": 1.5842299845085419, "rel_pc1": 1.2794145443138774, "q_revenu": 5, "q_population": 1 }, "geometry": { "type": "Polygon", "coordinates": [ [ [ 4.821836512863883, 45.763735759571645 ], [ 4.821665628571832, 45.765532666385006 ], [ 4.824228358392517, 45.765657839130654 ], [ 4.82439915882117, 45.763860927546631 ], [ 4.821836512863883, 45.763735759571645 ] ] ] } },
{ "type": "Feature", "properties": { "idcar_200m": "CRS3035RES200mN2530800E3918200", "population": 103.5, "median_education": 23.967, "median_healthcare": 46.544, "median_services": 20.441, "median_commerce": 286.606, "median_entertainment": 61.821, "PC1_pos": 3.4645126677571549, "nivvie": 23600.117874396135, "rel_education": 1.1791043067537383, "rel_sante": 0.97179137604700228, "rel_services": 1.6137572171789276, "rel_commerce": 1.7355162622510534, "rel_loisirs": 1.6062104448102101, "rel_pc1": 1.6526364203127288, "q_revenu": 2, "q_population": 1 }, "geometry": { "type": "Polygon", "coordinates": [ [ [ 4.82439915882117, 45.763860927546631 ], [ 4.824228358392517, 45.765657839130654 ], [ 4.826791098831637, 45.76578295001876 ], [ 4.826961815395499, 45.763986033666427 ], [ 4.82439915882117, 45.763860927546631 ] ] ] } },
{ "type": "Feature", "properties": { "idcar_200m": "CRS3035RES200mN2530800E3918400", "population": 769.0, "median_education": 39.454, "median_healthcare": 83.926, "median_services": 34.812, "median_commerce": 533.166, "median_entertainment": 105.338, "PC1_pos": 5.5430127337280988, "nivvie": 25640.338621586474, "rel_education": 1.9410181215280176, "rel_sante": 1.7522895115615487, "rel_services": 2.748305672150718, "rel_commerce": 3.2285376561528549, "rel_loisirs": 2.7368531055048919, "rel_pc1": 2.6441192746299373, "q_revenu": 2, "q_population": 4 }, "geometry": { "type": "Polygon", "coordinates": [ [ [ 4.826961815395499, 45.763986033666427 ], [ 4.826791098831637, 45.76578295001876 ], [ 4.829353849884037, 45.765907999048871 ], [ 4.829524482581712, 45.764111077930565 ], [ 4.826961815395499, 45.763986033666427 ] ] ] } },
{ "type": "Feature", "properties": { "idcar_200m": "CRS3035RES200mN2530800E3918600", "population": 237.5, "median_education": 38.868, "median_healthcare": 105.226, "median_services": 39.62, "median_commerce": 654.808, "median_entertainment": 114.168, "PC1_pos": 6.3665426070468012, "nivvie": 30903.063578947367, "rel_education": 1.9121886842284936, "rel_sante": 2.1970118454778675, "rel_services": 3.1278832221823354, "rel_commerce": 3.9651295948168834, "rel_loisirs": 2.9662709121996103, "rel_pc1": 3.0369582082347297, "q_revenu": 4, "q_population": 2 }, "geometry": { "type": "Polygon", "coordinates": [ [ [ 4.829524482581712, 45.764111077930565 ], [ 4.829353849884037, 45.765907999048871 ], [ 4.831916611544568, 45.766032986220587 ], [ 4.832087160374665, 45.764236060338661 ], [ 4.829524482581712, 45.764111077930565 ] ] ] } },
{ "type": "Feature", "properties": { "idcar_200m": "CRS3035RES200mN2530800E3918800", "population": 878.5, "median_education": 38.3705, "median_healthcare": 113.721, "median_services": 41.6265, "median_commerce": 681.795, "median_entertainment": 121.812, "PC1_pos": 6.7673917918957738, "nivvie": 28392.301422879911, "rel_education": 1.8877131807190854, "rel_sante": 2.374378804474071, "rel_services": 3.2862905337751891, "rel_commerce": 4.1285468902306901, "rel_loisirs": 3.1648745038614927, "rel_pc1": 3.2281706601617541, "q_revenu": 3, "q_population": 5 }, "geometry": { "type": "Polygon", "coordinates": [ [ [ 4.832087160374665, 45.764236060338661 ], [ 4.831916611544568, 45.766032986220587 ], [ 4.834479383808074, 45.766157911533526 ], [ 4.834649848769203, 45.764360980890267 ], [ 4.832087160374665, 45.764236060338661 ] ] ] } },
{ "type": "Feature", "properties": { "idcar_200m": "CRS3035RES200mN2530800E3919000", "population": 731.5, "median_education": 36.609, "median_healthcare": 119.3105, "median_services": 41.992, "median_commerce": 639.421, "median_entertainment": 119.181, "PC1_pos": 6.627871659610749, "nivvie": 28744.955297334247, "rel_education": 1.8010526793485881, "rel_sante": 2.491081878907182, "rel_services": 3.3151456907087491, "rel_commerce": 3.8719550320817806, "rel_loisirs": 3.0965168312211979, "rel_pc1": 3.1616169846255202, "q_revenu": 4, "q_population": 4 }, "geometry": { "type": "Polygon", "coordinates": [ [ [ 4.834649848769203, 45.764360980890267 ], [ 4.834479383808074, 45.766157911533526 ], [ 4.837042166669409, 45.766282774987204 ], [ 4.837212547760178, 45.764485839584992 ], [ 4.834649848769203, 45.764360980890267 ] ] ] } },
{ "type": "Feature", "properties": { "idcar_200m": "CRS3035RES200mN2530800E3919200", "population": 131.5, "median_education": 36.411, "median_healthcare": 118.62, "median_services": 40.418, "median_commerce": 611.893, "median_entertainment": 110.609, "PC1_pos": 6.3583722733608337, "nivvie": 29393.748288973384, "rel_education": 1.7913116749368034, "rel_sante": 2.4766649412748243, "rel_services": 3.1908829902616263, "rel_commerce": 3.705261760945632, "rel_loisirs": 2.8738022854695422, "rel_pc1": 3.0330608084240147, "q_revenu": 4, "q_population": 2 }, "geometry": { "type": "Polygon", "coordinates": [ [ [ 4.837212547760178, 45.764485839584992 ], [ 4.837042166669409, 45.766282774987204 ], [ 4.839604960123418, 45.766407576581315 ], [ 4.839775257342435, 45.764610636422454 ], [ 4.837212547760178, 45.764485839584992 ] ] ] } },
{ "type": "Feature", "properties": { "idcar_200m": "CRS3035RES200mN2530800E3919400", "population": 296.5, "median_education": 36.954, "median_healthcare": 122.069, "median_services": 39.059, "median_commerce": 611.817, "median_entertainment": 96.921, "PC1_pos": 6.1642606521560808, "nivvie": 36764.872849915686, "rel_education": 1.818025641581243, "rel_sante": 2.5486765529967674, "rel_services": 3.083593911540127, "rel_commerce": 3.7048015499384266, "rel_loisirs": 2.518165712645386, "rel_pc1": 2.940465986129253, "q_revenu": 5, "q_population": 3 }, "geometry": { "type": "Polygon", "coordinates": [ [ [ 4.839775257342435, 45.764610636422454 ], [ 4.839604960123418, 45.766407576581315 ], [ 4.842167764164949, 45.766532316315356 ], [ 4.842337977510826, 45.764735371402196 ], [ 4.839775257342435, 45.764610636422454 ] ] ] } },
{ "type": "Feature", "properties": { "idcar_200m": "CRS3035RES200mN2530800E3919600", "population": 1248.0, "median_education": 39.354, "median_healthcare": 127.028, "median_services": 38.37, "median_commerce": 631.203, "median_entertainment": 91.817, "PC1_pos": 6.2770044602866548, "nivvie": 31611.001682692309, "rel_education": 1.9360984223301465, "rel_sante": 2.6522154287662989, "rel_services": 3.0291993749403381, "rel_commerce": 3.8221916892237133, "rel_loisirs": 2.3855554651516324, "rel_pc1": 2.9942468613488433, "q_revenu": 4, "q_population": 5 }, "geometry": { "type": "Polygon", "coordinates": [ [ [ 4.842337977510826, 45.764735371402196 ], [ 4.842167764164949, 45.766532316315356 ], [ 4.844730578788849, 45.766656994188992 ], [ 4.844900708260195, 45.764860044523815 ], [ 4.842337977510826, 45.764735371402196 ] ] ] } },
{ "type": "Feature", "properties": { "idcar_200m": "CRS3035RES200mN2530800E3919800", "population": 493.0, "median_education": 41.823, "median_healthcare": 129.318, "median_services": 36.603, "median_commerce": 625.768, "median_entertainment": 85.899, "PC1_pos": 6.1989523059596099, "nivvie": 36511.468154158218, "rel_education": 2.0575657955255813, "rel_sante": 2.7000282994080065, "rel_services": 2.8896998884790519, "rel_commerce": 3.7892805468005455, "rel_loisirs": 2.2317961695662034, "rel_pc1": 2.9570145446293172, "q_revenu": 5, "q_population": 4 }, "geometry": { "type": "Polygon", "coordinates": [ [ [ 4.844900708260195, 45.764860044523815 ], [ 4.844730578788849, 45.766656994188992 ], [ 4.84729340398997, 45.766781610201733 ], [ 4.847463449585396, 45.764984655786918 ], [ 4.844900708260195, 45.764860044523815 ] ] ] } },
{ "type": "Feature", "properties": { "idcar_200m": "CRS3035RES200mN2530800E3920000", "population": 1311.5, "median_education": 42.2835, "median_healthcare": 125.753, "median_services": 33.992, "median_commerce": 583.5025, "median_entertainment": 76.5015, "PC1_pos": 5.8611486623390121, "nivvie": 31112.572093023253, "rel_education": 2.0802210103317771, "rel_sante": 2.6255947256797585, "rel_services": 2.6835690683599687, "rel_commerce": 3.5333457004185025, "rel_loisirs": 1.987633786959905, "rel_pc1": 2.795875978285685, "q_revenu": 4, "q_population": 5 }, "geometry": { "type": "Polygon", "coordinates": [ [ [ 4.847463449585396, 45.764984655786918 ], [ 4.84729340398997, 45.766781610201733 ], [ 4.849856239763151, 45.766906164353223 ], [ 4.850026201481271, 45.765109205191074 ], [ 4.847463449585396, 45.764984655786918 ] ] ] } },
{ "type": "Feature", "properties": { "idcar_200m": "CRS3035RES200mN2530800E3920200", "population": 991.0, "median_education": 42.208, "median_healthcare": 123.585, "median_services": 32.374, "median_commerce": 555.841, "median_entertainment": 72.18, "PC1_pos": 5.5731000031198468, "nivvie": 31791.127749747731, "rel_education": 2.0765066374373844, "rel_sante": 2.5803290909412335, "rel_services": 2.5558326964899276, "rel_commerce": 3.3658440323157497, "rel_loisirs": 1.8753541661636173, "rel_pc1": 2.6584714568711276, "q_revenu": 4, "q_population": 5 }, "geometry": { "type": "Polygon", "coordinates": [ [ [ 4.850026201481271, 45.765109205191074 ], [ 4.849856239763151, 45.766906164353223 ], [ 4.852419086103247, 45.767030656643044 ], [ 4.852588963942674, 45.765233692735912 ], [ 4.850026201481271, 45.765109205191074 ] ] ] } },
{ "type": "Feature", "properties": { "idcar_200m": "CRS3035RES200mN2530800E3920400", "population": 1135.5, "median_education": 41.027, "median_healthcare": 121.6615, "median_services": 31.614, "median_commerce": 493.8555, "median_entertainment": 67.4425, "PC1_pos": 5.2748290276643912, "nivvie": 28026.400704535448, "rel_education": 2.0184049899105281, "rel_sante": 2.5401683675004807, "rel_services": 2.4958329173667932, "rel_commerce": 2.9904965403799122, "rel_loisirs": 1.7522661866374307, "rel_pc1": 2.5161907021354253, "q_revenu": 3, "q_population": 5 }, "geometry": { "type": "Polygon", "coordinates": [ [ [ 4.852588963942674, 45.765233692735912 ], [ 4.852419086103247, 45.767030656643044 ], [ 4.854981943005101, 45.76715508707079 ], [ 4.855151736964448, 45.765358118421005 ], [ 4.852588963942674, 45.765233692735912 ] ] ] } },
{ "type": "Feature", "properties": { "idcar_200m": "CRS3035RES200mN2530800E3920600", "population": 1000.0, "median_education": 37.59, "median_healthcare": 123.155, "median_services": 30.27, "median_commerce": 437.275, "median_entertainment": 64.815, "PC1_pos": 4.9608024409370381, "nivvie": 28093.9743, "rel_education": 1.8493149284797026, "rel_sante": 2.5713511283316555, "rel_services": 2.3897280448121982, "rel_commerce": 2.6478785286275559, "rel_loisirs": 1.6839994497076038, "rel_pc1": 2.366394230325124, "q_revenu": 3, "q_population": 5 }, "geometry": { "type": "Polygon", "coordinates": [ [ [ 4.855151736964448, 45.765358118421005 ], [ 4.854981943005101, 45.76715508707079 ], [ 4.857544810463562, 45.767279455636029 ], [ 4.857714520541442, 45.765482482245872 ], [ 4.855151736964448, 45.765358118421005 ] ] ] } },
{ "type": "Feature", "properties": { "idcar_200m": "CRS3035RES200mN2530800E3920800", "population": 470.0, "median_education": 32.6455, "median_healthcare": 117.6075, "median_services": 24.7305, "median_commerce": 350.2555, "median_entertainment": 58.757, "PC1_pos": 4.2217634917971862, "nivvie": 35601.012553191489, "rel_education": 1.6060604016409716, "rel_sante": 2.4555249711766893, "rel_services": 1.9524007073745644, "rel_commerce": 2.120939953081491, "rel_loisirs": 1.5266027257034589, "rel_pc1": 2.0138590253755493, "q_revenu": 5, "q_population": 4 }, "geometry": { "type": "Polygon", "coordinates": [ [ [ 4.857714520541442, 45.765482482245872 ], [ 4.857544810463562, 45.767279455636029 ], [ 4.860107688473473, 45.767403762338375 ], [ 4.860277314668501, 45.765606784210199 ], [ 4.857714520541442, 45.765482482245872 ] ] ] } },
{ "type": "Feature", "properties": { "idcar_200m": "CRS3035RES200mN2530800E3921000", "population": 4.0, "median_education": 29.416, "median_healthcare": 97.61, "median_services": 19.02, "median_commerce": 260.711, "median_entertainment": 51.027, "PC1_pos": 3.3744757598508159, "nivvie": 21318.0, "rel_education": 1.4471787160457283, "rel_sante": 2.0379975123742673, "rel_services": 1.5015734196342256, "rel_commerce": 1.5787114723618292, "rel_loisirs": 1.3257647137272222, "rel_pc1": 1.6096871551640788, "q_revenu": 1, "q_population": 1 }, "geometry": { "type": "Polygon", "coordinates": [ [ [ 4.860277314668501, 45.765606784210199 ], [ 4.860107688473473, 45.767403762338375 ], [ 4.862670577029683, 45.767528007177376 ], [ 4.862840119340476, 45.765731024313553 ], [ 4.860277314668501, 45.765606784210199 ] ] ] } },
{ "type": "Feature", "properties": { "idcar_200m": "CRS3035RES200mN2530800E3921200", "population": 523.0, "median_education": 26.225, "median_healthcare": 81.685, "median_services": 14.958, "median_commerce": 207.283, "median_entertainment": 42.333, "PC1_pos": 2.7824626745745804, "nivvie": 29952.110133843213, "rel_education": 1.2901911146416654, "rel_sante": 1.7054997110776768, "rel_services": 1.1808903896366323, "rel_commerce": 1.2551831342965083, "rel_loisirs": 1.099880408924971, "rel_pc1": 1.3272859981024727, "q_revenu": 4, "q_population": 4 }, "geometry": { "type": "Polygon", "coordinates": [ [ [ 4.862840119340476, 45.765731024313553 ], [ 4.862670577029683, 45.767528007177376 ], [ 4.865233476127039, 45.767652190152674 ], [ 4.865402934552214, 45.7658552025555 ], [ 4.862840119340476, 45.765731024313553 ] ] ] } },
{ "type": "Feature", "properties": { "idcar_200m": "CRS3035RES200mN2530800E3921400", "population": 1046.0, "median_education": 23.7165, "median_healthcare": 70.1725, "median_services": 12.068, "median_commerce": 158.7675, "median_entertainment": 35.051, "PC1_pos": 2.267568338706162, "nivvie": 28981.688527724666, "rel_education": 1.1667804602630716, "rel_sante": 1.4651304214433283, "rel_services": 0.95273333481313549, "rel_commerce": 0.96140198797981924, "rel_loisirs": 0.91068216788862499, "rel_pc1": 1.0816719064040414, "q_revenu": 4, "q_population": 5 }, "geometry": { "type": "Polygon", "coordinates": [ [ [ 4.865402934552214, 45.7658552025555 ], [ 4.865233476127039, 45.767652190152674 ], [ 4.867796385760384, 45.767776311263837 ], [ 4.867965760298556, 45.765979318935642 ], [ 4.865402934552214, 45.7658552025555 ] ] ] } },
{ "type": "Feature", "properties": { "idcar_200m": "CRS3035RES200mN2530800E3921600", "population": 847.0, "median_education": 19.86, "median_healthcare": 60.2595, "median_services": 9.676, "median_commerce": 126.7665, "median_entertainment": 28.6355, "PC1_pos": 1.8401194190487413, "nivvie": 23653.788902007083, "rel_education": 0.9770522606971771, "rel_sante": 1.2581570648183298, "rel_services": 0.76389192473084999, "rel_commerce": 0.7676228769064436, "rel_loisirs": 0.74399701060097345, "rel_pc1": 0.87777089053432555, "q_revenu": 2, "q_population": 5 }, "geometry": { "type": "Polygon", "coordinates": [ [ [ 4.867965760298556, 45.765979318935642 ], [ 4.867796385760384, 45.767776311263837 ], [ 4.870359305924565, 45.767900370510461 ], [ 4.870528596574355, 45.766103373453582 ], [ 4.867965760298556, 45.765979318935642 ] ] ] } },
{ "type": "Feature", "properties": { "idcar_200m": "CRS3035RES200mN2531000E3915200", "population": 198.0, "median_education": 15.0635, "median_healthcare": 10.627, "median_services": 2.4, "median_commerce": 21.9065, "median_entertainment": 14.423, "PC1_pos": 0.54294009574671209, "nivvie": 23647.3702020202, "rel_education": 0.74107888867129557, "rel_sante": 0.22188095035346109, "rel_services": 0.18947298670463414, "rel_commerce": 0.13265279512293079, "rel_loisirs": 0.37473307202241413, "rel_pc1": 0.2589924362608772, "q_revenu": 2, "q_population": 2 }, "geometry": { "type": "Polygon", "coordinates": [ [ [ 4.785788528901923, 45.76377375313313 ], [ 4.785616455922762, 45.765570590458303 ], [ 4.788179120395534, 45.765696633970116 ], [ 4.788351109523774, 45.763899791841254 ], [ 4.785788528901923, 45.76377375313313 ] ] ] } },
{ "type": "Feature", "properties": { "idcar_200m": "CRS3035RES200mN2531000E3915400", "population": 517.5, "median_education": 17.933, "median_healthcare": 13.088, "median_services": 2.944, "median_commerce": 26.063, "median_entertainment": 16.251, "PC1_pos": 0.66420627389964149, "nivvie": 24082.585120772947, "rel_education": 0.88224965715420334, "rel_sante": 0.27326412705618697, "rel_services": 0.23242019702435121, "rel_commerce": 0.15782209843146761, "rel_loisirs": 0.42222749451821756, "rel_pc1": 0.31683863911439508, "q_revenu": 2, "q_population": 4 }, "geometry": { "type": "Polygon", "coordinates": [ [ [ 4.788351109523774, 45.763899791841254 ], [ 4.788179120395534, 45.765696633970116 ], [ 4.790741795560243, 45.765822615627812 ], [ 4.79091370083615, 45.764025768697657 ], [ 4.788351109523774, 45.763899791841254 ] ] ] } },
{ "type": "Feature", "properties": { "idcar_200m": "CRS3035RES200mN2531000E3915600", "population": 411.0, "median_education": 16.421, "median_healthcare": 15.184, "median_services": 3.474, "median_commerce": 29.601, "median_entertainment": 17.635, "PC1_pos": 0.70852082380037595, "nivvie": 25878.664963503652, "rel_education": 0.80786380528239399, "rel_sante": 0.31702647503217779, "rel_services": 0.27426214825495793, "rel_commerce": 0.17924613189847186, "rel_loisirs": 0.45818607260037947, "rel_pc1": 0.3379774964773069, "q_revenu": 3, "q_population": 3 }, "geometry": { "type": "Polygon", "coordinates": [ [ [ 4.79091370083615, 45.764025768697657 ], [ 4.790741795560243, 45.765822615627812 ], [ 4.793304481411736, 45.765948535431029 ], [ 4.793476302833912, 45.764151683701854 ], [ 4.79091370083615, 45.764025768697657 ] ] ] } },
{ "type": "Feature", "properties": { "idcar_200m": "CRS3035RES200mN2531000E3915800", "population": 118.0, "median_education": 15.97, "median_healthcare": 14.729, "median_services": 3.35, "median_commerce": 32.607, "median_entertainment": 17.974, "PC1_pos": 0.71903330722458514, "nivvie": 25090.007627118644, "rel_education": 0.785675961899996, "rel_sante": 0.30752653785227518, "rel_services": 0.26447271060855182, "rel_commerce": 0.19744868831503909, "rel_loisirs": 0.46699384569998414, "rel_pc1": 0.34299214489711743, "q_revenu": 2, "q_population": 2 }, "geometry": { "type": "Polygon", "coordinates": [ [ [ 4.793476302833912, 45.764151683701854 ], [ 4.793304481411736, 45.765948535431029 ], [ 4.795867177944867, 45.766074393379263 ], [ 4.796038915511908, 45.764277536853413 ], [ 4.793476302833912, 45.764151683701854 ] ] ] } },
{ "type": "Feature", "properties": { "idcar_200m": "CRS3035RES200mN2531000E3916000", "population": 1.0, "median_education": 12.466, "median_healthcare": 11.255, "median_services": 2.839, "median_commerce": 31.0955, "median_entertainment": 15.651, "PC1_pos": 0.574876813891807, "nivvie": 27137.2, "rel_education": 0.6132897020065966, "rel_sante": 0.23499295156000796, "rel_services": 0.22413075385602349, "rel_commerce": 0.18829593913884438, "rel_loisirs": 0.40663851558086411, "rel_pc1": 0.2742268396570739, "q_revenu": 3, "q_population": 1 }, "geometry": { "type": "Polygon", "coordinates": [ [ [ 4.796038915511908, 45.764277536853413 ], [ 4.795867177944867, 45.766074393379263 ], [ 4.798429885154481, 45.766200189472151 ], [ 4.798601538864989, 45.764403328151992 ], [ 4.796038915511908, 45.764277536853413 ] ] ] } },
{ "type": "Feature", "properties": { "idcar_200m": "CRS3035RES200mN2531000E3916400", "population": 3.0, "median_education": 11.142, "median_healthcare": 15.0235, "median_services": 5.918, "median_commerce": 50.1105, "median_entertainment": 22.691, "PC1_pos": 0.86113311576407425, "nivvie": 27137.166666666668, "rel_education": 0.5481528846267848, "rel_sante": 0.31367539829069568, "rel_services": 0.46720880638251039, "rel_commerce": 0.30343952206001062, "rel_loisirs": 0.58954920177914438, "rel_pc1": 0.41077637357013741, "q_revenu": 3, "q_population": 1 }, "geometry": { "type": "Polygon", "coordinates": [ [ [ 4.801164172888003, 45.764529057597088 ], [ 4.800992603035432, 45.766325923709324 ], [ 4.803555331582571, 45.76645159609032 ], [ 4.803726817575806, 45.764654725188414 ], [ 4.801164172888003, 45.764529057597088 ] ] ] } },
{ "type": "Feature", "properties": { "idcar_200m": "CRS3035RES200mN2531000E3916600", "population": 210.0, "median_education": 12.407, "median_healthcare": 17.701, "median_services": 8.117, "median_commerce": 64.006, "median_entertainment": 26.446, "PC1_pos": 1.0729269734537212, "nivvie": 16870.869047619046, "rel_education": 0.61038707947985282, "rel_sante": 0.36957887477243018, "rel_services": 0.64081343045063144, "rel_commerce": 0.38758244377870987, "rel_loisirs": 0.68711022829541457, "rel_pc1": 0.51180594868871687, "q_revenu": 1, "q_population": 2 }, "geometry": { "type": "Polygon", "coordinates": [ [ [ 4.803726817575806, 45.764654725188414 ], [ 4.803555331582571, 45.76645159609032 ], [ 4.806118070790743, 45.766577206614691 ], [ 4.806289472923243, 45.764780330925419 ], [ 4.803726817575806, 45.764654725188414 ] ] ] } },
{ "type": "Feature", "properties": { "idcar_200m": "CRS3035RES200mN2531000E3916800", "population": 96.0, "median_education": 10.7905, "median_healthcare": 16.314, "median_services": 7.6315, "median_commerce": 66.544, "median_entertainment": 24.044, "PC1_pos": 0.97986004338139487, "nivvie": 29257.502083333336, "rel_education": 0.5308601419462684, "rel_sante": 0.34061972561083698, "rel_services": 0.60248462418183979, "rel_commerce": 0.4029510692561708, "rel_loisirs": 0.62470234928287627, "rel_pc1": 0.4674113071001223, "q_revenu": 4, "q_population": 1 }, "geometry": { "type": "Polygon", "coordinates": [ [ [ 4.806289472923243, 45.764780330925419 ], [ 4.806118070790743, 45.766577206614691 ], [ 4.808680820654804, 45.766702755282068 ], [ 4.808852138925173, 45.764905874807788 ], [ 4.806289472923243, 45.764780330925419 ] ] ] } },
{ "type": "Feature", "properties": { "idcar_200m": "CRS3035RES200mN2531000E3917000", "population": 275.0, "median_education": 12.282, "median_healthcare": 18.9445, "median_services": 8.5605, "median_commerce": 82.3615, "median_entertainment": 28.3265, "PC1_pos": 1.1839498599721383, "nivvie": 28529.470909090909, "rel_education": 0.60423745548251406, "rel_sante": 0.39554188990036176, "rel_services": 0.67582645945209208, "rel_commerce": 0.49873248513077234, "rel_loisirs": 0.73596868644823632, "rel_pc1": 0.56476591256939856, "q_revenu": 3, "q_population": 3 }, "geometry": { "type": "Polygon", "coordinates": [ [ [ 4.808852138925173, 45.764905874807788 ], [ 4.808680820654804, 45.766702755282068 ], [ 4.811243581169597, 45.76682824209206 ], [ 4.81141481557643, 45.765031356835067 ], [ 4.808852138925173, 45.764905874807788 ] ] ] } },
{ "type": "Feature", "properties": { "idcar_200m": "CRS3035RES200mN2531000E3917200", "population": 210.0, "median_education": 13.13, "median_healthcare": 21.337, "median_services": 9.281, "median_commerce": 102.604, "median_entertainment": 30.541, "PC1_pos": 1.3367150672255192, "nivvie": 30052.623333333337, "rel_education": 0.64595650468046006, "rel_sante": 0.44549485628039898, "rel_services": 0.73270782900237907, "rel_commerce": 0.62130908135910301, "rel_loisirs": 0.79350500954285164, "rel_pc1": 0.63763773307482041, "q_revenu": 4, "q_population": 2 }, "geometry": { "type": "Polygon", "coordinates": [ [ [ 4.81141481557643, 45.765031356835067 ], [ 4.811243581169597, 45.76682824209206 ], [ 4.813806352329973, 45.766953667044199 ], [ 4.813977502871878, 45.76515677700683 ], [ 4.81141481557643, 45.765031356835067 ] ] ] } },
{ "type": "Feature", "properties": { "idcar_200m": "CRS3035RES200mN2531000E3917400", "population": 75.0, "median_education": 15.948, "median_healthcare": 25.7185, "median_services": 10.7585, "median_commerce": 134.0255, "median_entertainment": 37.74, "PC1_pos": 1.6670366712334037, "nivvie": 29392.212, "rel_education": 0.78459362807646427, "rel_sante": 0.53697611947543888, "rel_services": 0.84935213644241936, "rel_commerce": 0.81157908350253849, "rel_loisirs": 0.98054677515953059, "rel_pc1": 0.79520722857126869, "q_revenu": 4, "q_population": 1 }, "geometry": { "type": "Polygon", "coordinates": [ [ [ 4.813977502871878, 45.76515677700683 ], [ 4.813806352329973, 45.766953667044199 ], [ 4.816369134130782, 45.767079030138092 ], [ 4.816540200806362, 45.765282135322707 ], [ 4.813977502871878, 45.76515677700683 ] ] ] } },
{ "type": "Feature", "properties": { "idcar_200m": "CRS3035RES200mN2531000E3917600", "population": 247.0, "median_education": 18.802, "median_healthcare": 32.196, "median_services": 13.217, "median_commerce": 180.366, "median_entertainment": 45.495, "PC1_pos": 2.0613820874333761, "nivvie": 29171.514979757085, "rel_education": 0.92500184318370215, "rel_sante": 0.67221973064646967, "rel_services": 1.0434435271979789, "rel_commerce": 1.0921897174419708, "rel_loisirs": 1.1820343279248235, "rel_pc1": 0.983317262937908, "q_revenu": 4, "q_population": 2 }, "geometry": { "type": "Polygon", "coordinates": [ [ [ 4.816540200806362, 45.765282135322707 ], [ 4.816369134130782, 45.767079030138092 ], [ 4.818931926566871, 45.767204331373328 ], [ 4.819102909374729, 45.765407431782243 ], [ 4.816540200806362, 45.765282135322707 ] ] ] } },
{ "type": "Feature", "properties": { "idcar_200m": "CRS3035RES200mN2531000E3917800", "population": 271.0, "median_education": 22.2885, "median_healthcare": 37.972, "median_services": 15.529, "median_commerce": 224.52, "median_entertainment": 54.754, "PC1_pos": 2.5425303027840718, "nivvie": 29349.90590405904, "rel_education": 1.0965271557174738, "rel_sante": 0.79281673537420028, "rel_services": 1.2259691710567766, "rel_commerce": 1.3595602018122668, "rel_loisirs": 1.4225982545597491, "rel_pc1": 1.212833832947104, "q_revenu": 4, "q_population": 3 }, "geometry": { "type": "Polygon", "coordinates": [ [ [ 4.819102909374729, 45.765407431782243 ], [ 4.818931926566871, 45.767204331373328 ], [ 4.821494729633092, 45.767329570749503 ], [ 4.821665628571832, 45.765532666385006 ], [ 4.819102909374729, 45.765407431782243 ] ] ] } },
{ "type": "Feature", "properties": { "idcar_200m": "CRS3035RES200mN2531000E3918000", "population": 413.0, "median_education": 26.6295, "median_healthcare": 48.8305, "median_services": 20.1615, "median_commerce": 299.952, "median_entertainment": 66.3265, "PC1_pos": 3.2804435680793316, "nivvie": 29265.792493946734, "rel_education": 1.3100912978970534, "rel_sante": 1.0195311702488645, "rel_services": 1.5916915089356172, "rel_commerce": 1.8163317372794985, "rel_loisirs": 1.7232706858139533, "rel_pc1": 1.564832065947739, "q_revenu": 4, "q_population": 3 }, "geometry": { "type": "Polygon", "coordinates": [ [ [ 4.821665628571832, 45.765532666385006 ], [ 4.821494729633092, 45.767329570749503 ], [ 4.824057543324293, 45.767454748266189 ], [ 4.824228358392517, 45.765657839130654 ], [ 4.821665628571832, 45.765532666385006 ] ] ] } },
{ "type": "Feature", "properties": { "idcar_200m": "CRS3035RES200mN2531000E3918200", "population": 202.5, "median_education": 34.621, "median_healthcare": 66.45, "median_services": 27.054, "median_commerce": 414.177, "median_entertainment": 86.709, "PC1_pos": 4.4020437126015963, "nivvie": 28433.596543209875, "rel_education": 1.703249059294913, "rel_sante": 1.3874084079220375, "rel_services": 2.1358342426279884, "rel_commerce": 2.5080107148850845, "rel_loisirs": 2.2528412911316305, "rel_pc1": 2.0998560146595477, "q_revenu": 3, "q_population": 2 }, "geometry": { "type": "Polygon", "coordinates": [ [ [ 4.824228358392517, 45.765657839130654 ], [ 4.824057543324293, 45.767454748266189 ], [ 4.826620367635319, 45.767579863923011 ], [ 4.826791098831637, 45.76578295001876 ], [ 4.824228358392517, 45.765657839130654 ] ] ] } },
{ "type": "Feature", "properties": { "idcar_200m": "CRS3035RES200mN2531000E3918400", "population": 416.0, "median_education": 41.542, "median_healthcare": 83.751, "median_services": 34.002, "median_commerce": 524.231, "median_entertainment": 106.541, "PC1_pos": 5.5416977665736109, "nivvie": 28747.619951923079, "rel_education": 2.0437414407795638, "rel_sante": 1.7486356895692785, "rel_services": 2.6843585391379046, "rel_commerce": 3.1744325857662852, "rel_loisirs": 2.7681090082742856, "rel_pc1": 2.6434920110522211, "q_revenu": 4, "q_population": 3 }, "geometry": { "type": "Polygon", "coordinates": [ [ [ 4.826791098831637, 45.76578295001876 ], [ 4.826620367635319, 45.767579863923011 ], [ 4.829183202561016, 45.767704917719492 ], [ 4.829353849884037, 45.765907999048871 ], [ 4.826791098831637, 45.76578295001876 ] ] ] } },
{ "type": "Feature", "properties": { "idcar_200m": "CRS3035RES200mN2531000E3918600", "population": 908.5, "median_education": 42.291, "median_healthcare": 103.6555, "median_services": 38.68, "median_commerce": 656.2355, "median_entertainment": 122.0425, "PC1_pos": 6.5186594323338944, "nivvie": 30197.840726472208, "rel_education": 2.0805899877716172, "rel_sante": 2.1642214029700941, "rel_services": 3.0536729690563535, "rel_commerce": 3.9737736897219569, "rel_loisirs": 3.1708632699365924, "rel_pc1": 3.1095207385875328, "q_revenu": 4, "q_population": 5 }, "geometry": { "type": "Polygon", "coordinates": [ [ [ 4.829353849884037, 45.765907999048871 ], [ 4.829183202561016, 45.767704917719492 ], [ 4.83174604809624, 45.767829909655276 ], [ 4.831916611544568, 45.766032986220587 ], [ 4.829353849884037, 45.765907999048871 ] ] ] } },
{ "type": "Feature", "properties": { "idcar_200m": "CRS3035RES200mN2531000E3918800", "population": 544.5, "median_education": 39.594, "median_healthcare": 113.324, "median_services": 40.128, "median_commerce": 677.504, "median_entertainment": 129.363, "PC1_pos": 6.7784086264024399, "nivvie": 27919.484848484848, "rel_education": 1.9479057004050369, "rel_sante": 2.3660898482973205, "rel_services": 3.167988337701483, "rel_commerce": 4.1025631345475588, "rel_loisirs": 3.3610618037880853, "rel_pc1": 3.2334258933469919, "q_revenu": 3, "q_population": 4 }, "geometry": { "type": "Polygon", "coordinates": [ [ [ 4.831916611544568, 45.766032986220587 ], [ 4.83174604809624, 45.767829909655276 ], [ 4.834308904235833, 45.767954839729917 ], [ 4.834479383808074, 45.766157911533526 ], [ 4.831916611544568, 45.766032986220587 ] ] ] } },
{ "type": "Feature", "properties": { "idcar_200m": "CRS3035RES200mN2531000E3919000", "population": 524.5, "median_education": 37.229, "median_healthcare": 119.96, "median_services": 40.644, "median_commerce": 628.54, "median_entertainment": 127.461, "PC1_pos": 6.5955674729572813, "nivvie": 29593.450142993326, "rel_education": 1.8315548143753881, "rel_sante": 2.5046427782442078, "rel_services": 3.208725029842979, "rel_commerce": 3.8060661377475595, "rel_loisirs": 3.3116447405566749, "rel_pc1": 3.1462072919755402, "q_revenu": 4, "q_population": 4 }, "geometry": { "type": "Polygon", "coordinates": [ [ [ 4.834479383808074, 45.766157911533526 ], [ 4.834308904235833, 45.767954839729917 ], [ 4.836871770974643, 45.768079707943038 ], [ 4.837042166669409, 45.766282774987204 ], [ 4.834479383808074, 45.766157911533526 ] ] ] } },
{ "type": "Feature", "properties": { "idcar_200m": "CRS3035RES200mN2531000E3919200", "population": 438.5, "median_education": 36.184, "median_healthcare": 118.081, "median_services": 38.168, "median_commerce": 593.609, "median_entertainment": 115.262, "PC1_pos": 6.2439186891846834, "nivvie": 31336.775370581527, "rel_education": 1.7801439577576361, "rel_sante": 2.465411169538632, "rel_services": 3.0132520652260317, "rel_commerce": 3.5945446812648219, "rel_loisirs": 2.9946948171287175, "rel_pc1": 2.9784643385062739, "q_revenu": 4, "q_population": 3 }, "geometry": { "type": "Polygon", "coordinates": [ [ [ 4.837042166669409, 45.766282774987204 ], [ 4.836871770974643, 45.768079707943038 ], [ 4.839434648307518, 45.768204514294183 ], [ 4.839604960123418, 45.766407576581315 ], [ 4.837042166669409, 45.766282774987204 ] ] ] } },
{ "type": "Feature", "properties": { "idcar_200m": "CRS3035RES200mN2531000E3919400", "population": 306.5, "median_education": 36.378, "median_healthcare": 120.01, "median_services": 35.643, "median_commerce": 587.899, "median_entertainment": 95.743, "PC1_pos": 5.9020895611888253, "nivvie": 39325.879608482872, "rel_education": 1.7896881742015061, "rel_sante": 2.5056867273848566, "rel_services": 2.8139106937971978, "rel_commerce": 3.5599683016445294, "rel_loisirs": 2.4875593506650482, "rel_pc1": 2.8154055418947981, "q_revenu": 5, "q_population": 3 }, "geometry": { "type": "Polygon", "coordinates": [ [ [ 4.839604960123418, 45.766407576581315 ], [ 4.839434648307518, 45.768204514294183 ], [ 4.841997536229307, 45.768329258782977 ], [ 4.842167764164949, 45.766532316315356 ], [ 4.839604960123418, 45.766407576581315 ] ] ] } },
{ "type": "Feature", "properties": { "idcar_200m": "CRS3035RES200mN2531000E3919600", "population": 1134.0, "median_education": 38.6625, "median_healthcare": 124.5315, "median_services": 35.486, "median_commerce": 613.173, "median_entertainment": 91.007, "PC1_pos": 6.0780855454140941, "nivvie": 35003.582010582009, "rel_education": 1.9020787023768686, "rel_sante": 2.6000910481737125, "rel_services": 2.8015160025836034, "rel_commerce": 3.7130126831722472, "rel_loisirs": 2.3645103435862054, "rel_pc1": 2.8993588713388947, "q_revenu": 5, "q_population": 5 }, "geometry": { "type": "Polygon", "coordinates": [ [ [ 4.842167764164949, 45.766532316315356 ], [ 4.841997536229307, 45.768329258782977 ], [ 4.844560434734853, 45.768453941408985 ], [ 4.844730578788849, 45.766656994188992 ], [ 4.842167764164949, 45.766532316315356 ] ] ] } },
{ "type": "Feature", "properties": { "idcar_200m": "CRS3035RES200mN2531000E3919800", "population": 1214.5, "median_education": 40.822, "median_healthcare": 127.271, "median_services": 34.332, "median_commerce": 615.3245, "median_entertainment": 85.3315, "PC1_pos": 6.0375929356704532, "nivvie": 34776.044792095512, "rel_education": 2.0083196065548927, "rel_sante": 2.6572890215898513, "rel_services": 2.7104110748097914, "rel_commerce": 3.7260408934617497, "rel_loisirs": 2.2170515936546233, "rel_pc1": 2.880043149898865, "q_revenu": 5, "q_population": 5 }, "geometry": { "type": "Polygon", "coordinates": [ [ [ 4.844730578788849, 45.766656994188992 ], [ 4.844560434734853, 45.768453941408985 ], [ 4.847123343819008, 45.768578562171847 ], [ 4.84729340398997, 45.766781610201733 ], [ 4.844730578788849, 45.766656994188992 ] ] ] } },
{ "type": "Feature", "properties": { "idcar_200m": "CRS3035RES200mN2531000E3920000", "population": 871.5, "median_education": 40.944, "median_healthcare": 123.071, "median_services": 31.646, "median_commerce": 581.863, "median_entertainment": 76.523, "PC1_pos": 5.717322844012827, "nivvie": 34655.309007458403, "rel_education": 2.0143216395762953, "rel_sante": 2.5695972937753657, "rel_services": 2.4983592238561885, "rel_commerce": 3.5234178590196463, "rel_loisirs": 1.9881923920384936, "rel_pc1": 2.7272684111206869, "q_revenu": 5, "q_population": 5 }, "geometry": { "type": "Polygon", "coordinates": [ [ [ 4.84729340398997, 45.766781610201733 ], [ 4.847123343819008, 45.768578562171847 ], [ 4.849686263476611, 45.76870312107107 ], [ 4.849856239763151, 45.766906164353223 ], [ 4.84729340398997, 45.766781610201733 ] ] ] } },
{ "type": "Feature", "properties": { "idcar_200m": "CRS3035RES200mN2531000E3920200", "population": 1726.0, "median_education": 40.789, "median_healthcare": 121.412, "median_services": 29.835, "median_commerce": 560.499, "median_entertainment": 72.554, "PC1_pos": 5.4362927411549666, "nivvie": 23703.97989571263, "rel_education": 2.0066961058195951, "rel_sante": 2.5349590612886441, "rel_services": 2.3553860659719832, "rel_commerce": 3.3940501227310427, "rel_loisirs": 1.8850712963679008, "rel_pc1": 2.5932118704968072, "q_revenu": 2, "q_population": 5 }, "geometry": { "type": "Polygon", "coordinates": [ [ [ 4.849856239763151, 45.766906164353223 ], [ 4.849686263476611, 45.76870312107107 ], [ 4.852249193702517, 45.768827618106329 ], [ 4.852419086103247, 45.767030656643044 ], [ 4.849856239763151, 45.766906164353223 ] ] ] } },
{ "type": "Feature", "properties": { "idcar_200m": "CRS3035RES200mN2531000E3920400", "population": 830.5, "median_education": 39.256, "median_healthcare": 118.869, "median_services": 28.829, "median_commerce": 503.858, "median_entertainment": 68.239, "PC1_pos": 5.1478224011984555, "nivvie": 27419.657435279951, "rel_education": 1.9312771171162328, "rel_sante": 2.4818638079952544, "rel_services": 2.2759653057116243, "rel_commerce": 3.0510657587953189, "rel_loisirs": 1.7729605561767676, "rel_pc1": 2.4556061995956955, "q_revenu": 3, "q_population": 5 }, "geometry": { "type": "Polygon", "coordinates": [ [ [ 4.852419086103247, 45.767030656643044 ], [ 4.852249193702517, 45.768827618106329 ], [ 4.854812134491569, 45.76895205327714 ], [ 4.854981943005101, 45.76715508707079 ], [ 4.852419086103247, 45.767030656643044 ] ] ] } },
{ "type": "Feature", "properties": { "idcar_200m": "CRS3035RES200mN2531000E3920600", "population": 1402.0, "median_education": 35.525, "median_healthcare": 118.762, "median_services": 27.44, "median_commerce": 439.233, "median_entertainment": 65.406, "PC1_pos": 4.7921129055680964, "nivvie": 28698.109843081311, "rel_education": 1.7477231400436666, "rel_sante": 2.4796297568342665, "rel_services": 2.1663078146563173, "rel_commerce": 2.6597350174710819, "rel_loisirs": 1.6993545939608972, "rel_pc1": 2.2859262116999175, "q_revenu": 3, "q_population": 5 }, "geometry": { "type": "Polygon", "coordinates": [ [ [ 4.854981943005101, 45.76715508707079 ], [ 4.854812134491569, 45.76895205327714 ], [ 4.857375085838612, 45.769076426583133 ], [ 4.857544810463562, 45.767279455636029 ], [ 4.854981943005101, 45.76715508707079 ] ] ] } },
{ "type": "Feature", "properties": { "idcar_200m": "CRS3035RES200mN2531000E3920800", "population": 854.0, "median_education": 31.6995, "median_healthcare": 117.6145, "median_services": 23.5855, "median_commerce": 377.703, "median_entertainment": 62.7905, "PC1_pos": 4.2717380267305307, "nivvie": 34101.798829039813, "rel_education": 1.5595200472291122, "rel_sante": 2.45567112405638, "rel_services": 1.8620063033008953, "rel_commerce": 2.2871457638744812, "rel_loisirs": 1.6313996366098171, "rel_pc1": 2.037697799956363, "q_revenu": 5, "q_population": 5 }, "geometry": { "type": "Polygon", "coordinates": [ [ [ 4.857544810463562, 45.767279455636029 ], [ 4.857375085838612, 45.769076426583133 ], [ 4.859938047738492, 45.769200738023862 ], [ 4.860107688473473, 45.767403762338375 ], [ 4.857544810463562, 45.767279455636029 ] ] ] } },
{ "type": "Feature", "properties": { "idcar_200m": "CRS3035RES200mN2531000E3921000", "population": 249.0, "median_education": 26.1, "median_healthcare": 93.454, "median_services": 17.1, "median_commerce": 258.84, "median_entertainment": 51.033, "PC1_pos": 3.2638132102820827, "nivvie": 21114.253815261043, "rel_education": 1.2840414906443265, "rel_sante": 1.9512244598035526, "rel_services": 1.3499950302705184, "rel_commerce": 1.5673818040133933, "rel_loisirs": 1.3259206035165958, "rel_pc1": 1.5568990786521961, "q_revenu": 1, "q_population": 2 }, "geometry": { "type": "Polygon", "coordinates": [ [ [ 4.860107688473473, 45.767403762338375 ], [ 4.859938047738492, 45.769200738023862 ], [ 4.862501020186054, 45.769324987598999 ], [ 4.862670577029683, 45.767528007177376 ], [ 4.860107688473473, 45.767403762338375 ] ] ] } },
{ "type": "Feature", "properties": { "idcar_200m": "CRS3035RES200mN2531000E3921200", "population": 838.5, "median_education": 23.115, "median_healthcare": 79.313, "median_services": 13.963, "median_commerce": 213.793, "median_entertainment": 42.958, "PC1_pos": 2.6592309087890542, "nivvie": 31749.485271317826, "rel_education": 1.1371884695878776, "rel_sante": 1.6559747638453055, "rel_services": 1.1023380472320028, "rel_commerce": 1.2946038403084354, "rel_loisirs": 1.1161189286513808, "rel_pc1": 1.2685021737072075, "q_revenu": 4, "q_population": 5 }, "geometry": { "type": "Polygon", "coordinates": [ [ [ 4.862670577029683, 45.767528007177376 ], [ 4.862501020186054, 45.769324987598999 ], [ 4.865064003176147, 45.76944917530804 ], [ 4.865233476127039, 45.767652190152674 ], [ 4.862670577029683, 45.767528007177376 ] ] ] } },
{ "type": "Feature", "properties": { "idcar_200m": "CRS3035RES200mN2531000E3921400", "population": 790.5, "median_education": 20.113, "median_healthcare": 65.39, "median_services": 11.043, "median_commerce": 163.813, "median_entertainment": 34.498, "PC1_pos": 2.1314356300121693, "nivvie": 24461.697533206829, "rel_education": 0.9894990996677907, "rel_sante": 1.3652766861402863, "rel_services": 0.87181258007469786, "rel_commerce": 0.99195454899106017, "rel_loisirs": 0.89631432563469748, "rel_pc1": 1.0167340943771739, "q_revenu": 2, "q_population": 4 }, "geometry": { "type": "Polygon", "coordinates": [ [ [ 4.865233476127039, 45.767652190152674 ], [ 4.865064003176147, 45.76944917530804 ], [ 4.867626996703613, 45.76957330115065 ], [ 4.867796385760384, 45.767776311263837 ], [ 4.865233476127039, 45.767652190152674 ] ] ] } },
{ "type": "Feature", "properties": { "idcar_200m": "CRS3035RES200mN2531200E3915200", "population": 110.0, "median_education": 10.936, "median_healthcare": 9.37, "median_services": 2.359, "median_commerce": 19.792, "median_entertainment": 12.331, "PC1_pos": 0.44137268265348029, "nivvie": 41522.6, "rel_education": 0.53801830427917063, "rel_sante": 0.19563606895755439, "rel_services": 0.18623615651509665, "rel_commerce": 0.11984863492904144, "rel_loisirs": 0.32037949879417515, "rel_pc1": 0.21054290754159338, "q_revenu": 5, "q_population": 2 }, "geometry": { "type": "Polygon", "coordinates": [ [ [ 4.785616455922762, 45.765570590458303 ], [ 4.785444368195559, 45.767367425329034 ], [ 4.78800711652637, 45.76749347364494 ], [ 4.788179120395534, 45.765696633970116 ], [ 4.785616455922762, 45.765570590458303 ] ] ] } },
{ "type": "Feature", "properties": { "idcar_200m": "CRS3035RES200mN2531200E3915400", "population": 159.0, "median_education": 11.039, "median_healthcare": 11.265, "median_services": 2.886, "median_commerce": 23.422, "median_entertainment": 14.181, "PC1_pos": 0.51660309328782117, "nivvie": 21281.267924528303, "rel_education": 0.54308559445297777, "rel_sante": 0.23520174138813774, "rel_services": 0.22784126651232259, "rel_commerce": 0.14182976593108368, "rel_loisirs": 0.3684455171843482, "rel_pc1": 0.24642920049311581, "q_revenu": 1, "q_population": 2 }, "geometry": { "type": "Polygon", "coordinates": [ [ [ 4.788179120395534, 45.765696633970116 ], [ 4.78800711652637, 45.76749347364494 ], [ 4.790569875550519, 45.767619460104399 ], [ 4.790741795560243, 45.765822615627812 ], [ 4.788179120395534, 45.765696633970116 ] ] ] } },
{ "type": "Feature", "properties": { "idcar_200m": "CRS3035RES200mN2531200E3915600", "population": 474.5, "median_education": 13.1265, "median_healthcare": 13.5835, "median_services": 3.5205, "median_commerce": 27.455, "median_entertainment": 16.4915, "PC1_pos": 0.53856078308053013, "nivvie": 19393.647207586931, "rel_education": 0.64578431520853452, "rel_sante": 0.283609663040015, "rel_services": 0.27793318737236022, "rel_commerce": 0.1662512263529119, "rel_loisirs": 0.42847607690894007, "rel_pc1": 0.25690342337446898, "q_revenu": 1, "q_population": 4 }, "geometry": { "type": "Polygon", "coordinates": [ [ [ 4.790741795560243, 45.765822615627812 ], [ 4.790569875550519, 45.767619460104399 ], [ 4.793132645262859, 45.767745384707013 ], [ 4.793304481411736, 45.765948535431029 ], [ 4.790741795560243, 45.765822615627812 ] ] ] } },
{ "type": "Feature", "properties": { "idcar_200m": "CRS3035RES200mN2531200E3915800", "population": 336.5, "median_education": 7.168, "median_healthcare": 10.198, "median_services": 2.702, "median_commerce": 25.564, "median_entertainment": 13.846, "PC1_pos": 0.42614893655362507, "nivvie": 26351.224368499257, "rel_education": 0.35264403850339204, "rel_sante": 0.21292386672669583, "rel_services": 0.2133150041983006, "rel_commerce": 0.15480044984468549, "rel_loisirs": 0.35974167061099255, "rel_pc1": 0.20328089996045148, "q_revenu": 3, "q_population": 3 }, "geometry": { "type": "Polygon", "coordinates": [ [ [ 4.793304481411736, 45.765948535431029 ], [ 4.793132645262859, 45.767745384707013 ], [ 4.795695425658235, 45.767871247452362 ], [ 4.795867177944867, 45.766074393379263 ], [ 4.793304481411736, 45.765948535431029 ] ] ] } },
{ "type": "Feature", "properties": { "idcar_200m": "CRS3035RES200mN2531200E3916000", "population": 152.0, "median_education": 9.513, "median_healthcare": 13.277, "median_services": 5.158, "median_commerce": 38.549, "median_entertainment": 18.168, "PC1_pos": 0.63415223239599916, "nivvie": 15849.925657894739, "rel_education": 0.46801098469346658, "rel_sante": 0.27721025480783879, "rel_services": 0.40720902725937624, "rel_commerce": 0.23342992258890552, "rel_loisirs": 0.47203428222306171, "rel_pc1": 0.30250230718847843, "q_revenu": 1, "q_population": 2 }, "geometry": { "type": "Polygon", "coordinates": [ [ [ 4.795867177944867, 45.766074393379263 ], [ 4.795695425658235, 45.767871247452362 ], [ 4.798258216731497, 45.767997048340042 ], [ 4.798429885154481, 45.766200189472151 ], [ 4.795867177944867, 45.766074393379263 ] ] ] } },
{ "type": "Feature", "properties": { "idcar_200m": "CRS3035RES200mN2531200E3916200", "population": 681.5, "median_education": 10.12, "median_healthcare": 14.745, "median_services": 6.408, "median_commerce": 49.087, "median_entertainment": 20.51, "PC1_pos": 0.82248250917617827, "nivvie": 16082.645341159208, "rel_education": 0.49787355882454337, "rel_sante": 0.30786060157728279, "rel_services": 0.50589287450137321, "rel_commerce": 0.29724181198271304, "rel_loisirs": 0.53288326334186464, "rel_pc1": 0.39233932159777807, "q_revenu": 1, "q_population": 4 }, "geometry": { "type": "Polygon", "coordinates": [ [ [ 4.798429885154481, 45.766200189472151 ], [ 4.798258216731497, 45.767997048340042 ], [ 4.8008210184775, 45.768122787369641 ], [ 4.800992603035432, 45.766325923709324 ], [ 4.798429885154481, 45.766200189472151 ] ] ] } },
{ "type": "Feature", "properties": { "idcar_200m": "CRS3035RES200mN2531200E3916400", "population": 437.0, "median_education": 11.932, "median_healthcare": 17.381, "median_services": 7.785, "median_commerce": 59.468, "median_entertainment": 24.067, "PC1_pos": 0.99135952251194692, "nivvie": 16137.266590389016, "rel_education": 0.58701850828996571, "rel_sante": 0.36289760027227891, "rel_services": 0.61460300062315709, "rel_commerce": 0.3601030023221623, "rel_loisirs": 0.62529992680880819, "rel_pc1": 0.4728967706698311, "q_revenu": 1, "q_population": 3 }, "geometry": { "type": "Polygon", "coordinates": [ [ [ 4.800992603035432, 45.766325923709324 ], [ 4.8008210184775, 45.768122787369641 ], [ 4.803383830891088, 45.768248464540726 ], [ 4.803555331582571, 45.76645159609032 ], [ 4.800992603035432, 45.766325923709324 ] ] ] } },
{ "type": "Feature", "properties": { "idcar_200m": "CRS3035RES200mN2531200E3916600", "population": 283.5, "median_education": 13.1815, "median_healthcare": 19.9855, "median_services": 9.579, "median_commerce": 71.797, "median_entertainment": 28.004, "PC1_pos": 1.2010091510703234, "nivvie": 19716.835273368604, "rel_education": 0.64849014976736352, "rel_sante": 0.41727691100866637, "rel_services": 0.75623405818487111, "rel_commerce": 0.43476012742524189, "rel_loisirs": 0.72758961026940894, "rel_pc1": 0.57290350895804987, "q_revenu": 1, "q_population": 3 }, "geometry": { "type": "Polygon", "coordinates": [ [ [ 4.803555331582571, 45.76645159609032 ], [ 4.803383830891088, 45.768248464540726 ], [ 4.805946653967107, 45.768374079852897 ], [ 4.806118070790743, 45.766577206614691 ], [ 4.803555331582571, 45.76645159609032 ] ] ] } },
{ "type": "Feature", "properties": { "idcar_200m": "CRS3035RES200mN2531200E3916800", "population": 250.5, "median_education": 12.831, "median_healthcare": 20.824, "median_services": 10.195, "median_commerce": 74.098, "median_entertainment": 26.426, "PC1_pos": 1.1959856734861707, "nivvie": 19627.09141716567, "rel_education": 0.63124660407882571, "rel_sante": 0.434783938097344, "rel_services": 0.80486545810572718, "rel_commerce": 0.44869362120918105, "rel_loisirs": 0.68659059566416936, "rel_pc1": 0.57050721752882272, "q_revenu": 1, "q_population": 2 }, "geometry": { "type": "Polygon", "coordinates": [ [ [ 4.806118070790743, 45.766577206614691 ], [ 4.805946653967107, 45.768374079852897 ], [ 4.808509487700414, 45.768499633305716 ], [ 4.808680820654804, 45.766702755282068 ], [ 4.806118070790743, 45.766577206614691 ] ] ] } },
{ "type": "Feature", "properties": { "idcar_200m": "CRS3035RES200mN2531200E3917000", "population": 111.5, "median_education": 12.464, "median_healthcare": 20.487, "median_services": 9.472, "median_commerce": 86.17, "median_entertainment": 27.036, "PC1_pos": 1.2244033054654506, "nivvie": 30686.304932735427, "rel_education": 0.61319130802263933, "rel_sante": 0.42774772088937213, "rel_services": 0.7477867208609561, "rel_commerce": 0.52179450645894809, "rel_loisirs": 0.70243939091714547, "rel_pc1": 0.58406295193992108, "q_revenu": 4, "q_population": 2 }, "geometry": { "type": "Polygon", "coordinates": [ [ [ 4.808680820654804, 45.766702755282068 ], [ 4.808509487700414, 45.768499633305716 ], [ 4.811072332085853, 45.768625124898797 ], [ 4.811243581169597, 45.76682824209206 ], [ 4.808680820654804, 45.766702755282068 ] ] ] } },
{ "type": "Feature", "properties": { "idcar_200m": "CRS3035RES200mN2531200E3917200", "population": 318.5, "median_education": 15.614, "median_healthcare": 26.299, "median_services": 10.936, "median_commerce": 120.591, "median_entertainment": 33.199, "PC1_pos": 1.4953640266159698, "nivvie": 25716.992464678176, "rel_education": 0.76816183275557526, "rel_sante": 0.54909636899836956, "rel_services": 0.86336524275078297, "rel_commerce": 0.73022770486701871, "rel_loisirs": 0.86256418623532727, "rel_pc1": 0.71331621183273153, "q_revenu": 2, "q_population": 3 }, "geometry": { "type": "Polygon", "coordinates": [ [ [ 4.811243581169597, 45.76682824209206 ], [ 4.811072332085853, 45.768625124898797 ], [ 4.813635187118273, 45.768750554631758 ], [ 4.813806352329973, 45.766953667044199 ], [ 4.811243581169597, 45.76682824209206 ] ] ] } },
{ "type": "Feature", "properties": { "idcar_200m": "CRS3035RES200mN2531200E3917400", "population": 165.0, "median_education": 18.917, "median_healthcare": 30.303, "median_services": 12.386, "median_commerce": 152.564, "median_entertainment": 40.4095, "PC1_pos": 1.8739524836612791, "nivvie": 32160.15878787879, "rel_education": 0.93065949726125385, "rel_sante": 0.63269581618151238, "rel_services": 0.97783850555149932, "rel_commerce": 0.92383726451668746, "rel_loisirs": 1.049904740614972, "rel_pc1": 0.89390988615984046, "q_revenu": 4, "q_population": 2 }, "geometry": { "type": "Polygon", "coordinates": [ [ [ 4.813806352329973, 45.766953667044199 ], [ 4.813635187118273, 45.768750554631758 ], [ 4.816198052792525, 45.768875922504115 ], [ 4.816369134130782, 45.767079030138092 ], [ 4.813806352329973, 45.766953667044199 ] ] ] } },
{ "type": "Feature", "properties": { "idcar_200m": "CRS3035RES200mN2531200E3917600", "population": 79.0, "median_education": 20.626, "median_healthcare": 33.565, "median_services": 13.34, "median_commerce": 181.128, "median_entertainment": 46.594, "PC1_pos": 2.064818036930304, "nivvie": 34562.815189873414, "rel_education": 1.0147371565528689, "rel_sante": 0.70080305811742938, "rel_services": 1.0531540177665915, "rel_commerce": 1.0968039383300028, "rel_loisirs": 1.2105881410117425, "rel_pc1": 0.98495627419909471, "q_revenu": 5, "q_population": 1 }, "geometry": { "type": "Polygon", "coordinates": [ [ [ 4.816369134130782, 45.767079030138092 ], [ 4.816198052792525, 45.768875922504115 ], [ 4.818760929103449, 45.769001228515478 ], [ 4.818931926566871, 45.767204331373328 ], [ 4.816369134130782, 45.767079030138092 ] ] ] } },
{ "type": "Feature", "properties": { "idcar_200m": "CRS3035RES200mN2531200E3917800", "population": 127.5, "median_education": 24.213, "median_healthcare": 39.6585, "median_services": 15.2295, "median_commerce": 222.892, "median_entertainment": 56.5755, "PC1_pos": 2.577808186202692, "nivvie": 38560.581960784315, "rel_education": 1.1912067667805011, "rel_sante": 0.82802913988827875, "rel_services": 1.2023245212575941, "rel_commerce": 1.3497019976052902, "rel_loisirs": 1.4699237964503979, "rel_pc1": 1.2296620337823174, "q_revenu": 5, "q_population": 2 }, "geometry": { "type": "Polygon", "coordinates": [ [ [ 4.818931926566871, 45.767204331373328 ], [ 4.818760929103449, 45.769001228515478 ], [ 4.821323816045903, 45.769126472665455 ], [ 4.821494729633092, 45.767329570749503 ], [ 4.818931926566871, 45.767204331373328 ] ] ] } },
{ "type": "Feature", "properties": { "idcar_200m": "CRS3035RES200mN2531200E3918000", "population": 272.0, "median_education": 26.4355, "median_healthcare": 50.251, "median_services": 18.826, "median_commerce": 292.5815, "median_entertainment": 65.873, "PC1_pos": 3.2059695428504154, "nivvie": 31971.164705882355, "rel_education": 1.3005470814531834, "rel_sante": 1.0491897653346924, "rel_services": 1.4862576865422679, "rel_commerce": 1.7717003526925694, "rel_loisirs": 1.7114880159004702, "rel_pc1": 1.5293065827806436, "q_revenu": 4, "q_population": 3 }, "geometry": { "type": "Polygon", "coordinates": [ [ [ 4.821494729633092, 45.767329570749503 ], [ 4.821323816045903, 45.769126472665455 ], [ 4.823886713614729, 45.769251654953621 ], [ 4.824057543324293, 45.767454748266189 ], [ 4.821494729633092, 45.767329570749503 ] ] ] } },
{ "type": "Feature", "properties": { "idcar_200m": "CRS3035RES200mN2531200E3918200", "population": 379.0, "median_education": 32.528, "median_healthcare": 63.761, "median_services": 24.086, "median_commerce": 383.097, "median_entertainment": 81.568, "PC1_pos": 4.1182331789676931, "nivvie": 29784.114511873351, "rel_education": 1.6002797550834731, "rel_sante": 1.3312648231379538, "rel_services": 1.9015193157365908, "rel_commerce": 2.3198086345700779, "rel_loisirs": 2.1192697232700737, "rel_pc1": 1.9644731572906289, "q_revenu": 4, "q_population": 3 }, "geometry": { "type": "Polygon", "coordinates": [ [ [ 4.824057543324293, 45.767454748266189 ], [ 4.823886713614729, 45.769251654953621 ], [ 4.826449621804775, 45.769376775379563 ], [ 4.826620367635319, 45.767579863923011 ], [ 4.824057543324293, 45.767454748266189 ] ] ] } },
{ "type": "Feature", "properties": { "idcar_200m": "CRS3035RES200mN2531200E3918400", "population": 1155.5, "median_education": 42.256, "median_healthcare": 84.734, "median_services": 32.117, "median_commerce": 521.041, "median_entertainment": 106.238, "PC1_pos": 5.4003220284907103, "nivvie": 27085.261618347038, "rel_education": 2.0788680930523622, "rel_sante": 1.7691597296744306, "rel_services": 2.5355432974969725, "rel_commerce": 3.1551158342796422, "rel_loisirs": 2.7602365739109223, "rel_pc1": 2.5760531773372182, "q_revenu": 3, "q_population": 5 }, "geometry": { "type": "Polygon", "coordinates": [ [ [ 4.826620367635319, 45.767579863923011 ], [ 4.826449621804775, 45.769376775379563 ], [ 4.829012540610891, 45.769501833942861 ], [ 4.829183202561016, 45.767704917719492 ], [ 4.826620367635319, 45.767579863923011 ] ] ] } },
{ "type": "Feature", "properties": { "idcar_200m": "CRS3035RES200mN2531200E3918600", "population": 1011.0, "median_education": 43.092, "median_healthcare": 96.748, "median_services": 35.385, "median_commerce": 604.884, "median_entertainment": 119.784, "PC1_pos": 6.1884549605373262, "nivvie": 29150.65914935707, "rel_education": 2.1199967783465636, "rel_sante": 2.019999829189485, "rel_services": 2.7935423477264494, "rel_commerce": 3.662819406346923, "rel_loisirs": 3.1121837550532381, "rel_pc1": 2.952007117315536, "q_revenu": 4, "q_population": 5 }, "geometry": { "type": "Polygon", "coordinates": [ [ [ 4.829183202561016, 45.767704917719492 ], [ 4.829012540610891, 45.769501833942861 ], [ 4.831575470027921, 45.769626830643148 ], [ 4.83174604809624, 45.767829909655276 ], [ 4.829183202561016, 45.767704917719492 ] ] ] } },
{ "type": "Feature", "properties": { "idcar_200m": "CRS3035RES200mN2531200E3918800", "population": 1514.0, "median_education": 40.752, "median_healthcare": 107.969, "median_services": 36.481, "median_commerce": 633.623, "median_entertainment": 129.968, "PC1_pos": 6.4622979502380744, "nivvie": 25444.139431968299, "rel_education": 2.0048758171163827, "rel_sante": 2.2542828953338518, "rel_services": 2.8800683449882327, "rel_commerce": 3.8368457765584085, "rel_loisirs": 3.3767806908832498, "rel_pc1": 3.0826352724493309, "q_revenu": 2, "q_population": 5 }, "geometry": { "type": "Polygon", "coordinates": [ [ [ 4.83174604809624, 45.767829909655276 ], [ 4.831575470027921, 45.769626830643148 ], [ 4.834138410050715, 45.769751765479938 ], [ 4.834308904235833, 45.767954839729917 ], [ 4.83174604809624, 45.767829909655276 ] ] ] } },
{ "type": "Feature", "properties": { "idcar_200m": "CRS3035RES200mN2531200E3919000", "population": 1649.5, "median_education": 37.377, "median_healthcare": 117.3665, "median_services": 35.638, "median_commerce": 593.679, "median_entertainment": 128.551, "PC1_pos": 6.3283199289711458, "nivvie": 23837.719430130343, "rel_education": 1.838835969188237, "rel_sante": 2.4504931363187632, "rel_services": 2.8135159584082303, "rel_commerce": 3.5949685598240899, "rel_loisirs": 3.3399647189595334, "rel_pc1": 3.0187252860527449, "q_revenu": 2, "q_population": 5 }, "geometry": { "type": "Polygon", "coordinates": [ [ [ 4.834308904235833, 45.767954839729917 ], [ 4.834138410050715, 45.769751765479938 ], [ 4.836701360674117, 45.769876638452864 ], [ 4.836871770974643, 45.768079707943038 ], [ 4.834308904235833, 45.767954839729917 ] ] ] } },
{ "type": "Feature", "properties": { "idcar_200m": "CRS3035RES200mN2531200E3919200", "population": 135.5, "median_education": 36.524, "median_healthcare": 117.486, "median_services": 35.551, "median_commerce": 575.102, "median_entertainment": 117.6, "PC1_pos": 6.0619777332295186, "nivvie": 35174.135793357935, "rel_education": 1.7968709350303977, "rel_sante": 2.4529881747649132, "rel_services": 2.8066475626401872, "rel_commerce": 3.4824772456023436, "rel_loisirs": 3.0554398717212714, "rel_pc1": 2.8916751479351586, "q_revenu": 5, "q_population": 2 }, "geometry": { "type": "Polygon", "coordinates": [ [ [ 4.836871770974643, 45.768079707943038 ], [ 4.836701360674117, 45.769876638452864 ], [ 4.839264321892975, 45.770001449561498 ], [ 4.839434648307518, 45.768204514294183 ], [ 4.836871770974643, 45.768079707943038 ] ] ] } },
{ "type": "Feature", "properties": { "idcar_200m": "CRS3035RES200mN2531200E3919400", "population": 182.5, "median_education": 35.016, "median_healthcare": 117.608, "median_services": 33.158, "median_commerce": 554.204, "median_entertainment": 95.328, "PC1_pos": 5.5927658558877784, "nivvie": 41318.143013698631, "rel_education": 1.7226818711265031, "rel_sante": 2.4555354106680958, "rel_services": 2.617727205480108, "rel_commerce": 3.3559313294368671, "rel_loisirs": 2.4767769735667122, "rel_pc1": 2.6678524312353611, "q_revenu": 5, "q_population": 2 }, "geometry": { "type": "Polygon", "coordinates": [ [ [ 4.839434648307518, 45.768204514294183 ], [ 4.839264321892975, 45.770001449561498 ], [ 4.841827293702137, 45.770126198805478 ], [ 4.841997536229307, 45.768329258782977 ], [ 4.839434648307518, 45.768204514294183 ] ] ] } },
{ "type": "Feature", "properties": { "idcar_200m": "CRS3035RES200mN2531200E3919600", "population": 714.5, "median_education": 37.261, "median_healthcare": 124.022, "median_services": 33.91, "median_commerce": 592.3125, "median_entertainment": 89.99, "PC1_pos": 5.8246147229926448, "nivvie": 38580.471518544437, "rel_education": 1.833129118118707, "rel_sante": 2.5894532064305027, "rel_services": 2.6770954079808931, "rel_commerce": 3.586693844806379, "rel_loisirs": 2.3380870242873915, "rel_pc1": 2.7784486156141006, "q_revenu": 5, "q_population": 4 }, "geometry": { "type": "Polygon", "coordinates": [ [ [ 4.841997536229307, 45.768329258782977 ], [ 4.841827293702137, 45.770126198805478 ], [ 4.844390276096447, 45.770250886184314 ], [ 4.844560434734853, 45.768453941408985 ], [ 4.841997536229307, 45.768329258782977 ] ] ] } },
{ "type": "Feature", "properties": { "idcar_200m": "CRS3035RES200mN2531200E3919800", "population": 859.5, "median_education": 38.363, "median_healthcare": 126.781, "median_services": 31.737, "median_commerce": 592.13, "median_entertainment": 84.009, "PC1_pos": 5.7297549534201995, "nivvie": 36318.207097149505, "rel_education": 1.8873442032792451, "rel_sante": 2.647058320011495, "rel_services": 2.5055434079354058, "rel_commerce": 3.5855887328482874, "rel_loisirs": 2.1826908859135399, "rel_pc1": 2.733198756528036, "q_revenu": 5, "q_population": 5 }, "geometry": { "type": "Polygon", "coordinates": [ [ [ 4.844560434734853, 45.768453941408985 ], [ 4.844390276096447, 45.770250886184314 ], [ 4.846953269070752, 45.770375511697644 ], [ 4.847123343819008, 45.768578562171847 ], [ 4.844560434734853, 45.768453941408985 ] ] ] } },
{ "type": "Feature", "properties": { "idcar_200m": "CRS3035RES200mN2531200E3920000", "population": 1130.0, "median_education": 37.748, "median_healthcare": 122.6215, "median_services": 28.5775, "median_commerce": 560.068, "median_entertainment": 74.626, "PC1_pos": 5.403043102144137, "nivvie": 33463.371946902655, "rel_education": 1.8570880532123388, "rel_sante": 2.5602121910009346, "rel_services": 2.2561101156465342, "rel_commerce": 3.3914402418875493, "rel_loisirs": 1.9389052369648947, "rel_pc1": 2.5773511796403583, "q_revenu": 5, "q_population": 5 }, "geometry": { "type": "Polygon", "coordinates": [ [ [ 4.847123343819008, 45.768578562171847 ], [ 4.846953269070752, 45.770375511697644 ], [ 4.849516272619899, 45.770500075345055 ], [ 4.849686263476611, 45.76870312107107 ], [ 4.847123343819008, 45.768578562171847 ] ] ] } },
{ "type": "Feature", "properties": { "idcar_200m": "CRS3035RES200mN2531200E3920200", "population": 1074.5, "median_education": 36.678, "median_healthcare": 119.253, "median_services": 25.851, "median_commerce": 525.213, "median_entertainment": 70.508, "PC1_pos": 5.0938065540046713, "nivvie": 30658.297161470451, "rel_education": 1.8044472717951188, "rel_sante": 2.489881337395436, "rel_services": 2.0408609080422906, "rel_commerce": 3.1803789964120166, "rel_loisirs": 1.8319128781915255, "rel_pc1": 2.4298396445539772, "q_revenu": 4, "q_population": 5 }, "geometry": { "type": "Polygon", "coordinates": [ [ [ 4.849686263476611, 45.76870312107107 ], [ 4.849516272619899, 45.770500075345055 ], [ 4.852079286738731, 45.770624577126149 ], [ 4.852249193702517, 45.768827618106329 ], [ 4.849686263476611, 45.76870312107107 ] ] ] } },
{ "type": "Feature", "properties": { "idcar_200m": "CRS3035RES200mN2531200E3920400", "population": 1301.5, "median_education": 34.788, "median_healthcare": 118.785, "median_services": 25.867, "median_commerce": 484.848, "median_entertainment": 67.9135, "PC1_pos": 4.8613498225035077, "nivvie": 32393.343680368802, "rel_education": 1.7114649569553573, "rel_sante": 2.4801099734389647, "rel_services": 2.0421240612869882, "rel_commerce": 2.9359524529141003, "rel_loisirs": 1.7645035351032532, "rel_pc1": 2.3189534976505568, "q_revenu": 4, "q_population": 5 }, "geometry": { "type": "Polygon", "coordinates": [ [ [ 4.852249193702517, 45.768827618106329 ], [ 4.852079286738731, 45.770624577126149 ], [ 4.854642311422097, 45.770749017040451 ], [ 4.854812134491569, 45.76895205327714 ], [ 4.852249193702517, 45.768827618106329 ] ] ] } },
{ "type": "Feature", "properties": { "idcar_200m": "CRS3035RES200mN2531200E3920600", "population": 873.0, "median_education": 31.296, "median_healthcare": 118.438, "median_services": 23.649, "median_commerce": 423.099, "median_entertainment": 66.731, "PC1_pos": 4.5098405501155083, "nivvie": 31823.347766323026, "rel_education": 1.5396690609657027, "rel_sante": 2.4728649664028635, "rel_services": 1.8670194427407889, "rel_commerce": 2.5620370649677899, "rel_loisirs": 1.7337802557808857, "rel_pc1": 2.1512770936840195, "q_revenu": 4, "q_population": 5 }, "geometry": { "type": "Polygon", "coordinates": [ [ [ 4.854812134491569, 45.76895205327714 ], [ 4.854642311422097, 45.770749017040451 ], [ 4.85720534666484, 45.770873395087627 ], [ 4.857375085838612, 45.769076426583133 ], [ 4.854812134491569, 45.76895205327714 ] ] ] } },
{ "type": "Feature", "properties": { "idcar_200m": "CRS3035RES200mN2531200E3920800", "population": 740.5, "median_education": 27.546, "median_healthcare": 113.919, "median_services": 20.048, "median_commerce": 340.838, "median_entertainment": 63.924, "PC1_pos": 3.9587269333926214, "nivvie": 31609.363673193788, "rel_education": 1.3551803410455407, "rel_sante": 2.3785128430710394, "rel_services": 1.5827310156060439, "rel_commerce": 2.0639131483399669, "rel_loisirs": 1.660849815985634, "rel_pc1": 1.8883857372162316, "q_revenu": 4, "q_population": 4 }, "geometry": { "type": "Polygon", "coordinates": [ [ [ 4.857375085838612, 45.769076426583133 ], [ 4.85720534666484, 45.770873395087627 ], [ 4.859768392461807, 45.770997711267206 ], [ 4.859938047738492, 45.769200738023862 ], [ 4.857375085838612, 45.769076426583133 ] ] ] } },
{ "type": "Feature", "properties": { "idcar_200m": "CRS3035RES200mN2531200E3921000", "population": 614.5, "median_education": 24.422, "median_healthcare": 95.136, "median_services": 16.893, "median_commerce": 270.716, "median_entertainment": 53.131, "PC1_pos": 3.2814108594264888, "nivvie": 27077.711310008137, "rel_education": 1.2014889381040514, "rel_sante": 1.9863429088949727, "rel_services": 1.3336529851672436, "rel_commerce": 1.63929582929721, "rel_loisirs": 1.3804300665342082, "rel_pc1": 1.5652934817550019, "q_revenu": 3, "q_population": 4 }, "geometry": { "type": "Polygon", "coordinates": [ [ [ 4.859938047738492, 45.769200738023862 ], [ 4.859768392461807, 45.770997711267206 ], [ 4.862331448807842, 45.77112196557885 ], [ 4.862501020186054, 45.769324987598999 ], [ 4.859938047738492, 45.769200738023862 ] ] ] } },
{ "type": "Feature", "properties": { "idcar_200m": "CRS3035RES200mN2531200E3921200", "population": 707.5, "median_education": 20.371, "median_healthcare": 77.107, "median_services": 13.195, "median_commerce": 211.7875, "median_entertainment": 42.7025, "PC1_pos": 2.4165323747373888, "nivvie": 26582.825724381626, "rel_education": 1.0021919235982979, "rel_sante": 1.6099157277598877, "rel_services": 1.0417066914865198, "rel_commerce": 1.2824597195854064, "rel_loisirs": 1.1094806217872244, "rel_pc1": 1.1527304981514794, "q_revenu": 3, "q_population": 4 }, "geometry": { "type": "Polygon", "coordinates": [ [ [ 4.862501020186054, 45.769324987598999 ], [ 4.862331448807842, 45.77112196557885 ], [ 4.864894515697791, 45.771246158022066 ], [ 4.865064003176147, 45.76944917530804 ], [ 4.862501020186054, 45.769324987598999 ] ] ] } },
{ "type": "Feature", "properties": { "idcar_200m": "CRS3035RES200mN2531400E3915400", "population": 387.5, "median_education": 8.654, "median_healthcare": 8.4525, "median_services": 2.261, "median_commerce": 17.6775, "median_entertainment": 11.022, "PC1_pos": 0.41125632232773568, "nivvie": 27487.999483870968, "rel_education": 0.42575076858375482, "rel_sante": 0.17647960222665193, "rel_services": 0.1784993428913241, "rel_commerce": 0.10704447473515209, "rel_loisirs": 0.28636954307918239, "rel_pc1": 0.19617684838851554, "q_revenu": 3, "q_population": 3 }, "geometry": { "type": "Polygon", "coordinates": [ [ [ 4.78800711652637, 45.76749347364494 ], [ 4.787835097914508, 45.769290310866104 ], [ 4.79039794080521, 45.769416302127766 ], [ 4.790569875550519, 45.767619460104399 ], [ 4.78800711652637, 45.76749347364494 ] ] ] } },
{ "type": "Feature", "properties": { "idcar_200m": "CRS3035RES200mN2531400E3915600", "population": 477.0, "median_education": 9.809, "median_healthcare": 11.898, "median_services": 3.343, "median_commerce": 25.724, "median_entertainment": 14.238, "PC1_pos": 0.52773855251425283, "nivvie": 29790.67358490566, "rel_education": 0.48257329431916463, "rel_sante": 0.24841813750874944, "rel_services": 0.26392008106399667, "rel_commerce": 0.15576931512301243, "rel_loisirs": 0.3699264701833968, "rel_pc1": 0.25174101985685393, "q_revenu": 4, "q_population": 4 }, "geometry": { "type": "Polygon", "coordinates": [ [ [ 4.790569875550519, 45.767619460104399 ], [ 4.79039794080521, 45.769416302127766 ], [ 4.792960794385507, 45.769542231530224 ], [ 4.793132645262859, 45.767745384707013 ], [ 4.790569875550519, 45.767619460104399 ] ] ] } },
{ "type": "Feature", "properties": { "idcar_200m": "CRS3035RES200mN2531400E3915800", "population": 4.0, "median_education": 10.455, "median_healthcare": 12.118, "median_services": 3.9655, "median_commerce": 28.893, "median_entertainment": 15.2565, "PC1_pos": 0.56107805700849678, "nivvie": 34608.425, "rel_education": 0.51435455113741124, "rel_sante": 0.25301151372760344, "rel_services": 0.31306463699051112, "rel_commerce": 0.1749589030418752, "rel_loisirs": 0.39638876192955425, "rel_pc1": 0.26764457820580828, "q_revenu": 5, "q_population": 1 }, "geometry": { "type": "Polygon", "coordinates": [ [ [ 4.793132645262859, 45.767745384707013 ], [ 4.792960794385507, 45.769542231530224 ], [ 4.795523658650239, 45.769668099073108 ], [ 4.795695425658235, 45.767871247452362 ], [ 4.793132645262859, 45.767745384707013 ] ] ] } },
{ "type": "Feature", "properties": { "idcar_200m": "CRS3035RES200mN2531400E3916000", "population": 214.5, "median_education": 11.489, "median_healthcare": 15.7, "median_services": 6.262, "median_commerce": 43.469, "median_entertainment": 20.238, "PC1_pos": 0.8320823798356245, "nivvie": 17677.698834498835, "rel_education": 0.56522424084339717, "rel_sante": 0.32780003016367171, "rel_services": 0.49436660114350789, "rel_commerce": 0.26322252989745865, "rel_loisirs": 0.52581625955693101, "rel_pc1": 0.39691863690227747, "q_revenu": 1, "q_population": 2 }, "geometry": { "type": "Polygon", "coordinates": [ [ [ 4.795695425658235, 45.767871247452362 ], [ 4.795523658650239, 45.769668099073108 ], [ 4.798086533594264, 45.769793904755993 ], [ 4.798258216731497, 45.767997048340042 ], [ 4.795695425658235, 45.767871247452362 ] ] ] } },
{ "type": "Feature", "properties": { "idcar_200m": "CRS3035RES200mN2531400E3916200", "population": 228.5, "median_education": 12.657, "median_healthcare": 19.76, "median_services": 8.556, "median_commerce": 61.435, "median_entertainment": 23.636, "PC1_pos": 1.0414055151002395, "nivvie": 18399.154048140044, "rel_education": 0.62268632747453023, "rel_sante": 0.41256870038434096, "rel_services": 0.67547119760202079, "rel_commerce": 0.37201398983759398, "rel_loisirs": 0.61410184360547593, "rel_pc1": 0.49676963186957274, "q_revenu": 1, "q_population": 2 }, "geometry": { "type": "Polygon", "coordinates": [ [ [ 4.798258216731497, 45.767997048340042 ], [ 4.798086533594264, 45.769793904755993 ], [ 4.800649419212429, 45.769919648578437 ], [ 4.8008210184775, 45.768122787369641 ], [ 4.798258216731497, 45.767997048340042 ] ] ] } },
{ "type": "Feature", "properties": { "idcar_200m": "CRS3035RES200mN2531400E3916400", "population": 314.0, "median_education": 13.6965, "median_healthcare": 21.319, "median_services": 9.7215, "median_commerce": 69.951, "median_entertainment": 25.9615, "PC1_pos": 1.2000450250041512, "nivvie": 26127.928025477708, "rel_education": 0.6738266006363991, "rel_sante": 0.44511903458976554, "rel_services": 0.76748401677045874, "rel_commerce": 0.42358184427654488, "rel_loisirs": 0.67452212780350163, "rel_pc1": 0.57244360304817765, "q_revenu": 3, "q_population": 3 }, "geometry": { "type": "Polygon", "coordinates": [ [ [ 4.8008210184775, 45.768122787369641 ], [ 4.800649419212429, 45.769919648578437 ], [ 4.803212315499579, 45.770045330540057 ], [ 4.803383830891088, 45.768248464540726 ], [ 4.8008210184775, 45.768122787369641 ] ] ] } },
{ "type": "Feature", "properties": { "idcar_200m": "CRS3035RES200mN2531400E3916600", "population": 376.0, "median_education": 14.784, "median_healthcare": 24.117, "median_services": 11.884, "median_commerce": 84.503, "median_entertainment": 29.456, "PC1_pos": 1.421636933897326, "nivvie": 25716.071808510638, "rel_education": 0.7273283294132461, "rel_sante": 0.50353842850046315, "rel_services": 0.9382070724991135, "rel_commerce": 0.51170014134037933, "rel_loisirs": 0.76531493929780414, "rel_pc1": 0.67814702924478532, "q_revenu": 2, "q_population": 3 }, "geometry": { "type": "Polygon", "coordinates": [ [ [ 4.803383830891088, 45.768248464540726 ], [ 4.803212315499579, 45.770045330540057 ], [ 4.805775222450564, 45.770170950640441 ], [ 4.805946653967107, 45.768374079852897 ], [ 4.803383830891088, 45.768248464540726 ] ] ] } },
{ "type": "Feature", "properties": { "idcar_200m": "CRS3035RES200mN2531400E3916800", "population": 175.5, "median_education": 13.725, "median_healthcare": 23.368, "median_services": 11.635, "median_commerce": 82.439, "median_entertainment": 27.44, "PC1_pos": 1.3528220711139733, "nivvie": 26836.707122507119, "rel_education": 0.67522871490779235, "rel_sante": 0.48790007037354655, "rel_services": 0.91854925012850763, "rel_commerce": 0.4992017792499619, "rel_loisirs": 0.71293597006829668, "rel_pc1": 0.64532107090640367, "q_revenu": 3, "q_population": 2 }, "geometry": { "type": "Polygon", "coordinates": [ [ [ 4.805946653967107, 45.768374079852897 ], [ 4.805775222450564, 45.770170950640441 ], [ 4.808338140060232, 45.770296508879142 ], [ 4.808509487700414, 45.768499633305716 ], [ 4.805946653967107, 45.768374079852897 ] ] ] } },
{ "type": "Feature", "properties": { "idcar_200m": "CRS3035RES200mN2531400E3917000", "population": 499.5, "median_education": 13.291, "median_healthcare": 22.986, "median_services": 11.037, "median_commerce": 88.561, "median_entertainment": 27.883, "PC1_pos": 1.3587629609399512, "nivvie": 19268.295695695695, "rel_education": 0.65387722038903229, "rel_sante": 0.47992429893899102, "rel_services": 0.87133889760793637, "rel_commerce": 0.53627298696194614, "rel_loisirs": 0.724445832850376, "rel_pc1": 0.64815498488999213, "q_revenu": 1, "q_population": 4 }, "geometry": { "type": "Polygon", "coordinates": [ [ [ 4.808509487700414, 45.768499633305716 ], [ 4.808338140060232, 45.770296508879142 ], [ 4.810901068323433, 45.770422005255774 ], [ 4.811072332085853, 45.768625124898797 ], [ 4.808509487700414, 45.768499633305716 ] ] ] } },
{ "type": "Feature", "properties": { "idcar_200m": "CRS3035RES200mN2531400E3917200", "population": 118.0, "median_education": 18.84, "median_healthcare": 31.6455, "median_services": 13.373, "median_commerce": 135.4365, "median_entertainment": 37.4685, "PC1_pos": 1.8353765663625685, "nivvie": 24349.284745762714, "rel_education": 0.92687132887889312, "rel_sante": 0.66072585060792821, "rel_services": 1.0557592713337802, "rel_commerce": 0.82012326417578407, "rel_loisirs": 0.97349276219037806, "rel_pc1": 0.87550846235552449, "q_revenu": 2, "q_population": 2 }, "geometry": { "type": "Polygon", "coordinates": [ [ [ 4.811072332085853, 45.768625124898797 ], [ 4.810901068323433, 45.770422005255774 ], [ 4.813464007235009, 45.770547439769921 ], [ 4.813635187118273, 45.768750554631758 ], [ 4.811072332085853, 45.768625124898797 ] ] ] } },
{ "type": "Feature", "properties": { "idcar_200m": "CRS3035RES200mN2531400E3917400", "population": 42.0, "median_education": 20.001, "median_healthcare": 30.389, "median_services": 12.276, "median_commerce": 145.996, "median_entertainment": 40.054, "PC1_pos": 1.8582715339706357, "nivvie": 35627.180952380957, "rel_education": 0.98398903656617531, "rel_sante": 0.63449140870342802, "rel_services": 0.96915432699420367, "rel_commerce": 0.8840653448413669, "rel_loisirs": 1.0406682705945902, "rel_pc1": 0.88642978403609052, "q_revenu": 5, "q_population": 1 }, "geometry": { "type": "Polygon", "coordinates": [ [ [ 4.813635187118273, 45.768750554631758 ], [ 4.813464007235009, 45.770547439769921 ], [ 4.816026956789817, 45.770672812421154 ], [ 4.816198052792525, 45.768875922504115 ], [ 4.813635187118273, 45.768750554631758 ] ] ] } },
{ "type": "Feature", "properties": { "idcar_200m": "CRS3035RES200mN2531400E3917600", "population": 628.0, "median_education": 24.9475, "median_healthcare": 32.5025, "median_services": 11.904, "median_commerce": 162.8445, "median_entertainment": 48.606, "PC1_pos": 2.0560567220487513, "nivvie": 29594.308917197453, "rel_education": 1.2273419573888633, "rel_sante": 0.67861913887864589, "rel_services": 0.93978601405498541, "rel_commerce": 0.98608988635318739, "rel_loisirs": 1.2628631837150011, "rel_pc1": 0.9807769654617261, "q_revenu": 4, "q_population": 4 }, "geometry": { "type": "Polygon", "coordinates": [ [ [ 4.816198052792525, 45.768875922504115 ], [ 4.816026956789817, 45.770672812421154 ], [ 4.818589916982696, 45.770798123209104 ], [ 4.818760929103449, 45.769001228515478 ], [ 4.816198052792525, 45.768875922504115 ] ] ] } },
{ "type": "Feature", "properties": { "idcar_200m": "CRS3035RES200mN2531400E3917800", "population": 135.5, "median_education": 28.16, "median_healthcare": 35.002, "median_services": 12.158, "median_commerce": 185.059, "median_entertainment": 53.141, "PC1_pos": 2.3398039314299206, "nivvie": 33389.975645756458, "rel_education": 1.3853872941204688, "rel_sante": 0.73080615641967128, "rel_services": 0.95983857181455912, "rel_commerce": 1.1206077471368976, "rel_loisirs": 1.3806898828498306, "rel_pc1": 1.1161296159945344, "q_revenu": 5, "q_population": 2 }, "geometry": { "type": "Polygon", "coordinates": [ [ [ 4.818760929103449, 45.769001228515478 ], [ 4.818589916982696, 45.770798123209104 ], [ 4.821152887808496, 45.770923372133282 ], [ 4.821323816045903, 45.769126472665455 ], [ 4.818760929103449, 45.769001228515478 ] ] ] } },
{ "type": "Feature", "properties": { "idcar_200m": "CRS3035RES200mN2531400E3918000", "population": 104.5, "median_education": 27.9125, "median_healthcare": 44.1275, "median_services": 15.615, "median_commerce": 239.3655, "median_entertainment": 61.081, "PC1_pos": 2.6804905610763119, "nivvie": 34650.652631578952, "rel_education": 1.3732110386057381, "rel_sante": 0.92133731407945374, "rel_services": 1.2327586197470259, "rel_commerce": 1.4494557611210319, "rel_loisirs": 1.5869840374541411, "rel_pc1": 1.2786434198282246, "q_revenu": 5, "q_population": 1 }, "geometry": { "type": "Polygon", "coordinates": [ [ [ 4.821323816045903, 45.769126472665455 ], [ 4.821152887808496, 45.770923372133282 ], [ 4.823715869262066, 45.771048559193346 ], [ 4.823886713614729, 45.769251654953621 ], [ 4.821323816045903, 45.769126472665455 ] ] ] } },
{ "type": "Feature", "properties": { "idcar_200m": "CRS3035RES200mN2531400E3918200", "population": 542.5, "median_education": 34.2225, "median_healthcare": 61.656, "median_services": 20.616, "median_commerce": 334.2725, "median_entertainment": 81.475, "PC1_pos": 3.75696328702473, "nivvie": 27883.918341013825, "rel_education": 1.6836440579913969, "rel_sante": 1.2873145643166461, "rel_services": 1.6275729557928074, "rel_commerce": 2.0241563671846201, "rel_loisirs": 2.1168534315347838, "rel_pc1": 1.7921407578325834, "q_revenu": 3, "q_population": 4 }, "geometry": { "type": "Polygon", "coordinates": [ [ [ 4.823886713614729, 45.769251654953621 ], [ 4.823715869262066, 45.771048559193346 ], [ 4.826278861338252, 45.771173684388856 ], [ 4.826449621804775, 45.769376775379563 ], [ 4.823886713614729, 45.769251654953621 ] ] ] } },
{ "type": "Feature", "properties": { "idcar_200m": "CRS3035RES200mN2531400E3918400", "population": 922.0, "median_education": 38.267, "median_healthcare": 71.553, "median_services": 24.539, "median_commerce": 398.396, "median_entertainment": 92.673, "PC1_pos": 4.5316675466830381, "nivvie": 27206.042841648588, "rel_education": 1.8826212920492891, "rel_sante": 1.4939538572166371, "rel_services": 1.9372823419770908, "rel_commerce": 2.4124503214021016, "rel_loisirs": 2.4077957417689233, "rel_pc1": 2.1616889734872742, "q_revenu": 3, "q_population": 5 }, "geometry": { "type": "Polygon", "coordinates": [ [ [ 4.826449621804775, 45.769376775379563 ], [ 4.826278861338252, 45.771173684388856 ], [ 4.828841864031896, 45.771298747719413 ], [ 4.829012540610891, 45.769501833942861 ], [ 4.826449621804775, 45.769376775379563 ] ] ] } },
{ "type": "Feature", "properties": { "idcar_200m": "CRS3035RES200mN2531400E3918600", "population": 508.0, "median_education": 42.394, "median_healthcare": 88.909, "median_services": 31.444, "median_commerce": 526.754, "median_entertainment": 113.779, "PC1_pos": 5.5167932554868813, "nivvie": 24567.428937007873, "rel_education": 2.0856572779454243, "rel_sante": 1.8563294829185919, "rel_services": 2.4824119141418817, "rel_commerce": 3.1897103801239033, "rel_loisirs": 2.9561640575218924, "rel_pc1": 2.6316121000808876, "q_revenu": 2, "q_population": 4 }, "geometry": { "type": "Polygon", "coordinates": [ [ [ 4.829012540610891, 45.769501833942861 ], [ 4.828841864031896, 45.771298747719413 ], [ 4.831404877337851, 45.771423749184578 ], [ 4.831575470027921, 45.769626830643148 ], [ 4.829012540610891, 45.769501833942861 ] ] ] } },
{ "type": "Feature", "properties": { "idcar_200m": "CRS3035RES200mN2531400E3918800", "population": 1604.0, "median_education": 38.686, "median_healthcare": 97.147, "median_services": 31.574, "median_commerce": 541.701, "median_entertainment": 121.013, "PC1_pos": 5.7288640418308496, "nivvie": 23593.187157107233, "rel_education": 1.9032348316883683, "rel_sante": 2.0283305433318612, "rel_services": 2.4926750342550497, "rel_commerce": 3.2802205633436072, "rel_loisirs": 3.1441151802432503, "rel_pc1": 2.7327737752735177, "q_revenu": 2, "q_population": 5 }, "geometry": { "type": "Polygon", "coordinates": [ [ [ 4.831575470027921, 45.769626830643148 ], [ 4.831404877337851, 45.771423749184578 ], [ 4.833967901250962, 45.771548688783938 ], [ 4.834138410050715, 45.769751765479938 ], [ 4.831575470027921, 45.769626830643148 ] ] ] } },
{ "type": "Feature", "properties": { "idcar_200m": "CRS3035RES200mN2531400E3919000", "population": 1603.0, "median_education": 36.743, "median_healthcare": 105.69, "median_services": 31.55, "median_commerce": 530.011, "median_entertainment": 120.308, "PC1_pos": 5.7039784907084812, "nivvie": 25214.472738615095, "rel_education": 1.8076450762737353, "rel_sante": 2.2066996935030869, "rel_services": 2.4907803043880032, "rel_commerce": 3.2094328439458453, "rel_loisirs": 3.12579812999186, "rel_pc1": 2.7209029085547636, "q_revenu": 2, "q_population": 5 }, "geometry": { "type": "Polygon", "coordinates": [ [ [ 4.834138410050715, 45.769751765479938 ], [ 4.833967901250962, 45.771548688783938 ], [ 4.836530935766072, 45.771673566517094 ], [ 4.836701360674117, 45.769876638452864 ], [ 4.834138410050715, 45.769751765479938 ] ] ] } },
{ "type": "Feature", "properties": { "idcar_200m": "CRS3035RES200mN2531400E3919200", "population": 573.0, "median_education": 33.881, "median_healthcare": 103.9945, "median_services": 30.038, "median_commerce": 500.3365, "median_entertainment": 109.886, "PC1_pos": 5.3888768238138294, "nivvie": 29953.349563699827, "rel_education": 1.6668432852306676, "rel_sante": 2.1712993781436918, "rel_services": 2.3714123227640838, "rel_commerce": 3.0297416395601422, "rel_loisirs": 2.855017565850031, "rel_pc1": 2.5705936036826089, "q_revenu": 4, "q_population": 4 }, "geometry": { "type": "Polygon", "coordinates": [ [ [ 4.836701360674117, 45.769876638452864 ], [ 4.836530935766072, 45.771673566517094 ], [ 4.839093980878031, 45.771798382383658 ], [ 4.839264321892975, 45.770001449561498 ], [ 4.836701360674117, 45.769876638452864 ] ] ] } },
{ "type": "Feature", "properties": { "idcar_200m": "CRS3035RES200mN2531400E3919400", "population": 244.5, "median_education": 30.127, "median_healthcare": 102.413, "median_services": 26.616, "median_commerce": 453.173, "median_entertainment": 79.829, "PC1_pos": 4.7437314363103811, "nivvie": 37415.833946830266, "rel_education": 1.4821577773425909, "rel_sante": 2.1382792668249753, "rel_services": 2.1012554225543929, "rel_commerce": 2.7441474048453158, "rel_loisirs": 2.0740876659833107, "rel_pc1": 2.262847358818914, "q_revenu": 5, "q_population": 2 }, "geometry": { "type": "Polygon", "coordinates": [ [ [ 4.839264321892975, 45.770001449561498 ], [ 4.839093980878031, 45.771798382383658 ], [ 4.841657036581685, 45.771923136383208 ], [ 4.841827293702137, 45.770126198805478 ], [ 4.839264321892975, 45.770001449561498 ] ] ] } },
{ "type": "Feature", "properties": { "idcar_200m": "CRS3035RES200mN2531400E3919600", "population": 1279.5, "median_education": 31.52, "median_healthcare": 108.84, "median_services": 26.5595, "median_commerce": 468.395, "median_entertainment": 77.0365, "PC1_pos": 4.8495323964019486, "nivvie": 35781.585150449398, "rel_education": 1.5506891871689337, "rel_sante": 2.2724684893639511, "rel_services": 2.0967949126590546, "rel_commerce": 2.8363228252621444, "rel_loisirs": 2.001533959845712, "rel_pc1": 2.3133163675134534, "q_revenu": 5, "q_population": 5 }, "geometry": { "type": "Polygon", "coordinates": [ [ [ 4.841827293702137, 45.770126198805478 ], [ 4.841657036581685, 45.771923136383208 ], [ 4.844220102871875, 45.772047828515319 ], [ 4.844390276096447, 45.770250886184314 ], [ 4.841827293702137, 45.770126198805478 ] ] ] } },
{ "type": "Feature", "properties": { "idcar_200m": "CRS3035RES200mN2531400E3919800", "population": 913.5, "median_education": 33.261, "median_healthcare": 112.038, "median_services": 25.86, "median_commerce": 475.616, "median_entertainment": 72.709, "PC1_pos": 4.8362958529542652, "nivvie": 38332.580952380958, "rel_education": 1.6363411502038676, "rel_sante": 2.3392394763998379, "rel_services": 2.0415714317424327, "rel_commerce": 2.8800489263546365, "rel_loisirs": 1.8890984492600504, "rel_pc1": 2.3070022922369282, "q_revenu": 5, "q_population": 5 }, "geometry": { "type": "Polygon", "coordinates": [ [ [ 4.844390276096447, 45.770250886184314 ], [ 4.844220102871875, 45.772047828515319 ], [ 4.846783179743452, 45.772172458779565 ], [ 4.846953269070752, 45.770375511697644 ], [ 4.844390276096447, 45.770250886184314 ] ] ] } },
{ "type": "Feature", "properties": { "idcar_200m": "CRS3035RES200mN2531400E3920000", "population": 1079.5, "median_education": 33.154, "median_healthcare": 108.985, "median_services": 23.23, "median_commerce": 455.928, "median_entertainment": 65.984, "PC1_pos": 4.5417888873662431, "nivvie": 34400.160815192219, "rel_education": 1.6310770720621457, "rel_sante": 2.2754959418718319, "rel_services": 1.8339406171452715, "rel_commerce": 2.7608300538565076, "rel_loisirs": 1.7143719770038806, "rel_pc1": 2.1665170396078364, "q_revenu": 5, "q_population": 5 }, "geometry": { "type": "Polygon", "coordinates": [ [ [ 4.846953269070752, 45.770375511697644 ], [ 4.846783179743452, 45.772172458779565 ], [ 4.849346267191255, 45.77229702717554 ], [ 4.849516272619899, 45.770500075345055 ], [ 4.846953269070752, 45.770375511697644 ] ] ] } },
{ "type": "Feature", "properties": { "idcar_200m": "CRS3035RES200mN2531400E3920200", "population": 1003.0, "median_education": 31.9145, "median_healthcare": 105.5745, "median_services": 21.2175, "median_commerce": 424.6295, "median_entertainment": 62.4205, "PC1_pos": 4.3024568681220172, "nivvie": 34066.26340977069, "rel_education": 1.5700974005045347, "rel_sante": 2.2042881709881885, "rel_services": 1.6750596230856565, "rel_commerce": 2.5713048668957863, "rel_loisirs": 1.6217864329317826, "rel_pc1": 2.0523512536861905, "q_revenu": 5, "q_population": 5 }, "geometry": { "type": "Polygon", "coordinates": [ [ [ 4.849516272619899, 45.770500075345055 ], [ 4.849346267191255, 45.77229702717554 ], [ 4.851909365210134, 45.772421533702882 ], [ 4.852079286738731, 45.770624577126149 ], [ 4.849516272619899, 45.770500075345055 ] ] ] } },
{ "type": "Feature", "properties": { "idcar_200m": "CRS3035RES200mN2531400E3920400", "population": 1222.5, "median_education": 29.4055, "median_healthcare": 104.433, "median_services": 20.284, "median_commerce": 381.7735, "median_entertainment": 61.106, "PC1_pos": 4.0384759593404258, "nivvie": 36951.743231083849, "rel_education": 1.4466621476299517, "rel_sante": 2.1804548121071803, "rel_services": 1.6013625259653328, "rel_commerce": 2.3117943020959175, "rel_loisirs": 1.5876335782431974, "rel_pc1": 1.9264274929853418, "q_revenu": 5, "q_population": 5 }, "geometry": { "type": "Polygon", "coordinates": [ [ [ 4.852079286738731, 45.770624577126149 ], [ 4.851909365210134, 45.772421533702882 ], [ 4.854472473794933, 45.77254597836113 ], [ 4.854642311422097, 45.770749017040451 ], [ 4.852079286738731, 45.770624577126149 ] ] ] } },
{ "type": "Feature", "properties": { "idcar_200m": "CRS3035RES200mN2531400E3920600", "population": 862.5, "median_education": 27.088, "median_healthcare": 105.497, "median_services": 18.991, "median_commerce": 348.197, "median_entertainment": 61.554, "PC1_pos": 3.7942440887821141, "nivvie": 38668.428289855074, "rel_education": 1.3326481187192918, "rel_sante": 2.2026700498201834, "rel_services": 1.4992839543782113, "rel_commerce": 2.1084748957350161, "rel_loisirs": 1.5992733491830879, "rel_pc1": 1.8099243876446798, "q_revenu": 5, "q_population": 5 }, "geometry": { "type": "Polygon", "coordinates": [ [ [ 4.854642311422097, 45.770749017040451 ], [ 4.854472473794933, 45.77254597836113 ], [ 4.857035592940496, 45.772670361149864 ], [ 4.85720534666484, 45.770873395087627 ], [ 4.854642311422097, 45.770749017040451 ] ] ] } },
{ "type": "Feature", "properties": { "idcar_200m": "CRS3035RES200mN2531400E3920800", "population": 38.0, "median_education": 22.316, "median_healthcare": 100.0385, "median_services": 15.5325, "median_commerce": 266.976, "median_entertainment": 54.185, "PC1_pos": 3.2241294010234087, "nivvie": 28545.35, "rel_education": 1.0978800729968885, "rel_sante": 2.0887021221355715, "rel_services": 1.2262454858290541, "rel_commerce": 1.6166486034163179, "rel_loisirs": 1.4078147062008257, "rel_pc1": 1.5379691699559508, "q_revenu": 3, "q_population": 1 }, "geometry": { "type": "Polygon", "coordinates": [ [ [ 4.85720534666484, 45.770873395087627 ], [ 4.857035592940496, 45.772670361149864 ], [ 4.859598722641667, 45.772794682068728 ], [ 4.859768392461807, 45.770997711267206 ], [ 4.85720534666484, 45.770873395087627 ] ] ] } },
{ "type": "Feature", "properties": { "idcar_200m": "CRS3035RES200mN2531400E3921000", "population": 749.0, "median_education": 19.332, "median_healthcare": 85.786, "median_services": 13.06, "median_commerce": 218.246, "median_entertainment": 45.718, "PC1_pos": 2.6656636882460019, "nivvie": 28868.20867823765, "rel_education": 0.95107624893241838, "rel_sante": 1.791124419593678, "rel_services": 1.0310488359843841, "rel_commerce": 1.3215685720858719, "rel_loisirs": 1.1878282317632067, "rel_pc1": 1.2715707281141029, "q_revenu": 4, "q_population": 4 }, "geometry": { "type": "Polygon", "coordinates": [ [ [ 4.859768392461807, 45.770997711267206 ], [ 4.859598722641667, 45.772794682068728 ], [ 4.862161862893292, 45.772918941117325 ], [ 4.862331448807842, 45.77112196557885 ], [ 4.859768392461807, 45.770997711267206 ] ] ] } },
{ "type": "Feature", "properties": { "idcar_200m": "CRS3035RES200mN2531600E3915600", "population": 167.0, "median_education": 8.887, "median_healthcare": 12.571, "median_services": 3.9355, "median_commerce": 28.5965, "median_entertainment": 14.529, "PC1_pos": 0.56369257573394949, "nivvie": 23425.947904191617, "rel_education": 0.43721366771479425, "rel_sante": 0.26246969294188011, "rel_services": 0.31069622465670321, "rel_commerce": 0.1731634745729756, "rel_loisirs": 0.37748712496801323, "rel_pc1": 0.26889175184367231, "q_revenu": 2, "q_population": 2 }, "geometry": { "type": "Polygon", "coordinates": [ [ [ 4.79039794080521, 45.769416302127766 ], [ 4.790225991322535, 45.771213141698297 ], [ 4.792788928777902, 45.771339075901054 ], [ 4.792960794385507, 45.769542231530224 ], [ 4.79039794080521, 45.769416302127766 ] ] ] } },
{ "type": "Feature", "properties": { "idcar_200m": "CRS3035RES200mN2531600E3915800", "population": 211.0, "median_education": 8.924, "median_healthcare": 12.116, "median_services": 4.592, "median_commerce": 32.462, "median_entertainment": 15.387, "PC1_pos": 0.61759036051600669, "nivvie": 23920.810426540284, "rel_education": 0.43903395641800647, "rel_sante": 0.2529697557619775, "rel_services": 0.36252498122819998, "rel_commerce": 0.19657065415655534, "rel_loisirs": 0.39977936484842863, "rel_pc1": 0.29460198893819245, "q_revenu": 2, "q_population": 2 }, "geometry": { "type": "Polygon", "coordinates": [ [ [ 4.792960794385507, 45.769542231530224 ], [ 4.792788928777902, 45.771339075901054 ], [ 4.795351876919113, 45.771464948241871 ], [ 4.795523658650239, 45.769668099073108 ], [ 4.792960794385507, 45.769542231530224 ] ] ] } },
{ "type": "Feature", "properties": { "idcar_200m": "CRS3035RES200mN2531600E3916000", "population": 19.0, "median_education": 10.534, "median_healthcare": 16.05, "median_services": 6.29, "median_commerce": 46.31, "median_entertainment": 20.885, "PC1_pos": 0.82472421590417411, "nivvie": 27137.173684210527, "rel_education": 0.51824111350372937, "rel_sante": 0.33510767414821219, "rel_services": 0.49657711932172865, "rel_commerce": 0.28042594399575127, "rel_loisirs": 0.54262637517771051, "rel_pc1": 0.39340865703904354, "q_revenu": 3, "q_population": 1 }, "geometry": { "type": "Polygon", "coordinates": [ [ [ 4.795523658650239, 45.769668099073108 ], [ 4.795351876919113, 45.771464948241871 ], [ 4.797914835741012, 45.771590758720386 ], [ 4.798086533594264, 45.769793904755993 ], [ 4.795523658650239, 45.769668099073108 ] ] ] } },
{ "type": "Feature", "properties": { "idcar_200m": "CRS3035RES200mN2531600E3916200", "population": 58.5, "median_education": 11.259, "median_healthcare": 18.207, "median_services": 7.895, "median_commerce": 55.906, "median_entertainment": 21.072, "PC1_pos": 1.024616004639479, "nivvie": 29453.290598290598, "rel_education": 0.553908932688294, "rel_sante": 0.38014364007579438, "rel_services": 0.62328717918045273, "rel_commerce": 0.33853363906340894, "rel_loisirs": 0.54748494027985228, "rel_pc1": 0.48876072581911889, "q_revenu": 4, "q_population": 1 }, "geometry": { "type": "Polygon", "coordinates": [ [ [ 4.798086533594264, 45.769793904755993 ], [ 4.797914835741012, 45.771590758720386 ], [ 4.800477805238452, 45.771716507336137 ], [ 4.800649419212429, 45.769919648578437 ], [ 4.798086533594264, 45.769793904755993 ] ] ] } },
{ "type": "Feature", "properties": { "idcar_200m": "CRS3035RES200mN2531600E3916400", "population": 219.0, "median_education": 14.827, "median_healthcare": 25.123, "median_services": 12.102, "median_commerce": 86.219, "median_entertainment": 28.91, "PC1_pos": 1.406765721708124, "nivvie": 28768.124200913244, "rel_education": 0.72944380006833054, "rel_sante": 0.52454268521031366, "rel_services": 0.95541753545811769, "rel_commerce": 0.52209122145043563, "rel_loisirs": 0.75112896846481259, "rel_pc1": 0.67105318683895443, "q_revenu": 4, "q_population": 2 }, "geometry": { "type": "Polygon", "coordinates": [ [ [ 4.800649419212429, 45.769919648578437 ], [ 4.800477805238452, 45.771716507336137 ], [ 4.803040785406279, 45.77184219408872 ], [ 4.803212315499579, 45.770045330540057 ], [ 4.800649419212429, 45.769919648578437 ] ] ] } },
{ "type": "Feature", "properties": { "idcar_200m": "CRS3035RES200mN2531600E3916600", "population": 423.5, "median_education": 16.053, "median_healthcare": 29.288, "median_services": 14.945, "median_commerce": 101.301, "median_entertainment": 32.125, "PC1_pos": 1.6610327735433608, "nivvie": 29387.063282172374, "rel_education": 0.78975931223422891, "rel_sante": 0.6115036486263451, "rel_services": 1.1798640776253155, "rel_commerce": 0.61341888474872808, "rel_loisirs": 0.83465991393746475, "rel_pc1": 0.79234325867479838, "q_revenu": 4, "q_population": 3 }, "geometry": { "type": "Polygon", "coordinates": [ [ [ 4.803212315499579, 45.770045330540057 ], [ 4.803040785406279, 45.77184219408872 ], [ 4.805603776239343, 45.771967818977714 ], [ 4.805775222450564, 45.770170950640441 ], [ 4.803212315499579, 45.770045330540057 ] ] ] } },
{ "type": "Feature", "properties": { "idcar_200m": "CRS3035RES200mN2531600E3916800", "population": 852.5, "median_education": 16.537, "median_healthcare": 30.616, "median_services": 15.436, "median_commerce": 105.455, "median_entertainment": 31.836, "PC1_pos": 1.7233592199902108, "nivvie": 25729.193548387098, "rel_education": 0.81357065635192438, "rel_sante": 0.63923093780197282, "rel_services": 1.218627092821972, "rel_commerce": 0.63857304953729099, "rel_loisirs": 0.82715122241597272, "rel_pc1": 0.82207412278891834, "q_revenu": 2, "q_population": 5 }, "geometry": { "type": "Polygon", "coordinates": [ [ [ 4.805775222450564, 45.770170950640441 ], [ 4.805603776239343, 45.771967818977714 ], [ 4.808166777732489, 45.772093382002701 ], [ 4.808338140060232, 45.770296508879142 ], [ 4.805775222450564, 45.770170950640441 ] ] ] } },
{ "type": "Feature", "properties": { "idcar_200m": "CRS3035RES200mN2531600E3917000", "population": 98.0, "median_education": 15.708, "median_healthcare": 29.602, "median_services": 14.216, "median_commerce": 103.191, "median_entertainment": 30.277, "PC1_pos": 1.5997455438978352, "nivvie": 34644.345918367348, "rel_education": 0.77278635000157392, "rel_sante": 0.61805964922961854, "rel_services": 1.1223116579137828, "rel_commerce": 0.62486360584896494, "rel_loisirs": 0.78664585881041615, "rel_pc1": 0.76310812013572205, "q_revenu": 5, "q_population": 1 }, "geometry": { "type": "Polygon", "coordinates": [ [ [ 4.808338140060232, 45.770296508879142 ], [ 4.808166777732489, 45.772093382002701 ], [ 4.810729789880567, 45.772218883163326 ], [ 4.810901068323433, 45.770422005255774 ], [ 4.808338140060232, 45.770296508879142 ] ] ] } },
{ "type": "Feature", "properties": { "idcar_200m": "CRS3035RES200mN2531600E3917200", "population": 246.0, "median_education": 18.05, "median_healthcare": 32.65, "median_services": 14.14, "median_commerce": 132.006, "median_entertainment": 35.845, "PC1_pos": 1.8549318956112697, "nivvie": 28530.108130081298, "rel_education": 0.88800570521571243, "rel_sante": 0.68169878884355939, "rel_services": 1.1163116800014696, "rel_commerce": 0.79935018706765582, "rel_loisirs": 0.93131158334905595, "rel_pc1": 0.88483671496328076, "q_revenu": 3, "q_population": 2 }, "geometry": { "type": "Polygon", "coordinates": [ [ [ 4.810901068323433, 45.770422005255774 ], [ 4.810729789880567, 45.772218883163326 ], [ 4.813292812678418, 45.772344322459112 ], [ 4.813464007235009, 45.770547439769921 ], [ 4.810901068323433, 45.770422005255774 ] ] ] } },
{ "type": "Feature", "properties": { "idcar_200m": "CRS3035RES200mN2531600E3917400", "population": 2.0, "median_education": 21.646, "median_healthcare": 31.452, "median_services": 12.252, "median_commerce": 141.44, "median_entertainment": 40.11, "PC1_pos": 1.8757317110407075, "nivvie": 35627.2, "rel_education": 1.0649180883711529, "rel_sante": 0.65668576743361806, "rel_services": 0.96725959712715737, "rel_commerce": 0.85647690604100746, "rel_loisirs": 1.0421232419620765, "rel_pc1": 0.89475861042476412, "q_revenu": 5, "q_population": 1 }, "geometry": { "type": "Polygon", "coordinates": [ [ [ 4.813464007235009, 45.770547439769921 ], [ 4.813292812678418, 45.772344322459112 ], [ 4.815855846120894, 45.772469699889662 ], [ 4.816026956789817, 45.770672812421154 ], [ 4.813464007235009, 45.770547439769921 ] ] ] } },
{ "type": "Feature", "properties": { "idcar_200m": "CRS3035RES200mN2531600E3917600", "population": 530.0, "median_education": 25.83, "median_healthcare": 33.408, "median_services": 12.312, "median_commerce": 160.14, "median_entertainment": 47.158, "PC1_pos": 2.1303831943970497, "nivvie": 32443.681698113211, "rel_education": 1.2707583028100746, "rel_sante": 0.69752505781579277, "rel_services": 0.97199642179477319, "rel_commerce": 0.9697130354454675, "rel_loisirs": 1.2252417812128549, "rel_pc1": 1.0162320631842248, "q_revenu": 5, "q_population": 4 }, "geometry": { "type": "Polygon", "coordinates": [ [ [ 4.816026956789817, 45.770672812421154 ], [ 4.815855846120894, 45.772469699889662 ], [ 4.818418890202843, 45.772595015454556 ], [ 4.818589916982696, 45.770798123209104 ], [ 4.816026956789817, 45.770672812421154 ] ] ] } },
{ "type": "Feature", "properties": { "idcar_200m": "CRS3035RES200mN2531600E3917800", "population": 288.5, "median_education": 31.137, "median_healthcare": 38.7285, "median_services": 13.412, "median_commerce": 196.6985, "median_entertainment": 56.577, "PC1_pos": 2.5558212567077034, "nivvie": 31874.891854419413, "rel_education": 1.5318467392410879, "rel_sante": 0.80861168587221399, "rel_services": 1.0588382073677305, "rel_commerce": 1.1910896684311874, "rel_loisirs": 1.4699627688977412, "rel_pc1": 1.2191738630238627, "q_revenu": 4, "q_population": 3 }, "geometry": { "type": "Polygon", "coordinates": [ [ [ 4.818589916982696, 45.770798123209104 ], [ 4.818418890202843, 45.772595015454556 ], [ 4.820981944919108, 45.772720269153432 ], [ 4.821152887808496, 45.770923372133282 ], [ 4.818589916982696, 45.770798123209104 ] ] ] } },
{ "type": "Feature", "properties": { "idcar_200m": "CRS3035RES200mN2531600E3918000", "population": 661.5, "median_education": 36.665, "median_healthcare": 46.192, "median_services": 15.637, "median_commerce": 245.111, "median_entertainment": 66.449, "PC1_pos": 3.0415468809853499, "nivvie": 20915.42343159486, "rel_education": 1.8038077108993957, "rel_sante": 0.96444197409683596, "rel_services": 1.234495455458485, "rel_commerce": 1.4842471077249531, "rel_loisirs": 1.7264534356803296, "rel_pc1": 1.4508739414883016, "q_revenu": 1, "q_population": 4 }, "geometry": { "type": "Polygon", "coordinates": [ [ [ 4.821152887808496, 45.770923372133282 ], [ 4.820981944919108, 45.772720269153432 ], [ 4.823545010264535, 45.772845460985785 ], [ 4.823715869262066, 45.771048559193346 ], [ 4.821152887808496, 45.770923372133282 ] ] ] } },
{ "type": "Feature", "properties": { "idcar_200m": "CRS3035RES200mN2531600E3918200", "population": 797.0, "median_education": 40.527, "median_healthcare": 60.952, "median_services": 20.459, "median_commerce": 332.712, "median_entertainment": 82.239, "PC1_pos": 3.8555548053418134, "nivvie": 26648.918820577164, "rel_education": 1.9938064939211733, "rel_sante": 1.2726157604163133, "rel_services": 1.6151782645792125, "rel_commerce": 2.0147069030169376, "rel_loisirs": 2.1367033980483474, "rel_pc1": 1.8391707298748627, "q_revenu": 3, "q_population": 4 }, "geometry": { "type": "Polygon", "coordinates": [ [ [ 4.823715869262066, 45.771048559193346 ], [ 4.823545010264535, 45.772845460985785 ], [ 4.826108086233975, 45.772970590951275 ], [ 4.826278861338252, 45.771173684388856 ], [ 4.823715869262066, 45.771048559193346 ] ] ] } },
{ "type": "Feature", "properties": { "idcar_200m": "CRS3035RES200mN2531600E3918400", "population": 826.0, "median_education": 40.471, "median_healthcare": 71.788, "median_services": 23.947, "median_commerce": 396.807, "median_entertainment": 90.876, "PC1_pos": 4.4184711648872907, "nivvie": 24780.661622276028, "rel_education": 1.9910514623703652, "rel_sante": 1.4988604181776857, "rel_services": 1.8905456719232807, "rel_commerce": 2.4028282781067172, "rel_loisirs": 2.3611067498515501, "rel_pc1": 2.1076922122849595, "q_revenu": 2, "q_population": 5 }, "geometry": { "type": "Polygon", "coordinates": [ [ [ 4.826278861338252, 45.771173684388856 ], [ 4.826108086233975, 45.772970590951275 ], [ 4.82867117282227, 45.773095659049453 ], [ 4.828841864031896, 45.771298747719413 ], [ 4.826278861338252, 45.771173684388856 ] ] ] } },
{ "type": "Feature", "properties": { "idcar_200m": "CRS3035RES200mN2531600E3918600", "population": 777.0, "median_education": 38.6925, "median_healthcare": 78.2225, "median_services": 25.861, "median_commerce": 440.977, "median_entertainment": 97.645, "PC1_pos": 4.7213126017875382, "nivvie": 25682.703346203347, "rel_education": 1.9035546121362301, "rel_sante": 1.6332062330877586, "rel_services": 2.0416503788202265, "rel_commerce": 2.6702956490048453, "rel_loisirs": 2.5369764138964586, "rel_pc1": 2.252153161398819, "q_revenu": 2, "q_population": 4 }, "geometry": { "type": "Polygon", "coordinates": [ [ [ 4.828841864031896, 45.771298747719413 ], [ 4.82867117282227, 45.773095659049453 ], [ 4.831234270024269, 45.773220665279958 ], [ 4.831404877337851, 45.771423749184578 ], [ 4.828841864031896, 45.771298747719413 ] ] ] } },
{ "type": "Feature", "properties": { "idcar_200m": "CRS3035RES200mN2531600E3918800", "population": 1063.5, "median_education": 38.345, "median_healthcare": 90.049, "median_services": 28.331, "median_commerce": 501.871, "median_entertainment": 104.566, "PC1_pos": 5.1654010540833353, "nivvie": 23086.694875411376, "rel_education": 1.8864586574236282, "rel_sante": 1.8801315233253808, "rel_services": 2.2366496609704125, "rel_commerce": 3.0390336631200965, "rel_loisirs": 2.7167952859388307, "rel_pc1": 2.4639915411324589, "q_revenu": 2, "q_population": 5 }, "geometry": { "type": "Polygon", "coordinates": [ [ [ 4.831404877337851, 45.771423749184578 ], [ 4.831234270024269, 45.773220665279958 ], [ 4.833797377834812, 45.773345609642334 ], [ 4.833967901250962, 45.771548688783938 ], [ 4.831404877337851, 45.771423749184578 ] ] ] } },
{ "type": "Feature", "properties": { "idcar_200m": "CRS3035RES200mN2531600E3919000", "population": 1078.0, "median_education": 34.587, "median_healthcare": 95.42, "median_services": 27.697, "median_commerce": 477.861, "median_entertainment": 104.223, "PC1_pos": 5.0340536626466807, "nivvie": 23554.567161410017, "rel_education": 1.7015763615676369, "rel_sante": 1.9922725400138572, "rel_services": 2.186597213649272, "rel_commerce": 2.8936433172911613, "rel_loisirs": 2.7078835863129771, "rel_pc1": 2.4013364136677895, "q_revenu": 2, "q_population": 5 }, "geometry": { "type": "Polygon", "coordinates": [ [ [ 4.833967901250962, 45.771548688783938 ], [ 4.833797377834812, 45.773345609642334 ], [ 4.836360496248751, 45.773470492136163 ], [ 4.836530935766072, 45.771673566517094 ], [ 4.833967901250962, 45.771548688783938 ] ] ] } },
{ "type": "Feature", "properties": { "idcar_200m": "CRS3035RES200mN2531600E3919200", "population": 407.0, "median_education": 30.346, "median_healthcare": 94.315, "median_services": 25.603, "median_commerce": 439.596, "median_entertainment": 94.583, "PC1_pos": 4.7327746819824172, "nivvie": 30549.865356265356, "rel_education": 1.4929319185859284, "rel_sante": 1.9692012640055223, "rel_services": 2.0212820327494785, "rel_commerce": 2.6619331305712861, "rel_loisirs": 2.4574206580528317, "rel_pc1": 2.2576207849866599, "q_revenu": 4, "q_population": 3 }, "geometry": { "type": "Polygon", "coordinates": [ [ [ 4.836530935766072, 45.771673566517094 ], [ 4.836360496248751, 45.773470492136163 ], [ 4.83892362526093, 45.773595312761053 ], [ 4.839093980878031, 45.771798382383658 ], [ 4.836530935766072, 45.771673566517094 ] ] ] } },
{ "type": "Feature", "properties": { "idcar_200m": "CRS3035RES200mN2531600E3919400", "population": 62.0, "median_education": 28.4425, "median_healthcare": 96.441, "median_services": 23.9355, "median_commerce": 416.3045, "median_entertainment": 77.8245, "PC1_pos": 4.163978948474174, "nivvie": 37269.880645161291, "rel_education": 1.3992854443544545, "rel_sante": 2.0135899814659024, "rel_services": 1.8896377805286546, "rel_commerce": 2.5208935953828377, "rel_loisirs": 2.0220074855167693, "rel_pc1": 1.9862947327939404, "q_revenu": 5, "q_population": 1 }, "geometry": { "type": "Polygon", "coordinates": [ [ [ 4.839093980878031, 45.771798382383658 ], [ 4.83892362526093, 45.773595312761053 ], [ 4.841486764866193, 45.773720071516578 ], [ 4.841657036581685, 45.771923136383208 ], [ 4.839093980878031, 45.771798382383658 ] ] ] } },
{ "type": "Feature", "properties": { "idcar_200m": "CRS3035RES200mN2531600E3919600", "population": 948.5, "median_education": 28.0815, "median_healthcare": 98.376, "median_services": 23.4505, "median_commerce": 411.2555, "median_entertainment": 72.338, "PC1_pos": 4.2892942019840739, "nivvie": 38586.528624143386, "rel_education": 1.3815253302501398, "rel_sante": 2.0539908132090048, "rel_services": 1.8513484477987598, "rel_commerce": 2.4903198404436337, "rel_loisirs": 1.8794592639504535, "rel_pc1": 2.0460724192485422, "q_revenu": 5, "q_population": 5 }, "geometry": { "type": "Polygon", "coordinates": [ [ [ 4.841657036581685, 45.771923136383208 ], [ 4.841486764866193, 45.773720071516578 ], [ 4.844049915059379, 45.773844768402348 ], [ 4.844220102871875, 45.772047828515319 ], [ 4.841657036581685, 45.771923136383208 ] ] ] } },
{ "type": "Feature", "properties": { "idcar_200m": "CRS3035RES200mN2531600E3919800", "population": 929.0, "median_education": 29.2, "median_healthcare": 103.111, "median_services": 21.97, "median_commerce": 407.029, "median_entertainment": 65.006, "PC1_pos": 4.1666256119956087, "nivvie": 35089.864370290634, "rel_education": 1.4365521657783269, "rel_sante": 2.1528527968284306, "rel_services": 1.7344672991253383, "rel_commerce": 2.4647266585758287, "rel_loisirs": 1.6889619413359946, "rel_pc1": 1.9875572400921653, "q_revenu": 5, "q_population": 5 }, "geometry": { "type": "Polygon", "coordinates": [ [ [ 4.844220102871875, 45.772047828515319 ], [ 4.844049915059379, 45.773844768402348 ], [ 4.846613075835343, 45.773969403417937 ], [ 4.846783179743452, 45.772172458779565 ], [ 4.844220102871875, 45.772047828515319 ] ] ] } },
{ "type": "Feature", "properties": { "idcar_200m": "CRS3035RES200mN2531600E3920000", "population": 1313.0, "median_education": 27.9695, "median_healthcare": 97.436, "median_services": 19.309, "median_commerce": 372.7895, "median_entertainment": 58.866, "PC1_pos": 3.8304880377148209, "nivvie": 35369.682635186597, "rel_education": 1.3760152671485244, "rel_sante": 2.0343645693648105, "rel_services": 1.5243891251165751, "rel_commerce": 2.2573925167178599, "rel_loisirs": 1.5294347235437447, "rel_pc1": 1.8272134195421796, "q_revenu": 5, "q_population": 5 }, "geometry": { "type": "Polygon", "coordinates": [ [ [ 4.846783179743452, 45.772172458779565 ], [ 4.846613075835343, 45.773969403417937 ], [ 4.849176247188927, 45.774093976562938 ], [ 4.849346267191255, 45.77229702717554 ], [ 4.846783179743452, 45.772172458779565 ] ] ] } },
{ "type": "Feature", "properties": { "idcar_200m": "CRS3035RES200mN2531600E3920200", "population": 612.5, "median_education": 27.08, "median_healthcare": 94.762, "median_services": 17.953, "median_commerce": 347.667, "median_entertainment": 56.772, "PC1_pos": 3.6265510850620624, "nivvie": 37333.770775510209, "rel_education": 1.332254542783462, "rel_sante": 1.978534169322921, "rel_services": 1.4173368876284569, "rel_commerce": 2.1052655295005578, "rel_loisirs": 1.4750291870523811, "rel_pc1": 1.7299317329897881, "q_revenu": 5, "q_population": 4 }, "geometry": { "type": "Polygon", "coordinates": [ [ [ 4.849346267191255, 45.77229702717554 ], [ 4.849176247188927, 45.774093976562938 ], [ 4.851739429114969, 45.774218487836947 ], [ 4.851909365210134, 45.772421533702882 ], [ 4.849346267191255, 45.77229702717554 ] ] ] } },
{ "type": "Feature", "properties": { "idcar_200m": "CRS3035RES200mN2531600E3920400", "population": 134.5, "median_education": 23.6595, "median_healthcare": 84.337, "median_services": 15.765, "median_commerce": 301.8875, "median_entertainment": 50.599, "PC1_pos": 3.183955355641908, "nivvie": 41811.312267657995, "rel_education": 1.1639762317202851, "rel_sante": 1.7608707734976805, "rel_services": 1.2446006814160657, "rel_commerce": 1.8280519794432599, "rel_loisirs": 1.3146445754185767, "rel_pc1": 1.5188054095902699, "q_revenu": 5, "q_population": 2 }, "geometry": { "type": "Polygon", "coordinates": [ [ [ 4.851909365210134, 45.772421533702882 ], [ 4.851739429114969, 45.774218487836947 ], [ 4.854302621608321, 45.774342937239531 ], [ 4.854472473794933, 45.77254597836113 ], [ 4.851909365210134, 45.772421533702882 ] ] ] } },
{ "type": "Feature", "properties": { "idcar_200m": "CRS3035RES200mN2531800E3915600", "population": 7.0, "median_education": 8.297, "median_healthcare": 13.38, "median_services": 4.943, "median_commerce": 34.631, "median_entertainment": 16.095, "PC1_pos": 0.64281637446445261, "nivvie": 34608.428571428572, "rel_education": 0.40818744244735544, "rel_sante": 0.27936079003757502, "rel_services": 0.39023540553375274, "rel_commerce": 0.20970483408587479, "rel_loisirs": 0.41817435999450564, "rel_pc1": 0.30663526270235142, "q_revenu": 5, "q_population": 1 }, "geometry": { "type": "Polygon", "coordinates": [ [ [ 4.790225991322535, 45.771213141698297 ], [ 4.790054027100719, 45.77300997881644 ], [ 4.792617048438274, 45.773135917819907 ], [ 4.792788928777902, 45.771339075901054 ], [ 4.790225991322535, 45.771213141698297 ] ] ] } },
{ "type": "Feature", "properties": { "idcar_200m": "CRS3035RES200mN2531800E3915800", "population": 242.5, "median_education": 9.099, "median_healthcare": 14.988, "median_services": 5.726, "median_commerce": 40.215, "median_entertainment": 18.335, "PC1_pos": 0.73584905211436036, "nivvie": 22863.259793814432, "rel_education": 0.4476434300142807, "rel_sante": 0.31293419440083514, "rel_services": 0.45205096744613965, "rel_commerce": 0.24351823229948472, "rel_loisirs": 0.47637321469395849, "rel_pc1": 0.35101356525391497, "q_revenu": 2, "q_population": 2 }, "geometry": { "type": "Polygon", "coordinates": [ [ [ 4.792788928777902, 45.771339075901054 ], [ 4.792617048438274, 45.773135917819907 ], [ 4.79518008046307, 45.773261794959112 ], [ 4.795351876919113, 45.771464948241871 ], [ 4.792788928777902, 45.771339075901054 ] ] ] } },
{ "type": "Feature", "properties": { "idcar_200m": "CRS3035RES200mN2531800E3916000", "population": 49.0, "median_education": 10.7565, "median_healthcare": 18.3455, "median_services": 7.481, "median_commerce": 54.8655, "median_entertainment": 22.353, "PC1_pos": 0.95486828515959243, "nivvie": 19735.804081632654, "rel_education": 0.52918744421899222, "rel_sante": 0.3830353791953911, "rel_services": 0.59060308897390335, "rel_commerce": 0.33223298705028914, "rel_loisirs": 0.58076741031110191, "rel_pc1": 0.45548977763671905, "q_revenu": 1, "q_population": 1 }, "geometry": { "type": "Polygon", "coordinates": [ [ [ 4.795351876919113, 45.771464948241871 ], [ 4.79518008046307, 45.773261794959112 ], [ 4.797743123169963, 45.773387610233627 ], [ 4.797914835741012, 45.771590758720386 ], [ 4.795351876919113, 45.771464948241871 ] ] ] } },
{ "type": "Feature", "properties": { "idcar_200m": "CRS3035RES200mN2531800E3916200", "population": 541.0, "median_education": 12.663, "median_healthcare": 24.011, "median_services": 10.618, "median_commerce": 83.04, "median_entertainment": 25.478, "PC1_pos": 1.27576630290273, "nivvie": 23042.375970425139, "rel_education": 0.62298150942640251, "rel_sante": 0.50132525632228797, "rel_services": 0.83826007201241892, "rel_commerce": 0.50284107945167744, "rel_loisirs": 0.66196000894315099, "rel_pc1": 0.60856404873522574, "q_revenu": 2, "q_population": 4 }, "geometry": { "type": "Polygon", "coordinates": [ [ [ 4.797914835741012, 45.771590758720386 ], [ 4.797743123169963, 45.773387610233627 ], [ 4.800306176553796, 45.773513363643104 ], [ 4.800477805238452, 45.771716507336137 ], [ 4.797914835741012, 45.771590758720386 ] ] ] } },
{ "type": "Feature", "properties": { "idcar_200m": "CRS3035RES200mN2531800E3916400", "population": 1401.5, "median_education": 14.14, "median_healthcare": 26.915, "median_services": 12.649, "median_commerce": 96.546, "median_entertainment": 29.016, "PC1_pos": 1.4956943623428454, "nivvie": 24620.452443810205, "rel_education": 0.69564546657895698, "rel_sante": 0.56195782241116077, "rel_services": 0.99860158701121549, "rel_commerce": 0.58462541975844962, "rel_loisirs": 0.75388302141041164, "rel_pc1": 0.7134737880650962, "q_revenu": 2, "q_population": 5 }, "geometry": { "type": "Polygon", "coordinates": [ [ [ 4.800477805238452, 45.771716507336137 ], [ 4.800306176553796, 45.773513363643104 ], [ 4.802869240609419, 45.773639055187054 ], [ 4.803040785406279, 45.77184219408872 ], [ 4.800477805238452, 45.771716507336137 ] ] ] } },
{ "type": "Feature", "properties": { "idcar_200m": "CRS3035RES200mN2531800E3916600", "population": 750.0, "median_education": 17.53, "median_healthcare": 35.579, "median_services": 18.739, "median_commerce": 124.033, "median_entertainment": 35.66, "PC1_pos": 1.9937879486325416, "nivvie": 24534.055733333335, "rel_education": 0.86242326938678326, "rel_sante": 0.74285332950275651, "rel_services": 1.4793892907742248, "rel_commerce": 0.75107041916702688, "rel_loisirs": 0.92650498151003857, "rel_pc1": 0.95107361244658206, "q_revenu": 2, "q_population": 4 }, "geometry": { "type": "Polygon", "coordinates": [ [ [ 4.803040785406279, 45.77184219408872 ], [ 4.802869240609419, 45.773639055187054 ], [ 4.805432315331675, 45.773764684865114 ], [ 4.805603776239343, 45.771967818977714 ], [ 4.803040785406279, 45.77184219408872 ] ] ] } },
{ "type": "Feature", "properties": { "idcar_200m": "CRS3035RES200mN2531800E3916800", "population": 703.0, "median_education": 18.67, "median_healthcare": 39.2405, "median_services": 19.7785, "median_commerce": 135.4445, "median_entertainment": 37.192, "PC1_pos": 2.1526747128537163, "nivvie": 20740.552489331436, "rel_education": 0.91850784024251253, "rel_sante": 0.81930172507245602, "rel_services": 1.5614547781406696, "rel_commerce": 0.82017170743970047, "rel_loisirs": 0.96630884106341441, "rel_pc1": 1.0268655284933328, "q_revenu": 1, "q_population": 4 }, "geometry": { "type": "Polygon", "coordinates": [ [ [ 4.805603776239343, 45.771967818977714 ], [ 4.805432315331675, 45.773764684865114 ], [ 4.807995400715412, 45.773890252676857 ], [ 4.808166777732489, 45.772093382002701 ], [ 4.805603776239343, 45.771967818977714 ] ] ] } },
{ "type": "Feature", "properties": { "idcar_200m": "CRS3035RES200mN2531800E3917000", "population": 259.0, "median_education": 18.486, "median_healthcare": 38.056, "median_services": 17.818, "median_commerce": 133.8025, "median_entertainment": 35.726, "PC1_pos": 2.0043470866814976, "nivvie": 22925.945173745175, "rel_education": 0.90945559371842966, "rel_sante": 0.7945705699304898, "rel_services": 1.4066790321263212, "rel_commerce": 0.81022872752087038, "rel_loisirs": 0.92821976919314753, "rel_pc1": 0.95611051598260277, "q_revenu": 2, "q_population": 2 }, "geometry": { "type": "Polygon", "coordinates": [ [ [ 4.808166777732489, 45.772093382002701 ], [ 4.807995400715412, 45.773890252676857 ], [ 4.810558496755482, 45.774015758621843 ], [ 4.810729789880567, 45.772218883163326 ], [ 4.808166777732489, 45.772093382002701 ] ] ] } },
{ "type": "Feature", "properties": { "idcar_200m": "CRS3035RES200mN2531800E3917200", "population": 48.0, "median_education": 19.793, "median_healthcare": 31.734, "median_services": 13.451, "median_commerce": 127.98, "median_entertainment": 35.093, "PC1_pos": 1.8191814216055906, "nivvie": 32184.03125, "rel_education": 0.97375606223460354, "rel_sante": 0.6625736405868764, "rel_services": 1.0619171434016808, "rel_commerce": 0.77497111450175438, "rel_loisirs": 0.91177339641423971, "rel_pc1": 0.86778307970453672, "q_revenu": 4, "q_population": 1 }, "geometry": { "type": "Polygon", "coordinates": [ [ [ 4.810729789880567, 45.772218883163326 ], [ 4.810558496755482, 45.774015758621843 ], [ 4.813121603446727, 45.774141202699688 ], [ 4.813292812678418, 45.772344322459112 ], [ 4.810729789880567, 45.772218883163326 ] ] ] } },
{ "type": "Feature", "properties": { "idcar_200m": "CRS3035RES200mN2531800E3917400", "population": 740.0, "median_education": 20.8075, "median_healthcare": 30.051, "median_services": 11.7995, "median_commerce": 126.803, "median_entertainment": 36.727, "PC1_pos": 1.7644258730277271, "nivvie": 33973.160135135135, "rel_education": 1.0236664105970046, "rel_sante": 0.62743431251264326, "rel_services": 0.93153604442555427, "rel_commerce": 0.76784389929806185, "rel_loisirs": 0.95422738238696558, "rel_pc1": 0.84166367346418902, "q_revenu": 5, "q_population": 4 }, "geometry": { "type": "Polygon", "coordinates": [ [ [ 4.813292812678418, 45.772344322459112 ], [ 4.813121603446727, 45.774141202699688 ], [ 4.815684720783991, 45.774266584909945 ], [ 4.815855846120894, 45.772469699889662 ], [ 4.813292812678418, 45.772344322459112 ] ] ] } },
{ "type": "Feature", "properties": { "idcar_200m": "CRS3035RES200mN2531800E3917800", "population": 213.0, "median_education": 31.938, "median_healthcare": 38.719, "median_services": 13.278, "median_commerce": 193.686, "median_entertainment": 56.293, "PC1_pos": 2.4741316849498669, "nivvie": 42004.3441314554, "rel_education": 1.5712535298160344, "rel_sante": 0.80841333553549088, "rel_services": 1.0482592989433885, "rel_commerce": 1.1728477518626879, "rel_loisirs": 1.4625839855340608, "rel_pc1": 1.1802064311240832, "q_revenu": 5, "q_population": 2 }, "geometry": { "type": "Polygon", "coordinates": [ [ [ 4.818418890202843, 45.772595015454556 ], [ 4.818247848762126, 45.77439190525228 ], [ 4.820810987375972, 45.774517163726202 ], [ 4.820981944919108, 45.772720269153432 ], [ 4.818418890202843, 45.772595015454556 ] ] ] } },
{ "type": "Feature", "properties": { "idcar_200m": "CRS3035RES200mN2531800E3918000", "population": 545.0, "median_education": 35.6885, "median_healthcare": 48.47, "median_services": 16.3115, "median_commerce": 254.835, "median_entertainment": 66.267, "PC1_pos": 2.9681239211474235, "nivvie": 30365.785504587155, "rel_education": 1.7557668482321858, "rel_sante": 1.0120042969447878, "rel_services": 1.2877452594302667, "rel_commerce": 1.5431298950152723, "rel_loisirs": 1.7217247787359991, "rel_pc1": 1.4158498358919813, "q_revenu": 4, "q_population": 4 }, "geometry": { "type": "Polygon", "coordinates": [ [ [ 4.820981944919108, 45.772720269153432 ], [ 4.820810987375972, 45.774517163726202 ], [ 4.823374136620378, 45.774642360331313 ], [ 4.823545010264535, 45.772845460985785 ], [ 4.820981944919108, 45.772720269153432 ] ] ] } },
{ "type": "Feature", "properties": { "idcar_200m": "CRS3035RES200mN2531800E3918200", "population": 456.0, "median_education": 35.589, "median_healthcare": 58.486, "median_services": 18.98, "median_commerce": 309.998, "median_entertainment": 70.59, "PC1_pos": 3.3113896245942342, "nivvie": 30457.049342105263, "rel_education": 1.7508717475303039, "rel_sante": 1.2211281887995225, "rel_services": 1.4984155365224818, "rel_commerce": 1.8771643659424506, "rel_loisirs": 1.8340433719796307, "rel_pc1": 1.5795939054807702, "q_revenu": 4, "q_population": 3 }, "geometry": { "type": "Polygon", "coordinates": [ [ [ 4.823545010264535, 45.772845460985785 ], [ 4.823374136620378, 45.774642360331313 ], [ 4.825937296490191, 45.774767495067209 ], [ 4.826108086233975, 45.772970590951275 ], [ 4.823545010264535, 45.772845460985785 ] ] ] } },
{ "type": "Feature", "properties": { "idcar_200m": "CRS3035RES200mN2531800E3918400", "population": 899.5, "median_education": 37.033, "median_healthcare": 71.322, "median_services": 23.275, "median_commerce": 386.033, "median_entertainment": 80.264, "PC1_pos": 4.0193084854444905, "nivvie": 27213.409005002777, "rel_education": 1.821912203947561, "rel_sante": 1.4891308121868405, "rel_services": 1.8374932356459832, "rel_commerce": 2.3375873124273774, "rel_loisirs": 2.0853896757128925, "rel_pc1": 1.9172842545320321, "q_revenu": 3, "q_population": 5 }, "geometry": { "type": "Polygon", "coordinates": [ [ [ 4.826108086233975, 45.772970590951275 ], [ 4.825937296490191, 45.774767495067209 ], [ 4.828500466980251, 45.774892567933485 ], [ 4.82867117282227, 45.773095659049453 ], [ 4.826108086233975, 45.772970590951275 ] ] ] } },
{ "type": "Feature", "properties": { "idcar_200m": "CRS3035RES200mN2531800E3918600", "population": 730.0, "median_education": 36.582, "median_healthcare": 77.003, "median_services": 24.948, "median_commerce": 436.018, "median_entertainment": 85.85, "PC1_pos": 4.4366531882344891, "nivvie": 27969.16205479452, "rel_education": 1.7997243605651629, "rel_sante": 1.6077443135473386, "rel_services": 1.9695716967946719, "rel_commerce": 2.6402668807846998, "rel_loisirs": 2.2305230696196525, "rel_pc1": 2.1163653726570382, "q_revenu": 3, "q_population": 4 }, "geometry": { "type": "Polygon", "coordinates": [ [ [ 4.82867117282227, 45.773095659049453 ], [ 4.828500466980251, 45.774892567933485 ], [ 4.83106364808541, 45.775017578929706 ], [ 4.831234270024269, 45.773220665279958 ], [ 4.82867117282227, 45.773095659049453 ] ] ] } },
{ "type": "Feature", "properties": { "idcar_200m": "CRS3035RES200mN2531800E3918800", "population": 805.0, "median_education": 36.9015, "median_healthcare": 87.987, "median_services": 27.447, "median_commerce": 503.2165, "median_entertainment": 94.2185, "PC1_pos": 4.9501167069133212, "nivvie": 29538.738633540375, "rel_education": 1.8154427995023605, "rel_sante": 1.8370790607650307, "rel_services": 2.1668604442008723, "rel_commerce": 3.0471812145700272, "rel_loisirs": 2.4479503533483897, "rel_pc1": 2.361296938174998, "q_revenu": 4, "q_population": 5 }, "geometry": { "type": "Polygon", "coordinates": [ [ [ 4.831234270024269, 45.773220665279958 ], [ 4.83106364808541, 45.775017578929706 ], [ 4.833626839800509, 45.775142528055504 ], [ 4.833797377834812, 45.773345609642334 ], [ 4.831234270024269, 45.773220665279958 ] ] ] } },
{ "type": "Feature", "properties": { "idcar_200m": "CRS3035RES200mN2531800E3919000", "population": 1001.0, "median_education": 32.7605, "median_healthcare": 89.9715, "median_services": 25.395, "median_commerce": 458.051, "median_entertainment": 92.2785, "PC1_pos": 4.7466801315347116, "nivvie": 29928.063136863137, "rel_education": 1.6117180557185233, "rel_sante": 1.8785134021573751, "rel_services": 2.00486104056841, "rel_commerce": 2.7736856850183083, "rel_loisirs": 2.397545988117614, "rel_pc1": 2.264253940808203, "q_revenu": 4, "q_population": 5 }, "geometry": { "type": "Polygon", "coordinates": [ [ [ 4.833797377834812, 45.773345609642334 ], [ 4.833626839800509, 45.775142528055504 ], [ 4.836190042120392, 45.775267415310424 ], [ 4.836360496248751, 45.773470492136163 ], [ 4.833797377834812, 45.773345609642334 ] ] ] } },
{ "type": "Feature", "properties": { "idcar_200m": "CRS3035RES200mN2531800E3919200", "population": 708.5, "median_education": 29.117, "median_healthcare": 87.001, "median_services": 23.351, "median_commerce": 417.456, "median_entertainment": 84.569, "PC1_pos": 4.2927235158013399, "nivvie": 29120.748764996471, "rel_education": 1.4324688154440941, "rel_sante": 1.81649238371144, "rel_services": 1.8434932135582967, "rel_commerce": 2.5278663976827973, "rel_loisirs": 2.1972405995884032, "rel_pc1": 2.0477082651681831, "q_revenu": 4, "q_population": 4 }, "geometry": { "type": "Polygon", "coordinates": [ [ [ 4.836360496248751, 45.773470492136163 ], [ 4.836190042120392, 45.775267415310424 ], [ 4.838753255039907, 45.775392240694053 ], [ 4.83892362526093, 45.773595312761053 ], [ 4.836360496248751, 45.773470492136163 ] ] ] } },
{ "type": "Feature", "properties": { "idcar_200m": "CRS3035RES200mN2531800E3919400", "population": 32.0, "median_education": 24.3345, "median_healthcare": 73.1725, "median_services": 19.196, "median_commerce": 344.037, "median_entertainment": 71.816, "PC1_pos": 3.6166096293687824, "nivvie": 27067.9625, "rel_education": 1.1971842013059142, "rel_sante": 1.5277673698822465, "rel_services": 1.5154681053258989, "rel_commerce": 2.0832843984985159, "rel_loisirs": 1.8658968522749562, "rel_pc1": 1.7251894753260932, "q_revenu": 3, "q_population": 1 }, "geometry": { "type": "Polygon", "coordinates": [ [ [ 4.83892362526093, 45.773595312761053 ], [ 4.838753255039907, 45.775392240694053 ], [ 4.841316478553896, 45.775517004205987 ], [ 4.841486764866193, 45.773720071516578 ], [ 4.83892362526093, 45.773595312761053 ] ] ] } },
{ "type": "Feature", "properties": { "idcar_200m": "CRS3035RES200mN2531800E3919600", "population": 527.0, "median_education": 22.963, "median_healthcare": 80.884, "median_services": 18.716, "median_commerce": 329.825, "median_entertainment": 60.402, "PC1_pos": 3.3969905888399103, "nivvie": 38800.824098671728, "rel_education": 1.1297105268071137, "rel_sante": 1.6887756458444856, "rel_services": 1.4775735079849721, "rel_commerce": 1.9972249401511262, "rel_loisirs": 1.5693425096233695, "rel_pc1": 1.6204271437144968, "q_revenu": 5, "q_population": 4 }, "geometry": { "type": "Polygon", "coordinates": [ [ [ 4.841486764866193, 45.773720071516578 ], [ 4.841316478553896, 45.775517004205987 ], [ 4.843879712657203, 45.775641705845871 ], [ 4.844049915059379, 45.773844768402348 ], [ 4.841486764866193, 45.773720071516578 ] ] ] } },
{ "type": "Feature", "properties": { "idcar_200m": "CRS3035RES200mN2531800E3919800", "population": 1461.5, "median_education": 23.361, "median_healthcare": 82.051, "median_services": 17.294, "median_commerce": 315.765, "median_entertainment": 55.508, "PC1_pos": 3.3727819667575454, "nivvie": 34891.531645569623, "rel_education": 1.1492909296146403, "rel_sante": 1.7131414187872249, "rel_services": 1.3653107633624764, "rel_commerce": 1.912085903818147, "rel_loisirs": 1.4421884047576901, "rel_pc1": 1.6088791846288677, "q_revenu": 5, "q_population": 5 }, "geometry": { "type": "Polygon", "coordinates": [ [ [ 4.844049915059379, 45.773844768402348 ], [ 4.843879712657203, 45.775641705845871 ], [ 4.846442957344675, 45.775766345613214 ], [ 4.846613075835343, 45.773969403417937 ], [ 4.844049915059379, 45.773844768402348 ] ] ] } },
{ "type": "Feature", "properties": { "idcar_200m": "CRS3035RES200mN2531800E3920000", "population": 457.5, "median_education": 23.673, "median_healthcare": 81.981, "median_services": 15.8015, "median_commerce": 306.3105, "median_entertainment": 51.6265, "PC1_pos": 3.1226351734947113, "nivvie": 39342.350163934425, "rel_education": 1.1646403911119978, "rel_sante": 1.7116798899903165, "rel_services": 1.247482249755532, "rel_commerce": 1.8548350489810099, "rel_loisirs": 1.3413407018487944, "rel_pc1": 1.4895545521003266, "q_revenu": 5, "q_population": 3 }, "geometry": { "type": "Polygon", "coordinates": [ [ [ 4.846613075835343, 45.773969403417937 ], [ 4.846442957344675, 45.775766345613214 ], [ 4.849006212611154, 45.775890923507646 ], [ 4.849176247188927, 45.774093976562938 ], [ 4.846613075835343, 45.773969403417937 ] ] ] } },
{ "type": "Feature", "properties": { "idcar_200m": "CRS3035RES200mN2531800E3920200", "population": 115.0, "median_education": 19.489, "median_healthcare": 68.4785, "median_services": 12.7705, "median_commerce": 246.009, "median_entertainment": 42.7435, "PC1_pos": 2.6785238113681258, "nivvie": 44141.733913043485, "rel_education": 0.95880017667307571, "rel_sante": 1.4297614245581525, "rel_services": 1.0081936569631376, "rel_commerce": 1.4896848640995632, "rel_loisirs": 1.1105458686812768, "rel_pc1": 1.277705243954995, "q_revenu": 5, "q_population": 2 }, "geometry": { "type": "Polygon", "coordinates": [ [ [ 4.849176247188927, 45.774093976562938 ], [ 4.849006212611154, 45.775890923507646 ], [ 4.851569478451484, 45.776015439528742 ], [ 4.851739429114969, 45.774218487836947 ], [ 4.849176247188927, 45.774093976562938 ] ] ] } },
{ "type": "Feature", "properties": { "idcar_200m": "CRS3035RES200mN2532000E3915600", "population": 15.0, "median_education": 7.688, "median_healthcare": 12.651, "median_services": 4.747, "median_commerce": 33.112, "median_entertainment": 15.204, "PC1_pos": 0.62060039298069358, "nivvie": 35402.72, "rel_education": 0.37822647433232115, "rel_sante": 0.26414001156691791, "rel_services": 0.3747617782862076, "rel_commerce": 0.2005066693497585, "rel_loisirs": 0.39502472627253582, "rel_pc1": 0.29603782992205169, "q_revenu": 5, "q_population": 1 }, "geometry": { "type": "Polygon", "coordinates": [ [ [ 4.790054027100719, 45.77300997881644 ], [ 4.789882048137993, 45.77480681348257 ], [ 4.792445153364845, 45.774932757287161 ], [ 4.792617048438274, 45.773135917819907 ], [ 4.790054027100719, 45.77300997881644 ] ] ] } },
{ "type": "Feature", "properties": { "idcar_200m": "CRS3035RES200mN2532000E3915800", "population": 345.5, "median_education": 10.8145, "median_healthcare": 19.052, "median_services": 7.408, "median_commerce": 51.441, "median_entertainment": 22.7005, "PC1_pos": 0.93276132845493875, "nivvie": 24488.111143270624, "rel_education": 0.53204086975375731, "rel_sante": 0.39778638055275628, "rel_services": 0.58483995229497066, "rel_commerce": 0.31149624239009804, "rel_loisirs": 0.58979602727898572, "rel_pc1": 0.44494435168622337, "q_revenu": 2, "q_population": 3 }, "geometry": { "type": "Polygon", "coordinates": [ [ [ 4.792617048438274, 45.773135917819907 ], [ 4.792445153364845, 45.774932757287161 ], [ 4.795008269280346, 45.775058639225158 ], [ 4.79518008046307, 45.773261794959112 ], [ 4.792617048438274, 45.773135917819907 ] ] ] } },
{ "type": "Feature", "properties": { "idcar_200m": "CRS3035RES200mN2532000E3916000", "population": 502.0, "median_education": 11.5815, "median_healthcare": 20.0835, "median_services": 8.2365, "median_commerce": 59.5445, "median_entertainment": 23.9625, "PC1_pos": 1.0250815058721818, "nivvie": 19301.279880478087, "rel_education": 0.5697749626014279, "rel_sante": 0.41932305132433767, "rel_services": 0.65024760624696631, "rel_commerce": 0.36056624103336232, "rel_loisirs": 0.62258484631055244, "rel_pc1": 0.48898277848991001, "q_revenu": 1, "q_population": 4 }, "geometry": { "type": "Polygon", "coordinates": [ [ [ 4.79518008046307, 45.773261794959112 ], [ 4.795008269280346, 45.775058639225158 ], [ 4.797571395879348, 45.77518445929617 ], [ 4.797743123169963, 45.773387610233627 ], [ 4.79518008046307, 45.773261794959112 ] ] ] } },
{ "type": "Feature", "properties": { "idcar_200m": "CRS3035RES200mN2532000E3916200", "population": 149.0, "median_education": 13.452, "median_healthcare": 26.02, "median_services": 11.5965, "median_commerce": 90.3145, "median_entertainment": 27.6295, "PC1_pos": 1.3964000195101856, "nivvie": 22952.969127516779, "rel_education": 0.66179793609760462, "rel_sante": 0.54327113279355033, "rel_services": 0.91550978763345403, "rel_commerce": 0.54689114487161028, "rel_loisirs": 0.71785948924934417, "rel_pc1": 0.66610855577038952, "q_revenu": 2, "q_population": 2 }, "geometry": { "type": "Polygon", "coordinates": [ [ [ 4.797743123169963, 45.773387610233627 ], [ 4.797571395879348, 45.77518445929617 ], [ 4.80013453315669, 45.775310217499765 ], [ 4.800306176553796, 45.773513363643104 ], [ 4.797743123169963, 45.773387610233627 ] ] ] } },
{ "type": "Feature", "properties": { "idcar_200m": "CRS3035RES200mN2532000E3916400", "population": 650.5, "median_education": 16.0605, "median_healthcare": 33.149, "median_services": 14.95, "median_commerce": 120.5965, "median_entertainment": 33.557, "PC1_pos": 1.7850552262763153, "nivvie": 21369.604304381246, "rel_education": 0.79012828967406923, "rel_sante": 0.69211740126723276, "rel_services": 1.1802588130142835, "rel_commerce": 0.73026100961096119, "rel_loisirs": 0.87186561033461496, "rel_pc1": 0.85150425532246932, "q_revenu": 1, "q_population": 4 }, "geometry": { "type": "Polygon", "coordinates": [ [ [ 4.800306176553796, 45.773513363643104 ], [ 4.80013453315669, 45.775310217499765 ], [ 4.802697681107223, 45.775435913835537 ], [ 4.802869240609419, 45.773639055187054 ], [ 4.800306176553796, 45.773513363643104 ] ] ] } },
{ "type": "Feature", "properties": { "idcar_200m": "CRS3035RES200mN2532000E3916600", "population": 565.5, "median_education": 18.062, "median_healthcare": 39.887, "median_services": 18.23, "median_commerce": 145.1805, "median_entertainment": 37.704, "PC1_pos": 2.1602951073566055, "nivvie": 22530.746772767463, "rel_education": 0.88859606911945677, "rel_sante": 0.832799987461043, "rel_services": 1.4392052281772836, "rel_commerce": 0.87912715962589427, "rel_loisirs": 0.97961143642328918, "rel_pc1": 1.0305005971740828, "q_revenu": 2, "q_population": 4 }, "geometry": { "type": "Polygon", "coordinates": [ [ [ 4.802869240609419, 45.773639055187054 ], [ 4.802697681107223, 45.775435913835537 ], [ 4.805260839725787, 45.775561548303067 ], [ 4.805432315331675, 45.773764684865114 ], [ 4.802869240609419, 45.773639055187054 ] ] ] } },
{ "type": "Feature", "properties": { "idcar_200m": "CRS3035RES200mN2532000E3916800", "population": 762.0, "median_education": 19.8485, "median_healthcare": 43.8305, "median_services": 20.327, "median_commerce": 152.592, "median_entertainment": 39.7615, "PC1_pos": 2.3355218329625265, "nivvie": 24745.817847769027, "rel_education": 0.976486495289422, "rel_sante": 0.91513625618400085, "rel_services": 1.6047572503104575, "rel_commerce": 0.92400681594039447, "rel_loisirs": 1.0330686433626304, "rel_pc1": 1.1140869760733585, "q_revenu": 2, "q_population": 4 }, "geometry": { "type": "Polygon", "coordinates": [ [ [ 4.805432315331675, 45.773764684865114 ], [ 4.805260839725787, 45.775561548303067 ], [ 4.807824009007238, 45.775687120901921 ], [ 4.807995400715412, 45.773890252676857 ], [ 4.805432315331675, 45.773764684865114 ] ] ] } },
{ "type": "Feature", "properties": { "idcar_200m": "CRS3035RES200mN2532000E3917000", "population": 156.5, "median_education": 19.779, "median_healthcare": 41.3775, "median_services": 17.6455, "median_commerce": 141.4745, "median_entertainment": 37.299, "PC1_pos": 2.0772606045165434, "nivvie": 28721.584025559107, "rel_education": 0.97306730434690158, "rel_sante": 0.86392011134377877, "rel_services": 1.3930606612069256, "rel_commerce": 0.85668581761664675, "rel_loisirs": 0.96908887564057578, "rel_pc1": 0.99089160835058854, "q_revenu": 3, "q_population": 2 }, "geometry": { "type": "Polygon", "coordinates": [ [ [ 4.807995400715412, 45.773890252676857 ], [ 4.807824009007238, 45.775687120901921 ], [ 4.810387188946417, 45.775812631631737 ], [ 4.810558496755482, 45.774015758621843 ], [ 4.807995400715412, 45.773890252676857 ] ] ] } },
{ "type": "Feature", "properties": { "idcar_200m": "CRS3035RES200mN2532000E3917200", "population": 243.5, "median_education": 19.88, "median_healthcare": 33.02, "median_services": 13.829, "median_commerce": 123.075, "median_entertainment": 33.984, "PC1_pos": 1.7944612443864802, "nivvie": 22915.368377823408, "rel_education": 0.97803620053675133, "rel_sante": 0.68942401248435936, "rel_services": 1.0917591388076608, "rel_commerce": 0.74526933831304443, "rel_loisirs": 0.88295976701169809, "rel_pc1": 0.85599109938675821, "q_revenu": 2, "q_population": 2 }, "geometry": { "type": "Polygon", "coordinates": [ [ [ 4.810558496755482, 45.774015758621843 ], [ 4.810387188946417, 45.775812631631737 ], [ 4.812950379538168, 45.775938080492097 ], [ 4.813121603446727, 45.774141202699688 ], [ 4.810558496755482, 45.774015758621843 ] ] ] } },
{ "type": "Feature", "properties": { "idcar_200m": "CRS3035RES200mN2532000E3917600", "population": 4.0, "median_education": 22.396, "median_healthcare": 27.277, "median_services": 9.682, "median_commerce": 128.12, "median_entertainment": 38.755, "PC1_pos": 1.6899390806946764, "nivvie": 30383.9, "rel_education": 1.1018158323551852, "rel_sante": 0.56951601418945696, "rel_services": 0.7643656071976116, "rel_commerce": 0.7758188716202904, "rel_loisirs": 1.0069181311952202, "rel_pc1": 0.80613210015302472, "q_revenu": 4, "q_population": 1 }, "geometry": { "type": "Polygon", "coordinates": [ [ [ 4.815684720783991, 45.774266584909945 ], [ 4.815513580777341, 45.776063467482523 ], [ 4.818076792658777, 45.776188792602639 ], [ 4.818247848762126, 45.77439190525228 ], [ 4.815684720783991, 45.774266584909945 ] ] ] } },
{ "type": "Feature", "properties": { "idcar_200m": "CRS3035RES200mN2532000E3917800", "population": 544.5, "median_education": 28.046, "median_healthcare": 33.0765, "median_services": 11.391, "median_commerce": 163.8695, "median_entertainment": 49.6655, "PC1_pos": 2.0206528475651906, "nivvie": 33329.889256198345, "rel_education": 1.3797788370348958, "rel_sante": 0.69060367501329212, "rel_services": 0.89928616314686982, "rel_commerce": 0.99229667954246936, "rel_loisirs": 1.2903907223552111, "rel_pc1": 0.96388866456554523, "q_revenu": 5, "q_population": 4 }, "geometry": { "type": "Polygon", "coordinates": [ [ [ 4.818247848762126, 45.77439190525228 ], [ 4.818076792658777, 45.776188792602639 ], [ 4.820640015177324, 45.776314055852062 ], [ 4.820810987375972, 45.774517163726202 ], [ 4.818247848762126, 45.77439190525228 ] ] ] } },
{ "type": "Feature", "properties": { "idcar_200m": "CRS3035RES200mN2532000E3918000", "population": 1058.0, "median_education": 31.9215, "median_healthcare": 43.9335, "median_services": 14.61, "median_commerce": 228.6955, "median_entertainment": 59.3315, "PC1_pos": 2.7531765396351875, "nivvie": 30144.11361058601, "rel_education": 1.5704417794483858, "rel_sante": 0.91728679141373715, "rel_services": 1.1534168065644603, "rel_commerce": 1.3848445578726047, "rel_loisirs": 1.5415291730359748, "rel_pc1": 1.3133159717661664, "q_revenu": 4, "q_population": 5 }, "geometry": { "type": "Polygon", "coordinates": [ [ [ 4.820810987375972, 45.774517163726202 ], [ 4.820640015177324, 45.776314055852062 ], [ 4.823203248327824, 45.776439257230322 ], [ 4.823374136620378, 45.774642360331313 ], [ 4.820810987375972, 45.774517163726202 ] ] ] } },
{ "type": "Feature", "properties": { "idcar_200m": "CRS3035RES200mN2532000E3918200", "population": 973.0, "median_education": 34.138, "median_healthcare": 53.3045, "median_services": 17.1305, "median_commerce": 284.5175, "median_entertainment": 65.551, "PC1_pos": 3.2011353814379704, "nivvie": 28841.940390544707, "rel_education": 1.6794869121691962, "rel_sante": 1.1129437393541046, "rel_services": 1.3524029161432229, "rel_commerce": 1.7228695426648923, "rel_loisirs": 1.7031219305374237, "rel_pc1": 1.5270005986558839, "q_revenu": 4, "q_population": 5 }, "geometry": { "type": "Polygon", "coordinates": [ [ [ 4.823374136620378, 45.774642360331313 ], [ 4.823203248327824, 45.776439257230322 ], [ 4.825766492105131, 45.776564396737044 ], [ 4.825937296490191, 45.774767495067209 ], [ 4.823374136620378, 45.774642360331313 ] ] ] } },
{ "type": "Feature", "properties": { "idcar_200m": "CRS3035RES200mN2532000E3918400", "population": 1214.5, "median_education": 34.24, "median_healthcare": 63.23, "median_services": 20.471, "median_commerce": 345.228, "median_entertainment": 70.374, "PC1_pos": 3.68730536572959, "nivvie": 29516.204775627833, "rel_education": 1.6845050053510244, "rel_sante": 1.3201780832642651, "rel_services": 1.6161256295127358, "rel_commerce": 2.0904963894140622, "rel_loisirs": 1.8284313395621832, "rel_pc1": 1.7589126450399835, "q_revenu": 4, "q_population": 5 }, "geometry": { "type": "Polygon", "coordinates": [ [ [ 4.825937296490191, 45.774767495067209 ], [ 4.825766492105131, 45.776564396737044 ], [ 4.828329746504076, 45.776689474371828 ], [ 4.828500466980251, 45.774892567933485 ], [ 4.825937296490191, 45.774767495067209 ] ] ] } },
{ "type": "Feature", "properties": { "idcar_200m": "CRS3035RES200mN2532000E3918600", "population": 987.0, "median_education": 34.248, "median_healthcare": 72.23, "median_services": 23.301, "median_commerce": 415.8655, "median_entertainment": 77.714, "PC1_pos": 4.2399509476570962, "nivvie": 23862.181357649442, "rel_education": 1.6848985812868544, "rel_sante": 1.5080889285810195, "rel_services": 1.8395458596686169, "rel_commerce": 2.5182352712754286, "rel_loisirs": 2.0191365152291403, "rel_pc1": 2.0225347771563547, "q_revenu": 2, "q_population": 5 }, "geometry": { "type": "Polygon", "coordinates": [ [ [ 4.828500466980251, 45.774892567933485 ], [ 4.828329746504076, 45.776689474371828 ], [ 4.830893011519513, 45.776814490134214 ], [ 4.83106364808541, 45.775017578929706 ], [ 4.828500466980251, 45.774892567933485 ] ] ] } },
{ "type": "Feature", "properties": { "idcar_200m": "CRS3035RES200mN2532000E3918800", "population": 833.0, "median_education": 33.219, "median_healthcare": 84.863, "median_services": 24.44, "median_commerce": 503.194, "median_entertainment": 87.276, "PC1_pos": 4.7090020688076812, "nivvie": 28520.829051620651, "rel_education": 1.6342748765407618, "rel_sante": 1.7718531184573041, "rel_services": 1.9294665812755245, "rel_commerce": 3.0470449678902627, "rel_loisirs": 2.2675728762274292, "rel_pc1": 2.2462808101889897, "q_revenu": 3, "q_population": 5 }, "geometry": { "type": "Polygon", "coordinates": [ [ [ 4.83106364808541, 45.775017578929706 ], [ 4.830893011519513, 45.776814490134214 ], [ 4.833456287146285, 45.77693944402386 ], [ 4.833626839800509, 45.775142528055504 ], [ 4.83106364808541, 45.775017578929706 ] ] ] } },
{ "type": "Feature", "properties": { "idcar_200m": "CRS3035RES200mN2532000E3919000", "population": 1541.5, "median_education": 30.33, "median_healthcare": 83.318, "median_services": 22.164, "median_commerce": 431.599, "median_entertainment": 82.7325, "PC1_pos": 4.3967181571489107, "nivvie": 27283.375608173857, "rel_education": 1.4921447667142689, "rel_sante": 1.7395950900112611, "rel_services": 1.7497830322172965, "rel_commerce": 2.613508032878908, "rel_loisirs": 2.1495253332243203, "rel_pc1": 2.0973156265173962, "q_revenu": 3, "q_population": 5 }, "geometry": { "type": "Polygon", "coordinates": [ [ [ 4.833626839800509, 45.775142528055504 ], [ 4.833456287146285, 45.77693944402386 ], [ 4.836019573379233, 45.77706433604029 ], [ 4.836190042120392, 45.775267415310424 ], [ 4.833626839800509, 45.775142528055504 ] ] ] } },
{ "type": "Feature", "properties": { "idcar_200m": "CRS3035RES200mN2532000E3919200", "population": 871.0, "median_education": 25.5255, "median_healthcare": 72.448, "median_services": 18.9435, "median_commerce": 355.806, "median_entertainment": 71.588, "PC1_pos": 3.6840090752691457, "nivvie": 29645.016303099885, "rel_education": 1.2557778187525577, "rel_sante": 1.5126405468342479, "rel_services": 1.4955339681830155, "rel_commerce": 2.154550495127451, "rel_loisirs": 1.8599730402787615, "rel_pc1": 1.7573402537141967, "q_revenu": 4, "q_population": 5 }, "geometry": { "type": "Polygon", "coordinates": [ [ [ 4.836190042120392, 45.775267415310424 ], [ 4.836019573379233, 45.77706433604029 ], [ 4.838582870213203, 45.777189166183078 ], [ 4.838753255039907, 45.775392240694053 ], [ 4.836190042120392, 45.775267415310424 ] ] ] } },
{ "type": "Feature", "properties": { "idcar_200m": "CRS3035RES200mN2532000E3919400", "population": 301.0, "median_education": 19.99, "median_healthcare": 59.114, "median_services": 15.4845, "median_commerce": 278.3535, "median_entertainment": 59.83, "PC1_pos": 2.9505690361022858, "nivvie": 31463.152823920267, "rel_education": 0.98344786965440956, "rel_sante": 1.2342401900060695, "rel_services": 1.2224560260949615, "rel_commerce": 1.6855440078173471, "rel_loisirs": 1.5544810163697591, "rel_pc1": 1.4074758320529999, "q_revenu": 4, "q_population": 3 }, "geometry": { "type": "Polygon", "coordinates": [ [ [ 4.838753255039907, 45.775392240694053 ], [ 4.838582870213203, 45.777189166183078 ], [ 4.841146177643044, 45.77731393445189 ], [ 4.841316478553896, 45.775517004205987 ], [ 4.838753255039907, 45.775392240694053 ] ] ] } },
{ "type": "Feature", "properties": { "idcar_200m": "CRS3035RES200mN2532000E3919800", "population": 478.5, "median_education": 20.587, "median_healthcare": 69.733, "median_services": 14.678, "median_commerce": 272.839, "median_entertainment": 50.927, "PC1_pos": 2.8410770839152502, "nivvie": 42251.384743991643, "rel_education": 1.0128184738656991, "rel_sante": 1.4559541084970269, "rel_services": 1.1587852078544252, "rel_commerce": 1.6521514604590104, "rel_loisirs": 1.3231665505709966, "rel_pc1": 1.3552461520753603, "q_revenu": 5, "q_population": 4 }, "geometry": { "type": "Polygon", "coordinates": [ [ [ 4.843879712657203, 45.775641705845871 ], [ 4.843709495663588, 45.77743864084627 ], [ 4.846272824269687, 45.777563285365801 ], [ 4.846442957344675, 45.775766345613214 ], [ 4.843879712657203, 45.775641705845871 ] ] ] } },
{ "type": "Feature", "properties": { "idcar_200m": "CRS3035RES200mN2532000E3920000", "population": 52.0, "median_education": 16.346, "median_healthcare": 55.877, "median_services": 11.32, "median_commerce": 212.25, "median_entertainment": 40.638, "PC1_pos": 2.2354399054778642, "nivvie": 38978.286538461536, "rel_education": 0.80417403088399086, "rel_sante": 1.1666549226404768, "rel_services": 0.89368092062352444, "rel_commerce": 1.28526034578057, "rel_loisirs": 1.0558415434269477, "rel_pc1": 1.0663460513783636, "q_revenu": 5, "q_population": 1 }, "geometry": { "type": "Polygon", "coordinates": [ [ [ 4.846442957344675, 45.775766345613214 ], [ 4.846272824269687, 45.777563285365801 ], [ 4.848836163456184, 45.777687868010091 ], [ 4.849006212611154, 45.775890923507646 ], [ 4.846442957344675, 45.775766345613214 ] ] ] } },
{ "type": "Feature", "properties": { "idcar_200m": "CRS3035RES200mN2532200E3915800", "population": 102.5, "median_education": 11.732, "median_healthcare": 22.4355, "median_services": 8.5485, "median_commerce": 60.169, "median_entertainment": 25.3885, "PC1_pos": 0.97455595180379584, "nivvie": 17676.454634146343, "rel_education": 0.57717910989422361, "rel_sante": 0.46843041890044945, "rel_services": 0.67487909451856887, "rel_commerce": 0.3643478433228321, "rel_loisirs": 0.65963465291832912, "rel_pc1": 0.46488115762213272, "q_revenu": 1, "q_population": 1 }, "geometry": { "type": "Polygon", "coordinates": [ [ [ 4.792445153364845, 45.774932757287161 ], [ 4.792273243555842, 45.776729594303205 ], [ 4.794836443369166, 45.776855481040414 ], [ 4.795008269280346, 45.775058639225158 ], [ 4.792445153364845, 45.774932757287161 ] ] ] } },
{ "type": "Feature", "properties": { "idcar_200m": "CRS3035RES200mN2532200E3916000", "population": 109.5, "median_education": 12.326, "median_healthcare": 24.174, "median_services": 9.868, "median_commerce": 72.473, "median_entertainment": 26.642, "PC1_pos": 1.2353609129163348, "nivvie": 17869.451141552512, "rel_education": 0.60640212312957731, "rel_sante": 0.50472853052080258, "rel_services": 0.77904976366722078, "rel_commerce": 0.43885358322617318, "rel_loisirs": 0.69220262808161659, "rel_pc1": 0.58928993272753771, "q_revenu": 1, "q_population": 2 }, "geometry": { "type": "Polygon", "coordinates": [ [ [ 4.795008269280346, 45.775058639225158 ], [ 4.794836443369166, 45.776855481040414 ], [ 4.797399653867391, 45.776981305908343 ], [ 4.797571395879348, 45.77518445929617 ], [ 4.795008269280346, 45.775058639225158 ] ] ] } },
{ "type": "Feature", "properties": { "idcar_200m": "CRS3035RES200mN2532200E3916200", "population": 92.0, "median_education": 13.237, "median_healthcare": 27.801, "median_services": 12.116, "median_commerce": 91.783, "median_entertainment": 28.374, "PC1_pos": 1.4737599527534169, "nivvie": 16951.116304347826, "rel_education": 0.65122058282218198, "rel_sante": 0.58045660118345466, "rel_services": 0.95652279454722799, "rel_commerce": 0.55578351150425476, "rel_loisirs": 0.73720281394744347, "rel_pc1": 0.70301067026994224, "q_revenu": 1, "q_population": 1 }, "geometry": { "type": "Polygon", "coordinates": [ [ [ 4.797571395879348, 45.77518445929617 ], [ 4.797399653867391, 45.776981305908343 ], [ 4.799962875045356, 45.777107068906474 ], [ 4.80013453315669, 45.775310217499765 ], [ 4.797571395879348, 45.77518445929617 ] ] ] } },
{ "type": "Feature", "properties": { "idcar_200m": "CRS3035RES200mN2532200E3916400", "population": 657.5, "median_education": 16.339, "median_healthcare": 35.5985, "median_services": 14.8385, "median_commerce": 125.864, "median_entertainment": 33.9245, "PC1_pos": 1.8605527423616186, "nivvie": 19438.244562737644, "rel_education": 0.80382965194013978, "rel_sante": 0.7432604696676095, "rel_services": 1.1714562138402975, "rel_commerce": 0.76215787119588074, "rel_loisirs": 0.88141385993374366, "rel_pc1": 0.88751796249892234, "q_revenu": 1, "q_population": 4 }, "geometry": { "type": "Polygon", "coordinates": [ [ [ 4.80013453315669, 45.775310217499765 ], [ 4.799962875045356, 45.777107068906474 ], [ 4.802526106897917, 45.777232770034495 ], [ 4.802697681107223, 45.775435913835537 ], [ 4.80013453315669, 45.775310217499765 ] ] ] } },
{ "type": "Feature", "properties": { "idcar_200m": "CRS3035RES200mN2532200E3916600", "population": 531.5, "median_education": 19.236, "median_healthcare": 41.541, "median_services": 17.0275, "median_commerce": 144.668, "median_entertainment": 38.7065, "PC1_pos": 2.1361832011387163, "nivvie": 23910.107055503293, "rel_education": 0.94635333770246222, "rel_sante": 0.86733382503369982, "rel_services": 1.3442713671304825, "rel_commerce": 0.8760237630312534, "rel_loisirs": 1.0056580220644509, "rel_pc1": 1.0189987733390309, "q_revenu": 2, "q_population": 4 }, "geometry": { "type": "Polygon", "coordinates": [ [ [ 4.802697681107223, 45.775435913835537 ], [ 4.802526106897917, 45.777232770034495 ], [ 4.805089349419912, 45.777358409291935 ], [ 4.805260839725787, 45.775561548303067 ], [ 4.802697681107223, 45.775435913835537 ] ] ] } },
{ "type": "Feature", "properties": { "idcar_200m": "CRS3035RES200mN2532200E3916800", "population": 528.0, "median_education": 18.6955, "median_healthcare": 44.1245, "median_services": 16.808, "median_commerce": 138.122, "median_entertainment": 37.3625, "PC1_pos": 2.1175077197453125, "nivvie": 22997.669696969697, "rel_education": 0.9197623635379697, "rel_sante": 0.92127467713101485, "rel_services": 1.3269424835547878, "rel_commerce": 0.83638506233170284, "rel_loisirs": 0.9707387092447789, "rel_pc1": 1.0100902243806595, "q_revenu": 2, "q_population": 4 }, "geometry": { "type": "Polygon", "coordinates": [ [ [ 4.805260839725787, 45.775561548303067 ], [ 4.805089349419912, 45.777358409291935 ], [ 4.807652602606193, 45.777483986678369 ], [ 4.807824009007238, 45.775687120901921 ], [ 4.805260839725787, 45.775561548303067 ] ] ] } },
{ "type": "Feature", "properties": { "idcar_200m": "CRS3035RES200mN2532200E3917200", "population": 480.5, "median_education": 17.014, "median_healthcare": 32.817, "median_services": 11.977, "median_commerce": 103.665, "median_entertainment": 29.638, "PC1_pos": 1.583385410387794, "nivvie": 27321.187513007284, "rel_education": 0.8370376215257691, "rel_sante": 0.68518557897332577, "rel_services": 0.94554915073391799, "rel_commerce": 0.62773386923600838, "rel_loisirs": 0.7700435962421347, "rel_pc1": 0.75530403480750286, "q_revenu": 3, "q_population": 4 }, "geometry": { "type": "Polygon", "coordinates": [ [ [ 4.810387188946417, 45.775812631631737 ], [ 4.810215866451601, 45.777609502193449 ], [ 4.812779140950976, 45.777734955836671 ], [ 4.812950379538168, 45.775938080492097 ], [ 4.810387188946417, 45.775812631631737 ] ] ] } },
{ "type": "Feature", "properties": { "idcar_200m": "CRS3035RES200mN2532200E3917400", "population": 294.0, "median_education": 16.626, "median_healthcare": 19.013, "median_services": 6.448, "median_commerce": 84.213, "median_entertainment": 29.515, "PC1_pos": 1.1436035537393066, "nivvie": 26013.585714285717, "rel_education": 0.81794918863802968, "rel_sante": 0.39697210022305041, "rel_services": 0.50905075761311713, "rel_commerce": 0.50994407302341171, "rel_loisirs": 0.76684785555997725, "rel_pc1": 0.5455199806015314, "q_revenu": 3, "q_population": 3 }, "geometry": { "type": "Polygon", "coordinates": [ [ [ 4.812950379538168, 45.775938080492097 ], [ 4.812779140950976, 45.777734955836671 ], [ 4.815342426099173, 45.777860347607671 ], [ 4.815513580777341, 45.776063467482523 ], [ 4.812950379538168, 45.775938080492097 ] ] ] } },
{ "type": "Feature", "properties": { "idcar_200m": "CRS3035RES200mN2532200E3917600", "population": 243.5, "median_education": 21.1155, "median_healthcare": 24.8255, "median_services": 8.4915, "median_commerce": 112.4905, "median_entertainment": 37.872, "PC1_pos": 1.5603096804369789, "nivvie": 30376.429158110885, "rel_education": 1.0388190841264473, "rel_sante": 0.51833118782345422, "rel_services": 0.67037911108433368, "rel_commerce": 0.68117587244772304, "rel_loisirs": 0.98397635052574828, "rel_pc1": 0.7442964861565966, "q_revenu": 4, "q_population": 2 }, "geometry": { "type": "Polygon", "coordinates": [ [ [ 4.815513580777341, 45.776063467482523 ], [ 4.815342426099173, 45.777860347607671 ], [ 4.817905721891032, 45.777985677506059 ], [ 4.818076792658777, 45.776188792602639 ], [ 4.815513580777341, 45.776063467482523 ] ] ] } },
{ "type": "Feature", "properties": { "idcar_200m": "CRS3035RES200mN2532200E3917800", "population": 420.0, "median_education": 26.208, "median_healthcare": 32.283, "median_services": 10.721, "median_commerce": 153.447, "median_entertainment": 48.229, "PC1_pos": 2.0296907225608805, "nivvie": 28508.166190476193, "rel_education": 1.2893547657780271, "rel_sante": 0.67403620215119842, "rel_services": 0.84639162102515952, "rel_commerce": 0.92918418977145412, "rel_loisirs": 1.2530681086160307, "rel_pc1": 0.96819989757650149, "q_revenu": 3, "q_population": 3 }, "geometry": { "type": "Polygon", "coordinates": [ [ [ 4.818076792658777, 45.776188792602639 ], [ 4.817905721891032, 45.777985677506059 ], [ 4.820469028321398, 45.778110945531367 ], [ 4.820640015177324, 45.776314055852062 ], [ 4.818076792658777, 45.776188792602639 ] ] ] } },
{ "type": "Feature", "properties": { "idcar_200m": "CRS3035RES200mN2532200E3918000", "population": 402.0, "median_education": 29.15, "median_healthcare": 37.615, "median_services": 12.364, "median_commerce": 185.56, "median_entertainment": 53.468, "PC1_pos": 2.3423837298892627, "nivvie": 33105.241293532337, "rel_education": 1.4340923161793913, "rel_sante": 0.78536293850996897, "rel_services": 0.97610166984004032, "rel_commerce": 1.1236415065396588, "rel_loisirs": 1.3891858763706884, "rel_pc1": 1.1173602274253005, "q_revenu": 5, "q_population": 3 }, "geometry": { "type": "Polygon", "coordinates": [ [ [ 4.820640015177324, 45.776314055852062 ], [ 4.820469028321398, 45.778110945531367 ], [ 4.823032345385115, 45.778236151683252 ], [ 4.823203248327824, 45.776439257230322 ], [ 4.820640015177324, 45.776314055852062 ] ] ] } },
{ "type": "Feature", "properties": { "idcar_200m": "CRS3035RES200mN2532200E3918200", "population": 617.0, "median_education": 30.146, "median_healthcare": 43.5345, "median_services": 13.167, "median_commerce": 225.2945, "median_entertainment": 57.474, "PC1_pos": 2.6535148257074859, "nivvie": 29517.785737439222, "rel_education": 1.4830925201901863, "rel_sante": 0.90895607727136085, "rel_services": 1.039496173308299, "rel_commerce": 1.364250115300168, "rel_loisirs": 1.4932682924090848, "rel_pc1": 1.2657754966856312, "q_revenu": 4, "q_population": 4 }, "geometry": { "type": "Polygon", "coordinates": [ [ [ 4.823203248327824, 45.776439257230322 ], [ 4.823032345385115, 45.778236151683252 ], [ 4.825595673077028, 45.778361295961219 ], [ 4.825766492105131, 45.776564396737044 ], [ 4.823203248327824, 45.776439257230322 ] ] ] } },
{ "type": "Feature", "properties": { "idcar_200m": "CRS3035RES200mN2532200E3918400", "population": 730.5, "median_education": 32.0975, "median_healthcare": 53.4465, "median_services": 15.6515, "median_commerce": 287.147, "median_entertainment": 65.035, "PC1_pos": 3.1287097913348347, "nivvie": 33099.846817248465, "rel_education": 1.5791004500366386, "rel_sante": 1.1159085549135466, "rel_services": 1.2356401880864922, "rel_commerce": 1.7387922379733962, "rel_loisirs": 1.6897154086513, "rel_pc1": 1.4924522568123051, "q_revenu": 5, "q_population": 4 }, "geometry": { "type": "Polygon", "coordinates": [ [ [ 4.825766492105131, 45.776564396737044 ], [ 4.825595673077028, 45.778361295961219 ], [ 4.82815901139198, 45.778486378364903 ], [ 4.828329746504076, 45.776689474371828 ], [ 4.825766492105131, 45.776564396737044 ] ] ] } },
{ "type": "Feature", "properties": { "idcar_200m": "CRS3035RES200mN2532200E3918600", "population": 981.0, "median_education": 31.475, "median_healthcare": 60.57, "median_services": 17.51, "median_commerce": 339.662, "median_entertainment": 70.507, "PC1_pos": 3.5358595610788486, "nivvie": 28802.851376146788, "rel_education": 1.5484753225298917, "rel_sante": 1.2646399889817577, "rel_services": 1.3823633321658935, "rel_commerce": 2.0567919885442638, "rel_loisirs": 1.8318868965599635, "rel_pc1": 1.6866702039028261, "q_revenu": 4, "q_population": 5 }, "geometry": { "type": "Polygon", "coordinates": [ [ [ 4.828329746504076, 45.776689474371828 ], [ 4.82815901139198, 45.778486378364903 ], [ 4.830722360324818, 45.778611398893922 ], [ 4.830893011519513, 45.776814490134214 ], [ 4.828329746504076, 45.776689474371828 ] ] ] } },
{ "type": "Feature", "properties": { "idcar_200m": "CRS3035RES200mN2532200E3918800", "population": 913.5, "median_education": 30.2965, "median_healthcare": 70.3535, "median_services": 19.094, "median_commerce": 404.7805, "median_entertainment": 78.4875, "PC1_pos": 3.919911625671598, "nivvie": 29103.379748221127, "rel_education": 1.4904966674829823, "rel_sante": 1.4689095173324762, "rel_services": 1.507415503390952, "rel_commerce": 2.4511110737113406, "rel_loisirs": 2.039233307242545, "rel_pc1": 1.8698701197666534, "q_revenu": 4, "q_population": 5 }, "geometry": { "type": "Polygon", "coordinates": [ [ [ 4.830893011519513, 45.776814490134214 ], [ 4.830722360324818, 45.778611398893922 ], [ 4.833285719870381, 45.778736357547785 ], [ 4.833456287146285, 45.77693944402386 ], [ 4.830893011519513, 45.776814490134214 ] ] ] } },
{ "type": "Feature", "properties": { "idcar_200m": "CRS3035RES200mN2532200E3919000", "population": 1364.0, "median_education": 28.1305, "median_healthcare": 71.288, "median_services": 18.4305, "median_commerce": 369.832, "median_entertainment": 73.89, "PC1_pos": 3.7219054448088658, "nivvie": 27777.437316715543, "rel_education": 1.3839359828570967, "rel_sante": 1.4884209267711994, "rel_services": 1.4550341172748997, "rel_commerce": 2.239483647588786, "rel_loisirs": 1.9197827561350744, "rel_pc1": 1.7754175207081477, "q_revenu": 3, "q_population": 5 }, "geometry": { "type": "Polygon", "coordinates": [ [ [ 4.833456287146285, 45.77693944402386 ], [ 4.833285719870381, 45.778736357547785 ], [ 4.835849090023515, 45.778861254326145 ], [ 4.836019573379233, 45.77706433604029 ], [ 4.833456287146285, 45.77693944402386 ] ] ] } },
{ "type": "Feature", "properties": { "idcar_200m": "CRS3035RES200mN2532200E3919200", "population": 994.5, "median_education": 24.4535, "median_healthcare": 62.743, "median_services": 15.6195, "median_commerce": 306.5915, "median_entertainment": 65.9845, "PC1_pos": 3.1811204720942139, "nivvie": 28619.470487682251, "rel_education": 1.2030386433513807, "rel_sante": 1.3100100186343473, "rel_services": 1.2331138815970972, "rel_commerce": 1.8565366186260714, "rel_loisirs": 1.7143849678196619, "rel_pc1": 1.5174531178691668, "q_revenu": 3, "q_population": 5 }, "geometry": { "type": "Polygon", "coordinates": [ [ [ 4.836019573379233, 45.77706433604029 ], [ 4.835849090023515, 45.778861254326145 ], [ 4.838412470779064, 45.778986089228567 ], [ 4.838582870213203, 45.777189166183078 ], [ 4.836019573379233, 45.77706433604029 ] ] ] } },
{ "type": "Feature", "properties": { "idcar_200m": "CRS3035RES200mN2532200E3919400", "population": 240.5, "median_education": 18.8895, "median_healthcare": 53.052, "median_services": 12.8745, "median_commerce": 241.07, "median_entertainment": 55.0295, "PC1_pos": 2.5435188723883466, "nivvie": 30623.740956340956, "rel_education": 0.92930657998183919, "rel_sante": 1.1076717961938289, "rel_services": 1.0164041530536718, "rel_commerce": 1.4597772040392085, "rel_loisirs": 1.4297561940551506, "rel_pc1": 1.2133053988753348, "q_revenu": 4, "q_population": 2 }, "geometry": { "type": "Polygon", "coordinates": [ [ [ 4.838582870213203, 45.777189166183078 ], [ 4.838412470779064, 45.778986089228567 ], [ 4.840975862131872, 45.779110862254633 ], [ 4.841146177643044, 45.77731393445189 ], [ 4.838582870213203, 45.777189166183078 ] ] ] } },
{ "type": "Feature", "properties": { "idcar_200m": "CRS3035RES200mN2532200E3920400", "population": 6.5, "median_education": 10.528, "median_healthcare": 37.608, "median_services": 7.227, "median_commerce": 131.975, "median_entertainment": 26.339, "PC1_pos": 1.4611855121491626, "nivvie": 38978.292307692303, "rel_education": 0.51794593155185709, "rel_sante": 0.78521678563027808, "rel_services": 0.57055053121432964, "rel_commerce": 0.79916246941997993, "rel_loisirs": 0.6843301937182531, "rel_pc1": 0.69701243025741455, "q_revenu": 5, "q_population": 1 }, "geometry": { "type": "Polygon", "coordinates": [ [ [ 4.85139951321792, 45.777812388778699 ], [ 4.851229533412526, 45.779609335587175 ], [ 4.853792977674259, 45.779733799225326 ], [ 4.853962873549739, 45.777936847671263 ], [ 4.85139951321792, 45.777812388778699 ] ] ] } },
{ "type": "Feature", "properties": { "idcar_200m": "CRS3035RES200mN2532200E3921000", "population": 449.0, "median_education": 6.874, "median_healthcare": 31.021, "median_services": 4.708, "median_commerce": 78.304, "median_entertainment": 19.671, "PC1_pos": 0.93724552221500979, "nivvie": 14999.378396436527, "rel_education": 0.33818012286165133, "rel_sante": 0.64768692584122678, "rel_services": 0.37168284225225734, "rel_commerce": 0.47416266721320027, "rel_loisirs": 0.51108467446113204, "rel_pc1": 0.44708339478818726, "q_revenu": 1, "q_population": 3 }, "geometry": { "type": "Polygon", "coordinates": [ [ [ 4.859089625902995, 45.77818557982647 ], [ 4.858919897891507, 45.779982540864765 ], [ 4.861483373836705, 45.780106818865256 ], [ 4.861653017914117, 45.778309853088345 ], [ 4.859089625902995, 45.77818557982647 ] ] ] } },
{ "type": "Feature", "properties": { "idcar_200m": "CRS3035RES200mN2532400E3915800", "population": 170.5, "median_education": 10.279, "median_healthcare": 18.989, "median_services": 5.9595, "median_commerce": 38.74, "median_entertainment": 21.547, "PC1_pos": 0.80968319710788661, "nivvie": 32447.144281524925, "rel_education": 0.50569588054915826, "rel_sante": 0.39647100463553903, "rel_services": 0.47048511011094468, "rel_commerce": 0.23458650551490826, "rel_loisirs": 0.55982621527192378, "rel_pc1": 0.38623381375078242, "q_revenu": 5, "q_population": 2 }, "geometry": { "type": "Polygon", "coordinates": [ [ [ 4.792273243555842, 45.776729594303205 ], [ 4.792101319009491, 45.778526428868496 ], [ 4.794664602727752, 45.778652320405357 ], [ 4.794836443369166, 45.776855481040414 ], [ 4.792273243555842, 45.776729594303205 ] ] ] } },
{ "type": "Feature", "properties": { "idcar_200m": "CRS3035RES200mN2532400E3916000", "population": 148.5, "median_education": 11.758, "median_healthcare": 23.157, "median_services": 8.092, "median_commerce": 55.532, "median_entertainment": 25.819, "PC1_pos": 1.0638188879590669, "nivvie": 17637.773063973062, "rel_education": 0.57845823168567012, "rel_sante": 0.48349460500000935, "rel_services": 0.63883975350579147, "rel_commerce": 0.33626891647531976, "rel_loisirs": 0.67081974530588018, "rel_pc1": 0.50746122397523141, "q_revenu": 1, "q_population": 2 }, "geometry": { "type": "Polygon", "coordinates": [ [ [ 4.794836443369166, 45.776855481040414 ], [ 4.794664602727752, 45.778652320405357 ], [ 4.797227897132318, 45.778778150070565 ], [ 4.797399653867391, 45.776981305908343 ], [ 4.794836443369166, 45.776855481040414 ] ] ] } },
{ "type": "Feature", "properties": { "idcar_200m": "CRS3035RES200mN2532400E3916200", "population": 12.0, "median_education": 13.168, "median_healthcare": 27.79, "median_services": 11.087, "median_commerce": 80.898, "median_entertainment": 28.107, "PC1_pos": 1.3691518759794936, "nivvie": 31448.275, "rel_education": 0.64782599037565092, "rel_sante": 0.58022693237251188, "rel_services": 0.87528625149761619, "rel_commerce": 0.48987039553807565, "rel_loisirs": 0.73026571832032128, "rel_pc1": 0.65311068891199453, "q_revenu": 4, "q_population": 1 }, "geometry": { "type": "Polygon", "coordinates": [ [ [ 4.797399653867391, 45.776981305908343 ], [ 4.797227897132318, 45.778778150070565 ], [ 4.799791202218029, 45.778903917863701 ], [ 4.799962875045356, 45.777107068906474 ], [ 4.797399653867391, 45.776981305908343 ] ] ] } },
{ "type": "Feature", "properties": { "idcar_200m": "CRS3035RES200mN2532400E3916400", "population": 277.5, "median_education": 16.5755, "median_healthcare": 37.691, "median_services": 14.62, "median_commerce": 119.1755, "median_entertainment": 35.1265, "PC1_pos": 1.7757968930817325, "nivvie": 23613.194234234237, "rel_education": 0.81546474054310458, "rel_sante": 0.78694974120375494, "rel_services": 1.1542062773423964, "rel_commerce": 0.72165627485782013, "rel_loisirs": 0.91264378107157518, "rel_pc1": 0.84708785968588962, "q_revenu": 2, "q_population": 3 }, "geometry": { "type": "Polygon", "coordinates": [ [ [ 4.799962875045356, 45.777107068906474 ], [ 4.799791202218029, 45.778903917863701 ], [ 4.802354517979735, 45.779029623784368 ], [ 4.802526106897917, 45.777232770034495 ], [ 4.799962875045356, 45.777107068906474 ] ] ] } },
{ "type": "Feature", "properties": { "idcar_200m": "CRS3035RES200mN2532400E3916600", "population": 655.5, "median_education": 18.074, "median_healthcare": 42.245, "median_services": 15.522, "median_commerce": 130.902, "median_entertainment": 36.63, "PC1_pos": 1.9891613300401376, "nivvie": 24076.528299008391, "rel_education": 0.88918643302320144, "rel_sante": 0.88203262893403256, "rel_services": 1.2254165415122213, "rel_commerce": 0.7926650166471999, "rel_loisirs": 0.95170716412542677, "rel_pc1": 0.94886663007360295, "q_revenu": 2, "q_population": 4 }, "geometry": { "type": "Polygon", "coordinates": [ [ [ 4.802526106897917, 45.777232770034495 ], [ 4.802354517979735, 45.779029623784368 ], [ 4.804917844412278, 45.779155267832138 ], [ 4.805089349419912, 45.777358409291935 ], [ 4.802526106897917, 45.777232770034495 ] ] ] } },
{ "type": "Feature", "properties": { "idcar_200m": "CRS3035RES200mN2532400E3916800", "population": 1402.5, "median_education": 17.45, "median_healthcare": 43.576, "median_services": 15.151, "median_commerce": 128.1495, "median_entertainment": 34.2845, "PC1_pos": 1.9454481581223333, "nivvie": 25025.190374331552, "rel_education": 0.85848751002848644, "rel_sante": 0.90982255505809939, "rel_services": 1.1961271756507967, "rel_commerce": 0.77599750615598184, "rel_loisirs": 0.89076724729615597, "rel_pc1": 0.92801464109660114, "q_revenu": 2, "q_population": 5 }, "geometry": { "type": "Polygon", "coordinates": [ [ [ 4.805089349419912, 45.777358409291935 ], [ 4.804917844412278, 45.779155267832138 ], [ 4.807481181510505, 45.779280850006593 ], [ 4.807652602606193, 45.777483986678369 ], [ 4.805089349419912, 45.777358409291935 ] ] ] } },
{ "type": "Feature", "properties": { "idcar_200m": "CRS3035RES200mN2532400E3917000", "population": 258.0, "median_education": 16.872, "median_healthcare": 41.711, "median_services": 13.915, "median_commerce": 115.7545, "median_entertainment": 32.4905, "PC1_pos": 1.8058319142251162, "nivvie": 29320.37441860465, "rel_education": 0.8300516486647922, "rel_sante": 0.8708832521119052, "rel_services": 1.09854858749791, "rel_commerce": 0.7009407241255925, "rel_loisirs": 0.84415620027346905, "rel_pc1": 0.86141511854927044, "q_revenu": 4, "q_population": 2 }, "geometry": { "type": "Polygon", "coordinates": [ [ [ 4.807652602606193, 45.777483986678369 ], [ 4.807481181510505, 45.779280850006593 ], [ 4.810044529269257, 45.779406370307292 ], [ 4.810215866451601, 45.777609502193449 ], [ 4.807652602606193, 45.777483986678369 ] ] ] } },
{ "type": "Feature", "properties": { "idcar_200m": "CRS3035RES200mN2532400E3917200", "population": 263.0, "median_education": 15.984, "median_healthcare": 33.5055, "median_services": 11.2715, "median_commerce": 98.1285, "median_entertainment": 29.1075, "PC1_pos": 1.5019331909947333, "nivvie": 30311.772623574147, "rel_education": 0.78636471978769784, "rel_sante": 0.69956075864005751, "rel_services": 0.88985198735053495, "rel_commerce": 0.59420810290190185, "rel_loisirs": 0.75626034069835812, "rel_pc1": 0.71644982436196314, "q_revenu": 4, "q_population": 2 }, "geometry": { "type": "Polygon", "coordinates": [ [ [ 4.810215866451601, 45.777609502193449 ], [ 4.810044529269257, 45.779406370307292 ], [ 4.812607887683381, 45.779531828733873 ], [ 4.812779140950976, 45.777734955836671 ], [ 4.810215866451601, 45.777609502193449 ] ] ] } },
{ "type": "Feature", "properties": { "idcar_200m": "CRS3035RES200mN2532400E3917400", "population": 294.0, "median_education": 15.627, "median_healthcare": 18.369, "median_services": 5.967, "median_commerce": 76.596, "median_entertainment": 28.437, "PC1_pos": 1.0941515596226563, "nivvie": 27669.018027210885, "rel_education": 0.76880139365129851, "rel_sante": 0.38352603529149593, "rel_services": 0.4710772131943966, "rel_commerce": 0.46382003036706032, "rel_loisirs": 0.73883965673586571, "rel_pc1": 0.52193046762475404, "q_revenu": 3, "q_population": 3 }, "geometry": { "type": "Polygon", "coordinates": [ [ [ 4.812779140950976, 45.777734955836671 ], [ 4.812607887683381, 45.779531828733873 ], [ 4.815171256747721, 45.779657225285874 ], [ 4.815342426099173, 45.777860347607671 ], [ 4.812779140950976, 45.777734955836671 ] ] ] } },
{ "type": "Feature", "properties": { "idcar_200m": "CRS3035RES200mN2532400E3917600", "population": 210.0, "median_education": 19.7605, "median_healthcare": 23.9935, "median_services": 7.74, "median_commerce": 99.1935, "median_entertainment": 36.895, "PC1_pos": 1.4531364441992345, "nivvie": 32516.994761904763, "rel_education": 0.97215715999529551, "rel_sante": 0.50095987412306098, "rel_services": 0.61105038212244511, "rel_commerce": 0.60065711241076547, "rel_loisirs": 0.95859229648942457, "rel_pc1": 0.69317287643865644, "q_revenu": 5, "q_population": 2 }, "geometry": { "type": "Polygon", "coordinates": [ [ [ 4.815342426099173, 45.777860347607671 ], [ 4.815171256747721, 45.779657225285874 ], [ 4.817734636457123, 45.779782559962918 ], [ 4.817905721891032, 45.777985677506059 ], [ 4.815342426099173, 45.777860347607671 ] ] ] } },
{ "type": "Feature", "properties": { "idcar_200m": "CRS3035RES200mN2532400E3917800", "population": 709.5, "median_education": 23.712, "median_healthcare": 28.6975, "median_services": 9.228, "median_commerce": 126.509, "median_entertainment": 46.1765, "PC1_pos": 1.8025101703228259, "nivvie": 17347.25905567301, "rel_education": 1.1665590737991673, "rel_sante": 0.59917460927528465, "rel_services": 0.72852363387931829, "rel_commerce": 0.76606360934913609, "rel_loisirs": 1.1997408098345008, "rel_pc1": 0.85983058546241908, "q_revenu": 1, "q_population": 4 }, "geometry": { "type": "Polygon", "coordinates": [ [ [ 4.817905721891032, 45.777985677506059 ], [ 4.817734636457123, 45.779782559962918 ], [ 4.820298026806426, 45.779907832764593 ], [ 4.820469028321398, 45.778110945531367 ], [ 4.817905721891032, 45.777985677506059 ] ] ] } },
{ "type": "Feature", "properties": { "idcar_200m": "CRS3035RES200mN2532400E3918000", "population": 260.5, "median_education": 26.0825, "median_healthcare": 33.003, "median_services": 9.5575, "median_commerce": 152.1435, "median_entertainment": 51.7095, "PC1_pos": 2.0294042918918889, "nivvie": 32534.17696737044, "rel_education": 1.283180543284699, "rel_sante": 0.6890690697765387, "rel_services": 0.75453669601230877, "rel_commerce": 0.92129096545708455, "rel_loisirs": 1.3434971772684616, "rel_pc1": 0.9680632648662576, "q_revenu": 5, "q_population": 2 }, "geometry": { "type": "Polygon", "coordinates": [ [ [ 4.820469028321398, 45.778110945531367 ], [ 4.820298026806426, 45.779907832764593 ], [ 4.822861427790477, 45.780033043690459 ], [ 4.823032345385115, 45.778236151683252 ], [ 4.820469028321398, 45.778110945531367 ] ] ] } },
{ "type": "Feature", "properties": { "idcar_200m": "CRS3035RES200mN2532400E3918200", "population": 481.0, "median_education": 26.954, "median_healthcare": 37.488, "median_services": 10.5, "median_commerce": 185.522, "median_entertainment": 55.225, "PC1_pos": 2.2657567981347397, "nivvie": 33838.570893970893, "rel_education": 1.3260557217941447, "rel_sante": 0.78271130769272135, "rel_services": 0.82894431683277436, "rel_commerce": 1.1234114010360561, "rel_loisirs": 1.4348356030255716, "rel_pc1": 1.0808077681507542, "q_revenu": 5, "q_population": 4 }, "geometry": { "type": "Polygon", "coordinates": [ [ [ 4.823032345385115, 45.778236151683252 ], [ 4.822861427790477, 45.780033043690459 ], [ 4.825424839404124, 45.780158192740132 ], [ 4.825595673077028, 45.778361295961219 ], [ 4.823032345385115, 45.778236151683252 ] ] ] } },
{ "type": "Feature", "properties": { "idcar_200m": "CRS3035RES200mN2532400E3918400", "population": 843.0, "median_education": 27.671, "median_healthcare": 45.148, "median_services": 12.247, "median_commerce": 233.879, "median_entertainment": 59.554, "PC1_pos": 2.6705096782452529, "nivvie": 31720.836773428229, "rel_education": 1.3613299650428796, "rel_sante": 0.94264431604009247, "rel_services": 0.96686486173818931, "rel_commerce": 1.4162327651864026, "rel_loisirs": 1.5473100860585767, "rel_pc1": 1.2738823546928615, "q_revenu": 4, "q_population": 5 }, "geometry": { "type": "Polygon", "coordinates": [ [ [ 4.825595673077028, 45.778361295961219 ], [ 4.825424839404124, 45.780158192740132 ], [ 4.827988261642201, 45.780283279913156 ], [ 4.82815901139198, 45.778486378364903 ], [ 4.825595673077028, 45.778361295961219 ] ] ] } },
{ "type": "Feature", "properties": { "idcar_200m": "CRS3035RES200mN2532400E3918600", "population": 639.5, "median_education": 29.16, "median_healthcare": 50.241, "median_services": 13.565, "median_commerce": 273.633, "median_entertainment": 65.065, "PC1_pos": 2.913795043222569, "nivvie": 24407.735105551212, "rel_education": 1.4345842860991784, "rel_sante": 1.0489809755065624, "rel_services": 1.0709171102701509, "rel_commerce": 1.6569594544027078, "rel_loisirs": 1.6904948575981678, "rel_pc1": 1.3899339594199625, "q_revenu": 2, "q_population": 4 }, "geometry": { "type": "Polygon", "coordinates": [ [ [ 4.82815901139198, 45.778486378364903 ], [ 4.827988261642201, 45.780283279913156 ], [ 4.830551694499557, 45.780408305209171 ], [ 4.830722360324818, 45.778611398893922 ], [ 4.82815901139198, 45.778486378364903 ] ] ] } },
{ "type": "Feature", "properties": { "idcar_200m": "CRS3035RES200mN2532400E3918800", "population": 596.5, "median_education": 28.0585, "median_healthcare": 53.228, "median_services": 14.122, "median_commerce": 300.581, "median_entertainment": 69.303, "PC1_pos": 3.1156615260895753, "nivvie": 25719.841911148364, "rel_education": 1.3803937994346298, "rel_sante": 1.111346497168912, "rel_services": 1.1148906326011847, "rel_commerce": 1.8201405889049214, "rel_loisirs": 1.8006050121590074, "rel_pc1": 1.4862279937097613, "q_revenu": 2, "q_population": 4 }, "geometry": { "type": "Polygon", "coordinates": [ [ [ 4.830722360324818, 45.778611398893922 ], [ 4.830551694499557, 45.780408305209171 ], [ 4.833115137971034, 45.780533268627721 ], [ 4.833285719870381, 45.778736357547785 ], [ 4.830722360324818, 45.778611398893922 ] ] ] } },
{ "type": "Feature", "properties": { "idcar_200m": "CRS3035RES200mN2532400E3919000", "population": 1008.5, "median_education": 25.355, "median_healthcare": 52.9305, "median_services": 13.5865, "median_commerce": 272.7835, "median_entertainment": 64.141, "PC1_pos": 2.9639744917488371, "nivvie": 27824.114923153196, "rel_education": 1.2473897316201876, "rel_sante": 1.1051349997820525, "rel_services": 1.0726144724427134, "rel_commerce": 1.6518153853155908, "rel_loisirs": 1.6664878300346433, "rel_pc1": 1.4138704815627448, "q_revenu": 3, "q_population": 5 }, "geometry": { "type": "Polygon", "coordinates": [ [ [ 4.833285719870381, 45.778736357547785 ], [ 4.833115137971034, 45.780533268627721 ], [ 4.835678592051476, 45.780658170168408 ], [ 4.835849090023515, 45.778861254326145 ], [ 4.833285719870381, 45.778736357547785 ] ] ] } },
{ "type": "Feature", "properties": { "idcar_200m": "CRS3035RES200mN2532400E3919200", "population": 727.0, "median_education": 21.839, "median_healthcare": 49.466, "median_services": 12.066, "median_commerce": 237.046, "median_entertainment": 57.124, "PC1_pos": 2.5548441009617044, "nivvie": 31356.161072902341, "rel_education": 1.0744131078230439, "rel_sante": 1.0327997638265087, "rel_services": 0.95257544065754829, "rel_commerce": 1.4354102422892863, "rel_loisirs": 1.4841747213622953, "rel_pc1": 1.2187077417164751, "q_revenu": 4, "q_population": 4 }, "geometry": { "type": "Polygon", "coordinates": [ [ [ 4.835849090023515, 45.778861254326145 ], [ 4.835678592051476, 45.780658170168408 ], [ 4.838242056735723, 45.780783009830849 ], [ 4.838412470779064, 45.778986089228567 ], [ 4.835849090023515, 45.778861254326145 ] ] ] } },
{ "type": "Feature", "properties": { "idcar_200m": "CRS3035RES200mN2532400E3919400", "population": 466.0, "median_education": 18.716, "median_healthcare": 43.432, "median_services": 10.15, "median_commerce": 197.183, "median_entertainment": 48.8025, "PC1_pos": 1.9165905287312945, "nivvie": 29386.810085836911, "rel_education": 0.92077090187353317, "rel_sante": 0.90681598153303133, "rel_services": 0.8013128396050152, "rel_commerce": 1.1940235136021209, "rel_loisirs": 1.2679685743169842, "rel_pc1": 0.91424901980753492, "q_revenu": 4, "q_population": 4 }, "geometry": { "type": "Polygon", "coordinates": [ [ [ 4.838412470779064, 45.778986089228567 ], [ 4.838242056735723, 45.780783009830849 ], [ 4.840805532018621, 45.780907787614616 ], [ 4.840975862131872, 45.779110862254633 ], [ 4.838412470779064, 45.778986089228567 ] ] ] } },
{ "type": "Feature", "properties": { "idcar_200m": "CRS3035RES200mN2532400E3919600", "population": 182.5, "median_education": 8.495, "median_healthcare": 19.701, "median_services": 4.462, "median_commerce": 89.047, "median_entertainment": 22.217, "PC1_pos": 1.0516949888360141, "nivvie": 28236.125479452057, "rel_education": 0.41792844685913993, "rel_sante": 0.41133684039837559, "rel_services": 0.35226186111503233, "rel_commerce": 0.53921591524486423, "rel_loisirs": 0.57723390841863509, "rel_pc1": 0.50167790055620476, "q_revenu": 3, "q_population": 2 }, "geometry": { "type": "Polygon", "coordinates": [ [ [ 4.840975862131872, 45.779110862254633 ], [ 4.840805532018621, 45.780907787614616 ], [ 4.843369017895005, 45.78103250351927 ], [ 4.843539264076776, 45.779235573403923 ], [ 4.840975862131872, 45.779110862254633 ] ] ] } },
{ "type": "Feature", "properties": { "idcar_200m": "CRS3035RES200mN2532600E3915600", "population": 74.0, "median_education": 8.082, "median_healthcare": 17.805, "median_services": 4.438, "median_commerce": 27.244, "median_entertainment": 18.065, "PC1_pos": 0.64197251152043089, "nivvie": 38979.24324324324, "rel_education": 0.39761008917193286, "rel_sante": 0.3717502889849793, "rel_services": 0.35036713124798596, "rel_commerce": 0.16497353526711828, "rel_loisirs": 0.46935817417214942, "rel_pc1": 0.30623272451912537, "q_revenu": 5, "q_population": 1 }, "geometry": { "type": "Polygon", "coordinates": [ [ [ 4.789538045982684, 45.778400475460387 ], [ 4.78936602278655, 45.78019730277282 ], [ 4.791929379724011, 45.780323260983366 ], [ 4.792101319009491, 45.778526428868496 ], [ 4.789538045982684, 45.778400475460387 ] ] ] } },
{ "type": "Feature", "properties": { "idcar_200m": "CRS3035RES200mN2532600E3915800", "population": 743.5, "median_education": 10.9775, "median_healthcare": 19.046, "median_services": 5.3535, "median_commerce": 32.128, "median_entertainment": 22.458, "PC1_pos": 0.78685620321112371, "nivvie": 14152.09414929388, "rel_education": 0.54005997944628703, "rel_sante": 0.39766110665587845, "rel_services": 0.42264318096802456, "rel_commerce": 0.19454814788804786, "rel_loisirs": 0.58349548162513876, "rel_pc1": 0.37534491678379028, "q_revenu": 1, "q_population": 4 }, "geometry": { "type": "Polygon", "coordinates": [ [ [ 4.792101319009491, 45.778526428868496 ], [ 4.791929379724011, 45.780323260983366 ], [ 4.79449274735433, 45.780449157320319 ], [ 4.794664602727752, 45.778652320405357 ], [ 4.792101319009491, 45.778526428868496 ] ] ] } },
{ "type": "Feature", "properties": { "idcar_200m": "CRS3035RES200mN2532600E3916000", "population": 10.0, "median_education": 11.167, "median_healthcare": 21.888, "median_services": 7.178, "median_commerce": 46.692, "median_entertainment": 25.092, "PC1_pos": 0.95541862364089125, "nivvie": 31448.28, "rel_education": 0.54938280942625262, "rel_sante": 0.45699917581034699, "rel_services": 0.56668212440244325, "rel_commerce": 0.2827391098477568, "rel_loisirs": 0.65193109916012026, "rel_pc1": 0.45575229923929778, "q_revenu": 4, "q_population": 1 }, "geometry": { "type": "Polygon", "coordinates": [ [ [ 4.794664602727752, 45.778652320405357 ], [ 4.79449274735433, 45.780449157320319 ], [ 4.797056125672355, 45.780574991783276 ], [ 4.797227897132318, 45.778778150070565 ], [ 4.794664602727752, 45.778652320405357 ] ] ] } },
{ "type": "Feature", "properties": { "idcar_200m": "CRS3035RES200mN2532600E3916200", "population": 109.0, "median_education": 11.135, "median_healthcare": 26.658, "median_services": 9.427, "median_commerce": 67.6, "median_entertainment": 25.279, "PC1_pos": 1.1537102074363603, "nivvie": 21489.424770642199, "rel_education": 0.54780850568293393, "rel_sante": 0.55659192382822686, "rel_services": 0.74423410236024423, "rel_commerce": 0.40934558009312855, "rel_loisirs": 0.65678966426226215, "rel_pc1": 0.55034104075890478, "q_revenu": 1, "q_population": 2 }, "geometry": { "type": "Polygon", "coordinates": [ [ [ 4.797227897132318, 45.778778150070565 ], [ 4.797056125672355, 45.780574991783276 ], [ 4.799619514672932, 45.780700764371794 ], [ 4.799791202218029, 45.778903917863701 ], [ 4.797227897132318, 45.778778150070565 ] ] ] } },
{ "type": "Feature", "properties": { "idcar_200m": "CRS3035RES200mN2532600E3916400", "population": 140.0, "median_education": 13.36, "median_healthcare": 34.6705, "median_services": 11.582, "median_commerce": 89.0185, "median_entertainment": 30.557, "PC1_pos": 1.4845239297905413, "nivvie": 20171.275, "rel_education": 0.65727181283556324, "rel_sante": 0.72388477361717085, "rel_services": 0.91436505500544707, "rel_commerce": 0.53904333611716226, "rel_loisirs": 0.79392071564784772, "rel_pc1": 0.70814528578008784, "q_revenu": 1, "q_population": 2 }, "geometry": { "type": "Polygon", "coordinates": [ [ [ 4.799791202218029, 45.778903917863701 ], [ 4.799619514672932, 45.780700764371794 ], [ 4.802182914350904, 45.780826475085561 ], [ 4.802354517979735, 45.779029623784368 ], [ 4.799791202218029, 45.778903917863701 ] ] ] } },
{ "type": "Feature", "properties": { "idcar_200m": "CRS3035RES200mN2532600E3916600", "population": 107.0, "median_education": 14.0485, "median_healthcare": 39.868, "median_services": 13.087, "median_commerce": 106.322, "median_entertainment": 29.245, "PC1_pos": 1.6762453994715236, "nivvie": 19384.847663551402, "rel_education": 0.69114394181290506, "rel_sante": 0.83240328678759656, "rel_services": 1.0331804070848112, "rel_commerce": 0.64382308826422507, "rel_loisirs": 0.75983281503816824, "rel_pc1": 0.79959996172901215, "q_revenu": 1, "q_population": 1 }, "geometry": { "type": "Polygon", "coordinates": [ [ [ 4.802354517979735, 45.779029623784368 ], [ 4.802182914350904, 45.780826475085561 ], [ 4.804746324701109, 45.780952123924074 ], [ 4.804917844412278, 45.779155267832138 ], [ 4.802354517979735, 45.779029623784368 ] ] ] } },
{ "type": "Feature", "properties": { "idcar_200m": "CRS3035RES200mN2532600E3916800", "population": 1294.5, "median_education": 14.345, "median_healthcare": 42.7055, "median_services": 13.1235, "median_commerce": 103.8915, "median_entertainment": 29.6535, "PC1_pos": 1.669289518695114, "nivvie": 23972.604789494013, "rel_education": 0.70573084993459245, "rel_sante": 0.89164740051940661, "rel_services": 1.0360619754242777, "rel_commerce": 0.62910541914564011, "rel_loisirs": 0.77044631153134968, "rel_pc1": 0.79628187834792596, "q_revenu": 2, "q_population": 5 }, "geometry": { "type": "Polygon", "coordinates": [ [ [ 4.804917844412278, 45.779155267832138 ], [ 4.804746324701109, 45.780952123924074 ], [ 4.807309745718403, 45.78107771088694 ], [ 4.807481181510505, 45.779280850006593 ], [ 4.804917844412278, 45.779155267832138 ] ] ] } },
{ "type": "Feature", "properties": { "idcar_200m": "CRS3035RES200mN2532600E3917000", "population": 19.5, "median_education": 14.6145, "median_healthcare": 37.9005, "median_services": 11.988, "median_commerce": 95.193, "median_entertainment": 28.966, "PC1_pos": 1.5650021989534548, "nivvie": 30383.902564102562, "rel_education": 0.71898943927285475, "rel_sante": 0.79132388810307264, "rel_services": 0.94641756858964754, "rel_commerce": 0.57643245274859756, "rel_loisirs": 0.75258393983229899, "rel_pc1": 0.74653490400840383, "q_revenu": 4, "q_population": 1 }, "geometry": { "type": "Polygon", "coordinates": [ [ [ 4.807481181510505, 45.779280850006593 ], [ 4.807309745718403, 45.78107771088694 ], [ 4.809873177397622, 45.781203235973734 ], [ 4.810044529269257, 45.779406370307292 ], [ 4.807481181510505, 45.779280850006593 ] ] ] } },
{ "type": "Feature", "properties": { "idcar_200m": "CRS3035RES200mN2532600E3917200", "population": 252.0, "median_education": 14.203, "median_healthcare": 30.498, "median_services": 9.768, "median_commerce": 82.698, "median_entertainment": 26.7815, "PC1_pos": 1.3231000610825954, "nivvie": 26788.284126984126, "rel_education": 0.69874487707361566, "rel_sante": 0.63676721783004198, "rel_services": 0.77115505588786104, "rel_commerce": 0.50077012991925374, "rel_loisirs": 0.69582706568455133, "rel_pc1": 0.63114312411466789, "q_revenu": 3, "q_population": 2 }, "geometry": { "type": "Polygon", "coordinates": [ [ [ 4.810044529269257, 45.779406370307292 ], [ 4.809873177397622, 45.781203235973734 ], [ 4.812436619733611, 45.781328699184073 ], [ 4.812607887683381, 45.779531828733873 ], [ 4.810044529269257, 45.779406370307292 ] ] ] } },
{ "type": "Feature", "properties": { "idcar_200m": "CRS3035RES200mN2532600E3917400", "population": 26.0, "median_education": 15.99, "median_healthcare": 21.566, "median_services": 6.787, "median_commerce": 80.415, "median_entertainment": 30.265, "PC1_pos": 1.1953626452146704, "nivvie": 34326.353846153841, "rel_education": 0.78665990173957012, "rel_sante": 0.45027614334456972, "rel_services": 0.53581381698514663, "rel_commerce": 0.48694563347912628, "rel_loisirs": 0.78633407923166909, "rel_pc1": 0.57021002155608225, "q_revenu": 5, "q_population": 1 }, "geometry": { "type": "Polygon", "coordinates": [ [ [ 4.812607887683381, 45.779531828733873 ], [ 4.812436619733611, 45.781328699184073 ], [ 4.815000072721218, 45.781454100517514 ], [ 4.815171256747721, 45.779657225285874 ], [ 4.812607887683381, 45.779531828733873 ] ] ] } },
{ "type": "Feature", "properties": { "idcar_200m": "CRS3035RES200mN2532600E3917600", "population": 256.5, "median_education": 17.0735, "median_healthcare": 22.6735, "median_services": 7.1365, "median_commerce": 86.8775, "median_entertainment": 33.0855, "PC1_pos": 1.2948282239444548, "nivvie": 29319.090058479531, "rel_education": 0.83996484254850234, "rel_sante": 0.47339961680993697, "rel_services": 0.56340582067400902, "rel_commerce": 0.52607870761154996, "rel_loisirs": 0.85961527105301117, "rel_pc1": 0.6176569365309208, "q_revenu": 4, "q_population": 2 }, "geometry": { "type": "Polygon", "coordinates": [ [ [ 4.815171256747721, 45.779657225285874 ], [ 4.815000072721218, 45.781454100517514 ], [ 4.81756353635528, 45.78157943997364 ], [ 4.817734636457123, 45.779782559962918 ], [ 4.815171256747721, 45.779657225285874 ] ] ] } },
{ "type": "Feature", "properties": { "idcar_200m": "CRS3035RES200mN2532600E3917800", "population": 262.0, "median_education": 16.602, "median_healthcare": 20.52, "median_services": 5.991, "median_commerce": 87.827, "median_entertainment": 34.0275, "PC1_pos": 1.2728401280025463, "nivvie": 17700.611450381679, "rel_education": 0.81676846083054055, "rel_sante": 0.42843672732220023, "rel_services": 0.47297194306144297, "rel_commerce": 0.53182831749762138, "rel_loisirs": 0.88408996798465622, "rel_pc1": 0.60716820935577875, "q_revenu": 1, "q_population": 2 }, "geometry": { "type": "Polygon", "coordinates": [ [ [ 4.817734636457123, 45.779782559962918 ], [ 4.81756353635528, 45.78157943997364 ], [ 4.820127010630645, 45.781704717552081 ], [ 4.820298026806426, 45.779907832764593 ], [ 4.817734636457123, 45.779782559962918 ] ] ] } },
{ "type": "Feature", "properties": { "idcar_200m": "CRS3035RES200mN2532600E3918000", "population": 173.5, "median_education": 19.768, "median_healthcare": 24.7955, "median_services": 7.1405, "median_commerce": 111.3615, "median_entertainment": 40.555, "PC1_pos": 1.550273088657282, "nivvie": 34025.026512968296, "rel_education": 0.97252613743513583, "rel_sante": 0.51770481833906512, "rel_services": 0.56372160898518331, "rel_commerce": 0.67433931682752868, "rel_loisirs": 1.0536850680072802, "rel_pc1": 0.73950884682558593, "q_revenu": 5, "q_population": 2 }, "geometry": { "type": "Polygon", "coordinates": [ [ [ 4.820298026806426, 45.779907832764593 ], [ 4.820127010630645, 45.781704717552081 ], [ 4.822690495542151, 45.78182993325234 ], [ 4.822861427790477, 45.780033043690459 ], [ 4.820298026806426, 45.779907832764593 ] ] ] } },
{ "type": "Feature", "properties": { "idcar_200m": "CRS3035RES200mN2532600E3918200", "population": 309.0, "median_education": 21.149, "median_healthcare": 29.545, "median_services": 8.204, "median_commerce": 142.729, "median_entertainment": 43.656, "PC1_pos": 1.7825697742308082, "nivvie": 30260.884142394818, "rel_education": 1.0404671833577341, "rel_sante": 0.61686954720927911, "rel_services": 0.64768182621867443, "rel_commerce": 0.86428232693952889, "rel_loisirs": 1.1342541074818353, "rel_pc1": 0.85031864887063757, "q_revenu": 4, "q_population": 3 }, "geometry": { "type": "Polygon", "coordinates": [ [ [ 4.822861427790477, 45.780033043690459 ], [ 4.822690495542151, 45.78182993325234 ], [ 4.825253991084649, 45.781955087074117 ], [ 4.825424839404124, 45.780158192740132 ], [ 4.822861427790477, 45.780033043690459 ] ] ] } },
{ "type": "Feature", "properties": { "idcar_200m": "CRS3035RES200mN2532600E3918400", "population": 900.5, "median_education": 22.4255, "median_healthcare": 36.619, "median_services": 9.876, "median_commerce": 186.2675, "median_entertainment": 48.72, "PC1_pos": 2.0593556933956938, "nivvie": 20187.315713492506, "rel_education": 1.1032671436185573, "rel_sante": 0.76456747162824812, "rel_services": 0.77968134028956948, "rel_commerce": 1.1279257076922606, "rel_loisirs": 1.2658250897130983, "rel_pc1": 0.98235063561980196, "q_revenu": 1, "q_population": 5 }, "geometry": { "type": "Polygon", "coordinates": [ [ [ 4.825424839404124, 45.780158192740132 ], [ 4.825253991084649, 45.781955087074117 ], [ 4.827817497252972, 45.782080179016958 ], [ 4.827988261642201, 45.780283279913156 ], [ 4.825424839404124, 45.780158192740132 ] ] ] } },
{ "type": "Feature", "properties": { "idcar_200m": "CRS3035RES200mN2532600E3918600", "population": 289.5, "median_education": 22.409, "median_healthcare": 39.159, "median_services": 10.392, "median_commerce": 208.095, "median_entertainment": 50.618, "PC1_pos": 2.2295344135404371, "nivvie": 24926.929533678755, "rel_education": 1.1024553932509085, "rel_sante": 0.81760008797319883, "rel_services": 0.82041803243106581, "rel_commerce": 1.2601001255840176, "rel_loisirs": 1.3151382264182596, "rel_pc1": 1.063529022840271, "q_revenu": 2, "q_population": 3 }, "geometry": { "type": "Polygon", "coordinates": [ [ [ 4.827988261642201, 45.780283279913156 ], [ 4.827817497252972, 45.782080179016958 ], [ 4.830381014041971, 45.782205209080374 ], [ 4.830551694499557, 45.780408305209171 ], [ 4.827988261642201, 45.780283279913156 ] ] ] } },
{ "type": "Feature", "properties": { "idcar_200m": "CRS3035RES200mN2532600E3918800", "population": 190.0, "median_education": 21.8805, "median_healthcare": 41.826, "median_services": 10.7945, "median_commerce": 220.6855, "median_entertainment": 53.1055, "PC1_pos": 2.3703768656223394, "nivvie": 26061.72789473684, "rel_education": 1.0764547829901603, "rel_sante": 0.87328433513539705, "rel_services": 0.85219423124298888, "rel_commerce": 1.3363407398763627, "rel_loisirs": 1.3797675349293705, "rel_pc1": 1.1307134693002072, "q_revenu": 3, "q_population": 2 }, "geometry": { "type": "Polygon", "coordinates": [ [ [ 4.830551694499557, 45.780408305209171 ], [ 4.830381014041971, 45.782205209080374 ], [ 4.832944541446484, 45.782330177264051 ], [ 4.833115137971034, 45.780533268627721 ], [ 4.830551694499557, 45.780408305209171 ] ] ] } },
{ "type": "Feature", "properties": { "idcar_200m": "CRS3035RES200mN2532600E3919000", "population": 622.0, "median_education": 20.543, "median_healthcare": 42.1385, "median_services": 10.778, "median_commerce": 216.8305, "median_entertainment": 51.7545, "PC1_pos": 2.2942204970063553, "nivvie": 30087.686816720256, "rel_education": 1.0106538062186359, "rel_sante": 0.87980901726445104, "rel_services": 0.8508916044593946, "rel_commerce": 1.3129971420766733, "rel_loisirs": 1.3446663506887631, "rel_pc1": 1.0943854773188662, "q_revenu": 4, "q_population": 4 }, "geometry": { "type": "Polygon", "coordinates": [ [ [ 4.833115137971034, 45.780533268627721 ], [ 4.832944541446484, 45.782330177264051 ], [ 4.835508079461354, 45.782455083567505 ], [ 4.835678592051476, 45.780658170168408 ], [ 4.833115137971034, 45.780533268627721 ] ] ] } },
{ "type": "Feature", "properties": { "idcar_200m": "CRS3035RES200mN2532600E3919200", "population": 745.5, "median_education": 18.686, "median_healthcare": 41.829, "median_services": 9.916, "median_commerce": 195.122, "median_entertainment": 48.21, "PC1_pos": 2.1295547882161303, "nivvie": 25484.838765928907, "rel_education": 0.91929499211417176, "rel_sante": 0.87334697208383605, "rel_services": 0.78283922340131351, "rel_commerce": 1.1815433177356722, "rel_loisirs": 1.2525744576163478, "rel_pc1": 1.0158368981619865, "q_revenu": 2, "q_population": 4 }, "geometry": { "type": "Polygon", "coordinates": [ [ [ 4.835678592051476, 45.780658170168408 ], [ 4.835508079461354, 45.782455083567505 ], [ 4.838071628081423, 45.782579927990405 ], [ 4.838242056735723, 45.780783009830849 ], [ 4.835678592051476, 45.780658170168408 ] ] ] } },
{ "type": "Feature", "properties": { "idcar_200m": "CRS3035RES200mN2532600E3919400", "population": 643.5, "median_education": 14.284, "median_healthcare": 33.001, "median_services": 7.5775, "median_commerce": 149.1125, "median_entertainment": 36.955, "PC1_pos": 1.5691709877298594, "nivvie": 27883.428127428127, "rel_education": 0.70272983342389106, "rel_sante": 0.68902731181091292, "rel_services": 0.59822148198098557, "rel_commerce": 0.90293702384077867, "rel_loisirs": 0.96015119438315977, "rel_pc1": 0.74852349311780286, "q_revenu": 3, "q_population": 4 }, "geometry": { "type": "Polygon", "coordinates": [ [ [ 4.838242056735723, 45.780783009830849 ], [ 4.838071628081423, 45.782579927990405 ], [ 4.840635187301533, 45.782704710532265 ], [ 4.840805532018621, 45.780907787614616 ], [ 4.838242056735723, 45.780783009830849 ] ] ] } },
{ "type": "Feature", "properties": { "idcar_200m": "CRS3035RES200mN2532600E3919800", "population": 39.0, "median_education": 6.094, "median_healthcare": 14.893, "median_services": 3.289, "median_commerce": 67.612, "median_entertainment": 16.993, "PC1_pos": 0.73120890414917894, "nivvie": 37238.63846153846, "rel_education": 0.2998064691182577, "rel_sante": 0.31095069103360279, "rel_services": 0.25965693886314239, "rel_commerce": 0.40941824498900303, "rel_loisirs": 0.44150586513741125, "rel_pc1": 0.34880012912066993, "q_revenu": 5, "q_population": 1 }, "geometry": { "type": "Polygon", "coordinates": [ [ [ 4.843369017895005, 45.78103250351927 ], [ 4.843198757116524, 45.782829431192695 ], [ 4.845762337521243, 45.782954089971291 ], [ 4.84593251435973, 45.781157157544428 ], [ 4.843369017895005, 45.78103250351927 ] ] ] } },
{ "type": "Feature", "properties": { "idcar_200m": "CRS3035RES200mN2532600E3920200", "population": 263.0, "median_education": 7.129, "median_healthcare": 21.557, "median_services": 4.484, "median_commerce": 85.781, "median_entertainment": 21.503, "PC1_pos": 0.92310691226726904, "nivvie": 40387.40874524715, "rel_education": 0.35072535581622233, "rel_sante": 0.45008823249925295, "rel_services": 0.35399869682649149, "rel_commerce": 0.5194389527510157, "rel_loisirs": 0.55868302348318455, "rel_pc1": 0.44033901715906493, "q_revenu": 5, "q_population": 2 }, "geometry": { "type": "Polygon", "coordinates": [ [ [ 4.848496021407627, 45.781281749689676 ], [ 4.848325928510524, 45.78307868686764 ], [ 4.85088953007921, 45.783203221881337 ], [ 4.851059539033542, 45.781406279954588 ], [ 4.848496021407627, 45.781281749689676 ] ] ] } },
{ "type": "Feature", "properties": { "idcar_200m": "CRS3035RES200mN2532800E3915600", "population": 143.0, "median_education": 7.901, "median_healthcare": 20.125, "median_services": 4.374, "median_commerce": 25.793, "median_entertainment": 18.747, "PC1_pos": 0.67382516866813402, "nivvie": 26065.534965034964, "rel_education": 0.38870543362378634, "rel_sante": 0.42018952911107604, "rel_services": 0.34531451826919579, "rel_commerce": 0.1561871382742909, "rel_loisirs": 0.4870776468976078, "rel_pc1": 0.32142702926967121, "q_revenu": 3, "q_population": 2 }, "geometry": { "type": "Polygon", "coordinates": [ [ [ 4.78936602278655, 45.78019730277282 ], [ 4.789193984842397, 45.781994127634881 ], [ 4.791757425697631, 45.782120090648242 ], [ 4.791929379724011, 45.780323260983366 ], [ 4.78936602278655, 45.78019730277282 ] ] ] } },
{ "type": "Feature", "properties": { "idcar_200m": "CRS3035RES200mN2532800E3915800", "population": 768.5, "median_education": 10.044, "median_healthcare": 19.665, "median_services": 5.168, "median_commerce": 28.82, "median_entertainment": 23.776, "PC1_pos": 0.78057213566544181, "nivvie": 15694.877293428757, "rel_education": 0.4941345874341615, "rel_sante": 0.41058519701710855, "rel_services": 0.4079984980373122, "rel_commerce": 0.17451685825863855, "rel_loisirs": 0.61773927202419177, "rel_pc1": 0.37234730070048055, "q_revenu": 1, "q_population": 4 }, "geometry": { "type": "Polygon", "coordinates": [ [ [ 4.791929379724011, 45.780323260983366 ], [ 4.791757425697631, 45.782120090648242 ], [ 4.794320877247126, 45.782245991785672 ], [ 4.79449274735433, 45.780449157320319 ], [ 4.791929379724011, 45.780323260983366 ] ] ] } },
{ "type": "Feature", "properties": { "idcar_200m": "CRS3035RES200mN2532800E3916000", "population": 632.0, "median_education": 10.5705, "median_healthcare": 19.127, "median_services": 5.6355, "median_commerce": 32.856, "median_entertainment": 23.107, "PC1_pos": 0.80422266799332265, "nivvie": 18372.105063291139, "rel_education": 0.52003680371095218, "rel_sante": 0.39935230426372931, "rel_services": 0.44490625690581909, "rel_commerce": 0.1989564849044354, "rel_loisirs": 0.60035756050904265, "rel_pc1": 0.3836290406833055, "q_revenu": 1, "q_population": 4 }, "geometry": { "type": "Polygon", "coordinates": [ [ [ 4.79449274735433, 45.780449157320319 ], [ 4.794320877247126, 45.782245991785672 ], [ 4.796884339485731, 45.78237183104681 ], [ 4.797056125672355, 45.780574991783276 ], [ 4.79449274735433, 45.780449157320319 ] ] ] } },
{ "type": "Feature", "properties": { "idcar_200m": "CRS3035RES200mN2532800E3916200", "population": 21.0, "median_education": 10.172, "median_healthcare": 26.6175, "median_services": 7.653, "median_commerce": 49.3575, "median_entertainment": 25.2405, "PC1_pos": 1.0120817926537491, "nivvie": 31448.276190476194, "rel_education": 0.50043180240743634, "rel_sante": 0.55574632502430144, "rel_services": 0.60418198635440223, "rel_commerce": 0.29887979984388452, "rel_loisirs": 0.65578937144711524, "rel_pc1": 0.48278167559935226, "q_revenu": 4, "q_population": 1 }, "geometry": { "type": "Polygon", "coordinates": [ [ [ 4.797056125672355, 45.780574991783276 ], [ 4.796884339485731, 45.78237183104681 ], [ 4.799447812408289, 45.782497608431207 ], [ 4.799619514672932, 45.780700764371794 ], [ 4.797056125672355, 45.780574991783276 ] ] ] } },
{ "type": "Feature", "properties": { "idcar_200m": "CRS3035RES200mN2532800E3917200", "population": 13.0, "median_education": 11.071, "median_healthcare": 31.7595, "median_services": 8.58, "median_commerce": 63.3535, "median_entertainment": 20.951, "PC1_pos": 1.1440744041826423, "nivvie": 30383.9, "rel_education": 0.54465989819629645, "rel_sante": 0.66310605464860717, "rel_services": 0.67736592746906699, "rel_commerce": 0.38363129006553282, "rel_loisirs": 0.54434116286081935, "rel_pc1": 0.5457445849444218, "q_revenu": 4, "q_population": 1 }, "geometry": { "type": "Polygon", "coordinates": [ [ [ 4.809873177397622, 45.781203235973734 ], [ 4.809701810834925, 45.783000099193153 ], [ 4.812265337099902, 45.783125567187675 ], [ 4.812436619733611, 45.781328699184073 ], [ 4.809873177397622, 45.781203235973734 ] ] ] } },
{ "type": "Feature", "properties": { "idcar_200m": "CRS3035RES200mN2532800E3917400", "population": 261.0, "median_education": 12.415, "median_healthcare": 22.812, "median_services": 7.119, "median_commerce": 67.423, "median_entertainment": 23.495, "PC1_pos": 1.02532037239163, "nivvie": 29850.203448275861, "rel_education": 0.61078065541568249, "rel_sante": 0.47629135592953376, "rel_services": 0.56202424681262098, "rel_commerce": 0.40827377287897942, "rel_loisirs": 0.61043843355519789, "rel_pc1": 0.48909672222384615, "q_revenu": 4, "q_population": 2 }, "geometry": { "type": "Polygon", "coordinates": [ [ [ 4.812436619733611, 45.781328699184073 ], [ 4.812265337099902, 45.783125567187675 ], [ 4.814828874017892, 45.783250973302962 ], [ 4.815000072721218, 45.781454100517514 ], [ 4.812436619733611, 45.781328699184073 ] ] ] } },
{ "type": "Feature", "properties": { "idcar_200m": "CRS3035RES200mN2532800E3917600", "population": 176.0, "median_education": 12.6, "median_healthcare": 18.621, "median_services": 5.804, "median_commerce": 65.748, "median_entertainment": 25.065, "PC1_pos": 0.98456120523424495, "nivvie": 21406.032386363637, "rel_education": 0.61988209893174384, "rel_sante": 0.38878753896036505, "rel_services": 0.45820883951404029, "rel_commerce": 0.39813096449649438, "rel_loisirs": 0.65122959510793943, "rel_pc1": 0.46965384798274362, "q_revenu": 1, "q_population": 2 }, "geometry": { "type": "Polygon", "coordinates": [ [ [ 4.815000072721218, 45.781454100517514 ], [ 4.814828874017892, 45.783250973302962 ], [ 4.817392421583739, 45.783376317538618 ], [ 4.81756353635528, 45.78157943997364 ], [ 4.815000072721218, 45.781454100517514 ] ] ] } },
{ "type": "Feature", "properties": { "idcar_200m": "CRS3035RES200mN2532800E3918000", "population": 410.5, "median_education": 15.076, "median_healthcare": 19.0895, "median_services": 5.4415, "median_commerce": 79.1365, "median_entertainment": 30.825, "PC1_pos": 1.1206797106279653, "nivvie": 21660.007308160781, "rel_education": 0.74169385107102936, "rel_sante": 0.39856934240824282, "rel_services": 0.42959052381386109, "rel_commerce": 0.47920379436449512, "rel_loisirs": 0.80088379290653222, "rel_pc1": 0.53458488477350452, "q_revenu": 1, "q_population": 3 }, "geometry": { "type": "Polygon", "coordinates": [ [ [ 4.820127010630645, 45.781704717552081 ], [ 4.819955979792282, 45.783501599894215 ], [ 4.82251954863837, 45.783626820369371 ], [ 4.822690495542151, 45.78182993325234 ], [ 4.820127010630645, 45.781704717552081 ] ] ] } },
{ "type": "Feature", "properties": { "idcar_200m": "CRS3035RES200mN2532800E3918200", "population": 981.0, "median_education": 17.083, "median_healthcare": 24.155, "median_services": 6.479, "median_commerce": 113.941, "median_entertainment": 35.34, "PC1_pos": 1.366163587671944, "nivvie": 30016.79867482161, "rel_education": 0.84043221397229984, "rel_sante": 0.50433182984735614, "rel_services": 0.51149811702471859, "rel_commerce": 0.68995924173655565, "rel_loisirs": 0.91819085941011691, "rel_pc1": 0.65168522029200293, "q_revenu": 4, "q_population": 5 }, "geometry": { "type": "Polygon", "coordinates": [ [ [ 4.822690495542151, 45.78182993325234 ], [ 4.82251954863837, 45.783626820369371 ], [ 4.82508312811684, 45.783751978963672 ], [ 4.825253991084649, 45.781955087074117 ], [ 4.822690495542151, 45.78182993325234 ] ] ] } },
{ "type": "Feature", "properties": { "idcar_200m": "CRS3035RES200mN2532800E3918400", "population": 234.0, "median_education": 15.598, "median_healthcare": 25.256, "median_services": 6.529, "median_commerce": 123.508, "median_entertainment": 34.254, "PC1_pos": 1.4096276249440947, "nivvie": 40177.403846153844, "rel_education": 0.76737468088391592, "rel_sante": 0.52731958992443906, "rel_services": 0.51544547091439852, "rel_commerce": 0.74789132997251662, "rel_loisirs": 0.889974807533507, "rel_pc1": 0.67241836744954742, "q_revenu": 5, "q_population": 2 }, "geometry": { "type": "Polygon", "coordinates": [ [ [ 4.825253991084649, 45.781955087074117 ], [ 4.82508312811684, 45.783751978963672 ], [ 4.827646718222534, 45.783877075676649 ], [ 4.827817497252972, 45.782080179016958 ], [ 4.825253991084649, 45.781955087074117 ] ] ] } },
{ "type": "Feature", "properties": { "idcar_200m": "CRS3035RES200mN2532800E3918600", "population": 132.0, "median_education": 16.8945, "median_healthcare": 29.8695, "median_services": 7.6805, "median_commerce": 151.2695, "median_entertainment": 38.2115, "PC1_pos": 1.6208684015223864, "nivvie": 29915.864393939395, "rel_education": 0.83115858098431317, "rel_sante": 0.62364477713208877, "rel_services": 0.60635303099372606, "rel_commerce": 0.91599853887422356, "rel_loisirs": 0.99279711444113405, "rel_pc1": 0.7731841126804434, "q_revenu": 4, "q_population": 2 }, "geometry": { "type": "Polygon", "coordinates": [ [ [ 4.827817497252972, 45.782080179016958 ], [ 4.827646718222534, 45.783877075676649 ], [ 4.830210318950297, 45.784002110507956 ], [ 4.830381014041971, 45.782205209080374 ], [ 4.827817497252972, 45.782080179016958 ] ] ] } },
{ "type": "Feature", "properties": { "idcar_200m": "CRS3035RES200mN2532800E3918800", "population": 257.0, "median_education": 16.775, "median_healthcare": 31.856, "median_services": 8.048, "median_commerce": 163.947, "median_entertainment": 40.369, "PC1_pos": 1.7505312202478049, "nivvie": 31081.008171206224, "rel_education": 0.82527954044285723, "rel_sante": 0.66512087649005902, "rel_services": 0.63536608208287315, "rel_commerce": 0.99276597366165897, "rel_loisirs": 1.0488524845367007, "rel_pc1": 0.83503566790213557, "q_revenu": 4, "q_population": 2 }, "geometry": { "type": "Polygon", "coordinates": [ [ [ 4.830381014041971, 45.782205209080374 ], [ 4.830210318950297, 45.784002110507956 ], [ 4.832773930294968, 45.78412708345715 ], [ 4.832944541446484, 45.782330177264051 ], [ 4.830381014041971, 45.782205209080374 ] ] ] } },
{ "type": "Feature", "properties": { "idcar_200m": "CRS3035RES200mN2532800E3919200", "population": 198.5, "median_education": 12.821, "median_healthcare": 26.4165, "median_services": 6.4075, "median_commerce": 129.68, "median_entertainment": 31.919, "PC1_pos": 1.3559804144368521, "nivvie": 30851.710831234253, "rel_education": 0.63075463415903865, "rel_sante": 0.55154964947889384, "rel_services": 0.50585340096247633, "rel_commerce": 0.78526530808397799, "rel_loisirs": 0.82930769783564007, "rel_pc1": 0.64682765890413785, "q_revenu": 4, "q_population": 2 }, "geometry": { "type": "Polygon", "coordinates": [ [ [ 4.835508079461354, 45.782455083567505 ], [ 4.835337552251389, 45.784251994523807 ], [ 4.837901184814401, 45.784376843707534 ], [ 4.838071628081423, 45.782579927990405 ], [ 4.835508079461354, 45.782455083567505 ] ] ] } },
{ "type": "Feature", "properties": { "idcar_200m": "CRS3035RES200mN2532800E3920200", "population": 258.5, "median_education": 5.934, "median_healthcare": 16.797, "median_services": 3.4, "median_commerce": 64.895, "median_entertainment": 19.109, "PC1_pos": 0.69668963088211378, "nivvie": 36859.094777562859, "rel_education": 0.29193495040166412, "rel_sante": 0.35070427430950279, "rel_services": 0.26842006449823169, "rel_commerce": 0.39296570148141385, "rel_loisirs": 0.4964829975231444, "rel_pc1": 0.332333799314807, "q_revenu": 5, "q_population": 2 }, "geometry": { "type": "Polygon", "coordinates": [ [ [ 4.848325928510524, 45.78307868686764 ], [ 4.848155821029193, 45.784875621604911 ], [ 4.850719506547778, 45.785000161367812 ], [ 4.85088953007921, 45.783203221881337 ], [ 4.848325928510524, 45.78307868686764 ] ] ] } },
{ "type": "Feature", "properties": { "idcar_200m": "CRS3035RES200mN2533000E3915600", "population": 213.5, "median_education": 7.952, "median_healthcare": 21.563, "median_services": 4.623, "median_commerce": 24.169, "median_entertainment": 21.922, "PC1_pos": 0.68047737930789665, "nivvie": 18060.562997658082, "rel_education": 0.39121448021470051, "rel_sante": 0.45021350639613078, "rel_services": 0.36497234063980155, "rel_commerce": 0.14635315569927254, "rel_loisirs": 0.56956932710776975, "rel_pc1": 0.32460025639658502, "q_revenu": 1, "q_population": 2 }, "geometry": { "type": "Polygon", "coordinates": [ [ [ 4.789193984842397, 45.781994127634881 ], [ 4.789021932148446, 45.783790950046921 ], [ 4.79158545692857, 45.783916917863515 ], [ 4.791757425697631, 45.782120090648242 ], [ 4.789193984842397, 45.781994127634881 ] ] ] } },
{ "type": "Feature", "properties": { "idcar_200m": "CRS3035RES200mN2533000E3915800", "population": 145.0, "median_education": 9.409, "median_healthcare": 23.8475, "median_services": 5.49, "median_commerce": 26.9435, "median_entertainment": 26.868, "PC1_pos": 0.84287326260976836, "nivvie": 18135.679310344829, "rel_education": 0.4628944975276808, "rel_sante": 0.49791154263236698, "rel_services": 0.43341945708685065, "rel_commerce": 0.1631538851662605, "rel_loisirs": 0.69807447681468637, "rel_pc1": 0.40206608694506235, "q_revenu": 1, "q_population": 2 }, "geometry": { "type": "Polygon", "coordinates": [ [ [ 4.791757425697631, 45.782120090648242 ], [ 4.79158545692857, 45.783916917863515 ], [ 4.794148992404362, 45.78404282380189 ], [ 4.794320877247126, 45.782245991785672 ], [ 4.791757425697631, 45.782120090648242 ] ] ] } },
{ "type": "Feature", "properties": { "idcar_200m": "CRS3035RES200mN2533000E3916000", "population": 353.0, "median_education": 9.8405, "median_healthcare": 23.5985, "median_services": 6.0815, "median_commerce": 27.969, "median_entertainment": 28.043, "PC1_pos": 0.85220176737077313, "nivvie": 23315.611331444758, "rel_education": 0.48412299956649407, "rel_sante": 0.49271267591193679, "rel_services": 0.48011665360176359, "rel_commerce": 0.16936370605953718, "rel_loisirs": 0.72860289390033683, "rel_pc1": 0.40651595571263061, "q_revenu": 2, "q_population": 3 }, "geometry": { "type": "Polygon", "coordinates": [ [ [ 4.794320877247126, 45.782245991785672 ], [ 4.794148992404362, 45.78404282380189 ], [ 4.796712538570668, 45.784168667861621 ], [ 4.796884339485731, 45.78237183104681 ], [ 4.794320877247126, 45.782245991785672 ] ] ] } },
{ "type": "Feature", "properties": { "idcar_200m": "CRS3035RES200mN2533000E3916200", "population": 440.5, "median_education": 10.212, "median_healthcare": 25.201, "median_services": 6.511, "median_commerce": 34.729, "median_entertainment": 26.666, "PC1_pos": 0.94192510604235302, "nivvie": 18393.934165720773, "rel_education": 0.5023996820865847, "rel_sante": 0.52617124586972552, "rel_services": 0.5140244235141137, "rel_commerce": 0.21029826406885002, "rel_loisirs": 0.69282618723911082, "rel_pc1": 0.44931564255479173, "q_revenu": 1, "q_population": 3 }, "geometry": { "type": "Polygon", "coordinates": [ [ [ 4.796884339485731, 45.78237183104681 ], [ 4.796712538570668, 45.784168667861621 ], [ 4.799276095422329, 45.784294450042267 ], [ 4.799447812408289, 45.782497608431207 ], [ 4.796884339485731, 45.78237183104681 ] ] ] } },
{ "type": "Feature", "properties": { "idcar_200m": "CRS3035RES200mN2533000E3916400", "population": 29.0, "median_education": 10.3615, "median_healthcare": 32.8895, "median_services": 8.401, "median_commerce": 53.518, "median_entertainment": 27.039, "PC1_pos": 1.1333360927643044, "nivvie": 31638.748275862068, "rel_education": 0.50975463238740182, "rel_sante": 0.6866993052272663, "rel_services": 0.66323440054401306, "rel_commerce": 0.3240733247843795, "rel_loisirs": 0.70251733581183218, "rel_pc1": 0.5406222124076534, "q_revenu": 4, "q_population": 1 }, "geometry": { "type": "Polygon", "coordinates": [ [ [ 4.799447812408289, 45.782497608431207 ], [ 4.799276095422329, 45.784294450042267 ], [ 4.801839662954191, 45.784420170343445 ], [ 4.802011296009646, 45.782623323938459 ], [ 4.799447812408289, 45.782497608431207 ] ] ] } },
{ "type": "Feature", "properties": { "idcar_200m": "CRS3035RES200mN2533000E3916600", "population": 25.0, "median_education": 8.584, "median_healthcare": 31.028, "median_services": 6.838, "median_commerce": 43.098, "median_entertainment": 20.901, "PC1_pos": 0.94741089794648348, "nivvie": 24427.296, "rel_education": 0.42230697914524512, "rel_sante": 0.64783307872091755, "rel_services": 0.5398401179526201, "rel_commerce": 0.26097597353333807, "rel_loisirs": 0.54304208128270659, "rel_pc1": 0.45193246643868068, "q_revenu": 2, "q_population": 1 }, "geometry": { "type": "Polygon", "coordinates": [ [ [ 4.802011296009646, 45.782623323938459 ], [ 4.801839662954191, 45.784420170343445 ], [ 4.804403241161092, 45.784545828764735 ], [ 4.804574790284637, 45.78274897756814 ], [ 4.802011296009646, 45.782623323938459 ] ] ] } },
{ "type": "Feature", "properties": { "idcar_200m": "CRS3035RES200mN2533000E3917000", "population": 417.0, "median_education": 10.354, "median_healthcare": 36.852, "median_services": 8.582, "median_commerce": 58.469, "median_entertainment": 20.5, "PC1_pos": 1.1450383322979878, "nivvie": 24547.667146282973, "rel_education": 0.50938565494756149, "rel_sante": 0.7694322746236707, "rel_services": 0.6775238216246543, "rel_commerce": 0.35405364974060849, "rel_loisirs": 0.53262344702624209, "rel_pc1": 0.54620439642810004, "q_revenu": 2, "q_population": 3 }, "geometry": { "type": "Polygon", "coordinates": [ [ [ 4.807138295228119, 45.782874569319844 ], [ 4.806966830037879, 45.78467142530571 ], [ 4.809530429579394, 45.784796959965966 ], [ 4.809701810834925, 45.783000099193153 ], [ 4.807138295228119, 45.782874569319844 ] ] ] } },
{ "type": "Feature", "properties": { "idcar_200m": "CRS3035RES200mN2533000E3917200", "population": 1043.0, "median_education": 9.492, "median_healthcare": 29.699, "median_services": 7.143, "median_commerce": 50.628, "median_entertainment": 18.056, "PC1_pos": 0.97033327279408588, "nivvie": 21299.234899328858, "rel_education": 0.46697784786191371, "rel_sante": 0.62008491056247694, "rel_services": 0.56391897667966739, "rel_commerce": 0.30657319569459929, "rel_loisirs": 0.46912433948808913, "rel_pc1": 0.46286686187783266, "q_revenu": 1, "q_population": 5 }, "geometry": { "type": "Polygon", "coordinates": [ [ [ 4.809701810834925, 45.783000099193153 ], [ 4.809530429579394, 45.784796959965966 ], [ 4.812094039780479, 45.784922432745056 ], [ 4.812265337099902, 45.783125567187675 ], [ 4.809701810834925, 45.783000099193153 ] ] ] } },
{ "type": "Feature", "properties": { "idcar_200m": "CRS3035RES200mN2533000E3917400", "population": 18.0, "median_education": 8.566, "median_healthcare": 22.506, "median_services": 5.755, "median_commerce": 45.645, "median_entertainment": 16.302, "PC1_pos": 0.77001022389920237, "nivvie": 27215.4, "rel_education": 0.42142143328962839, "rel_sante": 0.46990238718876409, "rel_services": 0.45434043270215396, "rel_commerce": 0.27639909768270493, "rel_loisirs": 0.42355255772789258, "rel_pc1": 0.36730907405017454, "q_revenu": 3, "q_population": 1 }, "geometry": { "type": "Polygon", "coordinates": [ [ [ 4.812265337099902, 45.783125567187675 ], [ 4.812094039780479, 45.784922432745056 ], [ 4.814657660635977, 45.78504784364263 ], [ 4.814828874017892, 45.783250973302962 ], [ 4.812265337099902, 45.783125567187675 ] ] ] } },
{ "type": "Feature", "properties": { "idcar_200m": "CRS3035RES200mN2533000E3917600", "population": 20.0, "median_education": 7.224, "median_healthcare": 14.877, "median_services": 4.383, "median_commerce": 39.393, "median_entertainment": 13.65, "PC1_pos": 0.63136110754242125, "nivvie": 27215.4, "rel_education": 0.35539907005419979, "rel_sante": 0.31061662730859518, "rel_services": 0.34602504196933814, "rel_commerce": 0.23854068693208008, "rel_loisirs": 0.35464927082479047, "rel_pc1": 0.30117088917128032, "q_revenu": 3, "q_population": 1 }, "geometry": { "type": "Polygon", "coordinates": [ [ [ 4.814828874017892, 45.783250973302962 ], [ 4.814657660635977, 45.78504784364263 ], [ 4.817221292140731, 45.785173192658213 ], [ 4.817392421583739, 45.783376317538618 ], [ 4.814828874017892, 45.783250973302962 ] ] ] } },
{ "type": "Feature", "properties": { "idcar_200m": "CRS3035RES200mN2533000E3917800", "population": 224.5, "median_education": 10.763, "median_healthcare": 14.732, "median_services": 3.966, "median_commerce": 58.287, "median_entertainment": 22.352, "PC1_pos": 0.80508007489743449, "nivvie": 39156.591091314025, "rel_education": 0.52950722466685385, "rel_sante": 0.30758917480071413, "rel_services": 0.31310411052940795, "rel_commerce": 0.35295156548651158, "rel_loisirs": 0.5807414286795396, "rel_pc1": 0.3840380395852146, "q_revenu": 5, "q_population": 2 }, "geometry": { "type": "Polygon", "coordinates": [ [ [ 4.817392421583739, 45.783376317538618 ], [ 4.817221292140731, 45.785173192658213 ], [ 4.819784934289578, 45.785298479791436 ], [ 4.819955979792282, 45.783501599894215 ], [ 4.817392421583739, 45.783376317538618 ] ] ] } },
{ "type": "Feature", "properties": { "idcar_200m": "CRS3035RES200mN2533000E3918000", "population": 188.0, "median_education": 11.7625, "median_healthcare": 16.188, "median_services": 4.336, "median_commerce": 64.5305, "median_entertainment": 24.5075, "PC1_pos": 0.90021301655180586, "nivvie": 28217.231382978724, "rel_education": 0.57867961814957425, "rel_sante": 0.33798897377640241, "rel_services": 0.34231452931303907, "rel_commerce": 0.39075850526922534, "rel_loisirs": 0.6367448355119818, "rel_pc1": 0.42941820679103426, "q_revenu": 3, "q_population": 2 }, "geometry": { "type": "Polygon", "coordinates": [ [ [ 4.819955979792282, 45.783501599894215 ], [ 4.819784934289578, 45.785298479791436 ], [ 4.822348587077365, 45.785423705041872 ], [ 4.82251954863837, 45.783626820369371 ], [ 4.819955979792282, 45.783501599894215 ] ] ] } },
{ "type": "Feature", "properties": { "idcar_200m": "CRS3035RES200mN2533000E3918200", "population": 195.5, "median_education": 13.5355, "median_healthcare": 19.857, "median_services": 5.2, "median_commerce": 89.0985, "median_entertainment": 28.212, "PC1_pos": 1.0895271755049472, "nivvie": 30771.434782608696, "rel_education": 0.66590588492782676, "rel_sante": 0.41459396171719931, "rel_services": 0.41052480452670725, "rel_commerce": 0.53952776875632569, "rel_loisirs": 0.73299378963435813, "rel_pc1": 0.51972455113740301, "q_revenu": 4, "q_population": 2 }, "geometry": { "type": "Polygon", "coordinates": [ [ [ 4.82251954863837, 45.783626820369371 ], [ 4.822348587077365, 45.785423705041872 ], [ 4.824912250498932, 45.785548868409094 ], [ 4.82508312811684, 45.783751978963672 ], [ 4.82251954863837, 45.783626820369371 ] ] ] } },
{ "type": "Feature", "properties": { "idcar_200m": "CRS3035RES200mN2533000E3918400", "population": 295.0, "median_education": 12.299, "median_healthcare": 19.971, "median_services": 5.09, "median_commerce": 96.184, "median_entertainment": 27.005, "PC1_pos": 1.0822954292238283, "nivvie": 36906.193220338981, "rel_education": 0.6050738043461521, "rel_sante": 0.41697416575787821, "rel_services": 0.40184062596941156, "rel_commerce": 0.58243336206623486, "rel_loisirs": 0.70163396033871539, "rel_pc1": 0.51627487482423329, "q_revenu": 5, "q_population": 3 }, "geometry": { "type": "Polygon", "coordinates": [ [ [ 4.82508312811684, 45.783751978963672 ], [ 4.824912250498932, 45.785548868409094 ], [ 4.827475924549116, 45.785673969892684 ], [ 4.827646718222534, 45.783877075676649 ], [ 4.82508312811684, 45.783751978963672 ] ] ] } },
{ "type": "Feature", "properties": { "idcar_200m": "CRS3035RES200mN2533000E3920200", "population": 331.5, "median_education": 2.9615, "median_healthcare": 7.6095, "median_services": 1.7615, "median_commerce": 32.77, "median_entertainment": 10.2345, "PC1_pos": 0.29096474391261573, "nivvie": 22407.273001508296, "rel_education": 0.14569689174494915, "rel_sante": 0.15887861971531594, "rel_services": 0.1390652775334221, "rel_commerce": 0.19843571981733463, "rel_loisirs": 0.26590900822390606, "rel_pc1": 0.13879554757935175, "q_revenu": 2, "q_population": 3 }, "geometry": { "type": "Polygon", "coordinates": [ [ [ 4.848155821029193, 45.784875621604911 ], [ 4.847985698961878, 45.786672553901909 ], [ 4.850549468437489, 45.786797098414411 ], [ 4.850719506547778, 45.785000161367812 ], [ 4.848155821029193, 45.784875621604911 ] ] ] } },
{ "type": "Feature", "properties": { "idcar_200m": "CRS3035RES200mN2533200E3915800", "population": 139.5, "median_education": 8.895, "median_healthcare": 29.272, "median_services": 6.164, "median_commerce": 27.629, "median_entertainment": 28.408, "PC1_pos": 0.92981459957663604, "nivvie": 22504.441577060934, "rel_education": 0.43760724365062387, "rel_sante": 0.61116958490133744, "rel_services": 0.48662978751973535, "rel_commerce": 0.16730486734309244, "rel_loisirs": 0.73808618942056026, "rel_pc1": 0.44353870768024461, "q_revenu": 2, "q_population": 2 }, "geometry": { "type": "Polygon", "coordinates": [ [ [ 4.79158545692857, 45.783916917863515 ], [ 4.791413473415056, 45.785713742629611 ], [ 4.793977092824268, 45.785839653369322 ], [ 4.794148992404362, 45.78404282380189 ], [ 4.79158545692857, 45.783916917863515 ] ] ] } },
{ "type": "Feature", "properties": { "idcar_200m": "CRS3035RES200mN2533200E3916000", "population": 511.0, "median_education": 9.966, "median_healthcare": 31.024, "median_services": 7.768, "median_commerce": 32.62, "median_entertainment": 31.61, "PC1_pos": 1.077659403990495, "nivvie": 22741.667318982389, "rel_education": 0.49029722205982207, "rel_sante": 0.64774956278966578, "rel_services": 0.61326090030066582, "rel_commerce": 0.19752740861890314, "rel_loisirs": 0.82127937368290294, "rel_pc1": 0.51406340531009376, "q_revenu": 2, "q_population": 4 }, "geometry": { "type": "Polygon", "coordinates": [ [ [ 4.794148992404362, 45.78404282380189 ], [ 4.793977092824268, 45.785839653369322 ], [ 4.796540722925391, 45.785965502228066 ], [ 4.796712538570668, 45.784168667861621 ], [ 4.794148992404362, 45.78404282380189 ] ] ] } },
{ "type": "Feature", "properties": { "idcar_200m": "CRS3035RES200mN2533200E3916200", "population": 24.5, "median_education": 10.3615, "median_healthcare": 36.1525, "median_services": 9.205, "median_commerce": 37.888, "median_entertainment": 34.3095, "PC1_pos": 1.2201642922110678, "nivvie": 31638.746938775512, "rel_education": 0.50975463238740182, "rel_sante": 0.75482742614599641, "rel_services": 0.72670785109006553, "rel_commerce": 0.22942729790781738, "rel_loisirs": 0.8914167880852123, "rel_pc1": 0.58204086445974546, "q_revenu": 4, "q_population": 1 }, "geometry": { "type": "Polygon", "coordinates": [ [ [ 4.796712538570668, 45.784168667861621 ], [ 4.796540722925391, 45.785965502228066 ], [ 4.799104363713278, 45.786091289205423 ], [ 4.799276095422329, 45.784294450042267 ], [ 4.796712538570668, 45.784168667861621 ] ] ] } },
{ "type": "Feature", "properties": { "idcar_200m": "CRS3035RES200mN2533200E3916600", "population": 398.0, "median_education": 8.638, "median_healthcare": 27.791, "median_services": 6.367, "median_commerce": 36.341, "median_entertainment": 23.976, "PC1_pos": 0.88421874272198653, "nivvie": 25400.010804020101, "rel_education": 0.42496361671209548, "rel_sante": 0.58024781135532488, "rel_services": 0.50265604431183564, "rel_commerce": 0.22005958174799387, "rel_loisirs": 0.62293559833664292, "rel_pc1": 0.42178864327590759, "q_revenu": 2, "q_population": 3 }, "geometry": { "type": "Polygon", "coordinates": [ [ [ 4.801839662954191, 45.784420170343445 ], [ 4.801668015182767, 45.786217014300959 ], [ 4.804231677328697, 45.786342677514234 ], [ 4.804403241161092, 45.784545828764735 ], [ 4.801839662954191, 45.784420170343445 ] ] ] } },
{ "type": "Feature", "properties": { "idcar_200m": "CRS3035RES200mN2533200E3916800", "population": 403.0, "median_education": 8.2045, "median_healthcare": 34.139, "median_services": 6.451, "median_commerce": 40.1965, "median_entertainment": 18.1635, "PC1_pos": 0.88978076905488002, "nivvie": 20122.152109181141, "rel_education": 0.40363672068932471, "rel_sante": 0.71278759425207572, "rel_services": 0.50928759884649788, "rel_commerce": 0.24340620725167814, "rel_loisirs": 0.47191736488103159, "rel_pc1": 0.42444183238790723, "q_revenu": 1, "q_population": 3 }, "geometry": { "type": "Polygon", "coordinates": [ [ [ 4.804403241161092, 45.784545828764735 ], [ 4.804231677328697, 45.786342677514234 ], [ 4.806795350145915, 45.7864682788449 ], [ 4.806966830037879, 45.78467142530571 ], [ 4.804403241161092, 45.784545828764735 ] ] ] } },
{ "type": "Feature", "properties": { "idcar_200m": "CRS3035RES200mN2533200E3917000", "population": 66.0, "median_education": 8.988, "median_healthcare": 39.609, "median_services": 7.209, "median_commerce": 47.326, "median_entertainment": 18.975, "PC1_pos": 1.0183269820342082, "nivvie": 16587.104545454546, "rel_education": 0.44218256390464389, "rel_sante": 0.82699563023903655, "rel_services": 0.56912948381404482, "rel_commerce": 0.28657823851312725, "rel_loisirs": 0.49300145889380215, "rel_pc1": 0.48576074608102515, "q_revenu": 1, "q_population": 1 }, "geometry": { "type": "Polygon", "coordinates": [ [ [ 4.806966830037879, 45.78467142530571 ], [ 4.806795350145915, 45.7864682788449 ], [ 4.809359033629261, 45.786593818292523 ], [ 4.809530429579394, 45.784796959965966 ], [ 4.806966830037879, 45.78467142530571 ] ] ] } },
{ "type": "Feature", "properties": { "idcar_200m": "CRS3035RES200mN2533200E3917200", "population": 694.0, "median_education": 7.723, "median_healthcare": 24.3105, "median_services": 5.773, "median_commerce": 37.628, "median_entertainment": 14.8125, "PC1_pos": 0.76190828468334404, "nivvie": 22660.738904899135, "rel_education": 0.37994836905157603, "rel_sante": 0.5075785116747733, "rel_services": 0.45576148010243872, "rel_commerce": 0.22785289183053611, "rel_loisirs": 0.38485291751591272, "rel_pc1": 0.36344429966274089, "q_revenu": 2, "q_population": 4 }, "geometry": { "type": "Polygon", "coordinates": [ [ [ 4.809530429579394, 45.784796959965966 ], [ 4.809359033629261, 45.786593818292523 ], [ 4.811922727773577, 45.786719295856635 ], [ 4.812094039780479, 45.784922432745056 ], [ 4.809530429579394, 45.784796959965966 ] ] ] } },
{ "type": "Feature", "properties": { "idcar_200m": "CRS3035RES200mN2533200E3917400", "population": 20.0, "median_education": 7.521, "median_healthcare": 21.026, "median_services": 5.284, "median_commerce": 36.45, "median_entertainment": 14.272, "PC1_pos": 0.69516250999072238, "nivvie": 27215.4, "rel_education": 0.37001057667187659, "rel_sante": 0.43900149262556443, "rel_services": 0.4171563590613695, "rel_commerce": 0.22071962121885411, "rel_loisirs": 0.37080984565651348, "rel_pc1": 0.33160533449295149, "q_revenu": 3, "q_population": 1 }, "geometry": { "type": "Polygon", "coordinates": [ [ [ 4.812094039780479, 45.784922432745056 ], [ 4.811922727773577, 45.786719295856635 ], [ 4.814486432573707, 45.786844711536908 ], [ 4.814657660635977, 45.78504784364263 ], [ 4.812094039780479, 45.784922432745056 ] ] ] } },
{ "type": "Feature", "properties": { "idcar_200m": "CRS3035RES200mN2533200E3917800", "population": 172.5, "median_education": 6.7385, "median_healthcare": 11.5195, "median_services": 3.0375, "median_commerce": 35.892, "median_entertainment": 13.651, "PC1_pos": 0.51708647576275291, "nivvie": 31109.996521739133, "rel_education": 0.33151393044853616, "rel_sante": 0.24051544251403928, "rel_services": 0.23980174879805258, "rel_commerce": 0.21734070356068888, "rel_loisirs": 0.35467525245635267, "rel_pc1": 0.24665978284613987, "q_revenu": 4, "q_population": 2 }, "geometry": { "type": "Polygon", "coordinates": [ [ [ 4.817221292140731, 45.785173192658213 ], [ 4.817050148024485, 45.786970065332895 ], [ 4.819613874120761, 45.787095357244134 ], [ 4.819784934289578, 45.785298479791436 ], [ 4.817221292140731, 45.785173192658213 ] ] ] } },
{ "type": "Feature", "properties": { "idcar_200m": "CRS3035RES200mN2533200E3918000", "population": 42.5, "median_education": 9.5555, "median_healthcare": 13.56, "median_services": 3.4945, "median_commerce": 53.3595, "median_entertainment": 20.107, "PC1_pos": 0.69423284800859197, "nivvie": 36671.369411764703, "rel_education": 0.47010185685256167, "rel_sante": 0.28311900694391012, "rel_services": 0.27588056334972672, "rel_commerce": 0.32311354261803688, "rel_loisirs": 0.52241266582227552, "rel_pc1": 0.33116186858660701, "q_revenu": 5, "q_population": 1 }, "geometry": { "type": "Polygon", "coordinates": [ [ [ 4.819784934289578, 45.785298479791436 ], [ 4.819613874120761, 45.787095357244134 ], [ 4.822177610857371, 45.787220587270255 ], [ 4.822348587077365, 45.785423705041872 ], [ 4.819784934289578, 45.785298479791436 ] ] ] } },
{ "type": "Feature", "properties": { "idcar_200m": "CRS3035RES200mN2533200E3918200", "population": 15.0, "median_education": 9.008, "median_healthcare": 13.814, "median_services": 3.404, "median_commerce": 58.043, "median_entertainment": 19.123, "PC1_pos": 0.70398515099796866, "nivvie": 36671.366666666669, "rel_education": 0.44316650374421807, "rel_sante": 0.28842226857840519, "rel_services": 0.26873585280940609, "rel_commerce": 0.35147404593706305, "rel_loisirs": 0.49684674036501597, "rel_pc1": 0.3358138969229913, "q_revenu": 5, "q_population": 1 }, "geometry": { "type": "Polygon", "coordinates": [ [ [ 4.822348587077365, 45.785423705041872 ], [ 4.822177610857371, 45.787220587270255 ], [ 4.824741358229158, 45.787345755410868 ], [ 4.824912250498932, 45.785548868409094 ], [ 4.822348587077365, 45.785423705041872 ] ] ] } },
{ "type": "Feature", "properties": { "idcar_200m": "CRS3035RES200mN2533400E3915400", "population": 188.5, "median_education": 4.939, "median_healthcare": 40.7825, "median_services": 3.818, "median_commerce": 16.4215, "median_entertainment": 17.3735, "PC1_pos": 0.71673035809251839, "nivvie": 15518.822811671089, "rel_education": 0.24298394338284784, "rel_sante": 0.85149711657006, "rel_services": 0.30141994301595548, "rel_commerce": 0.099438882300285678, "rel_loisirs": 0.4513918759468496, "rel_pc1": 0.34189359569993844, "q_revenu": 1, "q_population": 2 }, "geometry": { "type": "Polygon", "coordinates": [ [ [ 4.786286266693014, 45.785461735508896 ], [ 4.786114100556404, 45.787258548215625 ], [ 4.788677782504037, 45.787384587522489 ], [ 4.788849864702918, 45.785587770009322 ], [ 4.786286266693014, 45.785461735508896 ] ] ] } },
{ "type": "Feature", "properties": { "idcar_200m": "CRS3035RES200mN2533400E3915600", "population": 408.0, "median_education": 7.033, "median_healthcare": 38.2825, "median_services": 5.3835, "median_commerce": 22.8125, "median_entertainment": 24.058, "PC1_pos": 0.86929654740300588, "nivvie": 18206.289705882355, "rel_education": 0.34600244458626617, "rel_sante": 0.79929965953762816, "rel_services": 0.42501159330183247, "rel_commerce": 0.13813899476145702, "rel_loisirs": 0.62506609212474784, "rel_pc1": 0.41467048097715853, "q_revenu": 1, "q_population": 3 }, "geometry": { "type": "Polygon", "coordinates": [ [ [ 4.788849864702918, 45.785587770009322 ], [ 4.788677782504037, 45.787384587522489 ], [ 4.791241475155309, 45.787510564946899 ], [ 4.791413473415056, 45.785713742629611 ], [ 4.788849864702918, 45.785587770009322 ] ] ] } },
{ "type": "Feature", "properties": { "idcar_200m": "CRS3035RES200mN2533400E3915800", "population": 229.0, "median_education": 8.7555, "median_healthcare": 36.4675, "median_services": 7.0905, "median_commerce": 29.2435, "median_entertainment": 29.258, "PC1_pos": 1.0319474805390323, "nivvie": 16150.915283842794, "rel_education": 0.43074426326959386, "rel_sante": 0.76140430573208273, "rel_services": 0.5597742550955036, "rel_commerce": 0.17708132354221012, "rel_loisirs": 0.7601705762484775, "rel_pc1": 0.49225797499907081, "q_revenu": 1, "q_population": 2 }, "geometry": { "type": "Polygon", "coordinates": [ [ [ 4.791413473415056, 45.785713742629611 ], [ 4.791241475155309, 45.787510564946899 ], [ 4.793805178505059, 45.787636480488395 ], [ 4.793977092824268, 45.785839653369322 ], [ 4.791413473415056, 45.785713742629611 ] ] ] } },
{ "type": "Feature", "properties": { "idcar_200m": "CRS3035RES200mN2533400E3916000", "population": 754.5, "median_education": 10.085, "median_healthcare": 38.457, "median_services": 9.175, "median_commerce": 35.987, "median_entertainment": 33.746, "PC1_pos": 1.2053946399437732, "nivvie": 18182.904307488403, "rel_education": 0.49615166410528866, "rel_sante": 0.80294304203849198, "rel_services": 0.72433943875625773, "rel_commerce": 0.21791596731969554, "rel_loisirs": 0.87677613869988125, "rel_pc1": 0.57499546800920021, "q_revenu": 1, "q_population": 4 }, "geometry": { "type": "Polygon", "coordinates": [ [ [ 4.793977092824268, 45.785839653369322 ], [ 4.793805178505059, 45.787636480488395 ], [ 4.796368892548128, 45.787762334146585 ], [ 4.796540722925391, 45.785965502228066 ], [ 4.793977092824268, 45.785839653369322 ] ] ] } },
{ "type": "Feature", "properties": { "idcar_200m": "CRS3035RES200mN2533400E3916400", "population": 781.5, "median_education": 9.463, "median_healthcare": 31.832, "median_services": 7.215, "median_commerce": 33.716, "median_entertainment": 29.277, "PC1_pos": 1.0296555870006463, "nivvie": 15296.709660908509, "rel_education": 0.46555113509453111, "rel_sante": 0.6646197809025477, "rel_services": 0.56960316628080643, "rel_commerce": 0.20416413577544265, "rel_loisirs": 0.76066422724816041, "rel_pc1": 0.49116469952391772, "q_revenu": 1, "q_population": 4 }, "geometry": { "type": "Polygon", "coordinates": [ [ [ 4.799104363713278, 45.786091289205423 ], [ 4.798932617279362, 45.787888125921022 ], [ 4.8014963526936, 45.788013855811343 ], [ 4.801668015182767, 45.786217014300959 ], [ 4.799104363713278, 45.786091289205423 ] ] ] } },
{ "type": "Feature", "properties": { "idcar_200m": "CRS3035RES200mN2533400E3916600", "population": 322.0, "median_education": 8.133, "median_healthcare": 28.511, "median_services": 5.613, "median_commerce": 30.851, "median_entertainment": 22.779, "PC1_pos": 0.84606878281504816, "nivvie": 24805.156832298137, "rel_education": 0.40011913576284697, "rel_sante": 0.59528067898066528, "rel_services": 0.44312994765546315, "rel_commerce": 0.18681539188540103, "rel_loisirs": 0.59183558535662284, "rel_pc1": 0.40359040900115961, "q_revenu": 2, "q_population": 3 }, "geometry": { "type": "Polygon", "coordinates": [ [ [ 4.801668015182767, 45.786217014300959 ], [ 4.8014963526936, 45.788013855811343 ], [ 4.804060098785683, 45.788139523817108 ], [ 4.804231677328697, 45.786342677514234 ], [ 4.801668015182767, 45.786217014300959 ] ] ] } },
{ "type": "Feature", "properties": { "idcar_200m": "CRS3035RES200mN2533400E3916800", "population": 433.0, "median_education": 7.4805, "median_healthcare": 28.326, "median_services": 5.1265, "median_commerce": 30.6865, "median_entertainment": 19.1765, "PC1_pos": 0.77342238702244925, "nivvie": 20367.58729792148, "rel_education": 0.36801809849673883, "rel_sante": 0.59141806716026535, "rel_services": 0.4047221943088779, "rel_commerce": 0.18581927727112116, "rel_loisirs": 0.49823675765359654, "rel_pc1": 0.36893673877254846, "q_revenu": 1, "q_population": 3 }, "geometry": { "type": "Polygon", "coordinates": [ [ [ 4.804231677328697, 45.786342677514234 ], [ 4.804060098785683, 45.788139523817108 ], [ 4.806623855550454, 45.788265129937869 ], [ 4.806795350145915, 45.7864682788449 ], [ 4.804231677328697, 45.786342677514234 ] ] ] } },
{ "type": "Feature", "properties": { "idcar_200m": "CRS3035RES200mN2533400E3917000", "population": 648.0, "median_education": 7.868, "median_healthcare": 32.268, "median_services": 5.209, "median_commerce": 35.045, "median_entertainment": 17.291, "PC1_pos": 0.81511983456082548, "nivvie": 17103.55385802469, "rel_education": 0.38708193288848891, "rel_sante": 0.67372301740900375, "rel_services": 0.41123532822684966, "rel_commerce": 0.21221177299354574, "rel_loisirs": 0.44924839134296352, "rel_pc1": 0.38882719005515587, "q_revenu": 1, "q_population": 4 }, "geometry": { "type": "Polygon", "coordinates": [ [ [ 4.806795350145915, 45.7864682788449 ], [ 4.806623855550454, 45.788265129937869 ], [ 4.809187622982753, 45.788390674173236 ], [ 4.809359033629261, 45.786593818292523 ], [ 4.806795350145915, 45.7864682788449 ] ] ] } },
{ "type": "Feature", "properties": { "idcar_200m": "CRS3035RES200mN2533400E3917200", "population": 6.0, "median_education": 7.286, "median_healthcare": 23.492, "median_services": 4.939, "median_commerce": 33.296, "median_entertainment": 14.273, "PC1_pos": 0.69439401842217596, "nivvie": 27215.4, "rel_education": 0.35844928355687977, "rel_sante": 0.49048906424235522, "rel_services": 0.38991961722257834, "rel_commerce": 0.20162086441983446, "rel_loisirs": 0.37083582728807574, "rel_pc1": 0.33123874984550516, "q_revenu": 3, "q_population": 1 }, "geometry": { "type": "Polygon", "coordinates": [ [ [ 4.809359033629261, 45.786593818292523 ], [ 4.809187622982753, 45.788390674173236 ], [ 4.811751401077423, 45.78851615652286 ], [ 4.811922727773577, 45.786719295856635 ], [ 4.809359033629261, 45.786593818292523 ] ] ] } },
{ "type": "Feature", "properties": { "idcar_200m": "CRS3035RES200mN2533400E3917800", "population": 124.5, "median_education": 5.079, "median_healthcare": 11.434, "median_services": 2.6005, "median_commerce": 29.2595, "median_entertainment": 10.731, "PC1_pos": 0.40894762028463139, "nivvie": 33283.630522088351, "rel_education": 0.24987152225986722, "rel_sante": 0.23873028948353012, "rel_services": 0.20530187580225048, "rel_commerce": 0.17717821007004284, "rel_loisirs": 0.27880888829456607, "rel_pc1": 0.19507555494670092, "q_revenu": 5, "q_population": 2 }, "geometry": { "type": "Polygon", "coordinates": [ [ [ 4.817050148024485, 45.786970065332895 ], [ 4.816878989233237, 45.788766935562997 ], [ 4.819442799284065, 45.788892232252678 ], [ 4.819613874120761, 45.787095357244134 ], [ 4.817050148024485, 45.786970065332895 ] ] ] } },
{ "type": "Feature", "properties": { "idcar_200m": "CRS3035RES200mN2533400E3918000", "population": 292.0, "median_education": 6.218, "median_healthcare": 11.918, "median_services": 2.541, "median_commerce": 35.626, "median_entertainment": 13.746, "PC1_pos": 0.47482033052901862, "nivvie": 36648.06952054795, "rel_education": 0.30590689612361771, "rel_sante": 0.24883571716500888, "rel_services": 0.2006045246735314, "rel_commerce": 0.21572996503547037, "rel_loisirs": 0.35714350745476703, "rel_pc1": 0.22649805227734499, "q_revenu": 5, "q_population": 3 }, "geometry": { "type": "Polygon", "coordinates": [ [ [ 4.819613874120761, 45.787095357244134 ], [ 4.819442799284065, 45.788892232252678 ], [ 4.822006619976621, 45.78901746705494 ], [ 4.822177610857371, 45.787220587270255 ], [ 4.819613874120761, 45.787095357244134 ] ] ] } },
{ "type": "Feature", "properties": { "idcar_200m": "CRS3035RES200mN2533400E3918200", "population": 202.0, "median_education": 6.012, "median_healthcare": 10.637, "median_services": 2.404, "median_commerce": 37.909, "median_entertainment": 13.369, "PC1_pos": 0.43990830442088624, "nivvie": 34315.166336633658, "rel_education": 0.29577231577600344, "rel_sante": 0.22208974018159086, "rel_services": 0.18978877501580854, "rel_commerce": 0.2295544614755978, "rel_loisirs": 0.3473484323557966, "rel_pc1": 0.20984437212481721, "q_revenu": 5, "q_population": 2 }, "geometry": { "type": "Polygon", "coordinates": [ [ [ 4.822177610857371, 45.787220587270255 ], [ 4.822006619976621, 45.78901746705494 ], [ 4.824570451305752, 45.789142639969327 ], [ 4.824741358229158, 45.787345755410868 ], [ 4.822177610857371, 45.787220587270255 ] ] ] } },
{ "type": "Feature", "properties": { "idcar_200m": "CRS3035RES200mN2533600E3915200", "population": 2.0, "median_education": 2.899, "median_healthcare": 39.923, "median_services": 2.201, "median_commerce": 9.611, "median_entertainment": 11.146, "PC1_pos": 0.50776495441239033, "nivvie": 34478.85, "rel_education": 0.14262207974627977, "rel_sante": 0.83355163084230999, "rel_services": 0.17376251822370825, "rel_commerce": 0.058198526187500869, "rel_loisirs": 0.28959126539290214, "rel_pc1": 0.24221324529420626, "q_revenu": 5, "q_population": 1 }, "geometry": { "type": "Polygon", "coordinates": [ [ [ 4.783550429317561, 45.787132447026679 ], [ 4.783378164475252, 45.788929252474965 ], [ 4.785941919657539, 45.789055358473107 ], [ 4.786114100556404, 45.787258548215625 ], [ 4.783550429317561, 45.787132447026679 ] ] ] } },
{ "type": "Feature", "properties": { "idcar_200m": "CRS3035RES200mN2533600E3915400", "population": 125.0, "median_education": 3.986, "median_healthcare": 45.369, "median_services": 2.969, "median_commerce": 12.906, "median_entertainment": 15.286, "PC1_pos": 0.6667453100580607, "nivvie": 15271.8248, "rel_education": 0.19609921002713737, "rel_sante": 0.94725857124175938, "rel_services": 0.23439387396919115, "rel_commerce": 0.078151095513046123, "rel_loisirs": 0.3971552200606408, "rel_pc1": 0.31804980617605599, "q_revenu": 1, "q_population": 2 }, "geometry": { "type": "Polygon", "coordinates": [ [ [ 4.786114100556404, 45.787258548215625 ], [ 4.785941919657539, 45.789055358473107 ], [ 4.788505685550025, 45.789181402586856 ], [ 4.788677782504037, 45.787384587522489 ], [ 4.786114100556404, 45.787258548215625 ] ] ] } },
{ "type": "Feature", "properties": { "idcar_200m": "CRS3035RES200mN2533600E3915600", "population": 793.0, "median_education": 5.618, "median_healthcare": 39.602, "median_services": 3.9705, "median_commerce": 17.129, "median_entertainment": 20.6945, "PC1_pos": 0.75415471098840436, "nivvie": 15508.865952080705, "rel_education": 0.27638870093639184, "rel_sante": 0.82684947735934577, "rel_services": 0.31345937237947913, "rel_commerce": 0.10372308345288757, "rel_loisirs": 0.5376768743651007, "rel_pc1": 0.35974570205185913, "q_revenu": 1, "q_population": 4 }, "geometry": { "type": "Polygon", "coordinates": [ [ [ 4.788677782504037, 45.787384587522489 ], [ 4.788505685550025, 45.789181402586856 ], [ 4.791069462147553, 45.789307384815778 ], [ 4.791241475155309, 45.787510564946899 ], [ 4.788677782504037, 45.787384587522489 ] ] ] } },
{ "type": "Feature", "properties": { "idcar_200m": "CRS3035RES200mN2533600E3915800", "population": 419.0, "median_education": 7.425, "median_healthcare": 34.4135, "median_services": 5.2155, "median_commerce": 21.4165, "median_entertainment": 24.6815, "PC1_pos": 0.84941486377728515, "nivvie": 16002.042482100238, "rel_education": 0.36528766544192043, "rel_sante": 0.71851887503423673, "rel_services": 0.41174848423250815, "rel_commerce": 0.12968564520805456, "rel_loisirs": 0.64126563940381431, "rel_pc1": 0.4051865513143259, "q_revenu": 1, "q_population": 3 }, "geometry": { "type": "Polygon", "coordinates": [ [ [ 4.791241475155309, 45.787510564946899 ], [ 4.791069462147553, 45.789307384815778 ], [ 4.793633249444965, 45.789433305159484 ], [ 4.793805178505059, 45.787636480488395 ], [ 4.791241475155309, 45.787510564946899 ] ] ] } },
{ "type": "Feature", "properties": { "idcar_200m": "CRS3035RES200mN2533600E3916000", "population": 780.0, "median_education": 7.801, "median_healthcare": 33.663, "median_services": 5.943, "median_commerce": 23.94, "median_entertainment": 26.231, "PC1_pos": 0.90510785309445119, "nivvie": 17365.643717948718, "rel_education": 0.38378573442591535, "rel_sante": 0.70284919843310067, "rel_services": 0.4691824833273503, "rel_commerce": 0.14496646726966714, "rel_loisirs": 0.68152417750952954, "rel_pc1": 0.43175313407161198, "q_revenu": 1, "q_population": 4 }, "geometry": { "type": "Polygon", "coordinates": [ [ [ 4.793805178505059, 45.787636480488395 ], [ 4.793633249444965, 45.789433305159484 ], [ 4.796197047437098, 45.789559163617518 ], [ 4.796368892548128, 45.787762334146585 ], [ 4.793805178505059, 45.787636480488395 ] ] ] } },
{ "type": "Feature", "properties": { "idcar_200m": "CRS3035RES200mN2533600E3916400", "population": 126.5, "median_education": 8.222, "median_healthcare": 32.4725, "median_services": 5.974, "median_commerce": 27.057, "median_entertainment": 25.708, "PC1_pos": 0.89530768736678512, "nivvie": 16292.214229249013, "rel_education": 0.40449766804895226, "rel_sante": 0.67799276939425668, "rel_services": 0.47162984273895187, "rel_commerce": 0.16384117397307368, "rel_loisirs": 0.6679357842024698, "rel_pc1": 0.4270782743265828, "q_revenu": 1, "q_population": 2 }, "geometry": { "type": "Polygon", "coordinates": [ [ [ 4.798932617279362, 45.787888125921022 ], [ 4.798760856118803, 45.789684960189518 ], [ 4.801324675484913, 45.789810694875044 ], [ 4.8014963526936, 45.788013855811343 ], [ 4.798932617279362, 45.787888125921022 ] ] ] } },
{ "type": "Feature", "properties": { "idcar_200m": "CRS3035RES200mN2533600E3916600", "population": 974.0, "median_education": 7.286, "median_healthcare": 27.007, "median_services": 5.05, "median_commerce": 25.993, "median_entertainment": 21.411, "PC1_pos": 0.76451248227282642, "nivvie": 18102.755646817248, "rel_education": 0.35844928355687977, "rel_sante": 0.56387868882995429, "rel_services": 0.39868274285766769, "rel_commerce": 0.15739821987219957, "rel_loisirs": 0.55629271337945707, "rel_pc1": 0.36468654992844862, "q_revenu": 1, "q_population": 5 }, "geometry": { "type": "Polygon", "coordinates": [ [ [ 4.8014963526936, 45.788013855811343 ], [ 4.801324675484913, 45.789810694875044 ], [ 4.80388850553027, 45.789936367673668 ], [ 4.804060098785683, 45.788139523817108 ], [ 4.8014963526936, 45.788013855811343 ] ] ] } },
{ "type": "Feature", "properties": { "idcar_200m": "CRS3035RES200mN2533600E3916800", "population": 17.0, "median_education": 6.132, "median_healthcare": 23.031, "median_services": 4.173, "median_commerce": 23.237, "median_entertainment": 16.856, "PC1_pos": 0.60689478985043088, "nivvie": 26600.6, "rel_education": 0.30167595481344861, "rel_sante": 0.48086385316557473, "rel_services": 0.32944615563268265, "rel_commerce": 0.14070951545301816, "rel_loisirs": 0.43794638161338229, "rel_pc1": 0.28950000452853464, "q_revenu": 3, "q_population": 1 }, "geometry": { "type": "Polygon", "coordinates": [ [ [ 4.804060098785683, 45.788139523817108 ], [ 4.80388850553027, 45.789936367673668 ], [ 4.806452346249721, 45.790061978584966 ], [ 4.806623855550454, 45.788265129937869 ], [ 4.804060098785683, 45.788139523817108 ] ] ] } },
{ "type": "Feature", "properties": { "idcar_200m": "CRS3035RES200mN2533600E3917000", "population": 252.0, "median_education": 6.358, "median_healthcare": 25.619, "median_services": 4.062, "median_commerce": 27.859, "median_entertainment": 14.201, "PC1_pos": 0.63904054140276645, "nivvie": 19496.429365079366, "rel_education": 0.31279447500063706, "rel_sante": 0.53489866068554814, "rel_services": 0.32068302999759329, "rel_commerce": 0.16869761118068741, "rel_loisirs": 0.36896514981559336, "rel_pc1": 0.30483412071408927, "q_revenu": 1, "q_population": 2 }, "geometry": { "type": "Polygon", "coordinates": [ [ [ 4.806623855550454, 45.788265129937869 ], [ 4.806452346249721, 45.790061978584966 ], [ 4.809016197638098, 45.79018752760858 ], [ 4.809187622982753, 45.788390674173236 ], [ 4.806623855550454, 45.788265129937869 ] ] ] } },
{ "type": "Feature", "properties": { "idcar_200m": "CRS3035RES200mN2533600E3917400", "population": 40.0, "median_education": 6.9125, "median_healthcare": 16.3925, "median_services": 3.5415, "median_commerce": 28.035, "median_entertainment": 12.4805, "PC1_pos": 0.52502156146818058, "nivvie": 18830.6425, "rel_education": 0.34007420705283165, "rel_sante": 0.34225872576165528, "rel_services": 0.27959107600602578, "rel_commerce": 0.16976336298684702, "rel_loisirs": 0.32426375271273239, "rel_pc1": 0.25044496503269609, "q_revenu": 1, "q_population": 1 }, "geometry": { "type": "Polygon", "coordinates": [ [ [ 4.811751401077423, 45.78851615652286 ], [ 4.811580059690246, 45.790313014744051 ], [ 4.814143932401007, 45.790438439990965 ], [ 4.814315189829306, 45.788641576986237 ], [ 4.811751401077423, 45.78851615652286 ] ] ] } },
{ "type": "Feature", "properties": { "idcar_200m": "CRS3035RES200mN2533600E3917600", "population": 71.5, "median_education": 6.203, "median_healthcare": 12.897, "median_services": 2.9175, "median_commerce": 27.149, "median_entertainment": 11.2065, "PC1_pos": 0.4428392192600068, "nivvie": 16499.204195804195, "rel_education": 0.30516894124393706, "rel_sante": 0.26927624133890921, "rel_services": 0.2303280994628209, "rel_commerce": 0.16439827150811165, "rel_loisirs": 0.29116315410241861, "rel_pc1": 0.2112424725425309, "q_revenu": 1, "q_population": 1 }, "geometry": { "type": "Polygon", "coordinates": [ [ [ 4.814315189829306, 45.788641576986237 ], [ 4.814143932401007, 45.790438439990965 ], [ 4.816707815765215, 45.790563803348917 ], [ 4.816878989233237, 45.788766935562997 ], [ 4.814315189829306, 45.788641576986237 ] ] ] } },
{ "type": "Feature", "properties": { "idcar_200m": "CRS3035RES200mN2533600E3917800", "population": 150.0, "median_education": 5.564, "median_healthcare": 10.871, "median_services": 2.46, "median_commerce": 25.171, "median_entertainment": 10.337, "PC1_pos": 0.38198100180391137, "nivvie": 30687.504, "rel_education": 0.27373206336954148, "rel_sante": 0.22697542215982647, "rel_services": 0.19420981137224999, "rel_commerce": 0.15242067450479496, "rel_loisirs": 0.26857212545903725, "rel_pc1": 0.18221198072782899, "q_revenu": 4, "q_population": 2 }, "geometry": { "type": "Polygon", "coordinates": [ [ [ 4.816878989233237, 45.788766935562997 ], [ 4.816707815765215, 45.790563803348917 ], [ 4.819271709777715, 45.790689104817488 ], [ 4.819442799284065, 45.788892232252678 ], [ 4.816878989233237, 45.788766935562997 ] ] ] } },
{ "type": "Feature", "properties": { "idcar_200m": "CRS3035RES200mN2533600E3918000", "population": 200.0, "median_education": 4.899, "median_healthcare": 10.067, "median_services": 2.133, "median_commerce": 29.327, "median_entertainment": 11.092, "PC1_pos": 0.39142721930378488, "nivvie": 27014.3135, "rel_education": 0.24101606370369943, "rel_sante": 0.21018871997819638, "rel_services": 0.16839411693374359, "rel_commerce": 0.17758695010933701, "rel_loisirs": 0.28818825728854036, "rel_pc1": 0.18671800064219479, "q_revenu": 3, "q_population": 2 }, "geometry": { "type": "Polygon", "coordinates": [ [ [ 4.819442799284065, 45.788892232252678 ], [ 4.819271709777715, 45.790689104817488 ], [ 4.821835614433349, 45.79081434439631 ], [ 4.822006619976621, 45.78901746705494 ], [ 4.819442799284065, 45.788892232252678 ] ] ] } },
{ "type": "Feature", "properties": { "idcar_200m": "CRS3035RES200mN2533800E3915400", "population": 14.0, "median_education": 3.1365, "median_healthcare": 36.043, "median_services": 2.258, "median_commerce": 9.896, "median_entertainment": 12.2285, "PC1_pos": 0.53007069975362664, "nivvie": 34478.828571428567, "rel_education": 0.15430636534122336, "rel_sante": 0.75254117752797578, "rel_services": 0.1782625016579433, "rel_commerce": 0.059924317464520718, "rel_loisirs": 0.31771638155904397, "rel_pc1": 0.25285349708956556, "q_revenu": 5, "q_population": 1 }, "geometry": { "type": "Polygon", "coordinates": [ [ [ 4.785941919657539, 45.789055358473107 ], [ 4.785769723994643, 45.790852166281759 ], [ 4.788333573839101, 45.790978215202792 ], [ 4.788505685550025, 45.789181402586856 ], [ 4.785941919657539, 45.789055358473107 ] ] ] } },
{ "type": "Feature", "properties": { "idcar_200m": "CRS3035RES200mN2533800E3915600", "population": 158.5, "median_education": 4.412, "median_healthcare": 36.2655, "median_services": 3.132, "median_commerce": 13.375, "median_entertainment": 16.491, "PC1_pos": 0.63613691387841609, "nivvie": 22042.155205047318, "rel_education": 0.21705712861006773, "rel_sante": 0.75718675120386225, "rel_services": 0.24726224764954757, "rel_commerce": 0.080991081860141936, "rel_loisirs": 0.42846308609315892, "rel_pc1": 0.30344903684863744, "q_revenu": 1, "q_population": 2 }, "geometry": { "type": "Polygon", "coordinates": [ [ [ 4.788505685550025, 45.789181402586856 ], [ 4.788333573839101, 45.790978215202792 ], [ 4.790897434390009, 45.79110420223666 ], [ 4.791069462147553, 45.789307384815778 ], [ 4.788505685550025, 45.789181402586856 ] ] ] } },
{ "type": "Feature", "properties": { "idcar_200m": "CRS3035RES200mN2533800E3915800", "population": 693.0, "median_education": 5.776, "median_healthcare": 33.052, "median_services": 4.1165, "median_commerce": 17.131, "median_entertainment": 20.1895, "PC1_pos": 0.70236921879784919, "nivvie": 17305.459018759018, "rel_education": 0.28416182566902792, "rel_sante": 0.69009213993437435, "rel_services": 0.3249856457373444, "rel_commerce": 0.10373519426886665, "rel_loisirs": 0.52455615042616177, "rel_pc1": 0.33504306746939244, "q_revenu": 1, "q_population": 4 }, "geometry": { "type": "Polygon", "coordinates": [ [ [ 4.791069462147553, 45.789307384815778 ], [ 4.790897434390009, 45.79110420223666 ], [ 4.793461305642206, 45.791230127382981 ], [ 4.793633249444965, 45.789433305159484 ], [ 4.791069462147553, 45.789307384815778 ] ] ] } },
{ "type": "Feature", "properties": { "idcar_200m": "CRS3035RES200mN2533800E3916000", "population": 328.0, "median_education": 6.3195, "median_healthcare": 29.4455, "median_services": 4.416, "median_commerce": 19.18, "median_entertainment": 21.261, "PC1_pos": 0.70076482967855336, "nivvie": 23773.326829268291, "rel_education": 0.31090039080945675, "rel_sante": 0.61479208841938837, "rel_services": 0.34863029553652686, "rel_commerce": 0.11614272523944091, "rel_loisirs": 0.55239546864511868, "rel_pc1": 0.3342777442781748, "q_revenu": 2, "q_population": 3 }, "geometry": { "type": "Polygon", "coordinates": [ [ [ 4.793633249444965, 45.789433305159484 ], [ 4.793461305642206, 45.791230127382981 ], [ 4.79602518759053, 45.791355990641328 ], [ 4.796197047437098, 45.789559163617518 ], [ 4.793633249444965, 45.789433305159484 ] ] ] } },
{ "type": "Feature", "properties": { "idcar_200m": "CRS3035RES200mN2533800E3916200", "population": 347.0, "median_education": 7.289, "median_healthcare": 30.648, "median_services": 5.0575, "median_commerce": 22.3365, "median_entertainment": 23.7555, "PC1_pos": 0.77336662355859653, "nivvie": 21002.197406340059, "rel_education": 0.35859687453281591, "rel_sante": 0.63989906525198792, "rel_services": 0.39927484594111962, "rel_commerce": 0.1352566205584344, "rel_loisirs": 0.61720664857716545, "rel_pc1": 0.36891013857213834, "q_revenu": 1, "q_population": 3 }, "geometry": { "type": "Polygon", "coordinates": [ [ [ 4.796197047437098, 45.789559163617518 ], [ 4.79602518759053, 45.791355990641328 ], [ 4.798589080229827, 45.79148179201129 ], [ 4.798760856118803, 45.789684960189518 ], [ 4.796197047437098, 45.789559163617518 ] ] ] } },
{ "type": "Feature", "properties": { "idcar_200m": "CRS3035RES200mN2533800E3916400", "population": 439.5, "median_education": 6.4425, "median_healthcare": 25.341, "median_services": 4.1445, "median_commerce": 19.1975, "median_entertainment": 19.5845, "PC1_pos": 0.65423268741991136, "nivvie": 23442.589533560862, "rel_education": 0.31695162082283806, "rel_sante": 0.5290943034635418, "rel_services": 0.32719616391556516, "rel_commerce": 0.11624869487925792, "rel_loisirs": 0.50883726333099688, "rel_pc1": 0.31208105447314416, "q_revenu": 2, "q_population": 3 }, "geometry": { "type": "Polygon", "coordinates": [ [ [ 4.798760856118803, 45.789684960189518 ], [ 4.798589080229827, 45.79148179201129 ], [ 4.801152983554934, 45.791607531492446 ], [ 4.801324675484913, 45.789810694875044 ], [ 4.798760856118803, 45.789684960189518 ] ] ] } },
{ "type": "Feature", "properties": { "idcar_200m": "CRS3035RES200mN2533800E3916600", "population": 50.5, "median_education": 5.398, "median_healthcare": 20.32, "median_services": 3.623, "median_commerce": 19.27, "median_entertainment": 15.464, "PC1_pos": 0.56975547912922764, "nivvie": 18633.665346534654, "rel_education": 0.26556536270107561, "rel_sante": 0.42426093075960569, "rel_services": 0.286025262846204, "rel_commerce": 0.11668771195849981, "rel_loisirs": 0.40177995047872234, "rel_pc1": 0.27178386854947179, "q_revenu": 1, "q_population": 1 }, "geometry": { "type": "Polygon", "coordinates": [ [ [ 4.801324675484913, 45.789810694875044 ], [ 4.801152983554934, 45.791607531492446 ], [ 4.803716897560692, 45.791733209084356 ], [ 4.80388850553027, 45.789936367673668 ], [ 4.801324675484913, 45.789810694875044 ] ] ] } },
{ "type": "Feature", "properties": { "idcar_200m": "CRS3035RES200mN2533800E3916800", "population": 13.0, "median_education": 2.305, "median_healthcare": 8.824, "median_services": 1.382, "median_commerce": 9.707, "median_entertainment": 5.209, "PC1_pos": 0.22328701090602587, "nivvie": 31638.746153846154, "rel_education": 0.11339906651092616, "rel_sante": 0.18423614434167129, "rel_services": 0.10910486151075183, "rel_commerce": 0.058779845354497033, "rel_loisirs": 0.13533831880778999, "rel_pc1": 0.1065120211105921, "q_revenu": 4, "q_population": 1 }, "geometry": { "type": "Polygon", "coordinates": [ [ [ 4.80388850553027, 45.789936367673668 ], [ 4.803716897560692, 45.791733209084356 ], [ 4.806280822241945, 45.791858824786644 ], [ 4.806452346249721, 45.790061978584966 ], [ 4.80388850553027, 45.789936367673668 ] ] ] } },
{ "type": "Feature", "properties": { "idcar_200m": "CRS3035RES200mN2533800E3917000", "population": 34.5, "median_education": 3.3965, "median_healthcare": 12.5775, "median_services": 1.9845, "median_commerce": 13.939, "median_entertainment": 7.63, "PC1_pos": 0.29168690727852242, "nivvie": 25667.208695652174, "rel_education": 0.16709758325568794, "rel_sante": 0.26260540633016444, "rel_services": 0.15667047588139438, "rel_commerce": 0.084406331966244363, "rel_loisirs": 0.19823984882001106, "rel_pc1": 0.13914003281995146, "q_revenu": 2, "q_population": 1 }, "geometry": { "type": "Polygon", "coordinates": [ [ [ 4.806452346249721, 45.790061978584966 ], [ 4.806280822241945, 45.791858824786644 ], [ 4.808844757593525, 45.791984378598862 ], [ 4.809016197638098, 45.79018752760858 ], [ 4.806452346249721, 45.790061978584966 ] ] ] } },
{ "type": "Feature", "properties": { "idcar_200m": "CRS3035RES200mN2533800E3917200", "population": 326.5, "median_education": 3.8945, "median_healthcare": 12.0775, "median_services": 1.988, "median_commerce": 14.7525, "median_entertainment": 8.0425, "PC1_pos": 0.31892005471849183, "nivvie": 17912.195712098011, "rel_education": 0.19159768526108542, "rel_sante": 0.25216591492367807, "rel_services": 0.15694679065367195, "rel_commerce": 0.08933240636573786, "rel_loisirs": 0.20895727183944157, "rel_pc1": 0.15213074626657769, "q_revenu": 1, "q_population": 3 }, "geometry": { "type": "Polygon", "coordinates": [ [ [ 4.809016197638098, 45.79018752760858 ], [ 4.808844757593525, 45.791984378598862 ], [ 4.811408703610277, 45.792109870520626 ], [ 4.811580059690246, 45.790313014744051 ], [ 4.809016197638098, 45.79018752760858 ] ] ] } },
{ "type": "Feature", "properties": { "idcar_200m": "CRS3035RES200mN2533800E3917400", "population": 15.0, "median_education": 5.365, "median_healthcare": 15.161, "median_services": 2.565, "median_commerce": 19.487, "median_entertainment": 10.43, "PC1_pos": 0.4056583808449139, "nivvie": 27215.4, "rel_education": 0.26394186196577823, "rel_sante": 0.31654625842747941, "rel_services": 0.20249925454057774, "rel_commerce": 0.11800173549223071, "rel_loisirs": 0.27098841719432704, "rel_pc1": 0.19350652708780577, "q_revenu": 3, "q_population": 1 }, "geometry": { "type": "Polygon", "coordinates": [ [ [ 4.811580059690246, 45.790313014744051 ], [ 4.811408703610277, 45.792109870520626 ], [ 4.81397266028704, 45.792235300551511 ], [ 4.814143932401007, 45.790438439990965 ], [ 4.811580059690246, 45.790313014744051 ] ] ] } },
{ "type": "Feature", "properties": { "idcar_200m": "CRS3035RES200mN2533800E3917600", "population": 380.5, "median_education": 5.543, "median_healthcare": 12.241, "median_services": 2.501, "median_commerce": 25.707, "median_entertainment": 10.267, "PC1_pos": 0.38591733657432759, "nivvie": 22297.798423127464, "rel_education": 0.27269892653798855, "rel_sante": 0.25557962861359906, "rel_services": 0.19744664156178748, "rel_commerce": 0.15566637318719018, "rel_loisirs": 0.26675341124967938, "rel_pc1": 0.18408968499044454, "q_revenu": 1, "q_population": 3 }, "geometry": { "type": "Polygon", "coordinates": [ [ [ 4.814143932401007, 45.790438439990965 ], [ 4.81397266028704, 45.792235300551511 ], [ 4.816536627618651, 45.792360668691117 ], [ 4.816707815765215, 45.790563803348917 ], [ 4.814143932401007, 45.790438439990965 ] ] ] } },
{ "type": "Feature", "properties": { "idcar_200m": "CRS3035RES200mN2533800E3917800", "population": 134.0, "median_education": 5.304, "median_healthcare": 9.541, "median_services": 2.091, "median_commerce": 22.172, "median_entertainment": 9.7415, "PC1_pos": 0.33934005222492303, "nivvie": 27864.697761194031, "rel_education": 0.26094084545507695, "rel_sante": 0.19920637501857275, "rel_services": 0.16507833966641253, "rel_commerce": 0.13426050594415453, "rel_loisirs": 0.25310006386371398, "rel_pc1": 0.1618714615758019, "q_revenu": 3, "q_population": 2 }, "geometry": { "type": "Polygon", "coordinates": [ [ [ 4.816707815765215, 45.790563803348917 ], [ 4.816536627618651, 45.792360668691117 ], [ 4.819100605599954, 45.792485974939005 ], [ 4.819271709777715, 45.790689104817488 ], [ 4.816707815765215, 45.790563803348917 ] ] ] } },
{ "type": "Feature", "properties": { "idcar_200m": "CRS3035RES200mN2533800E3918200", "population": 120.5, "median_education": 4.22, "median_healthcare": 8.7555, "median_services": 1.9325, "median_commerce": 30.7745, "median_entertainment": 10.3905, "PC1_pos": 0.34733160809625252, "nivvie": 27683.741078838171, "rel_education": 0.20761130615015544, "rel_sante": 0.18280593401898271, "rel_services": 0.1525652278361273, "rel_commerce": 0.18635215317420095, "rel_loisirs": 0.26996214274761793, "rel_pc1": 0.16568358107267564, "q_revenu": 3, "q_population": 2 }, "geometry": { "type": "Polygon", "coordinates": [ [ [ 4.821835614433349, 45.79081434439631 ], [ 4.821664594225783, 45.792611219294756 ], [ 4.824228593490983, 45.792736401757999 ], [ 4.824399529726949, 45.790939522084898 ], [ 4.821835614433349, 45.79081434439631 ] ] ] } },
{ "type": "Feature", "properties": { "idcar_200m": "CRS3035RES200mN2534000E3916200", "population": 31.0, "median_education": 5.618, "median_healthcare": 24.128, "median_services": 3.854, "median_commerce": 16.908, "median_entertainment": 18.214, "PC1_pos": 0.55969072558983091, "nivvie": 31209.374193548385, "rel_education": 0.27638870093639184, "rel_sante": 0.50376809731140582, "rel_services": 0.304262037816525, "rel_commerce": 0.10238483828719849, "rel_loisirs": 0.47322943727492545, "rel_pc1": 0.26698279553984516, "q_revenu": 4, "q_population": 1 }, "geometry": { "type": "Polygon", "coordinates": [ [ [ 4.79602518759053, 45.791355990641328 ], [ 4.795853313006647, 45.793152815218377 ], [ 4.798417289610664, 45.793278621386726 ], [ 4.798589080229827, 45.79148179201129 ], [ 4.79602518759053, 45.791355990641328 ] ] ] } },
{ "type": "Feature", "properties": { "idcar_200m": "CRS3035RES200mN2534000E3916400", "population": 35.0, "median_education": 3.166, "median_healthcare": 14.726, "median_services": 2.128, "median_commerce": 10.892, "median_entertainment": 9.187, "PC1_pos": 0.3562640676498563, "nivvie": 35562.78, "rel_education": 0.1557576766045953, "rel_sante": 0.3074639009038363, "rel_services": 0.16799938154477562, "rel_commerce": 0.065955503822105854, "rel_loisirs": 0.23869324916244319, "rel_pc1": 0.16994452897413406, "q_revenu": 5, "q_population": 1 }, "geometry": { "type": "Polygon", "coordinates": [ [ [ 4.798589080229827, 45.79148179201129 ], [ 4.798417289610664, 45.793278621386726 ], [ 4.800981276901894, 45.793404365663896 ], [ 4.801152983554934, 45.791607531492446 ], [ 4.798589080229827, 45.79148179201129 ] ] ] } },
{ "type": "Feature", "properties": { "idcar_200m": "CRS3035RES200mN2534000E3916600", "population": 29.0, "median_education": 3.129, "median_healthcare": 14.225, "median_services": 2.093, "median_commerce": 12.086, "median_entertainment": 8.147, "PC1_pos": 0.24859508623840165, "nivvie": 31672.396551724138, "rel_education": 0.15393738790138303, "rel_sante": 0.29700353051453698, "rel_services": 0.1652362338219997, "rel_commerce": 0.073185660961620588, "rel_loisirs": 0.21167235233769727, "rel_pc1": 0.11858443966791229, "q_revenu": 4, "q_population": 1 }, "geometry": { "type": "Polygon", "coordinates": [ [ [ 4.801152983554934, 45.791607531492446 ], [ 4.800981276901894, 45.793404365663896 ], [ 4.803545274875175, 45.793530048049568 ], [ 4.803716897560692, 45.791733209084356 ], [ 4.801152983554934, 45.791607531492446 ] ] ] } },
{ "type": "Feature", "properties": { "idcar_200m": "CRS3035RES200mN2534000E3917200", "population": 34.0, "median_education": 4.069, "median_healthcare": 14.001, "median_services": 2.227, "median_commerce": 15.961, "median_entertainment": 9.034, "PC1_pos": 0.31771444708030905, "nivvie": 31202.78235294118, "rel_education": 0.20018256036137028, "rel_sante": 0.29232663836443107, "rel_services": 0.17581514224634176, "rel_commerce": 0.096650366921100961, "rel_loisirs": 0.23471805953341809, "rel_pc1": 0.15155564919448128, "q_revenu": 4, "q_population": 1 }, "geometry": { "type": "Polygon", "coordinates": [ [ [ 4.808844757593525, 45.791984378598862 ], [ 4.808673302847265, 45.793781227144514 ], [ 4.811237332835743, 45.793906723853006 ], [ 4.811408703610277, 45.792109870520626 ], [ 4.808844757593525, 45.791984378598862 ] ] ] } },
{ "type": "Feature", "properties": { "idcar_200m": "CRS3035RES200mN2534000E3917600", "population": 20.0, "median_education": 5.074, "median_healthcare": 10.746, "median_services": 1.777, "median_commerce": 14.912, "median_entertainment": 9.428, "PC1_pos": 0.30893913606713719, "nivvie": 40869.195, "rel_education": 0.24962553729997364, "rel_sante": 0.22436554930820488, "rel_services": 0.14028895723922286, "rel_commerce": 0.090298243940070022, "rel_loisirs": 0.24495482236894686, "rel_pc1": 0.14736966404427321, "q_revenu": 5, "q_population": 1 }, "geometry": { "type": "Polygon", "coordinates": [ [ [ 4.81397266028704, 45.792235300551511 ], [ 4.813801373485635, 45.794032158668273 ], [ 4.816365424791777, 45.794157531589953 ], [ 4.816536627618651, 45.792360668691117 ], [ 4.81397266028704, 45.792235300551511 ] ] ] } },
{ "type": "Feature", "properties": { "idcar_200m": "CRS3035RES200mN2534000E3918000", "population": 64.0, "median_education": 4.835, "median_healthcare": 7.244, "median_services": 1.609, "median_commerce": 18.82, "median_entertainment": 9.5605, "PC1_pos": 0.2809478979589437, "nivvie": 21693.639062499999, "rel_education": 0.23786745621706201, "rel_sante": 0.15124735149717439, "rel_services": 0.12702584816989848, "rel_commerce": 0.11396277836320533, "rel_loisirs": 0.2483973885509457, "rel_pc1": 0.13401732737142352, "q_revenu": 1, "q_population": 1 }, "geometry": { "type": "Polygon", "coordinates": [ [ [ 4.819100605599954, 45.792485974939005 ], [ 4.818929486749007, 45.794282842617548 ], [ 4.821493559352166, 45.794408091750725 ], [ 4.821664594225783, 45.792611219294756 ], [ 4.819100605599954, 45.792485974939005 ] ] ] } },
{ "type": "Feature", "properties": { "idcar_200m": "CRS3035RES200mN2534000E3918200", "population": 47.0, "median_education": 4.424, "median_healthcare": 6.425, "median_services": 1.424, "median_commerce": 18.423, "median_entertainment": 9.99, "PC1_pos": 0.26125950896126104, "nivvie": 19018.855319148934, "rel_education": 0.2176474925138123, "rel_sante": 0.13414746457334972, "rel_services": 0.11242063877808292, "rel_commerce": 0.11155878139135661, "rel_loisirs": 0.25955649930693453, "rel_pc1": 0.1246256028100817, "q_revenu": 1, "q_population": 1 }, "geometry": { "type": "Polygon", "coordinates": [ [ [ 4.821664594225783, 45.792611219294756 ], [ 4.821493559352166, 45.794408091750725 ], [ 4.824057642596085, 45.794533278988986 ], [ 4.824228593490983, 45.792736401757999 ], [ 4.821664594225783, 45.792611219294756 ] ] ] } },
{ "type": "Feature", "properties": { "idcar_200m": "CRS3035RES200mN2534200E3917400", "population": 23.5, "median_education": 2.014, "median_healthcare": 5.212, "median_services": 0.867, "median_commerce": 6.758, "median_entertainment": 4.732, "PC1_pos": 0.12676715332702759, "nivvie": 25601.008510638298, "rel_education": 0.099082741845121572, "rel_sante": 0.10882125842121382, "rel_services": 0.068447116447049081, "rel_commerce": 0.040922447193333773, "rel_loisirs": 0.12294508055259402, "rel_pc1": 0.060470269437126682, "q_revenu": 2, "q_population": 1 }, "geometry": { "type": "Polygon", "coordinates": [ [ [ 4.811237332835743, 45.793906723853006 ], [ 4.811065947364874, 45.795703574741559 ], [ 4.813630071995024, 45.795829014341692 ], [ 4.813801373485635, 45.794032158668273 ], [ 4.811237332835743, 45.793906723853006 ] ] ] } },
{ "type": "Feature", "properties": { "idcar_200m": "CRS3035RES200mN2534200E3917600", "population": 45.0, "median_education": 4.396, "median_healthcare": 9.11, "median_services": 1.494, "median_commerce": 12.868, "median_entertainment": 8.437, "PC1_pos": 0.2368259704557889, "nivvie": 30410.506666666668, "rel_education": 0.21626997673840839, "rel_sante": 0.19020753342618149, "rel_services": 0.11794693422363475, "rel_commerce": 0.077920990009443469, "rel_loisirs": 0.21920702549075141, "rel_pc1": 0.11297035444367939, "q_revenu": 4, "q_population": 1 }, "geometry": { "type": "Polygon", "coordinates": [ [ [ 4.813801373485635, 45.794032158668273 ], [ 4.813630071995024, 45.795829014341692 ], [ 4.816194207282821, 45.795954392045822 ], [ 4.816365424791777, 45.794157531589953 ], [ 4.813801373485635, 45.794032158668273 ] ] ] } },
{ "type": "Feature", "properties": { "idcar_200m": "CRS3035RES200mN2534200E3917800", "population": 166.0, "median_education": 4.586, "median_healthcare": 8.0175, "median_services": 1.2855, "median_commerce": 13.7465, "median_entertainment": 8.5245, "PC1_pos": 0.23985953701130702, "nivvie": 35415.780722891563, "rel_education": 0.22561740521436327, "rel_sante": 0.16739724470300879, "rel_services": 0.10148646850366966, "rel_commerce": 0.083240665928257282, "rel_loisirs": 0.2214804182524488, "rel_pc1": 0.11441742162278064, "q_revenu": 5, "q_population": 2 }, "geometry": { "type": "Polygon", "coordinates": [ [ [ 4.816365424791777, 45.794157531589953 ], [ 4.816194207282821, 45.795954392045822 ], [ 4.818758353223105, 45.796079707853544 ], [ 4.818929486749007, 45.794282842617548 ], [ 4.816365424791777, 45.794157531589953 ] ] ] } },
{ "type": "Feature", "properties": { "idcar_200m": "CRS3035RES200mN2534200E3918000", "population": 179.0, "median_education": 4.548, "median_healthcare": 7.546, "median_services": 1.2275, "median_commerce": 15.315, "median_entertainment": 8.889, "PC1_pos": 0.24312078456318753, "nivvie": 34213.133519553077, "rel_education": 0.22374791951917228, "rel_sante": 0.15755280430669213, "rel_services": 0.096907537991641007, "rel_commerce": 0.092738573359855969, "rel_loisirs": 0.23095072295689098, "rel_pc1": 0.11597309683507033, "q_revenu": 5, "q_population": 2 }, "geometry": { "type": "Polygon", "coordinates": [ [ [ 4.818929486749007, 45.794282842617548 ], [ 4.818758353223105, 45.796079707853544 ], [ 4.821322509810717, 45.796204961764545 ], [ 4.821493559352166, 45.794408091750725 ], [ 4.818929486749007, 45.794282842617548 ] ] ] } },
{ "type": "Feature", "properties": { "idcar_200m": "CRS3035RES200mN2534200E3918200", "population": 76.0, "median_education": 4.497, "median_healthcare": 6.091, "median_services": 1.312, "median_commerce": 18.2, "median_entertainment": 10.764, "PC1_pos": 0.25970389798314386, "nivvie": 17219.08552631579, "rel_education": 0.22123887292825808, "rel_sante": 0.12717388431381685, "rel_services": 0.10357856606520001, "rel_commerce": 0.11020842540968846, "rel_loisirs": 0.27966628213612044, "rel_pc1": 0.12388354769156511, "q_revenu": 1, "q_population": 1 }, "geometry": { "type": "Polygon", "coordinates": [ [ [ 4.821493559352166, 45.794408091750725 ], [ 4.821322509810717, 45.796204961764545 ], [ 4.82388667704049, 45.796330153778328 ], [ 4.824057642596085, 45.794533278988986 ], [ 4.821493559352166, 45.794408091750725 ] ] ] } },
{ "type": "Feature", "properties": { "idcar_200m": "CRS3035RES200mN2534200E3918400", "population": 180.5, "median_education": 4.4885, "median_healthcare": 6.2125, "median_services": 1.3415, "median_commerce": 19.665, "median_entertainment": 10.8505, "PC1_pos": 0.26960241680170549, "nivvie": 18596.67867036011, "rel_education": 0.22082069849643907, "rel_sante": 0.12971068072559305, "rel_services": 0.10590750486011112, "rel_commerce": 0.11907959811436943, "rel_loisirs": 0.28191369326625559, "rel_pc1": 0.12860532367436042, "q_revenu": 1, "q_population": 2 }, "geometry": { "type": "Polygon", "coordinates": [ [ [ 4.824057642596085, 45.794533278988986 ], [ 4.82388667704049, 45.796330153778328 ], [ 4.826450854907261, 45.796455283894481 ], [ 4.826621736475608, 45.794658404331997 ], [ 4.824057642596085, 45.794533278988986 ] ] ] } },
{ "type": "Feature", "properties": { "idcar_200m": "CRS3035RES200mN2534200E3918600", "population": 13.0, "median_education": 3.306, "median_healthcare": 5.747, "median_services": 1.334, "median_commerce": 23.632, "median_entertainment": 9.917, "PC1_pos": 0.25714741387866447, "nivvie": 28080.7, "rel_education": 0.16264525548161468, "rel_sante": 0.11999151422615423, "rel_services": 0.10531540177665916, "rel_commerce": 0.14310140160888779, "rel_loisirs": 0.2576598402028899, "rel_pc1": 0.12266405763793274, "q_revenu": 3, "q_population": 1 }, "geometry": { "type": "Polygon", "coordinates": [ [ [ 4.826621736475608, 45.794658404331997 ], [ 4.826450854907261, 45.796455283894481 ], [ 4.82901504340587, 45.796580352112613 ], [ 4.829185840985573, 45.794783467779318 ], [ 4.826621736475608, 45.794658404331997 ] ] ] } },
{ "type": "Feature", "properties": { "idcar_200m": "CRS3035RES200mN2534200E3918800", "population": 86.5, "median_education": 2.844, "median_healthcare": 5.507, "median_services": 1.18, "median_commerce": 24.36, "median_entertainment": 9.169, "PC1_pos": 0.24286377165708273, "nivvie": 30950.981502890172, "rel_education": 0.13991624518745074, "rel_sante": 0.11498055835104078, "rel_services": 0.093157551796445123, "rel_commerce": 0.14750973862527533, "rel_loisirs": 0.23822557979432263, "rel_pc1": 0.11585049694012055, "q_revenu": 4, "q_population": 1 }, "geometry": { "type": "Polygon", "coordinates": [ [ [ 4.829185840985573, 45.794783467779318 ], [ 4.82901504340587, 45.796580352112613 ], [ 4.831579242531152, 45.796705358432277 ], [ 4.831749956120816, 45.794908469330537 ], [ 4.829185840985573, 45.794783467779318 ] ] ] } },
{ "type": "Feature", "properties": { "idcar_200m": "CRS3035RES200mN2534200E3919000", "population": 52.5, "median_education": 2.229, "median_healthcare": 4.5195, "median_services": 0.9895, "median_commerce": 20.5525, "median_entertainment": 7.769, "PC1_pos": 0.16194767319829118, "nivvie": 23758.295238095237, "rel_education": 0.10966009512054421, "rel_sante": 0.094362562823230217, "rel_services": 0.078118133476764787, "rel_commerce": 0.12445377270508914, "rel_loisirs": 0.20185129560716461, "rel_pc1": 0.077252026065086923, "q_revenu": 2, "q_population": 1 }, "geometry": { "type": "Polygon", "coordinates": [ [ [ 4.831749956120816, 45.794908469330537 ], [ 4.831579242531152, 45.796705358432277 ], [ 4.834143452277949, 45.796830302853145 ], [ 4.834314081876173, 45.795033408985212 ], [ 4.831749956120816, 45.794908469330537 ] ] ] } },
{ "type": "Feature", "properties": { "idcar_200m": "CRS3035RES200mN2534400E3917600", "population": 6.0, "median_education": 2.908, "median_healthcare": 5.859, "median_services": 0.99, "median_commerce": 8.583, "median_entertainment": 5.956, "PC1_pos": 0.12733835950676009, "nivvie": 40869.2, "rel_education": 0.14306485267408817, "rel_sante": 0.12232996030120717, "rel_services": 0.078157607015661587, "rel_commerce": 0.051973566774250336, "rel_loisirs": 0.15474659758479503, "rel_pc1": 0.060742745316611557, "q_revenu": 5, "q_population": 1 }, "geometry": { "type": "Polygon", "coordinates": [ [ [ 4.813630071995024, 45.795829014341692 ], [ 4.813458755813433, 45.797625867572087 ], [ 4.816022975090013, 45.797751250059108 ], [ 4.816194207282821, 45.795954392045822 ], [ 4.813630071995024, 45.795829014341692 ] ] ] } },
{ "type": "Feature", "properties": { "idcar_200m": "CRS3035RES200mN2534400E3917800", "population": 313.5, "median_education": 3.91, "median_healthcare": 7.4775, "median_services": 1.2025, "median_commerce": 12.449, "median_entertainment": 8.1455, "PC1_pos": 0.21657956408686529, "nivvie": 32051.549601275918, "rel_education": 0.19236023863675542, "rel_sante": 0.15612259398400352, "rel_services": 0.094933861046801085, "rel_commerce": 0.075383774061824824, "rel_loisirs": 0.21163337989035388, "rel_pc1": 0.103312445307675, "q_revenu": 4, "q_population": 3 }, "geometry": { "type": "Polygon", "coordinates": [ [ [ 4.816194207282821, 45.795954392045822 ], [ 4.816022975090013, 45.797751250059108 ], [ 4.818587205020482, 45.797876570647439 ], [ 4.818758353223105, 45.796079707853544 ], [ 4.816194207282821, 45.795954392045822 ] ] ] } },
{ "type": "Feature", "properties": { "idcar_200m": "CRS3035RES200mN2534400E3918000", "population": 157.5, "median_education": 4.221, "median_healthcare": 7.242, "median_services": 1.091, "median_commerce": 15.206, "median_entertainment": 9.025, "PC1_pos": 0.22617650778209919, "nivvie": 29721.050158730162, "rel_education": 0.20766050314213419, "rel_sante": 0.15120559353154844, "rel_services": 0.086131261872814932, "rel_commerce": 0.092078533888995756, "rel_loisirs": 0.2344842248493578, "rel_pc1": 0.10789036439627851, "q_revenu": 4, "q_population": 2 }, "geometry": { "type": "Polygon", "coordinates": [ [ [ 4.818758353223105, 45.796079707853544 ], [ 4.818587205020482, 45.797876570647439 ], [ 4.821151445599676, 45.798001829336634 ], [ 4.821322509810717, 45.796204961764545 ], [ 4.818758353223105, 45.796079707853544 ] ] ] } },
{ "type": "Feature", "properties": { "idcar_200m": "CRS3035RES200mN2534400E3918200", "population": 114.0, "median_education": 4.385, "median_healthcare": 7.722, "median_services": 1.105, "median_commerce": 16.493, "median_entertainment": 10.58, "PC1_pos": 0.25994793100754965, "nivvie": 37327.092982456139, "rel_education": 0.21572880982664258, "rel_sante": 0.16122750528177537, "rel_services": 0.087236520961925301, "rel_commerce": 0.099871843971538005, "rel_loisirs": 0.27488566192866543, "rel_pc1": 0.12399995594362474, "q_revenu": 5, "q_population": 2 }, "geometry": { "type": "Polygon", "coordinates": [ [ [ 4.821322509810717, 45.796204961764545 ], [ 4.821151445599676, 45.798001829336634 ], [ 4.823715696822429, 45.798127026126345 ], [ 4.82388667704049, 45.796330153778328 ], [ 4.821322509810717, 45.796204961764545 ] ] ] } },
{ "type": "Feature", "properties": { "idcar_200m": "CRS3035RES200mN2534400E3918400", "population": 109.0, "median_education": 4.1655, "median_healthcare": 6.2625, "median_services": 1.098, "median_commerce": 17.589, "median_entertainment": 10.2935, "PC1_pos": 0.23651774136476167, "nivvie": 24750.110091743118, "rel_education": 0.20493007008731576, "rel_sante": 0.13075462986624165, "rel_services": 0.08668389141737011, "rel_commerce": 0.10650857112807748, "rel_loisirs": 0.26744192448607917, "rel_pc1": 0.11282332348421077, "q_revenu": 2, "q_population": 2 }, "geometry": { "type": "Polygon", "coordinates": [ [ [ 4.82388667704049, 45.796330153778328 ], [ 4.823715696822429, 45.798127026126345 ], [ 4.826279958683577, 45.798252161016066 ], [ 4.826450854907261, 45.796455283894481 ], [ 4.82388667704049, 45.796330153778328 ] ] ] } },
{ "type": "Feature", "properties": { "idcar_200m": "CRS3035RES200mN2534400E3918600", "population": 89.5, "median_education": 3.484, "median_healthcare": 5.845, "median_services": 1.334, "median_commerce": 25.326, "median_entertainment": 10.723, "PC1_pos": 0.26379367169712564, "nivvie": 40818.0312849162, "rel_education": 0.17140232005382502, "rel_sante": 0.12203765454182555, "rel_services": 0.10531540177665916, "rel_commerce": 0.15335926274317419, "rel_loisirs": 0.27860103524206803, "rel_pc1": 0.12583444515932918, "q_revenu": 5, "q_population": 1 }, "geometry": { "type": "Polygon", "coordinates": [ [ [ 4.826450854907261, 45.796455283894481 ], [ 4.826279958683577, 45.798252161016066 ], [ 4.828844231177961, 45.798377234005436 ], [ 4.82901504340587, 45.796580352112613 ], [ 4.826450854907261, 45.796455283894481 ] ] ] } },
{ "type": "Feature", "properties": { "idcar_200m": "CRS3035RES200mN2534400E3918800", "population": 37.0, "median_education": 3.515, "median_healthcare": 6.9385, "median_services": 1.5555, "median_commerce": 32.203, "median_entertainment": 12.688, "PC1_pos": 0.32747551875321435, "nivvie": 28080.7, "rel_education": 0.17292742680516504, "rel_sante": 0.14486882224781122, "rel_services": 0.12280217950794101, "rel_commerce": 0.19500230348726361, "rel_loisirs": 0.32965494126190042, "rel_pc1": 0.15621186035458345, "q_revenu": 3, "q_population": 1 }, "geometry": { "type": "Polygon", "coordinates": [ [ [ 4.82901504340587, 45.796580352112613 ], [ 4.828844231177961, 45.798377234005436 ], [ 4.831408514300414, 45.798502245094028 ], [ 4.831579242531152, 45.796705358432277 ], [ 4.82901504340587, 45.796580352112613 ] ] ] } },
{ "type": "Feature", "properties": { "idcar_200m": "CRS3035RES200mN2534400E3919000", "population": 15.0, "median_education": 2.365, "median_healthcare": 4.8185, "median_services": 1.0785, "median_commerce": 22.6485, "median_entertainment": 8.8535, "PC1_pos": 0.21981608572245293, "nivvie": 36727.26, "rel_education": 0.11635088602964874, "rel_sante": 0.10060537868430906, "rel_services": 0.085144423400394978, "rel_commerce": 0.13714590785117192, "rel_loisirs": 0.23002837503643095, "rel_pc1": 0.10485632580200292, "q_revenu": 5, "q_population": 1 }, "geometry": { "type": "Polygon", "coordinates": [ [ [ 4.831579242531152, 45.796705358432277 ], [ 4.831408514300414, 45.798502245094028 ], [ 4.833972808045773, 45.798627194281451 ], [ 4.834143452277949, 45.796830302853145 ], [ 4.831579242531152, 45.796705358432277 ] ] ] } },
{ "type": "Feature", "properties": { "idcar_200m": "CRS3035RES200mN2534400E3919200", "population": 9.0, "median_education": 1.758, "median_healthcare": 3.521, "median_services": 0.7735, "median_commerce": 16.6565, "median_entertainment": 6.474, "PC1_pos": 0.13481270639016962, "nivvie": 36727.26666666667, "rel_education": 0.086488311898571868, "rel_sante": 0.073514898484476954, "rel_services": 0.061065564673347721, "rel_commerce": 0.10086190317782835, "rel_loisirs": 0.16820508273404347, "rel_pc1": 0.064308146590081328, "q_revenu": 5, "q_population": 1 }, "geometry": { "type": "Polygon", "coordinates": [ [ [ 4.834143452277949, 45.796830302853145 ], [ 4.833972808045773, 45.798627194281451 ], [ 4.836537112408874, 45.798752081567258 ], [ 4.836707672641089, 45.796955185374699 ], [ 4.834143452277949, 45.796830302853145 ] ] ] } },
{ "type": "Feature", "properties": { "idcar_200m": "CRS3035RES200mN2534400E3919400", "population": 14.0, "median_education": 1.2515, "median_healthcare": 2.514, "median_services": 0.518, "median_commerce": 11.767, "median_entertainment": 4.5155, "PC1_pos": 0.065553433002778494, "nivvie": 36727.264285714286, "rel_education": 0.061570035461355352, "rel_sante": 0.05248976279181343, "rel_services": 0.040894586297083542, "rel_commerce": 0.071253985812956264, "rel_loisirs": 0.11732005731936565, "rel_pc1": 0.031270196199645113, "q_revenu": 5, "q_population": 1 }, "geometry": { "type": "Polygon", "coordinates": [ [ [ 4.836707672641089, 45.796955185374699 ], [ 4.836537112408874, 45.798752081567258 ], [ 4.839101427384556, 45.798876906951072 ], [ 4.839271903615415, 45.797080005996577 ], [ 4.836707672641089, 45.796955185374699 ] ] ] } },
{ "type": "Feature", "properties": { "idcar_200m": "CRS3035RES200mN2534600E3917800", "population": 28.0, "median_education": 2.5705, "median_healthcare": 5.0905, "median_services": 0.662, "median_commerce": 9.74, "median_entertainment": 6.4375, "PC1_pos": 0.12253764677484869, "nivvie": 35761.37142857143, "rel_education": 0.12646086788127361, "rel_sante": 0.10628446200943766, "rel_services": 0.052262965499361588, "rel_commerce": 0.058979673818151945, "rel_loisirs": 0.16725675318202113, "rel_pc1": 0.058452716829184494, "q_revenu": 5, "q_population": 1 }, "geometry": { "type": "Polygon", "coordinates": [ [ [ 4.816022975090013, 45.797751250059108 ], [ 4.815851728211587, 45.799548105630251 ], [ 4.818416042139366, 45.799673430999583 ], [ 4.818587205020482, 45.797876570647439 ], [ 4.816022975090013, 45.797751250059108 ] ] ] } },
{ "type": "Feature", "properties": { "idcar_200m": "CRS3035RES200mN2534600E3918000", "population": 53.0, "median_education": 3.5905, "median_healthcare": 7.1695, "median_services": 0.963, "median_commerce": 14.127, "median_entertainment": 9.1005, "PC1_pos": 0.21184700241022258, "nivvie": 33454.764150943396, "rel_education": 0.17664179969955762, "rel_sante": 0.14969186727760794, "rel_services": 0.076026035915234449, "rel_commerce": 0.08554474866827852, "rel_loisirs": 0.23644583803230809, "rel_pc1": 0.10105492613016272, "q_revenu": 5, "q_population": 1 }, "geometry": { "type": "Polygon", "coordinates": [ [ [ 4.818587205020482, 45.797876570647439 ], [ 4.818416042139366, 45.799673430999583 ], [ 4.820980366717269, 45.799798694467455 ], [ 4.821151445599676, 45.798001829336634 ], [ 4.818587205020482, 45.797876570647439 ] ] ] } },
{ "type": "Feature", "properties": { "idcar_200m": "CRS3035RES200mN2534600E3918200", "population": 454.0, "median_education": 3.72, "median_healthcare": 7.676, "median_services": 0.984, "median_commerce": 16.005, "median_entertainment": 10.659, "PC1_pos": 0.24264687505828175, "nivvie": 24816.677312775329, "rel_education": 0.18301281016080057, "rel_sante": 0.16026707207237861, "rel_services": 0.077683924548899996, "rel_commerce": 0.096916804872640858, "rel_loisirs": 0.27693821082208364, "rel_pc1": 0.11574703326340884, "q_revenu": 2, "q_population": 3 }, "geometry": { "type": "Polygon", "coordinates": [ [ [ 4.821151445599676, 45.798001829336634 ], [ 4.820980366717269, 45.799798694467455 ], [ 4.823544701940133, 45.799923896033462 ], [ 4.823715696822429, 45.798127026126345 ], [ 4.821151445599676, 45.798001829336634 ] ] ] } },
{ "type": "Feature", "properties": { "idcar_200m": "CRS3035RES200mN2534600E3918400", "population": 234.5, "median_education": 4.1705, "median_healthcare": 9.0415, "median_services": 1.1485, "median_commerce": 20.314, "median_entertainment": 12.706, "PC1_pos": 0.30408909960102415, "nivvie": 33959.718550106612, "rel_education": 0.20517605504720934, "rel_sante": 0.18877732310349285, "rel_services": 0.090670718845946796, "rel_commerce": 0.12300955789958304, "rel_loisirs": 0.33012261063002102, "rel_pc1": 0.14505610722621365, "q_revenu": 5, "q_population": 2 }, "geometry": { "type": "Polygon", "coordinates": [ [ [ 4.823715696822429, 45.798127026126345 ], [ 4.823544701940133, 45.799923896033462 ], [ 4.826109047802788, 45.800049035697192 ], [ 4.826279958683577, 45.798252161016066 ], [ 4.823715696822429, 45.798127026126345 ] ] ] } },
{ "type": "Feature", "properties": { "idcar_200m": "CRS3035RES200mN2534600E3918600", "population": 69.0, "median_education": 3.84, "median_healthcare": 8.895, "median_services": 1.164, "median_commerce": 23.749, "median_entertainment": 13.556, "PC1_pos": 0.31586964664439288, "nivvie": 34716.339130434782, "rel_education": 0.18891644919824571, "rel_sante": 0.18571855212139235, "rel_services": 0.091894398551747553, "rel_commerce": 0.14380988434366435, "rel_loisirs": 0.35220699745793838, "rel_pc1": 0.15067564537259381, "q_revenu": 5, "q_population": 1 }, "geometry": { "type": "Polygon", "coordinates": [ [ [ 4.826279958683577, 45.798252161016066 ], [ 4.826109047802788, 45.800049035697192 ], [ 4.828673404300077, 45.800174113458226 ], [ 4.828844231177961, 45.798377234005436 ], [ 4.826279958683577, 45.798252161016066 ] ] ] } },
{ "type": "Feature", "properties": { "idcar_200m": "CRS3035RES200mN2534600E3918800", "population": 87.0, "median_education": 3.333, "median_healthcare": 7.282, "median_services": 1.316, "median_commerce": 30.389, "median_entertainment": 12.678, "PC1_pos": 0.31622199837007958, "nivvie": 29614.025287356322, "rel_education": 0.16397357426503986, "rel_sante": 0.15204075284406737, "rel_services": 0.1038943543763744, "rel_commerce": 0.18401779339423202, "rel_loisirs": 0.32939512494627793, "rel_pc1": 0.15084372364231677, "q_revenu": 4, "q_population": 1 }, "geometry": { "type": "Polygon", "coordinates": [ [ [ 4.828844231177961, 45.798377234005436 ], [ 4.828673404300077, 45.800174113458226 ], [ 4.831237771426829, 45.800299129316151 ], [ 4.831408514300414, 45.798502245094028 ], [ 4.828844231177961, 45.798377234005436 ] ] ] } },
{ "type": "Feature", "properties": { "idcar_200m": "CRS3035RES200mN2534600E3919000", "population": 185.5, "median_education": 2.879, "median_healthcare": 5.244, "median_services": 1.031, "median_commerce": 25.509, "median_entertainment": 10.435, "PC1_pos": 0.25007592486514008, "nivvie": 27648.784905660374, "rel_education": 0.1416381399067056, "rel_sante": 0.10948938587122894, "rel_services": 0.08139443720519908, "rel_commerce": 0.15446740240526061, "rel_loisirs": 0.27111832535213837, "rel_pc1": 0.11929082699618786, "q_revenu": 3, "q_population": 2 }, "geometry": { "type": "Polygon", "coordinates": [ [ [ 4.831408514300414, 45.798502245094028 ], [ 4.831237771426829, 45.800299129316151 ], [ 4.833802149177884, 45.800424083270542 ], [ 4.833972808045773, 45.798627194281451 ], [ 4.831408514300414, 45.798502245094028 ] ] ] } },
{ "type": "Feature", "properties": { "idcar_200m": "CRS3035RES200mN2534600E3919200", "population": 160.5, "median_education": 2.409, "median_healthcare": 3.9995, "median_services": 0.7355, "median_commerce": 18.4195, "median_entertainment": 8.416, "PC1_pos": 0.16012693127625988, "nivvie": 30995.63987538941, "rel_education": 0.11851555367671196, "rel_sante": 0.083505491760484413, "rel_services": 0.058065575717191009, "rel_commerce": 0.11153758746339322, "rel_loisirs": 0.21866141122794408, "rel_pc1": 0.076383498597907218, "q_revenu": 4, "q_population": 2 }, "geometry": { "type": "Polygon", "coordinates": [ [ [ 4.833972808045773, 45.798627194281451 ], [ 4.833802149177884, 45.800424083270542 ], [ 4.836366537548076, 45.800548975321021 ], [ 4.836537112408874, 45.798752081567258 ], [ 4.833972808045773, 45.798627194281451 ] ] ] } },
{ "type": "Feature", "properties": { "idcar_200m": "CRS3035RES200mN2534600E3919400", "population": 3.0, "median_education": 1.958, "median_healthcare": 3.289, "median_services": 0.593, "median_commerce": 14.804, "median_entertainment": 6.7925, "PC1_pos": 0.12542908879596504, "nivvie": 36727.26666666667, "rel_education": 0.096327710294313834, "rel_sante": 0.068670974471867277, "rel_services": 0.04681561713160335, "rel_commerce": 0.089644259877199345, "rel_loisirs": 0.17648023238662192, "rel_pc1": 0.05983198798492053, "q_revenu": 5, "q_population": 1 }, "geometry": { "type": "Polygon", "coordinates": [ [ [ 4.836537112408874, 45.798752081567258 ], [ 4.836366537548076, 45.800548975321021 ], [ 4.838930936532242, 45.800673805467156 ], [ 4.839101427384556, 45.798876906951072 ], [ 4.836537112408874, 45.798752081567258 ] ] ] } },
{ "type": "Feature", "properties": { "idcar_200m": "CRS3035RES200mN2534600E3919600", "population": 72.0, "median_education": 0.678, "median_healthcare": 1.157, "median_services": 0.257, "median_commerce": 5.72, "median_entertainment": 2.647, "PC1_pos": 0.0014649632747936181, "nivvie": 22763.148611111112, "rel_education": 0.033355560561565266, "rel_sante": 0.02415698311460944, "rel_services": 0.020289398992954573, "rel_commerce": 0.034636933700187798, "rel_loisirs": 0.068773378745290867, "rel_pc1": 0.00069881449269223485, "q_revenu": 2, "q_population": 1 }, "geometry": { "type": "Polygon", "coordinates": [ [ [ 4.839101427384556, 45.798876906951072 ], [ 4.838930936532242, 45.800673805467156 ], [ 4.841495346125209, 45.800798573708526 ], [ 4.841665752967645, 45.799001670432446 ], [ 4.839101427384556, 45.798876906951072 ] ] ] } },
{ "type": "Feature", "properties": { "idcar_200m": "CRS3035RES200mN2534800E3918000", "population": 193.0, "median_education": 3.129, "median_healthcare": 6.585, "median_services": 0.829, "median_commerce": 12.147, "median_entertainment": 8.138, "PC1_pos": 0.17023278719588331, "nivvie": 34284.85233160622, "rel_education": 0.15393738790138303, "rel_sante": 0.13748810182342538, "rel_services": 0.065447127490892376, "rel_commerce": 0.073555040848982733, "rel_loisirs": 0.21143851765363697, "rel_pc1": 0.081204178200737109, "q_revenu": 5, "q_population": 2 }, "geometry": { "type": "Polygon", "coordinates": [ [ [ 4.818416042139366, 45.799673430999583 ], [ 4.818244864577989, 45.801470288910402 ], [ 4.820809273161736, 45.801595557157356 ], [ 4.820980366717269, 45.799798694467455 ], [ 4.818416042139366, 45.799673430999583 ] ] ] } },
{ "type": "Feature", "properties": { "idcar_200m": "CRS3035RES200mN2534800E3918200", "population": 109.5, "median_education": 3.387, "median_healthcare": 7.749, "median_services": 0.964, "median_commerce": 14.649, "median_entertainment": 9.751, "PC1_pos": 0.22453261850913409, "nivvie": 27731.063926940638, "rel_education": 0.16663021183189017, "rel_sante": 0.16179123781772561, "rel_services": 0.07610498299302805, "rel_commerce": 0.088705671638820122, "rel_loisirs": 0.25334688936355543, "rel_pc1": 0.107106198903467, "q_revenu": 3, "q_population": 2 }, "geometry": { "type": "Polygon", "coordinates": [ [ [ 4.820980366717269, 45.799798694467455 ], [ 4.820809273161736, 45.801595557157356 ], [ 4.823373692391837, 45.801720763500114 ], [ 4.823544701940133, 45.799923896033462 ], [ 4.820980366717269, 45.799798694467455 ] ] ] } },
{ "type": "Feature", "properties": { "idcar_200m": "CRS3035RES200mN2534800E3918400", "population": 336.0, "median_education": 3.907, "median_healthcare": 10.332, "median_services": 1.239, "median_commerce": 20.384, "median_entertainment": 12.258, "PC1_pos": 0.31178832983910176, "nivvie": 29273.536607142858, "rel_education": 0.1922126476608193, "rel_sante": 0.21572165042363417, "rel_services": 0.097815429386267388, "rel_commerce": 0.12343343645885108, "rel_loisirs": 0.31848283969013047, "rel_pc1": 0.14872878200620149, "q_revenu": 4, "q_population": 3 }, "geometry": { "type": "Polygon", "coordinates": [ [ [ 4.823544701940133, 45.799923896033462 ], [ 4.823373692391837, 45.801720763500114 ], [ 4.825938122263131, 45.801845907938265 ], [ 4.826109047802788, 45.800049035697192 ], [ 4.823544701940133, 45.799923896033462 ] ] ] } },
{ "type": "Feature", "properties": { "idcar_200m": "CRS3035RES200mN2534800E3918600", "population": 410.5, "median_education": 3.7035, "median_healthcare": 9.1605, "median_services": 1.097, "median_commerce": 21.74, "median_entertainment": 12.1695, "PC1_pos": 0.29728670553910108, "nivvie": 30117.265773447016, "rel_education": 0.18220105979315185, "rel_sante": 0.19126192205823661, "rel_services": 0.086604944339576523, "rel_commerce": 0.13164456969267183, "rel_loisirs": 0.31618346529687086, "rel_pc1": 0.14181123983788604, "q_revenu": 4, "q_population": 3 }, "geometry": { "type": "Polygon", "coordinates": [ [ [ 4.826109047802788, 45.800049035697192 ], [ 4.825938122263131, 45.801845907938265 ], [ 4.828502562770454, 45.801970990471375 ], [ 4.828673404300077, 45.800174113458226 ], [ 4.826109047802788, 45.800049035697192 ] ] ] } },
{ "type": "Feature", "properties": { "idcar_200m": "CRS3035RES200mN2534800E3918800", "population": 507.0, "median_education": 3.261, "median_healthcare": 7.0475, "median_services": 0.8805, "median_commerce": 18.666, "median_entertainment": 10.607, "PC1_pos": 0.23321039128430088, "nivvie": 29017.701380670609, "rel_education": 0.16043139084257274, "rel_sante": 0.14714463137442527, "rel_services": 0.069512901997262663, "rel_commerce": 0.11303024553281565, "rel_loisirs": 0.27558716598084632, "rel_pc1": 0.11124565651576174, "q_revenu": 4, "q_population": 4 }, "geometry": { "type": "Polygon", "coordinates": [ [ [ 4.828673404300077, 45.800174113458226 ], [ 4.828502562770454, 45.801970990471375 ], [ 4.831067013908637, 45.802096011099039 ], [ 4.831237771426829, 45.800299129316151 ], [ 4.828673404300077, 45.800174113458226 ] ] ] } },
{ "type": "Feature", "properties": { "idcar_200m": "CRS3035RES200mN2534800E3919000", "population": 326.5, "median_education": 2.9125, "median_healthcare": 4.9985, "median_services": 0.727, "median_commerce": 17.503, "median_entertainment": 9.1665, "PC1_pos": 0.18853682724429444, "nivvie": 25939.331393568144, "rel_education": 0.14328623913799235, "rel_sante": 0.10436359559064415, "rel_services": 0.057394525555945423, "rel_commerce": 0.10598780604097677, "rel_loisirs": 0.23816062571541693, "rel_pc1": 0.089935542789006923, "q_revenu": 3, "q_population": 3 }, "geometry": { "type": "Polygon", "coordinates": [ [ [ 4.831237771426829, 45.800299129316151 ], [ 4.831067013908637, 45.802096011099039 ], [ 4.83363147567252, 45.802220969820858 ], [ 4.833802149177884, 45.800424083270542 ], [ 4.831237771426829, 45.800299129316151 ] ] ] } },
{ "type": "Feature", "properties": { "idcar_200m": "CRS3035RES200mN2534800E3919200", "population": 70.5, "median_education": 2.478, "median_healthcare": 4.219, "median_services": 0.639, "median_commerce": 16.522, "median_entertainment": 8.171, "PC1_pos": 0.15868179953917605, "nivvie": 29303.421276595745, "rel_education": 0.12191014612324295, "rel_sante": 0.088088428487931913, "rel_services": 0.050447182710108847, "rel_commerce": 0.10004745080323475, "rel_loisirs": 0.21229591149519139, "rel_pc1": 0.075694144114351339, "q_revenu": 4, "q_population": 1 }, "geometry": { "type": "Polygon", "coordinates": [ [ [ 4.833802149177884, 45.800424083270542 ], [ 4.83363147567252, 45.802220969820858 ], [ 4.836195948056931, 45.802345866636415 ], [ 4.836366537548076, 45.800548975321021 ], [ 4.833802149177884, 45.800424083270542 ] ] ] } },
{ "type": "Feature", "properties": { "idcar_200m": "CRS3035RES200mN2534800E3919400", "population": 91.0, "median_education": 1.633, "median_healthcare": 2.786, "median_services": 0.485, "median_commerce": 12.32, "median_entertainment": 5.648, "PC1_pos": 0.091828683146902179, "nivvie": 33169.731868131872, "rel_education": 0.08033868790123315, "rel_sante": 0.058168846116942001, "rel_services": 0.038289332729894814, "rel_commerce": 0.074602626431173727, "rel_loisirs": 0.14674425506362024, "rel_pc1": 0.043803974974689228, "q_revenu": 5, "q_population": 1 }, "geometry": { "type": "Polygon", "coordinates": [ [ [ 4.836366537548076, 45.800548975321021 ], [ 4.836195948056931, 45.802345866636415 ], [ 4.838760431056714, 45.802470701545282 ], [ 4.838930936532242, 45.800673805467156 ], [ 4.836366537548076, 45.800548975321021 ] ] ] } },
{ "type": "Feature", "properties": { "idcar_200m": "CRS3035RES200mN2535000E3918000", "population": 54.0, "median_education": 2.4935, "median_healthcare": 5.0365, "median_services": 0.7155, "median_commerce": 9.169, "median_entertainment": 6.207, "PC1_pos": 0.12934175545980575, "nivvie": 35057.801851851851, "rel_education": 0.12267269949891295, "rel_sante": 0.10515699693753712, "rel_services": 0.056486634161319056, "rel_commerce": 0.055522035856122726, "rel_loisirs": 0.1612679871069212, "rel_pc1": 0.061698402124313108, "q_revenu": 5, "q_population": 1 }, "geometry": { "type": "Polygon", "coordinates": [ [ [ 4.818244864577989, 45.801470288910402 ], [ 4.818073672334579, 45.803267144380264 ], [ 4.820638164931297, 45.803392417406734 ], [ 4.820809273161736, 45.801595557157356 ], [ 4.818244864577989, 45.801470288910402 ] ] ] } },
{ "type": "Feature", "properties": { "idcar_200m": "CRS3035RES200mN2535000E3918200", "population": 30.0, "median_education": 3.155, "median_healthcare": 6.492, "median_services": 0.912, "median_commerce": 12.138, "median_entertainment": 8.165, "PC1_pos": 0.1658624572954539, "nivvie": 38494.81, "rel_education": 0.15521650969282949, "rel_sante": 0.13554635642181892, "rel_services": 0.071999734947760977, "rel_commerce": 0.073500542177076841, "rel_loisirs": 0.21214002170581786, "rel_pc1": 0.079119450259214796, "q_revenu": 5, "q_population": 1 }, "geometry": { "type": "Polygon", "coordinates": [ [ [ 4.820809273161736, 45.801595557157356 ], [ 4.820638164931297, 45.803392417406734 ], [ 4.823202668175772, 45.803517628526656 ], [ 4.823373692391837, 45.801720763500114 ], [ 4.820809273161736, 45.801595557157356 ] ] ] } },
{ "type": "Feature", "properties": { "idcar_200m": "CRS3035RES200mN2535000E3918400", "population": 108.0, "median_education": 2.94, "median_healthcare": 7.013, "median_services": 1.02, "median_commerce": 13.727, "median_entertainment": 9.198, "PC1_pos": 0.21072577135292248, "nivvie": 26203.871296296296, "rel_education": 0.14463915641740688, "rel_sante": 0.1464243064673777, "rel_services": 0.080526019349469513, "rel_commerce": 0.08312258547246118, "rel_loisirs": 0.23897904710962803, "rel_pc1": 0.10052007824286102, "q_revenu": 3, "q_population": 1 }, "geometry": { "type": "Polygon", "coordinates": [ [ [ 4.823373692391837, 45.801720763500114 ], [ 4.823202668175772, 45.803517628526656 ], [ 4.825767182062833, 45.803642777739654 ], [ 4.825938122263131, 45.801845907938265 ], [ 4.823373692391837, 45.801720763500114 ] ] ] } },
{ "type": "Feature", "properties": { "idcar_200m": "CRS3035RES200mN2535000E3918600", "population": 65.0, "median_education": 2.853, "median_healthcare": 7.172, "median_services": 0.8585, "median_commerce": 15.7465, "median_entertainment": 9.058, "PC1_pos": 0.1825039646120139, "nivvie": 42473.966153846151, "rel_education": 0.14035901811525911, "rel_sante": 0.14974406473464039, "rel_services": 0.067776066285803516, "rel_commerce": 0.095351481907343924, "rel_loisirs": 0.23534161869091222, "rel_pc1": 0.08705775608104116, "q_revenu": 5, "q_population": 1 }, "geometry": { "type": "Polygon", "coordinates": [ [ [ 4.825938122263131, 45.801845907938265 ], [ 4.825767182062833, 45.803642777739654 ], [ 4.828331706587324, 45.803767865045273 ], [ 4.828502562770454, 45.801970990471375 ], [ 4.825938122263131, 45.801845907938265 ] ] ] } },
{ "type": "Feature", "properties": { "idcar_200m": "CRS3035RES200mN2535000E3918800", "population": 308.5, "median_education": 2.0085, "median_healthcare": 3.365, "median_services": 0.4555, "median_commerce": 11.563, "median_entertainment": 6.084, "PC1_pos": 0.10084342877632113, "nivvie": 18523.521555915722, "rel_education": 0.098812158389238694, "rel_sante": 0.070257777165653207, "rel_services": 0.035960393934983688, "rel_commerce": 0.070018682583089423, "rel_loisirs": 0.15807224642476372, "rel_pc1": 0.048104174851480969, "q_revenu": 1, "q_population": 3 }, "geometry": { "type": "Polygon", "coordinates": [ [ [ 4.828502562770454, 45.801970990471375 ], [ 4.828331706587324, 45.803767865045273 ], [ 4.830896241744071, 45.803892890443116 ], [ 4.831067013908637, 45.802096011099039 ], [ 4.828502562770454, 45.801970990471375 ] ] ] } },
{ "type": "Feature", "properties": { "idcar_200m": "CRS3035RES200mN2535000E3919000", "population": 168.0, "median_education": 2.1495, "median_healthcare": 3.4905, "median_services": 0.4865, "median_commerce": 12.6575, "median_entertainment": 6.577, "PC1_pos": 0.11526182239002036, "nivvie": 32591.01011904762, "rel_education": 0.10574893425823675, "rel_sante": 0.072878089508681285, "rel_services": 0.038407753346585215, "rel_commerce": 0.07664632662764459, "rel_loisirs": 0.17088119078495581, "rel_pc1": 0.054982014447844674, "q_revenu": 5, "q_population": 2 }, "geometry": { "type": "Polygon", "coordinates": [ [ [ 4.831067013908637, 45.802096011099039 ], [ 4.830896241744071, 45.803892890443116 ], [ 4.833460787527912, 45.80401785393277 ], [ 4.83363147567252, 45.802220969820858 ], [ 4.831067013908637, 45.802096011099039 ] ] ] } },
{ "type": "Feature", "properties": { "idcar_200m": "CRS3035RES200mN2535000E3919200", "population": 25.0, "median_education": 1.7835, "median_healthcare": 2.529, "median_services": 0.378, "median_commerce": 11.2755, "median_entertainment": 5.6075, "PC1_pos": 0.087114063391196872, "nivvie": 37496.356, "rel_education": 0.087742835194028979, "rel_sante": 0.052802947534008014, "rel_services": 0.029841995405979878, "rel_commerce": 0.068277752786095727, "rel_loisirs": 0.1456919989853489, "rel_pc1": 0.041555014424272604, "q_revenu": 5, "q_population": 1 }, "geometry": { "type": "Polygon", "coordinates": [ [ [ 4.83363147567252, 45.802220969820858 ], [ 4.833460787527912, 45.80401785393277 ], [ 4.836025343933681, 45.804142755513823 ], [ 4.836195948056931, 45.802345866636415 ], [ 4.83363147567252, 45.802220969820858 ] ] ] } },
{ "type": "Feature", "properties": { "idcar_200m": "CRS3035RES200mN2535000E3919400", "population": 259.5, "median_education": 1.9065, "median_healthcare": 2.4315, "median_services": 0.3745, "median_commerce": 10.9415, "median_entertainment": 5.345, "PC1_pos": 0.078762277347707688, "nivvie": 21990.733333333334, "rel_education": 0.093794065207410279, "rel_sante": 0.050767246709743169, "rel_services": 0.029565680633702286, "rel_commerce": 0.066255246517588268, "rel_loisirs": 0.13887182070025678, "rel_pc1": 0.037571058493447516, "q_revenu": 1, "q_population": 2 }, "geometry": { "type": "Polygon", "coordinates": [ [ [ 4.836195948056931, 45.802345866636415 ], [ 4.836025343933681, 45.804142755513823 ], [ 4.838589910956208, 45.804267595185891 ], [ 4.838760431056714, 45.802470701545282 ], [ 4.836195948056931, 45.802345866636415 ] ] ] } },
{ "type": "Feature", "properties": { "idcar_200m": "CRS3035RES200mN2535200E3918200", "population": 202.0, "median_education": 1.922, "median_healthcare": 3.922, "median_services": 0.5165, "median_commerce": 7.1955, "median_entertainment": 4.8835, "PC1_pos": 0.083103368745303996, "nivvie": 30399.028712871288, "rel_education": 0.094556618583080287, "rel_sante": 0.081887370592479011, "rel_services": 0.040776165680393141, "rel_commerce": 0.043571688188758971, "rel_loisirs": 0.12688129773427576, "rel_pc1": 0.039641839130026446, "q_revenu": 4, "q_population": 2 }, "geometry": { "type": "Polygon", "coordinates": [ [ [ 4.820638164931297, 45.803392417406734 ], [ 4.820467042024191, 45.805189275215987 ], [ 4.823031629290167, 45.805314491113513 ], [ 4.823202668175772, 45.803517628526656 ], [ 4.820638164931297, 45.803392417406734 ] ] ] } },
{ "type": "Feature", "properties": { "idcar_200m": "CRS3035RES200mN2535200E3918400", "population": 378.5, "median_education": 2.123, "median_healthcare": 5.013, "median_services": 0.731, "median_commerce": 10.011, "median_entertainment": 6.868, "PC1_pos": 0.128389898860513, "nivvie": 25203.134214002643, "rel_education": 0.10444521397080098, "rel_sante": 0.10466634084143225, "rel_services": 0.05771031386711982, "rel_commerce": 0.060620689383318195, "rel_loisirs": 0.17844184556957224, "rel_pc1": 0.061244348976363557, "q_revenu": 2, "q_population": 3 }, "geometry": { "type": "Polygon", "coordinates": [ [ [ 4.823202668175772, 45.803517628526656 ], [ 4.823031629290167, 45.805314491113513 ], [ 4.825596227200132, 45.805439645101764 ], [ 4.825767182062833, 45.803642777739654 ], [ 4.823202668175772, 45.803517628526656 ] ] ] } },
{ "type": "Feature", "properties": { "idcar_200m": "CRS3035RES200mN2535200E3918600", "population": 24.0, "median_education": 1.7205, "median_healthcare": 3.6475, "median_services": 0.442, "median_commerce": 8.995, "median_entertainment": 5.4435, "PC1_pos": 0.087665679938916163, "nivvie": 42165.741666666669, "rel_education": 0.084643424699370251, "rel_sante": 0.076156089810318003, "rel_services": 0.034894608384770126, "rel_commerce": 0.054468394865942189, "rel_loisirs": 0.14143101140913897, "rel_pc1": 0.041818145688098586, "q_revenu": 5, "q_population": 1 }, "geometry": { "type": "Polygon", "coordinates": [ [ [ 4.825767182062833, 45.803642777739654 ], [ 4.825596227200132, 45.805439645101764 ], [ 4.828160835748921, 45.805564737180305 ], [ 4.828331706587324, 45.803767865045273 ], [ 4.825767182062833, 45.803642777739654 ] ] ] } },
{ "type": "Feature", "properties": { "idcar_200m": "CRS3035RES200mN2535200E3918800", "population": 89.0, "median_education": 1.329, "median_healthcare": 2.013, "median_services": 0.277, "median_commerce": 7.427, "median_entertainment": 3.919, "PC1_pos": 0.039024181399577085, "nivvie": 43602.110112359551, "rel_education": 0.065382802339705351, "rel_sante": 0.04202939240251409, "rel_services": 0.021868340548826526, "rel_commerce": 0.044973515138338249, "rel_loisirs": 0.10182201409248012, "rel_pc1": 0.018615254045407426, "q_revenu": 5, "q_population": 1 }, "geometry": { "type": "Polygon", "coordinates": [ [ [ 4.828331706587324, 45.803767865045273 ], [ 4.828160835748921, 45.805564737180305 ], [ 4.830725454931365, 45.805689767348738 ], [ 4.830896241744071, 45.803892890443116 ], [ 4.828331706587324, 45.803767865045273 ] ] ] } },
{ "type": "Feature", "properties": { "idcar_200m": "CRS3035RES200mN2535200E3919000", "population": 117.0, "median_education": 1.698, "median_healthcare": 2.3, "median_services": 0.327, "median_commerce": 9.518, "median_entertainment": 4.805, "PC1_pos": 0.058552570179104535, "nivvie": 35223.305982905978, "rel_education": 0.083536492379849281, "rel_sante": 0.048021660469837253, "rel_services": 0.025815694438506405, "rel_commerce": 0.057635373244473341, "rel_loisirs": 0.12484173965663868, "rel_pc1": 0.027930655552646393, "q_revenu": 5, "q_population": 2 }, "geometry": { "type": "Polygon", "coordinates": [ [ [ 4.830896241744071, 45.803892890443116 ], [ 4.830725454931365, 45.805689767348738 ], [ 4.833290084742297, 45.805814735606674 ], [ 4.833460787527912, 45.80401785393277 ], [ 4.830896241744071, 45.803892890443116 ] ] ] } },
{ "type": "Feature", "properties": { "idcar_200m": "CRS3035RES200mN2535200E3919200", "population": 288.5, "median_education": 1.8995, "median_healthcare": 2.4375, "median_services": 0.344, "median_commerce": 10.5775, "median_entertainment": 5.2185, "PC1_pos": 0.068246361396085309, "nivvie": 22778.563951473137, "rel_education": 0.093449686263559317, "rel_sante": 0.050892520606621007, "rel_services": 0.027157794760997559, "rel_commerce": 0.064051078009394496, "rel_loisirs": 0.13558514430763144, "rel_pc1": 0.032554772694772839, "q_revenu": 2, "q_population": 3 }, "geometry": { "type": "Polygon", "coordinates": [ [ [ 4.833460787527912, 45.80401785393277 ], [ 4.833290084742297, 45.805814735606674 ], [ 4.835854725176553, 45.805939641953664 ], [ 4.836025343933681, 45.804142755513823 ], [ 4.833460787527912, 45.80401785393277 ] ] ] } },
{ "type": "Feature", "properties": { "idcar_200m": "CRS3035RES200mN2535400E3918800", "population": 21.0, "median_education": 1.181, "median_healthcare": 1.9295, "median_services": 0.2525, "median_commerce": 6.3665, "median_entertainment": 3.512, "PC1_pos": 0.022604036934121829, "nivvie": 42002.838095238098, "rel_education": 0.058101647526856308, "rel_sante": 0.040285997337630865, "rel_services": 0.019934137142883383, "rel_commerce": 0.038551754965427558, "rel_loisirs": 0.091247490046642052, "rel_pc1": 0.010782542384989281, "q_revenu": 5, "q_population": 1 }, "geometry": { "type": "Polygon", "coordinates": [ [ [ 4.828160835748921, 45.805564737180305 ], [ 4.827989950253477, 45.807361606876917 ], [ 4.830554653468749, 45.807486641816375 ], [ 4.830725454931365, 45.805689767348738 ], [ 4.828160835748921, 45.805564737180305 ] ] ] } },
{ "type": "Feature", "properties": { "idcar_200m": "CRS3035RES200mN2535400E3919000", "population": 27.0, "median_education": 1.202, "median_healthcare": 1.599, "median_services": 0.219, "median_commerce": 6.705, "median_entertainment": 3.367, "PC1_pos": 0.020558278089711557, "nivvie": 37496.355555555558, "rel_education": 0.059134784358409208, "rel_sante": 0.033385493517943385, "rel_services": 0.017289410036797865, "rel_commerce": 0.040601510569887977, "rel_loisirs": 0.08748015347011498, "rel_pc1": 0.0098066776970307263, "q_revenu": 5, "q_population": 1 }, "geometry": { "type": "Polygon", "coordinates": [ [ [ 4.830725454931365, 45.805689767348738 ], [ 4.830554653468749, 45.807486641816375 ], [ 4.833119367313908, 45.80761161484299 ], [ 4.833290084742297, 45.805814735606674 ], [ 4.830725454931365, 45.805689767348738 ] ] ] } },
{ "type": "Feature", "properties": { "idcar_200m": "CRS3035RES200mN2535400E3919200", "population": 50.0, "median_education": 1.191, "median_healthcare": 1.565, "median_services": 0.215, "median_commerce": 6.943, "median_entertainment": 3.322, "PC1_pos": 0.020758675536961757, "nivvie": 34250.532, "rel_education": 0.058593617446643403, "rel_sante": 0.032675608102302307, "rel_services": 0.016973621725623476, "rel_commerce": 0.04204269767139928, "rel_loisirs": 0.086310980049813468, "rel_pc1": 0.0099022709742456073, "q_revenu": 5, "q_population": 1 }, "geometry": { "type": "Polygon", "coordinates": [ [ [ 4.833290084742297, 45.805814735606674 ], [ 4.833119367313908, 45.80761161484299 ], [ 4.835684091783788, 45.807736525956322 ], [ 4.835854725176553, 45.805939641953664 ], [ 4.833290084742297, 45.805814735606674 ] ] ] } },
{ "type": "Feature", "properties": { "idcar_200m": "CRS3035RES200mN2535400E3919400", "population": 880.5, "median_education": 1.225, "median_healthcare": 1.571, "median_services": 0.219, "median_commerce": 7.174, "median_entertainment": 3.365, "PC1_pos": 0.022805367928937503, "nivvie": 14801.84724588302, "rel_education": 0.060266315173919539, "rel_sante": 0.032800881999180145, "rel_services": 0.017289410036797865, "rel_commerce": 0.043441496916983798, "rel_loisirs": 0.087428190206990469, "rel_pc1": 0.010878580981605403, "q_revenu": 1, "q_population": 5 }, "geometry": { "type": "Polygon", "coordinates": [ [ [ 4.835854725176553, 45.805939641953664 ], [ 4.835684091783788, 45.807736525956322 ], [ 4.838248826873217, 45.807861375155966 ], [ 4.838419376228966, 45.806064486389317 ], [ 4.835854725176553, 45.805939641953664 ] ] ] } },
{ "type": "Feature", "properties": { "idcar_200m": "CRS3035RES200mN2535600E3919400", "population": 71.0, "median_education": 0.95, "median_healthcare": 1.257, "median_services": 0.173, "median_commerce": 5.817, "median_entertainment": 2.657, "PC1_pos": 0.0, "nivvie": 32050.53661971831, "rel_education": 0.046737142379774332, "rel_sante": 0.026244881395906708, "rel_services": 0.013657844458292377, "rel_commerce": 0.035224308275173505, "rel_loisirs": 0.069033195060913419, "rel_pc1": 0.0, "q_revenu": 4, "q_population": 1 }, "geometry": { "type": "Polygon", "coordinates": [ [ [ 4.835684091783788, 45.807736525956322 ], [ 4.835513443753618, 45.809533407522181 ], [ 4.838078262887198, 45.809658261486284 ], [ 4.838248826873217, 45.807861375155966 ], [ 4.835684091783788, 45.807736525956322 ] ] ] } }
]
}
