{
"type": "FeatureCollection",
"name": "bw950",
"crs": { "type": "name", "properties": { "name": "urn:ogc:def:crs:OGC:1.3:CRS84" } },
"features": [
{ "type": "Feature", "properties": { "idcar_200m": "CRS3035RES200mN2824600E4155800", "population": 6.0, "median_education": 0.713, "median_healthcare": 1.166, "median_services": 0.103, "median_commerce": 1.024, "median_entertainment": 1.466, "PC1_pos": 0.039927078325426191, "nivvie": 29637.116666666669, "rel_education": 0.033229249196066547, "rel_sante": 0.023139300695662241, "rel_services": 0.0099562402533799714, "rel_commerce": 0.010282556314144776, "rel_loisirs": 0.027470221377765273, "rel_pc1": 0.018346873352545683, "q_revenu": 5, "q_population": 1 }, "geometry": { "type": "Polygon", "coordinates": [ [ [ 7.764543159980701, 48.512304035071033 ], [ 7.76446302448701, 48.514102357243672 ], [ 7.767168010244625, 48.514156839153479 ], [ 7.767248048926995, 48.512358514729755 ], [ 7.764543159980701, 48.512304035071033 ] ] ] } },
{ "type": "Feature", "properties": { "idcar_200m": "CRS3035RES200mN2824800E4155600", "population": 1.0, "median_education": 0.967, "median_healthcare": 1.577, "median_services": 0.138, "median_commerce": 1.306, "median_entertainment": 2.084, "PC1_pos": 0.054765764947683149, "nivvie": 29637.1, "rel_education": 0.045066877941930372, "rel_sante": 0.031295606515488295, "rel_services": 0.013339428688994528, "rel_commerce": 0.013114275924094802, "rel_loisirs": 0.039050437483808209, "rel_pc1": 0.025165391400817031, "q_revenu": 5, "q_population": 1 }, "geometry": { "type": "Polygon", "coordinates": [ [ [ 7.761758044093319, 48.514047809393304 ], [ 7.761677804497704, 48.515846127866773 ], [ 7.764382881710754, 48.51590067797116 ], [ 7.76446302448701, 48.514102357243672 ], [ 7.761758044093319, 48.514047809393304 ] ] ] } },
{ "type": "Feature", "properties": { "idcar_200m": "CRS3035RES200mN2825400E4157000", "population": 3.0, "median_education": 1.11, "median_healthcare": 2.384, "median_services": 0.193, "median_commerce": 1.888, "median_entertainment": 2.217, "PC1_pos": 0.069958342013204611, "nivvie": 27587.566666666666, "rel_education": 0.051731369716176541, "rel_sante": 0.047310542760256244, "rel_services": 0.01865586765924597, "rel_commerce": 0.018958463204204429, "rel_loisirs": 0.041542619914396735, "rel_pc1": 0.032146525483508194, "q_revenu": 4, "q_population": 1 }, "geometry": { "type": "Polygon", "coordinates": [ [ [ 7.780454312038416, 48.519823257840613 ], [ 7.780374728498645, 48.521621587706079 ], [ 7.783080133654952, 48.521675682909411 ], [ 7.783159620343815, 48.519877350808315 ], [ 7.780454312038416, 48.519823257840613 ] ] ] } },
{ "type": "Feature", "properties": { "idcar_200m": "CRS3035RES200mN2825800E4155400", "population": 6.0, "median_education": 1.323, "median_healthcare": 3.749, "median_services": 0.329, "median_commerce": 2.623, "median_entertainment": 2.798, "PC1_pos": 0.1195146236700948, "nivvie": 29637.116666666669, "rel_education": 0.061658200121172575, "rel_sante": 0.074399003694715055, "rel_services": 0.031801971294776805, "rel_commerce": 0.02633900899609546, "rel_loisirs": 0.052429522111178198, "rel_pc1": 0.054918109619256299, "q_revenu": 5, "q_population": 1 }, "geometry": { "type": "Polygon", "coordinates": [ [ [ 7.758651313978688, 48.522984762239346 ], [ 7.75857094104962, 48.524783071234793 ], [ 7.761276497116328, 48.524837698569101 ], [ 7.761356773182865, 48.523039387315862 ], [ 7.758651313978688, 48.522984762239346 ] ] ] } },
{ "type": "Feature", "properties": { "idcar_200m": "CRS3035RES200mN2825800E4155600", "population": 6.0, "median_education": 3.0245, "median_healthcare": 6.41, "median_services": 0.5045, "median_commerce": 4.4035, "median_entertainment": 6.2185, "PC1_pos": 0.18839366783819655, "nivvie": 29637.116666666669, "rel_education": 0.14095633126718551, "rel_sante": 0.12720661874716549, "rel_services": 0.048766244736215492, "rel_commerce": 0.044218004618492693, "rel_loisirs": 0.11652358229033655, "rel_pc1": 0.086568687447582129, "q_revenu": 5, "q_population": 1 }, "geometry": { "type": "Polygon", "coordinates": [ [ [ 7.761356773182865, 48.523039387315862 ], [ 7.761276497116328, 48.524837698569101 ], [ 7.763982058557906, 48.524892259946711 ], [ 7.76406223776117, 48.523093946438436 ], [ 7.761356773182865, 48.523039387315862 ] ] ] } },
{ "type": "Feature", "properties": { "idcar_200m": "CRS3035RES200mN2825800E4156000", "population": 2.0, "median_education": 3.5075, "median_healthcare": 6.7915, "median_services": 0.537, "median_commerce": 4.9475, "median_entertainment": 7.094, "PC1_pos": 0.21373365422047308, "nivvie": 27587.55, "rel_education": 0.16346646781935964, "rel_sante": 0.13477749629038602, "rel_services": 0.051907776855000441, "rel_commerce": 0.049680612660382109, "rel_loisirs": 0.13292888844056402, "rel_pc1": 0.098212652906852868, "q_revenu": 4, "q_population": 1 }, "geometry": { "type": "Polygon", "coordinates": [ [ [ 7.766767707707124, 48.523148439606821 ], [ 7.766687625367889, 48.524946755367502 ], [ 7.769393197539791, 48.525001184831183 ], [ 7.769473183014262, 48.523202866820867 ], [ 7.766767707707124, 48.523148439606821 ] ] ] } },
{ "type": "Feature", "properties": { "idcar_200m": "CRS3035RES200mN2826000E4155200", "population": 94.0, "median_education": 2.151, "median_healthcare": 6.325, "median_services": 0.519, "median_commerce": 4.299, "median_entertainment": 4.503, "PC1_pos": 0.16494524008023292, "nivvie": 17946.280851063828, "rel_education": 0.10024700563918533, "rel_sante": 0.12551979150948858, "rel_services": 0.050167851373827246, "rel_commerce": 0.043168661713387103, "rel_loisirs": 0.084378176578497291, "rel_pc1": 0.075793911219647764, "q_revenu": 1, "q_population": 2 }, "geometry": { "type": "Polygon", "coordinates": [ [ [ 7.755865390364252, 48.524728377944079 ], [ 7.755784913258808, 48.526526683235844 ], [ 7.758490560814744, 48.526581378787306 ], [ 7.75857094104962, 48.524783071234793 ], [ 7.755865390364252, 48.524728377944079 ] ] ] } },
{ "type": "Feature", "properties": { "idcar_200m": "CRS3035RES200mN2826000E4155400", "population": 110.0, "median_education": 3.092, "median_healthcare": 8.14, "median_services": 0.676, "median_commerce": 5.686, "median_entertainment": 6.428, "PC1_pos": 0.2189977450047389, "nivvie": 28357.129090909093, "rel_education": 0.14410215780398006, "rel_sante": 0.16153851429047225, "rel_services": 0.065343868070726813, "rel_commerce": 0.057096303908424996, "rel_loisirs": 0.12044923807385756, "rel_pc1": 0.10063155283607018, "q_revenu": 4, "q_population": 2 }, "geometry": { "type": "Polygon", "coordinates": [ [ [ 7.75857094104962, 48.524783071234793 ], [ 7.758490560814744, 48.526581378787306 ], [ 7.761196213752768, 48.526636008379597 ], [ 7.761276497116328, 48.524837698569101 ], [ 7.75857094104962, 48.524783071234793 ] ] ] } },
{ "type": "Feature", "properties": { "idcar_200m": "CRS3035RES200mN2826000E4156000", "population": 394.5, "median_education": 4.466, "median_healthcare": 8.3635, "median_services": 0.655, "median_commerce": 6.1715, "median_entertainment": 8.649, "PC1_pos": 0.26899861860388685, "nivvie": 19972.891001267428, "rel_education": 0.20813720464184182, "rel_sante": 0.16597387767424629, "rel_services": 0.063313955009358075, "rel_commerce": 0.061971480754633289, "rel_loisirs": 0.16206681084330957, "rel_pc1": 0.12360743121022168, "q_revenu": 2, "q_population": 4 }, "geometry": { "type": "Polygon", "coordinates": [ [ [ 7.766687625367889, 48.524946755367502 ], [ 7.766607535749199, 48.526745069685873 ], [ 7.76931320479466, 48.526799501399424 ], [ 7.769393197539791, 48.525001184831183 ], [ 7.766687625367889, 48.524946755367502 ] ] ] } },
{ "type": "Feature", "properties": { "idcar_200m": "CRS3035RES200mN2826000E4156200", "population": 7.0, "median_education": 4.4695, "median_healthcare": 8.397, "median_services": 0.675, "median_commerce": 6.2775, "median_entertainment": 8.8235, "PC1_pos": 0.27012481182929093, "nivvie": 26497.057142857142, "rel_education": 0.2083003215733793, "rel_sante": 0.16663868605615426, "rel_services": 0.065247205543994977, "rel_commerce": 0.06303588599808968, "rel_loisirs": 0.16533662914509678, "rel_pc1": 0.12412492773998468, "q_revenu": 4, "q_population": 1 }, "geometry": { "type": "Polygon", "coordinates": [ [ [ 7.769393197539791, 48.525001184831183 ], [ 7.76931320479466, 48.526799501399424 ], [ 7.772018879196319, 48.526853867152937 ], [ 7.772098775067154, 48.525055548337612 ], [ 7.769393197539791, 48.525001184831183 ] ] ] } },
{ "type": "Feature", "properties": { "idcar_200m": "CRS3035RES200mN2826000E4157200", "population": 1.0, "median_education": 1.5815, "median_healthcare": 3.265, "median_services": 0.284, "median_commerce": 2.628, "median_entertainment": 3.141, "PC1_pos": 0.095489999896859246, "nivvie": 27587.6, "rel_education": 0.073705550636156039, "rel_sante": 0.064794010953119388, "rel_services": 0.027452157591843804, "rel_commerce": 0.026389216790598118, "rel_loisirs": 0.058856729432169665, "rel_pc1": 0.043878565826005154, "q_revenu": 4, "q_population": 1 }, "geometry": { "type": "Polygon", "coordinates": [ [ [ 7.782921138601742, 48.525272342786259 ], [ 7.782841630235524, 48.527070670562871 ], [ 7.785547331321103, 48.527124706513248 ], [ 7.785626742809316, 48.525326376503088 ], [ 7.782921138601742, 48.525272342786259 ] ] ] } },
{ "type": "Feature", "properties": { "idcar_200m": "CRS3035RES200mN2826200E4155200", "population": 57.0, "median_education": 2.797, "median_healthcare": 7.928, "median_services": 0.656, "median_commerce": 5.575, "median_entertainment": 5.841, "PC1_pos": 0.20918610459288134, "nivvie": 31801.782456140354, "rel_education": 0.13035373071724846, "rel_sante": 0.15733136870944275, "rel_services": 0.063410617536089925, "rel_commerce": 0.05598169087046595, "rel_loisirs": 0.10944990659449316, "rel_pc1": 0.096123010474170517, "q_revenu": 5, "q_population": 2 }, "geometry": { "type": "Polygon", "coordinates": [ [ [ 7.755784913258808, 48.526526683235844 ], [ 7.755704428837817, 48.528324987084908 ], [ 7.758410173273108, 48.528379684897288 ], [ 7.758490560814744, 48.526581378787306 ], [ 7.755784913258808, 48.526526683235844 ] ] ] } },
{ "type": "Feature", "properties": { "idcar_200m": "CRS3035RES200mN2826200E4155400", "population": 97.0, "median_education": 3.332, "median_healthcare": 9.265, "median_services": 0.837, "median_commerce": 6.559, "median_entertainment": 7.074, "PC1_pos": 0.24914655878113878, "nivvie": 30182.593814432992, "rel_education": 0.1552873188236939, "rel_sante": 0.18386416890678448, "rel_services": 0.080906534874553751, "rel_commerce": 0.065862584828589449, "rel_loisirs": 0.13255412416528756, "rel_pc1": 0.11448522035405752, "q_revenu": 5, "q_population": 2 }, "geometry": { "type": "Polygon", "coordinates": [ [ [ 7.758490560814744, 48.526581378787306 ], [ 7.758410173273108, 48.528379684897288 ], [ 7.761115923091241, 48.52843431674782 ], [ 7.761196213752768, 48.526636008379597 ], [ 7.758490560814744, 48.526581378787306 ] ] ] } },
{ "type": "Feature", "properties": { "idcar_200m": "CRS3035RES200mN2826200E4156000", "population": 203.0, "median_education": 5.2895, "median_healthcare": 9.994, "median_services": 0.818, "median_commerce": 7.4585, "median_entertainment": 10.027, "PC1_pos": 0.3196415935976118, "nivvie": 20255.08078817734, "rel_education": 0.24651628839073497, "rel_sante": 0.19833119309815475, "rel_services": 0.079069946866648713, "rel_commerce": 0.074894967059617984, "rel_loisirs": 0.18788806940985839, "rel_pc1": 0.14687836130014811, "q_revenu": 2, "q_population": 3 }, "geometry": { "type": "Polygon", "coordinates": [ [ [ 7.766607535749199, 48.526745069685873 ], [ 7.766527438850119, 48.528543382562354 ], [ 7.769233204777922, 48.528597816525959 ], [ 7.76931320479466, 48.526799501399424 ], [ 7.766607535749199, 48.526745069685873 ] ] ] } },
{ "type": "Feature", "properties": { "idcar_200m": "CRS3035RES200mN2826200E4156200", "population": 169.5, "median_education": 5.726, "median_healthcare": 10.626, "median_services": 0.9395, "median_commerce": 8.0725, "median_entertainment": 10.821, "PC1_pos": 0.34480395403435882, "nivvie": 26374.378171091445, "rel_education": 0.26685929999533953, "rel_sante": 0.21087324973594082, "rel_services": 0.090814443864567815, "rel_commerce": 0.081060484224544635, "rel_loisirs": 0.20276621113833426, "rel_pc1": 0.15844070594308476, "q_revenu": 4, "q_population": 3 }, "geometry": { "type": "Polygon", "coordinates": [ [ [ 7.76931320479466, 48.526799501399424 ], [ 7.769233204777922, 48.528597816525959 ], [ 7.77193897606267, 48.528652184526834 ], [ 7.772018879196319, 48.526853867152937 ], [ 7.76931320479466, 48.526799501399424 ] ] ] } },
{ "type": "Feature", "properties": { "idcar_200m": "CRS3035RES200mN2826200E4156400", "population": 16.0, "median_education": 5.289, "median_healthcare": 10.645, "median_services": 1.008, "median_commerce": 8.508, "median_entertainment": 10.405, "PC1_pos": 0.33799233572568577, "nivvie": 26497.05625, "rel_education": 0.24649298597194386, "rel_sante": 0.21125030523612739, "rel_services": 0.097435826945699147, "rel_commerce": 0.085433583125726312, "rel_loisirs": 0.19497111421258367, "rel_pc1": 0.15531070235462979, "q_revenu": 4, "q_population": 1 }, "geometry": { "type": "Polygon", "coordinates": [ [ [ 7.772018879196319, 48.526853867152937 ], [ 7.77193897606267, 48.528652184526834 ], [ 7.774644752697891, 48.528706486564772 ], [ 7.774724558947709, 48.526908166946285 ], [ 7.772018879196319, 48.526853867152937 ] ] ] } },
{ "type": "Feature", "properties": { "idcar_200m": "CRS3035RES200mN2826400E4155200", "population": 20.0, "median_education": 3.318, "median_healthcare": 9.512, "median_services": 0.856, "median_commerce": 6.718, "median_entertainment": 6.9385, "PC1_pos": 0.25166333213411352, "nivvie": 34219.07, "rel_education": 0.15463485109754393, "rel_sante": 0.18876589040921035, "rel_services": 0.082743122882458803, "rel_commerce": 0.067459192693774025, "rel_loisirs": 0.13001509620028945, "rel_pc1": 0.11564170171709991, "q_revenu": 5, "q_population": 1 }, "geometry": { "type": "Polygon", "coordinates": [ [ [ 7.755704428837817, 48.528324987084908 ], [ 7.755623937100327, 48.530123289491691 ], [ 7.758329778423767, 48.530177989565239 ], [ 7.758410173273108, 48.528379684897288 ], [ 7.755704428837817, 48.528324987084908 ] ] ] } },
{ "type": "Feature", "properties": { "idcar_200m": "CRS3035RES200mN2826400E4155400", "population": 64.0, "median_education": 3.9485, "median_healthcare": 11.25, "median_services": 1.028, "median_commerce": 8.115, "median_entertainment": 8.282, "PC1_pos": 0.30379947450518063, "nivvie": 24337.504687500001, "rel_education": 0.18401920119308385, "rel_sante": 0.22325654616312196, "rel_services": 0.099369077480336035, "rel_commerce": 0.081487250477817241, "rel_loisirs": 0.15518988639198636, "rel_pc1": 0.13959875646014938, "q_revenu": 3, "q_population": 2 }, "geometry": { "type": "Polygon", "coordinates": [ [ [ 7.758410173273108, 48.528379684897288 ], [ 7.758329778423767, 48.530177989565239 ], [ 7.761035625130793, 48.530232623674181 ], [ 7.761115923091241, 48.52843431674782 ], [ 7.758410173273108, 48.528379684897288 ] ] ] } },
{ "type": "Feature", "properties": { "idcar_200m": "CRS3035RES200mN2826400E4155600", "population": 74.0, "median_education": 4.953, "median_healthcare": 12.477, "median_services": 1.157, "median_commerce": 9.423, "median_entertainment": 9.898, "PC1_pos": 0.34909857214926698, "nivvie": 24337.537837837837, "rel_education": 0.23083376054434451, "rel_sante": 0.24760639346464647, "rel_services": 0.11183854342874397, "rel_commerce": 0.094621609519713115, "rel_loisirs": 0.18547083983432516, "rel_pc1": 0.16041412393299043, "q_revenu": 3, "q_population": 2 }, "geometry": { "type": "Polygon", "coordinates": [ [ [ 7.761115923091241, 48.52843431674782 ], [ 7.761035625130793, 48.530232623674181 ], [ 7.763741477214928, 48.530287191818317 ], [ 7.763821678285732, 48.528488882636239 ], [ 7.761115923091241, 48.52843431674782 ] ] ] } },
{ "type": "Feature", "properties": { "idcar_200m": "CRS3035RES200mN2826400E4155800", "population": 49.5, "median_education": 5.8, "median_healthcare": 12.661, "median_services": 1.137, "median_commerce": 9.806, "median_entertainment": 11.096, "PC1_pos": 0.38028980776329302, "nivvie": 26107.234343434346, "rel_education": 0.27030805797641794, "rel_sante": 0.25125787830855884, "rel_services": 0.10990529289410708, "rel_commerce": 0.098467526578616862, "rel_loisirs": 0.20791921992338575, "rel_pc1": 0.17474679422896655, "q_revenu": 4, "q_population": 2 }, "geometry": { "type": "Polygon", "coordinates": [ [ [ 7.763821678285732, 48.528488882636239 ], [ 7.763741477214928, 48.530287191818317 ], [ 7.766447334669701, 48.530341693997414 ], [ 7.766527438850119, 48.528543382562354 ], [ 7.763821678285732, 48.528488882636239 ] ] ] } },
{ "type": "Feature", "properties": { "idcar_200m": "CRS3035RES200mN2826400E4156000", "population": 103.5, "median_education": 6.7285, "median_healthcare": 13.689, "median_services": 1.226, "median_commerce": 10.37, "median_entertainment": 12.672, "PC1_pos": 0.4211767759482079, "nivvie": 26497.056038647341, "rel_education": 0.3135806496714359, "rel_sante": 0.2716585653712868, "rel_services": 0.11850825777324123, "rel_commerce": 0.10413096579851694, "rel_loisirs": 0.23745064481517161, "rel_pc1": 0.19353474612827926, "q_revenu": 4, "q_population": 2 }, "geometry": { "type": "Polygon", "coordinates": [ [ [ 7.766527438850119, 48.528543382562354 ], [ 7.766447334669701, 48.530341693997414 ], [ 7.769153197488636, 48.530396130211287 ], [ 7.769233204777922, 48.528597816525959 ], [ 7.766527438850119, 48.528543382562354 ] ] ] } },
{ "type": "Feature", "properties": { "idcar_200m": "CRS3035RES200mN2826400E4156200", "population": 163.0, "median_education": 7.282, "median_healthcare": 14.087, "median_services": 1.308, "median_commerce": 11.081, "median_entertainment": 13.505, "PC1_pos": 0.44653004828465614, "nivvie": 25688.291411042945, "rel_education": 0.33937642727315093, "rel_sante": 0.27955688584887994, "rel_services": 0.12643458496525248, "rel_commerce": 0.11127051417679518, "rel_loisirs": 0.25305957688043662, "rel_pc1": 0.20518481661022581, "q_revenu": 3, "q_population": 3 }, "geometry": { "type": "Polygon", "coordinates": [ [ [ 7.769233204777922, 48.528597816525959 ], [ 7.769153197488636, 48.530396130211287 ], [ 7.771859065665264, 48.530450500459736 ], [ 7.77193897606267, 48.528652184526834 ], [ 7.769233204777922, 48.528597816525959 ] ] ] } },
{ "type": "Feature", "properties": { "idcar_200m": "CRS3035RES200mN2826400E4156400", "population": 142.0, "median_education": 6.287, "median_healthcare": 13.2, "median_services": 1.284, "median_commerce": 10.764, "median_entertainment": 12.498, "PC1_pos": 0.4161622511976959, "nivvie": 21039.401408450703, "rel_education": 0.29300461387892063, "rel_sante": 0.26195434749806312, "rel_services": 0.1241146843236882, "rel_commerce": 0.10808734000532652, "rel_loisirs": 0.2341901956202663, "rel_pc1": 0.19123052417216727, "q_revenu": 2, "q_population": 3 }, "geometry": { "type": "Polygon", "coordinates": [ [ [ 7.77193897606267, 48.528652184526834 ], [ 7.771859065665264, 48.530450500459736 ], [ 7.774564939193104, 48.530504804742485 ], [ 7.774644752697891, 48.528706486564772 ], [ 7.77193897606267, 48.528652184526834 ] ] ] } },
{ "type": "Feature", "properties": { "idcar_200m": "CRS3035RES200mN2826600E4155400", "population": 2.0, "median_education": 5.0655, "median_healthcare": 14.501, "median_services": 1.3635, "median_commerce": 10.4705, "median_entertainment": 10.5575, "PC1_pos": 0.39081337654307013, "nivvie": 34219.05, "rel_education": 0.23607680477233536, "rel_sante": 0.28777272674768284, "rel_services": 0.13179935519886984, "rel_commerce": 0.10514014246802038, "rel_loisirs": 0.19782869181156679, "rel_pc1": 0.17958247446696737, "q_revenu": 5, "q_population": 1 }, "geometry": { "type": "Polygon", "coordinates": [ [ [ 7.758329778423767, 48.530177989565239 ], [ 7.758249376265772, 48.531976292791548 ], [ 7.760955319870483, 48.532030929159134 ], [ 7.761035625130793, 48.530232623674181 ], [ 7.758329778423767, 48.530177989565239 ] ] ] } },
{ "type": "Feature", "properties": { "idcar_200m": "CRS3035RES200mN2826600E4155600", "population": 93.0, "median_education": 5.636, "median_healthcare": 15.992, "median_services": 1.517, "median_commerce": 11.812, "median_entertainment": 11.791, "PC1_pos": 0.42768316828458497, "nivvie": 33718.877419354838, "rel_education": 0.2626648646129468, "rel_sante": 0.31736166099916863, "rel_services": 0.14663705305220795, "rel_commerce": 0.11861089373308407, "rel_loisirs": 0.22094227848924308, "rel_pc1": 0.1965244954709319, "q_revenu": 5, "q_population": 2 }, "geometry": { "type": "Polygon", "coordinates": [ [ [ 7.761035625130793, 48.530232623674181 ], [ 7.760955319870483, 48.532030929159134 ], [ 7.763661268853049, 48.53208549955918 ], [ 7.763741477214928, 48.530287191818317 ], [ 7.761035625130793, 48.530232623674181 ] ] ] } },
{ "type": "Feature", "properties": { "idcar_200m": "CRS3035RES200mN2826600E4155800", "population": 180.0, "median_education": 5.987, "median_healthcare": 14.407, "median_services": 1.344, "median_commerce": 11.196, "median_entertainment": 11.812, "PC1_pos": 0.41931493558329391, "nivvie": 24299.965, "rel_education": 0.27902316260427834, "rel_sante": 0.28590729427307537, "rel_services": 0.12991443592759888, "rel_commerce": 0.11242529345035636, "rel_loisirs": 0.22133578097828335, "rel_pc1": 0.19267921272061736, "q_revenu": 3, "q_population": 3 }, "geometry": { "type": "Polygon", "coordinates": [ [ [ 7.763741477214928, 48.530287191818317 ], [ 7.763661268853049, 48.53208549955918 ], [ 7.766367223207004, 48.532140003991486 ], [ 7.766447334669701, 48.530341693997414 ], [ 7.763741477214928, 48.530287191818317 ] ] ] } },
{ "type": "Feature", "properties": { "idcar_200m": "CRS3035RES200mN2826600E4156000", "population": 255.0, "median_education": 7.2665, "median_healthcare": 16.878, "median_services": 1.5865, "median_commerce": 13.415, "median_entertainment": 14.195, "PC1_pos": 0.49540005765841211, "nivvie": 23587.073725490194, "rel_education": 0.33865405229062773, "rel_sante": 0.33494435432365982, "rel_services": 0.15335509866007113, "rel_commerce": 0.13470751265063688, "rel_loisirs": 0.26598894437747483, "rel_pc1": 0.22764105208556346, "q_revenu": 3, "q_population": 4 }, "geometry": { "type": "Polygon", "coordinates": [ [ [ 7.766447334669701, 48.530341693997414 ], [ 7.766367223207004, 48.532140003991486 ], [ 7.769073182925861, 48.532194442455825 ], [ 7.769153197488636, 48.530396130211287 ], [ 7.766447334669701, 48.530341693997414 ] ] ] } },
{ "type": "Feature", "properties": { "idcar_200m": "CRS3035RES200mN2826600E4156200", "population": 246.0, "median_education": 7.404, "median_healthcare": 16.111, "median_services": 1.531, "median_commerce": 12.963, "median_entertainment": 14.339, "PC1_pos": 0.49839396232664246, "nivvie": 20335.674796747968, "rel_education": 0.34506221745817212, "rel_sante": 0.31972321913191631, "rel_services": 0.14799032842645377, "rel_commerce": 0.13016872802759641, "rel_loisirs": 0.2686872471594654, "rel_pc1": 0.22901677983929289, "q_revenu": 2, "q_population": 3 }, "geometry": { "type": "Polygon", "coordinates": [ [ [ 7.769153197488636, 48.530396130211287 ], [ 7.769073182925861, 48.532194442455825 ], [ 7.771779148003156, 48.532248814952027 ], [ 7.771859065665264, 48.530450500459736 ], [ 7.769153197488636, 48.530396130211287 ] ] ] } },
{ "type": "Feature", "properties": { "idcar_200m": "CRS3035RES200mN2826600E4156400", "population": 203.5, "median_education": 6.97, "median_healthcare": 15.958, "median_services": 1.557, "median_commerce": 13.105, "median_entertainment": 14.147, "PC1_pos": 0.48454201902579497, "nivvie": 17474.8914004914, "rel_education": 0.32483571794752292, "rel_sante": 0.31668693010409782, "rel_services": 0.15050355412148173, "rel_commerce": 0.13159462939147196, "rel_loisirs": 0.26508951011681131, "rel_pc1": 0.22265167975969472, "q_revenu": 1, "q_population": 3 }, "geometry": { "type": "Polygon", "coordinates": [ [ [ 7.771859065665264, 48.530450500459736 ], [ 7.771779148003156, 48.532248814952027 ], [ 7.774485118432407, 48.532303121479814 ], [ 7.774564939193104, 48.530504804742485 ], [ 7.771859065665264, 48.530450500459736 ] ] ] } },
{ "type": "Feature", "properties": { "idcar_200m": "CRS3035RES200mN2826800E4155600", "population": 5.0, "median_education": 6.068, "median_healthcare": 18.669, "median_services": 1.731, "median_commerce": 13.465, "median_entertainment": 12.919, "PC1_pos": 0.48580336766508592, "nivvie": 34219.08, "rel_education": 0.2827981544484317, "rel_sante": 0.37048679647282884, "rel_services": 0.16732283377282267, "rel_commerce": 0.13520959059566348, "rel_loisirs": 0.24207898361483601, "rel_pc1": 0.22323128149137816, "q_revenu": 5, "q_population": 1 }, "geometry": { "type": "Polygon", "coordinates": [ [ [ 7.760955319870483, 48.532030929159134 ], [ 7.760875007309363, 48.5338292332031 ], [ 7.763581053199156, 48.53388380585929 ], [ 7.763661268853049, 48.53208549955918 ], [ 7.760955319870483, 48.532030929159134 ] ] ] } },
{ "type": "Feature", "properties": { "idcar_200m": "CRS3035RES200mN2826800E4155800", "population": 66.0, "median_education": 6.6955, "median_healthcare": 17.435, "median_services": 1.666, "median_commerce": 14.013, "median_entertainment": 13.4655, "PC1_pos": 0.49592933127897543, "nivvie": 30645.64393939394, "rel_education": 0.31204269003122526, "rel_sante": 0.345998033987025, "rel_services": 0.16103976953525276, "rel_commerce": 0.14071236487315503, "rel_loisirs": 0.25231941743676556, "rel_pc1": 0.22788425836292173, "q_revenu": 5, "q_population": 2 }, "geometry": { "type": "Polygon", "coordinates": [ [ [ 7.763661268853049, 48.53208549955918 ], [ 7.763581053199156, 48.53388380585929 ], [ 7.766287104461077, 48.533938312545018 ], [ 7.766367223207004, 48.532140003991486 ], [ 7.763661268853049, 48.53208549955918 ] ] ] } },
{ "type": "Feature", "properties": { "idcar_200m": "CRS3035RES200mN2826800E4156000", "population": 275.0, "median_education": 7.6525, "median_healthcare": 19.5485, "median_services": 1.9025, "median_commerce": 16.0645, "median_entertainment": 15.179, "PC1_pos": 0.5601556074670706, "nivvie": 20149.220727272728, "rel_education": 0.3566435195973342, "rel_sante": 0.38794049712620354, "rel_services": 0.18390045710733394, "rel_commerce": 0.16131262295759646, "rel_loisirs": 0.28442734672107717, "rel_pc1": 0.25739684492195902, "q_revenu": 2, "q_population": 4 }, "geometry": { "type": "Polygon", "coordinates": [ [ [ 7.766367223207004, 48.532140003991486 ], [ 7.766287104461077, 48.533938312545018 ], [ 7.768993161088651, 48.533992753260044 ], [ 7.769073182925861, 48.532194442455825 ], [ 7.766367223207004, 48.532140003991486 ] ] ] } },
{ "type": "Feature", "properties": { "idcar_200m": "CRS3035RES200mN2826800E4156200", "population": 292.0, "median_education": 7.768, "median_healthcare": 19.741, "median_services": 1.943, "median_commerce": 16.497, "median_entertainment": 15.688, "PC1_pos": 0.57731736129493916, "nivvie": 20315.022602739726, "rel_education": 0.3620263783380715, "rel_sante": 0.3917606646938836, "rel_services": 0.18781528943997366, "rel_commerce": 0.16565559718207654, "rel_loisirs": 0.29396509752686334, "rel_pc1": 0.26528283451080803, "q_revenu": 2, "q_population": 4 }, "geometry": { "type": "Polygon", "coordinates": [ [ [ 7.769073182925861, 48.532194442455825 ], [ 7.768993161088651, 48.533992753260044 ], [ 7.771699223075407, 48.53404712800419 ], [ 7.771779148003156, 48.532248814952027 ], [ 7.769073182925861, 48.532194442455825 ] ] ] } },
{ "type": "Feature", "properties": { "idcar_200m": "CRS3035RES200mN2826800E4156400", "population": 122.5, "median_education": 7.405, "median_healthcare": 18.559, "median_services": 1.858, "median_commerce": 15.661, "median_entertainment": 15.373, "PC1_pos": 0.5432814224067819, "nivvie": 21565.696326530611, "rel_education": 0.34510882229575429, "rel_sante": 0.36830384357701162, "rel_services": 0.17959897466776689, "rel_commerce": 0.15726085394123177, "rel_loisirs": 0.28806256019125892, "rel_pc1": 0.24964299592491421, "q_revenu": 2, "q_population": 2 }, "geometry": { "type": "Polygon", "coordinates": [ [ [ 7.771779148003156, 48.532248814952027 ], [ 7.771699223075407, 48.53404712800419 ], [ 7.774405290414862, 48.53410143677727 ], [ 7.774485118432407, 48.532303121479814 ], [ 7.771779148003156, 48.532248814952027 ] ] ] } },
{ "type": "Feature", "properties": { "idcar_200m": "CRS3035RES200mN2826800E4156600", "population": 156.0, "median_education": 6.1595, "median_healthcare": 14.724, "median_services": 1.5265, "median_commerce": 12.355, "median_entertainment": 13.2325, "PC1_pos": 0.43917567441173166, "nivvie": 24661.583333333332, "rel_education": 0.28706249708719761, "rel_sante": 0.29219816761829404, "rel_services": 0.14755534705616047, "rel_commerce": 0.12406346021607297, "rel_loisirs": 0.24795341362979467, "rel_pc1": 0.20180541166268445, "q_revenu": 3, "q_population": 3 }, "geometry": { "type": "Polygon", "coordinates": [ [ [ 7.774485118432407, 48.532303121479814 ], [ 7.774405290414862, 48.53410143677727 ], [ 7.777111363100548, 48.534155679579008 ], [ 7.777191094207142, 48.532357362039072 ], [ 7.774485118432407, 48.532303121479814 ] ] ] } },
{ "type": "Feature", "properties": { "idcar_200m": "CRS3035RES200mN2826800E4157200", "population": 2.0, "median_education": 2.03, "median_healthcare": 5.4315, "median_services": 0.5365, "median_commerce": 4.553, "median_entertainment": 4.711, "PC1_pos": 0.15848419162386218, "nivvie": 27587.55, "rel_education": 0.094607820291746289, "rel_sante": 0.10778826048755528, "rel_services": 0.051859445591634516, "rel_commerce": 0.04571921767412223, "rel_loisirs": 0.088275725041372585, "rel_pc1": 0.072824997822390589, "q_revenu": 4, "q_population": 1 }, "geometry": { "type": "Polygon", "coordinates": [ [ [ 7.782603061767166, 48.53246564525088 ], [ 7.782523524484688, 48.534263967267734 ], [ 7.785229613170191, 48.534318012154294 ], [ 7.785309053539502, 48.532519687903083 ], [ 7.782603061767166, 48.53246564525088 ] ] ] } },
{ "type": "Feature", "properties": { "idcar_200m": "CRS3035RES200mN2827000E4155400", "population": 13.0, "median_education": 6.4115, "median_healthcare": 22.1545, "median_services": 2.056, "median_commerce": 15.132, "median_entertainment": 14.427, "PC1_pos": 0.55191680110034103, "nivvie": 28540.276923076923, "rel_education": 0.29880691615789717, "rel_sante": 0.43965663573074537, "rel_services": 0.19873815496067207, "rel_commerce": 0.15194886928285034, "rel_loisirs": 0.27033620997068186, "rel_pc1": 0.25361103480696556, "q_revenu": 4, "q_population": 1 }, "geometry": { "type": "Polygon", "coordinates": [ [ [ 7.758168966798177, 48.533774594576656 ], [ 7.758088550020027, 48.535572894921003 ], [ 7.760794687446486, 48.535627535806519 ], [ 7.760875007309363, 48.5338292332031 ], [ 7.758168966798177, 48.533774594576656 ] ] ] } },
{ "type": "Feature", "properties": { "idcar_200m": "CRS3035RES200mN2827000E4155600", "population": 9.0, "median_education": 6.425, "median_healthcare": 19.685, "median_services": 1.8065, "median_commerce": 14.8985, "median_entertainment": 13.6145, "PC1_pos": 0.51725772338435072, "nivvie": 28540.277777777777, "rel_education": 0.29943608146525608, "rel_sante": 0.39064934321964945, "rel_services": 0.1746208545410769, "rel_commerce": 0.14960416527957612, "rel_loisirs": 0.25511141128757525, "rel_pc1": 0.23768485798559844, "q_revenu": 4, "q_population": 1 }, "geometry": { "type": "Polygon", "coordinates": [ [ [ 7.760875007309363, 48.5338292332031 ], [ 7.760794687446486, 48.535627535806519 ], [ 7.763500830252294, 48.535682110719058 ], [ 7.763581053199156, 48.53388380585929 ], [ 7.760875007309363, 48.5338292332031 ] ] ] } },
{ "type": "Feature", "properties": { "idcar_200m": "CRS3035RES200mN2827000E4155800", "population": 9.0, "median_education": 7.314, "median_healthcare": 23.017, "median_services": 2.112, "median_commerce": 17.434, "median_entertainment": 15.62, "PC1_pos": 0.59617735616154133, "nivvie": 28540.277777777777, "rel_education": 0.34086778207577945, "rel_sante": 0.45677297093658475, "rel_services": 0.20415125645765536, "rel_commerce": 0.17506453787187504, "rel_loisirs": 0.29269089899092332, "rel_pc1": 0.27394918205637486, "q_revenu": 4, "q_population": 1 }, "geometry": { "type": "Polygon", "coordinates": [ [ [ 7.763581053199156, 48.53388380585929 ], [ 7.763500830252294, 48.535682110719058 ], [ 7.766206978430981, 48.535736619658394 ], [ 7.766287104461077, 48.533938312545018 ], [ 7.763581053199156, 48.53388380585929 ] ] ] } },
{ "type": "Feature", "properties": { "idcar_200m": "CRS3035RES200mN2827000E4156000", "population": 131.0, "median_education": 7.881, "median_healthcare": 23.324, "median_services": 2.263, "median_commerce": 19.001, "median_entertainment": 16.347, "PC1_pos": 0.63322175780001633, "nivvie": 21783.371755725191, "rel_education": 0.36729272498485344, "rel_sante": 0.46286539401854732, "rel_services": 0.21874729799416387, "rel_commerce": 0.19079966066900869, "rel_loisirs": 0.30631358039722306, "rel_pc1": 0.29097143797358599, "q_revenu": 2, "q_population": 3 }, "geometry": { "type": "Polygon", "coordinates": [ [ [ 7.766287104461077, 48.533938312545018 ], [ 7.766206978430981, 48.535736619658394 ], [ 7.768913131976068, 48.535791062624355 ], [ 7.768993161088651, 48.533992753260044 ], [ 7.766287104461077, 48.533938312545018 ] ] ] } },
{ "type": "Feature", "properties": { "idcar_200m": "CRS3035RES200mN2827000E4156200", "population": 260.0, "median_education": 8.532, "median_healthcare": 25.331, "median_services": 2.563, "median_commerce": 21.616, "median_entertainment": 18.178, "PC1_pos": 0.70303160876270887, "nivvie": 21320.100384615384, "rel_education": 0.39763247425082721, "rel_sante": 0.50269436185404826, "rel_services": 0.24774605601371721, "rel_commerce": 0.21705833719389989, "rel_loisirs": 0.34062324979878389, "rel_pc1": 0.32304973040293661, "q_revenu": 2, "q_population": 4 }, "geometry": { "type": "Polygon", "coordinates": [ [ [ 7.768993161088651, 48.533992753260044 ], [ 7.768913131976068, 48.535791062624355 ], [ 7.771619290881072, 48.535845439616701 ], [ 7.771699223075407, 48.53404712800419 ], [ 7.768993161088651, 48.533992753260044 ] ] ] } },
{ "type": "Feature", "properties": { "idcar_200m": "CRS3035RES200mN2827000E4156400", "population": 154.0, "median_education": 7.52, "median_healthcare": 21.8975, "median_services": 2.2565, "median_commerce": 18.902, "median_entertainment": 16.539, "PC1_pos": 0.62083156525309935, "nivvie": 24631.003896103895, "rel_education": 0.35046837861770047, "rel_sante": 0.43455646396506342, "rel_services": 0.21811899157040687, "rel_commerce": 0.18980554633785601, "rel_loisirs": 0.30991131743987715, "rel_pc1": 0.28527802630897187, "q_revenu": 3, "q_population": 3 }, "geometry": { "type": "Polygon", "coordinates": [ [ [ 7.771699223075407, 48.53404712800419 ], [ 7.771619290881072, 48.535845439616701 ], [ 7.774325455139524, 48.535899750635203 ], [ 7.774405290414862, 48.53410143677727 ], [ 7.771699223075407, 48.53404712800419 ] ] ] } },
{ "type": "Feature", "properties": { "idcar_200m": "CRS3035RES200mN2827000E4156600", "population": 146.0, "median_education": 6.966, "median_healthcare": 19.081, "median_services": 2.076, "median_commerce": 16.281, "median_entertainment": 15.487, "PC1_pos": 0.5556032363806811, "nivvie": 25322.647260273974, "rel_education": 0.32464929859719438, "rel_sante": 0.37866294731898048, "rel_services": 0.20067140549530899, "rel_commerce": 0.16348662045956161, "rel_loisirs": 0.2901987165603348, "rel_pc1": 0.2553049869829675, "q_revenu": 3, "q_population": 3 }, "geometry": { "type": "Polygon", "coordinates": [ [ [ 7.774405290414862, 48.53410143677727 ], [ 7.774325455139524, 48.535899750635203 ], [ 7.77703162474495, 48.535953995679677 ], [ 7.777111363100548, 48.534155679579008 ], [ 7.774405290414862, 48.53410143677727 ] ] ] } },
{ "type": "Feature", "properties": { "idcar_200m": "CRS3035RES200mN2827000E4157000", "population": 1.0, "median_education": 4.522, "median_healthcare": 12.433, "median_services": 1.3535, "median_commerce": 10.3925, "median_entertainment": 10.3035, "PC1_pos": 0.29144475107651546, "nivvie": 27587.6, "rel_education": 0.21074707554644173, "rel_sante": 0.24673321230631959, "rel_services": 0.13083272993155137, "rel_commerce": 0.1043569008737789, "rel_loisirs": 0.1930691855155556, "rel_pc1": 0.13392164319370981, "q_revenu": 4, "q_population": 1 }, "geometry": { "type": "Polygon", "coordinates": [ [ [ 7.779817441125977, 48.534209856409227 ], [ 7.779737799690865, 48.536008174749931 ], [ 7.782443979970795, 48.536062287845709 ], [ 7.782523524484688, 48.534263967267734 ], [ 7.779817441125977, 48.534209856409227 ] ] ] } },
{ "type": "Feature", "properties": { "idcar_200m": "CRS3035RES200mN2827000E4157200", "population": 5.0, "median_education": 1.789, "median_healthcare": 4.717, "median_services": 0.484, "median_commerce": 3.9385, "median_entertainment": 4.367, "PC1_pos": 0.13734166792781144, "nivvie": 27587.56, "rel_education": 0.0833760544344503, "rel_sante": 0.093608989177906346, "rel_services": 0.046784662938212686, "rel_commerce": 0.039548679729745309, "rel_loisirs": 0.081829779506617295, "rel_pc1": 0.063109806506786145, "q_revenu": 4, "q_population": 1 }, "geometry": { "type": "Polygon", "coordinates": [ [ [ 7.782523524484688, 48.534263967267734 ], [ 7.782443979970795, 48.536062287845709 ], [ 7.785150165578268, 48.53611633496687 ], [ 7.785229613170191, 48.534318012154294 ], [ 7.782523524484688, 48.534263967267734 ] ] ] } },
{ "type": "Feature", "properties": { "idcar_200m": "CRS3035RES200mN2827200E4155400", "population": 72.0, "median_education": 7.1945, "median_healthcare": 26.029, "median_services": 2.417, "median_commerce": 17.6425, "median_entertainment": 16.5865, "PC1_pos": 0.6022322878249502, "nivvie": 23365.486111111109, "rel_education": 0.33529850398471361, "rel_sante": 0.51654619022932458, "rel_services": 0.2336333271108679, "rel_commerce": 0.17715820290263593, "rel_loisirs": 0.31080138259365875, "rel_pc1": 0.27673148091334226, "q_revenu": 3, "q_population": 2 }, "geometry": { "type": "Polygon", "coordinates": [ [ [ 7.758088550020027, 48.535572894921003 ], [ 7.75800812593038, 48.537371193825059 ], [ 7.760714360280899, 48.537425836969852 ], [ 7.760794687446486, 48.535627535806519 ], [ 7.758088550020027, 48.535572894921003 ] ] ] } },
{ "type": "Feature", "properties": { "idcar_200m": "CRS3035RES200mN2827200E4155600", "population": 22.5, "median_education": 8.081, "median_healthcare": 28.067, "median_services": 2.513, "median_commerce": 19.677, "median_entertainment": 18.024, "PC1_pos": 0.70344432435692772, "nivvie": 28540.275555555552, "rel_education": 0.37661369250128157, "rel_sante": 0.55699035388091955, "rel_services": 0.24291292967712497, "rel_commerce": 0.19758775448576832, "rel_loisirs": 0.33773756487915507, "rel_pc1": 0.32323937715534956, "q_revenu": 4, "q_population": 1 }, "geometry": { "type": "Polygon", "coordinates": [ [ [ 7.760794687446486, 48.535627535806519 ], [ 7.760714360280899, 48.537425836969852 ], [ 7.763420600011523, 48.537480414138948 ], [ 7.763500830252294, 48.535682110719058 ], [ 7.760794687446486, 48.535627535806519 ] ] ] } },
{ "type": "Feature", "properties": { "idcar_200m": "CRS3035RES200mN2827200E4155800", "population": 141.0, "median_education": 7.865, "median_healthcare": 25.687, "median_services": 2.34, "median_commerce": 19.277, "median_entertainment": 16.924, "PC1_pos": 0.67100129145100817, "nivvie": 24034.934751773049, "rel_education": 0.36654704758353918, "rel_sante": 0.50975919122596569, "rel_services": 0.22619031255251587, "rel_commerce": 0.19357113092555553, "rel_loisirs": 0.3171255297389492, "rel_pc1": 0.30833149406292887, "q_revenu": 3, "q_population": 3 }, "geometry": { "type": "Polygon", "coordinates": [ [ [ 7.763500830252294, 48.535682110719058 ], [ 7.763420600011523, 48.537480414138948 ], [ 7.766126845115766, 48.537534925332118 ], [ 7.766206978430981, 48.535736619658394 ], [ 7.763500830252294, 48.535682110719058 ] ] ] } },
{ "type": "Feature", "properties": { "idcar_200m": "CRS3035RES200mN2827200E4156000", "population": 174.5, "median_education": 9.158, "median_healthcare": 29.9305, "median_services": 2.8135, "median_commerce": 23.15, "median_entertainment": 19.815, "PC1_pos": 0.77177374006339483, "nivvie": 23279.702578796561, "rel_education": 0.42680710257724758, "rel_sante": 0.59397156043869537, "rel_services": 0.27196001896004424, "rel_commerce": 0.23246208854731598, "rel_loisirs": 0.37129770573016291, "rel_pc1": 0.35463739546268125, "q_revenu": 3, "q_population": 3 }, "geometry": { "type": "Polygon", "coordinates": [ [ [ 7.766206978430981, 48.535736619658394 ], [ 7.766126845115766, 48.537534925332118 ], [ 7.768833095587156, 48.537589370549192 ], [ 7.768913131976068, 48.535791062624355 ], [ 7.766206978430981, 48.535736619658394 ] ] ] } },
{ "type": "Feature", "properties": { "idcar_200m": "CRS3035RES200mN2827200E4156200", "population": 223.0, "median_education": 8.954, "median_healthcare": 30.487, "median_services": 3.017, "median_commerce": 24.951, "median_entertainment": 20.55, "PC1_pos": 0.79304632724121538, "nivvie": 20645.691031390132, "rel_education": 0.41729971571049074, "rel_sante": 0.60501531758889771, "rel_services": 0.29163084314997451, "rel_commerce": 0.25054693612717416, "rel_loisirs": 0.38507029284657329, "rel_pc1": 0.36441235218882667, "q_revenu": 2, "q_population": 3 }, "geometry": { "type": "Polygon", "coordinates": [ [ [ 7.768913131976068, 48.535791062624355 ], [ 7.768833095587156, 48.537589370549192 ], [ 7.771539351419211, 48.537643749789922 ], [ 7.771619290881072, 48.535845439616701 ], [ 7.768913131976068, 48.535791062624355 ] ] ] } },
{ "type": "Feature", "properties": { "idcar_200m": "CRS3035RES200mN2827200E4156400", "population": 255.0, "median_education": 7.977, "median_healthcare": 25.504, "median_services": 2.734, "median_commerce": 21.446, "median_entertainment": 18.018, "PC1_pos": 0.69607640295154249, "nivvie": 21369.338431372547, "rel_education": 0.37176678939273899, "rel_sante": 0.50612755140837895, "rel_services": 0.26427534808486258, "rel_commerce": 0.21535127218080946, "rel_loisirs": 0.33762513559657215, "rel_pc1": 0.31985374698741337, "q_revenu": 2, "q_population": 4 }, "geometry": { "type": "Polygon", "coordinates": [ [ [ 7.771619290881072, 48.535845439616701 ], [ 7.771539351419211, 48.537643749789922 ], [ 7.774245612605455, 48.537698063054115 ], [ 7.774325455139524, 48.535899750635203 ], [ 7.771619290881072, 48.535845439616701 ] ] ] } },
{ "type": "Feature", "properties": { "idcar_200m": "CRS3035RES200mN2827200E4156600", "population": 80.0, "median_education": 6.739, "median_healthcare": 19.611, "median_services": 2.167, "median_commerce": 16.206, "median_entertainment": 15.45, "PC1_pos": 0.57270792174030749, "nivvie": 18484.5925, "rel_education": 0.31407000046604838, "rel_sante": 0.38918081127155424, "rel_services": 0.20946769542790677, "rel_commerce": 0.16273350354202171, "rel_loisirs": 0.28950540265107333, "rel_pc1": 0.26316475306628656, "q_revenu": 1, "q_population": 2 }, "geometry": { "type": "Polygon", "coordinates": [ [ [ 7.774325455139524, 48.535899750635203 ], [ 7.774245612605455, 48.537698063054115 ], [ 7.776951879139417, 48.537752310341538 ], [ 7.77703162474495, 48.535953995679677 ], [ 7.774325455139524, 48.535899750635203 ] ] ] } },
{ "type": "Feature", "properties": { "idcar_200m": "CRS3035RES200mN2827200E4157200", "population": 1.0, "median_education": 1.901, "median_healthcare": 4.958, "median_services": 0.564, "median_commerce": 4.107, "median_entertainment": 4.757, "PC1_pos": 0.148027548814329, "nivvie": 27587.6, "rel_education": 0.088595796243650091, "rel_sante": 0.09839164052237856, "rel_services": 0.054517665076760237, "rel_commerce": 0.04124068240448496, "rel_loisirs": 0.089137682874508462, "rel_pc1": 0.068020070706119679, "q_revenu": 4, "q_population": 1 }, "geometry": { "type": "Polygon", "coordinates": [ [ [ 7.782443979970795, 48.536062287845709 ], [ 7.78236442822456, 48.537860606985291 ], [ 7.78507071076279, 48.537914656341229 ], [ 7.785150165578268, 48.53611633496687 ], [ 7.782443979970795, 48.536062287845709 ] ] ] } },
{ "type": "Feature", "properties": { "idcar_200m": "CRS3035RES200mN2827200E4158000", "population": 4.0, "median_education": 0.739, "median_healthcare": 2.085, "median_services": 0.196, "median_commerce": 1.695, "median_entertainment": 1.848, "PC1_pos": 0.054931173839213088, "nivvie": 27587.55, "rel_education": 0.034440974973202219, "rel_sante": 0.041376879888898606, "rel_services": 0.018945855239441502, "rel_commerce": 0.017020442336401754, "rel_loisirs": 0.03462821903554586, "rel_pc1": 0.025241398364300564, "q_revenu": 4, "q_population": 1 }, "geometry": { "type": "Polygon", "coordinates": [ [ [ 7.793268754301137, 48.536278080480209 ], [ 7.793189590282375, 48.538076408542587 ], [ 7.795895894068937, 48.538130193986902 ], [ 7.795974961153996, 48.53633186370061 ], [ 7.793268754301137, 48.536278080480209 ] ] ] } },
{ "type": "Feature", "properties": { "idcar_200m": "CRS3035RES200mN2827400E4155200", "population": 2.0, "median_education": 3.866, "median_healthcare": 13.747, "median_services": 1.247, "median_commerce": 9.139, "median_entertainment": 8.763, "PC1_pos": 0.27236307633901879, "nivvie": 28540.3, "rel_education": 0.18017430209255719, "rel_sante": 0.27280957689817226, "rel_services": 0.12053817083460998, "rel_commerce": 0.091769806791962019, "rel_loisirs": 0.16420296721238548, "rel_pc1": 0.12515343163287593, "q_revenu": 4, "q_population": 1 }, "geometry": { "type": "Polygon", "coordinates": [ [ [ 7.755301896966436, 48.537316484704775 ], [ 7.755221368632232, 48.539114779906754 ], [ 7.757927694528286, 48.539169491289243 ], [ 7.75800812593038, 48.537371193825059 ], [ 7.755301896966436, 48.537316484704775 ] ] ] } },
{ "type": "Feature", "properties": { "idcar_200m": "CRS3035RES200mN2827400E4155400", "population": 73.0, "median_education": 7.56, "median_healthcare": 28.4255, "median_services": 2.6515, "median_commerce": 19.069, "median_entertainment": 17.744, "PC1_pos": 0.68492944467670802, "nivvie": 26565.84109589041, "rel_education": 0.35233257212098612, "rel_sante": 0.56410479581865103, "rel_services": 0.25630068962948543, "rel_commerce": 0.19148248667424486, "rel_loisirs": 0.33249086502528447, "rel_pc1": 0.31473161332995858, "q_revenu": 4, "q_population": 2 }, "geometry": { "type": "Polygon", "coordinates": [ [ [ 7.75800812593038, 48.537371193825059 ], [ 7.757927694528286, 48.539169491289243 ], [ 7.760634025811665, 48.539224136693512 ], [ 7.760714360280899, 48.537425836969852 ], [ 7.75800812593038, 48.537371193825059 ] ] ] } },
{ "type": "Feature", "properties": { "idcar_200m": "CRS3035RES200mN2827400E4155600", "population": 153.5, "median_education": 8.846, "median_healthcare": 33.198, "median_services": 3.134, "median_commerce": 22.505, "median_entertainment": 20.736, "PC1_pos": 0.81982816656468738, "nivvie": 23280.968078175898, "rel_education": 0.41226639325161951, "rel_sante": 0.65881518395762872, "rel_services": 0.30294035877760034, "rel_commerce": 0.22598528305647284, "rel_loisirs": 0.38855560060664446, "rel_pc1": 0.37671886282832573, "q_revenu": 3, "q_population": 3 }, "geometry": { "type": "Polygon", "coordinates": [ [ [ 7.760714360280899, 48.537425836969852 ], [ 7.760634025811665, 48.539224136693512 ], [ 7.763340362475891, 48.539278716119384 ], [ 7.763420600011523, 48.537480414138948 ], [ 7.760714360280899, 48.537425836969852 ] ] ] } },
{ "type": "Feature", "properties": { "idcar_200m": "CRS3035RES200mN2827400E4155800", "population": 129.5, "median_education": 10.117, "median_healthcare": 35.782, "median_services": 3.242, "median_commerce": 25.882, "median_entertainment": 22.504, "PC1_pos": 0.88897423336496839, "nivvie": 19910.285714285714, "rel_education": 0.47150114181852076, "rel_sante": 0.7100947319830071, "rel_services": 0.31337991166463952, "rel_commerce": 0.25989562746356942, "rel_loisirs": 0.42168476254108445, "rel_pc1": 0.40849214010325086, "q_revenu": 2, "q_population": 3 }, "geometry": { "type": "Polygon", "coordinates": [ [ [ 7.763420600011523, 48.537480414138948 ], [ 7.763340362475891, 48.539278716119384 ], [ 7.766046704514488, 48.53933322956663 ], [ 7.766126845115766, 48.537534925332118 ], [ 7.763420600011523, 48.537480414138948 ] ] ] } },
{ "type": "Feature", "properties": { "idcar_200m": "CRS3035RES200mN2827400E4156000", "population": 212.5, "median_education": 10.211, "median_healthcare": 37.9055, "median_services": 3.5175, "median_commerce": 27.995, "median_entertainment": 23.3765, "PC1_pos": 0.92609793464433876, "nivvie": 25736.36094117647, "rel_education": 0.47588199655124203, "rel_sante": 0.75223564538544185, "rel_services": 0.34001043777926265, "rel_commerce": 0.28111344142039357, "rel_loisirs": 0.43803385405002043, "rel_pc1": 0.42555083496188789, "q_revenu": 4, "q_population": 3 }, "geometry": { "type": "Polygon", "coordinates": [ [ [ 7.766126845115766, 48.537534925332118 ], [ 7.766046704514488, 48.53933322956663 ], [ 7.768753051920977, 48.539387677035016 ], [ 7.768833095587156, 48.537589370549192 ], [ 7.766126845115766, 48.537534925332118 ] ] ] } },
{ "type": "Feature", "properties": { "idcar_200m": "CRS3035RES200mN2827400E4156200", "population": 275.5, "median_education": 9.6915, "median_healthcare": 35.2485, "median_services": 3.4135, "median_commerce": 26.4275, "median_entertainment": 23.277, "PC1_pos": 0.88742128427860356, "nivvie": 20508.215607985483, "rel_education": 0.45167078342731981, "rel_sante": 0.69950741043829379, "rel_services": 0.32995753499915087, "rel_commerce": 0.26537329784380964, "rel_loisirs": 0.43616940178051999, "rel_pc1": 0.40777854518457773, "q_revenu": 2, "q_population": 4 }, "geometry": { "type": "Polygon", "coordinates": [ [ [ 7.768833095587156, 48.537589370549192 ], [ 7.768753051920977, 48.539387677035016 ], [ 7.771459404688879, 48.539442058524344 ], [ 7.771539351419211, 48.537643749789922 ], [ 7.768833095587156, 48.537589370549192 ] ] ] } },
{ "type": "Feature", "properties": { "idcar_200m": "CRS3035RES200mN2827400E4156400", "population": 183.5, "median_education": 8.6445, "median_healthcare": 28.953, "median_services": 2.9275, "median_commerce": 22.858, "median_entertainment": 20.842, "PC1_pos": 0.76354622054523835, "nivvie": 21973.674659400545, "rel_education": 0.40287551847881814, "rel_sante": 0.5745730472054108, "rel_services": 0.28297954700747446, "rel_commerce": 0.2295299533483606, "rel_loisirs": 0.3905418512656097, "rel_pc1": 0.3508567717622717, "q_revenu": 2, "q_population": 3 }, "geometry": { "type": "Polygon", "coordinates": [ [ [ 7.771539351419211, 48.537643749789922 ], [ 7.771459404688879, 48.539442058524344 ], [ 7.77416576281171, 48.539496374034407 ], [ 7.774245612605455, 48.537698063054115 ], [ 7.771539351419211, 48.537643749789922 ] ] ] } },
{ "type": "Feature", "properties": { "idcar_200m": "CRS3035RES200mN2827400E4156600", "population": 28.5, "median_education": 8.171, "median_healthcare": 26.282, "median_services": 2.826, "median_commerce": 20.337, "median_entertainment": 19.666, "PC1_pos": 0.70845110814851431, "nivvie": 20705.252631578947, "rel_education": 0.3808081278836743, "rel_sante": 0.52156698188970418, "rel_services": 0.27316830054419228, "rel_commerce": 0.20421518336011946, "rel_loisirs": 0.36850571187935327, "rel_pc1": 0.32554004206699472, "q_revenu": 2, "q_population": 2 }, "geometry": { "type": "Polygon", "coordinates": [ [ [ 7.774245612605455, 48.537698063054115 ], [ 7.77416576281171, 48.539496374034407 ], [ 7.776872126283002, 48.539550623564985 ], [ 7.776951879139417, 48.537752310341538 ], [ 7.774245612605455, 48.537698063054115 ] ] ] } },
{ "type": "Feature", "properties": { "idcar_200m": "CRS3035RES200mN2827600E4155400", "population": 143.0, "median_education": 10.2825, "median_healthcare": 37.3495, "median_services": 3.581, "median_commerce": 23.747, "median_entertainment": 23.9385, "PC1_pos": 0.93187130288213904, "nivvie": 25483.686013986015, "rel_education": 0.47921424243836513, "rel_sante": 0.74120181074840208, "rel_services": 0.34614850822673476, "rel_commerce": 0.2384568992109336, "rel_loisirs": 0.4485647301852892, "rel_pc1": 0.42820375273897143, "q_revenu": 3, "q_population": 3 }, "geometry": { "type": "Polygon", "coordinates": [ [ [ 7.757927694528286, 48.539169491289243 ], [ 7.757847255812794, 48.540967787313988 ], [ 7.76055368403783, 48.54102243497799 ], [ 7.760634025811665, 48.539224136693512 ], [ 7.757927694528286, 48.539169491289243 ] ] ] } },
{ "type": "Feature", "properties": { "idcar_200m": "CRS3035RES200mN2827600E4155600", "population": 297.5, "median_education": 10.957, "median_healthcare": 40.954, "median_services": 3.877, "median_commerce": 29.085, "median_entertainment": 25.388, "PC1_pos": 0.97381237679977595, "nivvie": 23330.618151260507, "rel_education": 0.51064920538751923, "rel_sante": 0.81273320813906647, "rel_services": 0.37476061613936068, "rel_commerce": 0.29205874062197346, "rel_loisirs": 0.47572577103595148, "rel_pc1": 0.44747607627752145, "q_revenu": 3, "q_population": 4 }, "geometry": { "type": "Polygon", "coordinates": [ [ [ 7.760634025811665, 48.539224136693512 ], [ 7.76055368403783, 48.54102243497799 ], [ 7.763260117644462, 48.541077016660807 ], [ 7.763340362475891, 48.539278716119384 ], [ 7.760634025811665, 48.539224136693512 ] ] ] } },
{ "type": "Feature", "properties": { "idcar_200m": "CRS3035RES200mN2827600E4155800", "population": 350.5, "median_education": 10.65, "median_healthcare": 39.229, "median_services": 3.603, "median_commerce": 27.458, "median_entertainment": 24.354, "PC1_pos": 0.95458682804835293, "nivvie": 24148.042225392299, "rel_education": 0.49634152024980194, "rel_sante": 0.7785005377273877, "rel_services": 0.34827508381483535, "rel_commerce": 0.27572112429080786, "rel_loisirs": 0.45635045800415791, "rel_pc1": 0.4386417532348828, "q_revenu": 3, "q_population": 4 }, "geometry": { "type": "Polygon", "coordinates": [ [ [ 7.763340362475891, 48.539278716119384 ], [ 7.763260117644462, 48.541077016660807 ], [ 7.765966556626206, 48.541131532362293 ], [ 7.766046704514488, 48.53933322956663 ], [ 7.763340362475891, 48.539278716119384 ] ] ] } },
{ "type": "Feature", "properties": { "idcar_200m": "CRS3035RES200mN2827600E4156000", "population": 316.0, "median_education": 11.445, "median_healthcare": 43.839, "median_services": 4.052, "median_commerce": 30.991, "median_entertainment": 26.925, "PC1_pos": 1.0728911016845466, "nivvie": 20449.316139240509, "rel_education": 0.53339236612760399, "rel_sante": 0.86998610908845364, "rel_services": 0.39167655831743348, "rel_commerce": 0.31119795188638744, "rel_loisirs": 0.50452640559094819, "rel_pc1": 0.49300369546810496, "q_revenu": 2, "q_population": 4 }, "geometry": { "type": "Polygon", "coordinates": [ [ [ 7.766046704514488, 48.53933322956663 ], [ 7.765966556626206, 48.541131532362293 ], [ 7.768673000976587, 48.541185982082219 ], [ 7.768753051920977, 48.539387677035016 ], [ 7.766046704514488, 48.53933322956663 ] ] ] } },
{ "type": "Feature", "properties": { "idcar_200m": "CRS3035RES200mN2827600E4156200", "population": 42.5, "median_education": 10.2815, "median_healthcare": 38.6185, "median_services": 3.7035, "median_commerce": 28.032, "median_entertainment": 24.987, "PC1_pos": 0.94832736172523324, "nivvie": 23095.543529411763, "rel_education": 0.47916763760078301, "rel_sante": 0.7663851491556023, "rel_services": 0.35798966775138574, "rel_commerce": 0.28148497909971326, "rel_loisirs": 0.46821174731665821, "rel_pc1": 0.43576546875073441, "q_revenu": 3, "q_population": 2 }, "geometry": { "type": "Polygon", "coordinates": [ [ [ 7.768753051920977, 48.539387677035016 ], [ 7.768673000976587, 48.541185982082219 ], [ 7.771379450689128, 48.541240365820371 ], [ 7.771459404688879, 48.539442058524344 ], [ 7.768753051920977, 48.539387677035016 ] ] ] } },
{ "type": "Feature", "properties": { "idcar_200m": "CRS3035RES200mN2827600E4156600", "population": 167.0, "median_education": 9.3665, "median_healthcare": 30.8005, "median_services": 3.4255, "median_commerce": 22.8175, "median_entertainment": 23.3735, "PC1_pos": 0.82454757830772785, "nivvie": 18782.411377245509, "rel_education": 0.43652421121312385, "rel_sante": 0.6112367333419767, "rel_services": 0.33111748531993296, "rel_commerce": 0.22912327021288909, "rel_loisirs": 0.43797763940872897, "rel_pc1": 0.37888747754243918, "q_revenu": 1, "q_population": 3 }, "geometry": { "type": "Polygon", "coordinates": [ [ [ 7.77416576281171, 48.539496374034407 ], [ 7.77408590575735, 48.541294683576524 ], [ 7.776792366174769, 48.541348935350491 ], [ 7.776872126283002, 48.539550623564985 ], [ 7.77416576281171, 48.539496374034407 ] ] ] } },
{ "type": "Feature", "properties": { "idcar_200m": "CRS3035RES200mN2827800E4155400", "population": 194.0, "median_education": 12.033, "median_healthcare": 43.754, "median_services": 4.275, "median_commerce": 27.749, "median_entertainment": 28.425, "PC1_pos": 1.0585542940179058, "nivvie": 24517.511340206187, "rel_education": 0.5607960106259029, "rel_sante": 0.86829928185077676, "rel_services": 0.41323230177863485, "rel_commerce": 0.27864321793086266, "rel_loisirs": 0.53263372623668348, "rel_pc1": 0.48641579558733256, "q_revenu": 3, "q_population": 3 }, "geometry": { "type": "Polygon", "coordinates": [ [ [ 7.757847255812794, 48.540967787313988 ], [ 7.757766809782954, 48.542766081899735 ], [ 7.760473334958444, 48.542820731823639 ], [ 7.76055368403783, 48.54102243497799 ], [ 7.757847255812794, 48.540967787313988 ] ] ] } },
{ "type": "Feature", "properties": { "idcar_200m": "CRS3035RES200mN2827800E4155600", "population": 233.0, "median_education": 12.508, "median_healthcare": 48.396, "median_services": 4.678, "median_commerce": 32.132, "median_entertainment": 30.67, "PC1_pos": 1.1724042617685122, "nivvie": 23602.223175965664, "rel_education": 0.58293330847741986, "rel_sante": 0.96041989405426231, "rel_services": 0.4521873000515681, "rel_commerce": 0.32265537059189447, "rel_loisirs": 0.57470101613646729, "rel_pc1": 0.53873094177676994, "q_revenu": 3, "q_population": 3 }, "geometry": { "type": "Polygon", "coordinates": [ [ [ 7.76055368403783, 48.54102243497799 ], [ 7.760473334958444, 48.542820731823639 ], [ 7.763179865516274, 48.542875315763659 ], [ 7.763260117644462, 48.541077016660807 ], [ 7.76055368403783, 48.54102243497799 ] ] ] } },
{ "type": "Feature", "properties": { "idcar_200m": "CRS3035RES200mN2827800E4155800", "population": 176.0, "median_education": 12.435, "median_healthcare": 49.896, "median_services": 4.924, "median_commerce": 34.278, "median_entertainment": 30.741, "PC1_pos": 1.1904181317664349, "nivvie": 26853.735795454544, "rel_education": 0.57953115533392363, "rel_sante": 0.99018743354267857, "rel_services": 0.47596628162760185, "rel_commerce": 0.34420455599243616, "rel_loisirs": 0.57603142931369866, "rel_pc1": 0.54700848687404402, "q_revenu": 4, "q_population": 3 }, "geometry": { "type": "Polygon", "coordinates": [ [ [ 7.763260117644462, 48.541077016660807 ], [ 7.763179865516274, 48.542875315763659 ], [ 7.765886401449968, 48.542929833719619 ], [ 7.765966556626206, 48.541131532362293 ], [ 7.763260117644462, 48.541077016660807 ] ] ] } },
{ "type": "Feature", "properties": { "idcar_200m": "CRS3035RES200mN2827800E4156000", "population": 434.0, "median_education": 12.356, "median_healthcare": 48.855, "median_services": 4.82, "median_commerce": 33.9635, "median_entertainment": 30.291, "PC1_pos": 1.1879203560541924, "nivvie": 22256.682258064517, "rel_education": 0.57584937316493445, "rel_sante": 0.9695287611377178, "rel_services": 0.46591337884749001, "rel_commerce": 0.34104648571821883, "rel_loisirs": 0.56759923311997806, "rel_pc1": 0.54586073510813549, "q_revenu": 2, "q_population": 4 }, "geometry": { "type": "Polygon", "coordinates": [ [ [ 7.765966556626206, 48.541131532362293 ], [ 7.765886401449968, 48.542929833719619 ], [ 7.768592942753044, 48.542984285691297 ], [ 7.768673000976587, 48.541185982082219 ], [ 7.765966556626206, 48.541131532362293 ] ] ] } },
{ "type": "Feature", "properties": { "idcar_200m": "CRS3035RES200mN2827800E4156200", "population": 192.0, "median_education": 11.538, "median_healthcare": 43.191, "median_services": 4.414, "median_commerce": 31.277, "median_entertainment": 28.759, "PC1_pos": 1.0946810221625696, "nivvie": 20918.153645833332, "rel_education": 0.53772661602274319, "rel_sante": 0.85712653202945788, "rel_services": 0.42666839299436116, "rel_commerce": 0.31406983773193964, "rel_loisirs": 0.53889228963380054, "rel_pc1": 0.50301637178050485, "q_revenu": 2, "q_population": 3 }, "geometry": { "type": "Polygon", "coordinates": [ [ [ 7.768673000976587, 48.541185982082219 ], [ 7.768592942753044, 48.542984285691297 ], [ 7.771299489419024, 48.543038671678467 ], [ 7.771379450689128, 48.541240365820371 ], [ 7.768673000976587, 48.541185982082219 ] ] ] } },
{ "type": "Feature", "properties": { "idcar_200m": "CRS3035RES200mN2827800E4156400", "population": 8.0, "median_education": 11.306, "median_healthcare": 40.695, "median_services": 4.4335, "median_commerce": 29.167, "median_entertainment": 28.651, "PC1_pos": 1.0482855309399666, "nivvie": 20705.25, "rel_education": 0.52691429370368648, "rel_sante": 0.80759334632073321, "rel_services": 0.42855331226563215, "rel_commerce": 0.29288214845181709, "rel_loisirs": 0.53686856254730753, "rel_pc1": 0.4816972009999026, "q_revenu": 2, "q_population": 1 }, "geometry": { "type": "Polygon", "coordinates": [ [ [ 7.771379450689128, 48.541240365820371 ], [ 7.771299489419024, 48.543038671678467 ], [ 7.774006041441431, 48.543092991680929 ], [ 7.77408590575735, 48.541294683576524 ], [ 7.771379450689128, 48.541240365820371 ] ] ] } },
{ "type": "Feature", "properties": { "idcar_200m": "CRS3035RES200mN2827800E4156600", "population": 387.5, "median_education": 10.5255, "median_healthcare": 35.7895, "median_services": 4.0665, "median_commerce": 25.7255, "median_entertainment": 26.7465, "PC1_pos": 0.94949876842242409, "nivvie": 15158.070193548387, "rel_education": 0.49053921797082539, "rel_sante": 0.71024356968044933, "rel_services": 0.39307816495504522, "rel_commerce": 0.25832412349563616, "rel_loisirs": 0.50118163443410568, "rel_pc1": 0.436303741302072, "q_revenu": 1, "q_population": 4 }, "geometry": { "type": "Polygon", "coordinates": [ [ [ 7.77408590575735, 48.541294683576524 ], [ 7.774006041441431, 48.543092991680929 ], [ 7.776712598813774, 48.543147245698485 ], [ 7.776792366174769, 48.541348935350491 ], [ 7.77408590575735, 48.541294683576524 ] ] ] } },
{ "type": "Feature", "properties": { "idcar_200m": "CRS3035RES200mN2827800E4156800", "population": 291.0, "median_education": 7.862, "median_healthcare": 26.112, "median_services": 2.932, "median_commerce": 18.825, "median_entertainment": 19.778, "PC1_pos": 0.66747225856699233, "nivvie": 14763.061855670103, "rel_education": 0.36640723307079276, "rel_sante": 0.51819332741435031, "rel_services": 0.28341452837776776, "rel_commerce": 0.18903234630251503, "rel_loisirs": 0.37060439182090149, "rel_pc1": 0.30670986978948994, "q_revenu": 1, "q_population": 4 }, "geometry": { "type": "Polygon", "coordinates": [ [ [ 7.776792366174769, 48.541348935350491 ], [ 7.776712598813774, 48.543147245698485 ], [ 7.779419161529582, 48.543201433730879 ], [ 7.779498831934904, 48.541403121142046 ], [ 7.776792366174769, 48.541348935350491 ] ] ] } },
{ "type": "Feature", "properties": { "idcar_200m": "CRS3035RES200mN2827800E4157400", "population": 5.0, "median_education": 3.2625, "median_healthcare": 10.359, "median_services": 1.225, "median_commerce": 7.457, "median_entertainment": 8.907, "PC1_pos": 0.28212192521673018, "nivvie": 27587.56, "rel_education": 0.15204828261173511, "rel_sante": 0.20557462770700272, "rel_services": 0.11841159524650939, "rel_commerce": 0.074879904721267196, "rel_loisirs": 0.16690126999437607, "rel_pc1": 0.12963771578126015, "q_revenu": 4, "q_population": 1 }, "geometry": { "type": "Polygon", "coordinates": [ [ [ 7.784911779457425, 48.541511294777074 ], [ 7.784832302965662, 48.543309611839483 ], [ 7.787538881672969, 48.543363601915267 ], [ 7.787618261206842, 48.541565282620162 ], [ 7.784911779457425, 48.541511294777074 ] ] ] } },
{ "type": "Feature", "properties": { "idcar_200m": "CRS3035RES200mN2827800E4158200", "population": 3.0, "median_education": 0.81, "median_healthcare": 2.623, "median_services": 0.247, "median_commerce": 1.674, "median_entertainment": 2.467, "PC1_pos": 0.05575005516370668, "nivvie": 27587.566666666666, "rel_education": 0.037749918441534233, "rel_sante": 0.052053504052077246, "rel_services": 0.023875644102765565, "rel_commerce": 0.016809569599490582, "rel_loisirs": 0.046227173355352619, "rel_pc1": 0.025617682144165349, "q_revenu": 4, "q_population": 1 }, "geometry": { "type": "Polygon", "coordinates": [ [ [ 7.795737738329978, 48.541726850249098 ], [ 7.795658649674214, 48.543525176225906 ], [ 7.798365249612793, 48.543578902356529 ], [ 7.798444241307717, 48.541780574157919 ], [ 7.795737738329978, 48.541726850249098 ] ] ] } },
{ "type": "Feature", "properties": { "idcar_200m": "CRS3035RES200mN2828000E4155200", "population": 280.0, "median_education": 11.327, "median_healthcare": 40.5645, "median_services": 3.9985, "median_commerce": 24.991, "median_entertainment": 26.5075, "PC1_pos": 1.0444626881266146, "nivvie": 18458.79357142857, "rel_education": 0.52789299529291134, "rel_sante": 0.80500357038524095, "rel_services": 0.38650511313727981, "rel_commerce": 0.2509485984831954, "rel_loisirs": 0.49670320134455187, "rel_pc1": 0.47994056826129838, "q_revenu": 1, "q_population": 4 }, "geometry": { "type": "Polygon", "coordinates": [ [ [ 7.75506028999629, 48.542711365992155 ], [ 7.75497973969266, 48.544509656876514 ], [ 7.757686356437823, 48.544564375046917 ], [ 7.757766809782954, 48.542766081899735 ], [ 7.75506028999629, 48.542711365992155 ] ] ] } },
{ "type": "Feature", "properties": { "idcar_200m": "CRS3035RES200mN2828000E4155400", "population": 219.5, "median_education": 12.987, "median_healthcare": 47.113, "median_services": 4.606, "median_commerce": 28.774, "median_entertainment": 30.617, "PC1_pos": 1.1266103034677355, "nivvie": 24750.120273348522, "rel_education": 0.60525702567926554, "rel_sante": 0.93495872527850354, "rel_services": 0.44522759812687529, "rel_commerce": 0.28893581580390798, "rel_loisirs": 0.57370789080698459, "rel_pc1": 0.51768818111173343, "q_revenu": 3, "q_population": 3 }, "geometry": { "type": "Polygon", "coordinates": [ [ [ 7.757766809782954, 48.542766081899735 ], [ 7.757686356437823, 48.544564375046917 ], [ 7.760392978572563, 48.544619027230958 ], [ 7.760473334958444, 48.542820731823639 ], [ 7.757766809782954, 48.542766081899735 ] ] ] } },
{ "type": "Feature", "properties": { "idcar_200m": "CRS3035RES200mN2828000E4155600", "population": 104.5, "median_education": 13.23, "median_healthcare": 50.782, "median_services": 4.873, "median_commerce": 31.099, "median_entertainment": 32.055, "PC1_pos": 1.2296434631581392, "nivvie": 32368.012440191385, "rel_education": 0.61658200121172579, "rel_sante": 1.0077701268671697, "rel_services": 0.47103649276427778, "rel_commerce": 0.3122824402476449, "rel_loisirs": 0.60065344219936279, "rel_pc1": 0.56503290081662239, "q_revenu": 5, "q_population": 2 }, "geometry": { "type": "Polygon", "coordinates": [ [ [ 7.760473334958444, 48.542820731823639 ], [ 7.760392978572563, 48.544619027230958 ], [ 7.763099606090393, 48.544673613428401 ], [ 7.763179865516274, 48.542875315763659 ], [ 7.760473334958444, 48.542820731823639 ] ] ] } },
{ "type": "Feature", "properties": { "idcar_200m": "CRS3035RES200mN2828000E4155800", "population": 86.0, "median_education": 13.7885, "median_healthcare": 56.8875, "median_services": 5.905, "median_commerce": 40.37, "median_entertainment": 35.6045, "PC1_pos": 1.3871166618815414, "nivvie": 17025.596511627908, "rel_education": 0.64261080300135143, "rel_sante": 1.1289339350981868, "rel_services": 0.57079222035154109, "rel_commerce": 0.4053777328144772, "rel_loisirs": 0.66716473195405446, "rel_pc1": 0.63739333775745077, "q_revenu": 1, "q_population": 2 }, "geometry": { "type": "Polygon", "coordinates": [ [ [ 7.763179865516274, 48.542875315763659 ], [ 7.763099606090393, 48.544673613428401 ], [ 7.765806238984834, 48.544728133639019 ], [ 7.765886401449968, 48.542929833719619 ], [ 7.763179865516274, 48.542875315763659 ] ] ] } },
{ "type": "Feature", "properties": { "idcar_200m": "CRS3035RES200mN2828000E4156000", "population": 194.5, "median_education": 13.0105, "median_healthcare": 52.8525, "median_services": 5.637, "median_commerce": 38.576, "median_entertainment": 34.0545, "PC1_pos": 1.2954590062724862, "nivvie": 24441.509511568122, "rel_education": 0.60635223936244587, "rel_sante": 1.0488592538743471, "rel_services": 0.54488666318740686, "rel_commerce": 0.38736317614692273, "rel_loisirs": 0.63812050062012804, "rel_pc1": 0.59527577068819459, "q_revenu": 3, "q_population": 3 }, "geometry": { "type": "Polygon", "coordinates": [ [ [ 7.765886401449968, 48.542929833719619 ], [ 7.765806238984834, 48.544728133639019 ], [ 7.768512877249402, 48.544782587862663 ], [ 7.768592942753044, 48.542984285691297 ], [ 7.765886401449968, 48.542929833719619 ] ] ] } },
{ "type": "Feature", "properties": { "idcar_200m": "CRS3035RES200mN2828000E4156200", "population": 657.5, "median_education": 12.327, "median_healthcare": 48.384, "median_services": 5.235, "median_commerce": 35.001, "median_entertainment": 31.614, "PC1_pos": 1.1794460885138496, "nivvie": 15205.059011406845, "rel_education": 0.57449783287505241, "rel_sante": 0.96018175373835501, "rel_services": 0.50602832744120541, "rel_commerce": 0.35146460307752081, "rel_loisirs": 0.59238988992951669, "rel_pc1": 0.54196672833781667, "q_revenu": 1, "q_population": 5 }, "geometry": { "type": "Polygon", "coordinates": [ [ [ 7.768592942753044, 48.542984285691297 ], [ 7.768512877249402, 48.544782587862663 ], [ 7.771219520877622, 48.54483697609907 ], [ 7.771299489419024, 48.543038671678467 ], [ 7.768592942753044, 48.542984285691297 ] ] ] } },
{ "type": "Feature", "properties": { "idcar_200m": "CRS3035RES200mN2828000E4156400", "population": 472.0, "median_education": 12.519, "median_healthcare": 46.868, "median_services": 5.31, "median_commerce": 33.082, "median_entertainment": 32.271, "PC1_pos": 1.2119100120406663, "nivvie": 13506.288983050848, "rel_education": 0.58344596169082352, "rel_sante": 0.93009669382872895, "rel_services": 0.51327801694609365, "rel_commerce": 0.33219485154739992, "rel_loisirs": 0.6047008963723487, "rel_pc1": 0.55688421086981399, "q_revenu": 1, "q_population": 4 }, "geometry": { "type": "Polygon", "coordinates": [ [ [ 7.771299489419024, 48.543038671678467 ], [ 7.771219520877622, 48.54483697609907 ], [ 7.773926169863005, 48.544891298348055 ], [ 7.774006041441431, 48.543092991680929 ], [ 7.771299489419024, 48.543038671678467 ] ] ] } },
{ "type": "Feature", "properties": { "idcar_200m": "CRS3035RES200mN2828000E4156600", "population": 285.0, "median_education": 11.2125, "median_healthcare": 41.8395, "median_services": 4.869, "median_commerce": 28.7525, "median_entertainment": 29.9405, "PC1_pos": 1.0978810032455839, "nivvie": 12955.096140350877, "rel_education": 0.52255674138975627, "rel_sante": 0.83030597895039482, "rel_services": 0.47064984265735033, "rel_commerce": 0.28871992228754656, "rel_loisirs": 0.56103148919575796, "rel_pc1": 0.50448679361257809, "q_revenu": 1, "q_population": 4 }, "geometry": { "type": "Polygon", "coordinates": [ [ [ 7.774006041441431, 48.543092991680929 ], [ 7.773926169863005, 48.544891298348055 ], [ 7.776632824199076, 48.544945554609363 ], [ 7.776712598813774, 48.543147245698485 ], [ 7.774006041441431, 48.543092991680929 ] ] ] } },
{ "type": "Feature", "properties": { "idcar_200m": "CRS3035RES200mN2828000E4157400", "population": 3.0, "median_education": 3.709, "median_healthcare": 11.619, "median_services": 1.391, "median_commerce": 8.406, "median_entertainment": 10.365, "PC1_pos": 0.33277392193507827, "nivvie": 23644.6, "rel_education": 0.17285734259216107, "rel_sante": 0.23057936087727238, "rel_services": 0.13445757468399555, "rel_commerce": 0.08440934411787207, "rel_loisirs": 0.19422158566203074, "rel_pc1": 0.1529127914397086, "q_revenu": 3, "q_population": 1 }, "geometry": { "type": "Polygon", "coordinates": [ [ [ 7.784832302965662, 48.543309611839483 ], [ 7.784752819246597, 48.545107927465409 ], [ 7.787459494920595, 48.545161919774095 ], [ 7.787538881672969, 48.543363601915267 ], [ 7.784832302965662, 48.543309611839483 ] ] ] } },
{ "type": "Feature", "properties": { "idcar_200m": "CRS3035RES200mN2828200E4155000", "population": 4.0, "median_education": 17.212, "median_healthcare": 55.424, "median_services": 5.978, "median_commerce": 30.766, "median_entertainment": 35.907, "PC1_pos": 1.3322344197404725, "nivvie": 16157.275, "rel_education": 0.80216246446381134, "rel_sante": 1.0998907390706554, "rel_services": 0.57784858480296575, "rel_commerce": 0.30893860113376775, "rel_loisirs": 0.67283304161761093, "rel_pc1": 0.61217442397520405, "q_revenu": 1, "q_population": 1 }, "geometry": { "type": "Polygon", "coordinates": [ [ [ 7.752273128343544, 48.544454872719903 ], [ 7.75219247374831, 48.546253159900147 ], [ 7.754899182063979, 48.546307946322507 ], [ 7.75497973969266, 48.544509656876514 ], [ 7.752273128343544, 48.544454872719903 ] ] ] } },
{ "type": "Feature", "properties": { "idcar_200m": "CRS3035RES200mN2828200E4155200", "population": 721.5, "median_education": 15.3275, "median_healthcare": 52.8355, "median_services": 5.462, "median_commerce": 29.869, "median_entertainment": 34.8705, "PC1_pos": 1.3231681807132913, "nivvie": 14543.89009009009, "rel_education": 0.71433564804026661, "rel_sante": 1.0485218884268115, "rel_services": 0.52797072100933407, "rel_commerce": 0.29993132279999052, "rel_loisirs": 0.65341088305140793, "rel_pc1": 0.60800840065990247, "q_revenu": 1, "q_population": 5 }, "geometry": { "type": "Polygon", "coordinates": [ [ [ 7.75497973969266, 48.544509656876514 ], [ 7.754899182063979, 48.546307946322507 ], [ 7.757605895776445, 48.546362666755968 ], [ 7.757686356437823, 48.544564375046917 ], [ 7.75497973969266, 48.544509656876514 ] ] ] } },
{ "type": "Feature", "properties": { "idcar_200m": "CRS3035RES200mN2828200E4155400", "population": 44.0, "median_education": 15.979, "median_healthcare": 59.129, "median_services": 5.922, "median_commerce": 34.594, "median_entertainment": 38.3015, "PC1_pos": 1.4360816437385131, "nivvie": 24454.361363636363, "rel_education": 0.74469869972503144, "rel_sante": 1.1734165616070433, "rel_services": 0.57243548330598248, "rel_commerce": 0.34737768860500423, "rel_loisirs": 0.71770169447508636, "rel_pc1": 0.65989321399476297, "q_revenu": 3, "q_population": 2 }, "geometry": { "type": "Polygon", "coordinates": [ [ [ 7.757686356437823, 48.544564375046917 ], [ 7.757605895776445, 48.546362666755968 ], [ 7.760312614879236, 48.54641732120033 ], [ 7.760392978572563, 48.544619027230958 ], [ 7.757686356437823, 48.544564375046917 ] ] ] } },
{ "type": "Feature", "properties": { "idcar_200m": "CRS3035RES200mN2828200E4155600", "population": 391.5, "median_education": 16.157, "median_healthcare": 62.4, "median_services": 6.236, "median_commerce": 36.682, "median_entertainment": 40.361, "PC1_pos": 1.5000126443266903, "nivvie": 15811.320561941251, "rel_education": 0.75299436081465254, "rel_sante": 1.2383296427181165, "rel_services": 0.60278751669978159, "rel_commerce": 0.36834446358931516, "rel_loisirs": 0.75629304572168088, "rel_pc1": 0.68927011859902165, "q_revenu": 1, "q_population": 4 }, "geometry": { "type": "Polygon", "coordinates": [ [ [ 7.760392978572563, 48.544619027230958 ], [ 7.760312614879236, 48.54641732120033 ], [ 7.763019339365863, 48.54647190965543 ], [ 7.763099606090393, 48.544673613428401 ], [ 7.760392978572563, 48.544619027230958 ] ] ] } },
{ "type": "Feature", "properties": { "idcar_200m": "CRS3035RES200mN2828200E4155800", "population": 287.0, "median_education": 16.5305, "median_healthcare": 67.5135, "median_services": 6.9495, "median_commerce": 43.957, "median_entertainment": 42.8805, "PC1_pos": 1.6296916326643054, "nivvie": 19944.828919860629, "rel_education": 0.77040126765158223, "rel_sante": 1.3398071848341275, "rel_services": 0.67175622952295266, "rel_commerce": 0.44139680459068548, "rel_loisirs": 0.80350397529963424, "rel_pc1": 0.74885885074027025, "q_revenu": 2, "q_population": 4 }, "geometry": { "type": "Polygon", "coordinates": [ [ [ 7.763099606090393, 48.544673613428401 ], [ 7.763019339365863, 48.54647190965543 ], [ 7.765726069229851, 48.546526432120949 ], [ 7.765806238984834, 48.544728133639019 ], [ 7.763099606090393, 48.544673613428401 ] ] ] } },
{ "type": "Feature", "properties": { "idcar_200m": "CRS3035RES200mN2828200E4156000", "population": 72.0, "median_education": 15.944, "median_healthcare": 66.301, "median_services": 7.339, "median_commerce": 47.089, "median_entertainment": 42.805, "PC1_pos": 1.6327401159560386, "nivvie": 15477.144444444442, "rel_education": 0.74306753040965656, "rel_sante": 1.3157450904143244, "rel_services": 0.70940628368500602, "rel_commerce": 0.47284696706715174, "rel_loisirs": 0.80208924016046557, "rel_pc1": 0.75025965789212146, "q_revenu": 1, "q_population": 2 }, "geometry": { "type": "Polygon", "coordinates": [ [ [ 7.765806238984834, 48.544728133639019 ], [ 7.765726069229851, 48.546526432120949 ], [ 7.768432804464714, 48.546580888596736 ], [ 7.768512877249402, 48.544782587862663 ], [ 7.765806238984834, 48.544728133639019 ] ] ] } },
{ "type": "Feature", "properties": { "idcar_200m": "CRS3035RES200mN2828200E4156200", "population": 340.5, "median_education": 14.319, "median_healthcare": 59.593, "median_services": 6.901, "median_commerce": 42.052, "median_entertainment": 39.196, "PC1_pos": 1.5077729658634611, "nivvie": 15906.13744493392, "rel_education": 0.66733466933867736, "rel_sante": 1.182624653822127, "rel_services": 0.66706809697645819, "rel_commerce": 0.42226763488517199, "rel_loisirs": 0.7344630266868265, "rel_pc1": 0.6928360603704109, "q_revenu": 1, "q_population": 4 }, "geometry": { "type": "Polygon", "coordinates": [ [ [ 7.768512877249402, 48.544782587862663 ], [ 7.768432804464714, 48.546580888596736 ], [ 7.771139545063971, 48.546635279082622 ], [ 7.771219520877622, 48.54483697609907 ], [ 7.768512877249402, 48.544782587862663 ] ] ] } },
{ "type": "Feature", "properties": { "idcar_200m": "CRS3035RES200mN2828200E4156400", "population": 525.5, "median_education": 13.2225, "median_healthcare": 52.711, "median_services": 6.371, "median_commerce": 36.6055, "median_entertainment": 36.462, "PC1_pos": 1.3733627621423026, "nivvie": 15238.925404376783, "rel_education": 0.61623246492985972, "rel_sante": 1.0460511826492731, "rel_services": 0.61583695780858072, "rel_commerce": 0.36757628433342443, "rel_loisirs": 0.68323275025653307, "rel_pc1": 0.63107328962964349, "q_revenu": 1, "q_population": 5 }, "geometry": { "type": "Polygon", "coordinates": [ [ [ 7.771219520877622, 48.54483697609907 ], [ 7.771139545063971, 48.546635279082622 ], [ 7.773846291021139, 48.546689603578294 ], [ 7.773926169863005, 48.544891298348055 ], [ 7.771219520877622, 48.54483697609907 ] ] ] } },
{ "type": "Feature", "properties": { "idcar_200m": "CRS3035RES200mN2828200E4156600", "population": 49.0, "median_education": 12.7105, "median_healthcare": 49.5735, "median_services": 5.886, "median_commerce": 33.7315, "median_entertainment": 35.085, "PC1_pos": 1.2855157295924664, "nivvie": 13016.873469387756, "rel_education": 0.59237078808780352, "rel_sante": 0.98378741255266899, "rel_services": 0.568955632343636, "rel_commerce": 0.33871684405329539, "rel_loisirs": 0.657430229903748, "rel_pc1": 0.59070674020540392, "q_revenu": 1, "q_population": 2 }, "geometry": { "type": "Polygon", "coordinates": [ [ [ 7.773926169863005, 48.544891298348055 ], [ 7.773846291021139, 48.546689603578294 ], [ 7.776553042329737, 48.546743862083645 ], [ 7.776632824199076, 48.544945554609363 ], [ 7.773926169863005, 48.544891298348055 ] ] ] } },
{ "type": "Feature", "properties": { "idcar_200m": "CRS3035RES200mN2828400E4154000", "population": 160.0, "median_education": 9.213, "median_healthcare": 37.78, "median_services": 4.003, "median_commerce": 26.811, "median_entertainment": 19.886, "PC1_pos": 0.90457883262887462, "nivvie": 23898.126874999998, "rel_education": 0.4293703686442652, "rel_sante": 0.74974509458157768, "rel_services": 0.38694009450757311, "rel_commerce": 0.26922423568216369, "rel_loisirs": 0.37262811890739445, "rel_pc1": 0.41566260231635488, "q_revenu": 3, "q_population": 3 }, "geometry": { "type": "Polygon", "coordinates": [ [ [ 7.738659013348866, 48.545978237962487 ], [ 7.738577866553364, 48.547776512333712 ], [ 7.741284644759387, 48.547831630976965 ], [ 7.741365694583302, 48.546033354326092 ], [ 7.738659013348866, 48.545978237962487 ] ] ] } },
{ "type": "Feature", "properties": { "idcar_200m": "CRS3035RES200mN2828400E4154200", "population": 151.0, "median_education": 11.715, "median_healthcare": 44.035, "median_services": 5.025, "median_commerce": 30.62, "median_entertainment": 25.068, "PC1_pos": 1.0527715596438374, "nivvie": 29186.311258278147, "rel_education": 0.54597567227478205, "rel_sante": 0.87387573424827336, "rel_services": 0.48572919682751814, "rel_commerce": 0.3074725335342901, "rel_loisirs": 0.46972954263152794, "rel_pc1": 0.4837585739812908, "q_revenu": 4, "q_population": 3 }, "geometry": { "type": "Polygon", "coordinates": [ [ [ 7.741365694583302, 48.546033354326092 ], [ 7.741284644759387, 48.547831630976965 ], [ 7.743991428395374, 48.547886683629649 ], [ 7.744072381246944, 48.546088404701877 ], [ 7.741365694583302, 48.546033354326092 ] ] ] } },
{ "type": "Feature", "properties": { "idcar_200m": "CRS3035RES200mN2828400E4154400", "population": 77.0, "median_education": 14.202, "median_healthcare": 45.59, "median_services": 5.828, "median_commerce": 29.853, "median_entertainment": 29.858, "PC1_pos": 1.2168894948257281, "nivvie": 38311.251948051948, "rel_education": 0.66188190334156682, "rel_sante": 0.90473475018459837, "rel_services": 0.56334920579318915, "rel_commerce": 0.29977065785758206, "rel_loisirs": 0.55948558656024261, "rel_pc1": 0.55917233070853833, "q_revenu": 5, "q_population": 2 }, "geometry": { "type": "Polygon", "coordinates": [ [ [ 7.744072381246944, 48.546088404701877 ], [ 7.743991428395374, 48.547886683629649 ], [ 7.746698217454837, 48.54794167029155 ], [ 7.746779073333312, 48.5461433890896 ], [ 7.744072381246944, 48.546088404701877 ] ] ] } },
{ "type": "Feature", "properties": { "idcar_200m": "CRS3035RES200mN2828400E4154600", "population": 252.5, "median_education": 16.546, "median_healthcare": 51.152, "median_services": 6.689, "median_commerce": 33.2025, "median_entertainment": 34.2995, "PC1_pos": 1.3927823842193303, "nivvie": 17101.555643564356, "rel_education": 0.77112364263410538, "rel_sante": 1.0151127866076457, "rel_services": 0.64657564130930711, "rel_commerce": 0.33340485939491399, "rel_loisirs": 0.64271136299226461, "rel_pc1": 0.63999679121665143, "q_revenu": 1, "q_population": 4 }, "geometry": { "type": "Polygon", "coordinates": [ [ [ 7.746779073333312, 48.5461433890896 ], [ 7.746698217454837, 48.54794167029155 ], [ 7.749405011931304, 48.547996590962484 ], [ 7.749485770835932, 48.546198307489121 ], [ 7.746779073333312, 48.5461433890896 ] ] ] } },
{ "type": "Feature", "properties": { "idcar_200m": "CRS3035RES200mN2828400E4154800", "population": 164.0, "median_education": 17.502, "median_healthcare": 53.66, "median_services": 6.645, "median_commerce": 33.278, "median_entertainment": 35.167, "PC1_pos": 1.4350989969891625, "nivvie": 14965.744512195122, "rel_education": 0.81567786736263215, "rel_sante": 1.0648841126322777, "rel_services": 0.64232249013310594, "rel_commerce": 0.33416299709190417, "rel_loisirs": 0.65896676343238159, "rel_pc1": 0.65944167844002777, "q_revenu": 1, "q_population": 3 }, "geometry": { "type": "Polygon", "coordinates": [ [ [ 7.749485770835932, 48.546198307489121 ], [ 7.749405011931304, 48.547996590962484 ], [ 7.752111811818287, 48.548051445642258 ], [ 7.75219247374831, 48.546253159900147 ], [ 7.749485770835932, 48.546198307489121 ] ] ] } },
{ "type": "Feature", "properties": { "idcar_200m": "CRS3035RES200mN2828400E4155000", "population": 892.0, "median_education": 17.785, "median_healthcare": 59.396, "median_services": 6.318, "median_commerce": 33.942, "median_entertainment": 38.007, "PC1_pos": 1.474533368644309, "nivvie": 13430.311210762331, "rel_education": 0.82886703639837811, "rel_sante": 1.1787151836359815, "rel_services": 0.61071384389179284, "rel_commerce": 0.34083059220185741, "rel_loisirs": 0.71218329052164031, "rel_pc1": 0.67756214837768047, "q_revenu": 1, "q_population": 5 }, "geometry": { "type": "Polygon", "coordinates": [ [ [ 7.75219247374831, 48.546253159900147 ], [ 7.752111811818287, 48.548051445642258 ], [ 7.754818617109304, 48.548106234330618 ], [ 7.754899182063979, 48.546307946322507 ], [ 7.75219247374831, 48.546253159900147 ] ] ] } },
{ "type": "Feature", "properties": { "idcar_200m": "CRS3035RES200mN2828400E4155200", "population": 363.5, "median_education": 17.445, "median_healthcare": 63.0305, "median_services": 6.3855, "median_commerce": 36.0765, "median_entertainment": 40.118, "PC1_pos": 1.5441440179382628, "nivvie": 14977.462723521321, "rel_education": 0.81302139162045017, "rel_sante": 1.2508419318164143, "rel_services": 0.61723856444619241, "rel_commerce": 0.36226429967504292, "rel_loisirs": 0.75173965977707191, "rel_pc1": 0.7095489057400729, "q_revenu": 1, "q_population": 4 }, "geometry": { "type": "Polygon", "coordinates": [ [ [ 7.754899182063979, 48.546307946322507 ], [ 7.754818617109304, 48.548106234330618 ], [ 7.757525427797875, 48.548160957027363 ], [ 7.757605895776445, 48.546362666755968 ], [ 7.754899182063979, 48.546307946322507 ] ] ] } },
{ "type": "Feature", "properties": { "idcar_200m": "CRS3035RES200mN2828400E4155400", "population": 66.0, "median_education": 17.505, "median_healthcare": 66.749, "median_services": 6.641, "median_commerce": 39.462, "median_entertainment": 42.603, "PC1_pos": 1.5976854520082806, "nivvie": 21113.593939393937, "rel_education": 0.81581768187537862, "rel_sante": 1.3246356622081981, "rel_services": 0.64193584002617865, "rel_commerce": 0.39625999733279416, "rel_loisirs": 0.79830412098017334, "rel_pc1": 0.73415170542378361, "q_revenu": 2, "q_population": 2 }, "geometry": { "type": "Polygon", "coordinates": [ [ [ 7.757605895776445, 48.546362666755968 ], [ 7.757525427797875, 48.548160957027363 ], [ 7.760232243877518, 48.548215613732296 ], [ 7.760312614879236, 48.54641732120033 ], [ 7.757605895776445, 48.546362666755968 ] ] ] } },
{ "type": "Feature", "properties": { "idcar_200m": "CRS3035RES200mN2828400E4155600", "population": 162.0, "median_education": 17.464, "median_healthcare": 69.145, "median_services": 6.778, "median_commerce": 41.265, "median_entertainment": 44.648, "PC1_pos": 1.6366729347927518, "nivvie": 16759.12777777778, "rel_education": 0.81390688353451079, "rel_sante": 1.3721843452843616, "rel_services": 0.65517860618844126, "rel_commerce": 0.41436492803045333, "rel_loisirs": 0.83662376812719241, "rel_pc1": 0.75206682566251482, "q_revenu": 1, "q_population": 3 }, "geometry": { "type": "Polygon", "coordinates": [ [ [ 7.760312614879236, 48.54641732120033 ], [ 7.760232243877518, 48.548215613732296 ], [ 7.762939065341746, 48.548270204445181 ], [ 7.763019339365863, 48.54647190965543 ], [ 7.760312614879236, 48.54641732120033 ] ] ] } },
{ "type": "Feature", "properties": { "idcar_200m": "CRS3035RES200mN2828400E4155800", "population": 597.5, "median_education": 17.1885, "median_healthcare": 70.883, "median_services": 7.122, "median_commerce": 44.5385, "median_entertainment": 44.451, "PC1_pos": 1.6760158175700173, "nivvie": 14960.824267782427, "rel_education": 0.8010672507806309, "rel_sante": 1.4066750010382736, "rel_services": 0.68843051538419575, "rel_commerce": 0.44723597109134483, "rel_loisirs": 0.83293234001571914, "rel_pc1": 0.77014525558807434, "q_revenu": 1, "q_population": 5 }, "geometry": { "type": "Polygon", "coordinates": [ [ [ 7.763019339365863, 48.54647190965543 ], [ 7.762939065341746, 48.548270204445181 ], [ 7.765645892184082, 48.548324729165834 ], [ 7.765726069229851, 48.546526432120949 ], [ 7.763019339365863, 48.54647190965543 ] ] ] } },
{ "type": "Feature", "properties": { "idcar_200m": "CRS3035RES200mN2828400E4156000", "population": 579.0, "median_education": 16.92, "median_healthcare": 76.042, "median_services": 8.146, "median_commerce": 47.828, "median_entertainment": 45.527, "PC1_pos": 1.8011362795514616, "nivvie": 12583.126770293611, "rel_education": 0.78855385188982619, "rel_sante": 1.5090554918520998, "rel_services": 0.78741294275760454, "rel_commerce": 0.48026767909464491, "rel_loisirs": 0.85309465802559326, "rel_pc1": 0.82763930138515207, "q_revenu": 1, "q_population": 5 }, "geometry": { "type": "Polygon", "coordinates": [ [ [ 7.765726069229851, 48.546526432120949 ], [ 7.765645892184082, 48.548324729165834 ], [ 7.768352724398039, 48.548379187894 ], [ 7.768432804464714, 48.546580888596736 ], [ 7.765726069229851, 48.546526432120949 ] ] ] } },
{ "type": "Feature", "properties": { "idcar_200m": "CRS3035RES200mN2828400E4156200", "population": 878.5, "median_education": 16.198, "median_healthcare": 68.322, "median_services": 8.113, "median_commerce": 46.514, "median_entertainment": 44.47, "PC1_pos": 1.7009783577093684, "nivvie": 13531.510870802505, "rel_education": 0.75490515915552037, "rel_sante": 1.3558518886183839, "rel_services": 0.78422307937545355, "rel_commerce": 0.46707307069934578, "rel_loisirs": 0.83328836607723178, "rel_pc1": 0.78161578089828365, "q_revenu": 1, "q_population": 5 }, "geometry": { "type": "Polygon", "coordinates": [ [ [ 7.768432804464714, 48.546580888596736 ], [ 7.768352724398039, 48.548379187894 ], [ 7.771059561977133, 48.548433580629528 ], [ 7.771139545063971, 48.546635279082622 ], [ 7.768432804464714, 48.546580888596736 ] ] ] } },
{ "type": "Feature", "properties": { "idcar_200m": "CRS3035RES200mN2828400E4156400", "population": 321.5, "median_education": 13.9415, "median_healthcare": 56.1575, "median_services": 6.911, "median_commerce": 39.3585, "median_entertainment": 39.5525, "PC1_pos": 1.4621571900033123, "nivvie": 16214.256609642302, "rel_education": 0.64974134315141907, "rel_sante": 1.1144470658804908, "rel_services": 0.66803472224377658, "rel_commerce": 0.39522069598658904, "rel_loisirs": 0.74114319989362953, "rel_pc1": 0.6718751762365146, "q_revenu": 1, "q_population": 4 }, "geometry": { "type": "Polygon", "coordinates": [ [ [ 7.771139545063971, 48.546635279082622 ], [ 7.771059561977133, 48.548433580629528 ], [ 7.773766404914886, 48.548487907372156 ], [ 7.773846291021139, 48.546689603578294 ], [ 7.771139545063971, 48.546635279082622 ] ] ] } },
{ "type": "Feature", "properties": { "idcar_200m": "CRS3035RES200mN2828600E4153600", "population": 411.0, "median_education": 6.81, "median_healthcare": 28.449, "median_services": 3.081, "median_commerce": 24.019, "median_entertainment": 14.814, "PC1_pos": 0.71450982889724024, "nivvie": 25667.542335766426, "rel_education": 0.31737894393438038, "rel_sante": 0.56457115393730284, "rel_services": 0.29781724486081257, "rel_commerce": 0.24118820323187828, "rel_loisirs": 0.27758789869728157, "rel_pc1": 0.32832408204480917, "q_revenu": 3, "q_population": 4 }, "geometry": { "type": "Polygon", "coordinates": [ [ [ 7.733164326457136, 48.547666077076492 ], [ 7.73308297832337, 48.549464345441208 ], [ 7.735789842628895, 48.549519598350152 ], [ 7.735871093783788, 48.547721327700188 ], [ 7.733164326457136, 48.547666077076492 ] ] ] } },
{ "type": "Feature", "properties": { "idcar_200m": "CRS3035RES200mN2828600E4153800", "population": 100.0, "median_education": 8.432, "median_healthcare": 35.2305, "median_services": 3.797, "median_commerce": 26.849, "median_entertainment": 18.293, "PC1_pos": 0.85194069007499595, "nivvie": 34087.708, "rel_education": 0.39297199049261311, "rel_sante": 0.69915019996443273, "rel_services": 0.36702761400081313, "rel_commerce": 0.26960581492038382, "rel_loisirs": 0.34277814438162357, "rel_pc1": 0.39147487370075379, "q_revenu": 5, "q_population": 2 }, "geometry": { "type": "Polygon", "coordinates": [ [ [ 7.735871093783788, 48.547721327700188 ], [ 7.735789842628895, 48.549519598350152 ], [ 7.738496712378105, 48.549574785266266 ], [ 7.738577866553364, 48.547776512333712 ], [ 7.735871093783788, 48.547721327700188 ] ] ] } },
{ "type": "Feature", "properties": { "idcar_200m": "CRS3035RES200mN2828600E4154000", "population": 218.0, "median_education": 11.463, "median_healthcare": 47.776, "median_services": 5.129, "median_commerce": 34.294, "median_entertainment": 24.998, "PC1_pos": 1.1377920885449431, "nivvie": 26030.975688073395, "rel_education": 0.53423125320408249, "rel_sante": 0.94811597773238365, "rel_services": 0.49578209960762987, "rel_commerce": 0.34436522093484467, "rel_loisirs": 0.46841786766806026, "rel_pc1": 0.52282631801708945, "q_revenu": 4, "q_population": 3 }, "geometry": { "type": "Polygon", "coordinates": [ [ [ 7.738577866553364, 48.547776512333712 ], [ 7.738496712378105, 48.549574785266266 ], [ 7.741203587564518, 48.549629906189317 ], [ 7.741284644759387, 48.547831630976965 ], [ 7.738577866553364, 48.547776512333712 ] ] ] } },
{ "type": "Feature", "properties": { "idcar_200m": "CRS3035RES200mN2828600E4154200", "population": 287.0, "median_education": 12.7095, "median_healthcare": 52.0525, "median_services": 5.8105, "median_commerce": 37.0795, "median_entertainment": 27.7205, "PC1_pos": 1.2487426335783591, "nivvie": 22595.333449477352, "rel_education": 0.5923241832502214, "rel_sante": 1.0329832328138582, "rel_services": 0.56165761157538185, "rel_commerce": 0.37233598325227657, "rel_loisirs": 0.51943265464006982, "rel_pc1": 0.57380915181055792, "q_revenu": 3, "q_population": 4 }, "geometry": { "type": "Polygon", "coordinates": [ [ [ 7.741284644759387, 48.547831630976965 ], [ 7.741203587564518, 48.549629906189317 ], [ 7.743910468181647, 48.549684961119077 ], [ 7.743991428395374, 48.547886683629649 ], [ 7.741284644759387, 48.547831630976965 ] ] ] } },
{ "type": "Feature", "properties": { "idcar_200m": "CRS3035RES200mN2828600E4154400", "population": 115.5, "median_education": 14.219, "median_healthcare": 51.868, "median_services": 6.6845, "median_commerce": 35.817, "median_entertainment": 29.7405, "PC1_pos": 1.3143164701318752, "nivvie": 29573.709090909091, "rel_education": 0.66267418558046332, "rel_sante": 1.0293218254567833, "rel_services": 0.64614065993901382, "rel_commerce": 0.35965851514035491, "rel_loisirs": 0.55728384644299322, "rel_pc1": 0.60394095521180391, "q_revenu": 5, "q_population": 2 }, "geometry": { "type": "Polygon", "coordinates": [ [ [ 7.743991428395374, 48.547886683629649 ], [ 7.743910468181647, 48.549684961119077 ], [ 7.746617354223011, 48.549739950055397 ], [ 7.746698217454837, 48.54794167029155 ], [ 7.743991428395374, 48.547886683629649 ] ] ] } },
{ "type": "Feature", "properties": { "idcar_200m": "CRS3035RES200mN2828600E4154600", "population": 67.0, "median_education": 17.583, "median_healthcare": 58.991, "median_services": 8.2425, "median_commerce": 39.505, "median_entertainment": 36.647, "PC1_pos": 1.5723257383199196, "nivvie": 25864.007462686568, "rel_education": 0.81945285920678557, "rel_sante": 1.1706779479741092, "rel_services": 0.79674087658722736, "rel_commerce": 0.39669178436551694, "rel_loisirs": 0.68669931980284049, "rel_pc1": 0.72249867507918952, "q_revenu": 4, "q_population": 2 }, "geometry": { "type": "Polygon", "coordinates": [ [ [ 7.746698217454837, 48.54794167029155 ], [ 7.746617354223011, 48.549739950055397 ], [ 7.749324245682129, 48.549794872998007 ], [ 7.749405011931304, 48.547996590962484 ], [ 7.746698217454837, 48.54794167029155 ] ] ] } },
{ "type": "Feature", "properties": { "idcar_200m": "CRS3035RES200mN2828600E4155000", "population": 239.5, "median_education": 19.363, "median_healthcare": 69.274, "median_services": 7.445, "median_commerce": 40.78, "median_entertainment": 43.866, "PC1_pos": 1.6699799647889184, "nivvie": 17757.468475991649, "rel_education": 0.90240947010299666, "rel_sante": 1.3747443536803654, "rel_services": 0.71965251151858156, "rel_commerce": 0.40949477196369533, "rel_loisirs": 0.82197048496388236, "rel_pc1": 0.76737172365952067, "q_revenu": 1, "q_population": 3 }, "geometry": { "type": "Polygon", "coordinates": [ [ [ 7.752111811818287, 48.548051445642258 ], [ 7.752031142552518, 48.549849729946693 ], [ 7.754738044827689, 48.549904520901272 ], [ 7.754818617109304, 48.548106234330618 ], [ 7.752111811818287, 48.548051445642258 ] ] ] } },
{ "type": "Feature", "properties": { "idcar_200m": "CRS3035RES200mN2828600E4155200", "population": 834.5, "median_education": 18.5375, "median_healthcare": 69.497, "median_services": 7.076, "median_commerce": 40.7715, "median_entertainment": 43.8235, "PC1_pos": 1.6813426341728113, "nivvie": 14472.424805272618, "rel_education": 0.86393717667893932, "rel_sante": 1.3791697945509767, "rel_services": 0.68398403915453088, "rel_commerce": 0.40940941871304082, "rel_loisirs": 0.82117411087891989, "rel_pc1": 0.77259297862924314, "q_revenu": 1, "q_population": 5 }, "geometry": { "type": "Polygon", "coordinates": [ [ [ 7.754818617109304, 48.548106234330618 ], [ 7.754738044827689, 48.549904520901272 ], [ 7.75744495250116, 48.549959245861487 ], [ 7.757525427797875, 48.548160957027363 ], [ 7.754818617109304, 48.548106234330618 ] ] ] } },
{ "type": "Feature", "properties": { "idcar_200m": "CRS3035RES200mN2828600E4155400", "population": 54.0, "median_education": 18.561, "median_healthcare": 72.888, "median_services": 7.249, "median_commerce": 43.932, "median_entertainment": 46.426, "PC1_pos": 1.7391629928658334, "nivvie": 16157.283333333335, "rel_education": 0.86503239036211954, "rel_sante": 1.4464642788211231, "rel_services": 0.70070665627913997, "rel_commerce": 0.4411457656181722, "rel_loisirs": 0.86994031219927059, "rel_pc1": 0.79916198499363045, "q_revenu": 1, "q_population": 2 }, "geometry": { "type": "Polygon", "coordinates": [ [ [ 7.757525427797875, 48.548160957027363 ], [ 7.75744495250116, 48.549959245861487 ], [ 7.760151865566456, 48.550013904827203 ], [ 7.760232243877518, 48.548215613732296 ], [ 7.757525427797875, 48.548160957027363 ] ] ] } },
{ "type": "Feature", "properties": { "idcar_200m": "CRS3035RES200mN2828600E4155600", "population": 6.0, "median_education": 17.558, "median_healthcare": 68.026, "median_services": 6.625, "median_commerce": 41.8175, "median_entertainment": 44.5835, "PC1_pos": 1.6397375883336351, "nivvie": 16157.283333333333, "rel_education": 0.81828773826723211, "rel_sante": 1.3499777608260033, "rel_services": 0.64038923959846916, "rel_commerce": 0.4199128893229972, "rel_loisirs": 0.83541515333942573, "rel_pc1": 0.75347506319809765, "q_revenu": 1, "q_population": 1 }, "geometry": { "type": "Polygon", "coordinates": [ [ [ 7.760232243877518, 48.548215613732296 ], [ 7.760151865566456, 48.550013904827203 ], [ 7.762858784017089, 48.550068497798108 ], [ 7.762939065341746, 48.548270204445181 ], [ 7.760232243877518, 48.548215613732296 ] ] ] } },
{ "type": "Feature", "properties": { "idcar_200m": "CRS3035RES200mN2828600E4156000", "population": 558.5, "median_education": 18.565, "median_healthcare": 80.042, "median_services": 8.806, "median_commerce": 51.695, "median_entertainment": 49.742, "PC1_pos": 1.9292216741506139, "nivvie": 13589.888630259624, "rel_education": 0.86521880971244813, "rel_sante": 1.588435597154543, "rel_services": 0.85121021040062161, "rel_commerce": 0.51909838736300218, "rel_loisirs": 0.93207622904010934, "rel_pc1": 0.88649576200238156, "q_revenu": 1, "q_population": 5 }, "geometry": { "type": "Polygon", "coordinates": [ [ [ 7.765645892184082, 48.548324729165834 ], [ 7.765565707846571, 48.550123024774081 ], [ 7.768272637048426, 48.55017748575488 ], [ 7.768352724398039, 48.548379187894 ], [ 7.765645892184082, 48.548324729165834 ] ] ] } },
{ "type": "Feature", "properties": { "idcar_200m": "CRS3035RES200mN2828600E4156200", "population": 214.0, "median_education": 17.2545, "median_healthcare": 72.3895, "median_services": 8.9715, "median_commerce": 48.1995, "median_entertainment": 47.1485, "PC1_pos": 1.81824892267972, "nivvie": 15047.758878504672, "rel_education": 0.80414317006105229, "rel_sante": 1.4365715331978059, "rel_services": 0.86720785857474192, "rel_commerce": 0.48399811822619254, "rel_loisirs": 0.88347867164363303, "rel_pc1": 0.83550272413906623, "q_revenu": 1, "q_population": 3 }, "geometry": { "type": "Polygon", "coordinates": [ [ [ 7.768352724398039, 48.548379187894 ], [ 7.768272637048426, 48.55017748575488 ], [ 7.770979571616164, 48.550231880740242 ], [ 7.771059561977133, 48.548433580629528 ], [ 7.768352724398039, 48.548379187894 ] ] ] } },
{ "type": "Feature", "properties": { "idcar_200m": "CRS3035RES200mN2828600E4156400", "population": 157.5, "median_education": 15.4305, "median_healthcare": 62.5375, "median_services": 7.624, "median_commerce": 43.317, "median_entertainment": 44.557, "PC1_pos": 1.40923978665301, "nivvie": 13048.513015873015, "rel_education": 0.71913594631122713, "rel_sante": 1.241058333837888, "rel_services": 0.73695510380358165, "rel_commerce": 0.4349702068943449, "rel_loisirs": 0.83491859067468444, "rel_pc1": 0.64755912462110476, "q_revenu": 1, "q_population": 3 }, "geometry": { "type": "Polygon", "coordinates": [ [ [ 7.771059561977133, 48.548433580629528 ], [ 7.770979571616164, 48.550231880740242 ], [ 7.773686511543305, 48.550286209730054 ], [ 7.773766404914886, 48.548487907372156 ], [ 7.771059561977133, 48.548433580629528 ] ] ] } },
{ "type": "Feature", "properties": { "idcar_200m": "CRS3035RES200mN2828800E4154000", "population": 186.0, "median_education": 10.009, "median_healthcare": 43.466, "median_services": 4.625, "median_commerce": 34.973, "median_entertainment": 21.901, "PC1_pos": 1.0714956723042206, "nivvie": 14599.861827956989, "rel_education": 0.46646781935964954, "rel_sante": 0.86258391426900083, "rel_services": 0.44706418613478033, "rel_commerce": 0.35118343942830593, "rel_loisirs": 0.41038561964149883, "rel_pc1": 0.49236248235692776, "q_revenu": 1, "q_population": 3 }, "geometry": { "type": "Polygon", "coordinates": [ [ [ 7.738496712378105, 48.549574785266266 ], [ 7.73841555082214, 48.55137305676049 ], [ 7.741122522997739, 48.551428179963573 ], [ 7.741203587564518, 48.549629906189317 ], [ 7.738496712378105, 48.549574785266266 ] ] ] } },
{ "type": "Feature", "properties": { "idcar_200m": "CRS3035RES200mN2828800E4154200", "population": 367.0, "median_education": 13.799, "median_healthcare": 60.329, "median_services": 6.61, "median_commerce": 44.197, "median_entertainment": 30.246, "PC1_pos": 1.447293113851907, "nivvie": 15782.465940054495, "rel_education": 0.64310015379596397, "rel_sante": 1.1972305931977765, "rel_services": 0.63893930169749147, "rel_commerce": 0.44380677872681318, "rel_loisirs": 0.566756013500606, "rel_pc1": 0.66504499145741036, "q_revenu": 1, "q_population": 4 }, "geometry": { "type": "Polygon", "coordinates": [ [ [ 7.741203587564518, 48.549629906189317 ], [ 7.741122522997739, 48.551428179963573 ], [ 7.743829500604817, 48.551483237170672 ], [ 7.743910468181647, 48.549684961119077 ], [ 7.741203587564518, 48.549629906189317 ] ] ] } },
{ "type": "Feature", "properties": { "idcar_200m": "CRS3035RES200mN2828800E4154400", "population": 562.0, "median_education": 15.7095, "median_healthcare": 62.8805, "median_services": 7.5875, "median_commerce": 43.9415, "median_entertainment": 34.109, "PC1_pos": 1.5488285106231647, "nivvie": 22511.23825622776, "rel_education": 0.73213869599664438, "rel_sante": 1.2478651778675725, "rel_services": 0.73342692157786937, "rel_commerce": 0.44124116042772726, "rel_loisirs": 0.63914173327025636, "rel_pc1": 0.71170147481388091, "q_revenu": 2, "q_population": 5 }, "geometry": { "type": "Polygon", "coordinates": [ [ [ 7.743910468181647, 48.549684961119077 ], [ 7.743829500604817, 48.551483237170672 ], [ 7.746536483636879, 48.551538228381581 ], [ 7.746617354223011, 48.549739950055397 ], [ 7.743910468181647, 48.549684961119077 ] ] ] } },
{ "type": "Feature", "properties": { "idcar_200m": "CRS3035RES200mN2828800E4154600", "population": 1023.5, "median_education": 17.126, "median_healthcare": 63.116, "median_services": 8.362, "median_commerce": 44.773, "median_entertainment": 38.558, "PC1_pos": 1.6473253841487128, "nivvie": 18629.739716658525, "rel_education": 0.79815444843174721, "rel_sante": 1.2525386815672539, "rel_services": 0.80829204853168279, "rel_commerce": 0.44959071665351963, "rel_loisirs": 0.72250804630550713, "rel_pc1": 0.75696172775465631, "q_revenu": 1, "q_population": 5 }, "geometry": { "type": "Polygon", "coordinates": [ [ [ 7.746617354223011, 48.549739950055397 ], [ 7.746536483636879, 48.551538228381581 ], [ 7.749243472087452, 48.551593153596059 ], [ 7.749324245682129, 48.549794872998007 ], [ 7.746617354223011, 48.549739950055397 ] ] ] } },
{ "type": "Feature", "properties": { "idcar_200m": "CRS3035RES200mN2828800E4154800", "population": 875.5, "median_education": 18.4415, "median_healthcare": 66.2545, "median_services": 8.3525, "median_commerce": 46.2555, "median_entertainment": 43.299, "PC1_pos": 1.7554062093771452, "nivvie": 17351.641005139918, "rel_education": 0.85946311227105365, "rel_sante": 1.3148222966901837, "rel_services": 0.80737375452773019, "rel_commerce": 0.46447732772355826, "rel_loisirs": 0.81134591775979437, "rel_pc1": 0.80662589792364914, "q_revenu": 1, "q_population": 5 }, "geometry": { "type": "Polygon", "coordinates": [ [ [ 7.749324245682129, 48.549794872998007 ], [ 7.749243472087452, 48.551593153596059 ], [ 7.751950465950041, 48.551648012813878 ], [ 7.752031142552518, 48.549849729946693 ], [ 7.749324245682129, 48.549794872998007 ] ] ] } },
{ "type": "Feature", "properties": { "idcar_200m": "CRS3035RES200mN2828800E4155000", "population": 643.5, "median_education": 18.676, "median_healthcare": 69.3055, "median_services": 7.797, "median_commerce": 44.4295, "median_entertainment": 44.692, "PC1_pos": 1.7518251297052387, "nivvie": 17649.634498834501, "rel_education": 0.87039194668406583, "rel_sante": 1.3753694720096221, "rel_services": 0.75367772092819085, "rel_commerce": 0.44614144117118687, "rel_loisirs": 0.83744824953280061, "rel_pc1": 0.80498035765470333, "q_revenu": 1, "q_population": 5 }, "geometry": { "type": "Polygon", "coordinates": [ [ [ 7.752031142552518, 48.549849729946693 ], [ 7.751950465950041, 48.551648012813878 ], [ 7.754657465218173, 48.551702806034903 ], [ 7.754738044827689, 48.549904520901272 ], [ 7.752031142552518, 48.549849729946693 ] ] ] } },
{ "type": "Feature", "properties": { "idcar_200m": "CRS3035RES200mN2828800E4155200", "population": 669.5, "median_education": 19.208, "median_healthcare": 71.9265, "median_services": 7.486, "median_commerce": 44.5635, "median_entertainment": 46.473, "PC1_pos": 1.7643767909182431, "nivvie": 18226.344436146377, "rel_education": 0.89518572027776477, "rel_sante": 1.4273832860090483, "rel_services": 0.72361567511458724, "rel_commerce": 0.44748701006385821, "rel_loisirs": 0.87082100824617026, "rel_pc1": 0.81074796571162444, "q_revenu": 1, "q_population": 5 }, "geometry": { "type": "Polygon", "coordinates": [ [ [ 7.754738044827689, 48.549904520901272 ], [ 7.754657465218173, 48.551702806034903 ], [ 7.757364469885353, 48.551757533258829 ], [ 7.75744495250116, 48.549959245861487 ], [ 7.754738044827689, 48.549904520901272 ] ] ] } },
{ "type": "Feature", "properties": { "idcar_200m": "CRS3035RES200mN2828800E4155400", "population": 71.0, "median_education": 18.841, "median_healthcare": 75.176, "median_services": 7.499, "median_commerce": 49.328, "median_entertainment": 48.633, "PC1_pos": 1.821206164642319, "nivvie": 22226.004225352113, "rel_education": 0.87808174488511914, "rel_sante": 1.4918696990541207, "rel_services": 0.72487228796210113, "rel_commerce": 0.49533001744544292, "rel_loisirs": 0.91129554997602913, "rel_pc1": 0.83686160502983464, "q_revenu": 2, "q_population": 2 }, "geometry": { "type": "Polygon", "coordinates": [ [ [ 7.75744495250116, 48.549959245861487 ], [ 7.757364469885353, 48.551757533258829 ], [ 7.760071479945107, 48.551812194485493 ], [ 7.760151865566456, 48.550013904827203 ], [ 7.75744495250116, 48.549959245861487 ] ] ] } },
{ "type": "Feature", "properties": { "idcar_200m": "CRS3035RES200mN2828800E4155600", "population": 672.5, "median_education": 18.571, "median_healthcare": 69.863, "median_services": 7.029, "median_commerce": 46.43, "median_entertainment": 46.832, "PC1_pos": 1.7487948321883551, "nivvie": 14557.556133828997, "rel_education": 0.86549843873794108, "rel_sante": 1.3864330741861501, "rel_services": 0.67944090039813421, "rel_commerce": 0.46622957975170115, "rel_loisirs": 0.87754802698738288, "rel_pc1": 0.80358790703986849, "q_revenu": 1, "q_population": 5 }, "geometry": { "type": "Polygon", "coordinates": [ [ [ 7.760151865566456, 48.550013904827203 ], [ 7.760071479945107, 48.551812194485493 ], [ 7.762778495390943, 48.551866789714687 ], [ 7.762858784017089, 48.550068497798108 ], [ 7.760151865566456, 48.550013904827203 ] ] ] } },
{ "type": "Feature", "properties": { "idcar_200m": "CRS3035RES200mN2828800E4156000", "population": 150.5, "median_education": 19.7705, "median_healthcare": 85.0585, "median_services": 9.103, "median_commerce": 56.8435, "median_entertainment": 52.874, "PC1_pos": 2.058722648471659, "nivvie": 12804.867109634552, "rel_education": 0.921400941417719, "rel_sante": 1.68798817171697, "rel_services": 0.87991898083997955, "rel_commerce": 0.57079735336239124, "rel_loisirs": 0.99076431454840452, "rel_pc1": 0.94600269500495127, "q_revenu": 1, "q_population": 3 }, "geometry": { "type": "Polygon", "coordinates": [ [ [ 7.765565707846571, 48.550123024774081 ], [ 7.765485516216378, 48.551921318946192 ], [ 7.76819254241493, 48.551975782179774 ], [ 7.768272637048426, 48.55017748575488 ], [ 7.765565707846571, 48.550123024774081 ] ] ] } },
{ "type": "Feature", "properties": { "idcar_200m": "CRS3035RES200mN2828800E4156200", "population": 27.0, "median_education": 17.986, "median_healthcare": 76.083, "median_services": 8.5285, "median_commerce": 52.095, "median_entertainment": 51.365, "PC1_pos": 1.9078602594015928, "nivvie": 23529.196296296297, "rel_education": 0.83823460875238853, "rel_sante": 1.5098691379314497, "rel_services": 0.824386359232535, "rel_commerce": 0.523115010923215, "rel_loisirs": 0.96248834997879484, "rel_pc1": 0.87667998815994863, "q_revenu": 3, "q_population": 1 }, "geometry": { "type": "Polygon", "coordinates": [ [ [ 7.768272637048426, 48.55017748575488 ], [ 7.76819254241493, 48.551975782179774 ], [ 7.770899573980118, 48.552030179415247 ], [ 7.770979571616164, 48.550231880740242 ], [ 7.768272637048426, 48.55017748575488 ] ] ] } },
{ "type": "Feature", "properties": { "idcar_200m": "CRS3035RES200mN2828800E4156400", "population": 32.0, "median_education": 17.288, "median_healthcare": 70.7255, "median_services": 8.1635, "median_commerce": 48.9115, "median_entertainment": 50.891, "PC1_pos": 1.8129103147704728, "nivvie": 23529.196875000001, "rel_education": 0.80570443212005405, "rel_sante": 1.4035494093919896, "rel_services": 0.78910453697541161, "rel_commerce": 0.49114770816337133, "rel_loisirs": 0.95360643665474265, "rel_pc1": 0.83304958288010555, "q_revenu": 3, "q_population": 2 }, "geometry": { "type": "Polygon", "coordinates": [ [ [ 7.770979571616164, 48.550231880740242 ], [ 7.770899573980118, 48.552030179415247 ], [ 7.773606610905446, 48.552084510652392 ], [ 7.773686511543305, 48.550286209730054 ], [ 7.770979571616164, 48.550231880740242 ] ] ] } },
{ "type": "Feature", "properties": { "idcar_200m": "CRS3035RES200mN2829000E4153200", "population": 2.0, "median_education": 0.3645, "median_healthcare": 0.5645, "median_services": 0.143, "median_commerce": 0.838, "median_entertainment": 0.775, "PC1_pos": 0.024634646123740556, "nivvie": 20478.2, "rel_education": 0.016987463298690404, "rel_sante": 0.01120251736080732, "rel_services": 0.013822741322653747, "rel_commerce": 0.0084148263586458216, "rel_loisirs": 0.014522115666963226, "rel_pc1": 0.01131985488227491, "q_revenu": 2, "q_population": 1 }, "geometry": { "type": "Polygon", "coordinates": [ [ [ 7.727587716564123, 48.551151903992412 ], [ 7.727506159642076, 48.552950164900523 ], [ 7.730213207021917, 48.553005554376604 ], [ 7.730294666949001, 48.551207291177363 ], [ 7.727587716564123, 48.551151903992412 ] ] ] } },
{ "type": "Feature", "properties": { "idcar_200m": "CRS3035RES200mN2829000E4154000", "population": 13.0, "median_education": 11.319, "median_healthcare": 51.18, "median_services": 5.25, "median_commerce": 41.082, "median_entertainment": 24.592, "PC1_pos": 1.1942198113031575, "nivvie": 19676.153846153848, "rel_education": 0.52752015659225426, "rel_sante": 1.0156684473447628, "rel_services": 0.5074782653421831, "rel_commerce": 0.41252732275165593, "rel_loisirs": 0.46081015287994787, "rel_pc1": 0.54875539488516178, "q_revenu": 2, "q_population": 1 }, "geometry": { "type": "Polygon", "coordinates": [ [ [ 7.73841555082214, 48.55137305676049 ], [ 7.7383343818845, 48.553171326816852 ], [ 7.741041451058097, 48.553226452300208 ], [ 7.741122522997739, 48.551428179963573 ], [ 7.73841555082214, 48.55137305676049 ] ] ] } },
{ "type": "Feature", "properties": { "idcar_200m": "CRS3035RES200mN2829000E4154200", "population": 1019.0, "median_education": 15.073, "median_healthcare": 68.4875, "median_services": 7.2165, "median_commerce": 49.891, "median_entertainment": 33.422, "PC1_pos": 1.5627439331320983, "nivvie": 18652.821687929343, "rel_education": 0.70247471687561169, "rel_sante": 1.3591362404752725, "rel_services": 0.6975651241603551, "rel_commerce": 0.50098341510644251, "rel_loisirs": 0.6262685804145095, "rel_pc1": 0.7180957441951189, "q_revenu": 1, "q_population": 5 }, "geometry": { "type": "Polygon", "coordinates": [ [ [ 7.741122522997739, 48.551428179963573 ], [ 7.741041451058097, 48.553226452300208 ], [ 7.74374852566392, 48.553281511784839 ], [ 7.743829500604817, 48.551483237170672 ], [ 7.741122522997739, 48.551428179963573 ] ] ] } },
{ "type": "Feature", "properties": { "idcar_200m": "CRS3035RES200mN2829000E4154400", "population": 626.5, "median_education": 15.6195, "median_healthcare": 65.6595, "median_services": 7.475, "median_commerce": 47.9025, "median_entertainment": 36.261, "PC1_pos": 1.5999343726413282, "nivvie": 22201.591380686354, "rel_education": 0.72794426061425177, "rel_sante": 1.3030145060264453, "rel_services": 0.72255238732053684, "rel_commerce": 0.48101577523273453, "rel_loisirs": 0.67946636929000448, "rel_pc1": 0.73518510590698849, "q_revenu": 2, "q_population": 5 }, "geometry": { "type": "Polygon", "coordinates": [ [ [ 7.743829500604817, 48.551483237170672 ], [ 7.74374852566392, 48.553281511784839 ], [ 7.746455605695487, 48.553336505270558 ], [ 7.746536483636879, 48.551538228381581 ], [ 7.743829500604817, 48.551483237170672 ] ] ] } },
{ "type": "Feature", "properties": { "idcar_200m": "CRS3035RES200mN2829000E4154600", "population": 217.5, "median_education": 17.334, "median_healthcare": 68.858, "median_services": 8.243, "median_commerce": 49.972, "median_entertainment": 41.18, "PC1_pos": 1.7486001708375365, "nivvie": 27920.33287356322, "rel_education": 0.80784825464883248, "rel_sante": 1.3664888227289114, "rel_services": 0.79678920785059337, "rel_commerce": 0.50179678137738548, "rel_loisirs": 0.77163964279425235, "rel_pc1": 0.80349845829230437, "q_revenu": 4, "q_population": 3 }, "geometry": { "type": "Polygon", "coordinates": [ [ [ 7.746536483636879, 48.551538228381581 ], [ 7.746455605695487, 48.553336505270558 ], [ 7.749162691146316, 48.55339143275711 ], [ 7.749243472087452, 48.551593153596059 ], [ 7.746536483636879, 48.551538228381581 ] ] ] } },
{ "type": "Feature", "properties": { "idcar_200m": "CRS3035RES200mN2829000E4154800", "population": 154.5, "median_education": 18.6795, "median_healthcare": 73.7435, "median_services": 8.4685, "median_commerce": 53.762, "median_entertainment": 46.5695, "PC1_pos": 1.8598827340621069, "nivvie": 30200.315857605176, "rel_education": 0.87055506361560331, "rel_sante": 1.4634416988426833, "rel_services": 0.81858660762862412, "rel_commerce": 0.53985428961040183, "rel_loisirs": 0.87262924587437929, "rel_pc1": 0.85463385761170996, "q_revenu": 5, "q_population": 3 }, "geometry": { "type": "Polygon", "coordinates": [ [ [ 7.749243472087452, 48.551593153596059 ], [ 7.749162691146316, 48.55339143275711 ], [ 7.751869782009923, 48.553446294244331 ], [ 7.751950465950041, 48.551648012813878 ], [ 7.749243472087452, 48.551593153596059 ] ] ] } },
{ "type": "Feature", "properties": { "idcar_200m": "CRS3035RES200mN2829000E4155000", "population": 156.5, "median_education": 19.713, "median_healthcare": 74.183, "median_services": 8.55, "median_commerce": 56.077, "median_entertainment": 50.709, "PC1_pos": 1.9483769758007474, "nivvie": 31770.687539936102, "rel_education": 0.91872116325674602, "rel_sante": 1.4721635879127892, "rel_services": 0.82646460355726969, "rel_commerce": 0.56310049846513344, "rel_loisirs": 0.9501960817497267, "rel_pc1": 0.89529780583189489, "q_revenu": 5, "q_population": 3 }, "geometry": { "type": "Polygon", "coordinates": [ [ [ 7.751950465950041, 48.551648012813878 ], [ 7.751869782009923, 48.553446294244331 ], [ 7.754576878279808, 48.553501089731945 ], [ 7.754657465218173, 48.551702806034903 ], [ 7.751950465950041, 48.551648012813878 ] ] ] } },
{ "type": "Feature", "properties": { "idcar_200m": "CRS3035RES200mN2829000E4155200", "population": 157.5, "median_education": 19.374, "median_healthcare": 74.319, "median_services": 7.935, "median_commerce": 52.876, "median_entertainment": 50.239, "PC1_pos": 1.8949223078437489, "nivvie": 35211.213968253971, "rel_education": 0.9029221233164002, "rel_sante": 1.4748625114930722, "rel_services": 0.76701714961718526, "rel_commerce": 0.5309574684245304, "rel_loisirs": 0.9413891212807296, "rel_pc1": 0.87073487600477317, "q_revenu": 5, "q_population": 3 }, "geometry": { "type": "Polygon", "coordinates": [ [ [ 7.754657465218173, 48.551702806034903 ], [ 7.754576878279808, 48.553501089731945 ], [ 7.757283979949503, 48.553555819219802 ], [ 7.757364469885353, 48.551757533258829 ], [ 7.754657465218173, 48.551702806034903 ] ] ] } },
{ "type": "Feature", "properties": { "idcar_200m": "CRS3035RES200mN2829000E4155400", "population": 80.0, "median_education": 18.105, "median_healthcare": 72.041, "median_services": 7.6855, "median_commerce": 53.413, "median_entertainment": 50.382, "PC1_pos": 1.8753482365978107, "nivvie": 23924.87875, "rel_education": 0.8437805844246633, "rel_sante": 1.4296555415233305, "rel_services": 0.74289984919759, "rel_commerce": 0.53634978555411617, "rel_loisirs": 0.94406868584895653, "rel_pc1": 0.8617404035513696, "q_revenu": 3, "q_population": 2 }, "geometry": { "type": "Polygon", "coordinates": [ [ [ 7.757364469885353, 48.551757533258829 ], [ 7.757283979949503, 48.553555819219802 ], [ 7.759991087012517, 48.553610482707654 ], [ 7.760071479945107, 48.551812194485493 ], [ 7.757364469885353, 48.551757533258829 ] ] ] } },
{ "type": "Feature", "properties": { "idcar_200m": "CRS3035RES200mN2829000E4155600", "population": 356.0, "median_education": 20.1605, "median_healthcare": 81.16, "median_services": 8.403, "median_commerce": 58.276, "median_entertainment": 54.412, "PC1_pos": 1.9752509282085247, "nivvie": 14041.048595505617, "rel_education": 0.93957682807475407, "rel_sante": 1.6106223365865759, "rel_services": 0.81225521212768836, "rel_commerce": 0.58518188648740321, "rel_loisirs": 1.0195836873171651, "rel_pc1": 0.90764664331229339, "q_revenu": 1, "q_population": 4 }, "geometry": { "type": "Polygon", "coordinates": [ [ [ 7.760071479945107, 48.551812194485493 ], [ 7.759991087012517, 48.553610482707654 ], [ 7.762698199462363, 48.553665080195309 ], [ 7.762778495390943, 48.551866789714687 ], [ 7.760071479945107, 48.551812194485493 ] ] ] } },
{ "type": "Feature", "properties": { "idcar_200m": "CRS3035RES200mN2829000E4155800", "population": 51.5, "median_education": 17.9055, "median_healthcare": 78.441, "median_services": 7.7015, "median_commerce": 54.7795, "median_entertainment": 48.736, "PC1_pos": 1.9047450049305565, "nivvie": 15624.396116504855, "rel_education": 0.83448291932702612, "rel_sante": 1.55666371000724, "rel_services": 0.7444464496252996, "rel_commerce": 0.55007157579169308, "rel_loisirs": 0.91322558599370296, "rel_pc1": 0.87524849901428137, "q_revenu": 1, "q_population": 2 }, "geometry": { "type": "Polygon", "coordinates": [ [ [ 7.762778495390943, 48.551866789714687 ], [ 7.762698199462363, 48.553665080195309 ], [ 7.765405317292557, 48.553719611682546 ], [ 7.765485516216378, 48.551921318946192 ], [ 7.762778495390943, 48.551866789714687 ] ] ] } },
{ "type": "Feature", "properties": { "idcar_200m": "CRS3035RES200mN2829000E4156000", "population": 201.0, "median_education": 19.608, "median_healthcare": 86.7085, "median_services": 9.014, "median_commerce": 59.341, "median_entertainment": 53.799, "PC1_pos": 2.0838045690980573, "nivvie": 16440.81393034826, "rel_education": 0.91382765531062105, "rel_sante": 1.7207324651542277, "rel_services": 0.87131601596084529, "rel_commerce": 0.59587614671646993, "rel_loisirs": 1.0080971622799413, "rel_pc1": 0.95752807678772212, "q_revenu": 1, "q_population": 3 }, "geometry": { "type": "Polygon", "coordinates": [ [ [ 7.765485516216378, 48.551921318946192 ], [ 7.765405317292557, 48.553719611682546 ], [ 7.768112440496614, 48.553774077169145 ], [ 7.76819254241493, 48.551975782179774 ], [ 7.765485516216378, 48.551921318946192 ] ] ] } },
{ "type": "Feature", "properties": { "idcar_200m": "CRS3035RES200mN2829000E4156200", "population": 114.0, "median_education": 18.986, "median_healthcare": 81.717, "median_services": 8.7565, "median_commerce": 56.391, "median_entertainment": 53.7795, "PC1_pos": 2.0210830405924107, "nivvie": 14884.767543859649, "rel_education": 0.88483944633452949, "rel_sante": 1.6216760162499411, "rel_services": 0.84642541532739535, "rel_commerce": 0.56625354795990057, "rel_loisirs": 1.0077317671115467, "rel_pc1": 0.92870693614246813, "q_revenu": 1, "q_population": 2 }, "geometry": { "type": "Polygon", "coordinates": [ [ [ 7.76819254241493, 48.551975782179774 ], [ 7.768112440496614, 48.553774077169145 ], [ 7.77081956906805, 48.553828476654928 ], [ 7.770899573980118, 48.552030179415247 ], [ 7.76819254241493, 48.551975782179774 ] ] ] } },
{ "type": "Feature", "properties": { "idcar_200m": "CRS3035RES200mN2829000E4156400", "population": 125.0, "median_education": 16.406, "median_healthcare": 65.074, "median_services": 7.586, "median_commerce": 46.013, "median_entertainment": 49.589, "PC1_pos": 1.7183198493678378, "nivvie": 11831.4208, "rel_education": 0.76459896537260563, "rel_sante": 1.2913952431128, "rel_services": 0.73328192778777157, "rel_commerce": 0.46204224969017926, "rel_loisirs": 0.92920928233424427, "rel_pc1": 0.78958436173480218, "q_revenu": 1, "q_population": 2 }, "geometry": { "type": "Polygon", "coordinates": [ [ [ 7.770899573980118, 48.552030179415247 ], [ 7.77081956906805, 48.553828476654928 ], [ 7.773526703000372, 48.553882810139648 ], [ 7.773606610905446, 48.552084510652392 ], [ 7.770899573980118, 48.552030179415247 ] ] ] } },
{ "type": "Feature", "properties": { "idcar_200m": "CRS3035RES200mN2829000E4157800", "population": 14.0, "median_education": 4.0435, "median_healthcare": 10.375, "median_services": 1.7955, "median_commerce": 9.0455, "median_entertainment": 12.6065, "PC1_pos": 0.37450489797793374, "nivvie": 26704.907142857144, "rel_education": 0.18844666076338723, "rel_sante": 0.20589214812821249, "rel_services": 0.17355756674702663, "rel_commerce": 0.090830921034762285, "rel_loisirs": 0.23622329181364116, "rel_pc1": 0.17208857300068547, "q_revenu": 4, "q_population": 1 }, "geometry": { "type": "Polygon", "coordinates": [ [ [ 7.789848944657346, 48.552409112098637 ], [ 7.789769618809843, 48.554207425014084 ], [ 7.792476790086802, 48.554261296485556 ], [ 7.792556018922119, 48.552462981341606 ], [ 7.789848944657346, 48.552409112098637 ] ] ] } },
{ "type": "Feature", "properties": { "idcar_200m": "CRS3035RES200mN2829200E4154000", "population": 6.0, "median_education": 11.777, "median_healthcare": 58.862, "median_services": 5.512, "median_commerce": 47.347, "median_entertainment": 27.103, "PC1_pos": 1.3281614391483609, "nivvie": 19676.15, "rel_education": 0.54886517220487485, "rel_sante": 1.1681179395781054, "rel_services": 0.53280384734592623, "rel_commerce": 0.47543768926348901, "rel_loisirs": 0.50786180764090882, "rel_pc1": 0.61030285054121047, "q_revenu": 2, "q_population": 1 }, "geometry": { "type": "Polygon", "coordinates": [ [ [ 7.7383343818845, 48.553171326816852 ], [ 7.738253205564233, 48.554969595435793 ], [ 7.740960371744629, 48.555024723199622 ], [ 7.741041451058097, 48.553226452300208 ], [ 7.7383343818845, 48.553171326816852 ] ] ] } },
{ "type": "Feature", "properties": { "idcar_200m": "CRS3035RES200mN2829200E4154400", "population": 544.5, "median_education": 16.5525, "median_healthcare": 75.368, "median_services": 7.985, "median_commerce": 60.487, "median_entertainment": 39.883, "PC1_pos": 1.801594376286167, "nivvie": 20061.654912764003, "rel_education": 0.77142657407838944, "rel_sante": 1.4956799441086379, "rel_services": 0.77185027595377742, "rel_commerce": 0.60738377321647963, "rel_loisirs": 0.74733617954257325, "rel_pc1": 0.82784980120450657, "q_revenu": 2, "q_population": 5 }, "geometry": { "type": "Polygon", "coordinates": [ [ [ 7.74374852566392, 48.553281511784839 ], [ 7.743667543358007, 48.555079784961997 ], [ 7.746374720397887, 48.555134780722753 ], [ 7.746455605695487, 48.553336505270558 ], [ 7.74374852566392, 48.553281511784839 ] ] ] } },
{ "type": "Feature", "properties": { "idcar_200m": "CRS3035RES200mN2829200E4154600", "population": 158.0, "median_education": 17.2, "median_healthcare": 71.7255, "median_services": 8.2945, "median_commerce": 60.8705, "median_entertainment": 43.266, "PC1_pos": 1.8472514695194515, "nivvie": 34997.906962025314, "rel_education": 0.80160320641282556, "rel_sante": 1.4233944357176005, "rel_services": 0.80176732797728323, "rel_commerce": 0.61123471105483362, "rel_loisirs": 0.81072755670558827, "rel_pc1": 0.84882967106548268, "q_revenu": 5, "q_population": 3 }, "geometry": { "type": "Polygon", "coordinates": [ [ [ 7.746455605695487, 48.553336505270558 ], [ 7.746374720397887, 48.555134780722753 ], [ 7.749081902857776, 48.555189710481585 ], [ 7.749162691146316, 48.55339143275711 ], [ 7.746455605695487, 48.553336505270558 ] ] ] } },
{ "type": "Feature", "properties": { "idcar_200m": "CRS3035RES200mN2829200E4154800", "population": 211.5, "median_education": 18.7525, "median_healthcare": 72.8845, "median_services": 8.746, "median_commerce": 60.685, "median_entertainment": 48.093, "PC1_pos": 1.939272187410529, "nivvie": 32146.649172576832, "rel_education": 0.87395721675909943, "rel_sante": 1.4463948212289834, "rel_services": 0.84541045879671117, "rel_commerce": 0.60937200187878493, "rel_loisirs": 0.90117691454356441, "rel_pc1": 0.89111406871655752, "q_revenu": 5, "q_population": 3 }, "geometry": { "type": "Polygon", "coordinates": [ [ [ 7.749162691146316, 48.55339143275711 ], [ 7.749081902857776, 48.555189710481585 ], [ 7.751789090731194, 48.555244574238394 ], [ 7.751869782009923, 48.553446294244331 ], [ 7.749162691146316, 48.55339143275711 ] ] ] } },
{ "type": "Feature", "properties": { "idcar_200m": "CRS3035RES200mN2829200E4155000", "population": 180.5, "median_education": 20.994, "median_healthcare": 76.315, "median_services": 9.4745, "median_commerce": 66.2055, "median_entertainment": 55.7805, "PC1_pos": 2.1248062226467721, "nivvie": 36716.4675900277, "rel_education": 0.9784219601994687, "rel_sante": 1.5144731840389913, "rel_services": 0.91582910952085961, "rel_commerce": 0.66480642778917187, "rel_loisirs": 1.0452269328529578, "rel_pc1": 0.97636872770567773, "q_revenu": 5, "q_population": 3 }, "geometry": { "type": "Polygon", "coordinates": [ [ [ 7.751869782009923, 48.553446294244331 ], [ 7.751789090731194, 48.555244574238394 ], [ 7.754496284011649, 48.555299371992874 ], [ 7.754576878279808, 48.553501089731945 ], [ 7.751869782009923, 48.553446294244331 ] ] ] } },
{ "type": "Feature", "properties": { "idcar_200m": "CRS3035RES200mN2829200E4155200", "population": 121.5, "median_education": 20.26, "median_healthcare": 77.6195, "median_services": 8.7205, "median_commerce": 61.625, "median_entertainment": 55.099, "PC1_pos": 2.0443386760464564, "nivvie": 31066.837860082302, "rel_education": 0.9442140094141771, "rel_sante": 1.5403610208807508, "rel_services": 0.84294556436504919, "rel_commerce": 0.61881106724528501, "rel_loisirs": 1.0324568401729119, "rel_pc1": 0.93939312246771789, "q_revenu": 5, "q_population": 2 }, "geometry": { "type": "Polygon", "coordinates": [ [ [ 7.754576878279808, 48.553501089731945 ], [ 7.754496284011649, 48.555299371992874 ], [ 7.757203482692658, 48.555354103744847 ], [ 7.757283979949503, 48.553555819219802 ], [ 7.754576878279808, 48.553501089731945 ] ] ] } },
{ "type": "Feature", "properties": { "idcar_200m": "CRS3035RES200mN2829200E4155400", "population": 113.5, "median_education": 20.9335, "median_healthcare": 81.4865, "median_services": 9.134, "median_commerce": 65.4635, "median_entertainment": 57.7725, "PC1_pos": 2.0973474181203522, "nivvie": 27500.038766519821, "rel_education": 0.97560236752574925, "rel_sante": 1.6171017376818879, "rel_services": 0.88291551916866673, "rel_commerce": 0.6573555910849771, "rel_loisirs": 1.082553454670494, "rel_pc1": 0.9637511450978935, "q_revenu": 4, "q_population": 2 }, "geometry": { "type": "Polygon", "coordinates": [ [ [ 7.757283979949503, 48.553555819219802 ], [ 7.757203482692658, 48.555354103744847 ], [ 7.759910686767737, 48.555408769494115 ], [ 7.759991087012517, 48.553610482707654 ], [ 7.757283979949503, 48.553555819219802 ] ] ] } },
{ "type": "Feature", "properties": { "idcar_200m": "CRS3035RES200mN2829200E4155600", "population": 55.0, "median_education": 22.318, "median_healthcare": 87.88, "median_services": 9.528, "median_commerce": 67.945, "median_entertainment": 61.393, "PC1_pos": 2.2447061767235299, "nivvie": 17303.203636363636, "rel_education": 1.0401267651582236, "rel_sante": 1.7439809134946807, "rel_services": 0.9210005547010135, "rel_commerce": 0.68227371949664717, "rel_loisirs": 1.1503951576024172, "rel_pc1": 1.0314639003224393, "q_revenu": 1, "q_population": 2 }, "geometry": { "type": "Polygon", "coordinates": [ [ [ 7.759991087012517, 48.553610482707654 ], [ 7.759910686767737, 48.555408769494115 ], [ 7.762617896230401, 48.555463369240435 ], [ 7.762698199462363, 48.553665080195309 ], [ 7.759991087012517, 48.553610482707654 ] ] ] } },
{ "type": "Feature", "properties": { "idcar_200m": "CRS3035RES200mN2829200E4155800", "population": 797.5, "median_education": 22.5955, "median_healthcare": 94.857, "median_services": 9.425, "median_commerce": 68.4385, "median_entertainment": 60.335, "PC1_pos": 2.3178015744466332, "nivvie": 15815.41918495298, "rel_education": 1.0530596075872676, "rel_sante": 1.8824396621684676, "rel_services": 0.91104431444763345, "rel_commerce": 0.6872292288140599, "rel_loisirs": 1.1305701274402919, "rel_pc1": 1.0650519328288328, "q_revenu": 1, "q_population": 5 }, "geometry": { "type": "Polygon", "coordinates": [ [ [ 7.762698199462363, 48.553665080195309 ], [ 7.762617896230401, 48.555463369240435 ], [ 7.765325111074156, 48.55551790298361 ], [ 7.765405317292557, 48.553719611682546 ], [ 7.762698199462363, 48.553665080195309 ] ] ] } },
{ "type": "Feature", "properties": { "idcar_200m": "CRS3035RES200mN2829200E4156000", "population": 87.0, "median_education": 23.062, "median_healthcare": 104.615, "median_services": 10.143, "median_commerce": 73.777, "median_entertainment": 61.742, "PC1_pos": 2.4547063321166003, "nivvie": 16445.786206896551, "rel_education": 1.0748007643193365, "rel_sante": 2.0760874290537781, "rel_services": 0.98044800864109782, "rel_commerce": 0.74083609100454995, "rel_loisirs": 1.1569347942059915, "rel_pc1": 1.1279609749044786, "q_revenu": 1, "q_population": 2 }, "geometry": { "type": "Polygon", "coordinates": [ [ [ 7.765405317292557, 48.553719611682546 ], [ 7.765325111074156, 48.55551790298361 ], [ 7.768032331292525, 48.555572370723461 ], [ 7.768112440496614, 48.553774077169145 ], [ 7.765405317292557, 48.553719611682546 ] ] ] } },
{ "type": "Feature", "properties": { "idcar_200m": "CRS3035RES200mN2829200E4156200", "population": 154.0, "median_education": 19.3555, "median_healthcare": 86.3025, "median_services": 8.817, "median_commerce": 59.6195, "median_entertainment": 54.949, "PC1_pos": 2.0907641130232339, "nivvie": 13296.322727272727, "rel_education": 0.90205993382113059, "rel_sante": 1.7126753844660298, "rel_services": 0.85227349819467202, "rel_commerce": 0.59867272087026813, "rel_loisirs": 1.0296461081083383, "rel_pc1": 0.96072605360801411, "q_revenu": 1, "q_population": 3 }, "geometry": { "type": "Polygon", "coordinates": [ [ [ 7.768112440496614, 48.553774077169145 ], [ 7.768032331292525, 48.555572370723461 ], [ 7.770739556879015, 48.555626772459739 ], [ 7.77081956906805, 48.553828476654928 ], [ 7.768112440496614, 48.553774077169145 ] ] ] } },
{ "type": "Feature", "properties": { "idcar_200m": "CRS3035RES200mN2829200E4156400", "population": 250.5, "median_education": 17.4205, "median_healthcare": 70.051, "median_services": 7.926, "median_commerce": 50.026, "median_entertainment": 51.319, "PC1_pos": 1.8164943810116105, "nivvie": 11886.451896207585, "rel_education": 0.81187957309968772, "rel_sante": 1.3901639391353651, "rel_services": 0.76614718687659866, "rel_commerce": 0.50233902555801424, "rel_loisirs": 0.96162639214565904, "rel_pc1": 0.83469649550610192, "q_revenu": 1, "q_population": 3 }, "geometry": { "type": "Polygon", "coordinates": [ [ [ 7.77081956906805, 48.553828476654928 ], [ 7.770739556879015, 48.555626772459739 ], [ 7.773446787827141, 48.555681108192246 ], [ 7.773526703000372, 48.553882810139648 ], [ 7.77081956906805, 48.553828476654928 ] ] ] } },
{ "type": "Feature", "properties": { "idcar_200m": "CRS3035RES200mN2829200E4158400", "population": 1.0, "median_education": 1.424, "median_healthcare": 4.558, "median_services": 0.802, "median_commerce": 3.273, "median_entertainment": 8.935, "PC1_pos": 0.21050183484744478, "nivvie": 15632.7, "rel_education": 0.066365288716968812, "rel_sante": 0.090453629992134216, "rel_services": 0.077523346438939211, "rel_commerce": 0.032866022281441261, "rel_loisirs": 0.16742593997976313, "rel_pc1": 0.096727601076814634, "q_revenu": 1, "q_population": 1 }, "geometry": { "type": "Polygon", "coordinates": [ [ [ 7.797891148561246, 48.554368841420114 ], [ 7.797812106563619, 48.556167159580127 ], [ 7.800519390771334, 48.55622083526336 ], [ 7.800598335745761, 48.554422514882788 ], [ 7.797891148561246, 48.554368841420114 ] ] ] } },
{ "type": "Feature", "properties": { "idcar_200m": "CRS3035RES200mN2829400E4154000", "population": 5.0, "median_education": 11.707, "median_healthcare": 51.6005, "median_services": 5.7585, "median_commerce": 51.585, "median_entertainment": 28.848, "PC1_pos": 1.3195276563880796, "nivvie": 19676.16, "rel_education": 0.54560283357412498, "rel_sante": 1.0240132809146822, "rel_services": 0.55663116018532588, "rel_commerce": 0.51799381588394366, "rel_loisirs": 0.5405599906587808, "rel_pc1": 0.60633554500572384, "q_revenu": 2, "q_population": 1 }, "geometry": { "type": "Polygon", "coordinates": [ [ [ 7.738253205564233, 48.554969595435793 ], [ 7.738172021860379, 48.556767862617733 ], [ 7.740879285056384, 48.556822992662262 ], [ 7.740960371744629, 48.555024723199622 ], [ 7.738253205564233, 48.554969595435793 ] ] ] } },
{ "type": "Feature", "properties": { "idcar_200m": "CRS3035RES200mN2829400E4154400", "population": 161.0, "median_education": 16.413, "median_healthcare": 68.009, "median_services": 8.25, "median_commerce": 66.108, "median_entertainment": 41.414, "PC1_pos": 1.7341689863291048, "nivvie": 15636.683850931677, "rel_education": 0.7649251992356807, "rel_sante": 1.3496403953784677, "rel_services": 0.79746584553771627, "rel_commerce": 0.66382737579637008, "rel_loisirs": 0.77602438481498714, "rel_pc1": 0.79686719135247397, "q_revenu": 1, "q_population": 3 }, "geometry": { "type": "Polygon", "coordinates": [ [ [ 7.743667543358007, 48.555079784961997 ], [ 7.743586553686121, 48.556878056702622 ], [ 7.746293827743114, 48.556933054738579 ], [ 7.746374720397887, 48.555134780722753 ], [ 7.743667543358007, 48.555079784961997 ] ] ] } },
{ "type": "Feature", "properties": { "idcar_200m": "CRS3035RES200mN2829400E4154600", "population": 352.0, "median_education": 17.95, "median_healthcare": 71.344, "median_services": 9.066, "median_commerce": 72.051, "median_entertainment": 46.467, "PC1_pos": 1.9784675726271648, "nivvie": 23877.467613636363, "rel_education": 0.83655683459943131, "rel_sante": 1.4158235581743799, "rel_services": 0.87634246735090138, "rel_commerce": 0.72350436034223176, "rel_loisirs": 0.87070857896358733, "rel_pc1": 0.90912472210603723, "q_revenu": 3, "q_population": 4 }, "geometry": { "type": "Polygon", "coordinates": [ [ [ 7.746374720397887, 48.555134780722753 ], [ 7.746293827743114, 48.556933054738579 ], [ 7.74900110722087, 48.556987986769961 ], [ 7.749081902857776, 48.555189710481585 ], [ 7.746374720397887, 48.555134780722753 ] ] ] } },
{ "type": "Feature", "properties": { "idcar_200m": "CRS3035RES200mN2829400E4154800", "population": 181.5, "median_education": 19.052, "median_healthcare": 72.017, "median_services": 9.16, "median_commerce": 69.754, "median_entertainment": 49.86, "PC1_pos": 2.0427498040502901, "nivvie": 34682.05674931129, "rel_education": 0.88791536561495077, "rel_sante": 1.4291792608915159, "rel_services": 0.88542874486369472, "rel_commerce": 0.70043889954770977, "rel_loisirs": 0.93428733826424049, "rel_pc1": 0.9386630206293245, "q_revenu": 5, "q_population": 3 }, "geometry": { "type": "Polygon", "coordinates": [ [ [ 7.749081902857776, 48.555189710481585 ], [ 7.74900110722087, 48.556987986769961 ], [ 7.751708392112908, 48.557042852796535 ], [ 7.751789090731194, 48.555244574238394 ], [ 7.749081902857776, 48.555189710481585 ] ] ] } },
{ "type": "Feature", "properties": { "idcar_200m": "CRS3035RES200mN2829400E4155000", "population": 215.5, "median_education": 21.154, "median_healthcare": 75.611, "median_services": 10.114, "median_commerce": 73.909, "median_entertainment": 56.88, "PC1_pos": 2.2073898745545319, "nivvie": 30622.677030162416, "rel_education": 0.98587873421261119, "rel_sante": 1.5005022855057615, "rel_services": 0.97764479536587434, "rel_commerce": 0.7421615767794203, "rel_loisirs": 1.0658295988862816, "rel_pc1": 1.01431670351781, "q_revenu": 5, "q_population": 3 }, "geometry": { "type": "Polygon", "coordinates": [ [ [ 7.751789090731194, 48.555244574238394 ], [ 7.751708392112908, 48.557042852796535 ], [ 7.754415682412736, 48.557097652818079 ], [ 7.754496284011649, 48.555299371992874 ], [ 7.751789090731194, 48.555244574238394 ] ] ] } },
{ "type": "Feature", "properties": { "idcar_200m": "CRS3035RES200mN2829400E4155200", "population": 94.0, "median_education": 22.232, "median_healthcare": 76.657, "median_services": 10.639, "median_commerce": 77.4455, "median_entertainment": 60.9665, "PC1_pos": 2.2644709191807348, "nivvie": 38580.691489361699, "rel_education": 1.0361187491261592, "rel_sante": 1.5212601830423504, "rel_services": 1.0283926219000925, "rel_commerce": 0.77767354983115156, "rel_loisirs": 1.1424033094321464, "rel_pc1": 1.0405459880162213, "q_revenu": 5, "q_population": 2 }, "geometry": { "type": "Polygon", "coordinates": [ [ [ 7.754496284011649, 48.555299371992874 ], [ 7.754415682412736, 48.557097652818079 ], [ 7.757122978113867, 48.557152386834396 ], [ 7.757203482692658, 48.555354103744847 ], [ 7.754496284011649, 48.555299371992874 ] ] ] } },
{ "type": "Feature", "properties": { "idcar_200m": "CRS3035RES200mN2829400E4155400", "population": 291.5, "median_education": 21.267, "median_healthcare": 75.133, "median_services": 10.1285, "median_commerce": 73.8905, "median_entertainment": 58.941, "PC1_pos": 2.2216840558715161, "nivvie": 28902.821269296743, "rel_education": 0.99114508085939312, "rel_sante": 1.4910163629221196, "rel_services": 0.97904640200348581, "rel_commerce": 0.74197580793976037, "rel_loisirs": 1.104449057453522, "rel_pc1": 1.020885016184305, "q_revenu": 4, "q_population": 4 }, "geometry": { "type": "Polygon", "coordinates": [ [ [ 7.757203482692658, 48.555354103744847 ], [ 7.757122978113867, 48.557152386834396 ], [ 7.759830279209822, 48.557207054845279 ], [ 7.759910686767737, 48.555408769494115 ], [ 7.757203482692658, 48.555354103744847 ] ] ] } },
{ "type": "Feature", "properties": { "idcar_200m": "CRS3035RES200mN2829400E4155600", "population": 66.0, "median_education": 22.592, "median_healthcare": 79.719, "median_services": 10.512, "median_commerce": 76.54, "median_entertainment": 62.147, "PC1_pos": 2.3198754245995041, "nivvie": 26303.419696969697, "rel_education": 1.0528964906557299, "rel_sante": 1.5820256536513706, "rel_services": 1.0161164810051484, "rel_commerce": 0.76858091824671992, "rel_loisirs": 1.16452377078034, "rel_pc1": 1.0660048867564096, "q_revenu": 4, "q_population": 2 }, "geometry": { "type": "Polygon", "coordinates": [ [ [ 7.759910686767737, 48.555408769494115 ], [ 7.759830279209822, 48.557207054845279 ], [ 7.762537585694104, 48.557261656850486 ], [ 7.762617896230401, 48.555463369240435 ], [ 7.759910686767737, 48.555408769494115 ] ] ] } },
{ "type": "Feature", "properties": { "idcar_200m": "CRS3035RES200mN2829400E4155800", "population": 92.5, "median_education": 22.746, "median_healthcare": 93.005, "median_services": 9.984, "median_commerce": 74.285, "median_entertainment": 60.119, "PC1_pos": 2.3679557868788357, "nivvie": 26323.849729729729, "rel_education": 1.0600736356433798, "rel_sante": 1.8456866734134363, "rel_services": 0.9650786668907344, "rel_commerce": 0.74593720292602017, "rel_loisirs": 1.1265226732673059, "rel_pc1": 1.0880982718594627, "q_revenu": 4, "q_population": 2 }, "geometry": { "type": "Polygon", "coordinates": [ [ [ 7.762617896230401, 48.555463369240435 ], [ 7.762537585694104, 48.557261656850486 ], [ 7.765244897560232, 48.557316192849854 ], [ 7.765325111074156, 48.55551790298361 ], [ 7.762617896230401, 48.555463369240435 ] ] ] } },
{ "type": "Feature", "properties": { "idcar_200m": "CRS3035RES200mN2829400E4156000", "population": 238.0, "median_education": 24.271, "median_healthcare": 107.036, "median_services": 11.141, "median_commerce": 83.31, "median_entertainment": 64.417, "PC1_pos": 2.6264594956703973, "nivvie": 22556.216806722688, "rel_education": 1.1311460129561448, "rel_sante": 2.124132237788082, "rel_services": 1.0769172103194784, "rel_commerce": 0.83656227200332156, "rel_loisirs": 1.2070595160242195, "rel_pc1": 1.206883191900604, "q_revenu": 2, "q_population": 3 }, "geometry": { "type": "Polygon", "coordinates": [ [ [ 7.765325111074156, 48.55551790298361 ], [ 7.765244897560232, 48.557316192849854 ], [ 7.767952214801715, 48.557370662843141 ], [ 7.768032331292525, 48.555572370723461 ], [ 7.765325111074156, 48.55551790298361 ] ] ] } },
{ "type": "Feature", "properties": { "idcar_200m": "CRS3035RES200mN2829400E4157000", "population": 30.0, "median_education": 11.2855, "median_healthcare": 32.209, "median_services": 5.278, "median_commerce": 32.091, "median_entertainment": 34.169, "PC1_pos": 1.1237370709840653, "nivvie": 26704.91, "rel_education": 0.52595889453325251, "rel_sante": 0.63918845292159965, "rel_services": 0.51018481609067468, "rel_commerce": 0.32224366667697268, "rel_loisirs": 0.64026602609608563, "rel_pc1": 0.51636790337789418, "q_revenu": 4, "q_population": 2 }, "geometry": { "type": "Polygon", "coordinates": [ [ [ 7.778861265782358, 48.555789581645051 ], [ 7.778781537391476, 48.557587882751243 ], [ 7.781488881412435, 48.557642022710972 ], [ 7.781568512776478, 48.555843719364965 ], [ 7.778861265782358, 48.555789581645051 ] ] ] } },
{ "type": "Feature", "properties": { "idcar_200m": "CRS3035RES200mN2829600E4151600", "population": 165.0, "median_education": 3.9435, "median_healthcare": 5.305, "median_services": 1.5075, "median_commerce": 7.988, "median_entertainment": 7.078, "PC1_pos": 0.26646357788458475, "nivvie": 20734.783636363634, "rel_education": 0.18378617700517313, "rel_sante": 0.10527786465736551, "rel_services": 0.1457187590482554, "rel_commerce": 0.080211972497449671, "rel_loisirs": 0.13262907702034285, "rel_pc1": 0.12244255581810054, "q_revenu": 2, "q_population": 3 }, "geometry": { "type": "Polygon", "coordinates": [ [ [ 7.705685289700853, 48.556101153836607 ], [ 7.705602934378764, 48.557899391998703 ], [ 7.70831022887928, 48.557955316390085 ], [ 7.708392487186091, 48.556157075914385 ], [ 7.705685289700853, 48.556101153836607 ] ] ] } },
{ "type": "Feature", "properties": { "idcar_200m": "CRS3035RES200mN2829600E4153800", "population": 9.0, "median_education": 11.178, "median_healthcare": 44.813, "median_services": 5.331, "median_commerce": 53.962, "median_entertainment": 26.921, "PC1_pos": 1.1598183209672579, "nivvie": 20478.2, "rel_education": 0.5209488744931724, "rel_sante": 0.88931516472959871, "rel_services": 0.51530793000746256, "rel_commerce": 0.54186260139050824, "rel_loisirs": 0.50445145273589287, "rel_pc1": 0.53294758192205693, "q_revenu": 2, "q_population": 1 }, "geometry": { "type": "Polygon", "coordinates": [ [ [ 7.735464764104602, 48.556712666569283 ], [ 7.735383475992546, 48.558510930031069 ], [ 7.738090830771982, 48.558566128363175 ], [ 7.738172021860379, 48.556767862617733 ], [ 7.735464764104602, 48.556712666569283 ] ] ] } },
{ "type": "Feature", "properties": { "idcar_200m": "CRS3035RES200mN2829600E4154000", "population": 6.0, "median_education": 11.327, "median_healthcare": 46.57, "median_services": 5.471, "median_commerce": 51.959, "median_entertainment": 27.452, "PC1_pos": 1.2792198260945149, "nivvie": 19676.15, "rel_education": 0.52789299529291134, "rel_sante": 0.92418287598369697, "rel_services": 0.52884068374992066, "rel_commerce": 0.52174935891274266, "rel_loisirs": 0.5144014442444832, "rel_pc1": 0.58781371249184822, "q_revenu": 2, "q_population": 1 }, "geometry": { "type": "Polygon", "coordinates": [ [ [ 7.738172021860379, 48.556767862617733 ], [ 7.738090830771982, 48.558566128363175 ], [ 7.740798190992395, 48.558621260688568 ], [ 7.740879285056384, 48.556822992662262 ], [ 7.738172021860379, 48.556767862617733 ] ] ] } },
{ "type": "Feature", "properties": { "idcar_200m": "CRS3035RES200mN2829600E4154600", "population": 102.0, "median_education": 19.1115, "median_healthcare": 72.648, "median_services": 9.938, "median_commerce": 81.99, "median_entertainment": 50.851, "PC1_pos": 2.1100383168852872, "nivvie": 23317.003921568627, "rel_education": 0.89068835345108821, "rel_sante": 1.4417014725029764, "rel_services": 0.96063219066106953, "rel_commerce": 0.8233074142546194, "rel_loisirs": 0.95285690810418966, "rel_pc1": 0.96958273413810547, "q_revenu": 3, "q_population": 2 }, "geometry": { "type": "Polygon", "coordinates": [ [ [ 7.746293827743114, 48.556933054738579 ], [ 7.746212927730217, 48.55873132731854 ], [ 7.74892030423465, 48.558786261622629 ], [ 7.74900110722087, 48.556987986769961 ], [ 7.746293827743114, 48.556933054738579 ] ] ] } },
{ "type": "Feature", "properties": { "idcar_200m": "CRS3035RES200mN2829600E4154800", "population": 307.5, "median_education": 20.449, "median_healthcare": 71.627, "median_services": 10.237, "median_commerce": 81.368, "median_entertainment": 55.738, "PC1_pos": 2.2219903988468954, "nivvie": 27223.854634146341, "rel_education": 0.95302232371720186, "rel_sante": 1.4214397006245276, "rel_services": 0.98953428615389105, "rel_commerce": 0.81706156461848833, "rel_loisirs": 1.0444305587679952, "rel_pc1": 1.0210257837036791, "q_revenu": 4, "q_population": 4 }, "geometry": { "type": "Polygon", "coordinates": [ [ [ 7.74900110722087, 48.556987986769961 ], [ 7.74892030423465, 48.558786261622629 ], [ 7.751627686154113, 48.558841129919209 ], [ 7.751708392112908, 48.557042852796535 ], [ 7.74900110722087, 48.556987986769961 ] ] ] } },
{ "type": "Feature", "properties": { "idcar_200m": "CRS3035RES200mN2829600E4155000", "population": 118.5, "median_education": 21.312, "median_healthcare": 71.498, "median_services": 10.764, "median_commerce": 84.128, "median_entertainment": 58.558, "PC1_pos": 2.2858892346732818, "nivvie": 33666.906329113925, "rel_education": 0.99324229855058954, "rel_sante": 1.4188796922285241, "rel_services": 1.040475437741573, "rel_commerce": 0.84477626718395682, "rel_loisirs": 1.0972723215819775, "rel_pc1": 1.0503879082930772, "q_revenu": 5, "q_population": 2 }, "geometry": { "type": "Polygon", "coordinates": [ [ [ 7.751708392112908, 48.557042852796535 ], [ 7.751627686154113, 48.558841129919209 ], [ 7.754335073482122, 48.558895932208038 ], [ 7.754415682412736, 48.557097652818079 ], [ 7.751708392112908, 48.557042852796535 ] ] ] } },
{ "type": "Feature", "properties": { "idcar_200m": "CRS3035RES200mN2829600E4155200", "population": 5.0, "median_education": 23.464, "median_healthcare": 75.636, "median_services": 11.591, "median_commerce": 84.893, "median_entertainment": 64.15, "PC1_pos": 2.427554343851829, "nivvie": 17303.2, "rel_education": 1.0935359090273569, "rel_sante": 1.5009984111639016, "rel_services": 1.1204153473488083, "rel_commerce": 0.85245805974286382, "rel_loisirs": 1.2020564129492786, "rel_pc1": 1.115484377295624, "q_revenu": 1, "q_population": 1 }, "geometry": { "type": "Polygon", "coordinates": [ [ [ 7.754415682412736, 48.557097652818079 ], [ 7.754335073482122, 48.558895932208038 ], [ 7.757042466212184, 48.55895066848889 ], [ 7.757122978113867, 48.557152386834396 ], [ 7.754415682412736, 48.557097652818079 ] ] ] } },
{ "type": "Feature", "properties": { "idcar_200m": "CRS3035RES200mN2829600E4155400", "population": 108.0, "median_education": 24.073, "median_healthcare": 81.673, "median_services": 12.1095, "median_commerce": 88.902, "median_entertainment": 66.723, "PC1_pos": 2.5357637298735769, "nivvie": 29608.059259259258, "rel_education": 1.121918255114881, "rel_sante": 1.6208028350916144, "rel_services": 1.1705348674592697, "rel_commerce": 0.89271466937509658, "rel_loisirs": 1.2502698369635965, "rel_pc1": 1.165207622375479, "q_revenu": 5, "q_population": 2 }, "geometry": { "type": "Polygon", "coordinates": [ [ [ 7.757122978113867, 48.557152386834396 ], [ 7.757042466212184, 48.55895066848889 ], [ 7.759749864337818, 48.559005338761608 ], [ 7.759830279209822, 48.557207054845279 ], [ 7.757122978113867, 48.557152386834396 ] ] ] } },
{ "type": "Feature", "properties": { "idcar_200m": "CRS3035RES200mN2829600E4155600", "population": 8.0, "median_education": 23.686, "median_healthcare": 82.4335, "median_services": 11.824, "median_commerce": 87.51, "median_entertainment": 65.693, "PC1_pos": 2.4964639664193853, "nivvie": 17303.2, "rel_education": 1.1038821829705923, "rel_sante": 1.6358949776122416, "rel_services": 1.1429377160773282, "rel_commerce": 0.87873681938555592, "rel_loisirs": 1.2309694767868582, "rel_pc1": 1.1471490061901848, "q_revenu": 1, "q_population": 1 }, "geometry": { "type": "Polygon", "coordinates": [ [ [ 7.759830279209822, 48.557207054845279 ], [ 7.759749864337818, 48.559005338761608 ], [ 7.76245726785253, 48.559059943025915 ], [ 7.762537585694104, 48.557261656850486 ], [ 7.759830279209822, 48.557207054845279 ] ] ] } },
{ "type": "Feature", "properties": { "idcar_200m": "CRS3035RES200mN2829600E4156000", "population": 18.0, "median_education": 26.073, "median_healthcare": 99.866, "median_services": 12.284, "median_commerce": 92.0, "median_entertainment": 68.307, "PC1_pos": 2.7061402496795113, "nivvie": 23644.611111111109, "rel_education": 1.2151279302791629, "rel_sante": 1.9818433990334523, "rel_services": 1.1874024783739767, "rel_commerce": 0.9238234188489447, "rel_loisirs": 1.2799511675654929, "rel_pc1": 1.2434972584377391, "q_revenu": 3, "q_population": 1 }, "geometry": { "type": "Polygon", "coordinates": [ [ [ 7.765244897560232, 48.557316192849854 ], [ 7.765164676749838, 48.559114481281654 ], [ 7.767872091023246, 48.559168953528605 ], [ 7.767952214801715, 48.557370662843141 ], [ 7.765244897560232, 48.557316192849854 ] ] ] } },
{ "type": "Feature", "properties": { "idcar_200m": "CRS3035RES200mN2829600E4157000", "population": 56.0, "median_education": 13.929, "median_healthcare": 40.371, "median_services": 6.613, "median_commerce": 41.639, "median_entertainment": 40.822, "PC1_pos": 1.3819092590984432, "nivvie": 27661.48392857143, "rel_education": 0.6491587826816424, "rel_sante": 0.80116355779123538, "rel_services": 0.63922928927768707, "rel_commerce": 0.41812047105925232, "rel_loisirs": 0.76493136226680358, "rel_pc1": 0.63500048650551344, "q_revenu": 4, "q_population": 2 }, "geometry": { "type": "Polygon", "coordinates": [ [ [ 7.778781537391476, 48.557587882751243 ], [ 7.778701801748162, 48.559386182424078 ], [ 7.781409242804767, 48.559440324623814 ], [ 7.781488881412435, 48.557642022710972 ], [ 7.778781537391476, 48.557587882751243 ] ] ] } },
{ "type": "Feature", "properties": { "idcar_200m": "CRS3035RES200mN2829600E4157200", "population": 336.5, "median_education": 10.776, "median_healthcare": 27.169, "median_services": 5.021, "median_commerce": 29.682, "median_entertainment": 35.085, "PC1_pos": 1.0489202226805365, "nivvie": 23166.60267459138, "rel_education": 0.50221372978515166, "rel_sante": 0.53916952024052101, "rel_services": 0.48534254672059068, "rel_commerce": 0.29805355128559102, "rel_loisirs": 0.65743022990374811, "rel_pc1": 0.48198884790898106, "q_revenu": 3, "q_population": 4 }, "geometry": { "type": "Polygon", "coordinates": [ [ [ 7.781488881412435, 48.557642022710972 ], [ 7.781409242804767, 48.559440324623814 ], [ 7.78411668919855, 48.559494400813527 ], [ 7.784196230769824, 48.557696096663356 ], [ 7.781488881412435, 48.557642022710972 ] ] ] } },
{ "type": "Feature", "properties": { "idcar_200m": "CRS3035RES200mN2829600E4157400", "population": 1288.0, "median_education": 9.422, "median_healthcare": 23.106, "median_services": 4.4, "median_commerce": 24.752, "median_entertainment": 32.8855, "PC1_pos": 0.91970087264206057, "nivvie": 13900.015139751553, "rel_education": 0.43911077969893275, "rel_sante": 0.45853917827956414, "rel_services": 0.42531511762011537, "rel_commerce": 0.24854866590596827, "rel_loisirs": 0.61621552873021823, "rel_pc1": 0.42261132395064915, "q_revenu": 1, "q_population": 5 }, "geometry": { "type": "Polygon", "coordinates": [ [ [ 7.784196230769824, 48.557696096663356 ], [ 7.78411668919855, 48.559494400813527 ], [ 7.786824140923009, 48.55954841099291 ], [ 7.786903585457154, 48.557750104608182 ], [ 7.784196230769824, 48.557696096663356 ] ] ] } },
{ "type": "Feature", "properties": { "idcar_200m": "CRS3035RES200mN2829800E4151400", "population": 105.0, "median_education": 5.146, "median_healthcare": 6.691, "median_services": 1.945, "median_commerce": 10.359, "median_entertainment": 9.88, "PC1_pos": 0.35054076125847811, "nivvie": 26223.740952380951, "rel_education": 0.23982849419769769, "rel_sante": 0.13278307114466215, "rel_services": 0.18800861449343736, "rel_commerce": 0.10402050865061108, "rel_loisirs": 0.18513355198657636, "rel_pc1": 0.16107682358562858, "q_revenu": 4, "q_population": 2 }, "geometry": { "type": "Polygon", "coordinates": [ [ [ 7.702895645397066, 48.557843401603257 ], [ 7.702813185560476, 48.55964163601012 ], [ 7.705520571565487, 48.559697628722091 ], [ 7.705602934378764, 48.557899391998703 ], [ 7.702895645397066, 48.557843401603257 ] ] ] } },
{ "type": "Feature", "properties": { "idcar_200m": "CRS3035RES200mN2829800E4151600", "population": 239.5, "median_education": 5.736, "median_healthcare": 7.4835, "median_services": 2.176, "median_commerce": 11.7795, "median_entertainment": 11.1905, "PC1_pos": 0.40548286179373516, "nivvie": 23785.456784968686, "rel_education": 0.26732534837116095, "rel_sante": 0.14851025450770872, "rel_services": 0.21033765816849342, "rel_commerce": 0.11828454306881679, "rel_loisirs": 0.20968998112406706, "rel_pc1": 0.18632324287099045, "q_revenu": 3, "q_population": 3 }, "geometry": { "type": "Polygon", "coordinates": [ [ [ 7.705602934378764, 48.557899391998703 ], [ 7.705520571565487, 48.559697628722091 ], [ 7.708227963090089, 48.559753555427278 ], [ 7.70831022887928, 48.557955316390085 ], [ 7.705602934378764, 48.557899391998703 ] ] ] } },
{ "type": "Feature", "properties": { "idcar_200m": "CRS3035RES200mN2829800E4151800", "population": 125.5, "median_education": 6.3595, "median_healthcare": 8.467, "median_services": 2.4125, "median_commerce": 13.52, "median_entertainment": 12.2715, "PC1_pos": 0.44347861880876716, "nivvie": 27923.784063745021, "rel_education": 0.29638346460362586, "rel_sante": 0.16802783789894701, "rel_services": 0.23319834574057458, "rel_commerce": 0.13576187633519274, "rel_loisirs": 0.22994599020276027, "rel_pc1": 0.20378265565865153, "q_revenu": 4, "q_population": 2 }, "geometry": { "type": "Polygon", "coordinates": [ [ [ 7.70831022887928, 48.557955316390085 ], [ 7.708227963090089, 48.559753555427278 ], [ 7.71093536012779, 48.559809416125418 ], [ 7.711017528892134, 48.558011174777114 ], [ 7.70831022887928, 48.557955316390085 ] ] ] } },
{ "type": "Feature", "properties": { "idcar_200m": "CRS3035RES200mN2829800E4152000", "population": 49.0, "median_education": 6.757, "median_healthcare": 9.394, "median_services": 2.699, "median_commerce": 15.695, "median_entertainment": 12.51, "PC1_pos": 0.49110312942343737, "nivvie": 25750.381632653061, "rel_education": 0.31490888754252688, "rel_sante": 0.18642417730278826, "rel_services": 0.260892159649248, "rel_commerce": 0.15760226694384988, "rel_loisirs": 0.23441505418543218, "rel_pc1": 0.2256665725734511, "q_revenu": 4, "q_population": 2 }, "geometry": { "type": "Polygon", "coordinates": [ [ [ 7.711017528892134, 48.558011174777114 ], [ 7.71093536012779, 48.559809416125418 ], [ 7.713642762672101, 48.559865210816291 ], [ 7.713724834410829, 48.558066967159647 ], [ 7.711017528892134, 48.558011174777114 ] ] ] } },
{ "type": "Feature", "properties": { "idcar_200m": "CRS3035RES200mN2829800E4152200", "population": 193.5, "median_education": 3.606, "median_healthcare": 4.82, "median_services": 1.386, "median_commerce": 7.213, "median_entertainment": 6.425, "PC1_pos": 0.26708488980536149, "nivvie": 19766.034108527132, "rel_education": 0.16805704432120053, "rel_sante": 0.09565302688944427, "rel_services": 0.13397426205033633, "rel_commerce": 0.072429764349537379, "rel_loisirs": 0.12039302343256608, "rel_pc1": 0.12272805457235471, "q_revenu": 2, "q_population": 3 }, "geometry": { "type": "Polygon", "coordinates": [ [ [ 7.713724834410829, 48.558066967159647 ], [ 7.713642762672101, 48.559865210816291 ], [ 7.71635017071654, 48.55992093949974 ], [ 7.716432145428889, 48.558122693537456 ], [ 7.713724834410829, 48.558066967159647 ] ] ] } },
{ "type": "Feature", "properties": { "idcar_200m": "CRS3035RES200mN2829800E4153800", "population": 10.0, "median_education": 11.593, "median_healthcare": 43.3415, "median_services": 5.6125, "median_commerce": 58.347, "median_entertainment": 28.491, "PC1_pos": 1.2452920712121365, "nivvie": 20478.19, "rel_education": 0.54028988208976092, "rel_sante": 0.86011320849146233, "rel_services": 0.54251843128247668, "rel_commerce": 0.58589483716934099, "rel_loisirs": 0.53387044834509578, "rel_pc1": 0.57222358548857055, "q_revenu": 2, "q_population": 1 }, "geometry": { "type": "Polygon", "coordinates": [ [ [ 7.735383475992546, 48.558510930031069 ], [ 7.735302180486187, 48.560309192056529 ], [ 7.73800963229808, 48.560364392672462 ], [ 7.738090830771982, 48.558566128363175 ], [ 7.735383475992546, 48.558510930031069 ] ] ] } },
{ "type": "Feature", "properties": { "idcar_200m": "CRS3035RES200mN2829800E4154400", "population": 3.0, "median_education": 15.98, "median_healthcare": 53.394, "median_services": 8.02, "median_commerce": 69.555, "median_entertainment": 42.44, "PC1_pos": 1.7419574312336958, "nivvie": 19676.166666666668, "rel_education": 0.74474530456261356, "rel_sante": 1.0596053356296653, "rel_services": 0.775233464389392, "rel_commerce": 0.69844062932650386, "rel_loisirs": 0.79524979213667002, "rel_pc1": 0.80044605607964381, "q_revenu": 2, "q_population": 1 }, "geometry": { "type": "Polygon", "coordinates": [ [ [ 7.7435055566473, 48.558676327007106 ], [ 7.743424552240596, 48.560474595875917 ], [ 7.74613202035824, 48.560529598463006 ], [ 7.746212927730217, 48.55873132731854 ], [ 7.7435055566473, 48.558676327007106 ] ] ] } },
{ "type": "Feature", "properties": { "idcar_200m": "CRS3035RES200mN2829800E4154800", "population": 196.0, "median_education": 21.544, "median_healthcare": 71.907, "median_services": 11.87, "median_commerce": 97.544, "median_entertainment": 59.237, "PC1_pos": 2.3750256790263, "nivvie": 25506.983163265308, "rel_education": 1.0040546208696464, "rel_sante": 1.4269963079956987, "rel_services": 1.147384192306993, "rel_commerce": 0.97949382139349417, "rel_loisirs": 1.1099955687276137, "rel_pc1": 1.091346954740501, "q_revenu": 3, "q_population": 3 }, "geometry": { "type": "Polygon", "coordinates": [ [ [ 7.74892030423465, 48.558786261622629 ], [ 7.748839493898157, 48.560584535040043 ], [ 7.751546972853858, 48.560639405606835 ], [ 7.751627686154113, 48.558841129919209 ], [ 7.74892030423465, 48.558786261622629 ] ] ] } },
{ "type": "Feature", "properties": { "idcar_200m": "CRS3035RES200mN2829800E4155000", "population": 269.5, "median_education": 22.132, "median_healthcare": 71.484, "median_services": 11.621, "median_commerce": 93.42, "median_entertainment": 61.257, "PC1_pos": 2.4085666414143865, "nivvie": 22739.673840445266, "rel_education": 1.0314582653679452, "rel_sante": 1.4186018618599654, "rel_services": 1.1233152231507637, "rel_commerce": 0.93808243248770018, "rel_loisirs": 1.1478467605305371, "rel_pc1": 1.1067593469030612, "q_revenu": 3, "q_population": 4 }, "geometry": { "type": "Polygon", "coordinates": [ [ [ 7.751627686154113, 48.558841129919209 ], [ 7.751546972853858, 48.560639405606835 ], [ 7.754254457218853, 48.560694210163135 ], [ 7.754335073482122, 48.558895932208038 ], [ 7.751627686154113, 48.558841129919209 ] ] ] } },
{ "type": "Feature", "properties": { "idcar_200m": "CRS3035RES200mN2829800E4155200", "population": 2.0, "median_education": 22.475, "median_healthcare": 70.93, "median_services": 11.551, "median_commerce": 84.993, "median_entertainment": 61.747, "PC1_pos": 2.3397164974099893, "nivvie": 17303.2, "rel_education": 1.0474437246586197, "rel_sante": 1.4076077172755772, "rel_services": 1.1165488462795345, "rel_commerce": 0.85346221563291691, "rel_loisirs": 1.1570284852748107, "rel_pc1": 1.0751220489756346, "q_revenu": 1, "q_population": 1 }, "geometry": { "type": "Polygon", "coordinates": [ [ [ 7.754335073482122, 48.558895932208038 ], [ 7.754254457218853, 48.560694210163135 ], [ 7.756961946986656, 48.560748948708778 ], [ 7.757042466212184, 48.55895066848889 ], [ 7.754335073482122, 48.558895932208038 ] ] ] } },
{ "type": "Feature", "properties": { "idcar_200m": "CRS3035RES200mN2829800E4155400", "population": 5.0, "median_education": 27.915, "median_healthcare": 86.059, "median_services": 14.761, "median_commerce": 110.741, "median_entertainment": 76.139, "PC1_pos": 2.9531188535655519, "nivvie": 17303.2, "rel_education": 1.3009740411054667, "rel_sante": 1.7078431205557434, "rel_services": 1.426835557088755, "rel_commerce": 1.112012274203815, "rel_loisirs": 1.4267088577637586, "rel_pc1": 1.356986282837507, "q_revenu": 1, "q_population": 1 }, "geometry": { "type": "Polygon", "coordinates": [ [ [ 7.757042466212184, 48.55895066848889 ], [ 7.756961946986656, 48.560748948708778 ], [ 7.759669442150778, 48.560803621243544 ], [ 7.759749864337818, 48.559005338761608 ], [ 7.757042466212184, 48.55895066848889 ] ] ] } },
{ "type": "Feature", "properties": { "idcar_200m": "CRS3035RES200mN2829800E4155600", "population": 202.0, "median_education": 29.46, "median_healthcare": 89.0665, "median_services": 15.1295, "median_commerce": 114.62, "median_entertainment": 77.319, "PC1_pos": 3.0300121838215297, "nivvie": 25833.257920792079, "rel_education": 1.3729785151698746, "rel_sante": 1.7675270372300178, "rel_services": 1.4624556981894399, "rel_commerce": 1.1509634811789788, "rel_loisirs": 1.4488199500050705, "rel_pc1": 1.3923195015710075, "q_revenu": 4, "q_population": 3 }, "geometry": { "type": "Polygon", "coordinates": [ [ [ 7.759749864337818, 48.559005338761608 ], [ 7.759669442150778, 48.560803621243544 ], [ 7.76237694270473, 48.56085822776717 ], [ 7.76245726785253, 48.559059943025915 ], [ 7.759749864337818, 48.559005338761608 ] ] ] } },
{ "type": "Feature", "properties": { "idcar_200m": "CRS3035RES200mN2829800E4155800", "population": 558.0, "median_education": 29.976, "median_healthcare": 95.953, "median_services": 14.932, "median_commerce": 112.707, "median_entertainment": 76.307, "PC1_pos": 3.0699649321488107, "nivvie": 21673.629569892473, "rel_education": 1.3970266113622594, "rel_sante": 1.9041898110213371, "rel_services": 1.4433648491599005, "rel_commerce": 1.131753979002261, "rel_loisirs": 1.4298568776760812, "rel_pc1": 1.4106781705342701, "q_revenu": 2, "q_population": 5 }, "geometry": { "type": "Polygon", "coordinates": [ [ [ 7.76245726785253, 48.559059943025915 ], [ 7.76237694270473, 48.56085822776717 ], [ 7.765084448642022, 48.560912768279501 ], [ 7.765164676749838, 48.559114481281654 ], [ 7.76245726785253, 48.559059943025915 ] ] ] } },
{ "type": "Feature", "properties": { "idcar_200m": "CRS3035RES200mN2829800E4156000", "population": 234.0, "median_education": 26.654, "median_healthcare": 85.873, "median_services": 12.843, "median_commerce": 95.666, "median_entertainment": 67.04, "PC1_pos": 2.7416006854002606, "nivvie": 22207.174358974356, "rel_education": 1.2422053409143869, "rel_sante": 1.7041519456591798, "rel_services": 1.2414368308170776, "rel_commerce": 0.96063577377829501, "rel_loisirs": 1.2562098507267287, "rel_pc1": 1.2597916669063991, "q_revenu": 2, "q_population": 3 }, "geometry": { "type": "Polygon", "coordinates": [ [ [ 7.765164676749838, 48.559114481281654 ], [ 7.765084448642022, 48.560912768279501 ], [ 7.767791959956165, 48.560967242780293 ], [ 7.767872091023246, 48.559168953528605 ], [ 7.765164676749838, 48.559114481281654 ] ] ] } },
{ "type": "Feature", "properties": { "idcar_200m": "CRS3035RES200mN2829800E4156200", "population": 95.0, "median_education": 26.3015, "median_healthcare": 77.819, "median_services": 12.461, "median_commerce": 89.109, "median_entertainment": 65.006, "PC1_pos": 2.5130027558586452, "nivvie": 26654.235789473682, "rel_education": 1.2257771356666822, "rel_sante": 1.5443201036327101, "rel_services": 1.204511745605513, "rel_commerce": 0.8947932720675067, "rel_loisirs": 1.2180963239311116, "rel_pc1": 1.154748737700048, "q_revenu": 4, "q_population": 2 }, "geometry": { "type": "Polygon", "coordinates": [ [ [ 7.767872091023246, 48.559168953528605 ], [ 7.767791959956165, 48.560967242780293 ], [ 7.770499476640674, 48.561021651269343 ], [ 7.770579510666274, 48.559223359766513 ], [ 7.767872091023246, 48.559168953528605 ] ] ] } },
{ "type": "Feature", "properties": { "idcar_200m": "CRS3035RES200mN2829800E4156400", "population": 6.0, "median_education": 24.412, "median_healthcare": 73.445, "median_services": 11.647, "median_commerce": 78.977, "median_entertainment": 61.862, "PC1_pos": 2.2480392911400338, "nivvie": 23644.616666666669, "rel_education": 1.1377172950552266, "rel_sante": 1.4575179584844882, "rel_services": 1.1258284488457917, "rel_commerce": 0.79305219728731646, "rel_loisirs": 1.1591833798576503, "rel_pc1": 1.032995498191202, "q_revenu": 3, "q_population": 1 }, "geometry": { "type": "Polygon", "coordinates": [ [ [ 7.770579510666274, 48.559223359766513 ], [ 7.770499476640674, 48.561021651269343 ], [ 7.773206998689053, 48.561075993746464 ], [ 7.773286935672425, 48.559277699995214 ], [ 7.770579510666274, 48.559223359766513 ] ] ] } },
{ "type": "Feature", "properties": { "idcar_200m": "CRS3035RES200mN2829800E4156800", "population": 33.5, "median_education": 16.604, "median_healthcare": 48.0125, "median_services": 7.895, "median_commerce": 50.392, "median_entertainment": 46.9885, "PC1_pos": 1.6211800578725231, "nivvie": 27084.722388059701, "rel_education": 0.77382672321386958, "rel_sante": 0.95280932645839056, "rel_services": 0.76315064854791148, "rel_commerce": 0.50601423611560892, "rel_loisirs": 0.88048055744142129, "rel_pc1": 0.74494770093204332, "q_revenu": 4, "q_population": 2 }, "geometry": { "type": "Polygon", "coordinates": [ [ [ 7.775994366035219, 48.559331974214459 ], [ 7.775914526094819, 48.5611302702114 ], [ 7.778622058851475, 48.561184480663989 ], [ 7.778701801748162, 48.559386182424078 ], [ 7.775994366035219, 48.559331974214459 ] ] ] } },
{ "type": "Feature", "properties": { "idcar_200m": "CRS3035RES200mN2829800E4157000", "population": 192.0, "median_education": 15.589, "median_healthcare": 42.0225, "median_services": 7.3005, "median_commerce": 45.839, "median_entertainment": 45.8415, "PC1_pos": 1.4877808647261148, "nivvie": 23918.781770833331, "rel_education": 0.72652281306799649, "rel_sante": 0.83393761876798145, "rel_services": 0.70568477640582994, "rel_commerce": 0.46029501844148668, "rel_loisirs": 0.85898782625431569, "rel_pc1": 0.68364949919434315, "q_revenu": 3, "q_population": 3 }, "geometry": { "type": "Polygon", "coordinates": [ [ [ 7.778701801748162, 48.559386182424078 ], [ 7.778622058851475, 48.561184480663989 ], [ 7.781329596952542, 48.561238625103989 ], [ 7.781409242804767, 48.559440324623814 ], [ 7.778701801748162, 48.559386182424078 ] ] ] } },
{ "type": "Feature", "properties": { "idcar_200m": "CRS3035RES200mN2829800E4157200", "population": 523.0, "median_education": 11.8255, "median_healthcare": 29.721, "median_services": 5.6265, "median_commerce": 33.4675, "median_entertainment": 38.2105, "PC1_pos": 1.1839993509997579, "nivvie": 21426.437093690249, "rel_education": 0.55112550682760864, "rel_sante": 0.58981402742347988, "rel_services": 0.54387170665672246, "rel_commerce": 0.33606587250355496, "rel_loisirs": 0.71599651702257838, "rel_pc1": 0.54405899588339002, "q_revenu": 2, "q_population": 5 }, "geometry": { "type": "Polygon", "coordinates": [ [ [ 7.781409242804767, 48.559440324623814 ], [ 7.781329596952542, 48.561238625103989 ], [ 7.784037140391522, 48.561292703531194 ], [ 7.78411668919855, 48.559494400813527 ], [ 7.781409242804767, 48.559440324623814 ] ] ] } },
{ "type": "Feature", "properties": { "idcar_200m": "CRS3035RES200mN2829800E4157400", "population": 2.0, "median_education": 11.0935, "median_healthcare": 26.7755, "median_services": 5.3355, "median_commerce": 29.992, "median_entertainment": 37.4535, "PC1_pos": 1.0613255998955482, "nivvie": 26704.9, "rel_education": 0.51701076571748139, "rel_sante": 0.5313605023813931, "rel_services": 0.51574291137775574, "rel_commerce": 0.30116643454475595, "rel_loisirs": 0.70181168920336401, "rel_pc1": 0.48768923707343026, "q_revenu": 4, "q_population": 1 }, "geometry": { "type": "Polygon", "coordinates": [ [ [ 7.78411668919855, 48.559494400813527 ], [ 7.784037140391522, 48.561292703531194 ], [ 7.786744689161925, 48.561346715945383 ], [ 7.786824140923009, 48.55954841099291 ], [ 7.78411668919855, 48.559494400813527 ] ] ] } },
{ "type": "Feature", "properties": { "idcar_200m": "CRS3035RES200mN2830000E4150600", "population": 66.0, "median_education": 6.2645, "median_healthcare": 6.7655, "median_services": 2.229, "median_commerce": 22.542, "median_entertainment": 7.591, "PC1_pos": 0.43215521414410563, "nivvie": 20183.231818181819, "rel_education": 0.29195600503332247, "rel_sante": 0.13426152560592017, "rel_services": 0.21546077208528117, "rel_commerce": 0.22635682073579255, "rel_loisirs": 0.14224178068118432, "rel_pc1": 0.19857944320195964, "q_revenu": 2, "q_population": 2 }, "geometry": { "type": "Polygon", "coordinates": [ [ [ 7.691983696866015, 48.559417005098268 ], [ 7.691900841407658, 48.561215228772404 ], [ 7.694608302298505, 48.561271487837146 ], [ 7.694691060727817, 48.559473261835379 ], [ 7.691983696866015, 48.559417005098268 ] ] ] } },
{ "type": "Feature", "properties": { "idcar_200m": "CRS3035RES200mN2830000E4151000", "population": 544.0, "median_education": 7.657, "median_healthcare": 8.436, "median_services": 3.021, "median_commerce": 26.453, "median_entertainment": 9.538, "PC1_pos": 0.52349855554485147, "nivvie": 17336.330698529411, "rel_education": 0.3568532413664538, "rel_sante": 0.16741264208285306, "rel_services": 0.29201749325690191, "rel_commerce": 0.26562935759577322, "rel_loisirs": 0.17872508287934871, "rel_pc1": 0.24055257989427328, "q_revenu": 1, "q_population": 5 }, "geometry": { "type": "Polygon", "coordinates": [ [ [ 7.697398430135151, 48.559529452566537 ], [ 7.697315768735653, 48.561327680893243 ], [ 7.700023240712619, 48.561383807940395 ], [ 7.700105805081535, 48.559585577291507 ], [ 7.697398430135151, 48.559529452566537 ] ] ] } },
{ "type": "Feature", "properties": { "idcar_200m": "CRS3035RES200mN2830000E4151400", "population": 66.0, "median_education": 8.8555, "median_healthcare": 11.5075, "median_services": 3.4305, "median_commerce": 20.311, "median_entertainment": 14.6305, "PC1_pos": 0.57449798844537403, "nivvie": 29569.806060606061, "rel_education": 0.41270913920864982, "rel_sante": 0.22836664044196678, "rel_services": 0.33160079795359221, "rel_commerce": 0.2039541028287056, "rel_loisirs": 0.27414943647161993, "rel_pc1": 0.26398730579260388, "q_revenu": 5, "q_population": 2 }, "geometry": { "type": "Polygon", "coordinates": [ [ [ 7.702813185560476, 48.55964163601012 ], [ 7.702730718222917, 48.561439868978468 ], [ 7.705438201260055, 48.561495864007235 ], [ 7.705520571565487, 48.559697628722091 ], [ 7.702813185560476, 48.55964163601012 ] ] ] } },
{ "type": "Feature", "properties": { "idcar_200m": "CRS3035RES200mN2830000E4151600", "population": 215.0, "median_education": 8.707, "median_healthcare": 11.73, "median_services": 3.417, "median_commerce": 20.111, "median_entertainment": 16.108, "PC1_pos": 0.59380357459565891, "nivvie": 23901.930232558141, "rel_education": 0.40578832082770194, "rel_sante": 0.23278215879941519, "rel_services": 0.33029585384271226, "rel_commerce": 0.20194579104859922, "rel_loisirs": 0.30183514730766919, "rel_pc1": 0.27285840678349149, "q_revenu": 3, "q_population": 3 }, "geometry": { "type": "Polygon", "coordinates": [ [ [ 7.705520571565487, 48.559697628722091 ], [ 7.705438201260055, 48.561495864007235 ], [ 7.708145689817543, 48.561551793026418 ], [ 7.708227963090089, 48.559753555427278 ], [ 7.705520571565487, 48.559697628722091 ] ] ] } },
{ "type": "Feature", "properties": { "idcar_200m": "CRS3035RES200mN2830000E4151800", "population": 469.0, "median_education": 8.136, "median_healthcare": 11.268, "median_services": 3.262, "median_commerce": 19.005, "median_entertainment": 15.433, "PC1_pos": 0.60118058875101554, "nivvie": 20400.30575692964, "rel_education": 0.37917695856829936, "rel_sante": 0.22361375663698299, "rel_services": 0.31531316219927641, "rel_commerce": 0.19083982690461079, "rel_loisirs": 0.2891868530170883, "rel_pc1": 0.27624821515677472, "q_revenu": 2, "q_population": 4 }, "geometry": { "type": "Polygon", "coordinates": [ [ [ 7.708227963090089, 48.559753555427278 ], [ 7.708145689817543, 48.561551793026418 ], [ 7.710853183888902, 48.561607656035875 ], [ 7.71093536012779, 48.559809416125418 ], [ 7.708227963090089, 48.559753555427278 ] ] ] } },
{ "type": "Feature", "properties": { "idcar_200m": "CRS3035RES200mN2830000E4152000", "population": 753.5, "median_education": 8.053, "median_healthcare": 11.756, "median_services": 3.358, "median_commerce": 20.026, "median_entertainment": 15.1725, "PC1_pos": 0.60241142845741291, "nivvie": 14926.509489051095, "rel_education": 0.3753087570489817, "rel_sante": 0.23329812948388107, "rel_services": 0.3245927647655335, "rel_commerce": 0.20109225854205398, "rel_loisirs": 0.28430554833161231, "rel_pc1": 0.27681379774277065, "q_revenu": 1, "q_population": 5 }, "geometry": { "type": "Polygon", "coordinates": [ [ [ 7.71093536012779, 48.559809416125418 ], [ 7.710853183888902, 48.561607656035875 ], [ 7.713560683467636, 48.561663453035365 ], [ 7.713642762672101, 48.559865210816291 ], [ 7.71093536012779, 48.559809416125418 ] ] ] } },
{ "type": "Feature", "properties": { "idcar_200m": "CRS3035RES200mN2830000E4152200", "population": 74.0, "median_education": 7.144, "median_healthcare": 10.099, "median_services": 2.913, "median_commerce": 17.263, "median_entertainment": 13.468, "PC1_pos": 0.50583268343049603, "nivvie": 19820.289189189189, "rel_education": 0.33294495968681548, "rel_sante": 0.20041492086234389, "rel_services": 0.28157794036986272, "rel_commerce": 0.17334743129988406, "rel_loisirs": 0.25236626297117509, "rel_pc1": 0.23243494314402935, "q_revenu": 2, "q_population": 2 }, "geometry": { "type": "Polygon", "coordinates": [ [ [ 7.713642762672101, 48.559865210816291 ], [ 7.713560683467636, 48.561663453035365 ], [ 7.716268188547259, 48.561719184024639 ], [ 7.71635017071654, 48.55992093949974 ], [ 7.713642762672101, 48.559865210816291 ] ] ] } },
{ "type": "Feature", "properties": { "idcar_200m": "CRS3035RES200mN2830000E4153200", "population": 3.0, "median_education": 9.424, "median_healthcare": 14.356, "median_services": 3.953, "median_commerce": 31.322, "median_entertainment": 21.005, "PC1_pos": 0.69916634571157621, "nivvie": 24898.866666666669, "rel_education": 0.43920398937409699, "rel_sante": 0.28489519793046925, "rel_services": 0.38210696817098089, "rel_commerce": 0.31452170788246353, "rel_loisirs": 0.39359618010911296, "rel_pc1": 0.32127360516042808, "q_revenu": 3, "q_population": 1 }, "geometry": { "type": "Polygon", "coordinates": [ [ [ 7.727179857765805, 48.56014319415447 ], [ 7.7270982637449, 48.561941447875533 ], [ 7.729805796231654, 48.561996848810608 ], [ 7.729887293213556, 48.56019859279732 ], [ 7.727179857765805, 48.56014319415447 ] ] ] } },
{ "type": "Feature", "properties": { "idcar_200m": "CRS3035RES200mN2830000E4153400", "population": 15.0, "median_education": 7.76, "median_healthcare": 12.421, "median_services": 3.3555, "median_commerce": 27.8705, "median_entertainment": 17.8855, "PC1_pos": 0.64578191396281781, "nivvie": 24898.873333333333, "rel_education": 0.36165353963741437, "rel_sante": 0.24649507199041226, "rel_services": 0.32435110844870391, "rel_commerce": 0.27986326733727734, "rel_loisirs": 0.3351423222728655, "rel_pc1": 0.29674294954097175, "q_revenu": 3, "q_population": 1 }, "geometry": { "type": "Polygon", "coordinates": [ [ [ 7.729887293213556, 48.56019859279732 ], [ 7.729805796231654, 48.561996848810608 ], [ 7.732513334180367, 48.562052183734195 ], [ 7.732594734122515, 48.560253925431404 ], [ 7.729887293213556, 48.56019859279732 ] ] ] } },
{ "type": "Feature", "properties": { "idcar_200m": "CRS3035RES200mN2830000E4154200", "population": 14.0, "median_education": 14.327, "median_healthcare": 44.919, "median_services": 7.139, "median_commerce": 67.431, "median_entertainment": 37.729, "PC1_pos": 1.5570027130596646, "nivvie": 26133.635714285716, "rel_education": 0.66770750803933443, "rel_sante": 0.89141873752011336, "rel_services": 0.69007377833863714, "rel_commerce": 0.67711235822177385, "rel_loisirs": 0.70697406709529742, "rel_pc1": 0.71545759880668081, "q_revenu": 4, "q_population": 1 }, "geometry": { "type": "Polygon", "coordinates": [ [ [ 7.740717089551714, 48.560419527278995 ], [ 7.740635980733381, 48.562217792433962 ], [ 7.743343540465046, 48.562272863309488 ], [ 7.743424552240596, 48.560474595875917 ], [ 7.740717089551714, 48.560419527278995 ] ] ] } },
{ "type": "Feature", "properties": { "idcar_200m": "CRS3035RES200mN2830000E4154400", "population": 8.0, "median_education": 17.2275, "median_healthcare": 52.607, "median_services": 8.544, "median_commerce": 73.163, "median_entertainment": 45.119, "PC1_pos": 1.8178416139197262, "nivvie": 26133.6375, "rel_education": 0.80288483944633449, "rel_sante": 1.0439872999114095, "rel_services": 0.8258846283968786, "rel_commerce": 0.73467057383962331, "rel_loisirs": 0.84544946680995325, "rel_pc1": 0.83531556187855516, "q_revenu": 4, "q_population": 1 }, "geometry": { "type": "Polygon", "coordinates": [ [ [ 7.743424552240596, 48.560474595875917 ], [ 7.743343540465046, 48.562272863309488 ], [ 7.746051105626229, 48.56232786817246 ], [ 7.74613202035824, 48.560529598463006 ], [ 7.743424552240596, 48.560474595875917 ] ] ] } },
{ "type": "Feature", "properties": { "idcar_200m": "CRS3035RES200mN2830000E4154600", "population": 24.0, "median_education": 19.7555, "median_healthcare": 53.8115, "median_services": 10.4285, "median_commerce": 87.19, "median_entertainment": 52.169, "PC1_pos": 2.071856719073323, "nivvie": 26133.6375, "rel_education": 0.92070186885398686, "rel_sante": 1.0678906341206078, "rel_services": 1.0080451600230393, "rel_commerce": 0.8755235205373858, "rel_loisirs": 0.97755387384490899, "rel_pc1": 0.9520379257315299, "q_revenu": 4, "q_population": 1 }, "geometry": { "type": "Polygon", "coordinates": [ [ [ 7.74613202035824, 48.560529598463006 ], [ 7.746051105626229, 48.56232786817246 ], [ 7.748758676210436, 48.562382807022637 ], [ 7.748839493898157, 48.560584535040043 ], [ 7.74613202035824, 48.560529598463006 ] ] ] } },
{ "type": "Feature", "properties": { "idcar_200m": "CRS3035RES200mN2830000E4155200", "population": 54.0, "median_education": 27.032, "median_healthcare": 76.188, "median_services": 15.34, "median_commerce": 122.234, "median_entertainment": 72.193, "PC1_pos": 2.8363199854545322, "nivvie": 25121.120370370369, "rel_education": 1.2598219695204362, "rel_sante": 1.5119528656956389, "rel_services": 1.482803160066493, "rel_commerce": 1.2274199106476293, "rel_loisirs": 1.3527678662517111, "rel_pc1": 1.3033160888030755, "q_revenu": 3, "q_population": 2 }, "geometry": { "type": "Polygon", "coordinates": [ [ [ 7.754254457218853, 48.560694210163135 ], [ 7.75417383362198, 48.562492486683894 ], [ 7.75688142043633, 48.562547227494512 ], [ 7.756961946986656, 48.560748948708778 ], [ 7.754254457218853, 48.560694210163135 ] ] ] } },
{ "type": "Feature", "properties": { "idcar_200m": "CRS3035RES200mN2830000E4155400", "population": 93.0, "median_education": 30.78, "median_healthcare": 88.541, "median_services": 17.104, "median_commerce": 130.826, "median_entertainment": 82.453, "PC1_pos": 3.2614074403082411, "nivvie": 27886.194623655916, "rel_education": 1.4344969007783008, "rel_sante": 1.7570984758959094, "rel_services": 1.6533158572214666, "rel_commerce": 1.3136969847210005, "rel_loisirs": 1.5450219394685405, "rel_pc1": 1.4986478291921648, "q_revenu": 4, "q_population": 2 }, "geometry": { "type": "Polygon", "coordinates": [ [ [ 7.756961946986656, 48.560748948708778 ], [ 7.75688142043633, 48.562547227494512 ], [ 7.759589012647755, 48.562601902291497 ], [ 7.759669442150778, 48.560803621243544 ], [ 7.756961946986656, 48.560748948708778 ] ] ] } },
{ "type": "Feature", "properties": { "idcar_200m": "CRS3035RES200mN2830000E4155600", "population": 394.0, "median_education": 31.9725, "median_healthcare": 90.7835, "median_services": 16.7765, "median_commerce": 127.723, "median_entertainment": 81.744, "PC1_pos": 3.3212868156708533, "nivvie": 16340.931218274112, "rel_education": 1.4900731695950038, "rel_sante": 1.8016009474310919, "rel_services": 1.6216588797167875, "rel_commerce": 1.2825380274526497, "rel_loisirs": 1.5317365459099894, "rel_pc1": 1.5261629733570654, "q_revenu": 1, "q_population": 4 }, "geometry": { "type": "Polygon", "coordinates": [ [ [ 7.759669442150778, 48.560803621243544 ], [ 7.759589012647755, 48.562601902291497 ], [ 7.762296610249754, 48.562656511074678 ], [ 7.76237694270473, 48.56085822776717 ], [ 7.759669442150778, 48.560803621243544 ] ] ] } },
{ "type": "Feature", "properties": { "idcar_200m": "CRS3035RES200mN2830000E4155800", "population": 636.0, "median_education": 33.995, "median_healthcare": 97.504, "median_services": 17.542, "median_commerce": 132.338, "median_entertainment": 83.33, "PC1_pos": 3.4598674859741214, "nivvie": 20187.450471698114, "rel_education": 1.584331453604884, "rel_sante": 1.9349694468523597, "rel_services": 1.6956540439300145, "rel_commerce": 1.3288798217786049, "rel_loisirs": 1.5614553529394135, "rel_pc1": 1.5898421132741436, "q_revenu": 2, "q_population": 5 }, "geometry": { "type": "Polygon", "coordinates": [ [ [ 7.76237694270473, 48.56085822776717 ], [ 7.762296610249754, 48.562656511074678 ], [ 7.765004213235846, 48.562711053843806 ], [ 7.765084448642022, 48.560912768279501 ], [ 7.76237694270473, 48.56085822776717 ] ] ] } },
{ "type": "Feature", "properties": { "idcar_200m": "CRS3035RES200mN2830000E4156000", "population": 713.0, "median_education": 31.892, "median_healthcare": 87.305, "median_services": 15.751, "median_commerce": 115.669, "median_entertainment": 76.555, "PC1_pos": 3.0976819914839475, "nivvie": 21538.835624123421, "rel_education": 1.4863214801696416, "rel_sante": 1.7325700233574548, "rel_services": 1.522531458553281, "rel_commerce": 1.1614970764656367, "rel_loisirs": 1.4345039546895093, "rel_pc1": 1.4234144236901369, "q_revenu": 2, "q_population": 5 }, "geometry": { "type": "Polygon", "coordinates": [ [ [ 7.765084448642022, 48.560912768279501 ], [ 7.765004213235846, 48.562711053843806 ], [ 7.767711821599532, 48.562765530598668 ], [ 7.767791959956165, 48.560967242780293 ], [ 7.765084448642022, 48.560912768279501 ] ] ] } },
{ "type": "Feature", "properties": { "idcar_200m": "CRS3035RES200mN2830000E4156200", "population": 605.0, "median_education": 29.395, "median_healthcare": 75.55, "median_services": 14.293, "median_commerce": 100.831, "median_entertainment": 70.829, "PC1_pos": 2.7573441026666874, "nivvie": 24153.145123966944, "rel_education": 1.3699492007270353, "rel_sante": 1.499291738899899, "rel_services": 1.3815974945782519, "rel_commerce": 1.0125004254995429, "rel_loisirs": 1.3272089426778557, "rel_pc1": 1.267025917315838, "q_revenu": 3, "q_population": 5 }, "geometry": { "type": "Polygon", "coordinates": [ [ [ 7.767791959956165, 48.560967242780293 ], [ 7.767711821599532, 48.562765530598668 ], [ 7.770419435334332, 48.562819941339079 ], [ 7.770499476640674, 48.561021651269343 ], [ 7.767791959956165, 48.560967242780293 ] ] ] } },
{ "type": "Feature", "properties": { "idcar_200m": "CRS3035RES200mN2830000E4156400", "population": 235.5, "median_education": 25.662, "median_healthcare": 70.21, "median_services": 12.574, "median_commerce": 83.908, "median_entertainment": 65.916, "PC1_pos": 2.484638762352545, "nivvie": 29327.211040339702, "rel_education": 1.1959733420329028, "rel_sante": 1.3933192983211371, "rel_services": 1.2154346111262113, "rel_commerce": 0.84256712422583979, "rel_loisirs": 1.2351480984561909, "rel_pc1": 1.1417152121215572, "q_revenu": 4, "q_population": 3 }, "geometry": { "type": "Polygon", "coordinates": [ [ [ 7.770499476640674, 48.561021651269343 ], [ 7.770419435334332, 48.562819941339079 ], [ 7.773127054433748, 48.562874286064826 ], [ 7.773206998689053, 48.561075993746464 ], [ 7.770499476640674, 48.561021651269343 ] ] ] } },
{ "type": "Feature", "properties": { "idcar_200m": "CRS3035RES200mN2830000E4156600", "population": 22.0, "median_education": 24.9745, "median_healthcare": 65.899, "median_services": 12.102, "median_commerce": 79.7305, "median_entertainment": 65.471, "PC1_pos": 2.3682887012746217, "nivvie": 40887.909090909088, "rel_education": 1.163932516195181, "rel_sante": 1.3077673898314288, "rel_services": 1.1698098985087808, "rel_commerce": 0.80061851191886735, "rel_loisirs": 1.2268095933312895, "rel_pc1": 1.088251249199977, "q_revenu": 5, "q_population": 1 }, "geometry": { "type": "Polygon", "coordinates": [ [ [ 7.773206998689053, 48.561075993746464 ], [ 7.773127054433748, 48.562874286064826 ], [ 7.775834678891295, 48.56292856477566 ], [ 7.775914526094819, 48.5611302702114 ], [ 7.773206998689053, 48.561075993746464 ] ] ] } },
{ "type": "Feature", "properties": { "idcar_200m": "CRS3035RES200mN2830000E4156800", "population": 8.0, "median_education": 19.614, "median_healthcare": 51.547, "median_services": 9.365, "median_commerce": 60.927, "median_entertainment": 53.322, "PC1_pos": 1.790625458765065, "nivvie": 40887.9125, "rel_education": 0.9141072843361141, "rel_sante": 1.0229515720062621, "rel_services": 0.90524456284372279, "rel_commerce": 0.61180205913271368, "rel_loisirs": 0.99915903431459763, "rel_pc1": 0.82280947897171197, "q_revenu": 5, "q_population": 1 }, "geometry": { "type": "Polygon", "coordinates": [ [ [ 7.775914526094819, 48.5611302702114 ], [ 7.775834678891295, 48.56292856477566 ], [ 7.778542308700478, 48.562982777471404 ], [ 7.778622058851475, 48.561184480663989 ], [ 7.775914526094819, 48.5611302702114 ] ] ] } },
{ "type": "Feature", "properties": { "idcar_200m": "CRS3035RES200mN2830000E4157000", "population": 54.0, "median_education": 16.261, "median_healthcare": 41.728, "median_services": 7.853, "median_commerce": 50.083, "median_entertainment": 48.893, "PC1_pos": 1.5945535426764066, "nivvie": 30311.488888888885, "rel_education": 0.75784126392319517, "rel_sante": 0.82809325851508919, "rel_services": 0.75909082242517401, "rel_commerce": 0.50291139441534449, "rel_loisirs": 0.91616748555462324, "rel_pc1": 0.73271256321069178, "q_revenu": 5, "q_population": 2 }, "geometry": { "type": "Polygon", "coordinates": [ [ [ 7.778622058851475, 48.561184480663989 ], [ 7.778542308700478, 48.562982777471404 ], [ 7.781249943854813, 48.563036924151852 ], [ 7.781329596952542, 48.561238625103989 ], [ 7.778622058851475, 48.561184480663989 ] ] ] } },
{ "type": "Feature", "properties": { "idcar_200m": "CRS3035RES200mN2830000E4157200", "population": 5.0, "median_education": 14.311, "median_healthcare": 32.4445, "median_services": 7.242, "median_commerce": 44.832, "median_entertainment": 44.4195, "PC1_pos": 1.3705406299358567, "nivvie": 24434.66, "rel_education": 0.66696183063802017, "rel_sante": 0.6438619566212811, "rel_services": 0.70003001859201708, "rel_commerce": 0.45018316862865099, "rel_loisirs": 0.83234208628215867, "rel_pc1": 0.62977649296063132, "q_revenu": 3, "q_population": 1 }, "geometry": { "type": "Polygon", "coordinates": [ [ [ 7.781329596952542, 48.561238625103989 ], [ 7.781249943854813, 48.563036924151852 ], [ 7.783957584347807, 48.563091004816798 ], [ 7.784037140391522, 48.561292703531194 ], [ 7.781329596952542, 48.561238625103989 ] ] ] } },
{ "type": "Feature", "properties": { "idcar_200m": "CRS3035RES200mN2830000E4157400", "population": 21.0, "median_education": 12.775, "median_healthcare": 29.377, "median_services": 6.3265, "median_commerce": 38.276, "median_entertainment": 40.207, "PC1_pos": 1.1827887981629652, "nivvie": 24434.666666666668, "rel_education": 0.59537680011185157, "rel_sante": 0.58298733836746963, "rel_services": 0.61153547536901354, "rel_commerce": 0.38435070847676317, "rel_loisirs": 0.75340736080205217, "rel_pc1": 0.54350273530749271, "q_revenu": 3, "q_population": 1 }, "geometry": { "type": "Polygon", "coordinates": [ [ [ 7.784037140391522, 48.561292703531194 ], [ 7.783957584347807, 48.563091004816798 ], [ 7.786665230172959, 48.563145019465978 ], [ 7.786744689161925, 48.561346715945383 ], [ 7.784037140391522, 48.561292703531194 ] ] ] } },
{ "type": "Feature", "properties": { "idcar_200m": "CRS3035RES200mN2830200E4150600", "population": 963.5, "median_education": 6.254, "median_healthcare": 6.783, "median_services": 2.2225, "median_commerce": 23.226, "median_entertainment": 7.63, "PC1_pos": 0.45147297487962246, "nivvie": 18081.584846912298, "rel_education": 0.29146665423870993, "rel_sante": 0.13460881356661833, "rel_services": 0.2148324656615242, "rel_commerce": 0.23322524702375641, "rel_loisirs": 0.14297257101797345, "rel_pc1": 0.20745613853089401, "q_revenu": 1, "q_population": 5 }, "geometry": { "type": "Polygon", "coordinates": [ [ [ 7.691900841407658, 48.561215228772404 ], [ 7.691817978412128, 48.563013451007599 ], [ 7.694525536340824, 48.563069712400228 ], [ 7.694608302298505, 48.561271487837146 ], [ 7.691900841407658, 48.561215228772404 ] ] ] } },
{ "type": "Feature", "properties": { "idcar_200m": "CRS3035RES200mN2830200E4150800", "population": 232.0, "median_education": 7.939, "median_healthcare": 8.625, "median_services": 2.8945, "median_commerce": 29.5685, "median_entertainment": 9.7565, "PC1_pos": 0.57819048804636841, "nivvie": 18094.155172413793, "rel_education": 0.36999580556461759, "rel_sante": 0.1711633520583935, "rel_services": 0.27978968362532358, "rel_commerce": 0.29691383435038066, "rel_loisirs": 0.18281938258674413, "rel_pc1": 0.26568404458179368, "q_revenu": 1, "q_population": 3 }, "geometry": { "type": "Polygon", "coordinates": [ [ [ 7.694608302298505, 48.561271487837146 ], [ 7.694525536340824, 48.563069712400228 ], [ 7.697233099816599, 48.563125907781455 ], [ 7.697315768735653, 48.561327680893243 ], [ 7.694608302298505, 48.561271487837146 ] ] ] } },
{ "type": "Feature", "properties": { "idcar_200m": "CRS3035RES200mN2830200E4151000", "population": 530.5, "median_education": 9.176, "median_healthcare": 10.929, "median_services": 3.788, "median_commerce": 33.055, "median_entertainment": 11.91, "PC1_pos": 0.66888943647280552, "nivvie": 15477.990386427899, "rel_education": 0.42764598965372602, "rel_sante": 0.2168862927126009, "rel_services": 0.36615765126022654, "rel_commerce": 0.33192372945708554, "rel_loisirs": 0.22317212592713809, "rel_pc1": 0.30736107655558637, "q_revenu": 1, "q_population": 5 }, "geometry": { "type": "Polygon", "coordinates": [ [ [ 7.697315768735653, 48.561327680893243 ], [ 7.697233099816599, 48.563125907781455 ], [ 7.699940668832959, 48.563182037151037 ], [ 7.700023240712619, 48.561383807940395 ], [ 7.697315768735653, 48.561327680893243 ] ] ] } },
{ "type": "Feature", "properties": { "idcar_200m": "CRS3035RES200mN2830200E4151200", "population": 495.0, "median_education": 9.824, "median_healthcare": 13.168, "median_services": 4.342, "median_commerce": 34.196, "median_entertainment": 13.812, "PC1_pos": 0.7446235855883141, "nivvie": 13954.388282828284, "rel_education": 0.45784592440695343, "rel_sante": 0.26131930665564357, "rel_services": 0.41970869106966835, "rel_commerce": 0.34338114816259252, "rel_loisirs": 0.2588122085059304, "rel_pc1": 0.34216164049768177, "q_revenu": 1, "q_population": 5 }, "geometry": { "type": "Polygon", "coordinates": [ [ [ 7.700023240712619, 48.561383807940395 ], [ 7.699940668832959, 48.563182037151037 ], [ 7.702648243383418, 48.563238100508833 ], [ 7.702730718222917, 48.561439868978468 ], [ 7.700023240712619, 48.561383807940395 ] ] ] } },
{ "type": "Feature", "properties": { "idcar_200m": "CRS3035RES200mN2830200E4151400", "population": 103.0, "median_education": 10.0625, "median_healthcare": 14.435, "median_services": 4.4215, "median_commerce": 30.7285, "median_entertainment": 15.749, "PC1_pos": 0.76057696412644105, "nivvie": 17298.7, "rel_education": 0.46896117817029404, "rel_sante": 0.28646295501019248, "rel_services": 0.42739336194485, "rel_commerce": 0.30856204267499776, "rel_loisirs": 0.29510812856645652, "rel_pc1": 0.34949237011427492, "q_revenu": 1, "q_population": 2 }, "geometry": { "type": "Polygon", "coordinates": [ [ [ 7.702730718222917, 48.561439868978468 ], [ 7.702648243383418, 48.563238100508833 ], [ 7.705355823461485, 48.563294097854531 ], [ 7.705438201260055, 48.561495864007235 ], [ 7.702730718222917, 48.561439868978468 ] ] ] } },
{ "type": "Feature", "properties": { "idcar_200m": "CRS3035RES200mN2830200E4151600", "population": 381.0, "median_education": 10.0615, "median_healthcare": 14.257, "median_services": 4.2325, "median_commerce": 26.2255, "median_entertainment": 17.2805, "PC1_pos": 0.76204231933229316, "nivvie": 21212.356955380579, "rel_education": 0.46891457333271197, "rel_sante": 0.28293054032423376, "rel_services": 0.40912414439253142, "rel_commerce": 0.26334490294590218, "rel_loisirs": 0.32380570294575228, "rel_pc1": 0.35016571480929964, "q_revenu": 2, "q_population": 4 }, "geometry": { "type": "Polygon", "coordinates": [ [ [ 7.705438201260055, 48.561495864007235 ], [ 7.705355823461485, 48.563294097854531 ], [ 7.708063409060675, 48.56335002918798 ], [ 7.708145689817543, 48.561551793026418 ], [ 7.705438201260055, 48.561495864007235 ] ] ] } },
{ "type": "Feature", "properties": { "idcar_200m": "CRS3035RES200mN2830200E4151800", "population": 214.5, "median_education": 10.481, "median_healthcare": 15.692, "median_services": 4.5085, "median_commerce": 28.025, "median_entertainment": 18.828, "PC1_pos": 0.79196236831775035, "nivvie": 21948.416783216784, "rel_education": 0.48846530269842009, "rel_sante": 0.31140815310148534, "rel_services": 0.43580300177052045, "rel_commerce": 0.2814146881874095, "rel_loisirs": 0.35280308874526922, "rel_pc1": 0.36391426272367516, "q_revenu": 2, "q_population": 3 }, "geometry": { "type": "Polygon", "coordinates": [ [ [ 7.708145689817543, 48.561551793026418 ], [ 7.708063409060675, 48.56335002918798 ], [ 7.710771000174497, 48.563405894508954 ], [ 7.710853183888902, 48.561607656035875 ], [ 7.708145689817543, 48.561551793026418 ] ] ] } },
{ "type": "Feature", "properties": { "idcar_200m": "CRS3035RES200mN2830200E4152000", "population": 598.5, "median_education": 9.5405, "median_healthcare": 14.361, "median_services": 4.0805, "median_commerce": 25.6775, "median_entertainment": 17.8685, "PC1_pos": 0.73490793509476182, "nivvie": 17973.813533834586, "rel_education": 0.44463345295241641, "rel_sante": 0.28499442306209732, "rel_services": 0.39443144032929106, "rel_commerce": 0.25784212866841066, "rel_loisirs": 0.33482377263888052, "rel_pc1": 0.33769720641888551, "q_revenu": 1, "q_population": 5 }, "geometry": { "type": "Polygon", "coordinates": [ [ [ 7.710853183888902, 48.561607656035875 ], [ 7.710771000174497, 48.563405894508954 ], [ 7.713478596796464, 48.56346169381721 ], [ 7.713560683467636, 48.561663453035365 ], [ 7.710853183888902, 48.561607656035875 ] ] ] } },
{ "type": "Feature", "properties": { "idcar_200m": "CRS3035RES200mN2830200E4152600", "population": 28.0, "median_education": 10.9075, "median_healthcare": 16.329, "median_services": 4.3345, "median_commerce": 33.6215, "median_entertainment": 23.6685, "PC1_pos": 0.74588887278548288, "nivvie": 19820.289285714283, "rel_education": 0.50834226592720322, "rel_sante": 0.32404943487089943, "rel_services": 0.41898372211917956, "rel_commerce": 0.33761227257423687, "rel_loisirs": 0.44350541246905695, "rel_pc1": 0.34274305203427974, "q_revenu": 2, "q_population": 1 }, "geometry": { "type": "Polygon", "coordinates": [ [ [ 7.718975699121286, 48.561774849003498 ], [ 7.718893806538869, 48.563573094394791 ], [ 7.721601419646336, 48.563628695663674 ], [ 7.721683215183226, 48.561830447971751 ], [ 7.718975699121286, 48.561774849003498 ] ] ] } },
{ "type": "Feature", "properties": { "idcar_200m": "CRS3035RES200mN2830200E4152800", "population": 86.0, "median_education": 11.149, "median_healthcare": 16.766, "median_services": 4.619, "median_commerce": 35.8025, "median_entertainment": 24.7285, "PC1_pos": 0.83292734016838454, "nivvie": 28495.779069767443, "rel_education": 0.51959733420329035, "rel_sante": 0.33272171137519135, "rel_services": 0.44648421097438923, "rel_commerce": 0.35951291253629719, "rel_loisirs": 0.46336791905870983, "rel_pc1": 0.38273805805145816, "q_revenu": 4, "q_population": 2 }, "geometry": { "type": "Polygon", "coordinates": [ [ [ 7.721683215183226, 48.561830447971751 ], [ 7.721601419646336, 48.563628695663674 ], [ 7.724309038235986, 48.563684230918973 ], [ 7.724390736726596, 48.561885980929162 ], [ 7.721683215183226, 48.561830447971751 ] ] ] } },
{ "type": "Feature", "properties": { "idcar_200m": "CRS3035RES200mN2830200E4153000", "population": 81.5, "median_education": 11.68, "median_healthcare": 17.8985, "median_services": 4.944, "median_commerce": 38.817, "median_entertainment": 26.162, "PC1_pos": 0.98511019283178314, "nivvie": 30216.290797546015, "rel_education": 0.54434450295940717, "rel_sante": 0.35519620368894561, "rel_services": 0.47789953216223868, "rel_commerce": 0.38978319184195098, "rel_loisirs": 0.49022914848915083, "rel_pc1": 0.45266753051342024, "q_revenu": 5, "q_population": 2 }, "geometry": { "type": "Polygon", "coordinates": [ [ [ 7.724390736726596, 48.561885980929162 ], [ 7.724309038235986, 48.563684230918973 ], [ 7.727016662301335, 48.563739700160482 ], [ 7.7270982637449, 48.561941447875533 ], [ 7.724390736726596, 48.561885980929162 ] ] ] } },
{ "type": "Feature", "properties": { "idcar_200m": "CRS3035RES200mN2830200E4153200", "population": 117.5, "median_education": 11.671, "median_healthcare": 18.983, "median_services": 5.026, "median_commerce": 40.818, "median_entertainment": 26.665, "PC1_pos": 0.97481071147574339, "nivvie": 32833.729361702128, "rel_education": 0.54392505942116787, "rel_sante": 0.37671813473907062, "rel_services": 0.48582585935424993, "rel_commerce": 0.40987635120191546, "rel_loisirs": 0.49965447001235402, "rel_pc1": 0.44793482058418327, "q_revenu": 5, "q_population": 2 }, "geometry": { "type": "Polygon", "coordinates": [ [ [ 7.7270982637449, 48.561941447875533 ], [ 7.727016662301335, 48.563739700160482 ], [ 7.729724291835895, 48.563795103388046 ], [ 7.729805796231654, 48.561996848810608 ], [ 7.7270982637449, 48.561941447875533 ] ] ] } },
{ "type": "Feature", "properties": { "idcar_200m": "CRS3035RES200mN2830200E4153400", "population": 10.0, "median_education": 8.8265, "median_healthcare": 14.0255, "median_services": 3.8445, "median_commerce": 31.573, "median_entertainment": 20.2965, "PC1_pos": 0.77344224363468284, "nivvie": 24898.87, "rel_education": 0.41135759891876772, "rel_sante": 0.27833641672985487, "rel_services": 0.37161908402057581, "rel_commerce": 0.31704213916649709, "rel_loisirs": 0.38032015565744404, "rel_pc1": 0.35540408876944385, "q_revenu": 3, "q_population": 1 }, "geometry": { "type": "Polygon", "coordinates": [ [ [ 7.729805796231654, 48.561996848810608 ], [ 7.729724291835895, 48.563795103388046 ], [ 7.732431926833176, 48.563850440601371 ], [ 7.732513334180367, 48.562052183734195 ], [ 7.729805796231654, 48.561996848810608 ] ] ] } },
{ "type": "Feature", "properties": { "idcar_200m": "CRS3035RES200mN2830200E4153800", "population": 8.0, "median_education": 11.302, "median_healthcare": 30.861, "median_services": 6.051, "median_commerce": 71.763, "median_entertainment": 30.186, "PC1_pos": 1.3849955707297457, "nivvie": 24898.875, "rel_education": 0.52672787435335788, "rel_sante": 0.6124373574346762, "rel_services": 0.5849049492543904, "rel_commerce": 0.72061239137887856, "rel_loisirs": 0.56563172067477663, "rel_pc1": 0.63641867614023906, "q_revenu": 3, "q_population": 1 }, "geometry": { "type": "Polygon", "coordinates": [ [ [ 7.735220877584552, 48.56210745264611 ], [ 7.735139567286683, 48.56390571180026 ], [ 7.737847213189935, 48.563960916984506 ], [ 7.737928426437717, 48.562162655546111 ], [ 7.735220877584552, 48.56210745264611 ] ] ] } },
{ "type": "Feature", "properties": { "idcar_200m": "CRS3035RES200mN2830200E4154000", "population": 6.0, "median_education": 14.1515, "median_healthcare": 41.0655, "median_services": 6.9945, "median_commerce": 72.795, "median_entertainment": 36.282, "PC1_pos": 1.5491059706617811, "nivvie": 26133.633333333331, "rel_education": 0.65952835904366869, "rel_sante": 0.81494592857437198, "rel_services": 0.67610604322588563, "rel_commerce": 0.73097528016422753, "rel_loisirs": 0.67985987177904472, "rel_pc1": 0.71182897034829984, "q_revenu": 4, "q_population": 1 }, "geometry": { "type": "Polygon", "coordinates": [ [ [ 7.737928426437717, 48.562162655546111 ], [ 7.737847213189935, 48.563960916984506 ], [ 7.740554864536435, 48.564016056153903 ], [ 7.740635980733381, 48.562217792433962 ], [ 7.737928426437717, 48.562162655546111 ] ] ] } },
{ "type": "Feature", "properties": { "idcar_200m": "CRS3035RES200mN2830200E4154200", "population": 3.0, "median_education": 15.33, "median_healthcare": 42.957, "median_services": 7.477, "median_commerce": 71.73, "median_entertainment": 39.21, "PC1_pos": 1.7011525484638692, "nivvie": 26133.633333333331, "rel_education": 0.71445216013422186, "rel_sante": 0.85248279586926501, "rel_services": 0.72274571237400054, "rel_commerce": 0.72028101993516103, "rel_loisirs": 0.73472536167952007, "rel_pc1": 0.78169582321157194, "q_revenu": 4, "q_population": 1 }, "geometry": { "type": "Polygon", "coordinates": [ [ [ 7.740635980733381, 48.562217792433962 ], [ 7.740554864536435, 48.564016056153903 ], [ 7.743262521319696, 48.564071129308267 ], [ 7.743343540465046, 48.562272863309488 ], [ 7.740635980733381, 48.562217792433962 ] ] ] } },
{ "type": "Feature", "properties": { "idcar_200m": "CRS3035RES200mN2830200E4154400", "population": 3.0, "median_education": 19.319, "median_healthcare": 50.961, "median_services": 9.512, "median_commerce": 82.053, "median_entertainment": 48.363, "PC1_pos": 1.9110865006944537, "nivvie": 26133.633333333331, "rel_education": 0.90035885724938236, "rel_sante": 1.0113223865794541, "rel_services": 0.9194539542733039, "rel_commerce": 0.82394003246535286, "rel_loisirs": 0.90623623225979666, "rel_pc1": 0.87816247680894099, "q_revenu": 4, "q_population": 1 }, "geometry": { "type": "Polygon", "coordinates": [ [ [ 7.743343540465046, 48.562272863309488 ], [ 7.743262521319696, 48.564071129308267 ], [ 7.745970183533228, 48.5641261364473 ], [ 7.746051105626229, 48.56232786817246 ], [ 7.743343540465046, 48.562272863309488 ] ] ] } },
{ "type": "Feature", "properties": { "idcar_200m": "CRS3035RES200mN2830200E4154800", "population": 10.0, "median_education": 19.729, "median_healthcare": 55.311, "median_services": 10.904, "median_commerce": 90.452, "median_entertainment": 52.516, "PC1_pos": 2.258112031503734, "nivvie": 26133.64, "rel_education": 0.91946684065806028, "rel_sante": 1.0976482510958612, "rel_services": 1.0540081914840314, "rel_commerce": 0.90827908567092119, "rel_loisirs": 0.98405603402095576, "rel_pc1": 1.0376240184715901, "q_revenu": 4, "q_population": 1 }, "geometry": { "type": "Polygon", "coordinates": [ [ [ 7.748758676210436, 48.562382807022637 ], [ 7.748677851170539, 48.564181077570886 ], [ 7.751385524225142, 48.564235952678757 ], [ 7.751466252211184, 48.562437679859862 ], [ 7.748758676210436, 48.562382807022637 ] ] ] } },
{ "type": "Feature", "properties": { "idcar_200m": "CRS3035RES200mN2830200E4155000", "population": 250.5, "median_education": 28.784, "median_healthcare": 80.17, "median_services": 17.287, "median_commerce": 144.774, "median_entertainment": 77.408, "PC1_pos": 3.2607490833123296, "nivvie": 20964.545708582835, "rel_education": 1.3414736449643472, "rel_sante": 1.5909757605242212, "rel_services": 1.6710050996133941, "rel_commerce": 1.453756648265621, "rel_loisirs": 1.4504876510300508, "rel_pc1": 1.4983453078725153, "q_revenu": 2, "q_population": 3 }, "geometry": { "type": "Polygon", "coordinates": [ [ [ 7.751466252211184, 48.562437679859862 ], [ 7.751385524225142, 48.564235952678757 ], [ 7.754093202690544, 48.564290761770664 ], [ 7.75417383362198, 48.562492486683894 ], [ 7.751466252211184, 48.562437679859862 ] ] ] } },
{ "type": "Feature", "properties": { "idcar_200m": "CRS3035RES200mN2830200E4155200", "population": 671.5, "median_education": 30.434, "median_healthcare": 85.4275, "median_services": 18.363, "median_commerce": 145.5825, "median_entertainment": 81.5015, "PC1_pos": 3.3970531839904967, "nivvie": 23731.371556217422, "rel_education": 1.4183716269748798, "rel_sante": 1.69531098643112, "rel_services": 1.7750139783768586, "rel_commerce": 1.4618752486367008, "rel_loisirs": 1.5271925290722621, "rel_pc1": 1.5609783423307979, "q_revenu": 3, "q_population": 5 }, "geometry": { "type": "Polygon", "coordinates": [ [ [ 7.75417383362198, 48.562492486683894 ], [ 7.754093202690544, 48.564290761770664 ], [ 7.756800886560257, 48.564345504846486 ], [ 7.75688142043633, 48.562547227494512 ], [ 7.75417383362198, 48.562492486683894 ] ] ] } },
{ "type": "Feature", "properties": { "idcar_200m": "CRS3035RES200mN2830200E4155400", "population": 554.0, "median_education": 33.0295, "median_healthcare": 91.255, "median_services": 19.429, "median_commerce": 149.527, "median_entertainment": 86.983, "PC1_pos": 3.6253371803697019, "nivvie": 26529.695487364621, "rel_education": 1.539334482919327, "rel_sante": 1.8109578773436172, "rel_services": 1.878056231873005, "rel_commerce": 1.5014841777198493, "rel_loisirs": 1.6299060478186609, "rel_pc1": 1.6658770162544319, "q_revenu": 4, "q_population": 5 }, "geometry": { "type": "Polygon", "coordinates": [ [ [ 7.75688142043633, 48.562547227494512 ], [ 7.756800886560257, 48.564345504846486 ], [ 7.759508575827793, 48.564400181905938 ], [ 7.759589012647755, 48.562601902291497 ], [ 7.75688142043633, 48.562547227494512 ] ] ] } },
{ "type": "Feature", "properties": { "idcar_200m": "CRS3035RES200mN2830200E4155600", "population": 349.0, "median_education": 35.9315, "median_healthcare": 96.749, "median_services": 20.1495, "median_commerce": 153.9385, "median_entertainment": 88.597, "PC1_pos": 3.7873726280333178, "nivvie": 24420.01776504298, "rel_education": 1.6745817215827001, "rel_sante": 1.9199864519765233, "rel_services": 1.9477015823832986, "rel_commerce": 1.5457825148095465, "rel_loisirs": 1.6601495248334719, "rel_pc1": 1.7403338501023082, "q_revenu": 3, "q_population": 4 }, "geometry": { "type": "Polygon", "coordinates": [ [ [ 7.759589012647755, 48.562601902291497 ], [ 7.759508575827793, 48.564400181905938 ], [ 7.762216270486652, 48.564454792948879 ], [ 7.762296610249754, 48.562656511074678 ], [ 7.759589012647755, 48.562601902291497 ] ] ] } },
{ "type": "Feature", "properties": { "idcar_200m": "CRS3035RES200mN2830200E4155800", "population": 408.0, "median_education": 35.0855, "median_healthcare": 93.6625, "median_services": 18.9535, "median_commerce": 141.311, "median_entertainment": 85.0795, "PC1_pos": 3.5825777750030157, "nivvie": 23903.385784313727, "rel_education": 1.6351540289882087, "rel_sante": 1.8587347782225254, "rel_services": 1.8320932004120125, "rel_commerce": 1.4189827297930784, "rel_loisirs": 1.5942378579192227, "rel_pc1": 1.6462286616090289, "q_revenu": 3, "q_population": 4 }, "geometry": { "type": "Polygon", "coordinates": [ [ [ 7.762296610249754, 48.562656511074678 ], [ 7.762216270486652, 48.564454792948879 ], [ 7.76492397053035, 48.564509337975018 ], [ 7.765004213235846, 48.562711053843806 ], [ 7.762296610249754, 48.562656511074678 ] ] ] } },
{ "type": "Feature", "properties": { "idcar_200m": "CRS3035RES200mN2830200E4156000", "population": 615.5, "median_education": 33.492, "median_healthcare": 84.679, "median_services": 17.471, "median_commerce": 122.949, "median_entertainment": 80.47, "PC1_pos": 3.2837969231094157, "nivvie": 20267.208123476848, "rel_education": 1.5608892203010671, "rel_sante": 1.6804569842264006, "rel_services": 1.6887910045320536, "rel_commerce": 1.2345996252615099, "rel_loisirs": 1.5078640615748784, "rel_pc1": 1.5089360101112419, "q_revenu": 2, "q_population": 5 }, "geometry": { "type": "Polygon", "coordinates": [ [ [ 7.765004213235846, 48.562711053843806 ], [ 7.76492397053035, 48.564509337975018 ], [ 7.767631675952396, 48.564563816984162 ], [ 7.767711821599532, 48.562765530598668 ], [ 7.765004213235846, 48.562711053843806 ] ] ] } },
{ "type": "Feature", "properties": { "idcar_200m": "CRS3035RES200mN2830200E4156200", "population": 199.0, "median_education": 33.7075, "median_healthcare": 80.4395, "median_services": 17.264, "median_commerce": 118.4125, "median_entertainment": 81.362, "PC1_pos": 3.2118897303853564, "nivvie": 15748.072361809045, "rel_education": 1.5709325628000184, "rel_sante": 1.5963239951189736, "rel_services": 1.6687818614985617, "rel_commerce": 1.1890460933092464, "rel_loisirs": 1.5245785482522087, "rel_pc1": 1.4758939691361255, "q_revenu": 1, "q_population": 3 }, "geometry": { "type": "Polygon", "coordinates": [ [ [ 7.767711821599532, 48.562765530598668 ], [ 7.767631675952396, 48.564563816984162 ], [ 7.770339386746297, 48.564618229976126 ], [ 7.770419435334332, 48.562819941339079 ], [ 7.767711821599532, 48.562765530598668 ] ] ] } },
{ "type": "Feature", "properties": { "idcar_200m": "CRS3035RES200mN2830200E4156400", "population": 368.0, "median_education": 29.96, "median_healthcare": 67.981, "median_services": 15.264, "median_commerce": 102.088, "median_entertainment": 76.055, "PC1_pos": 2.865217813977412, "nivvie": 24217.75489130435, "rel_education": 1.3962809339609452, "rel_sante": 1.3490847346413506, "rel_services": 1.4754568080348729, "rel_commerce": 1.0251226650375116, "rel_loisirs": 1.4251348478075976, "rel_pc1": 1.316594916663997, "q_revenu": 3, "q_population": 4 }, "geometry": { "type": "Polygon", "coordinates": [ [ [ 7.770419435334332, 48.562819941339079 ], [ 7.770339386746297, 48.564618229976126 ], [ 7.773047102905563, 48.564672576950706 ], [ 7.773127054433748, 48.562874286064826 ], [ 7.770419435334332, 48.562819941339079 ] ] ] } },
{ "type": "Feature", "properties": { "idcar_200m": "CRS3035RES200mN2830200E4156600", "population": 599.5, "median_education": 24.672, "median_healthcare": 58.869, "median_services": 12.3735, "median_commerce": 81.7045, "median_entertainment": 65.7435, "PC1_pos": 2.4147632794208755, "nivvie": 19944.434195162637, "rel_education": 1.1498345528265834, "rel_sante": 1.1682568547623846, "rel_services": 1.1960537745164765, "rel_commerce": 0.82044054918851739, "rel_loisirs": 1.2319157565819312, "rel_pc1": 1.1096067611764022, "q_revenu": 2, "q_population": 5 }, "geometry": { "type": "Polygon", "coordinates": [ [ [ 7.773127054433748, 48.562874286064826 ], [ 7.773047102905563, 48.564672576950706 ], [ 7.775754824423702, 48.564726857907644 ], [ 7.775834678891295, 48.56292856477566 ], [ 7.773127054433748, 48.562874286064826 ] ] ] } },
{ "type": "Feature", "properties": { "idcar_200m": "CRS3035RES200mN2830200E4156800", "population": 324.0, "median_education": 21.152, "median_healthcare": 52.2515, "median_services": 10.33, "median_commerce": 68.6745, "median_entertainment": 59.5445, "PC1_pos": 2.021022629169289, "nivvie": 13796.102160493827, "rel_education": 0.98578552453744706, "rel_sante": 1.0369323930526548, "rel_services": 0.99852390113995249, "rel_commerce": 0.68959903671458533, "rel_loisirs": 1.1157575694599893, "rel_pc1": 0.92867917651728271, "q_revenu": 1, "q_population": 4 }, "geometry": { "type": "Polygon", "coordinates": [ [ [ 7.775834678891295, 48.56292856477566 ], [ 7.775754824423702, 48.564726857907644 ], [ 7.778462551294226, 48.564781072846792 ], [ 7.778542308700478, 48.562982777471404 ], [ 7.775834678891295, 48.56292856477566 ] ] ] } },
{ "type": "Feature", "properties": { "idcar_200m": "CRS3035RES200mN2830200E4157000", "population": 135.5, "median_education": 18.652, "median_healthcare": 45.811, "median_services": 9.043, "median_commerce": 59.169, "median_entertainment": 53.859, "PC1_pos": 1.7793309374916768, "nivvie": 15072.589667896678, "rel_education": 0.86927343058209439, "rel_sante": 0.90912050100255826, "rel_services": 0.87411922923606877, "rel_commerce": 0.59414899858557835, "rel_loisirs": 1.0092214551057708, "rel_pc1": 0.81761953870882709, "q_revenu": 1, "q_population": 3 }, "geometry": { "type": "Polygon", "coordinates": [ [ [ 7.778542308700478, 48.562982777471404 ], [ 7.778462551294226, 48.564781072846792 ], [ 7.781170283510641, 48.564835221767893 ], [ 7.781249943854813, 48.563036924151852 ], [ 7.778542308700478, 48.562982777471404 ] ] ] } },
{ "type": "Feature", "properties": { "idcar_200m": "CRS3035RES200mN2830200E4157200", "population": 26.0, "median_education": 16.208, "median_healthcare": 36.8015, "median_services": 8.2685, "median_commerce": 53.257, "median_entertainment": 48.285, "PC1_pos": 1.5790734369112764, "nivvie": 24377.326923076922, "rel_education": 0.75537120753134168, "rel_sante": 0.73032673632196732, "rel_services": 0.79925410228225535, "rel_commerce": 0.5347833023656331, "rel_loisirs": 0.90477465158621839, "rel_pc1": 0.72559930694781127, "q_revenu": 3, "q_population": 1 }, "geometry": { "type": "Polygon", "coordinates": [ [ [ 7.781249943854813, 48.563036924151852 ], [ 7.781170283510641, 48.564835221767893 ], [ 7.783878021066458, 48.56488930467075 ], [ 7.783957584347807, 48.563091004816798 ], [ 7.781249943854813, 48.563036924151852 ] ] ] } },
{ "type": "Feature", "properties": { "idcar_200m": "CRS3035RES200mN2830200E4157400", "population": 24.0, "median_education": 11.947, "median_healthcare": 26.308, "median_services": 6.346, "median_commerce": 40.35, "median_entertainment": 39.204, "PC1_pos": 1.2110487641598271, "nivvie": 24434.670833333334, "rel_education": 0.55678799459383876, "rel_sante": 0.52208295257417003, "rel_services": 0.61342039464028453, "rel_commerce": 0.40517690163646652, "rel_loisirs": 0.73461293239693715, "rel_pc1": 0.55648845925317636, "q_revenu": 3, "q_population": 1 }, "geometry": { "type": "Polygon", "coordinates": [ [ [ 7.783957584347807, 48.563091004816798 ], [ 7.783878021066458, 48.56488930467075 ], [ 7.786585763955177, 48.564943321555162 ], [ 7.786665230172959, 48.563145019465978 ], [ 7.783957584347807, 48.563091004816798 ] ] ] } },
{ "type": "Feature", "properties": { "idcar_200m": "CRS3035RES200mN2830400E4150600", "population": 353.0, "median_education": 5.694, "median_healthcare": 6.294, "median_services": 1.921, "median_commerce": 20.511, "median_entertainment": 7.003, "PC1_pos": 0.40137034225035495, "nivvie": 19741.706232294619, "rel_education": 0.26536794519271101, "rel_sante": 0.12490459569339463, "rel_services": 0.18568871385187308, "rel_commerce": 0.20596241460881201, "rel_loisirs": 0.13122371098805607, "rel_pc1": 0.18443350091172928, "q_revenu": 2, "q_population": 4 }, "geometry": { "type": "Polygon", "coordinates": [ [ [ 7.691817978412128, 48.563013451007599 ], [ 7.69173510787844, 48.564811671804328 ], [ 7.694442762853801, 48.564867935525037 ], [ 7.694525536340824, 48.563069712400228 ], [ 7.691817978412128, 48.563013451007599 ] ] ] } },
{ "type": "Feature", "properties": { "idcar_200m": "CRS3035RES200mN2830400E4150800", "population": 279.5, "median_education": 6.4945, "median_healthcare": 7.2665, "median_services": 2.396, "median_commerce": 23.19, "median_entertainment": 8.018, "PC1_pos": 0.47121400271102654, "nivvie": 19476.107692307691, "rel_education": 0.30267511767721489, "rel_sante": 0.1442038837950512, "rel_services": 0.23160341404949916, "rel_commerce": 0.23286375090333725, "rel_loisirs": 0.15024299795833695, "rel_pc1": 0.21652732912790806, "q_revenu": 2, "q_population": 4 }, "geometry": { "type": "Polygon", "coordinates": [ [ [ 7.694525536340824, 48.563069712400228 ], [ 7.694442762853801, 48.564867935525037 ], [ 7.697150423377009, 48.564924133231614 ], [ 7.697233099816599, 48.563125907781455 ], [ 7.694525536340824, 48.563069712400228 ] ] ] } },
{ "type": "Feature", "properties": { "idcar_200m": "CRS3035RES200mN2830400E4151000", "population": 695.5, "median_education": 7.921, "median_healthcare": 9.754, "median_services": 3.319, "median_commerce": 27.5945, "median_entertainment": 10.608, "PC1_pos": 0.57993912864458474, "nivvie": 16238.480948957584, "rel_education": 0.36915691848813903, "rel_sante": 0.19356838678000818, "rel_services": 0.32082292622299152, "rel_commerce": 0.27709179708073051, "rel_loisirs": 0.19877497160663987, "rel_pc1": 0.26648756161685216, "q_revenu": 1, "q_population": 5 }, "geometry": { "type": "Polygon", "coordinates": [ [ [ 7.697233099816599, 48.563125907781455 ], [ 7.697150423377009, 48.564924133231614 ], [ 7.699858089441572, 48.564980264923868 ], [ 7.699940668832959, 48.563182037151037 ], [ 7.697233099816599, 48.563125907781455 ] ] ] } },
{ "type": "Feature", "properties": { "idcar_200m": "CRS3035RES200mN2830400E4151200", "population": 849.0, "median_education": 8.6575, "median_healthcare": 11.382, "median_services": 3.7725, "median_commerce": 29.5255, "median_entertainment": 12.0855, "PC1_pos": 0.65193085134406115, "nivvie": 16772.053121319197, "rel_education": 0.40348138136738587, "rel_sante": 0.22587608963810263, "rel_services": 0.364659382095883, "rel_commerce": 0.29648204731765782, "rel_loisirs": 0.2264606824426891, "rel_pc1": 0.29956844492199902, "q_revenu": 1, "q_population": 5 }, "geometry": { "type": "Polygon", "coordinates": [ [ [ 7.699940668832959, 48.563182037151037 ], [ 7.699858089441572, 48.564980264923868 ], [ 7.702565761041, 48.565036330601551 ], [ 7.702648243383418, 48.563238100508833 ], [ 7.699940668832959, 48.563182037151037 ] ] ] } },
{ "type": "Feature", "properties": { "idcar_200m": "CRS3035RES200mN2830400E4151400", "population": 436.0, "median_education": 11.7835, "median_healthcare": 17.63, "median_services": 5.416, "median_commerce": 37.4025, "median_entertainment": 17.5995, "PC1_pos": 0.85308601298747688, "nivvie": 16055.803440366972, "rel_education": 0.5491681036491588, "rel_sante": 0.3498678141205192, "rel_services": 0.5235242447796693, "rel_commerce": 0.37557940677714846, "rel_loisirs": 0.32978319313641197, "rel_pc1": 0.39200116050420558, "q_revenu": 1, "q_population": 4 }, "geometry": { "type": "Polygon", "coordinates": [ [ [ 7.702648243383418, 48.563238100508833 ], [ 7.702565761041, 48.565036330601551 ], [ 7.705273438168812, 48.565092330264484 ], [ 7.705355823461485, 48.563294097854531 ], [ 7.702648243383418, 48.563238100508833 ] ] ] } },
{ "type": "Feature", "properties": { "idcar_200m": "CRS3035RES200mN2830400E4151600", "population": 82.5, "median_education": 13.463, "median_healthcare": 20.827, "median_services": 6.237, "median_commerce": 39.127, "median_entertainment": 21.358, "PC1_pos": 1.0348697418217523, "nivvie": 24885.624242424241, "rel_education": 0.62744092836836463, "rel_sante": 0.41331236328349696, "rel_services": 0.60288417922651349, "rel_commerce": 0.39289607510111585, "rel_loisirs": 0.40021076956774265, "rel_pc1": 0.47553251792767304, "q_revenu": 3, "q_population": 2 }, "geometry": { "type": "Polygon", "coordinates": [ [ [ 7.705355823461485, 48.563294097854531 ], [ 7.705273438168812, 48.565092330264484 ], [ 7.707981120818507, 48.565148263912384 ], [ 7.708063409060675, 48.56335002918798 ], [ 7.705355823461485, 48.563294097854531 ] ] ] } },
{ "type": "Feature", "properties": { "idcar_200m": "CRS3035RES200mN2830400E4151800", "population": 244.5, "median_education": 11.7335, "median_healthcare": 17.7595, "median_services": 5.206, "median_commerce": 32.525, "median_entertainment": 19.844, "PC1_pos": 0.90753031388349803, "nivvie": 24202.69693251534, "rel_education": 0.54683786177005167, "rel_sante": 0.35243774502968572, "rel_services": 0.50322511416598192, "rel_commerce": 0.32660170323980364, "rel_loisirs": 0.3718411139293139, "rel_pc1": 0.41701883610685753, "q_revenu": 3, "q_population": 3 }, "geometry": { "type": "Polygon", "coordinates": [ [ [ 7.708063409060675, 48.56335002918798 ], [ 7.707981120818507, 48.565148263912384 ], [ 7.710688808983607, 48.565204131545087 ], [ 7.710771000174497, 48.563405894508954 ], [ 7.708063409060675, 48.56335002918798 ] ] ] } },
{ "type": "Feature", "properties": { "idcar_200m": "CRS3035RES200mN2830400E4152000", "population": 503.0, "median_education": 11.313, "median_healthcare": 16.974, "median_services": 4.801, "median_commerce": 31.082, "median_entertainment": 21.005, "PC1_pos": 0.87137424483447301, "nivvie": 14509.617296222665, "rel_education": 0.52724052756676143, "rel_sante": 0.33684947685091843, "rel_services": 0.46407679083958497, "rel_commerce": 0.31211173374633588, "rel_loisirs": 0.39359618010911296, "rel_pc1": 0.40040477748825015, "q_revenu": 1, "q_population": 5 }, "geometry": { "type": "Polygon", "coordinates": [ [ [ 7.710771000174497, 48.563405894508954 ], [ 7.710688808983607, 48.565204131545087 ], [ 7.713396502657613, 48.565259933162366 ], [ 7.713478596796464, 48.56346169381721 ], [ 7.710771000174497, 48.563405894508954 ] ] ] } },
{ "type": "Feature", "properties": { "idcar_200m": "CRS3035RES200mN2830400E4152400", "population": 488.0, "median_education": 10.938, "median_healthcare": 17.6585, "median_services": 4.4805, "median_commerce": 35.4825, "median_entertainment": 24.482, "PC1_pos": 0.90762347880817784, "nivvie": 14548.022336065575, "rel_education": 0.5097637134734585, "rel_sante": 0.35043339737079904, "rel_services": 0.43309645102202882, "rel_commerce": 0.35629961368812701, "rel_loisirs": 0.45874894936592731, "rel_pc1": 0.41706164627844255, "q_revenu": 1, "q_population": 5 }, "geometry": { "type": "Polygon", "coordinates": [ [ [ 7.716186198920084, 48.563517427112565 ], [ 7.716104201834039, 48.565315668764015 ], [ 7.718811906506397, 48.565371338349777 ], [ 7.718893806538869, 48.563573094394791 ], [ 7.716186198920084, 48.563517427112565 ] ] ] } },
{ "type": "Feature", "properties": { "idcar_200m": "CRS3035RES200mN2830400E4152600", "population": 260.5, "median_education": 12.394, "median_healthcare": 19.153, "median_services": 5.065, "median_commerce": 39.598, "median_entertainment": 27.697, "PC1_pos": 1.0137821307709003, "nivvie": 14983.547024952015, "rel_education": 0.57762035699305592, "rel_sante": 0.38009178921442444, "rel_services": 0.48959569789679191, "rel_commerce": 0.39762564934326644, "rel_loisirs": 0.51899230661661988, "rel_pc1": 0.4658425594963459, "q_revenu": 1, "q_population": 4 }, "geometry": { "type": "Polygon", "coordinates": [ [ [ 7.718893806538869, 48.563573094394791 ], [ 7.718811906506397, 48.565371338349777 ], [ 7.721519616668195, 48.56542694191949 ], [ 7.721601419646336, 48.563628695663674 ], [ 7.718893806538869, 48.563573094394791 ] ] ] } },
{ "type": "Feature", "properties": { "idcar_200m": "CRS3035RES200mN2830400E4152800", "population": 79.0, "median_education": 13.544, "median_healthcare": 21.601, "median_services": 5.77, "median_commerce": 45.147, "median_entertainment": 30.414, "PC1_pos": 1.1454194330966165, "nivvie": 31784.902531645566, "rel_education": 0.63121592021251804, "rel_sante": 0.4286724136595198, "rel_services": 0.55774277924274207, "rel_commerce": 0.45334625968231856, "rel_loisirs": 0.5699040334129285, "rel_pc1": 0.52633115559536692, "q_revenu": 5, "q_population": 2 }, "geometry": { "type": "Polygon", "coordinates": [ [ [ 7.721601419646336, 48.563628695663674 ], [ 7.721519616668195, 48.56542694191949 ], [ 7.724227332312941, 48.565482479472912 ], [ 7.724309038235986, 48.563684230918973 ], [ 7.721601419646336, 48.563628695663674 ] ] ] } },
{ "type": "Feature", "properties": { "idcar_200m": "CRS3035RES200mN2830400E4153000", "population": 180.5, "median_education": 14.384, "median_healthcare": 22.939, "median_services": 6.123, "median_commerce": 48.828, "median_entertainment": 32.164, "PC1_pos": 1.2133768418804551, "nivvie": 24166.260941828252, "rel_education": 0.67036398378151651, "rel_sante": 0.45522505888318709, "rel_services": 0.59186465117908327, "rel_commerce": 0.49030923799517689, "rel_loisirs": 0.60269590749961965, "rel_pc1": 0.55755823317319908, "q_revenu": 3, "q_population": 3 }, "geometry": { "type": "Polygon", "coordinates": [ [ [ 7.724309038235986, 48.563684230918973 ], [ 7.724227332312941, 48.565482479472912 ], [ 7.726935053434151, 48.565537951009823 ], [ 7.727016662301335, 48.563739700160482 ], [ 7.724309038235986, 48.563684230918973 ] ] ] } },
{ "type": "Feature", "properties": { "idcar_200m": "CRS3035RES200mN2830400E4153200", "population": 376.5, "median_education": 14.048, "median_healthcare": 22.884, "median_services": 5.995, "median_commerce": 49.398, "median_entertainment": 31.781, "PC1_pos": 1.2021198829284683, "nivvie": 16777.754581673307, "rel_education": 0.65470475835391717, "rel_sante": 0.45413358243527852, "rel_services": 0.57949184775740714, "rel_commerce": 0.49603292656848019, "rel_loisirs": 0.59551917162807511, "rel_pc1": 0.5523855531553028, "q_revenu": 1, "q_population": 4 }, "geometry": { "type": "Polygon", "coordinates": [ [ [ 7.727016662301335, 48.563739700160482 ], [ 7.726935053434151, 48.565537951009823 ], [ 7.729642780025326, 48.565593356530016 ], [ 7.729724291835895, 48.563795103388046 ], [ 7.727016662301335, 48.563739700160482 ] ] ] } },
{ "type": "Feature", "properties": { "idcar_200m": "CRS3035RES200mN2830400E4155000", "population": 384.5, "median_education": 30.245, "median_healthcare": 82.167, "median_services": 18.852, "median_commerce": 158.774, "median_entertainment": 82.355, "PC1_pos": 3.4987905381804443, "nivvie": 25346.313133940184, "rel_education": 1.4095633126718554, "rel_sante": 1.6306062780964661, "rel_services": 1.8222819539487305, "rel_commerce": 1.594338472873069, "rel_loisirs": 1.5431855945196857, "rel_pc1": 1.6077276270476162, "q_revenu": 3, "q_population": 4 }, "geometry": { "type": "Polygon", "coordinates": [ [ [ 7.751385524225142, 48.564235952678757 ], [ 7.751304788894779, 48.566034224063884 ], [ 7.754012564423603, 48.566089035423957 ], [ 7.754093202690544, 48.564290761770664 ], [ 7.751385524225142, 48.564235952678757 ] ] ] } },
{ "type": "Feature", "properties": { "idcar_200m": "CRS3035RES200mN2830400E4155200", "population": 530.0, "median_education": 32.279, "median_healthcare": 88.438, "median_services": 20.8685, "median_commerce": 163.7575, "median_entertainment": 87.2875, "PC1_pos": 3.7567723804410411, "nivvie": 29435.824905660374, "rel_education": 1.5043575523139299, "rel_sante": 1.7550544381843713, "rel_services": 2.0172019391034945, "rel_commerce": 1.6443805816538701, "rel_loisirs": 1.635611833909745, "rel_pc1": 1.7262727444397254, "q_revenu": 4, "q_population": 5 }, "geometry": { "type": "Polygon", "coordinates": [ [ [ 7.754093202690544, 48.564290761770664 ], [ 7.754012564423603, 48.566089035423957 ], [ 7.756720345357488, 48.566143780765188 ], [ 7.756800886560257, 48.564345504846486 ], [ 7.754093202690544, 48.564290761770664 ] ] ] } },
{ "type": "Feature", "properties": { "idcar_200m": "CRS3035RES200mN2830400E4155400", "population": 273.5, "median_education": 35.765, "median_healthcare": 97.418, "median_services": 23.471, "median_commerce": 178.347, "median_entertainment": 94.982, "PC1_pos": 4.099977905026714, "nivvie": 27529.633638025593, "rel_education": 1.6668220161252738, "rel_sante": 1.933262774588357, "rel_services": 2.2687661649231199, "rel_commerce": 1.7908819052331821, "rel_loisirs": 1.7797930197154852, "rel_pc1": 1.8839789568038161, "q_revenu": 4, "q_population": 4 }, "geometry": { "type": "Polygon", "coordinates": [ [ [ 7.756800886560257, 48.564345504846486 ], [ 7.756720345357488, 48.566143780765188 ], [ 7.759428131689941, 48.566198460087321 ], [ 7.759508575827793, 48.564400181905938 ], [ 7.756800886560257, 48.564345504846486 ] ] ] } },
{ "type": "Feature", "properties": { "idcar_200m": "CRS3035RES200mN2830400E4155600", "population": 513.5, "median_education": 37.175, "median_healthcare": 99.6665, "median_services": 23.375, "median_commerce": 174.899, "median_entertainment": 94.7355, "PC1_pos": 4.1465270008802904, "nivvie": 24438.084518013631, "rel_education": 1.7325348371160925, "rel_sante": 1.977884316281493, "rel_services": 2.2594865623568627, "rel_commerce": 1.7562586101441477, "rel_loisirs": 1.7751740500227027, "rel_pc1": 1.9053687103775758, "q_revenu": 3, "q_population": 5 }, "geometry": { "type": "Polygon", "coordinates": [ [ [ 7.759508575827793, 48.564400181905938 ], [ 7.759428131689941, 48.566198460087321 ], [ 7.762135923414474, 48.566253073390165 ], [ 7.762216270486652, 48.564454792948879 ], [ 7.759508575827793, 48.564400181905938 ] ] ] } },
{ "type": "Feature", "properties": { "idcar_200m": "CRS3035RES200mN2830400E4155800", "population": 622.5, "median_education": 36.042, "median_healthcare": 93.619, "median_services": 21.405, "median_commerce": 156.083, "median_entertainment": 90.593, "PC1_pos": 3.8357404113863156, "nivvie": 22753.539598393574, "rel_education": 1.6797315561355268, "rel_sante": 1.8578715195773614, "rel_services": 2.0690613846951296, "rel_commerce": 1.5673166378717374, "rel_loisirs": 1.6975509995060638, "rel_pc1": 1.7625593079304036, "q_revenu": 3, "q_population": 5 }, "geometry": { "type": "Polygon", "coordinates": [ [ [ 7.762216270486652, 48.564454792948879 ], [ 7.762135923414474, 48.566253073390165 ], [ 7.764843720524595, 48.56630762067352 ], [ 7.76492397053035, 48.564509337975018 ], [ 7.762216270486652, 48.564454792948879 ] ] ] } },
{ "type": "Feature", "properties": { "idcar_200m": "CRS3035RES200mN2830400E4156000", "population": 634.0, "median_education": 35.391, "median_healthcare": 85.547, "median_services": 19.826, "median_commerce": 141.416, "median_entertainment": 87.436, "PC1_pos": 3.5841872814206033, "nivvie": 23640.983596214512, "rel_education": 1.649391806869553, "rel_sante": 1.6976824670770307, "rel_services": 1.9164312549855471, "rel_commerce": 1.4200370934776345, "rel_loisirs": 1.6383944586536732, "rel_pc1": 1.646968245160896, "q_revenu": 3, "q_population": 5 }, "geometry": { "type": "Polygon", "coordinates": [ [ [ 7.76492397053035, 48.564509337975018 ], [ 7.764843720524595, 48.56630762067352 ], [ 7.767551523013807, 48.566362101937216 ], [ 7.767631675952396, 48.564563816984162 ], [ 7.76492397053035, 48.564509337975018 ] ] ] } },
{ "type": "Feature", "properties": { "idcar_200m": "CRS3035RES200mN2830400E4156200", "population": 670.5, "median_education": 34.079, "median_healthcare": 78.596, "median_services": 18.331, "median_commerce": 125.613, "median_entertainment": 85.262, "PC1_pos": 3.3316535893984662, "nivvie": 25236.100969425799, "rel_education": 1.5882462599617839, "rel_sante": 1.5597396890877098, "rel_services": 1.7719207775214396, "rel_commerce": 1.2613503381725271, "rel_loisirs": 1.5976575819311207, "rel_pc1": 1.5309266047729382, "q_revenu": 3, "q_population": 5 }, "geometry": { "type": "Polygon", "coordinates": [ [ [ 7.767631675952396, 48.564563816984162 ], [ 7.767551523013807, 48.566362101937216 ], [ 7.770259330875626, 48.566416517180976 ], [ 7.770339386746297, 48.564618229976126 ], [ 7.767631675952396, 48.564563816984162 ] ] ] } },
{ "type": "Feature", "properties": { "idcar_200m": "CRS3035RES200mN2830400E4156400", "population": 679.0, "median_education": 31.6745, "median_healthcare": 72.7795, "median_services": 17.2075, "median_commerce": 113.8865, "median_entertainment": 83.63, "PC1_pos": 3.092018403514651, "nivvie": 22546.745655375555, "rel_education": 1.4761849279955257, "rel_sante": 1.4443110934647942, "rel_services": 1.6633204287382124, "rel_commerce": 1.1435979977254387, "rel_loisirs": 1.5670768170685605, "rel_pc1": 1.4208119509936181, "q_revenu": 2, "q_population": 5 }, "geometry": { "type": "Polygon", "coordinates": [ [ [ 7.770339386746297, 48.564618229976126 ], [ 7.770259330875626, 48.566416517180976 ], [ 7.772967144103555, 48.566470866404572 ], [ 7.773047102905563, 48.564672576950706 ], [ 7.770339386746297, 48.564618229976126 ] ] ] } },
{ "type": "Feature", "properties": { "idcar_200m": "CRS3035RES200mN2830400E4156600", "population": 146.0, "median_education": 28.616, "median_healthcare": 64.426, "median_services": 15.425, "median_commerce": 102.12, "median_entertainment": 78.209, "PC1_pos": 2.8144064591128437, "nivvie": 24085.30205479452, "rel_education": 1.3336440322505476, "rel_sante": 1.2785356660538041, "rel_services": 1.4910194748386998, "rel_commerce": 1.0254439949223286, "rel_loisirs": 1.4654969602548735, "rel_pc1": 1.2932466144172523, "q_revenu": 3, "q_population": 3 }, "geometry": { "type": "Polygon", "coordinates": [ [ [ 7.773047102905563, 48.564672576950706 ], [ 7.772967144103555, 48.566470866404572 ], [ 7.775674962691101, 48.566525149607855 ], [ 7.775754824423702, 48.564726857907644 ], [ 7.773047102905563, 48.564672576950706 ] ] ] } },
{ "type": "Feature", "properties": { "idcar_200m": "CRS3035RES200mN2830400E4156800", "population": 815.0, "median_education": 22.6705, "median_healthcare": 51.7115, "median_services": 11.742, "median_commerce": 77.869, "median_entertainment": 64.2585, "PC1_pos": 2.2399869054657504, "nivvie": 21052.603803680984, "rel_education": 1.0565549704059281, "rel_sante": 1.0262160788368251, "rel_services": 1.1350113888853171, "rel_commerce": 0.7819261500255269, "rel_loisirs": 1.2040895091426533, "rel_pc1": 1.0292953501626434, "q_revenu": 2, "q_population": 5 }, "geometry": { "type": "Polygon", "coordinates": [ [ [ 7.775754824423702, 48.564726857907644 ], [ 7.775674962691101, 48.566525149607855 ], [ 7.778382786631775, 48.566579366790592 ], [ 7.778462551294226, 48.564781072846792 ], [ 7.775754824423702, 48.564726857907644 ] ] ] } },
{ "type": "Feature", "properties": { "idcar_200m": "CRS3035RES200mN2830400E4157000", "population": 510.0, "median_education": 21.166, "median_healthcare": 48.128, "median_services": 10.725, "median_commerce": 70.423, "median_entertainment": 60.394, "PC1_pos": 2.0845020688665032, "nivvie": 18804.191960784316, "rel_education": 0.98643799226359696, "rel_sante": 0.95510142699899858, "rel_services": 1.036705599199031, "rel_commerce": 0.70715670245216566, "rel_loisirs": 1.1316756820523575, "rel_pc1": 0.95784858458473154, "q_revenu": 1, "q_population": 5 }, "geometry": { "type": "Polygon", "coordinates": [ [ [ 7.778462551294226, 48.564781072846792 ], [ 7.778382786631775, 48.566579366790592 ], [ 7.781090615919084, 48.566633517952575 ], [ 7.781170283510641, 48.564835221767893 ], [ 7.778462551294226, 48.564781072846792 ] ] ] } },
{ "type": "Feature", "properties": { "idcar_200m": "CRS3035RES200mN2830400E4157600", "population": 9.0, "median_education": 8.6135, "median_healthcare": 23.159, "median_services": 4.585, "median_commerce": 28.299, "median_entertainment": 35.505, "PC1_pos": 0.94908476650828444, "nivvie": 24434.666666666668, "rel_education": 0.40143076851377174, "rel_sante": 0.45959096467482147, "rel_services": 0.44319768506550655, "rel_commerce": 0.28416607532615529, "rel_loisirs": 0.66530027968455385, "rel_pc1": 0.43611350347338534, "q_revenu": 3, "q_population": 1 }, "geometry": { "type": "Polygon", "coordinates": [ [ [ 7.786585763955177, 48.564943321555162 ], [ 7.786506290507638, 48.566741622213385 ], [ 7.789214135795898, 48.566795575311822 ], [ 7.789293512170318, 48.564997272420939 ], [ 7.786585763955177, 48.564943321555162 ] ] ] } },
{ "type": "Feature", "properties": { "idcar_200m": "CRS3035RES200mN2830600E4151200", "population": 115.0, "median_education": 7.7495, "median_healthcare": 11.469, "median_services": 3.596, "median_commerce": 23.711, "median_entertainment": 11.2195, "PC1_pos": 0.59414471906447797, "nivvie": 28408.768695652172, "rel_education": 0.36116418884280183, "rel_sante": 0.22760260692843076, "rel_services": 0.34759844612771246, "rel_commerce": 0.23809540309051444, "rel_loisirs": 0.21023338932321795, "rel_pc1": 0.27301516592107056, "q_revenu": 4, "q_population": 2 }, "geometry": { "type": "Polygon", "coordinates": [ [ [ 7.699858089441572, 48.564980264923868 ], [ 7.699775502537486, 48.566778491259306 ], [ 7.702483271194698, 48.566834559257124 ], [ 7.702565761041, 48.565036330601551 ], [ 7.699858089441572, 48.564980264923868 ] ] ] } },
{ "type": "Feature", "properties": { "idcar_200m": "CRS3035RES200mN2830600E4151400", "population": 114.0, "median_education": 9.176, "median_healthcare": 14.235, "median_services": 4.34, "median_commerce": 27.744, "median_entertainment": 13.561, "PC1_pos": 0.77865740428377106, "nivvie": 24969.969298245614, "rel_education": 0.42764598965372602, "rel_sante": 0.28249394974507031, "rel_services": 0.41951536601620465, "rel_commerce": 0.27859301013636001, "rel_loisirs": 0.25410891685121068, "rel_pc1": 0.35780050483480541, "q_revenu": 3, "q_population": 2 }, "geometry": { "type": "Polygon", "coordinates": [ [ [ 7.702565761041, 48.565036330601551 ], [ 7.702483271194698, 48.566834559257124 ], [ 7.70519104538106, 48.566890561237422 ], [ 7.705273438168812, 48.565092330264484 ], [ 7.702565761041, 48.565036330601551 ] ] ] } },
{ "type": "Feature", "properties": { "idcar_200m": "CRS3035RES200mN2830600E4151600", "population": 152.0, "median_education": 14.506, "median_healthcare": 23.0095, "median_services": 6.9685, "median_commerce": 41.5905, "median_entertainment": 22.1775, "PC1_pos": 1.1327813398060522, "nivvie": 21590.001973684208, "rel_education": 0.67604977396653776, "rel_sante": 0.45662413323914275, "rel_services": 0.67359281753085776, "rel_commerce": 0.41763345545257646, "rel_loisirs": 0.41556673574719599, "rel_pc1": 0.52052383117433654, "q_revenu": 2, "q_population": 3 }, "geometry": { "type": "Polygon", "coordinates": [ [ [ 7.705273438168812, 48.565092330264484 ], [ 7.70519104538106, 48.566890561237422 ], [ 7.707898825090075, 48.566946497200036 ], [ 7.707981120818507, 48.565148263912384 ], [ 7.705273438168812, 48.565092330264484 ] ] ] } },
{ "type": "Feature", "properties": { "idcar_200m": "CRS3035RES200mN2830600E4151800", "population": 318.0, "median_education": 15.6055, "median_healthcare": 24.404, "median_services": 7.768, "median_commerce": 45.427, "median_entertainment": 25.3125, "PC1_pos": 1.1959568513677434, "nivvie": 18449.013522012578, "rel_education": 0.72729179288810175, "rel_sante": 0.48429802245020698, "rel_services": 0.75087450765296737, "rel_commerce": 0.4561578961744675, "rel_loisirs": 0.47431103589678275, "rel_pc1": 0.54955358136436028, "q_revenu": 1, "q_population": 4 }, "geometry": { "type": "Polygon", "coordinates": [ [ [ 7.707981120818507, 48.565148263912384 ], [ 7.707898825090075, 48.566946497200036 ], [ 7.710606610315259, 48.567002367144703 ], [ 7.710688808983607, 48.565204131545087 ], [ 7.707981120818507, 48.565148263912384 ] ] ] } },
{ "type": "Feature", "properties": { "idcar_200m": "CRS3035RES200mN2830600E4152000", "population": 441.5, "median_education": 12.453, "median_healthcare": 18.919, "median_services": 5.711, "median_commerce": 34.793, "median_entertainment": 22.825, "PC1_pos": 0.99489057339293252, "nivvie": 14622.40113250283, "rel_education": 0.58037004241040213, "rel_sante": 0.37544805305423151, "rel_services": 0.55203969016556342, "rel_commerce": 0.34937595882621014, "rel_loisirs": 0.42769972915927174, "rel_pc1": 0.45716170867573364, "q_revenu": 1, "q_population": 4 }, "geometry": { "type": "Polygon", "coordinates": [ [ [ 7.710688808983607, 48.565204131545087 ], [ 7.710606610315259, 48.567002367144703 ], [ 7.713314401050122, 48.56705817107121 ], [ 7.713396502657613, 48.565259933162366 ], [ 7.710688808983607, 48.565204131545087 ] ] ] } },
{ "type": "Feature", "properties": { "idcar_200m": "CRS3035RES200mN2830600E4152400", "population": 145.5, "median_education": 10.981, "median_healthcare": 18.058, "median_services": 4.621, "median_commerce": 36.06, "median_entertainment": 24.976, "PC1_pos": 0.89244382791697996, "nivvie": 14169.202061855669, "rel_education": 0.51176772148949057, "rel_sante": 0.3583614853878806, "rel_services": 0.44667753602785298, "rel_commerce": 0.36209861395318421, "rel_loisirs": 0.46800562696525611, "rel_pc1": 0.41008645189615506, "q_revenu": 1, "q_population": 3 }, "geometry": { "type": "Polygon", "coordinates": [ [ [ 7.716104201834039, 48.565315668764015 ], [ 7.716022197288164, 48.567113908979358 ], [ 7.718729999022901, 48.567169580868935 ], [ 7.718811906506397, 48.565371338349777 ], [ 7.716104201834039, 48.565315668764015 ] ] ] } },
{ "type": "Feature", "properties": { "idcar_200m": "CRS3035RES200mN2830600E4152600", "population": 1173.0, "median_education": 13.497, "median_healthcare": 22.33, "median_services": 5.828, "median_commerce": 46.724, "median_entertainment": 31.733, "PC1_pos": 1.1535583137780072, "nivvie": 13480.390707587383, "rel_education": 0.62902549284615739, "rel_sante": 0.44313943785089005, "rel_services": 0.56334920579318915, "rel_commerce": 0.4691817980684575, "rel_loisirs": 0.59461973736741169, "rel_pc1": 0.53007104890476209, "q_revenu": 1, "q_population": 5 }, "geometry": { "type": "Polygon", "coordinates": [ [ [ 7.718811906506397, 48.565371338349777 ], [ 7.718729999022901, 48.567169580868935 ], [ 7.721437806247842, 48.56722518673967 ], [ 7.721519616668195, 48.56542694191949 ], [ 7.718811906506397, 48.565371338349777 ] ] ] } },
{ "type": "Feature", "properties": { "idcar_200m": "CRS3035RES200mN2830600E4152800", "population": 923.5, "median_education": 14.085, "median_healthcare": 22.991, "median_services": 6.138, "median_commerce": 48.955, "median_entertainment": 32.56, "PC1_pos": 1.2165392432129671, "nivvie": 14378.191337303735, "rel_education": 0.6564291373444564, "rel_sante": 0.45625700025211885, "rel_services": 0.59331458908006085, "rel_commerce": 0.49158451597554442, "rel_loisirs": 0.61011624015009369, "rel_pc1": 0.55901138675144546, "q_revenu": 1, "q_population": 5 }, "geometry": { "type": "Polygon", "coordinates": [ [ [ 7.721519616668195, 48.56542694191949 ], [ 7.721437806247842, 48.56722518673967 ], [ 7.724145618956497, 48.567280726591413 ], [ 7.724227332312941, 48.565482479472912 ], [ 7.721519616668195, 48.56542694191949 ] ] ] } },
{ "type": "Feature", "properties": { "idcar_200m": "CRS3035RES200mN2830600E4153000", "population": 350.0, "median_education": 16.006, "median_healthcare": 26.589, "median_services": 7.159, "median_commerce": 57.246, "median_entertainment": 36.634, "PC1_pos": 1.4167807884977233, "nivvie": 14199.688, "rel_education": 0.74595703033974925, "rel_sante": 0.52765940497166663, "rel_services": 0.69200702887327403, "rel_commerce": 0.57483908081985535, "rel_loisirs": 0.68645572302391067, "rel_pc1": 0.65102428690191616, "q_revenu": 1, "q_population": 4 }, "geometry": { "type": "Polygon", "coordinates": [ [ [ 7.724227332312941, 48.565482479472912 ], [ 7.724145618956497, 48.567280726591413 ], [ 7.726853437142374, 48.567336200423924 ], [ 7.726935053434151, 48.565537951009823 ], [ 7.724227332312941, 48.565482479472912 ] ] ] } },
{ "type": "Feature", "properties": { "idcar_200m": "CRS3035RES200mN2830600E4153200", "population": 145.0, "median_education": 15.549, "median_healthcare": 27.323, "median_services": 7.0305, "median_commerce": 59.105, "median_entertainment": 36.542, "PC1_pos": 1.4111443518952058, "nivvie": 19273.403448275862, "rel_education": 0.72465861956471078, "rel_sante": 0.54222565429466507, "rel_services": 0.67958589418823201, "rel_commerce": 0.59350633881594439, "rel_loisirs": 0.68473180735763894, "rel_pc1": 0.64843429051742774, "q_revenu": 2, "q_population": 3 }, "geometry": { "type": "Polygon", "coordinates": [ [ [ 7.726935053434151, 48.565537951009823 ], [ 7.726853437142374, 48.567336200423924 ], [ 7.729561260798977, 48.567391608236996 ], [ 7.729642780025326, 48.565593356530016 ], [ 7.726935053434151, 48.565537951009823 ] ] ] } },
{ "type": "Feature", "properties": { "idcar_200m": "CRS3035RES200mN2830600E4153400", "population": 10.0, "median_education": 12.727, "median_healthcare": 22.419, "median_services": 5.834, "median_commerce": 48.958, "median_entertainment": 30.289, "PC1_pos": 1.1651458654052695, "nivvie": 24898.87, "rel_education": 0.59313976790790879, "rel_sante": 0.44490564519386949, "rel_services": 0.56392918095358013, "rel_commerce": 0.49161464065224603, "rel_loisirs": 0.56756175669245046, "rel_pc1": 0.5353956394104511, "q_revenu": 3, "q_population": 1 }, "geometry": { "type": "Polygon", "coordinates": [ [ [ 7.729642780025326, 48.565593356530016 ], [ 7.729561260798977, 48.567391608236996 ], [ 7.732269089919827, 48.56744695003043 ], [ 7.732350512079981, 48.565648696033271 ], [ 7.729642780025326, 48.565593356530016 ] ] ] } },
{ "type": "Feature", "properties": { "idcar_200m": "CRS3035RES200mN2830600E4153800", "population": 2.0, "median_education": 15.0645, "median_healthcare": 36.003, "median_services": 8.082, "median_commerce": 95.2345, "median_entertainment": 40.6495, "PC1_pos": 1.7518592000397855, "nivvie": 24898.85, "rel_education": 0.70207857575616339, "rel_sante": 0.7144804828009671, "rel_services": 0.78122654104676648, "rel_commerce": 0.95630284111271546, "rel_loisirs": 0.76169902039254411, "rel_pc1": 0.80499601329842241, "q_revenu": 3, "q_population": 1 }, "geometry": { "type": "Polygon", "coordinates": [ [ [ 7.735058249591629, 48.565703969519383 ], [ 7.734976924498416, 48.567502225803949 ], [ 7.737684764528264, 48.567557435557369 ], [ 7.737765992553769, 48.565759176988138 ], [ 7.735058249591629, 48.565703969519383 ] ] ] } },
{ "type": "Feature", "properties": { "idcar_200m": "CRS3035RES200mN2830600E4154000", "population": 30.0, "median_education": 15.7115, "median_healthcare": 38.465, "median_services": 7.8755, "median_commerce": 84.346, "median_entertainment": 40.0795, "PC1_pos": 1.7343241485750978, "nivvie": 25193.866666666665, "rel_education": 0.73223190567180874, "rel_sante": 0.76333893761462113, "rel_services": 0.7612657292766406, "rel_commerce": 0.84696532702427274, "rel_loisirs": 0.75101823854716465, "rel_pc1": 0.79693848988459115, "q_revenu": 3, "q_population": 2 }, "geometry": { "type": "Polygon", "coordinates": [ [ [ 7.737765992553769, 48.565759176988138 ], [ 7.737684764528264, 48.567557435557369 ], [ 7.740392610002879, 48.567612579290525 ], [ 7.740473740959918, 48.565814318439287 ], [ 7.737765992553769, 48.565759176988138 ] ] ] } },
{ "type": "Feature", "properties": { "idcar_200m": "CRS3035RES200mN2830600E4154800", "population": 144.0, "median_education": 23.388, "median_healthcare": 62.528, "median_services": 14.297, "median_commerce": 121.281, "median_entertainment": 63.773, "PC1_pos": 2.7705368094976728, "nivvie": 22489.264583333334, "rel_education": 1.0899939413711144, "rel_sante": 1.2408698060877947, "rel_services": 1.3819841446851793, "rel_commerce": 1.2178503050154226, "rel_loisirs": 1.1949921063603171, "rel_pc1": 1.2730880919491172, "q_revenu": 2, "q_population": 3 }, "geometry": { "type": "Polygon", "coordinates": [ [ [ 7.748597018777506, 48.565979346685168 ], [ 7.748516179030384, 48.567777614365973 ], [ 7.751224046219136, 48.567832494015754 ], [ 7.751304788894779, 48.566034224063884 ], [ 7.748597018777506, 48.565979346685168 ] ] ] } },
{ "type": "Feature", "properties": { "idcar_200m": "CRS3035RES200mN2830600E4155000", "population": 628.5, "median_education": 30.676, "median_healthcare": 82.961, "median_services": 19.849, "median_commerce": 181.718, "median_entertainment": 86.436, "PC1_pos": 3.7462510248998133, "nivvie": 25522.463007159906, "rel_education": 1.4296499976697581, "rel_sante": 1.6463632289990011, "rel_services": 1.9186544931003795, "rel_commerce": 1.8247320002868754, "rel_loisirs": 1.6196562448898495, "rel_pc1": 1.72143808120595, "q_revenu": 3, "q_population": 5 }, "geometry": { "type": "Polygon", "coordinates": [ [ [ 7.751304788894779, 48.566034224063884 ], [ 7.751224046219136, 48.567832494015754 ], [ 7.753931918820196, 48.567887307644177 ], [ 7.754012564423603, 48.566089035423957 ], [ 7.751304788894779, 48.566034224063884 ] ] ] } },
{ "type": "Feature", "properties": { "idcar_200m": "CRS3035RES200mN2830600E4155200", "population": 552.0, "median_education": 33.3665, "median_healthcare": 90.3195, "median_services": 22.083, "median_commerce": 185.5375, "median_entertainment": 92.4005, "PC1_pos": 3.9888789642836668, "nivvie": 26036.662318840579, "rel_education": 1.5550403131845085, "rel_sante": 1.7923928552160084, "rel_services": 2.1345985778193195, "rel_commerce": 1.8630857345074576, "rel_loisirs": 1.7314203208841747, "rel_pc1": 1.8329279337662343, "q_revenu": 4, "q_population": 5 }, "geometry": { "type": "Polygon", "coordinates": [ [ [ 7.754012564423603, 48.566089035423957 ], [ 7.753931918820196, 48.567887307644177 ], [ 7.756639796827065, 48.567942055250995 ], [ 7.756720345357488, 48.566143780765188 ], [ 7.754012564423603, 48.566089035423957 ] ] ] } },
{ "type": "Feature", "properties": { "idcar_200m": "CRS3035RES200mN2830600E4155400", "population": 686.0, "median_education": 36.3015, "median_healthcare": 101.68, "median_services": 26.1265, "median_commerce": 200.194, "median_entertainment": 100.7925, "PC1_pos": 4.4218677420060946, "nivvie": 24276.806705539359, "rel_education": 1.6918255114880927, "rel_sante": 2.0178422767881106, "rel_services": 2.5254535046595326, "rel_commerce": 2.0102598425331051, "rel_loisirs": 1.8886714107901819, "rel_pc1": 2.031890407383746, "q_revenu": 3, "q_population": 5 }, "geometry": { "type": "Polygon", "coordinates": [ [ [ 7.756720345357488, 48.566143780765188 ], [ 7.756639796827065, 48.567942055250995 ], [ 7.759347680233255, 48.567996736836029 ], [ 7.759428131689941, 48.566198460087321 ], [ 7.756720345357488, 48.566143780765188 ] ] ] } },
{ "type": "Feature", "properties": { "idcar_200m": "CRS3035RES200mN2830600E4155600", "population": 554.0, "median_education": 35.863, "median_healthcare": 99.3125, "median_services": 24.5355, "median_commerce": 187.941, "median_entertainment": 98.453, "PC1_pos": 4.2482095615474904, "nivvie": 26836.885379061372, "rel_education": 1.6713892902083236, "rel_sante": 1.9708591769622268, "rel_services": 2.3716634246291681, "rel_commerce": 1.8872206213248861, "rel_loisirs": 1.8448333596897166, "rel_pc1": 1.9520928169480196, "q_revenu": 4, "q_population": 5 }, "geometry": { "type": "Polygon", "coordinates": [ [ [ 7.759428131689941, 48.566198460087321 ], [ 7.759347680233255, 48.567996736836029 ], [ 7.762055569032275, 48.568051352399067 ], [ 7.762135923414474, 48.566253073390165 ], [ 7.759428131689941, 48.566198460087321 ] ] ] } },
{ "type": "Feature", "properties": { "idcar_200m": "CRS3035RES200mN2830600E4155800", "population": 933.0, "median_education": 35.315, "median_healthcare": 90.878, "median_services": 21.92, "median_commerce": 168.649, "median_entertainment": 93.67, "PC1_pos": 3.920066067153039, "nivvie": 18756.589817792068, "rel_education": 1.6458498392133101, "rel_sante": 1.803476302418862, "rel_services": 2.1188425859620295, "rel_commerce": 1.6934988670158226, "rel_loisirs": 1.7552084832573489, "rel_pc1": 1.8013077511326003, "q_revenu": 1, "q_population": 5 }, "geometry": { "type": "Polygon", "coordinates": [ [ [ 7.762135923414474, 48.566253073390165 ], [ 7.762055569032275, 48.568051352399067 ], [ 7.764763463217632, 48.568105901939866 ], [ 7.764843720524595, 48.56630762067352 ], [ 7.762135923414474, 48.566253073390165 ] ] ] } },
{ "type": "Feature", "properties": { "idcar_200m": "CRS3035RES200mN2830600E4156000", "population": 754.5, "median_education": 35.65, "median_healthcare": 85.078, "median_services": 20.714, "median_commerce": 156.893, "median_entertainment": 93.598, "PC1_pos": 3.7778185384882801, "nivvie": 22210.225314777999, "rel_education": 1.6614624598033274, "rel_sante": 1.6883751497303192, "rel_services": 2.0022675787234245, "rel_commerce": 1.5754503005811684, "rel_loisirs": 1.7538593318663533, "rel_pc1": 1.7359436548204747, "q_revenu": 2, "q_population": 5 }, "geometry": { "type": "Polygon", "coordinates": [ [ [ 7.764843720524595, 48.56630762067352 ], [ 7.764763463217632, 48.568105901939866 ], [ 7.767471362782826, 48.568160385458242 ], [ 7.767551523013807, 48.566362101937216 ], [ 7.764843720524595, 48.56630762067352 ] ] ] } },
{ "type": "Feature", "properties": { "idcar_200m": "CRS3035RES200mN2830600E4156200", "population": 495.0, "median_education": 34.838, "median_healthcare": 80.927, "median_services": 19.861, "median_commerce": 143.921, "median_entertainment": 93.1665, "PC1_pos": 3.5989290346163001, "nivvie": 24497.972121212119, "rel_education": 1.623619331686629, "rel_sante": 1.6059984454527085, "rel_services": 1.9198144434211613, "rel_commerce": 1.4451911985234671, "rel_loisirs": 1.7457737926272638, "rel_pc1": 1.6537422213750208, "q_revenu": 3, "q_population": 5 }, "geometry": { "type": "Polygon", "coordinates": [ [ [ 7.767551523013807, 48.566362101937216 ], [ 7.767471362782826, 48.568160385458242 ], [ 7.770179267721373, 48.568214802953982 ], [ 7.770259330875626, 48.566416517180976 ], [ 7.767551523013807, 48.566362101937216 ] ] ] } },
{ "type": "Feature", "properties": { "idcar_200m": "CRS3035RES200mN2830600E4156400", "population": 552.0, "median_education": 32.361, "median_healthcare": 74.3495, "median_services": 18.7805, "median_commerce": 125.2805, "median_entertainment": 89.0115, "PC1_pos": 3.3314798925144444, "nivvie": 24063.546557971014, "rel_education": 1.508179148995666, "rel_sante": 1.4754677847960034, "rel_services": 1.8153705832874036, "rel_commerce": 1.2580115198381003, "rel_loisirs": 1.6679165144385768, "rel_pc1": 1.5308467893978461, "q_revenu": 3, "q_population": 5 }, "geometry": { "type": "Polygon", "coordinates": [ [ [ 7.770259330875626, 48.566416517180976 ], [ 7.770179267721373, 48.568214802953982 ], [ 7.772887178026778, 48.568269154426844 ], [ 7.772967144103555, 48.566470866404572 ], [ 7.770259330875626, 48.566416517180976 ] ] ] } },
{ "type": "Feature", "properties": { "idcar_200m": "CRS3035RES200mN2830600E4156600", "population": 1507.0, "median_education": 30.3825, "median_healthcare": 69.6015, "median_services": 17.5735, "median_commerce": 116.8555, "median_entertainment": 87.92, "PC1_pos": 3.0971015099399826, "nivvie": 16628.616589250167, "rel_education": 1.4159714778393997, "rel_sante": 1.381243599802003, "rel_services": 1.6986989135220678, "rel_commerce": 1.1734113861011182, "rel_loisirs": 1.6474637541153636, "rel_pc1": 1.4231476868835062, "q_revenu": 1, "q_population": 5 }, "geometry": { "type": "Polygon", "coordinates": [ [ [ 7.772967144103555, 48.566470866404572 ], [ 7.772887178026778, 48.568269154426844 ], [ 7.775595093692548, 48.568323439876686 ], [ 7.775674962691101, 48.566525149607855 ], [ 7.772967144103555, 48.566470866404572 ] ] ] } },
{ "type": "Feature", "properties": { "idcar_200m": "CRS3035RES200mN2830600E4156800", "population": 212.0, "median_education": 26.61, "median_healthcare": 58.511, "median_services": 14.314, "median_commerce": 95.436, "median_entertainment": 76.143, "PC1_pos": 2.6538294045847688, "nivvie": 20822.439622641512, "rel_education": 1.2401547280607725, "rel_sante": 1.1611523353378159, "rel_services": 1.3836274076396207, "rel_commerce": 0.95832621523117278, "rel_loisirs": 1.426783810618814, "rel_pc1": 1.2194599261266821, "q_revenu": 2, "q_population": 3 }, "geometry": { "type": "Polygon", "coordinates": [ [ [ 7.775674962691101, 48.566525149607855 ], [ 7.775595093692548, 48.568323439876686 ], [ 7.778303014712187, 48.568377659303216 ], [ 7.778382786631775, 48.566579366790592 ], [ 7.775674962691101, 48.566525149607855 ] ] ] } },
{ "type": "Feature", "properties": { "idcar_200m": "CRS3035RES200mN2830600E4157000", "population": 498.5, "median_education": 22.436, "median_healthcare": 47.127, "median_services": 11.148, "median_commerce": 74.539, "median_entertainment": 63.866, "PC1_pos": 2.1573940860504175, "nivvie": 23713.658776328986, "rel_education": 1.045626135992916, "rel_sante": 0.93523655564706221, "rel_services": 1.0775938480066012, "rel_commerce": 0.74848775888675534, "rel_loisirs": 1.1967347602403526, "rel_pc1": 0.99134316179333293, "q_revenu": 3, "q_population": 5 }, "geometry": { "type": "Polygon", "coordinates": [ [ [ 7.778382786631775, 48.566579366790592 ], [ 7.778303014712187, 48.568377659303216 ], [ 7.781010941079204, 48.568431812706272 ], [ 7.781090615919084, 48.566633517952575 ], [ 7.778382786631775, 48.566579366790592 ] ] ] } },
{ "type": "Feature", "properties": { "idcar_200m": "CRS3035RES200mN2830600E4157200", "population": 10.5, "median_education": 16.782, "median_healthcare": 36.675, "median_services": 9.082, "median_commerce": 60.766, "median_entertainment": 54.157, "PC1_pos": 1.6962617948641114, "nivvie": 24434.666666666668, "rel_education": 0.78212238430349068, "rel_sante": 0.72781634049177757, "rel_services": 0.87788906777861087, "rel_commerce": 0.61018536814972801, "rel_loisirs": 1.01480544280739, "rel_pc1": 0.77944847527987715, "q_revenu": 3, "q_population": 1 }, "geometry": { "type": "Polygon", "coordinates": [ [ [ 7.781090615919084, 48.566633517952575 ], [ 7.781010941079204, 48.568431812706272 ], [ 7.783718872787107, 48.568485900085619 ], [ 7.783798450546538, 48.566687603093548 ], [ 7.781090615919084, 48.566633517952575 ] ] ] } },
{ "type": "Feature", "properties": { "idcar_200m": "CRS3035RES200mN2830600E4157600", "population": 9.0, "median_education": 10.052, "median_healthcare": 26.498, "median_services": 5.3275, "median_commerce": 33.111, "median_entertainment": 40.643, "PC1_pos": 1.1174878191392572, "nivvie": 24434.666666666668, "rel_education": 0.46847182737568155, "rel_sante": 0.52585350757603599, "rel_services": 0.51496961116390105, "rel_commerce": 0.33248605675551535, "rel_loisirs": 0.7615772220030792, "rel_pc1": 0.51349631254396522, "q_revenu": 3, "q_population": 1 }, "geometry": { "type": "Polygon", "coordinates": [ [ [ 7.786506290507638, 48.566741622213385 ], [ 7.786426809829401, 48.568539921441086 ], [ 7.789134752199598, 48.568593876772425 ], [ 7.789214135795898, 48.566795575311822 ], [ 7.786506290507638, 48.566741622213385 ] ] ] } },
{ "type": "Feature", "properties": { "idcar_200m": "CRS3035RES200mN2830800E4151200", "population": 198.0, "median_education": 6.912, "median_healthcare": 10.3175, "median_services": 3.158, "median_commerce": 20.292, "median_entertainment": 10.057, "PC1_pos": 0.52955973125995759, "nivvie": 27114.917676767676, "rel_education": 0.32213263736775882, "rel_sante": 0.20475105911448985, "rel_services": 0.30526025941916457, "rel_commerce": 0.20376331320959551, "rel_loisirs": 0.18845021582277308, "rel_pc1": 0.24333774795255722, "q_revenu": 4, "q_population": 3 }, "geometry": { "type": "Polygon", "coordinates": [ [ [ 7.699775502537486, 48.566778491259306 ], [ 7.699692908119722, 48.5685767161578 ], [ 7.702400773843531, 48.568632786475938 ], [ 7.702483271194698, 48.566834559257124 ], [ 7.699775502537486, 48.566778491259306 ] ] ] } },
{ "type": "Feature", "properties": { "idcar_200m": "CRS3035RES200mN2830800E4151400", "population": 123.5, "median_education": 7.3885, "median_healthcare": 11.359, "median_services": 3.4385, "median_commerce": 21.343, "median_entertainment": 10.982, "PC1_pos": 0.60650636558723203, "nivvie": 27955.123886639674, "rel_education": 0.34433984247564897, "rel_sante": 0.22541965403261355, "rel_services": 0.33237409816744701, "rel_commerce": 0.21431699161405465, "rel_loisirs": 0.20578306355430984, "rel_pc1": 0.27869546041528293, "q_revenu": 4, "q_population": 2 }, "geometry": { "type": "Polygon", "coordinates": [ [ [ 7.702483271194698, 48.566834559257124 ], [ 7.702400773843531, 48.568632786475938 ], [ 7.705108645097255, 48.568688790773891 ], [ 7.70519104538106, 48.566890561237422 ], [ 7.702483271194698, 48.566834559257124 ] ] ] } },
{ "type": "Feature", "properties": { "idcar_200m": "CRS3035RES200mN2830800E4151600", "population": 31.0, "median_education": 14.379, "median_healthcare": 22.389, "median_services": 7.0985, "median_commerce": 42.01, "median_entertainment": 22.889, "PC1_pos": 1.0908405490359232, "nivvie": 28408.038709677418, "rel_education": 0.6701309595936058, "rel_sante": 0.44431029440410114, "rel_services": 0.68615894600599736, "rel_commerce": 0.42184588941134965, "rel_loisirs": 0.42889897484015643, "rel_pc1": 0.50125163774476733, "q_revenu": 4, "q_population": 2 }, "geometry": { "type": "Polygon", "coordinates": [ [ [ 7.70519104538106, 48.566890561237422 ], [ 7.705108645097255, 48.568688790773891 ], [ 7.707816521874403, 48.568744729051403 ], [ 7.707898825090075, 48.566946497200036 ], [ 7.70519104538106, 48.566890561237422 ] ] ] } },
{ "type": "Feature", "properties": { "idcar_200m": "CRS3035RES200mN2830800E4151800", "population": 443.5, "median_education": 18.136, "median_healthcare": 27.9905, "median_services": 8.2025, "median_commerce": 51.105, "median_entertainment": 29.341, "PC1_pos": 1.3872910354080372, "nivvie": 19461.009695603159, "rel_education": 0.84522533438970959, "rel_sante": 0.55547220936701025, "rel_services": 0.7928743755179537, "rel_commerce": 0.51317386761168826, "rel_loisirs": 0.54979793004434585, "rel_pc1": 0.6374734640562143, "q_revenu": 2, "q_population": 4 }, "geometry": { "type": "Polygon", "coordinates": [ [ [ 7.707898825090075, 48.566946497200036 ], [ 7.707816521874403, 48.568744729051403 ], [ 7.710524404168486, 48.56880060130824 ], [ 7.710606610315259, 48.567002367144703 ], [ 7.707898825090075, 48.566946497200036 ] ] ] } },
{ "type": "Feature", "properties": { "idcar_200m": "CRS3035RES200mN2830800E4152000", "population": 338.5, "median_education": 16.467, "median_healthcare": 24.777, "median_services": 7.194, "median_commerce": 45.245, "median_entertainment": 26.384, "PC1_pos": 1.2042171811849163, "nivvie": 17496.635745937961, "rel_education": 0.7674418604651162, "rel_sante": 0.49170021726965984, "rel_services": 0.69539021730888861, "rel_commerce": 0.45433033245457066, "rel_loisirs": 0.49438903194471967, "rel_pc1": 0.5533492817101433, "q_revenu": 1, "q_population": 4 }, "geometry": { "type": "Polygon", "coordinates": [ [ [ 7.710606610315259, 48.567002367144703 ], [ 7.710524404168486, 48.56880060130824 ], [ 7.713232291973009, 48.568856407544203 ], [ 7.713314401050122, 48.56705817107121 ], [ 7.710606610315259, 48.567002367144703 ] ] ] } },
{ "type": "Feature", "properties": { "idcar_200m": "CRS3035RES200mN2830800E4152800", "population": 510.0, "median_education": 14.786, "median_healthcare": 25.473, "median_services": 6.678, "median_commerce": 55.158, "median_entertainment": 34.923, "PC1_pos": 1.3375802326081345, "nivvie": 14253.271176470587, "rel_education": 0.68909912848953714, "rel_sante": 0.50551235559228491, "rel_services": 0.64551235351525682, "rel_commerce": 0.55387230583554448, "rel_loisirs": 0.65439463927400865, "rel_pc1": 0.61463087598128396, "q_revenu": 1, "q_population": 5 }, "geometry": { "type": "Polygon", "coordinates": [ [ [ 7.721437806247842, 48.56722518673967 ], [ 7.721355988384311, 48.569023430124631 ], [ 7.724063898165689, 48.569078972274923 ], [ 7.724145618956497, 48.567280726591413 ], [ 7.721437806247842, 48.56722518673967 ] ] ] } },
{ "type": "Feature", "properties": { "idcar_200m": "CRS3035RES200mN2830800E4153000", "population": 430.5, "median_education": 17.6955, "median_healthcare": 31.294, "median_services": 8.136, "median_commerce": 67.4555, "median_entertainment": 41.686, "PC1_pos": 1.6031772572052008, "nivvie": 15182.00325203252, "rel_education": 0.8246959034347765, "rel_sante": 0.62103025383366572, "rel_services": 0.78644631749028593, "rel_commerce": 0.67735837641483687, "rel_loisirs": 0.78112117895874711, "rel_pc1": 0.73667524229776982, "q_revenu": 1, "q_population": 4 }, "geometry": { "type": "Polygon", "coordinates": [ [ [ 7.724145618956497, 48.567280726591413 ], [ 7.724063898165689, 48.569078972274923 ], [ 7.726771813425046, 48.569134448403268 ], [ 7.726853437142374, 48.567336200423924 ], [ 7.724145618956497, 48.567280726591413 ] ] ] } },
{ "type": "Feature", "properties": { "idcar_200m": "CRS3035RES200mN2830800E4153200", "population": 81.0, "median_education": 17.798, "median_healthcare": 31.684, "median_services": 8.096, "median_commerce": 68.454, "median_entertainment": 41.933, "PC1_pos": 1.5841497981479769, "nivvie": 18972.970370370371, "rel_education": 0.8294728992869459, "rel_sante": 0.62876981410065391, "rel_services": 0.78257981642101226, "rel_commerce": 0.687384872977018, "rel_loisirs": 0.78574951775841151, "rel_pc1": 0.72793194335918143, "q_revenu": 2, "q_population": 2 }, "geometry": { "type": "Polygon", "coordinates": [ [ [ 7.726853437142374, 48.567336200423924 ], [ 7.726771813425046, 48.569134448403268 ], [ 7.729479734155894, 48.569189858509418 ], [ 7.729561260798977, 48.567391608236996 ], [ 7.726853437142374, 48.567336200423924 ] ] ] } },
{ "type": "Feature", "properties": { "idcar_200m": "CRS3035RES200mN2830800E4153600", "population": 5.0, "median_education": 6.862, "median_healthcare": 11.882, "median_services": 3.276, "median_commerce": 29.93, "median_entertainment": 16.858, "PC1_pos": 0.65218779428075058, "nivvie": 24898.88, "rel_education": 0.31980239548865169, "rel_sante": 0.23579860280090803, "rel_services": 0.3166664375735222, "rel_commerce": 0.30054385789292298, "rel_loisirs": 0.31588880763053684, "rel_pc1": 0.29968651265237112, "q_revenu": 3, "q_population": 1 }, "geometry": { "type": "Polygon", "coordinates": [ [ [ 7.732269089919827, 48.56744695003043 ], [ 7.732187660351741, 48.56924520259318 ], [ 7.734895592006095, 48.56930048065437 ], [ 7.734976924498416, 48.567502225803949 ], [ 7.732269089919827, 48.56744695003043 ] ] ] } },
{ "type": "Feature", "properties": { "idcar_200m": "CRS3035RES200mN2830800E4153800", "population": 6.0, "median_education": 18.4935, "median_healthcare": 42.64, "median_services": 10.0155, "median_commerce": 118.946, "median_entertainment": 50.616, "PC1_pos": 2.1762203091411525, "nivvie": 24898.866666666669, "rel_education": 0.86188656382532491, "rel_sante": 0.84619192252404629, "rel_services": 0.96812353648278748, "rel_commerce": 1.1944032649826801, "rel_loisirs": 0.94845342786969111, "rel_pc1": 0.99999399088574181, "q_revenu": 3, "q_population": 1 }, "geometry": { "type": "Polygon", "coordinates": [ [ [ 7.734976924498416, 48.567502225803949 ], [ 7.734895592006095, 48.56930048065437 ], [ 7.737603529112462, 48.569355692692746 ], [ 7.737684764528264, 48.567557435557369 ], [ 7.734976924498416, 48.567502225803949 ] ] ] } },
{ "type": "Feature", "properties": { "idcar_200m": "CRS3035RES200mN2830800E4154000", "population": 3.0, "median_education": 20.542, "median_healthcare": 48.018, "median_services": 10.784, "median_commerce": 121.054, "median_entertainment": 54.611, "PC1_pos": 2.1831676045203414, "nivvie": 26133.633333333331, "rel_education": 0.95735657361234106, "rel_sante": 0.95291847410318142, "rel_services": 1.04240868827621, "rel_commerce": 1.2155708711450017, "rel_loisirs": 1.0233125918561661, "rel_pc1": 1.0031863393823142, "q_revenu": 4, "q_population": 1 }, "geometry": { "type": "Polygon", "coordinates": [ [ [ 7.737684764528264, 48.567557435557369 ], [ 7.737603529112462, 48.569355692692746 ], [ 7.74031147166435, 48.569410838708052 ], [ 7.740392610002879, 48.567612579290525 ], [ 7.737684764528264, 48.567557435557369 ] ] ] } },
{ "type": "Feature", "properties": { "idcar_200m": "CRS3035RES200mN2830800E4154600", "population": 307.0, "median_education": 21.871, "median_healthcare": 55.623, "median_services": 13.239, "median_commerce": 125.086, "median_entertainment": 60.065, "PC1_pos": 2.6587213164823353, "nivvie": 21751.646254071664, "rel_education": 1.0192944027590063, "rel_sante": 1.1038398993094518, "rel_services": 1.2797151914028879, "rel_commerce": 1.2560584366319467, "rel_loisirs": 1.1255108097240594, "rel_pc1": 1.2217078063072688, "q_revenu": 2, "q_population": 4 }, "geometry": { "type": "Polygon", "coordinates": [ [ [ 7.745808317260428, 48.567722668695012 ], [ 7.745727373078723, 48.569520932668745 ], [ 7.748435331928221, 48.569575880613677 ], [ 7.748516179030384, 48.567777614365973 ], [ 7.745808317260428, 48.567722668695012 ] ] ] } },
{ "type": "Feature", "properties": { "idcar_200m": "CRS3035RES200mN2830800E4154800", "population": 362.5, "median_education": 28.6235, "median_healthcare": 74.922, "median_services": 18.587, "median_commerce": 188.0665, "median_entertainment": 81.0005, "PC1_pos": 3.5997737507901189, "nivvie": 22874.854620689654, "rel_education": 1.3339935685324136, "rel_sante": 1.4868290623674154, "rel_services": 1.7966663843647916, "rel_commerce": 1.8884808369669031, "rel_loisirs": 1.5178046839765864, "rel_pc1": 1.6541303765145876, "q_revenu": 3, "q_population": 4 }, "geometry": { "type": "Polygon", "coordinates": [ [ [ 7.748516179030384, 48.567777614365973 ], [ 7.748435331928221, 48.569575880613677 ], [ 7.751143296197268, 48.569630762534771 ], [ 7.751224046219136, 48.567832494015754 ], [ 7.748516179030384, 48.567777614365973 ] ] ] } },
{ "type": "Feature", "properties": { "idcar_200m": "CRS3035RES200mN2830800E4155000", "population": 623.5, "median_education": 31.786, "median_healthcare": 84.44, "median_services": 21.077, "median_commerce": 203.296, "median_entertainment": 91.249, "PC1_pos": 3.9909352425305777, "nivvie": 24693.40417000802, "rel_education": 1.4813813673859346, "rel_sante": 1.6757140229345795, "rel_services": 2.0373560759270846, "rel_commerce": 2.0414087582425551, "rel_loisirs": 1.7098432677351318, "rel_pc1": 1.8338728132354052, "q_revenu": 3, "q_population": 5 }, "geometry": { "type": "Polygon", "coordinates": [ [ [ 7.751224046219136, 48.567832494015754 ], [ 7.751143296197268, 48.569630762534771 ], [ 7.753851265879375, 48.569685578431738 ], [ 7.753931918820196, 48.567887307644177 ], [ 7.751224046219136, 48.567832494015754 ] ] ] } },
{ "type": "Feature", "properties": { "idcar_200m": "CRS3035RES200mN2830800E4155200", "population": 922.0, "median_education": 34.534, "median_healthcare": 95.277, "median_services": 23.852, "median_commerce": 209.757, "median_entertainment": 99.001, "PC1_pos": 4.3425031092171213, "nivvie": 23537.675596529283, "rel_education": 1.6094514610616582, "rel_sante": 1.8907745732252241, "rel_services": 2.3055945876079527, "rel_commerce": 2.1062872702988926, "rel_loisirs": 1.855101900832292, "rel_pc1": 1.9954216015627271, "q_revenu": 3, "q_population": 5 }, "geometry": { "type": "Polygon", "coordinates": [ [ [ 7.753931918820196, 48.567887307644177 ], [ 7.753851265879375, 48.569685578431738 ], [ 7.756559240968045, 48.569740328304398 ], [ 7.756639796827065, 48.567942055250995 ], [ 7.753931918820196, 48.567887307644177 ] ] ] } },
{ "type": "Feature", "properties": { "idcar_200m": "CRS3035RES200mN2830800E4155400", "population": 741.5, "median_education": 36.3445, "median_healthcare": 101.0285, "median_services": 25.6015, "median_commerce": 218.1445, "median_entertainment": 104.1795, "PC1_pos": 4.5350817104879244, "nivvie": 24473.930950775455, "rel_education": 1.6938295195041244, "rel_sante": 2.0049132421369751, "rel_services": 2.4747056781253143, "rel_commerce": 2.1905108455771045, "rel_loisirs": 1.9521377408082521, "rel_pc1": 2.0839133058424215, "q_revenu": 3, "q_population": 5 }, "geometry": { "type": "Polygon", "coordinates": [ [ [ 7.756639796827065, 48.567942055250995 ], [ 7.756559240968045, 48.569740328304398 ], [ 7.759267221456784, 48.569795012152554 ], [ 7.759347680233255, 48.567996736836029 ], [ 7.756639796827065, 48.567942055250995 ] ] ] } },
{ "type": "Feature", "properties": { "idcar_200m": "CRS3035RES200mN2830800E4155600", "population": 702.0, "median_education": 35.706, "median_healthcare": 97.59, "median_services": 24.491, "median_commerce": 204.134, "median_entertainment": 101.997, "PC1_pos": 4.3481090731245917, "nivvie": 26133.295726495729, "rel_education": 1.6640723307079275, "rel_sante": 1.9366761191163622, "rel_services": 2.3673619421896013, "rel_commerce": 2.0498235846012007, "rel_loisirs": 1.9112415892687071, "rel_pc1": 1.9979975954531641, "q_revenu": 4, "q_population": 5 }, "geometry": { "type": "Polygon", "coordinates": [ [ [ 7.759347680233255, 48.567996736836029 ], [ 7.759267221456784, 48.569795012152554 ], [ 7.761975207339105, 48.569849629975948 ], [ 7.762055569032275, 48.568051352399067 ], [ 7.759347680233255, 48.567996736836029 ] ] ] } },
{ "type": "Feature", "properties": { "idcar_200m": "CRS3035RES200mN2830800E4155800", "population": 684.5, "median_education": 36.227, "median_healthcare": 95.985, "median_services": 23.33, "median_commerce": 191.315, "median_entertainment": 102.29, "PC1_pos": 4.211348442626436, "nivvie": 20864.248356464574, "rel_education": 1.6883534510882228, "rel_sante": 1.9048248518637567, "rel_services": 2.2551367486539298, "rel_commerce": 1.921100841055281, "rel_loisirs": 1.9167318859015077, "rel_pc1": 1.9351547811877861, "q_revenu": 2, "q_population": 5 }, "geometry": { "type": "Polygon", "coordinates": [ [ [ 7.762055569032275, 48.568051352399067 ], [ 7.761975207339105, 48.569849629975948 ], [ 7.764683198608506, 48.569904181774412 ], [ 7.764763463217632, 48.568105901939866 ], [ 7.762055569032275, 48.568051352399067 ] ] ] } },
{ "type": "Feature", "properties": { "idcar_200m": "CRS3035RES200mN2830800E4156000", "population": 392.0, "median_education": 34.916, "median_healthcare": 86.5105, "median_services": 21.264, "median_commerce": 171.3315, "median_entertainment": 98.4985, "PC1_pos": 3.906968117727553, "nivvie": 29167.935714285715, "rel_education": 1.6272545090180359, "rel_sante": 1.7168031499417569, "rel_services": 2.0554319684259394, "rel_commerce": 1.7204353487664998, "rel_loisirs": 1.8456859484159707, "rel_pc1": 1.7952891184310333, "q_revenu": 4, "q_population": 4 }, "geometry": { "type": "Polygon", "coordinates": [ [ [ 7.764763463217632, 48.568105901939866 ], [ 7.764683198608506, 48.569904181774412 ], [ 7.767391195258504, 48.569958667547709 ], [ 7.767471362782826, 48.568160385458242 ], [ 7.764763463217632, 48.568105901939866 ] ] ] } },
{ "type": "Feature", "properties": { "idcar_200m": "CRS3035RES200mN2830800E4156200", "population": 493.5, "median_education": 33.448, "median_healthcare": 78.056, "median_services": 19.002, "median_commerce": 145.554, "median_entertainment": 96.728, "PC1_pos": 3.5857830319686954, "nivvie": 25247.327456940224, "rel_education": 1.558838607447453, "rel_sante": 1.5490233748718798, "rel_services": 1.8367813329585072, "rel_commerce": 1.461589064208036, "rel_loisirs": 1.812509940947121, "rel_pc1": 1.6477015077595134, "q_revenu": 3, "q_population": 5 }, "geometry": { "type": "Polygon", "coordinates": [ [ [ 7.767471362782826, 48.568160385458242 ], [ 7.767391195258504, 48.569958667547709 ], [ 7.770099197282594, 48.570013087295621 ], [ 7.770179267721373, 48.568214802953982 ], [ 7.767471362782826, 48.568160385458242 ] ] ] } },
{ "type": "Feature", "properties": { "idcar_200m": "CRS3035RES200mN2830800E4156400", "population": 788.5, "median_education": 31.432, "median_healthcare": 71.808, "median_services": 17.77, "median_commerce": 128.26, "median_entertainment": 92.737, "PC1_pos": 3.2833051726193183, "nivvie": 23705.870259987318, "rel_education": 1.4648832548818567, "rel_sante": 1.4250316503894636, "rel_services": 1.717693100024875, "rel_commerce": 1.2879303445822352, "rel_loisirs": 1.7377257298157014, "rel_pc1": 1.5087100460702636, "q_revenu": 3, "q_population": 5 }, "geometry": { "type": "Polygon", "coordinates": [ [ [ 7.770179267721373, 48.568214802953982 ], [ 7.770099197282594, 48.570013087295621 ], [ 7.772807204674288, 48.570067441017969 ], [ 7.772887178026778, 48.568269154426844 ], [ 7.770179267721373, 48.568214802953982 ] ] ] } },
{ "type": "Feature", "properties": { "idcar_200m": "CRS3035RES200mN2830800E4156600", "population": 194.5, "median_education": 27.821, "median_healthcare": 62.366, "median_services": 15.84, "median_commerce": 108.257, "median_entertainment": 84.163, "PC1_pos": 2.8935521452779529, "nivvie": 19110.521336760925, "rel_education": 1.2965931863727456, "rel_sante": 1.2376549118230458, "rel_services": 1.5311344234324151, "rel_commerce": 1.0870690418948936, "rel_loisirs": 1.5770642850046785, "rel_pc1": 1.3296148121760871, "q_revenu": 2, "q_population": 3 }, "geometry": { "type": "Polygon", "coordinates": [ [ [ 7.772887178026778, 48.568269154426844 ], [ 7.772807204674288, 48.570067441017969 ], [ 7.775515217427095, 48.570121728714533 ], [ 7.775595093692548, 48.568323439876686 ], [ 7.772887178026778, 48.568269154426844 ] ] ] } },
{ "type": "Feature", "properties": { "idcar_200m": "CRS3035RES200mN2830800E4156800", "population": 910.5, "median_education": 26.2125, "median_healthcare": 57.2985, "median_services": 14.6195, "median_commerce": 99.045, "median_entertainment": 79.2175, "PC1_pos": 2.6798036519460666, "nivvie": 21021.017353102692, "rel_education": 1.2216293051218716, "rel_sante": 1.1370902409180128, "rel_services": 1.413157809556199, "rel_commerce": 0.99456620130319273, "rel_loisirs": 1.4843944488356895, "rel_pc1": 1.2313953405559905, "q_revenu": 2, "q_population": 5 }, "geometry": { "type": "Polygon", "coordinates": [ [ [ 7.775595093692548, 48.568323439876686 ], [ 7.775515217427095, 48.570121728714533 ], [ 7.778223235534516, 48.570175950385114 ], [ 7.778303014712187, 48.568377659303216 ], [ 7.775595093692548, 48.568323439876686 ] ] ] } },
{ "type": "Feature", "properties": { "idcar_200m": "CRS3035RES200mN2830800E4157000", "population": 422.0, "median_education": 23.697, "median_healthcare": 51.859, "median_services": 12.962, "median_commerce": 87.865, "median_entertainment": 72.845, "PC1_pos": 2.4140260289303406, "nivvie": 21899.695734597157, "rel_education": 1.1043948361839959, "rel_sante": 1.0291432202198527, "rel_services": 1.2529396714981671, "rel_commerce": 0.88230157279524479, "rel_loisirs": 1.3649851816257239, "rel_pc1": 1.109267987543413, "q_revenu": 2, "q_population": 4 }, "geometry": { "type": "Polygon", "coordinates": [ [ [ 7.778303014712187, 48.568377659303216 ], [ 7.778223235534516, 48.570175950385114 ], [ 7.78093125899006, 48.570230106029449 ], [ 7.781010941079204, 48.568431812706272 ], [ 7.778303014712187, 48.568377659303216 ] ] ] } },
{ "type": "Feature", "properties": { "idcar_200m": "CRS3035RES200mN2830800E4157600", "population": 37.0, "median_education": 12.609, "median_healthcare": 31.8465, "median_services": 6.6025, "median_commerce": 42.114, "median_entertainment": 48.038, "PC1_pos": 1.2312085488144591, "nivvie": 15523.305405405406, "rel_education": 0.58764039707321614, "rel_sante": 0.63199463087856567, "rel_services": 0.63821433274700268, "rel_commerce": 0.42289021153700496, "rel_loisirs": 0.90014631278655399, "rel_pc1": 0.56575207260495985, "q_revenu": 1, "q_population": 2 }, "geometry": { "type": "Polygon", "coordinates": [ [ [ 7.786426809829401, 48.568539921441086 ], [ 7.786347321919533, 48.570338219238671 ], [ 7.789055361380473, 48.570392176803132 ], [ 7.789134752199598, 48.568593876772425 ], [ 7.786426809829401, 48.568539921441086 ] ] ] } },
{ "type": "Feature", "properties": { "idcar_200m": "CRS3035RES200mN2830800E4157800", "population": 4.0, "median_education": 10.493, "median_healthcare": 31.02, "median_services": 5.725, "median_commerce": 33.976, "median_entertainment": 47.72, "PC1_pos": 1.2087123294414195, "nivvie": 24434.675, "rel_education": 0.48902456074940581, "rel_sante": 0.61559271662044834, "rel_services": 0.5533929655398091, "rel_commerce": 0.34117200520447549, "rel_loisirs": 0.89418756080965822, "rel_pc1": 0.55541484521295692, "q_revenu": 3, "q_population": 1 }, "geometry": { "type": "Polygon", "coordinates": [ [ [ 7.789134752199598, 48.568593876772425 ], [ 7.789055361380473, 48.570392176803132 ], [ 7.791763406163564, 48.570446068340516 ], [ 7.791842699891193, 48.568647766079437 ], [ 7.789134752199598, 48.568593876772425 ] ] ] } },
{ "type": "Feature", "properties": { "idcar_200m": "CRS3035RES200mN2831000E4151200", "population": 158.0, "median_education": 5.5375, "median_healthcare": 8.0395, "median_services": 2.4255, "median_commerce": 15.202, "median_entertainment": 7.9395, "PC1_pos": 0.47759385307933, "nivvie": 28552.316455696204, "rel_education": 0.25807428811110589, "rel_sante": 0.15954408914474838, "rel_services": 0.23445495858808857, "rel_commerce": 0.15265177840588759, "rel_loisirs": 0.14877204817787681, "rel_pc1": 0.21945893122915464, "q_revenu": 4, "q_population": 3 }, "geometry": { "type": "Polygon", "coordinates": [ [ [ 7.699692908119722, 48.5685767161578 ], [ 7.699610306187306, 48.570374939619775 ], [ 7.702318268986523, 48.57043101225851 ], [ 7.702400773843531, 48.568632786475938 ], [ 7.699692908119722, 48.5685767161578 ] ] ] } },
{ "type": "Feature", "properties": { "idcar_200m": "CRS3035RES200mN2831000E4151800", "population": 146.5, "median_education": 17.31, "median_healthcare": 27.331, "median_services": 7.367, "median_commerce": 49.847, "median_entertainment": 30.779, "PC1_pos": 1.347172163969077, "nivvie": 19279.052559726962, "rel_education": 0.80672973854686103, "rel_sante": 0.54238441450526986, "rel_services": 0.71211283443349771, "rel_commerce": 0.50054158651481906, "rel_loisirs": 0.57674348143672405, "rel_pc1": 0.61903845993849671, "q_revenu": 2, "q_population": 3 }, "geometry": { "type": "Polygon", "coordinates": [ [ [ 7.707816521874403, 48.568744729051403 ], [ 7.70773421117052, 48.570542959466913 ], [ 7.71044219054231, 48.57059883403614 ], [ 7.710524404168486, 48.56880060130824 ], [ 7.707816521874403, 48.568744729051403 ] ] ] } },
{ "type": "Feature", "properties": { "idcar_200m": "CRS3035RES200mN2831000E4152000", "population": 301.0, "median_education": 19.172, "median_healthcare": 30.324, "median_services": 8.648, "median_commerce": 57.184, "median_entertainment": 33.768, "PC1_pos": 1.3918367017703317, "nivvie": 21159.068770764119, "rel_education": 0.89350794612480777, "rel_sante": 0.60178057829782317, "rel_services": 0.83593753117699032, "rel_commerce": 0.57421650416802228, "rel_loisirs": 0.63275200237679252, "rel_pc1": 0.63956224111052817, "q_revenu": 2, "q_population": 4 }, "geometry": { "type": "Polygon", "coordinates": [ [ [ 7.710524404168486, 48.56880060130824 ], [ 7.71044219054231, 48.57059883403614 ], [ 7.71315017542531, 48.570654642581758 ], [ 7.713232291973009, 48.568856407544203 ], [ 7.710524404168486, 48.56880060130824 ] ] ] } },
{ "type": "Feature", "properties": { "idcar_200m": "CRS3035RES200mN2831000E4152400", "population": 23.0, "median_education": 13.161, "median_healthcare": 21.677, "median_services": 6.015, "median_commerce": 49.224, "median_entertainment": 31.317, "PC1_pos": 1.2706209201051255, "nivvie": 25343.473913043479, "rel_education": 0.61336626741855804, "rel_sante": 0.43018063566026621, "rel_services": 0.58142509829204403, "rel_commerce": 0.49428569531978755, "rel_loisirs": 0.58682464044166105, "rel_pc1": 0.58386243316527386, "q_revenu": 3, "q_population": 1 }, "geometry": { "type": "Polygon", "coordinates": [ [ [ 7.715940185281483, 48.568912147759072 ], [ 7.715858165813028, 48.570710385103574 ], [ 7.718566161698968, 48.57076606160134 ], [ 7.718648084087416, 48.568967821952626 ], [ 7.715940185281483, 48.568912147759072 ] ] ] } },
{ "type": "Feature", "properties": { "idcar_200m": "CRS3035RES200mN2831000E4152600", "population": 12.0, "median_education": 16.245, "median_healthcare": 28.228, "median_services": 7.394, "median_commerce": 63.253, "median_entertainment": 38.527, "PC1_pos": 1.5178083626060186, "nivvie": 25343.475, "rel_education": 0.75709558652188103, "rel_sante": 0.56018540311934284, "rel_services": 0.71472272265525749, "rel_commerce": 0.6351587251353511, "rel_loisirs": 0.72192716167882864, "rel_pc1": 0.69744742090066547, "q_revenu": 3, "q_population": 1 }, "geometry": { "type": "Polygon", "coordinates": [ [ [ 7.718648084087416, 48.568967821952626 ], [ 7.718566161698968, 48.57076606160134 ], [ 7.721274163076643, 48.570821672074864 ], [ 7.721355988384311, 48.569023430124631 ], [ 7.718648084087416, 48.568967821952626 ] ] ] } },
{ "type": "Feature", "properties": { "idcar_200m": "CRS3035RES200mN2831000E4152800", "population": 52.0, "median_education": 17.3755, "median_healthcare": 30.739, "median_services": 7.9775, "median_commerce": 70.2065, "median_entertainment": 41.571, "PC1_pos": 1.5729354331914314, "nivvie": 31210.807692307691, "rel_education": 0.80978235540849153, "rel_sante": 0.61001626422295174, "rel_services": 0.77112530700328863, "rel_commerce": 0.70498270495020043, "rel_loisirs": 0.77896628437590731, "rel_pc1": 0.72277883568849211, "q_revenu": 5, "q_population": 2 }, "geometry": { "type": "Polygon", "coordinates": [ [ [ 7.721355988384311, 48.569023430124631 ], [ 7.721274163076643, 48.570821672074864 ], [ 7.723982169939551, 48.57087721652389 ], [ 7.724063898165689, 48.569078972274923 ], [ 7.721355988384311, 48.569023430124631 ] ] ] } },
{ "type": "Feature", "properties": { "idcar_200m": "CRS3035RES200mN2831000E4153000", "population": 96.5, "median_education": 22.017, "median_healthcare": 40.086, "median_services": 10.307, "median_commerce": 91.929, "median_entertainment": 52.19, "PC1_pos": 2.0060269100239601, "nivvie": 22129.264248704661, "rel_education": 1.026098709045999, "rel_sante": 0.79550772528843616, "rel_services": 0.99630066302512021, "rel_commerce": 0.92311046816700704, "rel_loisirs": 0.97794737633394924, "rel_pc1": 0.92178850052673589, "q_revenu": 2, "q_population": 2 }, "geometry": { "type": "Polygon", "coordinates": [ [ [ 7.724063898165689, 48.569078972274923 ], [ 7.723982169939551, 48.57087721652389 ], [ 7.726690182281201, 48.57093269494824 ], [ 7.726771813425046, 48.569134448403268 ], [ 7.724063898165689, 48.569078972274923 ] ] ] } },
{ "type": "Feature", "properties": { "idcar_200m": "CRS3035RES200mN2831000E4153200", "population": 13.0, "median_education": 21.0425, "median_healthcare": 39.108, "median_services": 9.9, "median_commerce": 88.389, "median_entertainment": 50.3045, "PC1_pos": 1.9354564401048049, "nivvie": 19418.061538461538, "rel_education": 0.98068229482220248, "rel_sante": 0.77609928954198892, "rel_services": 0.95695901464525956, "rel_commerce": 0.88756334965912376, "rel_loisirs": 0.94261647428226014, "rel_pc1": 0.88936069643139193, "q_revenu": 2, "q_population": 1 }, "geometry": { "type": "Polygon", "coordinates": [ [ [ 7.726771813425046, 48.569134448403268 ], [ 7.726690182281201, 48.57093269494824 ], [ 7.729398200095106, 48.570988107347731 ], [ 7.729479734155894, 48.569189858509418 ], [ 7.726771813425046, 48.569134448403268 ] ] ] } },
{ "type": "Feature", "properties": { "idcar_200m": "CRS3035RES200mN2831000E4153600", "population": 8.0, "median_education": 18.711, "median_healthcare": 37.165, "median_services": 9.203, "median_commerce": 89.771, "median_entertainment": 46.398, "PC1_pos": 1.5126547799908026, "nivvie": 19418.0625, "rel_education": 0.8720231159994406, "rel_sante": 0.73754040339132687, "rel_services": 0.88958523351316388, "rel_commerce": 0.90144078405965888, "rel_loisirs": 0.86941564221388357, "rel_pc1": 0.69507930052925726, "q_revenu": 2, "q_population": 1 }, "geometry": { "type": "Polygon", "coordinates": [ [ [ 7.732187660351741, 48.56924520259318 ], [ 7.732106223374767, 48.571043453722069 ], [ 7.734814252113696, 48.571098734071093 ], [ 7.734895592006095, 48.56930048065437 ], [ 7.732187660351741, 48.56924520259318 ] ] ] } },
{ "type": "Feature", "properties": { "idcar_200m": "CRS3035RES200mN2831000E4153800", "population": 9.0, "median_education": 22.81, "median_healthcare": 50.5325, "median_services": 12.2485, "median_commerce": 140.6485, "median_entertainment": 61.2315, "PC1_pos": 2.601298882162185, "nivvie": 19418.055555555555, "rel_education": 1.0630563452486368, "rel_sante": 1.0028187927989298, "rel_services": 1.183970958674996, "rel_commerce": 1.4123301970214763, "rel_loisirs": 1.1473689360795596, "rel_pc1": 1.1953216499879928, "q_revenu": 2, "q_population": 1 }, "geometry": { "type": "Polygon", "coordinates": [ [ [ 7.734895592006095, 48.56930048065437 ], [ 7.734814252113696, 48.571098734071093 ], [ 7.737522286305398, 48.571153948394596 ], [ 7.737603529112462, 48.569355692692746 ], [ 7.734895592006095, 48.56930048065437 ] ] ] } },
{ "type": "Feature", "properties": { "idcar_200m": "CRS3035RES200mN2831000E4154200", "population": 1.0, "median_education": 23.9915, "median_healthcare": 55.6945, "median_services": 13.743, "median_commerce": 149.128, "median_entertainment": 66.761, "PC1_pos": 2.3739586915289923, "nivvie": 21102.4, "rel_education": 1.1181199608519365, "rel_sante": 1.1052588186917329, "rel_services": 1.3284331048757376, "rel_commerce": 1.4974775957185371, "rel_loisirs": 1.2509818890866218, "rel_pc1": 1.0908566638075583, "q_revenu": 2, "q_population": 1 }, "geometry": { "type": "Polygon", "coordinates": [ [ [ 7.74031147166435, 48.569410838708052 ], [ 7.740230325943378, 48.571209096692321 ], [ 7.742938371021144, 48.571264178964064 ], [ 7.743019419655268, 48.569465918700139 ], [ 7.74031147166435, 48.569410838708052 ] ] ] } },
{ "type": "Feature", "properties": { "idcar_200m": "CRS3035RES200mN2831000E4154400", "population": 33.0, "median_education": 24.437, "median_healthcare": 59.6945, "median_services": 14.964, "median_commerce": 162.5595, "median_entertainment": 69.5595, "PC1_pos": 3.0225010619928434, "nivvie": 24095.836363636365, "rel_education": 1.1388824159947801, "rel_sante": 1.1846389239941764, "rel_services": 1.4464580500153197, "rel_commerce": 1.6323507940910331, "rel_loisirs": 1.3034207803046818, "rel_pc1": 1.3888680694425843, "q_revenu": 3, "q_population": 2 }, "geometry": { "type": "Polygon", "coordinates": [ [ [ 7.743019419655268, 48.569465918700139 ], [ 7.742938371021144, 48.571264178964064 ], [ 7.745646421532199, 48.571319195209639 ], [ 7.745727373078723, 48.569520932668745 ], [ 7.743019419655268, 48.569465918700139 ] ] ] } },
{ "type": "Feature", "properties": { "idcar_200m": "CRS3035RES200mN2831000E4154600", "population": 457.5, "median_education": 26.7965, "median_healthcare": 67.3065, "median_services": 17.1735, "median_commerce": 185.592, "median_entertainment": 76.944, "PC1_pos": 3.3785633123658934, "nivvie": 24070.864918032785, "rel_education": 1.2488465302698422, "rel_sante": 1.3356992643847261, "rel_services": 1.6600339028293298, "rel_commerce": 1.8636329994675362, "rel_loisirs": 1.4417931198436367, "rel_pc1": 1.5524820699455131, "q_revenu": 3, "q_population": 4 }, "geometry": { "type": "Polygon", "coordinates": [ [ [ 7.745727373078723, 48.569520932668745 ], [ 7.745646421532199, 48.571319195209639 ], [ 7.748354477470054, 48.571374145428805 ], [ 7.748435331928221, 48.569575880613677 ], [ 7.745727373078723, 48.569520932668745 ] ] ] } },
{ "type": "Feature", "properties": { "idcar_200m": "CRS3035RES200mN2831000E4154800", "population": 430.5, "median_education": 30.641, "median_healthcare": 79.159, "median_services": 20.16, "median_commerce": 214.8, "median_entertainment": 88.876, "PC1_pos": 3.8962764076632794, "nivvie": 26187.692218350756, "rel_education": 1.4280188283543831, "rel_sante": 1.5709124389090288, "rel_services": 1.9487165389139831, "rel_commerce": 2.1569268518342755, "rel_loisirs": 1.6653774864735789, "rel_pc1": 1.7903761756689167, "q_revenu": 4, "q_population": 4 }, "geometry": { "type": "Polygon", "coordinates": [ [ [ 7.748435331928221, 48.569575880613677 ], [ 7.748354477470054, 48.571374145428805 ], [ 7.751062538828211, 48.571429029621363 ], [ 7.751143296197268, 48.569630762534771 ], [ 7.748435331928221, 48.569575880613677 ] ] ] } },
{ "type": "Feature", "properties": { "idcar_200m": "CRS3035RES200mN2831000E4155000", "population": 699.0, "median_education": 33.29, "median_healthcare": 87.519, "median_services": 22.464, "median_commerce": 225.919, "median_entertainment": 98.291, "PC1_pos": 4.2860215742098688, "nivvie": 26252.234620886982, "rel_education": 1.5514750431094746, "rel_sante": 1.7368168589911355, "rel_services": 2.1714270005041523, "rel_commerce": 2.268578945249291, "rel_loisirs": 1.8417977690599772, "rel_pc1": 1.9694677974529098, "q_revenu": 4, "q_population": 5 }, "geometry": { "type": "Polygon", "coordinates": [ [ [ 7.751143296197268, 48.569630762534771 ], [ 7.751062538828211, 48.571429029621363 ], [ 7.753770605600183, 48.571483847787114 ], [ 7.753851265879375, 48.569685578431738 ], [ 7.751143296197268, 48.569630762534771 ] ] ] } },
{ "type": "Feature", "properties": { "idcar_200m": "CRS3035RES200mN2831000E4155200", "population": 809.0, "median_education": 37.281, "median_healthcare": 100.502, "median_services": 26.182, "median_commerce": 251.136, "median_entertainment": 110.54, "PC1_pos": 4.8147900102029109, "nivvie": 25275.912608158222, "rel_education": 1.7374749498997994, "rel_sante": 1.9944648357765407, "rel_services": 2.53081827489315, "rel_commerce": 2.5217969360440065, "rel_loisirs": 2.0713221494530516, "rel_pc1": 2.2124419376822013, "q_revenu": 3, "q_population": 5 }, "geometry": { "type": "Polygon", "coordinates": [ [ [ 7.753851265879375, 48.569685578431738 ], [ 7.753770605600183, 48.571483847787114 ], [ 7.756478677779469, 48.57153859992583 ], [ 7.756559240968045, 48.569740328304398 ], [ 7.753851265879375, 48.569685578431738 ] ] ] } },
{ "type": "Feature", "properties": { "idcar_200m": "CRS3035RES200mN2831000E4155400", "population": 473.5, "median_education": 37.0315, "median_healthcare": 98.5885, "median_services": 25.3765, "median_commerce": 235.489, "median_entertainment": 109.148, "PC1_pos": 4.6679725298216734, "nivvie": 21787.940021119324, "rel_education": 1.7258470429230555, "rel_sante": 1.9564913779024846, "rel_services": 2.4529566096106494, "rel_commerce": 2.3646766639273822, "rel_loisirs": 2.0452385558938091, "rel_pc1": 2.1449779049638575, "q_revenu": 2, "q_population": 4 }, "geometry": { "type": "Polygon", "coordinates": [ [ [ 7.756559240968045, 48.569740328304398 ], [ 7.756478677779469, 48.57153859992583 ], [ 7.759186755359575, 48.571593286037277 ], [ 7.759267221456784, 48.569795012152554 ], [ 7.756559240968045, 48.569740328304398 ] ] ] } },
{ "type": "Feature", "properties": { "idcar_200m": "CRS3035RES200mN2831000E4155600", "population": 359.0, "median_education": 36.228, "median_healthcare": 95.3425, "median_services": 23.8975, "median_commerce": 215.15, "median_entertainment": 105.921, "PC1_pos": 4.4295361548198606, "nivvie": 25434.923955431754, "rel_education": 1.6884000559258048, "rel_sante": 1.8920744224495518, "rel_services": 2.3099927325742513, "rel_commerce": 2.1604413974494614, "rel_loisirs": 1.9847703400779506, "rel_pc1": 2.0354141162202026, "q_revenu": 3, "q_population": 4 }, "geometry": { "type": "Polygon", "coordinates": [ [ [ 7.759267221456784, 48.569795012152554 ], [ 7.759186755359575, 48.571593286037277 ], [ 7.761894838334012, 48.571647906121271 ], [ 7.761975207339105, 48.569849629975948 ], [ 7.759267221456784, 48.569795012152554 ] ] ] } },
{ "type": "Feature", "properties": { "idcar_200m": "CRS3035RES200mN2831000E4155800", "population": 574.0, "median_education": 34.928, "median_healthcare": 90.461, "median_services": 21.934, "median_commerce": 193.467, "median_entertainment": 105.454, "PC1_pos": 4.1578614266003751, "nivvie": 25836.269337979094, "rel_education": 1.6278137670690216, "rel_sante": 1.7952009264410824, "rel_services": 2.120195861336275, "rel_commerce": 1.9427102758092261, "rel_loisirs": 1.976019594250245, "rel_pc1": 1.9105769871143639, "q_revenu": 4, "q_population": 5 }, "geometry": { "type": "Polygon", "coordinates": [ [ [ 7.761975207339105, 48.569849629975948 ], [ 7.761894838334012, 48.571647906121271 ], [ 7.764602926696279, 48.571702460177605 ], [ 7.764683198608506, 48.569904181774412 ], [ 7.761975207339105, 48.569849629975948 ] ] ] } },
{ "type": "Feature", "properties": { "idcar_200m": "CRS3035RES200mN2831000E4156000", "population": 771.0, "median_education": 33.269, "median_healthcare": 83.046, "median_services": 20.124, "median_commerce": 169.525, "median_entertainment": 101.225, "PC1_pos": 3.8232102285228384, "nivvie": 23635.457587548641, "rel_education": 1.5504963415202497, "rel_sante": 1.6480500562366782, "rel_services": 1.9452366879516365, "rel_commerce": 1.7022952726126888, "rel_loisirs": 1.8967756882430353, "rel_pc1": 1.7568015693799708, "q_revenu": 3, "q_population": 5 }, "geometry": { "type": "Polygon", "coordinates": [ [ [ 7.764683198608506, 48.569904181774412 ], [ 7.764602926696279, 48.571702460177605 ], [ 7.767311020439886, 48.571756948206044 ], [ 7.767391195258504, 48.569958667547709 ], [ 7.764683198608506, 48.569904181774412 ] ] ] } },
{ "type": "Feature", "properties": { "idcar_200m": "CRS3035RES200mN2831000E4156200", "population": 382.0, "median_education": 31.664, "median_healthcare": 75.487, "median_services": 18.371, "median_commerce": 148.64, "median_entertainment": 99.1225, "PC1_pos": 3.5400863448490569, "nivvie": 26703.740837696336, "rel_education": 1.4756955772009135, "rel_sante": 1.4980415022413855, "rel_services": 1.7757872785907132, "rel_commerce": 1.4925773149750776, "rel_loisirs": 1.8573785938045966, "rel_pc1": 1.6267034441300738, "q_revenu": 4, "q_population": 4 }, "geometry": { "type": "Polygon", "coordinates": [ [ [ 7.767391195258504, 48.569958667547709 ], [ 7.767311020439886, 48.571756948206044 ], [ 7.770019119558341, 48.571811370206369 ], [ 7.770099197282594, 48.570013087295621 ], [ 7.767391195258504, 48.569958667547709 ] ] ] } },
{ "type": "Feature", "properties": { "idcar_200m": "CRS3035RES200mN2831000E4156400", "population": 516.5, "median_education": 30.356, "median_healthcare": 69.313, "median_services": 17.05, "median_commerce": 133.132, "median_entertainment": 94.737, "PC1_pos": 3.2822627509276239, "nivvie": 21613.060793804452, "rel_education": 1.4147364496434731, "rel_sante": 1.3755183097070642, "rel_services": 1.648096080777947, "rel_commerce": 1.3368528195456273, "rel_loisirs": 1.7752021573433483, "rel_pc1": 1.5082310433593318, "q_revenu": 2, "q_population": 5 }, "geometry": { "type": "Polygon", "coordinates": [ [ [ 7.770099197282594, 48.570013087295621 ], [ 7.770019119558341, 48.571811370206369 ], [ 7.772727224045146, 48.571865726178402 ], [ 7.772807204674288, 48.570067441017969 ], [ 7.770099197282594, 48.570013087295621 ] ] ] } },
{ "type": "Feature", "properties": { "idcar_200m": "CRS3035RES200mN2831000E4156600", "population": 144.5, "median_education": 27.841, "median_healthcare": 63.101, "median_services": 15.656, "median_commerce": 119.077, "median_entertainment": 88.057, "PC1_pos": 2.9525139693555116, "nivvie": 27499.415916955018, "rel_education": 1.2975252831243884, "rel_sante": 1.2522410061723697, "rel_services": 1.5133485185137558, "rel_commerce": 1.1957187091986499, "rel_loisirs": 1.6500308894010074, "rel_pc1": 1.3567083327730391, "q_revenu": 4, "q_population": 3 }, "geometry": { "type": "Polygon", "coordinates": [ [ [ 7.772807204674288, 48.570067441017969 ], [ 7.772727224045146, 48.571865726178402 ], [ 7.775435333893802, 48.571920016121901 ], [ 7.775515217427095, 48.570121728714533 ], [ 7.772807204674288, 48.570067441017969 ] ] ] } },
{ "type": "Feature", "properties": { "idcar_200m": "CRS3035RES200mN2831000E4156800", "population": 182.0, "median_education": 23.356, "median_healthcare": 51.976, "median_services": 13.048, "median_commerce": 97.973, "median_entertainment": 75.4025, "PC1_pos": 2.5162120970589261, "nivvie": 18780.913186813188, "rel_education": 1.0885025865684859, "rel_sante": 1.0314650882999492, "rel_services": 1.2612526487971056, "rel_commerce": 0.98380165016182242, "rel_loisirs": 1.4129081633267027, "rel_pc1": 1.1562234605952908, "q_revenu": 1, "q_population": 3 }, "geometry": { "type": "Polygon", "coordinates": [ [ [ 7.775515217427095, 48.570121728714533 ], [ 7.775435333893802, 48.571920016121901 ], [ 7.77814344909782, 48.571974240036731 ], [ 7.778223235534516, 48.570175950385114 ], [ 7.775515217427095, 48.570121728714533 ] ] ] } },
{ "type": "Feature", "properties": { "idcar_200m": "CRS3035RES200mN2831000E4158200", "population": 117.5, "median_education": 9.715, "median_healthcare": 32.168, "median_services": 5.098, "median_commerce": 27.927, "median_entertainment": 52.884, "PC1_pos": 1.1720516895585347, "nivvie": 25705.159148936171, "rel_education": 0.45276599711050003, "rel_sante": 0.63837480684224956, "rel_services": 0.49278556127894274, "rel_commerce": 0.2804306154151574, "rel_loisirs": 0.99095169668604288, "rel_pc1": 0.53856893148312002, "q_revenu": 4, "q_population": 2 }, "geometry": { "type": "Polygon", "coordinates": [ [ [ 7.794471456262301, 48.570499893850666 ], [ 7.794392252420779, 48.572298196910388 ], [ 7.797100404930459, 48.572351958618214 ], [ 7.797179511670193, 48.570553653333356 ], [ 7.794471456262301, 48.570499893850666 ] ] ] } },
{ "type": "Feature", "properties": { "idcar_200m": "CRS3035RES200mN2831000E4158400", "population": 451.5, "median_education": 7.827, "median_healthcare": 25.126, "median_services": 3.881, "median_commerce": 20.714, "median_entertainment": 43.885, "PC1_pos": 0.94350279041553509, "nivvie": 19157.304318936876, "rel_education": 0.36477606375541782, "rel_sante": 0.49862613145729806, "rel_services": 0.37514726624628808, "rel_commerce": 0.20800085106562, "rel_loisirs": 0.822326511025395, "rel_pc1": 0.4335485322126309, "q_revenu": 2, "q_population": 4 }, "geometry": { "type": "Polygon", "coordinates": [ [ [ 7.797179511670193, 48.570553653333356 ], [ 7.797100404930459, 48.572351958618214 ], [ 7.799808562743529, 48.572405654295622 ], [ 7.799887572380746, 48.570607346788336 ], [ 7.797179511670193, 48.570553653333356 ] ] ] } },
{ "type": "Feature", "properties": { "idcar_200m": "CRS3035RES200mN2831200E4151000", "population": 10.0, "median_education": 7.1665, "median_healthcare": 10.381, "median_services": 2.477, "median_commerce": 16.351, "median_entertainment": 11.6895, "PC1_pos": 0.47788628712079428, "nivvie": 29550.15, "rel_education": 0.33399356853241363, "rel_sante": 0.20601121828616614, "rel_services": 0.23943307871477859, "rel_commerce": 0.16418952958259886, "rel_loisirs": 0.21904034979221498, "rel_pc1": 0.21959330746071831, "q_revenu": 4, "q_population": 1 }, "geometry": { "type": "Polygon", "coordinates": [ [ [ 7.696902348925271, 48.570318800958297 ], [ 7.696819642393775, 48.572117020660713 ], [ 7.699527696739266, 48.572173161645679 ], [ 7.699610306187306, 48.570374939619775 ], [ 7.696902348925271, 48.570318800958297 ] ] ] } },
{ "type": "Feature", "properties": { "idcar_200m": "CRS3035RES200mN2831200E4151200", "population": 10.0, "median_education": 9.3955, "median_healthcare": 14.621, "median_services": 3.6765, "median_commerce": 26.3655, "median_entertainment": 16.6935, "PC1_pos": 0.6924259347147621, "nivvie": 29550.15, "rel_education": 0.43787575150300601, "rel_sante": 0.29015412990675615, "rel_services": 0.35537977952962591, "rel_commerce": 0.26475072119197668, "rel_loisirs": 0.3128063714663879, "rel_pc1": 0.31817632201101459, "q_revenu": 4, "q_population": 1 }, "geometry": { "type": "Polygon", "coordinates": [ [ [ 7.699610306187306, 48.570374939619775 ], [ 7.699527696739266, 48.572173161645679 ], [ 7.702235756622705, 48.57222923660521 ], [ 7.702318268986523, 48.57043101225851 ], [ 7.699610306187306, 48.570374939619775 ] ] ] } },
{ "type": "Feature", "properties": { "idcar_200m": "CRS3035RES200mN2831200E4151600", "population": 18.0, "median_education": 15.703, "median_healthcare": 24.561, "median_services": 6.315, "median_commerce": 44.528, "median_entertainment": 29.53, "PC1_pos": 1.1817052950889673, "nivvie": 29550.155555555557, "rel_education": 0.73183576455236043, "rel_sante": 0.48741369158332787, "rel_services": 0.61042385631159735, "rel_commerce": 0.44713053472288922, "rel_loisirs": 0.55333945244570848, "rel_pc1": 0.54300485530951959, "q_revenu": 4, "q_population": 1 }, "geometry": { "type": "Polygon", "coordinates": [ [ [ 7.705026237316424, 48.570487018874289 ], [ 7.704943822037595, 48.572285245539042 ], [ 7.70765189297745, 48.572341188446998 ], [ 7.70773421117052, 48.570542959466913 ], [ 7.705026237316424, 48.570487018874289 ] ] ] } },
{ "type": "Feature", "properties": { "idcar_200m": "CRS3035RES200mN2831200E4151800", "population": 11.0, "median_education": 17.9275, "median_healthcare": 28.336, "median_services": 7.5595, "median_commerce": 52.384, "median_entertainment": 33.4, "PC1_pos": 1.4180868587517113, "nivvie": 29550.154545454545, "rel_education": 0.83550822575383332, "rel_sante": 0.56232866596250874, "rel_services": 0.73072037082937769, "rel_commerce": 0.52601702144546869, "rel_loisirs": 0.62585633971170551, "rel_pc1": 0.65162443864214969, "q_revenu": 4, "q_population": 1 }, "geometry": { "type": "Polygon", "coordinates": [ [ [ 7.70773421117052, 48.570542959466913 ], [ 7.70765189297745, 48.572341188446998 ], [ 7.710359969435766, 48.572397065328815 ], [ 7.71044219054231, 48.57059883403614 ], [ 7.70773421117052, 48.570542959466913 ] ] ] } },
{ "type": "Feature", "properties": { "idcar_200m": "CRS3035RES200mN2831200E4152000", "population": 252.5, "median_education": 21.374, "median_healthcare": 33.784, "median_services": 9.662, "median_commerce": 65.19, "median_entertainment": 39.342, "PC1_pos": 1.7099944241712013, "nivvie": 18229.895445544553, "rel_education": 0.99613179848068223, "rel_sante": 0.67044436938443663, "rel_services": 0.93395333328308061, "rel_commerce": 0.65460922472568162, "rel_loisirs": 0.73719880589634479, "rel_pc1": 0.7857587494412146, "q_revenu": 1, "q_population": 4 }, "geometry": { "type": "Polygon", "coordinates": [ [ [ 7.71044219054231, 48.57059883403614 ], [ 7.710359969435766, 48.572397065328815 ], [ 7.71306805140606, 48.572452876184343 ], [ 7.71315017542531, 48.570654642581758 ], [ 7.71044219054231, 48.57059883403614 ] ] ] } },
{ "type": "Feature", "properties": { "idcar_200m": "CRS3035RES200mN2831200E4152200", "population": 618.0, "median_education": 18.677, "median_healthcare": 30.985, "median_services": 8.907, "median_commerce": 66.327, "median_entertainment": 37.756, "PC1_pos": 1.6674630583787564, "nivvie": 22492.772653721684, "rel_education": 0.87043855152164795, "rel_sante": 0.61489814069905191, "rel_services": 0.86097312560053807, "rel_commerce": 0.6660264771955865, "rel_loisirs": 0.7074799988669207, "rel_pc1": 0.76621518115543152, "q_revenu": 2, "q_population": 5 }, "geometry": { "type": "Polygon", "coordinates": [ [ [ 7.71315017542531, 48.570654642581758 ], [ 7.71306805140606, 48.572452876184343 ], [ 7.715776138881835, 48.572508621013313 ], [ 7.715858165813028, 48.570710385103574 ], [ 7.71315017542531, 48.570654642581758 ] ] ] } },
{ "type": "Feature", "properties": { "idcar_200m": "CRS3035RES200mN2831200E4152400", "population": 7.0, "median_education": 18.6045, "median_healthcare": 30.639, "median_services": 8.7655, "median_commerce": 65.1875, "median_entertainment": 37.602, "PC1_pos": 1.6646721544290159, "nivvie": 25343.471428571425, "rel_education": 0.86705970079694272, "rel_sante": 0.60803176159039063, "rel_services": 0.84729537806798194, "rel_commerce": 0.65458412082843032, "rel_loisirs": 0.70459431394729188, "rel_pc1": 0.76493273416825991, "q_revenu": 3, "q_population": 1 }, "geometry": { "type": "Polygon", "coordinates": [ [ [ 7.715858165813028, 48.570710385103574 ], [ 7.715776138881835, 48.572508621013313 ], [ 7.718484231856598, 48.57256429981549 ], [ 7.718566161698968, 48.57076606160134 ], [ 7.715858165813028, 48.570710385103574 ] ] ] } },
{ "type": "Feature", "properties": { "idcar_200m": "CRS3035RES200mN2831200E4152600", "population": 141.5, "median_education": 21.822, "median_healthcare": 36.54, "median_services": 10.187, "median_commerce": 81.401, "median_entertainment": 45.347, "PC1_pos": 1.919354267189896, "nivvie": 28142.2148409894, "rel_education": 1.0170107657174814, "rel_sante": 0.72513726193782013, "rel_services": 0.98470115981729878, "rel_commerce": 0.81739293606220598, "rel_loisirs": 0.84972177954810502, "rel_pc1": 0.88196159437932686, "q_revenu": 4, "q_population": 3 }, "geometry": { "type": "Polygon", "coordinates": [ [ [ 7.718566161698968, 48.57076606160134 ], [ 7.718484231856598, 48.57256429981549 ], [ 7.721192330323853, 48.57261991259071 ], [ 7.721274163076643, 48.570821672074864 ], [ 7.718566161698968, 48.57076606160134 ] ] ] } },
{ "type": "Feature", "properties": { "idcar_200m": "CRS3035RES200mN2831200E4153000", "population": 20.0, "median_education": 24.811, "median_healthcare": 44.518, "median_services": 11.621, "median_commerce": 107.893, "median_entertainment": 57.43, "PC1_pos": 2.170832661048677, "nivvie": 19418.06, "rel_education": 1.1563126252505009, "rel_sante": 0.88346088196354344, "rel_services": 1.1233152231507637, "rel_commerce": 1.0834139144551, "rel_loisirs": 1.0761356164563844, "rel_pc1": 0.99751831519479639, "q_revenu": 2, "q_population": 1 }, "geometry": { "type": "Polygon", "coordinates": [ [ [ 7.723982169939551, 48.57087721652389 ], [ 7.723900434277111, 48.572675459338726 ], [ 7.726608543709877, 48.572730940059373 ], [ 7.726690182281201, 48.57093269494824 ], [ 7.723982169939551, 48.57087721652389 ] ] ] } },
{ "type": "Feature", "properties": { "idcar_200m": "CRS3035RES200mN2831200E4153200", "population": 328.0, "median_education": 19.861, "median_healthcare": 37.487, "median_services": 9.6565, "median_commerce": 86.612, "median_entertainment": 49.0955, "PC1_pos": 2.0090782648720142, "nivvie": 25252.485975609758, "rel_education": 0.92561867921890273, "rel_sante": 0.74393050186817355, "rel_services": 0.9334216893860553, "rel_commerce": 0.86971949949287819, "rel_loisirs": 0.91996197384179745, "rel_pc1": 0.92319062718610823, "q_revenu": 3, "q_population": 4 }, "geometry": { "type": "Polygon", "coordinates": [ [ [ 7.726690182281201, 48.57093269494824 ], [ 7.726608543709877, 48.572730940059373 ], [ 7.729316658615653, 48.57278635475236 ], [ 7.729398200095106, 48.570988107347731 ], [ 7.726690182281201, 48.57093269494824 ] ] ] } },
{ "type": "Feature", "properties": { "idcar_200m": "CRS3035RES200mN2831200E4153600", "population": 4.0, "median_education": 11.895, "median_healthcare": 21.49, "median_services": 5.643, "median_commerce": 51.038, "median_entertainment": 29.312, "PC1_pos": 1.603863032379891, "nivvie": 19418.05, "rel_education": 0.5543645430395675, "rel_sante": 0.42646961573737696, "rel_services": 0.54546663834779785, "rel_commerce": 0.51250108316535259, "rel_loisirs": 0.54925452184519497, "rel_pc1": 0.73699036253210837, "q_revenu": 2, "q_population": 1 }, "geometry": { "type": "Polygon", "coordinates": [ [ [ 7.732106223374767, 48.571043453722069 ], [ 7.732024778987946, 48.572841703417495 ], [ 7.734732904820267, 48.572896986054609 ], [ 7.734814252113696, 48.571098734071093 ], [ 7.732106223374767, 48.571043453722069 ] ] ] } },
{ "type": "Feature", "properties": { "idcar_200m": "CRS3035RES200mN2831200E4154000", "population": 20.0, "median_education": 27.733, "median_healthcare": 62.032, "median_services": 15.824, "median_commerce": 189.757, "median_entertainment": 77.745, "PC1_pos": 3.2995629158080773, "nivvie": 21102.4, "rel_education": 1.292491960665517, "rel_sante": 1.2310266730302917, "rel_services": 1.5295878230047057, "rel_commerce": 1.9054560922882522, "rel_loisirs": 1.4568024290684594, "rel_pc1": 1.5161806341471384, "q_revenu": 2, "q_population": 1 }, "geometry": { "type": "Polygon", "coordinates": [ [ [ 7.737522286305398, 48.571153948394596 ], [ 7.737441036106116, 48.57295220266343 ], [ 7.740149172839006, 48.573007353243774 ], [ 7.740230325943378, 48.571209096692321 ], [ 7.737522286305398, 48.571153948394596 ] ] ] } },
{ "type": "Feature", "properties": { "idcar_200m": "CRS3035RES200mN2831200E4154200", "population": 16.0, "median_education": 26.409, "median_healthcare": 60.903, "median_services": 15.953, "median_commerce": 184.7635, "median_entertainment": 77.416, "PC1_pos": 3.2655329084629661, "nivvie": 21102.4, "rel_education": 1.2307871557067622, "rel_sante": 1.2086216383086772, "rel_services": 1.5420572889531137, "rel_commerce": 1.8553135679184456, "rel_loisirs": 1.4506375567401613, "rel_pc1": 1.5005435211618547, "q_revenu": 2, "q_population": 1 }, "geometry": { "type": "Polygon", "coordinates": [ [ [ 7.740230325943378, 48.571209096692321 ], [ 7.740149172839006, 48.573007353243774 ], [ 7.742857315012436, 48.573062437795407 ], [ 7.742938371021144, 48.571264178964064 ], [ 7.740230325943378, 48.571209096692321 ] ] ] } },
{ "type": "Feature", "properties": { "idcar_200m": "CRS3035RES200mN2831200E4154400", "population": 80.0, "median_education": 27.597, "median_healthcare": 65.3375, "median_services": 17.2165, "median_commerce": 199.885, "median_entertainment": 81.6905, "PC1_pos": 3.537328026842435, "nivvie": 14692.985, "rel_education": 1.2861537027543459, "rel_sante": 1.2966244075495985, "rel_services": 1.664190391478799, "rel_commerce": 2.0071570008328403, "rel_loisirs": 1.530734051473625, "rel_pc1": 1.6254359706946004, "q_revenu": 1, "q_population": 2 }, "geometry": { "type": "Polygon", "coordinates": [ [ [ 7.742938371021144, 48.571264178964064 ], [ 7.742857315012436, 48.573062437795407 ], [ 7.745565462619906, 48.573117456318144 ], [ 7.745646421532199, 48.571319195209639 ], [ 7.742938371021144, 48.571264178964064 ] ] ] } },
{ "type": "Feature", "properties": { "idcar_200m": "CRS3035RES200mN2831200E4154600", "population": 329.5, "median_education": 31.031, "median_healthcare": 75.46, "median_services": 19.989, "median_commerce": 234.365, "median_entertainment": 91.634, "PC1_pos": 4.0497877858266786, "nivvie": 23524.001213960546, "rel_education": 1.4461947150114181, "rel_sante": 1.497505686530594, "rel_services": 1.9321872468428376, "rel_commerce": 2.3533899517231842, "rel_loisirs": 1.717057480034204, "rel_pc1": 1.8609161182708542, "q_revenu": 3, "q_population": 4 }, "geometry": { "type": "Polygon", "coordinates": [ [ [ 7.745646421532199, 48.571319195209639 ], [ 7.745565462619906, 48.573117456318144 ], [ 7.748273615654938, 48.573172408811757 ], [ 7.748354477470054, 48.571374145428805 ], [ 7.745646421532199, 48.571319195209639 ] ] ] } },
{ "type": "Feature", "properties": { "idcar_200m": "CRS3035RES200mN2831200E4155000", "population": 170.5, "median_education": 36.651, "median_healthcare": 94.2995, "median_services": 25.166, "median_commerce": 269.5325, "median_entertainment": 110.4885, "PC1_pos": 4.8693063280537601, "nivvie": 18682.155425219942, "rel_education": 1.7081139022230505, "rel_sante": 1.8713760599919396, "rel_services": 2.4326091477335963, "rel_commerce": 2.7065264743576436, "rel_loisirs": 2.0703571314442146, "rel_pc1": 2.2374927057625622, "q_revenu": 1, "q_population": 3 }, "geometry": { "type": "Polygon", "coordinates": [ [ [ 7.751062538828211, 48.571429029621363 ], [ 7.75098177411102, 48.57322729527602 ], [ 7.753689937981671, 48.573282115710747 ], [ 7.753770605600183, 48.571483847787114 ], [ 7.751062538828211, 48.571429029621363 ] ] ] } },
{ "type": "Feature", "properties": { "idcar_200m": "CRS3035RES200mN2831200E4155200", "population": 14.0, "median_education": 39.301, "median_healthcare": 102.7145, "median_services": 27.063, "median_commerce": 279.6875, "median_entertainment": 118.5455, "PC1_pos": 5.2046546379268293, "nivvie": 22079.87857142857, "rel_education": 1.8316167218157244, "rel_sante": 2.0383719565219547, "rel_services": 2.6159779609439049, "rel_commerce": 2.8084985049925462, "rel_loisirs": 2.2213309197393407, "rel_pc1": 2.39158845301671, "q_revenu": 2, "q_population": 1 }, "geometry": { "type": "Polygon", "coordinates": [ [ [ 7.753770605600183, 48.571483847787114 ], [ 7.753689937981671, 48.573282115710747 ], [ 7.756398107260386, 48.573336870115718 ], [ 7.756478677779469, 48.57153859992583 ], [ 7.753770605600183, 48.571483847787114 ] ] ] } },
{ "type": "Feature", "properties": { "idcar_200m": "CRS3035RES200mN2831200E4155400", "population": 22.0, "median_education": 36.063, "median_healthcare": 93.793, "median_services": 24.415, "median_commerce": 252.303, "median_entertainment": 112.597, "PC1_pos": 4.7561915491245177, "nivvie": 16167.795454545454, "rel_education": 1.6807102577247519, "rel_sante": 1.8613245541580179, "rel_services": 2.3600155901579809, "rel_commerce": 2.5335154352809273, "rel_loisirs": 2.1098666551652365, "rel_pc1": 2.1855153858494636, "q_revenu": 1, "q_population": 1 }, "geometry": { "type": "Polygon", "coordinates": [ [ [ 7.756478677779469, 48.57153859992583 ], [ 7.756398107260386, 48.573336870115718 ], [ 7.75910628194068, 48.573391558490705 ], [ 7.759186755359575, 48.571593286037277 ], [ 7.756478677779469, 48.57153859992583 ] ] ] } },
{ "type": "Feature", "properties": { "idcar_200m": "CRS3035RES200mN2831200E4155600", "population": 185.5, "median_education": 34.454, "median_healthcare": 87.843, "median_services": 22.389, "median_commerce": 228.02, "median_entertainment": 108.102, "PC1_pos": 4.3111285862248536, "nivvie": 27986.654447439356, "rel_education": 1.605723074055087, "rel_sante": 1.7432466475206332, "rel_services": 2.1641773109992641, "rel_commerce": 2.2896762604993084, "rel_loisirs": 2.0256383842968497, "rel_pc1": 1.9810047089680816, "q_revenu": 4, "q_population": 3 }, "geometry": { "type": "Polygon", "coordinates": [ [ [ 7.759186755359575, 48.571593286037277 ], [ 7.75910628194068, 48.573391558490705 ], [ 7.761814462016048, 48.573446180835489 ], [ 7.761894838334012, 48.571647906121271 ], [ 7.759186755359575, 48.571593286037277 ] ] ] } },
{ "type": "Feature", "properties": { "idcar_200m": "CRS3035RES200mN2831200E4155800", "population": 52.0, "median_education": 34.8335, "median_healthcare": 88.8885, "median_services": 22.111, "median_commerce": 213.0635, "median_entertainment": 110.7115, "PC1_pos": 4.2933607012452395, "nivvie": 22687.998076923075, "rel_education": 1.6234096099175095, "rel_sante": 1.7639946225440593, "rel_services": 2.1373051285678111, "rel_commerce": 2.1394896848035017, "rel_loisirs": 2.0745357531135471, "rel_pc1": 1.9728401963331565, "q_revenu": 3, "q_population": 2 }, "geometry": { "type": "Polygon", "coordinates": [ [ [ 7.761894838334012, 48.571647906121271 ], [ 7.761814462016048, 48.573446180835489 ], [ 7.764522647480001, 48.573500737149907 ], [ 7.764602926696279, 48.571702460177605 ], [ 7.761894838334012, 48.571647906121271 ] ] ] } },
{ "type": "Feature", "properties": { "idcar_200m": "CRS3035RES200mN2831200E4156000", "population": 480.5, "median_education": 35.302, "median_healthcare": 88.092, "median_services": 21.33, "median_commerce": 194.903, "median_entertainment": 113.8235, "PC1_pos": 4.1804316181012897, "nivvie": 20511.932986472428, "rel_education": 1.6452439763247424, "rel_sante": 1.7481880590757102, "rel_services": 2.061811695190241, "rel_commerce": 1.9571299543903902, "rel_loisirs": 2.132849074346566, "rel_pc1": 1.9209482054047411, "q_revenu": 2, "q_population": 5 }, "geometry": { "type": "Polygon", "coordinates": [ [ [ 7.764602926696279, 48.571702460177605 ], [ 7.764522647480001, 48.573500737149907 ], [ 7.767230838326037, 48.57355522743368 ], [ 7.767311020439886, 48.571756948206044 ], [ 7.764602926696279, 48.571702460177605 ] ] ] } },
{ "type": "Feature", "properties": { "idcar_200m": "CRS3035RES200mN2831200E4156200", "population": 423.0, "median_education": 33.151, "median_healthcare": 78.2985, "median_services": 19.0975, "median_commerce": 169.5115, "median_entertainment": 108.012, "PC1_pos": 3.8377525794305587, "nivvie": 21243.36548463357, "rel_education": 1.5449969706855573, "rel_sante": 1.5538357937558402, "rel_services": 1.8460126042613985, "rel_commerce": 1.7021597115675315, "rel_loisirs": 2.0239519450581058, "rel_pc1": 1.7634839183406839, "q_revenu": 2, "q_population": 4 }, "geometry": { "type": "Polygon", "coordinates": [ [ [ 7.767311020439886, 48.571756948206044 ], [ 7.767230838326037, 48.57355522743368 ], [ 7.769939034547666, 48.573609651686638 ], [ 7.770019119558341, 48.571811370206369 ], [ 7.767311020439886, 48.571756948206044 ] ] ] } },
{ "type": "Feature", "properties": { "idcar_200m": "CRS3035RES200mN2831200E4156400", "population": 35.5, "median_education": 31.394, "median_healthcare": 71.732, "median_services": 17.123, "median_commerce": 146.852, "median_entertainment": 100.217, "PC1_pos": 3.4437955367845561, "nivvie": 23952.326760563381, "rel_education": 1.4631122710537352, "rel_sante": 1.4235234283887168, "rel_services": 1.6551524452293718, "rel_commerce": 1.4746230076609266, "rel_loisirs": 1.8778875687691012, "rel_pc1": 1.5824568993121761, "q_revenu": 3, "q_population": 2 }, "geometry": { "type": "Polygon", "coordinates": [ [ [ 7.770019119558341, 48.571811370206369 ], [ 7.769939034547666, 48.573609651686638 ], [ 7.772647236138395, 48.573664009908562 ], [ 7.772727224045146, 48.571865726178402 ], [ 7.770019119558341, 48.571811370206369 ] ] ] } },
{ "type": "Feature", "properties": { "idcar_200m": "CRS3035RES200mN2831200E4156600", "population": 3.0, "median_education": 25.753, "median_healthcare": 58.574, "median_services": 14.341, "median_commerce": 121.509, "median_entertainment": 84.859, "PC1_pos": 2.8525678132530778, "nivvie": 23952.333333333332, "rel_education": 1.2002143822528779, "rel_sante": 1.1624025719963293, "rel_services": 1.3862372958613804, "rel_commerce": 1.2201397804447438, "rel_loisirs": 1.5901060817842996, "rel_pc1": 1.310782120663565, "q_revenu": 3, "q_population": 1 }, "geometry": { "type": "Polygon", "coordinates": [ [ [ 7.772727224045146, 48.571865726178402 ], [ 7.772647236138395, 48.573664009908562 ], [ 7.775355443091726, 48.57371830209923 ], [ 7.775435333893802, 48.571920016121901 ], [ 7.772727224045146, 48.571865726178402 ] ] ] } },
{ "type": "Feature", "properties": { "idcar_200m": "CRS3035RES200mN2831200E4157600", "population": 4.5, "median_education": 14.604, "median_healthcare": 35.323, "median_services": 7.265, "median_commerce": 47.305, "median_entertainment": 51.751, "PC1_pos": 1.4864092733677703, "nivvie": 28677.177777777779, "rel_education": 0.68061704804958745, "rel_sante": 0.70098586489955172, "rel_services": 0.70225325670684946, "rel_commerce": 0.47501594378966666, "rel_loisirs": 0.96972130049163074, "rel_pc1": 0.68301923988165592, "q_revenu": 4, "q_population": 1 }, "geometry": { "type": "Polygon", "coordinates": [ [ [ 7.786267826777088, 48.572136515606594 ], [ 7.786188324401132, 48.573934810545339 ], [ 7.78889655807003, 48.573988772576641 ], [ 7.788975963337599, 48.572190475404383 ], [ 7.786267826777088, 48.572136515606594 ] ] ] } },
{ "type": "Feature", "properties": { "idcar_200m": "CRS3035RES200mN2831200E4158000", "population": 496.5, "median_education": 11.333, "median_healthcare": 34.248, "median_services": 5.966, "median_commerce": 33.642, "median_entertainment": 51.953, "PC1_pos": 1.2800629939025763, "nivvie": 17190.309365558911, "rel_education": 0.52817262431840428, "rel_sante": 0.67965246159952009, "rel_services": 0.57668863448218366, "rel_commerce": 0.33781812453169785, "rel_loisirs": 0.9735064196719232, "rel_pc1": 0.58820115614257973, "q_revenu": 1, "q_population": 5 }, "geometry": { "type": "Polygon", "coordinates": [ [ [ 7.791684105220996, 48.57224436917236 ], [ 7.791604797062549, 48.574042668575437 ], [ 7.794313041372199, 48.574096498541529 ], [ 7.794392252420779, 48.572298196910388 ], [ 7.791684105220996, 48.57224436917236 ] ] ] } },
{ "type": "Feature", "properties": { "idcar_200m": "CRS3035RES200mN2831200E4158200", "population": 757.5, "median_education": 10.884, "median_healthcare": 31.3565, "median_services": 5.4685, "median_commerce": 31.159, "median_entertainment": 51.401, "PC1_pos": 1.2203337479016272, "nivvie": 13646.890561056105, "rel_education": 0.50724705224402289, "rel_sante": 0.62227056797901636, "rel_services": 0.52859902743309117, "rel_commerce": 0.31288493378167681, "rel_loisirs": 0.96316292567429251, "rel_pc1": 0.56075499785143812, "q_revenu": 1, "q_population": 5 }, "geometry": { "type": "Polygon", "coordinates": [ [ [ 7.794392252420779, 48.572298196910388 ], [ 7.794313041372199, 48.574096498541529 ], [ 7.797021290992478, 48.574150262474696 ], [ 7.797100404930459, 48.572351958618214 ], [ 7.794392252420779, 48.572298196910388 ] ] ] } },
{ "type": "Feature", "properties": { "idcar_200m": "CRS3035RES200mN2831200E4158400", "population": 32.0, "median_education": 9.028, "median_healthcare": 25.99, "median_services": 4.365, "median_commerce": 24.387, "median_entertainment": 44.211, "PC1_pos": 0.98025822879447189, "nivvie": 15632.690625, "rel_education": 0.4207484736915692, "rel_sante": 0.51577223420262575, "rel_services": 0.42193192918450079, "rel_commerce": 0.2448834969072741, "rel_loisirs": 0.82843516871240142, "rel_pc1": 0.45043800675568096, "q_revenu": 1, "q_population": 2 }, "geometry": { "type": "Polygon", "coordinates": [ [ [ 7.797100404930459, 48.572351958618214 ], [ 7.797021290992478, 48.574150262474696 ], [ 7.799729545916892, 48.574203960374732 ], [ 7.799808562743529, 48.572405654295622 ], [ 7.797100404930459, 48.572351958618214 ] ] ] } },
{ "type": "Feature", "properties": { "idcar_200m": "CRS3035RES200mN2831400E4152000", "population": 35.0, "median_education": 21.571, "median_healthcare": 32.996, "median_services": 9.997, "median_commerce": 57.612, "median_entertainment": 37.641, "PC1_pos": 1.6899458885267509, "nivvie": 29411.708571428571, "rel_education": 1.0053129514843642, "rel_sante": 0.65480648863985536, "rel_services": 0.9663352797382484, "rel_commerce": 0.57851429137745003, "rel_loisirs": 0.70532510428408091, "rel_pc1": 0.77654625607080718, "q_revenu": 4, "q_population": 2 }, "geometry": { "type": "Polygon", "coordinates": [ [ [ 7.710359969435766, 48.572397065328815 ], [ 7.71027774084788, 48.574195295186783 ], [ 7.712985919914283, 48.574251108352385 ], [ 7.71306805140606, 48.572452876184343 ], [ 7.710359969435766, 48.572397065328815 ] ] ] } },
{ "type": "Feature", "properties": { "idcar_200m": "CRS3035RES200mN2831400E4152200", "population": 75.0, "median_education": 23.928, "median_healthcare": 36.826, "median_services": 11.186, "median_commerce": 65.7545, "median_entertainment": 41.079, "PC1_pos": 1.8724182400741598, "nivvie": 23275.297333333336, "rel_education": 1.1151605536654705, "rel_sante": 0.73081293946694492, "rel_services": 1.0812670240224114, "rel_commerce": 0.66027768472503201, "rel_loisirs": 0.76974708320410623, "rel_pc1": 0.8603940421996904, "q_revenu": 3, "q_population": 2 }, "geometry": { "type": "Polygon", "coordinates": [ [ [ 7.71306805140606, 48.572452876184343 ], [ 7.712985919914283, 48.574251108352385 ], [ 7.715694104486932, 48.574306855488707 ], [ 7.715776138881835, 48.572508621013313 ], [ 7.71306805140606, 48.572452876184343 ] ] ] } },
{ "type": "Feature", "properties": { "idcar_200m": "CRS3035RES200mN2831400E4152400", "population": 337.0, "median_education": 23.301, "median_healthcare": 38.613, "median_services": 11.284, "median_commerce": 83.128, "median_entertainment": 47.101, "PC1_pos": 2.0404320482327134, "nivvie": 20726.508308605342, "rel_education": 1.085939320501468, "rel_sante": 0.76627600151081143, "rel_services": 1.0907399516421323, "rel_commerce": 0.83473470828342478, "rel_loisirs": 0.88258860648985138, "rel_pc1": 0.93759798972221386, "q_revenu": 2, "q_population": 4 }, "geometry": { "type": "Polygon", "coordinates": [ [ [ 7.715776138881835, 48.572508621013313 ], [ 7.715694104486932, 48.574306855488707 ], [ 7.718402294559334, 48.574362536595572 ], [ 7.718484231856598, 48.57256429981549 ], [ 7.715776138881835, 48.572508621013313 ] ] ] } },
{ "type": "Feature", "properties": { "idcar_200m": "CRS3035RES200mN2831400E4152600", "population": 214.5, "median_education": 25.294, "median_healthcare": 42.8345, "median_services": 12.181, "median_commerce": 96.3295, "median_entertainment": 52.9715, "PC1_pos": 2.2042027013863752, "nivvie": 21788.321212121213, "rel_education": 1.1788227618026752, "rel_sante": 0.85005178014437754, "rel_services": 1.1774462381205966, "rel_commerce": 0.967298348108798, "rel_loisirs": 0.99259129039037741, "rel_pc1": 1.0128521670447879, "q_revenu": 2, "q_population": 3 }, "geometry": { "type": "Polygon", "coordinates": [ [ [ 7.718484231856598, 48.57256429981549 ], [ 7.718402294559334, 48.574362536595572 ], [ 7.721110490124992, 48.574418151672674 ], [ 7.721192330323853, 48.57261991259071 ], [ 7.718484231856598, 48.57256429981549 ] ] ] } },
{ "type": "Feature", "properties": { "idcar_200m": "CRS3035RES200mN2831400E4152800", "population": 14.0, "median_education": 26.001, "median_healthcare": 45.791, "median_services": 12.461, "median_commerce": 110.062, "median_entertainment": 57.623, "PC1_pos": 2.4095682443759521, "nivvie": 25343.471428571425, "rel_education": 1.2117723819732489, "rel_sante": 0.90872360047604606, "rel_services": 1.204511745605513, "rel_commerce": 1.1051940557103539, "rel_loisirs": 1.0797520917128025, "rel_pc1": 1.1072195930181312, "q_revenu": 3, "q_population": 1 }, "geometry": { "type": "Polygon", "coordinates": [ [ [ 7.721192330323853, 48.57261991259071 ], [ 7.721110490124992, 48.574418151672674 ], [ 7.723818691177414, 48.574473700719921 ], [ 7.723900434277111, 48.572675459338726 ], [ 7.721192330323853, 48.57261991259071 ] ] ] } },
{ "type": "Feature", "properties": { "idcar_200m": "CRS3035RES200mN2831400E4153000", "population": 28.0, "median_education": 26.294, "median_healthcare": 49.636, "median_services": 12.972, "median_commerce": 129.596, "median_entertainment": 63.737, "PC1_pos": 2.6436433451343948, "nivvie": 20155.014285714286, "rel_education": 1.225427599384816, "rel_sante": 0.98502772669801986, "rel_services": 1.2539062967654855, "rel_commerce": 1.3013458672733462, "rel_loisirs": 1.1943175306648195, "rel_pc1": 1.2147793346450233, "q_revenu": 2, "q_population": 1 }, "geometry": { "type": "Polygon", "coordinates": [ [ [ 7.723900434277111, 48.572675459338726 ], [ 7.723818691177414, 48.574473700719921 ], [ 7.726526897710105, 48.574529183736999 ], [ 7.726608543709877, 48.572730940059373 ], [ 7.723900434277111, 48.572675459338726 ] ] ] } },
{ "type": "Feature", "properties": { "idcar_200m": "CRS3035RES200mN2831400E4153200", "population": 351.0, "median_education": 27.373, "median_healthcare": 54.5875, "median_services": 13.956, "median_commerce": 150.1785, "median_entertainment": 69.2235, "PC1_pos": 2.872066660654288, "nivvie": 19882.550427350427, "rel_education": 1.2757142191359463, "rel_sante": 1.0832903745492819, "rel_services": 1.3490222230696203, "rel_commerce": 1.508026253343546, "rel_loisirs": 1.2971247404800372, "rel_pc1": 1.3197420270427602, "q_revenu": 2, "q_population": 4 }, "geometry": { "type": "Polygon", "coordinates": [ [ [ 7.726608543709877, 48.572730940059373 ], [ 7.726526897710105, 48.574529183736999 ], [ 7.729235109716569, 48.574584600723703 ], [ 7.729316658615653, 48.57278635475236 ], [ 7.726608543709877, 48.572730940059373 ] ] ] } },
{ "type": "Feature", "properties": { "idcar_200m": "CRS3035RES200mN2831400E4153400", "population": 24.0, "median_education": 26.833, "median_healthcare": 55.435, "median_services": 14.14, "median_commerce": 162.262, "median_entertainment": 70.478, "PC1_pos": 2.9924378697841649, "nivvie": 19418.0625, "rel_education": 1.2505476068415899, "rel_sante": 1.1001090343602371, "rel_services": 1.3668081279882798, "rel_commerce": 1.6293634303181246, "rel_loisirs": 1.3206318296467536, "rel_pc1": 1.3750537458517038, "q_revenu": 2, "q_population": 1 }, "geometry": { "type": "Polygon", "coordinates": [ [ [ 7.729316658615653, 48.57278635475236 ], [ 7.729235109716569, 48.574584600723703 ], [ 7.731943327190312, 48.57463995167987 ], [ 7.732024778987946, 48.572841703417495 ], [ 7.729316658615653, 48.57278635475236 ] ] ] } },
{ "type": "Feature", "properties": { "idcar_200m": "CRS3035RES200mN2831400E4153600", "population": 64.0, "median_education": 28.8015, "median_healthcare": 60.7675, "median_services": 15.3815, "median_commerce": 181.859, "median_entertainment": 76.516, "PC1_pos": 3.294782097771348, "nivvie": 26635.65, "rel_education": 1.3422892296220348, "rel_sante": 1.2059326372415569, "rel_services": 1.4868146549258645, "rel_commerce": 1.8261478600918502, "rel_loisirs": 1.4337731643527201, "rel_pc1": 1.5139838026553238, "q_revenu": 4, "q_population": 2 }, "geometry": { "type": "Polygon", "coordinates": [ [ [ 7.732024778987946, 48.572841703417495 ], [ 7.731943327190312, 48.57463995167987 ], [ 7.734651550124844, 48.574695236605258 ], [ 7.734732904820267, 48.572896986054609 ], [ 7.732024778987946, 48.572841703417495 ] ] ] } },
{ "type": "Feature", "properties": { "idcar_200m": "CRS3035RES200mN2831400E4153800", "population": 56.0, "median_education": 28.6595, "median_healthcare": 63.4085, "median_services": 16.1325, "median_commerce": 198.5145, "median_entertainment": 79.558, "PC1_pos": 3.435075588117527, "nivvie": 25742.75357142857, "rel_education": 1.3356713426853708, "rel_sante": 1.2583433517674951, "rel_services": 1.5594082125014797, "rel_commerce": 1.9933950443596613, "rel_loisirs": 1.4907748106222711, "rel_pc1": 1.5784499997206074, "q_revenu": 4, "q_population": 2 }, "geometry": { "type": "Polygon", "coordinates": [ [ [ 7.734732904820267, 48.572896986054609 ], [ 7.734651550124844, 48.574695236605258 ], [ 7.737359778513656, 48.57475045549964 ], [ 7.737441036106116, 48.57295220266343 ], [ 7.734732904820267, 48.572896986054609 ] ] ] } },
{ "type": "Feature", "properties": { "idcar_200m": "CRS3035RES200mN2831400E4154000", "population": 3.0, "median_education": 33.8945, "median_healthcare": 74.436, "median_services": 19.161, "median_commerce": 240.086, "median_entertainment": 93.3295, "PC1_pos": 4.0419969442120998, "nivvie": 21102.4, "rel_education": 1.579647667427879, "rel_sante": 1.4771843795731687, "rel_services": 1.8521506747088705, "rel_commerce": 2.4108377101931278, "rel_loisirs": 1.7488281214707668, "rel_pc1": 1.8573361522325831, "q_revenu": 2, "q_population": 1 }, "geometry": { "type": "Polygon", "coordinates": [ [ [ 7.737441036106116, 48.57295220266343 ], [ 7.737359778513656, 48.57475045549964 ], [ 7.740068012350267, 48.574805608362823 ], [ 7.740149172839006, 48.573007353243774 ], [ 7.737441036106116, 48.57295220266343 ] ] ] } },
{ "type": "Feature", "properties": { "idcar_200m": "CRS3035RES200mN2831400E4154800", "population": 2.0, "median_education": 38.7785, "median_healthcare": 95.3755, "median_services": 25.3505, "median_commerce": 305.433, "median_entertainment": 115.025, "PC1_pos": 5.1678760067616931, "nivvie": 21102.4, "rel_education": 1.8072656941790557, "rel_sante": 1.8927293083182966, "rel_services": 2.4504433839156214, "rel_commerce": 3.0670234596661929, "rel_loisirs": 2.1553630381838, "rel_pc1": 2.374688321167167, "q_revenu": 2, "q_population": 1 }, "geometry": { "type": "Polygon", "coordinates": [ [ [ 7.748273615654938, 48.573172408811757 ], [ 7.748192746481905, 48.574970670762923 ], [ 7.750901002044736, 48.575025559499153 ], [ 7.75098177411102, 48.57322729527602 ], [ 7.748273615654938, 48.573172408811757 ] ] ] } },
{ "type": "Feature", "properties": { "idcar_200m": "CRS3035RES200mN2831400E4155000", "population": 4.0, "median_education": 38.1625, "median_healthcare": 95.6215, "median_services": 25.7965, "median_commerce": 296.0705, "median_entertainment": 116.7725, "PC1_pos": 5.2523838383479884, "nivvie": 22079.875, "rel_education": 1.7785571142284569, "rel_sante": 1.8976111847943971, "rel_services": 2.493554870838024, "rel_commerce": 2.9730093644599616, "rel_loisirs": 2.1881080667360817, "rel_pc1": 2.4135204758962212, "q_revenu": 2, "q_population": 1 }, "geometry": { "type": "Polygon", "coordinates": [ [ [ 7.75098177411102, 48.57322729527602 ], [ 7.750901002044736, 48.575025559499153 ], [ 7.753609263022884, 48.575080382203048 ], [ 7.753689937981671, 48.573282115710747 ], [ 7.75098177411102, 48.57322729527602 ] ] ] } },
{ "type": "Feature", "properties": { "idcar_200m": "CRS3035RES200mN2831400E4155400", "population": 339.5, "median_education": 38.225, "median_healthcare": 95.347, "median_services": 25.1345, "median_commerce": 277.5345, "median_entertainment": 121.023, "PC1_pos": 5.0931799581668802, "nivvie": 24715.379675994111, "rel_education": 1.7814699165773404, "rel_sante": 1.8921637250680168, "rel_services": 2.4295642781415432, "rel_commerce": 2.7868790286797003, "rel_loisirs": 2.2677548443392133, "rel_pc1": 2.34036477431671, "q_revenu": 3, "q_population": 4 }, "geometry": { "type": "Polygon", "coordinates": [ [ [ 7.756398107260386, 48.573336870115718 ], [ 7.756317529409849, 48.575135138874487 ], [ 7.759025801199141, 48.575189829513221 ], [ 7.75910628194068, 48.573391558490705 ], [ 7.756398107260386, 48.573336870115718 ] ] ] } },
{ "type": "Feature", "properties": { "idcar_200m": "CRS3035RES200mN2831400E4155800", "population": 189.0, "median_education": 36.171, "median_healthcare": 85.53, "median_services": 21.455, "median_commerce": 227.014, "median_entertainment": 117.865, "PC1_pos": 4.4327917852363061, "nivvie": 22948.261375661379, "rel_education": 1.6857435801836229, "rel_sante": 1.6973451016294954, "rel_services": 2.0738945110317215, "rel_commerce": 2.2795744522453734, "rel_loisirs": 2.2085795652730584, "rel_pc1": 2.0369101094518234, "q_revenu": 3, "q_population": 3 }, "geometry": { "type": "Polygon", "coordinates": [ [ [ 7.761814462016048, 48.573446180835489 ], [ 7.761734078384262, 48.575244454119009 ], [ 7.764442360958714, 48.575299012691708 ], [ 7.764522647480001, 48.573500737149907 ], [ 7.761814462016048, 48.573446180835489 ] ] ] } },
{ "type": "Feature", "properties": { "idcar_200m": "CRS3035RES200mN2831400E4156000", "population": 433.0, "median_education": 36.606, "median_healthcare": 87.5825, "median_services": 21.3505, "median_commerce": 205.659, "median_entertainment": 120.668, "PC1_pos": 4.3095028434484952, "nivvie": 21108.658198614317, "rel_education": 1.7060166845318545, "rel_sante": 1.7380770181628116, "rel_services": 2.0637932769882439, "rel_commerce": 2.0651369619245123, "rel_loisirs": 2.261102778453056, "rel_pc1": 1.9802576646544816, "q_revenu": 2, "q_population": 4 }, "geometry": { "type": "Polygon", "coordinates": [ [ [ 7.764522647480001, 48.573500737149907 ], [ 7.764442360958714, 48.575299012691708 ], [ 7.767150648916005, 48.575353505231064 ], [ 7.767230838326037, 48.57355522743368 ], [ 7.764522647480001, 48.573500737149907 ] ] ] } },
{ "type": "Feature", "properties": { "idcar_200m": "CRS3035RES200mN2831400E4156200", "population": 291.0, "median_education": 34.691, "median_healthcare": 82.36, "median_services": 19.8545, "median_commerce": 182.706, "median_entertainment": 114.7495, "PC1_pos": 3.9823280779318275, "nivvie": 22394.815463917526, "rel_education": 1.6167684205620545, "rel_sante": 1.6344363681773089, "rel_services": 1.9191861369974048, "rel_commerce": 1.8346530604806008, "rel_loisirs": 2.1502006602918664, "rel_pc1": 1.8299177389990511, "q_revenu": 2, "q_population": 4 }, "geometry": { "type": "Polygon", "coordinates": [ [ [ 7.767230838326037, 48.57355522743368 ], [ 7.767150648916005, 48.575353505231064 ], [ 7.769858942249628, 48.575407931736848 ], [ 7.769939034547666, 48.573609651686638 ], [ 7.767230838326037, 48.57355522743368 ] ] ] } },
{ "type": "Feature", "properties": { "idcar_200m": "CRS3035RES200mN2831400E4156400", "population": 4.0, "median_education": 33.371, "median_healthcare": 75.195, "median_services": 17.609, "median_commerce": 155.392, "median_entertainment": 107.953, "PC1_pos": 3.6289096342737479, "nivvie": 23952.325, "rel_education": 1.5552500349536282, "rel_sante": 1.4922467545543072, "rel_services": 1.7021304332210481, "rel_commerce": 1.5603779206714699, "rel_loisirs": 2.0228463904460403, "rel_pc1": 1.6675185929007652, "q_revenu": 3, "q_population": 1 }, "geometry": { "type": "Polygon", "coordinates": [ [ [ 7.769939034547666, 48.573609651686638 ], [ 7.769858942249628, 48.575407931736848 ], [ 7.772567240953101, 48.575462292208883 ], [ 7.772647236138395, 48.573664009908562 ], [ 7.769939034547666, 48.573609651686638 ] ] ] } },
{ "type": "Feature", "properties": { "idcar_200m": "CRS3035RES200mN2831400E4157800", "population": 13.0, "median_education": 13.003, "median_healthcare": 31.415, "median_services": 5.801, "median_commerce": 41.308, "median_entertainment": 49.529, "PC1_pos": 1.289908068234858, "nivvie": 28677.184615384616, "rel_education": 0.6060027030805798, "rel_sante": 0.62343150201906461, "rel_services": 0.56073931757142936, "rel_commerce": 0.41479671506317617, "rel_loisirs": 0.928084989508415, "rel_pc1": 0.59272506170983852, "q_revenu": 4, "q_population": 1 }, "geometry": { "type": "Polygon", "coordinates": [ [ [ 7.78889655807003, 48.573988772576641 ], [ 7.788817145576825, 48.575787068320309 ], [ 7.791525481687289, 48.575840966550125 ], [ 7.791604797062549, 48.574042668575437 ], [ 7.78889655807003, 48.573988772576641 ] ] ] } },
{ "type": "Feature", "properties": { "idcar_200m": "CRS3035RES200mN2831400E4158000", "population": 14.0, "median_education": 12.204, "median_healthcare": 30.9765, "median_services": 5.6105, "median_commerce": 37.7465, "median_entertainment": 49.2625, "PC1_pos": 1.2602329857062091, "nivvie": 15632.692857142858, "rel_education": 0.56876543785244904, "rel_sante": 0.61472945797528422, "rel_services": 0.54232510622901298, "rel_commerce": 0.37903370303893141, "rel_loisirs": 0.92309125554035598, "rel_pc1": 0.57908907821908673, "q_revenu": 1, "q_population": 1 }, "geometry": { "type": "Polygon", "coordinates": [ [ [ 7.791604797062549, 48.574042668575437 ], [ 7.791525481687289, 48.575840966550125 ], [ 7.794233823115623, 48.5758947987445 ], [ 7.794313041372199, 48.574096498541529 ], [ 7.791604797062549, 48.574042668575437 ] ] ] } },
{ "type": "Feature", "properties": { "idcar_200m": "CRS3035RES200mN2831400E4158200", "population": 236.5, "median_education": 9.927, "median_healthcare": 26.437, "median_services": 4.745, "median_commerce": 29.836, "median_entertainment": 42.031, "PC1_pos": 1.0656416370853778, "nivvie": 14017.890063424948, "rel_education": 0.46264622267791394, "rel_sante": 0.52464296097017382, "rel_services": 0.45866368934260165, "rel_commerce": 0.29959995135627299, "rel_loisirs": 0.78758586270726616, "rel_pc1": 0.48967249733257767, "q_revenu": 1, "q_population": 3 }, "geometry": { "type": "Polygon", "coordinates": [ [ [ 7.794313041372199, 48.574096498541529 ], [ 7.794233823115623, 48.5758947987445 ], [ 7.796942169855328, 48.575948564903229 ], [ 7.797021290992478, 48.574150262474696 ], [ 7.794313041372199, 48.574096498541529 ] ] ] } },
{ "type": "Feature", "properties": { "idcar_200m": "CRS3035RES200mN2831400E4158400", "population": 55.0, "median_education": 6.306, "median_healthcare": 17.978, "median_services": 3.027, "median_commerce": 16.416, "median_entertainment": 30.659, "PC1_pos": 0.71248959493016173, "nivvie": 14608.878181818183, "rel_education": 0.2938901057929813, "rel_sante": 0.35677388328183174, "rel_services": 0.29259746841729301, "rel_commerce": 0.16484223091113345, "rel_loisirs": 0.57449489578506518, "rel_pc1": 0.32739576526604564, "q_revenu": 1, "q_population": 2 }, "geometry": { "type": "Polygon", "coordinates": [ [ [ 7.797021290992478, 48.574150262474696 ], [ 7.796942169855328, 48.575948564903229 ], [ 7.799650521899903, 48.576002265026091 ], [ 7.799729545916892, 48.574203960374732 ], [ 7.797021290992478, 48.574150262474696 ] ] ] } },
{ "type": "Feature", "properties": { "idcar_200m": "CRS3035RES200mN2831600E4150800", "population": 21.0, "median_education": 12.0285, "median_healthcare": 17.6685, "median_services": 4.141, "median_commerce": 30.031, "median_entertainment": 19.173, "PC1_pos": 0.8464103820889417, "nivvie": 28538.276190476194, "rel_education": 0.56058628885678341, "rel_sante": 0.35063184763405519, "rel_services": 0.40027952319656762, "rel_commerce": 0.30155805534187674, "rel_loisirs": 0.35926777249378833, "rel_pc1": 0.38893364442788475, "q_revenu": 4, "q_population": 1 }, "geometry": { "type": "Polygon", "coordinates": [ [ [ 7.694028782444319, 48.573859029590558 ], [ 7.6939459637607, 48.575657244095019 ], [ 7.696654206753559, 48.575713455758368 ], [ 7.696736928336865, 48.573915238927256 ], [ 7.694028782444319, 48.573859029590558 ] ] ] } },
{ "type": "Feature", "properties": { "idcar_200m": "CRS3035RES200mN2831600E4151200", "population": 5.0, "median_education": 10.157, "median_healthcare": 15.399, "median_services": 3.907, "median_commerce": 26.58, "median_entertainment": 18.589, "PC1_pos": 0.75632579301695291, "nivvie": 29550.16, "rel_education": 0.47336533532180641, "rel_sante": 0.30559356038808133, "rel_services": 0.37766049194131607, "rel_commerce": 0.26690463557614075, "rel_loisirs": 0.3483246556557153, "rel_pc1": 0.34753891643779816, "q_revenu": 4, "q_population": 1 }, "geometry": { "type": "Polygon", "coordinates": [ [ [ 7.699445079774623, 48.573971382235968 ], [ 7.699362455292399, 48.575769601391059 ], [ 7.702070709370727, 48.575825680992807 ], [ 7.702153236751095, 48.5740274595165 ], [ 7.699445079774623, 48.573971382235968 ] ] ] } },
{ "type": "Feature", "properties": { "idcar_200m": "CRS3035RES200mN2831600E4152000", "population": 51.0, "median_education": 22.429, "median_healthcare": 33.974, "median_services": 10.41, "median_commerce": 57.553, "median_entertainment": 38.606, "PC1_pos": 1.7471629923693439, "nivvie": 36296.352941176468, "rel_education": 1.045299902129841, "rel_sante": 0.67421492438630271, "rel_services": 1.0062569032785003, "rel_commerce": 0.57792183940231867, "rel_loisirs": 0.72340748056617066, "rel_pc1": 0.80283806107701039, "q_revenu": 5, "q_population": 2 }, "geometry": { "type": "Polygon", "coordinates": [ [ [ 7.71027774084788, 48.574195295186783 ], [ 7.710195504777681, 48.575993523610371 ], [ 7.712903780949008, 48.57604933908631 ], [ 7.712985919914283, 48.574251108352385 ], [ 7.71027774084788, 48.574195295186783 ] ] ] } },
{ "type": "Feature", "properties": { "idcar_200m": "CRS3035RES200mN2831600E4152200", "population": 49.0, "median_education": 25.785, "median_healthcare": 38.53, "median_services": 12.166, "median_commerce": 68.5675, "median_entertainment": 43.442, "PC1_pos": 1.9719185995653699, "nivvie": 33320.563265306126, "rel_education": 1.2017057370555064, "rel_sante": 0.76462886432578581, "rel_services": 1.175996300219619, "rel_commerce": 0.68852458991222842, "rel_loisirs": 0.81402548232802119, "rel_pc1": 0.90611540651388012, "q_revenu": 5, "q_population": 2 }, "geometry": { "type": "Polygon", "coordinates": [ [ [ 7.712985919914283, 48.574251108352385 ], [ 7.712903780949008, 48.57604933908631 ], [ 7.715612062627348, 48.576105088530227 ], [ 7.715694104486932, 48.574306855488707 ], [ 7.712985919914283, 48.574251108352385 ] ] ] } },
{ "type": "Feature", "properties": { "idcar_200m": "CRS3035RES200mN2831600E4153000", "population": 6.0, "median_education": 25.67, "median_healthcare": 48.655, "median_services": 12.839, "median_commerce": 126.826, "median_entertainment": 62.521, "PC1_pos": 2.5901824977242121, "nivvie": 19418.066666666666, "rel_education": 1.1963461807335602, "rel_sante": 0.96555975587259557, "rel_services": 1.2410501807101502, "rel_commerce": 1.2735307491188723, "rel_loisirs": 1.17153186272801, "rel_pc1": 1.1902135653002179, "q_revenu": 2, "q_population": 1 }, "geometry": { "type": "Polygon", "coordinates": [ [ [ 7.723818691177414, 48.574473700719921 ], [ 7.723736940639488, 48.576271940667816 ], [ 7.726445244280923, 48.576327425981596 ], [ 7.726526897710105, 48.574529183736999 ], [ 7.723818691177414, 48.574473700719921 ] ] ] } },
{ "type": "Feature", "properties": { "idcar_200m": "CRS3035RES200mN2831600E4153200", "population": 59.0, "median_education": 27.615, "median_healthcare": 54.884, "median_services": 14.152, "median_commerce": 149.848, "median_entertainment": 69.146, "PC1_pos": 2.9358453245656828, "nivvie": 12215.891525423729, "rel_education": 1.2869925898308243, "rel_sante": 1.0891744248548254, "rel_services": 1.3679680783090618, "rel_commerce": 1.5047075181269205, "rel_loisirs": 1.2956725289133408, "rel_pc1": 1.3490489314909069, "q_revenu": 1, "q_population": 2 }, "geometry": { "type": "Polygon", "coordinates": [ [ [ 7.726526897710105, 48.574529183736999 ], [ 7.726445244280923, 48.576327425981596 ], [ 7.729153553396896, 48.576382845262295 ], [ 7.729235109716569, 48.574584600723703 ], [ 7.726526897710105, 48.574529183736999 ] ] ] } },
{ "type": "Feature", "properties": { "idcar_200m": "CRS3035RES200mN2831600E4153400", "population": 408.0, "median_education": 30.97, "median_healthcare": 66.149, "median_services": 16.579, "median_commerce": 192.494, "median_entertainment": 81.403, "PC1_pos": 3.5698952880108759, "nivvie": 22154.217892156863, "rel_education": 1.4433518199189075, "rel_sante": 1.3127286464128316, "rel_services": 1.6025680306872483, "rel_commerce": 1.9329398389990085, "rel_loisirs": 1.5253468150165257, "rel_pc1": 1.6404009378586557, "q_revenu": 2, "q_population": 4 }, "geometry": { "type": "Polygon", "coordinates": [ [ [ 7.729235109716569, 48.574584600723703 ], [ 7.729153553396896, 48.576382845262295 ], [ 7.731861867980903, 48.576438198509656 ], [ 7.731943327190312, 48.57463995167987 ], [ 7.729235109716569, 48.574584600723703 ] ] ] } },
{ "type": "Feature", "properties": { "idcar_200m": "CRS3035RES200mN2831600E4153600", "population": 567.5, "median_education": 32.764, "median_healthcare": 71.1465, "median_services": 17.9475, "median_commerce": 214.2175, "median_entertainment": 87.52, "PC1_pos": 3.7925454885720593, "nivvie": 17224.861850220263, "rel_education": 1.5269608985412684, "rel_sante": 1.4119041654750719, "rel_services": 1.7348506985197771, "rel_commerce": 2.1510776437747152, "rel_loisirs": 1.6399684686098344, "rel_pc1": 1.7427108288634674, "q_revenu": 1, "q_population": 5 }, "geometry": { "type": "Polygon", "coordinates": [ [ [ 7.731943327190312, 48.57463995167987 ], [ 7.731861867980903, 48.576438198509656 ], [ 7.734570188026456, 48.576493485723539 ], [ 7.734651550124844, 48.574695236605258 ], [ 7.731943327190312, 48.57463995167987 ] ] ] } },
{ "type": "Feature", "properties": { "idcar_200m": "CRS3035RES200mN2831600E4153800", "population": 268.0, "median_education": 33.335, "median_healthcare": 72.401, "median_services": 18.471, "median_commerce": 230.063, "median_entertainment": 90.289, "PC1_pos": 3.9425238029708272, "nivvie": 28387.143283582092, "rel_education": 1.553572260800671, "rel_sante": 1.4367997510005506, "rel_services": 1.7854535312638979, "rel_commerce": 2.3101911653330953, "rel_loisirs": 1.6918545825218614, "rel_pc1": 1.811627294963873, "q_revenu": 4, "q_population": 4 }, "geometry": { "type": "Polygon", "coordinates": [ [ [ 7.734651550124844, 48.574695236605258 ], [ 7.734570188026456, 48.576493485723539 ], [ 7.737278513527056, 48.576548706903701 ], [ 7.737359778513656, 48.57475045549964 ], [ 7.734651550124844, 48.574695236605258 ] ] ] } },
{ "type": "Feature", "properties": { "idcar_200m": "CRS3035RES200mN2831600E4154000", "population": 176.5, "median_education": 36.8555, "median_healthcare": 79.6235, "median_services": 20.7165, "median_commerce": 274.322, "median_entertainment": 99.6845, "PC1_pos": 4.5222532614378395, "nivvie": 22800.319546742208, "rel_education": 1.7176445915085985, "rel_sante": 1.5801304536372751, "rel_services": 2.0025092350402542, "rel_commerce": 2.7546205207117413, "rel_loisirs": 1.8679094699398653, "rel_pc1": 2.0780185111340992, "q_revenu": 3, "q_population": 3 }, "geometry": { "type": "Polygon", "coordinates": [ [ [ 7.737359778513656, 48.57475045549964 ], [ 7.737278513527056, 48.576548706903701 ], [ 7.739986844476208, 48.576603862049943 ], [ 7.740068012350267, 48.574805608362823 ], [ 7.737359778513656, 48.57475045549964 ] ] ] } },
{ "type": "Feature", "properties": { "idcar_200m": "CRS3035RES200mN2831600E4154800", "population": 215.0, "median_education": 43.534, "median_healthcare": 103.068, "median_services": 27.704, "median_commerce": 368.075, "median_entertainment": 125.756, "PC1_pos": 5.8733023211475999, "nivvie": 15331.131162790698, "rel_education": 2.0288949993009275, "rel_sante": 2.0453871733280584, "rel_services": 2.6779386405790171, "rel_commerce": 3.6960467923133189, "rel_loisirs": 2.3564428100833901, "rel_pc1": 2.6988384416469167, "q_revenu": 1, "q_population": 3 }, "geometry": { "type": "Polygon", "coordinates": [ [ [ 7.748192746481905, 48.574970670762923 ], [ 7.748111869950008, 48.576768931282835 ], [ 7.750820222628405, 48.576823822291146 ], [ 7.750901002044736, 48.575025559499153 ], [ 7.748192746481905, 48.574970670762923 ] ] ] } },
{ "type": "Feature", "properties": { "idcar_200m": "CRS3035RES200mN2831600E4155000", "population": 757.0, "median_education": 46.364, "median_healthcare": 113.808, "median_services": 31.164, "median_commerce": 386.026, "median_entertainment": 139.712, "PC1_pos": 6.3720406013952067, "nivvie": 22137.474108322327, "rel_education": 2.1607866896583863, "rel_sante": 2.2585227560651187, "rel_services": 3.012390983071199, "rel_commerce": 3.8763028161367692, "rel_loisirs": 2.6179533213713109, "rel_pc1": 2.9280134388553205, "q_revenu": 2, "q_population": 5 }, "geometry": { "type": "Polygon", "coordinates": [ [ [ 7.750901002044736, 48.575025559499153 ], [ 7.750820222628405, 48.576823822291146 ], [ 7.753528580722866, 48.576878647264472 ], [ 7.753609263022884, 48.575080382203048 ], [ 7.750901002044736, 48.575025559499153 ] ] ] } },
{ "type": "Feature", "properties": { "idcar_200m": "CRS3035RES200mN2831600E4155200", "population": 548.5, "median_education": 46.269, "median_healthcare": 112.8855, "median_services": 30.6395, "median_commerce": 366.321, "median_entertainment": 141.507, "PC1_pos": 6.2239997873942476, "nivvie": 23598.78577939836, "rel_education": 2.1563592300880834, "rel_sante": 2.2402157192797429, "rel_services": 2.961691487800346, "rel_commerce": 3.6784338980017859, "rel_loisirs": 2.6515884150773745, "rel_pc1": 2.8599872726694087, "q_revenu": 3, "q_population": 5 }, "geometry": { "type": "Polygon", "coordinates": [ [ [ 7.753609263022884, 48.575080382203048 ], [ 7.753528580722866, 48.576878647264472 ], [ 7.756236944226901, 48.576933406202599 ], [ 7.756317529409849, 48.575135138874487 ], [ 7.753609263022884, 48.575080382203048 ] ] ] } },
{ "type": "Feature", "properties": { "idcar_200m": "CRS3035RES200mN2831600E4155400", "population": 740.0, "median_education": 44.21, "median_healthcare": 103.793, "median_services": 27.23, "median_commerce": 325.009, "median_entertainment": 139.308, "PC1_pos": 5.7137374463619519, "nivvie": 20112.987702702703, "rel_education": 2.0603998695064547, "rel_sante": 2.0597748174141262, "rel_services": 2.632120602908123, "rel_commerce": 3.2635970167030077, "rel_loisirs": 2.6103830830107264, "rel_pc1": 2.6255168596031133, "q_revenu": 2, "q_population": 5 }, "geometry": { "type": "Polygon", "coordinates": [ [ [ 7.756317529409849, 48.575135138874487 ], [ 7.756236944226901, 48.576933406202599 ], [ 7.758945313134014, 48.576988099105279 ], [ 7.759025801199141, 48.575189829513221 ], [ 7.756317529409849, 48.575135138874487 ] ] ] } },
{ "type": "Feature", "properties": { "idcar_200m": "CRS3035RES200mN2831600E4155600", "population": 582.5, "median_education": 40.471, "median_healthcare": 92.936, "median_services": 23.919, "median_commerce": 276.758, "median_entertainment": 130.54, "PC1_pos": 5.036729092780881, "nivvie": 16019.601201716738, "rel_education": 1.8861443817868295, "rel_sante": 1.8443173665969694, "rel_services": 2.312070976898986, "rel_commerce": 2.7790817581934379, "rel_loisirs": 2.4460864247295215, "rel_pc1": 2.3144250631904142, "q_revenu": 1, "q_population": 5 }, "geometry": { "type": "Polygon", "coordinates": [ [ [ 7.759025801199141, 48.575189829513221 ], [ 7.758945313134014, 48.576988099105279 ], [ 7.761653687437708, 48.577042725972319 ], [ 7.761734078384262, 48.575244454119009 ], [ 7.759025801199141, 48.575189829513221 ] ] ] } },
{ "type": "Feature", "properties": { "idcar_200m": "CRS3035RES200mN2831600E4155800", "population": 165.0, "median_education": 36.864, "median_healthcare": 84.504, "median_services": 20.83, "median_commerce": 221.907, "median_entertainment": 122.084, "PC1_pos": 4.3369436554583292, "nivvie": 17466.928484848486, "rel_education": 1.7180407326280467, "rel_sante": 1.6769841046194187, "rel_services": 2.0134804318243185, "rel_commerce": 2.2282922109403565, "rel_loisirs": 2.2876360891426302, "rel_pc1": 1.9928669795292651, "q_revenu": 1, "q_population": 3 }, "geometry": { "type": "Polygon", "coordinates": [ [ [ 7.761734078384262, 48.575244454119009 ], [ 7.761653687437708, 48.577042725972319 ], [ 7.764362067131477, 48.5770972868035 ], [ 7.764442360958714, 48.575299012691708 ], [ 7.761734078384262, 48.575244454119009 ] ] ] } },
{ "type": "Feature", "properties": { "idcar_200m": "CRS3035RES200mN2831600E4156000", "population": 1464.0, "median_education": 37.1335, "median_healthcare": 86.057, "median_services": 20.5555, "median_commerce": 207.6665, "median_entertainment": 122.789, "PC1_pos": 4.3141592083271494, "nivvie": 16413.898360655738, "rel_education": 1.7306007363564337, "rel_sante": 1.707803430503092, "rel_services": 1.9869465682364273, "rel_commerce": 2.08529539141733, "rel_loisirs": 2.3008465298461256, "rel_pc1": 1.9823973087330093, "q_revenu": 1, "q_population": 5 }, "geometry": { "type": "Polygon", "coordinates": [ [ [ 7.764442360958714, 48.575299012691708 ], [ 7.764362067131477, 48.5770972868035 ], [ 7.767070452208835, 48.577151781598609 ], [ 7.767150648916005, 48.575353505231064 ], [ 7.764442360958714, 48.575299012691708 ] ] ] } },
{ "type": "Feature", "properties": { "idcar_200m": "CRS3035RES200mN2831600E4156200", "population": 362.5, "median_education": 37.814, "median_healthcare": 89.15, "median_services": 20.763, "median_commerce": 192.463, "median_entertainment": 123.297, "PC1_pos": 4.265807459325222, "nivvie": 17814.432275862069, "rel_education": 1.7623153283310806, "rel_sante": 1.7691840969282067, "rel_services": 2.0070040425332851, "rel_commerce": 1.9326285506730918, "rel_loisirs": 2.3103655424381482, "rel_pc1": 1.9601792188421816, "q_revenu": 1, "q_population": 4 }, "geometry": { "type": "Polygon", "coordinates": [ [ [ 7.767150648916005, 48.575353505231064 ], [ 7.767070452208835, 48.577151781598609 ], [ 7.769778842663278, 48.577206210357474 ], [ 7.769858942249628, 48.575407931736848 ], [ 7.767150648916005, 48.575353505231064 ] ] ] } },
{ "type": "Feature", "properties": { "idcar_200m": "CRS3035RES200mN2831600E4156400", "population": 786.5, "median_education": 36.023, "median_healthcare": 80.906, "median_services": 18.569, "median_commerce": 164.235, "median_entertainment": 115.265, "PC1_pos": 3.8365362707427231, "nivvie": 21603.718499682138, "rel_education": 1.6788460642214662, "rel_sante": 1.6055816998998709, "rel_services": 1.7949264588836185, "rel_commerce": 1.6491754260288745, "rel_loisirs": 2.1598602094871175, "rel_pc1": 1.7629250128963276, "q_revenu": 2, "q_population": 5 }, "geometry": { "type": "Polygon", "coordinates": [ [ [ 7.769858942249628, 48.575407931736848 ], [ 7.769778842663278, 48.577206210357474 ], [ 7.772487238488313, 48.577260573079826 ], [ 7.772567240953101, 48.575462292208883 ], [ 7.769858942249628, 48.575407931736848 ] ] ] } },
{ "type": "Feature", "properties": { "idcar_200m": "CRS3035RES200mN2831600E4157000", "population": 1.0, "median_education": 27.1555, "median_healthcare": 54.615, "median_services": 11.469, "median_commerce": 99.157, "median_entertainment": 81.035, "PC1_pos": 2.579705921270421, "nivvie": 28677.2, "rel_education": 1.2655776669618306, "rel_sante": 1.0838361127732361, "rel_services": 1.1086225190875234, "rel_commerce": 0.99569085590005246, "rel_loisirs": 1.5184511523514386, "rel_pc1": 1.1853994784842647, "q_revenu": 4, "q_population": 1 }, "geometry": { "type": "Polygon", "coordinates": [ [ [ 7.777983854443587, 48.575570815050824 ], [ 7.777904046224165, 48.577369100414217 ], [ 7.780612458121983, 48.577423265025836 ], [ 7.780692169217608, 48.575624977420318 ], [ 7.777983854443587, 48.575570815050824 ] ] ] } },
{ "type": "Feature", "properties": { "idcar_200m": "CRS3035RES200mN2831600E4158000", "population": 7.0, "median_education": 9.395, "median_healthcare": 22.323, "median_services": 4.139, "median_commerce": 29.763, "median_entertainment": 35.36, "PC1_pos": 0.94981965593910012, "nivvie": 15632.685714285715, "rel_education": 0.43785244908421489, "rel_sante": 0.44300052266661083, "rel_services": 0.40008619814310398, "rel_commerce": 0.29886691755653416, "rel_loisirs": 0.66258323868879954, "rel_pc1": 0.43645119217691147, "q_revenu": 1, "q_population": 1 }, "geometry": { "type": "Polygon", "coordinates": [ [ [ 7.791525481687289, 48.575840966550125 ], [ 7.791446159094279, 48.577639263096927 ], [ 7.794154597650119, 48.577693097519784 ], [ 7.794233823115623, 48.5758947987445 ], [ 7.791525481687289, 48.575840966550125 ] ] ] } },
{ "type": "Feature", "properties": { "idcar_200m": "CRS3035RES200mN2831800E4150800", "population": 404.5, "median_education": 12.9505, "median_healthcare": 19.0055, "median_services": 4.4365, "median_commerce": 32.3495, "median_entertainment": 20.671, "PC1_pos": 0.91991704856119716, "nivvie": 22726.207416563659, "rel_education": 0.60355594910751731, "rel_sante": 0.3771646478313968, "rel_services": 0.4288432998458277, "rel_commerce": 0.3248394096527602, "rel_loisirs": 0.3873376167119959, "rel_pc1": 0.42271065884758158, "q_revenu": 3, "q_population": 4 }, "geometry": { "type": "Polygon", "coordinates": [ [ [ 7.6939459637607, 48.575657244095019 ], [ 7.693863137540895, 48.577455457164305 ], [ 7.69657147764288, 48.577511671154546 ], [ 7.696654206753559, 48.575713455758368 ], [ 7.6939459637607, 48.575657244095019 ] ] ] } },
{ "type": "Feature", "properties": { "idcar_200m": "CRS3035RES200mN2831800E4151000", "population": 196.0, "median_education": 15.114, "median_healthcare": 22.069, "median_services": 5.305, "median_commerce": 38.259, "median_entertainment": 24.365, "PC1_pos": 1.0473071792102606, "nivvie": 23831.670918367348, "rel_education": 0.70438551521647952, "rel_sante": 0.43795988597990565, "rel_services": 0.51279470431243446, "rel_commerce": 0.3841800019754541, "rel_loisirs": 0.45655657835555996, "rel_pc1": 0.4812476390476641, "q_revenu": 3, "q_population": 3 }, "geometry": { "type": "Polygon", "coordinates": [ [ [ 7.696654206753559, 48.575713455758368 ], [ 7.69657147764288, 48.577511671154546 ], [ 7.699279823291618, 48.577567819111387 ], [ 7.699362455292399, 48.575769601391059 ], [ 7.696654206753559, 48.575713455758368 ] ] ] } },
{ "type": "Feature", "properties": { "idcar_200m": "CRS3035RES200mN2831800E4151200", "population": 135.0, "median_education": 18.0275, "median_healthcare": 26.0175, "median_services": 6.459, "median_commerce": 45.6645, "median_entertainment": 28.757, "PC1_pos": 1.1943619212831587, "nivvie": 21946.97111111111, "rel_education": 0.84016870951204736, "rel_sante": 0.51631797242658006, "rel_services": 0.62434326016098296, "rel_commerce": 0.45854276641334391, "rel_loisirs": 0.53885481320627293, "rel_pc1": 0.5488206957765509, "q_revenu": 2, "q_population": 3 }, "geometry": { "type": "Polygon", "coordinates": [ [ [ 7.699362455292399, 48.575769601391059 ], [ 7.699279823291618, 48.577567819111387 ], [ 7.701988174480618, 48.577623901034578 ], [ 7.702070709370727, 48.575825680992807 ], [ 7.699362455292399, 48.575769601391059 ] ] ] } },
{ "type": "Feature", "properties": { "idcar_200m": "CRS3035RES200mN2831800E4151400", "population": 217.5, "median_education": 21.309, "median_healthcare": 31.183, "median_services": 8.027, "median_commerce": 55.133, "median_entertainment": 34.239, "PC1_pos": 1.4766708243510369, "nivvie": 24809.191264367815, "rel_education": 0.99310248403784318, "rel_sante": 0.61882745591152288, "rel_services": 0.7759101020765149, "rel_commerce": 0.55362126686303126, "rel_loisirs": 0.64157770105955336, "rel_pc1": 0.67854432966398415, "q_revenu": 3, "q_population": 3 }, "geometry": { "type": "Polygon", "coordinates": [ [ [ 7.702070709370727, 48.575825680992807 ], [ 7.701988174480618, 48.577623901034578 ], [ 7.704696531203377, 48.577679916923927 ], [ 7.704778968982046, 48.575881694563414 ], [ 7.702070709370727, 48.575825680992807 ] ] ] } },
{ "type": "Feature", "properties": { "idcar_200m": "CRS3035RES200mN2831800E4151600", "population": 195.0, "median_education": 21.852, "median_healthcare": 32.393, "median_services": 8.989, "median_commerce": 58.241, "median_entertainment": 34.122, "PC1_pos": 1.5510982809740397, "nivvie": 25663.167179487176, "rel_education": 1.0184089108449457, "rel_sante": 0.64283993776551207, "rel_services": 0.86889945279254932, "rel_commerce": 0.58483043192588469, "rel_loisirs": 0.63938533004918607, "rel_pc1": 0.71274445594131153, "q_revenu": 3, "q_population": 3 }, "geometry": { "type": "Polygon", "coordinates": [ [ [ 7.704778968982046, 48.575881694563414 ], [ 7.704696531203377, 48.577679916923927 ], [ 7.707404893453401, 48.577735866779172 ], [ 7.707487234119861, 48.575937642102687 ], [ 7.704778968982046, 48.575881694563414 ] ] ] } },
{ "type": "Feature", "properties": { "idcar_200m": "CRS3035RES200mN2831800E4152000", "population": 111.5, "median_education": 26.419, "median_healthcare": 37.736, "median_services": 12.175, "median_commerce": 65.821, "median_entertainment": 40.957, "PC1_pos": 1.874652629000747, "nivvie": 28298.386547085203, "rel_education": 1.2312532040825837, "rel_sante": 0.74887191342325066, "rel_services": 1.1768662629602056, "rel_commerce": 0.66094544839191727, "rel_loisirs": 0.76746102112491976, "rel_pc1": 0.86142076522515953, "q_revenu": 4, "q_population": 2 }, "geometry": { "type": "Polygon", "coordinates": [ [ [ 7.710195504777681, 48.575993523610371 ], [ 7.710113261224199, 48.577791750600113 ], [ 7.712821634509266, 48.577847568386581 ], [ 7.712903780949008, 48.57604933908631 ], [ 7.710195504777681, 48.575993523610371 ] ] ] } },
{ "type": "Feature", "properties": { "idcar_200m": "CRS3035RES200mN2831800E4152200", "population": 89.0, "median_education": 30.002, "median_healthcare": 41.943, "median_services": 13.7085, "median_commerce": 78.6275, "median_entertainment": 45.237, "PC1_pos": 2.2192817749392963, "nivvie": 23248.494382022473, "rel_education": 1.3982383371393952, "rel_sante": 0.83235993917509554, "rel_services": 1.3250982477034889, "rel_commerce": 0.78954267245158039, "rel_loisirs": 0.84766057603408429, "rel_pc1": 1.0197811451807359, "q_revenu": 3, "q_population": 2 }, "geometry": { "type": "Polygon", "coordinates": [ [ [ 7.712903780949008, 48.57604933908631 ], [ 7.712821634509266, 48.577847568386581 ], [ 7.715530013302113, 48.577903320138311 ], [ 7.715612062627348, 48.576105088530227 ], [ 7.712903780949008, 48.57604933908631 ] ] ] } },
{ "type": "Feature", "properties": { "idcar_200m": "CRS3035RES200mN2831800E4152400", "population": 42.5, "median_education": 28.915, "median_healthcare": 42.107, "median_services": 13.4805, "median_commerce": 82.523, "median_entertainment": 46.6365, "PC1_pos": 2.1440228159409065, "nivvie": 28497.244705882349, "rel_education": 1.3475788786876077, "rel_sante": 0.83561452349249576, "rel_services": 1.3030591916086283, "rel_commerce": 0.82865956514860284, "rel_loisirs": 0.87388470619655534, "rel_pc1": 0.98519893563026661, "q_revenu": 4, "q_population": 2 }, "geometry": { "type": "Polygon", "coordinates": [ [ [ 7.715612062627348, 48.576105088530227 ], [ 7.715530013302113, 48.577903320138311 ], [ 7.718238397596246, 48.577959005855092 ], [ 7.718320349806205, 48.57616077194195 ], [ 7.715612062627348, 48.576105088530227 ] ] ] } },
{ "type": "Feature", "properties": { "idcar_200m": "CRS3035RES200mN2831800E4152600", "population": 40.0, "median_education": 25.521, "median_healthcare": 41.343, "median_services": 12.428, "median_commerce": 84.597, "median_entertainment": 47.791, "PC1_pos": 2.141986079454993, "nivvie": 27321.705, "rel_education": 1.1894020599338211, "rel_sante": 0.82045292337972908, "rel_services": 1.2013218822233622, "rel_commerce": 0.84948575830830619, "rel_loisirs": 0.89551797398688959, "rel_pc1": 0.98426303578668184, "q_revenu": 4, "q_population": 2 }, "geometry": { "type": "Polygon", "coordinates": [ [ [ 7.718320349806205, 48.57616077194195 ], [ 7.718238397596246, 48.577959005855092 ], [ 7.720946787385162, 48.578014625536717 ], [ 7.721028642479081, 48.576216389321218 ], [ 7.718320349806205, 48.57616077194195 ] ] ] } },
{ "type": "Feature", "properties": { "idcar_200m": "CRS3035RES200mN2831800E4153200", "population": 400.5, "median_education": 28.773, "median_healthcare": 58.988, "median_services": 15.247, "median_commerce": 170.444, "median_entertainment": 73.165, "PC1_pos": 3.2001703439941256, "nivvie": 17242.422971285894, "rel_education": 1.3409609917509437, "rel_sante": 1.1706184128951322, "rel_services": 1.4738135450804315, "rel_commerce": 1.7115234652422775, "rel_loisirs": 1.3709814100301476, "rel_pc1": 1.4705087992988291, "q_revenu": 1, "q_population": 4 }, "geometry": { "type": "Polygon", "coordinates": [ [ [ 7.726445244280923, 48.576327425981596 ], [ 7.726363583421366, 48.578125666793625 ], [ 7.729071989655662, 48.578181088368467 ], [ 7.729153553396896, 48.576382845262295 ], [ 7.726445244280923, 48.576327425981596 ] ] ] } },
{ "type": "Feature", "properties": { "idcar_200m": "CRS3035RES200mN2831800E4153400", "population": 929.0, "median_education": 33.805, "median_healthcare": 72.5615, "median_services": 18.4035, "median_commerce": 219.1575, "median_entertainment": 87.5885, "PC1_pos": 3.8871535479742922, "nivvie": 18786.726587728739, "rel_education": 1.5754765344642774, "rel_sante": 1.4399848777258111, "rel_services": 1.7789288107094985, "rel_commerce": 2.2006829447433436, "rel_loisirs": 1.6412520362526561, "rel_pc1": 1.7861841346194141, "q_revenu": 1, "q_population": 5 }, "geometry": { "type": "Polygon", "coordinates": [ [ [ 7.729153553396896, 48.576382845262295 ], [ 7.729071989655662, 48.578181088368467 ], [ 7.731780401358757, 48.578236443907315 ], [ 7.731861867980903, 48.576438198509656 ], [ 7.729153553396896, 48.576382845262295 ] ] ] } },
{ "type": "Feature", "properties": { "idcar_200m": "CRS3035RES200mN2831800E4153600", "population": 1126.0, "median_education": 37.361, "median_healthcare": 81.188, "median_services": 20.389, "median_commerce": 257.032, "median_entertainment": 97.437, "PC1_pos": 4.46344673104573, "nivvie": 23757.170515097692, "rel_education": 1.7412033369063706, "rel_sante": 1.611177997323693, "rel_services": 1.9708522575355754, "rel_commerce": 2.581001967321543, "rel_loisirs": 1.8257953345056719, "rel_pc1": 2.0509963494669483, "q_revenu": 3, "q_population": 5 }, "geometry": { "type": "Polygon", "coordinates": [ [ [ 7.731861867980903, 48.576438198509656 ], [ 7.731780401358757, 48.578236443907315 ], [ 7.734488818524151, 48.578291733409912 ], [ 7.734570188026456, 48.576493485723539 ], [ 7.731861867980903, 48.576438198509656 ] ] ] } },
{ "type": "Feature", "properties": { "idcar_200m": "CRS3035RES200mN2831800E4154000", "population": 135.5, "median_education": 40.144, "median_healthcare": 86.82, "median_services": 22.775, "median_commerce": 314.594, "median_entertainment": 108.354, "PC1_pos": 5.1078234082979819, "nivvie": 27881.228782287824, "rel_education": 1.8709045998974692, "rel_sante": 1.7229451855895332, "rel_services": 2.2014890463177559, "rel_commerce": 3.1590141807539664, "rel_loisirs": 2.0303604141653331, "rel_pc1": 2.3470935793349463, "q_revenu": 4, "q_population": 3 }, "geometry": { "type": "Polygon", "coordinates": [ [ [ 7.737278513527056, 48.576548706903701 ], [ 7.737197241145356, 48.578346956876032 ], [ 7.739905669215869, 48.578402114305511 ], [ 7.739986844476208, 48.576603862049943 ], [ 7.737278513527056, 48.576548706903701 ] ] ] } },
{ "type": "Feature", "properties": { "idcar_200m": "CRS3035RES200mN2831800E4154200", "population": 362.0, "median_education": 43.963, "median_healthcare": 97.216, "median_services": 25.589, "median_commerce": 362.991, "median_entertainment": 120.76, "PC1_pos": 5.7176414476821353, "nivvie": 26813.575414364645, "rel_education": 2.048888474623666, "rel_sante": 1.9292540792705835, "rel_services": 2.4734973965411662, "rel_commerce": 3.644995506863014, "rel_loisirs": 2.2628266941193278, "rel_pc1": 2.6273107854497728, "q_revenu": 4, "q_population": 4 }, "geometry": { "type": "Polygon", "coordinates": [ [ [ 7.739986844476208, 48.576603862049943 ], [ 7.739905669215869, 48.578402114305511 ], [ 7.742614102729195, 48.578457205698122 ], [ 7.742695180867416, 48.576658951161988 ], [ 7.739986844476208, 48.576603862049943 ] ] ] } },
{ "type": "Feature", "properties": { "idcar_200m": "CRS3035RES200mN2831800E4154400", "population": 220.5, "median_education": 45.79, "median_healthcare": 100.748, "median_services": 26.789, "median_commerce": 397.865, "median_entertainment": 126.517, "PC1_pos": 6.1582407451918133, "nivvie": 29461.706122448981, "rel_education": 2.1340355128862374, "rel_sante": 1.9993467122526412, "rel_services": 2.5894924286193794, "rel_commerce": 3.9951848319601675, "rel_loisirs": 2.3707025907576598, "rel_pc1": 2.8297703655058193, "q_revenu": 4, "q_population": 3 }, "geometry": { "type": "Polygon", "coordinates": [ [ [ 7.742695180867416, 48.576658951161988 ], [ 7.742614102729195, 48.578457205698122 ], [ 7.745322541678834, 48.578512231053637 ], [ 7.745403522694184, 48.576713974239695 ], [ 7.742695180867416, 48.576658951161988 ] ] ] } },
{ "type": "Feature", "properties": { "idcar_200m": "CRS3035RES200mN2831800E4154600", "population": 282.5, "median_education": 45.868, "median_healthcare": 104.788, "median_services": 27.925, "median_commerce": 407.8275, "median_entertainment": 130.085, "PC1_pos": 6.348606756867416, "nivvie": 28661.038584070797, "rel_education": 2.1376706902176443, "rel_sante": 2.0795206186081092, "rel_services": 2.6993010589867548, "rel_commerce": 4.0952238625067174, "rel_loisirs": 2.4375605374669815, "rel_pc1": 2.9172453637607592, "q_revenu": 4, "q_population": 4 }, "geometry": { "type": "Polygon", "coordinates": [ [ [ 7.745403522694184, 48.576713974239695 ], [ 7.745322541678834, 48.578512231053637 ], [ 7.748030986058294, 48.578567190371835 ], [ 7.748111869950008, 48.576768931282835 ], [ 7.745403522694184, 48.576713974239695 ] ] ] } },
{ "type": "Feature", "properties": { "idcar_200m": "CRS3035RES200mN2831800E4154800", "population": 471.5, "median_education": 50.7855, "median_healthcare": 119.1615, "median_services": 31.957, "median_commerce": 473.361, "median_entertainment": 145.821, "PC1_pos": 7.0335693778588881, "nivvie": 21306.050053022267, "rel_education": 2.366849979027823, "rel_sante": 2.3647631044992763, "rel_services": 3.0890443667695515, "rel_commerce": 4.7532823627147316, "rel_loisirs": 2.7324250692545089, "rel_pc1": 3.2319922219238189, "q_revenu": 2, "q_population": 4 }, "geometry": { "type": "Polygon", "coordinates": [ [ [ 7.748111869950008, 48.576768931282835 ], [ 7.748030986058294, 48.578567190371835 ], [ 7.75073943586107, 48.578622083652512 ], [ 7.750820222628405, 48.576823822291146 ], [ 7.748111869950008, 48.576768931282835 ] ] ] } },
{ "type": "Feature", "properties": { "idcar_200m": "CRS3035RES200mN2831800E4155000", "population": 737.0, "median_education": 50.9565, "median_healthcare": 121.4105, "median_services": 32.4705, "median_commerce": 450.3155, "median_entertainment": 148.2895, "PC1_pos": 7.0761515250063232, "nivvie": 24684.744640434194, "rel_education": 2.3748194062543688, "rel_sante": 2.4093945687055749, "rel_services": 3.1386805742463535, "rel_commerce": 4.5218696170725217, "rel_loisirs": 2.7786803499305073, "rel_pc1": 3.2515591247266205, "q_revenu": 3, "q_population": 5 }, "geometry": { "type": "Polygon", "coordinates": [ [ [ 7.750820222628405, 48.576823822291146 ], [ 7.75073943586107, 48.578622083652512 ], [ 7.753447891080671, 48.578676910895481 ], [ 7.753528580722866, 48.576878647264472 ], [ 7.750820222628405, 48.576823822291146 ] ] ] } },
{ "type": "Feature", "properties": { "idcar_200m": "CRS3035RES200mN2831800E4155200", "population": 622.5, "median_education": 50.2435, "median_healthcare": 116.594, "median_services": 30.829, "median_commerce": 409.051, "median_entertainment": 148.1555, "PC1_pos": 6.6910643323036139, "nivvie": 25794.285622489962, "rel_education": 2.3415901570583024, "rel_sante": 2.3138109994082705, "rel_services": 2.980009036616031, "rel_commerce": 4.1075097098215183, "rel_loisirs": 2.7761694292861554, "rel_pc1": 3.074607886356024, "q_revenu": 4, "q_population": 5 }, "geometry": { "type": "Polygon", "coordinates": [ [ [ 7.753528580722866, 48.576878647264472 ], [ 7.753447891080671, 48.578676910895481 ], [ 7.756156351710598, 48.578731672100481 ], [ 7.756236944226901, 48.576933406202599 ], [ 7.753528580722866, 48.576878647264472 ] ] ] } },
{ "type": "Feature", "properties": { "idcar_200m": "CRS3035RES200mN2831800E4155400", "population": 1072.0, "median_education": 47.318, "median_healthcare": 104.488, "median_services": 26.636, "median_commerce": 334.992, "median_entertainment": 146.925, "PC1_pos": 5.8882670331641851, "nivvie": 20405.605970149256, "rel_education": 2.2052477047117489, "rel_sante": 2.0735671107104254, "rel_services": 2.5747030620294074, "rel_commerce": 3.3638418992070185, "rel_loisirs": 2.7531120572497705, "rel_pc1": 2.7057148695660307, "q_revenu": 2, "q_population": 5 }, "geometry": { "type": "Polygon", "coordinates": [ [ [ 7.756236944226901, 48.576933406202599 ], [ 7.756156351710598, 48.578731672100481 ], [ 7.758864817744348, 48.578786367267341 ], [ 7.758945313134014, 48.576988099105279 ], [ 7.756236944226901, 48.576933406202599 ] ] ] } },
{ "type": "Feature", "properties": { "idcar_200m": "CRS3035RES200mN2831800E4155600", "population": 72.5, "median_education": 43.519, "median_healthcare": 95.466, "median_services": 23.814, "median_commerce": 284.6375, "median_entertainment": 141.541, "PC1_pos": 5.3296860065723077, "nivvie": 23491.96551724138, "rel_education": 2.0281959267371956, "rel_sante": 1.8945252832007649, "rel_services": 2.3019214115921423, "rel_commerce": 2.8582042215501797, "rel_loisirs": 2.6522255143453441, "rel_pc1": 2.4490415595760555, "q_revenu": 3, "q_population": 2 }, "geometry": { "type": "Polygon", "coordinates": [ [ [ 7.758945313134014, 48.576988099105279 ], [ 7.758864817744348, 48.578786367267341 ], [ 7.761573289175428, 48.578840996395819 ], [ 7.761653687437708, 48.577042725972319 ], [ 7.758945313134014, 48.576988099105279 ] ] ] } },
{ "type": "Feature", "properties": { "idcar_200m": "CRS3035RES200mN2831800E4155800", "population": 12.0, "median_education": 39.0335, "median_healthcare": 85.434, "median_services": 20.8765, "median_commerce": 240.721, "median_entertainment": 129.0965, "PC1_pos": 4.6016109805138203, "nivvie": 22079.875, "rel_education": 1.8191499277625018, "rel_sante": 1.6954399791022365, "rel_services": 2.0179752393173493, "rel_commerce": 2.4172141000949656, "rel_loisirs": 2.4190378131614425, "rel_pc1": 2.1144841400380487, "q_revenu": 2, "q_population": 1 }, "geometry": { "type": "Polygon", "coordinates": [ [ [ 7.761653687437708, 48.577042725972319 ], [ 7.761573289175428, 48.578840996395819 ], [ 7.764281765997338, 48.578895559485709 ], [ 7.764362067131477, 48.5770972868035 ], [ 7.761653687437708, 48.577042725972319 ] ] ] } },
{ "type": "Feature", "properties": { "idcar_200m": "CRS3035RES200mN2831800E4156000", "population": 16.0, "median_education": 38.806, "median_healthcare": 87.989, "median_services": 20.928, "median_commerce": 217.001, "median_entertainment": 127.343, "PC1_pos": 4.3527713233885255, "nivvie": 23952.325, "rel_education": 1.8085473272125645, "rel_sante": 1.7461440213641726, "rel_services": 2.0229533594440396, "rel_commerce": 2.1790283229743461, "rel_loisirs": 2.3861803553265779, "rel_pc1": 2.0001399439223682, "q_revenu": 3, "q_population": 1 }, "geometry": { "type": "Polygon", "coordinates": [ [ [ 7.764362067131477, 48.5770972868035 ], [ 7.764281765997338, 48.578895559485709 ], [ 7.766990248203586, 48.578950056536812 ], [ 7.767070452208835, 48.577151781598609 ], [ 7.764362067131477, 48.5770972868035 ] ] ] } },
{ "type": "Feature", "properties": { "idcar_200m": "CRS3035RES200mN2831800E4156200", "population": 342.5, "median_education": 39.28, "median_healthcare": 90.6565, "median_services": 19.7425, "median_commerce": 187.301, "median_entertainment": 123.3895, "PC1_pos": 4.2770719300752145, "nivvie": 24809.96175182482, "rel_education": 1.8306380202264996, "rel_sante": 1.7990806290877392, "rel_services": 1.9083599340034381, "rel_commerce": 1.8807940236285454, "rel_loisirs": 2.3120988272113019, "rel_pc1": 1.965355350602916, "q_revenu": 3, "q_population": 4 }, "geometry": { "type": "Polygon", "coordinates": [ [ [ 7.767070452208835, 48.577151781598609 ], [ 7.766990248203586, 48.578950056536812 ], [ 7.769698735787669, 48.579004487548893 ], [ 7.769778842663278, 48.577206210357474 ], [ 7.767070452208835, 48.577151781598609 ] ] ] } },
{ "type": "Feature", "properties": { "idcar_200m": "CRS3035RES200mN2831800E4156400", "population": 462.0, "median_education": 38.307, "median_healthcare": 87.439, "median_services": 18.462, "median_commerce": 169.8475, "median_entertainment": 116.8515, "PC1_pos": 3.9660976265229095, "nivvie": 28254.527489177486, "rel_education": 1.7852915132590763, "rel_sante": 1.7352292568850862, "rel_services": 1.7845835685233111, "rel_commerce": 1.7055336753581103, "rel_loisirs": 2.1895883856234235, "rel_pc1": 1.8224596917553477, "q_revenu": 4, "q_population": 4 }, "geometry": { "type": "Polygon", "coordinates": [ [ [ 7.769778842663278, 48.577206210357474 ], [ 7.769698735787669, 48.579004487548893 ], [ 7.77240722874309, 48.57905885252179 ], [ 7.772487238488313, 48.577260573079826 ], [ 7.769778842663278, 48.577206210357474 ] ] ] } },
{ "type": "Feature", "properties": { "idcar_200m": "CRS3035RES200mN2831800E4156600", "population": 501.5, "median_education": 35.694, "median_healthcare": 74.167, "median_services": 15.115, "median_commerce": 135.72, "median_entertainment": 101.271, "PC1_pos": 3.4083753356914173, "nivvie": 23211.103090727815, "rel_education": 1.6635130726569418, "rel_sante": 1.4718460674915794, "rel_services": 1.461054091551828, "rel_commerce": 1.3628403739802042, "rel_loisirs": 1.8976376460761712, "rel_pc1": 1.5661809790386989, "q_revenu": 3, "q_population": 5 }, "geometry": { "type": "Polygon", "coordinates": [ [ [ 7.772487238488313, 48.577260573079826 ], [ 7.77240722874309, 48.57905885252179 ], [ 7.775115727063345, 48.579113151455253 ], [ 7.775195639677443, 48.577314869765466 ], [ 7.772487238488313, 48.577260573079826 ] ] ] } },
{ "type": "Feature", "properties": { "idcar_200m": "CRS3035RES200mN2831800E4156800", "population": 820.5, "median_education": 34.233, "median_healthcare": 68.402, "median_services": 13.815, "median_commerce": 123.393, "median_entertainment": 95.701, "PC1_pos": 3.1324423698588753, "nivvie": 20909.321876904327, "rel_education": 1.5954234049494336, "rel_sante": 1.3574394907244329, "rel_services": 1.3353928068004304, "rel_commerce": 1.2390580774133462, "rel_loisirs": 1.7932657954116742, "rel_pc1": 1.4393871491305867, "q_revenu": 2, "q_population": 5 }, "geometry": { "type": "Polygon", "coordinates": [ [ [ 7.775195639677443, 48.577314869765466 ], [ 7.775115727063345, 48.579113151455253 ], [ 7.777824230741938, 48.579167384349063 ], [ 7.777904046224165, 48.577369100414217 ], [ 7.775195639677443, 48.577314869765466 ] ] ] } },
{ "type": "Feature", "properties": { "idcar_200m": "CRS3035RES200mN2831800E4157000", "population": 576.5, "median_education": 29.1745, "median_healthcare": 56.687, "median_services": 11.3775, "median_commerce": 101.223, "median_entertainment": 82.8265, "PC1_pos": 2.6701097854970963, "nivvie": 16979.813183000868, "rel_education": 1.3596728340401734, "rel_sante": 1.1249550073199017, "rel_services": 1.0997778978915598, "rel_commerce": 1.0164367165885515, "rel_loisirs": 1.5520206623093287, "rel_pc1": 1.2269409164534764, "q_revenu": 1, "q_population": 5 }, "geometry": { "type": "Polygon", "coordinates": [ [ [ 7.777904046224165, 48.577369100414217 ], [ 7.777824230741938, 48.579167384349063 ], [ 7.78053273977238, 48.579221551203048 ], [ 7.780612458121983, 48.577423265025836 ], [ 7.777904046224165, 48.577369100414217 ] ] ] } },
{ "type": "Feature", "properties": { "idcar_200m": "CRS3035RES200mN2831800E4157600", "population": 1.0, "median_education": 3.592, "median_healthcare": 6.841, "median_services": 1.619, "median_commerce": 10.684, "median_entertainment": 11.824, "PC1_pos": 0.48495844081757467, "nivvie": 28677.2, "rel_education": 0.16740457659505056, "rel_sante": 0.13575982509350376, "rel_services": 0.15649663077885609, "rel_commerce": 0.10728401529328396, "rel_loisirs": 0.22156063954344926, "rel_pc1": 0.22284302954524007, "q_revenu": 4, "q_population": 1 }, "geometry": { "type": "Polygon", "coordinates": [ [ [ 7.786029297944924, 48.577531396136884 ], [ 7.785949773862788, 48.579329686790587 ], [ 7.788658298909761, 48.579383655523735 ], [ 7.788737725857048, 48.577585362635887 ], [ 7.786029297944924, 48.577531396136884 ] ] ] } },
{ "type": "Feature", "properties": { "idcar_200m": "CRS3035RES200mN2832000E4150800", "population": 379.0, "median_education": 14.104, "median_healthcare": 21.762, "median_services": 4.339, "median_commerce": 35.479, "median_entertainment": 23.544, "PC1_pos": 0.97036836433111162, "nivvie": 25216.025593667546, "rel_education": 0.65731462925851702, "rel_sante": 0.43186746289794314, "rel_services": 0.41941870348947285, "rel_commerce": 0.35626446823197511, "rel_loisirs": 0.44117250485546089, "rel_pc1": 0.44589351969594121, "q_revenu": 3, "q_population": 4 }, "geometry": { "type": "Polygon", "coordinates": [ [ [ 7.693863137540895, 48.577455457164305 ], [ 7.693780303783915, 48.579253668798813 ], [ 7.69648874100385, 48.579309885116174 ], [ 7.69657147764288, 48.577511671154546 ], [ 7.693863137540895, 48.577455457164305 ] ] ] } },
{ "type": "Feature", "properties": { "idcar_200m": "CRS3035RES200mN2832000E4151000", "population": 195.0, "median_education": 15.987, "median_healthcare": 23.534, "median_services": 5.356, "median_commerce": 40.42, "median_entertainment": 26.044, "PC1_pos": 1.1172451688901777, "nivvie": 31551.107692307691, "rel_education": 0.74507153842568852, "rel_sante": 0.46703284954692553, "rel_services": 0.51772449317575853, "rel_commerce": 0.4058798107595038, "rel_loisirs": 0.48801803926501969, "rel_pc1": 0.51338481243988698, "q_revenu": 5, "q_population": 3 }, "geometry": { "type": "Polygon", "coordinates": [ [ [ 7.69657147764288, 48.577511671154546 ], [ 7.69648874100385, 48.579309885116174 ], [ 7.699197183771308, 48.579366035397399 ], [ 7.699279823291618, 48.577567819111387 ], [ 7.69657147764288, 48.577511671154546 ] ] ] } },
{ "type": "Feature", "properties": { "idcar_200m": "CRS3035RES200mN2832000E4151200", "population": 320.5, "median_education": 19.25, "median_healthcare": 28.243, "median_services": 6.58, "median_commerce": 48.601, "median_entertainment": 30.89, "PC1_pos": 1.3600879736510008, "nivvie": 22835.000312012478, "rel_education": 0.89714312345621472, "rel_sante": 0.56048307851422696, "rel_services": 0.63603942589553608, "rel_commerce": 0.48802980412475611, "rel_loisirs": 0.57882342316450841, "rel_pc1": 0.62497339769047677, "q_revenu": 3, "q_population": 4 }, "geometry": { "type": "Polygon", "coordinates": [ [ [ 7.699279823291618, 48.577567819111387 ], [ 7.699197183771308, 48.579366035397399 ], [ 7.701905632079796, 48.579422119642246 ], [ 7.701988174480618, 48.577623901034578 ], [ 7.699279823291618, 48.577567819111387 ] ] ] } },
{ "type": "Feature", "properties": { "idcar_200m": "CRS3035RES200mN2832000E4151400", "population": 476.5, "median_education": 24.3445, "median_healthcare": 35.362, "median_services": 8.717, "median_commerce": 61.142, "median_entertainment": 37.5905, "PC1_pos": 1.6916773164316459, "nivvie": 21225.333263378805, "rel_education": 1.1345714685184323, "rel_sante": 0.70175982092625067, "rel_services": 0.84260724552148747, "rel_commerce": 0.613960994296328, "rel_loisirs": 0.7043788244890079, "rel_pc1": 0.77734186370909364, "q_revenu": 2, "q_population": 5 }, "geometry": { "type": "Polygon", "coordinates": [ [ [ 7.701988174480618, 48.577623901034578 ], [ 7.701905632079796, 48.579422119642246 ], [ 7.704614085922813, 48.579478137850529 ], [ 7.704696531203377, 48.577679916923927 ], [ 7.701988174480618, 48.577623901034578 ] ] ] } },
{ "type": "Feature", "properties": { "idcar_200m": "CRS3035RES200mN2832000E4151600", "population": 279.0, "median_education": 25.312, "median_healthcare": 36.2595, "median_services": 9.879, "median_commerce": 63.5655, "median_entertainment": 37.7775, "PC1_pos": 1.7915758779987241, "nivvie": 19148.026881720431, "rel_education": 1.1796616488791536, "rel_sante": 0.71957073205348643, "rel_services": 0.95492910158389077, "rel_commerce": 0.63829671229176732, "rel_loisirs": 0.70788287046284293, "rel_pc1": 0.8232462056755705, "q_revenu": 2, "q_population": 4 }, "geometry": { "type": "Polygon", "coordinates": [ [ [ 7.704696531203377, 48.577679916923927 ], [ 7.704614085922813, 48.579478137850529 ], [ 7.707322545293866, 48.579534090021973 ], [ 7.707404893453401, 48.577735866779172 ], [ 7.704696531203377, 48.577679916923927 ] ] ] } },
{ "type": "Feature", "properties": { "idcar_200m": "CRS3035RES200mN2832000E4151800", "population": 220.5, "median_education": 27.277, "median_healthcare": 40.6585, "median_services": 12.2815, "median_commerce": 72.631, "median_entertainment": 41.2525, "PC1_pos": 1.9742089895611041, "nivvie": 17209.504308390024, "rel_education": 1.2712401547280607, "rel_sante": 0.80686900285984853, "rel_services": 1.1871608220571468, "rel_commerce": 0.72932846450454025, "rel_loisirs": 0.77299816329212956, "rel_pc1": 0.90716786256481319, "q_revenu": 1, "q_population": 3 }, "geometry": { "type": "Polygon", "coordinates": [ [ [ 7.707404893453401, 48.577735866779172 ], [ 7.707322545293866, 48.579534090021973 ], [ 7.710031010186454, 48.579589976156399 ], [ 7.710113261224199, 48.577791750600113 ], [ 7.707404893453401, 48.577735866779172 ] ] ] } },
{ "type": "Feature", "properties": { "idcar_200m": "CRS3035RES200mN2832000E4152000", "population": 678.5, "median_education": 30.801, "median_healthcare": 44.783, "median_services": 15.32, "median_commerce": 82.096, "median_entertainment": 45.502, "PC1_pos": 2.2682680740540664, "nivvie": 19580.263964627855, "rel_education": 1.4354756023675257, "rel_sante": 0.88871981393983035, "rel_services": 1.4808699095318563, "rel_commerce": 0.82437181949807581, "rel_loisirs": 0.85262620268149769, "rel_pc1": 1.0422908169013505, "q_revenu": 2, "q_population": 5 }, "geometry": { "type": "Polygon", "coordinates": [ [ [ 7.710113261224199, 48.577791750600113 ], [ 7.710031010186454, 48.579589976156399 ], [ 7.712739480594087, 48.579645796253622 ], [ 7.712821634509266, 48.577847568386581 ], [ 7.710113261224199, 48.577791750600113 ] ] ] } },
{ "type": "Feature", "properties": { "idcar_200m": "CRS3035RES200mN2832000E4152200", "population": 407.5, "median_education": 34.385, "median_healthcare": 48.081, "median_services": 16.045, "median_commerce": 89.175, "median_entertainment": 50.457, "PC1_pos": 2.5798978216579482, "nivvie": 19466.488098159509, "rel_education": 1.602507340261919, "rel_sante": 0.95416871076169496, "rel_services": 1.5509502414124434, "rel_commerce": 0.89545601495494176, "rel_loisirs": 0.94547405188124323, "rel_pc1": 1.1854876585428598, "q_revenu": 2, "q_population": 4 }, "geometry": { "type": "Polygon", "coordinates": [ [ [ 7.712821634509266, 48.577847568386581 ], [ 7.712739480594087, 48.579645796253622 ], [ 7.715447956510263, 48.579701550313352 ], [ 7.715530013302113, 48.577903320138311 ], [ 7.712821634509266, 48.577847568386581 ] ] ] } },
{ "type": "Feature", "properties": { "idcar_200m": "CRS3035RES200mN2832000E4152400", "population": 385.5, "median_education": 31.91, "median_healthcare": 47.706, "median_services": 15.049, "median_commerce": 98.078, "median_entertainment": 53.621, "PC1_pos": 2.5766356873517751, "nivvie": 21660.898832684827, "rel_education": 1.48716036724612, "rel_sante": 0.9467268258895909, "rel_services": 1.4546743647875262, "rel_commerce": 0.98485601384637833, "rel_loisirs": 1.0047617602299808, "rel_pc1": 1.1839886767118692, "q_revenu": 2, "q_population": 4 }, "geometry": { "type": "Polygon", "coordinates": [ [ [ 7.715530013302113, 48.577903320138311 ], [ 7.715447956510263, 48.579701550313352 ], [ 7.718156437928485, 48.579757238335446 ], [ 7.718238397596246, 48.577959005855092 ], [ 7.715530013302113, 48.577903320138311 ] ] ] } },
{ "type": "Feature", "properties": { "idcar_200m": "CRS3035RES200mN2832000E4152600", "population": 272.0, "median_education": 29.006, "median_healthcare": 47.805, "median_services": 14.205, "median_commerce": 103.596, "median_entertainment": 54.747, "PC1_pos": 2.511775792147092, "nivvie": 21969.14632352941, "rel_education": 1.3518199189075826, "rel_sante": 0.94869148349582633, "rel_services": 1.3730911922258497, "rel_commerce": 1.040265335859514, "rel_loisirs": 1.0258609889280461, "rel_pc1": 1.1541849361706558, "q_revenu": 2, "q_population": 4 }, "geometry": { "type": "Polygon", "coordinates": [ [ [ 7.718238397596246, 48.577959005855092 ], [ 7.718156437928485, 48.579757238335446 ], [ 7.72086492484226, 48.579812860319649 ], [ 7.720946787385162, 48.578014625536717 ], [ 7.718238397596246, 48.577959005855092 ] ] ] } },
{ "type": "Feature", "properties": { "idcar_200m": "CRS3035RES200mN2832000E4152800", "population": 5.0, "median_education": 28.1195, "median_healthcare": 48.313, "median_services": 13.9465, "median_commerce": 113.338, "median_entertainment": 57.251, "PC1_pos": 2.5523988108301139, "nivvie": 20458.6, "rel_education": 1.3105047303910147, "rel_sante": 0.95877275686923669, "rel_services": 1.348103929065668, "rel_commerce": 1.1380902026684967, "rel_loisirs": 1.0727814761926602, "rel_pc1": 1.1728516007560501, "q_revenu": 2, "q_population": 1 }, "geometry": { "type": "Polygon", "coordinates": [ [ [ 7.720946787385162, 48.578014625536717 ], [ 7.72086492484226, 48.579812860319649 ], [ 7.723573417245086, 48.579868416265747 ], [ 7.723655182662365, 48.578070179182966 ], [ 7.720946787385162, 48.578014625536717 ] ] ] } },
{ "type": "Feature", "properties": { "idcar_200m": "CRS3035RES200mN2832000E4153200", "population": 32.0, "median_education": 31.8725, "median_healthcare": 65.1245, "median_services": 16.935, "median_commerce": 189.103, "median_entertainment": 79.584, "PC1_pos": 3.2823501578697334, "nivvie": 28026.215625000001, "rel_education": 1.4854126858367898, "rel_sante": 1.2923974169422432, "rel_services": 1.6369798902037851, "rel_commerce": 1.8988889127673043, "rel_loisirs": 1.4912620041801308, "rel_pc1": 1.5082712076830007, "q_revenu": 4, "q_population": 2 }, "geometry": { "type": "Polygon", "coordinates": [ [ [ 7.726363583421366, 48.578125666793625 ], [ 7.726281915130466, 48.579923906173498 ], [ 7.728990418491906, 48.57997933004274 ], [ 7.729071989655662, 48.578181088368467 ], [ 7.726363583421366, 48.578125666793625 ] ] ] } },
{ "type": "Feature", "properties": { "idcar_200m": "CRS3035RES200mN2832000E4153400", "population": 565.0, "median_education": 39.088, "median_healthcare": 82.2125, "median_services": 20.725, "median_commerce": 249.8625, "median_entertainment": 96.8545, "PC1_pos": 4.3350563449634905, "nivvie": 18670.71150442478, "rel_education": 1.8216898914107285, "rel_sante": 1.6315092267942815, "rel_services": 2.0033308665174752, "rel_commerce": 2.5090090107841792, "rel_loisirs": 1.8148803249882448, "rel_pc1": 1.9919997423539448, "q_revenu": 1, "q_population": 5 }, "geometry": { "type": "Polygon", "coordinates": [ [ [ 7.729071989655662, 48.578181088368467 ], [ 7.728990418491906, 48.57997933004274 ], [ 7.731698927322904, 48.58003468787323 ], [ 7.731780401358757, 48.578236443907315 ], [ 7.729071989655662, 48.578181088368467 ] ] ] } },
{ "type": "Feature", "properties": { "idcar_200m": "CRS3035RES200mN2832000E4153600", "population": 774.0, "median_education": 39.784, "median_healthcare": 84.5635, "median_services": 21.3615, "median_commerce": 270.0315, "median_entertainment": 100.63, "PC1_pos": 4.6339823899042898, "nivvie": 18714.637596899225, "rel_education": 1.8541268583678985, "rel_sante": 1.6781648836857925, "rel_services": 2.0648565647822941, "rel_commerce": 2.7115372122490089, "rel_loisirs": 1.8856264510535603, "rel_pc1": 2.1293591114419077, "q_revenu": 1, "q_population": 5 }, "geometry": { "type": "Polygon", "coordinates": [ [ [ 7.731780401358757, 48.578236443907315 ], [ 7.731698927322904, 48.58003468787323 ], [ 7.734407441616969, 48.580089979664756 ], [ 7.734488818524151, 48.578291733409912 ], [ 7.731780401358757, 48.578236443907315 ] ] ] } },
{ "type": "Feature", "properties": { "idcar_200m": "CRS3035RES200mN2832000E4153800", "population": 465.5, "median_education": 41.429, "median_healthcare": 93.309, "median_services": 23.398, "median_commerce": 305.472, "median_entertainment": 109.82, "PC1_pos": 5.0981243250014785, "nivvie": 27468.165843179377, "rel_education": 1.9307918161905206, "rel_sante": 1.8517195614164219, "rel_services": 2.2617098004716953, "rel_commerce": 3.0674150804633133, "rel_loisirs": 2.0578306355430986, "rel_pc1": 2.3426367580412273, "q_revenu": 4, "q_population": 4 }, "geometry": { "type": "Polygon", "coordinates": [ [ [ 7.734488818524151, 48.578291733409912 ], [ 7.734407441616969, 48.580089979664756 ], [ 7.7371159613676, 48.580145205417111 ], [ 7.737197241145356, 48.578346956876032 ], [ 7.734488818524151, 48.578291733409912 ] ] ] } },
{ "type": "Feature", "properties": { "idcar_200m": "CRS3035RES200mN2832000E4154000", "population": 25.0, "median_education": 46.155, "median_healthcare": 104.477, "median_services": 27.1095, "median_commerce": 387.554, "median_entertainment": 127.475, "PC1_pos": 6.0099836798850319, "nivvie": 19173.772, "rel_education": 2.1510462786037192, "rel_sante": 2.0733488154208439, "rel_services": 2.6204727684369358, "rel_commerce": 3.8916463181367815, "rel_loisirs": 2.3886537995434027, "rel_pc1": 2.7616448297820737, "q_revenu": 2, "q_population": 1 }, "geometry": { "type": "Polygon", "coordinates": [ [ [ 7.737197241145356, 48.578346956876032 ], [ 7.7371159613676, 48.580145205417111 ], [ 7.739824486568293, 48.58020036513004 ], [ 7.739905669215869, 48.578402114305511 ], [ 7.737197241145356, 48.578346956876032 ] ] ] } },
{ "type": "Feature", "properties": { "idcar_200m": "CRS3035RES200mN2832000E4154200", "population": 447.0, "median_education": 47.872, "median_healthcare": 107.567, "median_services": 28.165, "median_commerce": 414.858, "median_entertainment": 131.881, "PC1_pos": 6.3899784223264779, "nivvie": 27097.156152125281, "rel_education": 2.2310667847322549, "rel_sante": 2.1346699467669814, "rel_services": 2.7225000654023974, "rel_commerce": 4.1658210423569075, "rel_loisirs": 2.4712143693868089, "rel_pc1": 2.9362560386810408, "q_revenu": 4, "q_population": 4 }, "geometry": { "type": "Polygon", "coordinates": [ [ [ 7.739905669215869, 48.578402114305511 ], [ 7.739824486568293, 48.58020036513004 ], [ 7.742533017212553, 48.580255458803386 ], [ 7.742614102729195, 48.578457205698122 ], [ 7.739905669215869, 48.578402114305511 ] ] ] } },
{ "type": "Feature", "properties": { "idcar_200m": "CRS3035RES200mN2832000E4154400", "population": 319.5, "median_education": 51.701, "median_healthcare": 118.157, "median_services": 31.661, "median_commerce": 487.308, "median_entertainment": 143.808, "PC1_pos": 7.1804584910397127, "nivvie": 26435.365571205009, "rel_education": 2.409516707834273, "rel_sante": 2.3448287755552002, "rel_services": 3.0604322588569257, "rel_commerce": 4.8933319847004517, "rel_loisirs": 2.6947050449479319, "rel_pc1": 3.2994891705968739, "q_revenu": 4, "q_population": 4 }, "geometry": { "type": "Polygon", "coordinates": [ [ [ 7.742614102729195, 48.578457205698122 ], [ 7.742533017212553, 48.580255458803386 ], [ 7.745241553293891, 48.580310486436922 ], [ 7.745322541678834, 48.578512231053637 ], [ 7.742614102729195, 48.578457205698122 ] ] ] } },
{ "type": "Feature", "properties": { "idcar_200m": "CRS3035RES200mN2832000E4154600", "population": 535.0, "median_education": 53.646, "median_healthcare": 126.068, "median_services": 34.128, "median_commerce": 533.311, "median_entertainment": 151.615, "PC1_pos": 7.632771290365036, "nivvie": 23366.196635514018, "rel_education": 2.5001631169315375, "rel_sante": 2.5018227788171075, "rel_services": 3.2988987123043856, "rel_commerce": 5.355273818801626, "rel_loisirs": 2.8409942798021026, "rel_pc1": 3.5073312164716026, "q_revenu": 3, "q_population": 5 }, "geometry": { "type": "Polygon", "coordinates": [ [ [ 7.745322541678834, 48.578512231053637 ], [ 7.745241553293891, 48.580310486436922 ], [ 7.747950094805796, 48.58036544803042 ], [ 7.748030986058294, 48.578567190371835 ], [ 7.745322541678834, 48.578512231053637 ] ] ] } },
{ "type": "Feature", "properties": { "idcar_200m": "CRS3035RES200mN2832000E4154800", "population": 369.0, "median_education": 54.128, "median_healthcare": 126.414, "median_services": 34.003, "median_commerce": 523.079, "median_entertainment": 154.2285, "PC1_pos": 7.6918382273168335, "nivvie": 27374.374525745254, "rel_education": 2.5226266486461295, "rel_sante": 2.5086891579257689, "rel_services": 3.2868158964629051, "rel_commerce": 5.2525285881313817, "rel_loisirs": 2.889966601473855, "rel_pc1": 3.5344730374369329, "q_revenu": 4, "q_population": 4 }, "geometry": { "type": "Polygon", "coordinates": [ [ [ 7.748030986058294, 48.578567190371835 ], [ 7.747950094805796, 48.58036544803042 ], [ 7.750658641741779, 48.580420343583675 ], [ 7.75073943586107, 48.578622083652512 ], [ 7.748030986058294, 48.578567190371835 ] ] ] } },
{ "type": "Feature", "properties": { "idcar_200m": "CRS3035RES200mN2832000E4155000", "population": 375.0, "median_education": 54.7, "median_healthcare": 124.404, "median_services": 32.882, "median_commerce": 498.398, "median_entertainment": 155.768, "PC1_pos": 7.4792680901201374, "nivvie": 23386.863466666669, "rel_education": 2.5492846157431144, "rel_sante": 2.4688006550112913, "rel_services": 3.1784572039965071, "rel_commerce": 5.0046928729073521, "rel_loisirs": 2.9188140815632613, "rel_pc1": 3.4367950317012248, "q_revenu": 3, "q_population": 4 }, "geometry": { "type": "Polygon", "coordinates": [ [ [ 7.75073943586107, 48.578622083652512 ], [ 7.750658641741779, 48.580420343583675 ], [ 7.753367194095334, 48.580475173096453 ], [ 7.753447891080671, 48.578676910895481 ], [ 7.75073943586107, 48.578622083652512 ] ] ] } },
{ "type": "Feature", "properties": { "idcar_200m": "CRS3035RES200mN2832000E4155200", "population": 520.0, "median_education": 52.958, "median_healthcare": 115.332, "median_services": 29.817, "median_commerce": 418.832, "median_entertainment": 151.896, "PC1_pos": 6.753802834829755, "nivvie": 23296.560769230768, "rel_education": 2.4680989886750244, "rel_sante": 2.2887665761853495, "rel_services": 2.8821865595634044, "rel_commerce": 4.2057261974276221, "rel_loisirs": 2.8462597178697364, "rel_pc1": 3.1034368267256096, "q_revenu": 3, "q_population": 5 }, "geometry": { "type": "Polygon", "coordinates": [ [ [ 7.753447891080671, 48.578676910895481 ], [ 7.753367194095334, 48.580475173096453 ], [ 7.756075751859972, 48.580529936568581 ], [ 7.756156351710598, 48.578731672100481 ], [ 7.753447891080671, 48.578676910895481 ] ] ] } },
{ "type": "Feature", "properties": { "idcar_200m": "CRS3035RES200mN2832000E4155400", "population": 994.0, "median_education": 50.937, "median_healthcare": 108.116, "median_services": 27.363, "median_commerce": 363.049, "median_entertainment": 152.219, "PC1_pos": 6.2204674580523234, "nivvie": 21753.589939637826, "rel_education": 2.3739106119215174, "rel_sante": 2.145564866219742, "rel_services": 2.6449767189634583, "rel_commerce": 3.6455779172792449, "rel_loisirs": 2.8523121609154516, "rel_pc1": 2.8583641336421159, "q_revenu": 2, "q_population": 5 }, "geometry": { "type": "Polygon", "coordinates": [ [ [ 7.756156351710598, 48.578731672100481 ], [ 7.756075751859972, 48.580529936568581 ], [ 7.758784315029184, 48.580584633999813 ], [ 7.758864817744348, 48.578786367267341 ], [ 7.756156351710598, 48.578731672100481 ] ] ] } },
{ "type": "Feature", "properties": { "idcar_200m": "CRS3035RES200mN2832000E4155600", "population": 787.0, "median_education": 46.929, "median_healthcare": 98.3515, "median_services": 24.149, "median_commerce": 304.182, "median_entertainment": 146.151, "PC1_pos": 5.5379699407789857, "nivvie": 22674.2, "rel_education": 2.1871184228922962, "rel_sante": 1.9517881066633147, "rel_services": 2.3343033580473103, "rel_commerce": 3.0544614694816272, "rel_loisirs": 2.7386086797965707, "rel_pc1": 2.5447500141520161, "q_revenu": 3, "q_population": 5 }, "geometry": { "type": "Polygon", "coordinates": [ [ [ 7.758864817744348, 48.578786367267341 ], [ 7.758784315029184, 48.580584633999813 ], [ 7.761492883596478, 48.580639265389927 ], [ 7.761573289175428, 48.578840996395819 ], [ 7.758864817744348, 48.578786367267341 ] ] ] } },
{ "type": "Feature", "properties": { "idcar_200m": "CRS3035RES200mN2832000E4155800", "population": 178.5, "median_education": 42.745, "median_healthcare": 88.799, "median_services": 21.133, "median_commerce": 255.627, "median_entertainment": 136.085, "PC1_pos": 4.8681864632902698, "nivvie": 21692.078431372549, "rel_education": 1.992123782448618, "rel_sante": 1.7622184926879172, "rel_services": 2.0427691774240677, "rel_commerce": 2.5668935770662955, "rel_loisirs": 2.5499898200499231, "rel_pc1": 2.2369781172214154, "q_revenu": 2, "q_population": 3 }, "geometry": { "type": "Polygon", "coordinates": [ [ [ 7.761573289175428, 48.578840996395819 ], [ 7.761492883596478, 48.580639265389927 ], [ 7.764201457555353, 48.580693830738753 ], [ 7.764281765997338, 48.578895559485709 ], [ 7.761573289175428, 48.578840996395819 ] ] ] } },
{ "type": "Feature", "properties": { "idcar_200m": "CRS3035RES200mN2832000E4156000", "population": 4.0, "median_education": 37.06, "median_healthcare": 76.7505, "median_services": 18.0465, "median_commerce": 216.5235, "median_entertainment": 118.064, "PC1_pos": 4.1640393516617031, "nivvie": 36698.025, "rel_education": 1.7271752807941465, "rel_sante": 1.5231156930037948, "rel_services": 1.7444202886662301, "rel_commerce": 2.1742334785993425, "rel_loisirs": 2.2123084698120596, "rel_pc1": 1.9134158026109018, "q_revenu": 5, "q_population": 1 }, "geometry": { "type": "Polygon", "coordinates": [ [ [ 7.764281765997338, 48.578895559485709 ], [ 7.764201457555353, 48.580693830738753 ], [ 7.766910036899309, 48.580748330046042 ], [ 7.766990248203586, 48.578950056536812 ], [ 7.764281765997338, 48.578895559485709 ] ] ] } },
{ "type": "Feature", "properties": { "idcar_200m": "CRS3035RES200mN2832000E4156200", "population": 343.0, "median_education": 39.357, "median_healthcare": 87.788, "median_services": 18.908, "median_commerce": 183.18, "median_entertainment": 120.636, "PC1_pos": 4.1704295924105796, "nivvie": 27334.624198250727, "rel_education": 1.8342265927203243, "rel_sante": 1.7421551710727246, "rel_services": 1.8276950554457139, "rel_commerce": 1.8394127593994534, "rel_loisirs": 2.2605031556126138, "rel_pc1": 1.9163521791911349, "q_revenu": 4, "q_population": 4 }, "geometry": { "type": "Polygon", "coordinates": [ [ [ 7.766990248203586, 48.578950056536812 ], [ 7.766910036899309, 48.580748330046042 ], [ 7.769618621621853, 48.580802763311638 ], [ 7.769698735787669, 48.579004487548893 ], [ 7.766990248203586, 48.578950056536812 ] ] ] } },
{ "type": "Feature", "properties": { "idcar_200m": "CRS3035RES200mN2832000E4156400", "population": 594.5, "median_education": 40.666, "median_healthcare": 88.145, "median_services": 18.3475, "median_commerce": 176.071, "median_entertainment": 119.0305, "PC1_pos": 4.0641705981207146, "nivvie": 19483.862237174097, "rel_education": 1.8952323251153467, "rel_sante": 1.7492398454709677, "rel_services": 1.7735157092125151, "rel_commerce": 1.7680273171755712, "rel_loisirs": 2.2304189534147949, "rel_pc1": 1.8675251577167502, "q_revenu": 2, "q_population": 5 }, "geometry": { "type": "Polygon", "coordinates": [ [ [ 7.769698735787669, 48.579004487548893 ], [ 7.769618621621853, 48.580802763311638 ], [ 7.772327211716475, 48.580857130535264 ], [ 7.77240722874309, 48.57905885252179 ], [ 7.769698735787669, 48.579004487548893 ] ] ] } },
{ "type": "Feature", "properties": { "idcar_200m": "CRS3035RES200mN2832000E4156600", "population": 709.0, "median_education": 38.3415, "median_healthcare": 77.13, "median_services": 15.6665, "median_commerce": 147.5385, "median_entertainment": 105.668, "PC1_pos": 3.5881874450017692, "nivvie": 21545.213258110012, "rel_education": 1.7868993801556599, "rel_sante": 1.5306468804943643, "rel_services": 1.5143634750444401, "rel_commerce": 1.4815165378461417, "rel_loisirs": 1.9800295719957035, "rel_pc1": 1.6488063584837629, "q_revenu": 2, "q_population": 5 }, "geometry": { "type": "Polygon", "coordinates": [ [ [ 7.77240722874309, 48.57905885252179 ], [ 7.772327211716475, 48.580857130535264 ], [ 7.775035807176684, 48.580911431716729 ], [ 7.775115727063345, 48.579113151455253 ], [ 7.77240722874309, 48.57905885252179 ] ] ] } },
{ "type": "Feature", "properties": { "idcar_200m": "CRS3035RES200mN2832000E4156800", "population": 385.5, "median_education": 35.887, "median_healthcare": 68.3945, "median_services": 13.636, "median_commerce": 128.278, "median_entertainment": 95.9065, "PC1_pos": 3.2180838751822392, "nivvie": 21661.974319066147, "rel_education": 1.6725078063102949, "rel_sante": 1.3572906530269906, "rel_services": 1.3180902145154301, "rel_commerce": 1.2881110926424448, "rel_loisirs": 1.79711649834014, "rel_pc1": 1.47874023775587, "q_revenu": 2, "q_population": 4 }, "geometry": { "type": "Polygon", "coordinates": [ [ [ 7.775115727063345, 48.579113151455253 ], [ 7.775035807176684, 48.580911431716729 ], [ 7.777744407995979, 48.580965666855832 ], [ 7.777824230741938, 48.579167384349063 ], [ 7.775115727063345, 48.579113151455253 ] ] ] } },
{ "type": "Feature", "properties": { "idcar_200m": "CRS3035RES200mN2832000E4157000", "population": 30.0, "median_education": 31.93, "median_healthcare": 59.678, "median_services": 11.691, "median_commerce": 109.529, "median_entertainment": 85.4405, "PC1_pos": 2.7690137942893309, "nivvie": 18896.83, "rel_education": 1.4880924639977628, "rel_sante": 1.1843114810598039, "rel_services": 1.1300816000219926, "rel_commerce": 1.0998419048163703, "rel_loisirs": 1.6010023530879631, "rel_pc1": 1.2723882519329333, "q_revenu": 1, "q_population": 2 }, "geometry": { "type": "Polygon", "coordinates": [ [ [ 7.777824230741938, 48.579167384349063 ], [ 7.777744407995979, 48.580965666855832 ], [ 7.78045301416786, 48.581019835952347 ], [ 7.78053273977238, 48.579221551203048 ], [ 7.777824230741938, 48.579167384349063 ] ] ] } },
{ "type": "Feature", "properties": { "idcar_200m": "CRS3035RES200mN2832000E4157400", "population": 5.0, "median_education": 16.828, "median_healthcare": 33.13, "median_services": 6.723, "median_commerce": 55.789, "median_entertainment": 50.718, "PC1_pos": 1.5486204589310129, "nivvie": 21870.82, "rel_education": 0.78426620683226911, "rel_sante": 0.65746572216748722, "rel_services": 0.6498621672181899, "rel_commerce": 0.56020852950178024, "rel_loisirs": 0.9503647256736012, "rel_pc1": 0.7116058730767445, "q_revenu": 2, "q_population": 1 }, "geometry": { "type": "Polygon", "coordinates": [ [ [ 7.783241254148163, 48.579275652016946 ], [ 7.78316162568583, 48.581073939006089 ], [ 7.785870242543385, 48.581127976016823 ], [ 7.785949773862788, 48.579329686790587 ], [ 7.783241254148163, 48.579275652016946 ] ] ] } },
{ "type": "Feature", "properties": { "idcar_200m": "CRS3035RES200mN2832200E4150800", "population": 345.5, "median_education": 15.282, "median_healthcare": 23.8805, "median_services": 4.518, "median_commerce": 39.6525, "median_entertainment": 25.7195, "PC1_pos": 1.0611795694662745, "nivvie": 22508.244573082487, "rel_education": 0.71221512793027919, "rel_sante": 0.47390915116874965, "rel_services": 0.43672129577447305, "rel_commerce": 0.3981729143033455, "rel_loisirs": 0.48193748889865895, "rel_pc1": 0.48762213469820348, "q_revenu": 2, "q_population": 4 }, "geometry": { "type": "Polygon", "coordinates": [ [ [ 7.693780303783915, 48.579253668798813 ], [ 7.693697462488791, 48.581051878998998 ], [ 7.696405996835493, 48.581108097643714 ], [ 7.69648874100385, 48.579309885116174 ], [ 7.693780303783915, 48.579253668798813 ] ] ] } },
{ "type": "Feature", "properties": { "idcar_200m": "CRS3035RES200mN2832200E4151000", "population": 456.0, "median_education": 17.039, "median_healthcare": 26.663, "median_services": 5.188, "median_commerce": 43.329, "median_entertainment": 28.63, "PC1_pos": 1.1870313366117868, "nivvie": 17653.4125, "rel_education": 0.79409982756210096, "rel_sante": 0.5291279369197619, "rel_services": 0.50148518868480874, "rel_commerce": 0.43509070560115137, "rel_loisirs": 0.53647506005826728, "rel_pc1": 0.54545222219404677, "q_revenu": 1, "q_population": 4 }, "geometry": { "type": "Polygon", "coordinates": [ [ [ 7.69648874100385, 48.579309885116174 ], [ 7.696405996835493, 48.581108097643714 ], [ 7.699114536730488, 48.581164250249522 ], [ 7.699197183771308, 48.579366035397399 ], [ 7.69648874100385, 48.579309885116174 ] ] ] } },
{ "type": "Feature", "properties": { "idcar_200m": "CRS3035RES200mN2832200E4151200", "population": 737.0, "median_education": 18.784, "median_healthcare": 29.4595, "median_services": 5.8775, "median_commerce": 46.203, "median_entertainment": 31.288, "PC1_pos": 1.2735748062093943, "nivvie": 19363.318046132972, "rel_education": 0.87542526914293695, "rel_sante": 0.58462455303933258, "rel_services": 0.56813400086641541, "rel_commerce": 0.46395014588128042, "rel_loisirs": 0.58628123224251016, "rel_pc1": 0.58521977200712827, "q_revenu": 2, "q_population": 5 }, "geometry": { "type": "Polygon", "coordinates": [ [ [ 7.699197183771308, 48.579366035397399 ], [ 7.699114536730488, 48.581164250249522 ], [ 7.701823082167284, 48.581220336816287 ], [ 7.701905632079796, 48.579422119642246 ], [ 7.699197183771308, 48.579366035397399 ] ] ] } },
{ "type": "Feature", "properties": { "idcar_200m": "CRS3035RES200mN2832200E4151400", "population": 265.0, "median_education": 24.095, "median_healthcare": 35.281, "median_services": 7.876, "median_commerce": 58.494, "median_entertainment": 37.18, "PC1_pos": 1.6067943486525893, "nivvie": 25521.546415094337, "rel_education": 1.1229435615416878, "rel_sante": 0.70015237379387607, "rel_services": 0.7613140605400065, "rel_commerce": 0.58737094632771925, "rel_loisirs": 0.69668678773895831, "rel_pc1": 0.73833733032106386, "q_revenu": 3, "q_population": 4 }, "geometry": { "type": "Polygon", "coordinates": [ [ [ 7.701905632079796, 48.579422119642246 ], [ 7.701823082167284, 48.581220336816287 ], [ 7.70453163313938, 48.581276357343668 ], [ 7.704614085922813, 48.579478137850529 ], [ 7.701905632079796, 48.579422119642246 ] ] ] } },
{ "type": "Feature", "properties": { "idcar_200m": "CRS3035RES200mN2832200E4151600", "population": 116.0, "median_education": 24.149, "median_healthcare": 35.751, "median_services": 8.368, "median_commerce": 59.238, "median_entertainment": 37.446, "PC1_pos": 1.6831333076618171, "nivvie": 18331.862931034484, "rel_education": 1.1254602227711237, "rel_sante": 0.70947953616691317, "rel_services": 0.80887202369207389, "rel_commerce": 0.59484186614971513, "rel_loisirs": 0.70167115260013535, "rel_pc1": 0.77341581017856864, "q_revenu": 1, "q_population": 2 }, "geometry": { "type": "Polygon", "coordinates": [ [ [ 7.704614085922813, 48.579478137850529 ], [ 7.70453163313938, 48.581276357343668 ], [ 7.707240189640279, 48.581332311831552 ], [ 7.707322545293866, 48.579534090021973 ], [ 7.704614085922813, 48.579478137850529 ] ] ] } },
{ "type": "Feature", "properties": { "idcar_200m": "CRS3035RES200mN2832200E4151800", "population": 536.0, "median_education": 24.22, "median_healthcare": 37.798, "median_services": 10.015, "median_commerce": 63.506, "median_entertainment": 37.953, "PC1_pos": 1.7838170618420801, "nivvie": 18148.362313432834, "rel_education": 1.1287691662394557, "rel_sante": 0.75010230505543862, "rel_services": 0.9680752052194217, "rel_commerce": 0.63769923953718566, "rel_loisirs": 0.71117142697839397, "rel_pc1": 0.81968095564070931, "q_revenu": 1, "q_population": 5 }, "geometry": { "type": "Polygon", "coordinates": [ [ [ 7.707322545293866, 48.579534090021973 ], [ 7.707240189640279, 48.581332311831552 ], [ 7.709948751663482, 48.581388200279683 ], [ 7.710031010186454, 48.579589976156399 ], [ 7.707322545293866, 48.579534090021973 ] ] ] } },
{ "type": "Feature", "properties": { "idcar_200m": "CRS3035RES200mN2832200E4152000", "population": 497.0, "median_education": 27.7295, "median_healthcare": 40.9525, "median_services": 13.4785, "median_commerce": 73.15, "median_entertainment": 42.063, "PC1_pos": 2.1350470446373433, "nivvie": 14693.311670020121, "rel_education": 1.2923288437339797, "rel_sante": 0.812703440599578, "rel_services": 1.3028658665551647, "rel_commerce": 0.7345400335739164, "rel_loisirs": 0.78818548554770862, "rel_pc1": 0.98107448309693368, "q_revenu": 1, "q_population": 5 }, "geometry": { "type": "Polygon", "coordinates": [ [ [ 7.710031010186454, 48.579589976156399 ], [ 7.709948751663482, 48.581388200279683 ], [ 7.712657319202498, 48.581444022687869 ], [ 7.712739480594087, 48.579645796253622 ], [ 7.710031010186454, 48.579589976156399 ] ] ] } },
{ "type": "Feature", "properties": { "idcar_200m": "CRS3035RES200mN2832200E4152200", "population": 1000.5, "median_education": 30.898, "median_healthcare": 46.7885, "median_services": 15.6785, "median_commerce": 85.49, "median_entertainment": 48.387, "PC1_pos": 2.3885003171332762, "nivvie": 17184.988505747126, "rel_education": 1.4399962716129933, "rel_sante": 0.92851901423584282, "rel_services": 1.5155234253652223, "rel_commerce": 0.85845287040648133, "rel_loisirs": 0.90668594939012848, "rel_pc1": 1.0975386794844237, "q_revenu": 1, "q_population": 5 }, "geometry": { "type": "Polygon", "coordinates": [ [ [ 7.712739480594087, 48.579645796253622 ], [ 7.712657319202498, 48.581444022687869 ], [ 7.715365892250823, 48.581499779055846 ], [ 7.715447956510263, 48.579701550313352 ], [ 7.712739480594087, 48.579645796253622 ] ] ] } },
{ "type": "Feature", "properties": { "idcar_200m": "CRS3035RES200mN2832200E4152400", "population": 759.5, "median_education": 31.913, "median_healthcare": 51.9935, "median_services": 16.335, "median_commerce": 103.1175, "median_entertainment": 56.549, "PC1_pos": 2.6557164835252798, "nivvie": 20091.145095457538, "rel_education": 1.4873001817588665, "rel_sante": 1.0318123762606473, "rel_services": 1.5789823741646782, "rel_commerce": 1.0354604499256095, "rel_loisirs": 1.0596272501304562, "rel_pc1": 1.22032705690058, "q_revenu": 2, "q_population": 5 }, "geometry": { "type": "Polygon", "coordinates": [ [ [ 7.715447956510263, 48.579701550313352 ], [ 7.715365892250823, 48.581499779055846 ], [ 7.718074470801961, 48.581555469383439 ], [ 7.718156437928485, 48.579757238335446 ], [ 7.715447956510263, 48.579701550313352 ] ] ] } },
{ "type": "Feature", "properties": { "idcar_200m": "CRS3035RES200mN2832200E4152600", "population": 417.5, "median_education": 32.405, "median_healthcare": 55.954, "median_services": 16.814, "median_commerce": 119.449, "median_entertainment": 62.3205, "PC1_pos": 2.8098001760987401, "nivvie": 20446.83664670659, "rel_education": 1.5102297618492799, "rel_sante": 1.110408603023229, "rel_services": 1.6252837244692317, "rel_commerce": 1.1994541691096479, "rel_loisirs": 1.1677748508683634, "rel_pc1": 1.2911299834332135, "q_revenu": 2, "q_population": 4 }, "geometry": { "type": "Polygon", "coordinates": [ [ [ 7.718156437928485, 48.579757238335446 ], [ 7.718074470801961, 48.581555469383439 ], [ 7.720783054849409, 48.581611093670411 ], [ 7.72086492484226, 48.579812860319649 ], [ 7.718156437928485, 48.579757238335446 ] ] ] } },
{ "type": "Feature", "properties": { "idcar_200m": "CRS3035RES200mN2832200E4152800", "population": 17.0, "median_education": 32.1495, "median_healthcare": 58.2745, "median_services": 16.746, "median_commerce": 144.368, "median_entertainment": 69.2185, "PC1_pos": 3.0750299238586214, "nivvie": 20458.605882352942, "rel_education": 1.498322225847043, "rel_sante": 1.1564589866118091, "rel_services": 1.6187106726514664, "rel_commerce": 1.449679775352005, "rel_loisirs": 1.2970310494112183, "rel_pc1": 1.4130055825395811, "q_revenu": 2, "q_population": 1 }, "geometry": { "type": "Polygon", "coordinates": [ [ [ 7.72086492484226, 48.579812860319649 ], [ 7.720783054849409, 48.581611093670411 ], [ 7.723491644386679, 48.581666651916564 ], [ 7.723573417245086, 48.579868416265747 ], [ 7.72086492484226, 48.579812860319649 ] ] ] } },
{ "type": "Feature", "properties": { "idcar_200m": "CRS3035RES200mN2832200E4153400", "population": 173.0, "median_education": 39.5995, "median_healthcare": 85.6535, "median_services": 21.2715, "median_commerce": 267.102, "median_entertainment": 99.497, "PC1_pos": 4.3907438980273188, "nivvie": 17723.128901734104, "rel_education": 1.8455282658339935, "rel_sante": 1.6997959623807084, "rel_services": 2.0561569373764281, "rel_commerce": 2.6821204654499002, "rel_loisirs": 1.8643960548591485, "rel_pc1": 2.0175887041870122, "q_revenu": 1, "q_population": 3 }, "geometry": { "type": "Polygon", "coordinates": [ [ [ 7.728990418491906, 48.57997933004274 ], [ 7.72890883990467, 48.581777570285496 ], [ 7.731617445872394, 48.58183293040787 ], [ 7.731698927322904, 48.58003468787323 ], [ 7.728990418491906, 48.57997933004274 ] ] ] } },
{ "type": "Feature", "properties": { "idcar_200m": "CRS3035RES200mN2832200E4153600", "population": 561.5, "median_education": 41.98, "median_healthcare": 92.562, "median_services": 22.556, "median_commerce": 297.749, "median_entertainment": 106.4185, "PC1_pos": 5.0074455306447696, "nivvie": 22464.100267141588, "rel_education": 1.9564710816982804, "rel_sante": 1.8368953267511907, "rel_services": 2.1803199529634818, "rel_commerce": 2.9898641210745049, "rel_loisirs": 1.9940926014254527, "rel_pc1": 2.300968987054723, "q_revenu": 2, "q_population": 5 }, "geometry": { "type": "Polygon", "coordinates": [ [ [ 7.731698927322904, 48.58003468787323 ], [ 7.731617445872394, 48.58183293040787 ], [ 7.734326057303943, 48.581888224488537 ], [ 7.734407441616969, 48.580089979664756 ], [ 7.731698927322904, 48.58003468787323 ] ] ] } },
{ "type": "Feature", "properties": { "idcar_200m": "CRS3035RES200mN2832200E4153800", "population": 172.5, "median_education": 43.729, "median_healthcare": 104.3995, "median_services": 25.7065, "median_commerce": 354.4405, "median_entertainment": 120.84, "PC1_pos": 5.6724246864885934, "nivvie": 21927.043478260868, "rel_education": 2.0379829426294447, "rel_sante": 2.0718108258806094, "rel_services": 2.4848552434321576, "rel_commerce": 3.5591351574840151, "rel_loisirs": 2.2643257512204338, "rel_pc1": 2.6065332523613596, "q_revenu": 2, "q_population": 3 }, "geometry": { "type": "Polygon", "coordinates": [ [ [ 7.734407441616969, 48.580089979664756 ], [ 7.734326057303943, 48.581888224488537 ], [ 7.737034674192816, 48.581943452527305 ], [ 7.7371159613676, 48.580145205417111 ], [ 7.734407441616969, 48.580089979664756 ] ] ] } },
{ "type": "Feature", "properties": { "idcar_200m": "CRS3035RES200mN2832200E4154000", "population": 114.5, "median_education": 47.724, "median_healthcare": 114.051, "median_services": 29.283, "median_commerce": 420.288, "median_entertainment": 133.438, "PC1_pos": 6.4654025978442649, "nivvie": 26311.307423580787, "rel_education": 2.224169268770098, "rel_sante": 2.263345097462242, "rel_services": 2.8305687702885995, "rel_commerce": 4.2203467071867964, "rel_loisirs": 2.5003897682170821, "rel_pc1": 2.9709141667981638, "q_revenu": 4, "q_population": 2 }, "geometry": { "type": "Polygon", "coordinates": [ [ [ 7.7371159613676, 48.580145205417111 ], [ 7.737034674192816, 48.581943452527305 ], [ 7.739743296532515, 48.581998614523947 ], [ 7.739824486568293, 48.58020036513004 ], [ 7.7371159613676, 48.580145205417111 ] ] ] } },
{ "type": "Feature", "properties": { "idcar_200m": "CRS3035RES200mN2832200E4154200", "population": 340.5, "median_education": 49.2805, "median_healthcare": 119.051, "median_services": 31.054, "median_commerce": 465.1035, "median_entertainment": 139.7435, "PC1_pos": 6.9984343797707877, "nivvie": 24769.008810572686, "rel_education": 2.2967096984667008, "rel_sante": 2.3625702290902963, "rel_services": 3.0017581051306959, "rel_commerce": 4.6703641900935891, "rel_loisirs": 2.6185435751048711, "rel_pc1": 3.2158473551516913, "q_revenu": 3, "q_population": 4 }, "geometry": { "type": "Polygon", "coordinates": [ [ [ 7.739824486568293, 48.58020036513004 ], [ 7.739743296532515, 48.581998614523947 ], [ 7.74245192431654, 48.58205371047827 ], [ 7.742533017212553, 48.580255458803386 ], [ 7.739824486568293, 48.58020036513004 ] ] ] } },
{ "type": "Feature", "properties": { "idcar_200m": "CRS3035RES200mN2832200E4154400", "population": 683.5, "median_education": 53.76, "median_healthcare": 129.069, "median_services": 33.973, "median_commerce": 533.383, "median_entertainment": 150.912, "PC1_pos": 7.7578487191295542, "nivvie": 25411.082955376736, "rel_education": 2.5054760684159012, "rel_sante": 2.5613777028202653, "rel_services": 3.2839160206609495, "rel_commerce": 5.3559968110424645, "rel_loisirs": 2.8278213155261347, "rel_pc1": 3.5648054880950117, "q_revenu": 3, "q_population": 5 }, "geometry": { "type": "Polygon", "coordinates": [ [ [ 7.742533017212553, 48.580255458803386 ], [ 7.74245192431654, 48.58205371047827 ], [ 7.745160557538387, 48.582108740390019 ], [ 7.745241553293891, 48.580310486436922 ], [ 7.742533017212553, 48.580255458803386 ] ] ] } },
{ "type": "Feature", "properties": { "idcar_200m": "CRS3035RES200mN2832200E4154600", "population": 657.5, "median_education": 56.701, "median_healthcare": 136.65, "median_services": 36.338, "median_commerce": 576.977, "median_entertainment": 159.336, "PC1_pos": 8.295702953663703, "nivvie": 29039.185399239541, "rel_education": 2.6425408957449781, "rel_sante": 2.7118228473947217, "rel_services": 3.5125228963817618, "rel_commerce": 5.7937485297522562, "rel_loisirs": 2.9856720282725839, "rel_pc1": 3.8119546394228303, "q_revenu": 4, "q_population": 5 }, "geometry": { "type": "Polygon", "coordinates": [ [ [ 7.745241553293891, 48.580310486436922 ], [ 7.745160557538387, 48.582108740390019 ], [ 7.747869196191568, 48.582163704259003 ], [ 7.747950094805796, 48.58036544803042 ], [ 7.745241553293891, 48.580310486436922 ] ] ] } },
{ "type": "Feature", "properties": { "idcar_200m": "CRS3035RES200mN2832200E4154800", "population": 428.5, "median_education": 57.544, "median_healthcare": 134.3435, "median_services": 35.771, "median_commerce": 567.2, "median_entertainment": 161.194, "PC1_pos": 8.2335979697213091, "nivvie": 26424.035705950995, "rel_education": 2.681828773826723, "rel_sante": 2.6660502941747004, "rel_services": 3.457715243724806, "rel_commerce": 5.6955722083817557, "rel_loisirs": 3.0204876294457681, "rel_pc1": 3.7834168068855725, "q_revenu": 4, "q_population": 4 }, "geometry": { "type": "Polygon", "coordinates": [ [ [ 7.747950094805796, 48.58036544803042 ], [ 7.747869196191568, 48.582163704259003 ], [ 7.750577840269576, 48.582218602085049 ], [ 7.750658641741779, 48.580420343583675 ], [ 7.747950094805796, 48.58036544803042 ] ] ] } },
{ "type": "Feature", "properties": { "idcar_200m": "CRS3035RES200mN2832200E4155000", "population": 118.5, "median_education": 56.579, "median_healthcare": 123.908, "median_services": 32.234, "median_commerce": 495.207, "median_entertainment": 158.443, "PC1_pos": 7.5500485084341831, "nivvie": 29609.922362869198, "rel_education": 2.6368551055599569, "rel_sante": 2.458957521953788, "rel_services": 3.1158198866742723, "rel_commerce": 4.9726502584557544, "rel_loisirs": 2.9689388033814894, "rel_pc1": 3.469319309086706, "q_revenu": 5, "q_population": 2 }, "geometry": { "type": "Polygon", "coordinates": [ [ [ 7.750658641741779, 48.580420343583675 ], [ 7.750577840269576, 48.582218602085049 ], [ 7.753286489765914, 48.58227343386789 ], [ 7.753367194095334, 48.580475173096453 ], [ 7.750658641741779, 48.580420343583675 ] ] ] } },
{ "type": "Feature", "properties": { "idcar_200m": "CRS3035RES200mN2832200E4155200", "population": 575.0, "median_education": 57.2365, "median_healthcare": 119.6165, "median_services": 30.2665, "median_commerce": 445.9005, "median_entertainment": 160.4595, "PC1_pos": 6.9988061062667635, "nivvie": 28900.560521739131, "rel_education": 2.6674977862702147, "rel_sante": 2.3737925914774292, "rel_services": 2.9256363653293684, "rel_commerce": 4.4775361345266722, "rel_loisirs": 3.0067244114362395, "rel_pc1": 3.2160181670224688, "q_revenu": 4, "q_population": 5 }, "geometry": { "type": "Polygon", "coordinates": [ [ [ 7.753367194095334, 48.580475173096453 ], [ 7.753286489765914, 48.58227343386789 ], [ 7.755995144674079, 48.582328199607325 ], [ 7.756075751859972, 48.580529936568581 ], [ 7.753367194095334, 48.580475173096453 ] ] ] } },
{ "type": "Feature", "properties": { "idcar_200m": "CRS3035RES200mN2832200E4155400", "population": 453.5, "median_education": 53.0, "median_healthcare": 108.868, "median_services": 26.759, "median_commerce": 368.534, "median_entertainment": 154.226, "PC1_pos": 6.2515935382698862, "nivvie": 24491.339801543549, "rel_education": 2.4700563918534741, "rel_sante": 2.1604883260166012, "rel_services": 2.5865925528174243, "rel_commerce": 3.700655867848663, "rel_loisirs": 2.8899197559394456, "rel_pc1": 2.872666864411904, "q_revenu": 3, "q_population": 4 }, "geometry": { "type": "Polygon", "coordinates": [ [ [ 7.756075751859972, 48.580529936568581 ], [ 7.755995144674079, 48.582328199607325 ], [ 7.758703804987577, 48.582382899303148 ], [ 7.758784315029184, 48.580584633999813 ], [ 7.756075751859972, 48.580529936568581 ] ] ] } },
{ "type": "Feature", "properties": { "idcar_200m": "CRS3035RES200mN2832200E4155600", "population": 113.0, "median_education": 49.728, "median_healthcare": 101.375, "median_services": 24.176, "median_commerce": 324.158, "median_entertainment": 149.442, "PC1_pos": 5.7455801726883529, "nivvie": 22553.902654867255, "rel_education": 2.3175653632847091, "rel_sante": 2.0117895437587991, "rel_services": 2.33691324626907, "rel_commerce": 3.2550516500786548, "rel_loisirs": 2.8002761412933141, "rel_pc1": 2.6401488960959569, "q_revenu": 2, "q_population": 2 }, "geometry": { "type": "Polygon", "coordinates": [ [ [ 7.758784315029184, 48.580584633999813 ], [ 7.758703804987577, 48.582382899303148 ], [ 7.76141247069991, 48.582437532955147 ], [ 7.761492883596478, 48.580639265389927 ], [ 7.758784315029184, 48.580584633999813 ] ] ] } },
{ "type": "Feature", "properties": { "idcar_200m": "CRS3035RES200mN2832200E4155800", "population": 207.0, "median_education": 46.687, "median_healthcare": 95.666, "median_services": 21.941, "median_commerce": 275.026, "median_entertainment": 145.084, "PC1_pos": 5.1603010079529561, "nivvie": 21194.419806763286, "rel_education": 2.1758400521974179, "rel_sante": 1.8984942884658866, "rel_services": 2.1208724990233976, "rel_commerce": 2.7616897781777161, "rel_loisirs": 2.7186150057105709, "rel_pc1": 2.3712075369570917, "q_revenu": 2, "q_population": 3 }, "geometry": { "type": "Polygon", "coordinates": [ [ [ 7.761492883596478, 48.580639265389927 ], [ 7.76141247069991, 48.582437532955147 ], [ 7.764121141804567, 48.582492100563115 ], [ 7.764201457555353, 48.580693830738753 ], [ 7.761492883596478, 48.580639265389927 ] ] ] } },
{ "type": "Feature", "properties": { "idcar_200m": "CRS3035RES200mN2832200E4156000", "population": 57.0, "median_education": 45.095, "median_healthcare": 92.8375, "median_services": 20.2535, "median_commerce": 236.7665, "median_entertainment": 135.999, "PC1_pos": 4.7853087692060896, "nivvie": 29631.745614035088, "rel_education": 2.1016451507666494, "rel_sante": 1.8423626315038966, "rel_services": 1.9577544851634108, "rel_commerce": 2.3775047554228119, "rel_loisirs": 2.5483783336662342, "rel_pc1": 2.1988950262243669, "q_revenu": 5, "q_population": 2 }, "geometry": { "type": "Polygon", "coordinates": [ [ [ 7.764201457555353, 48.580693830738753 ], [ 7.764121141804567, 48.582492100563115 ], [ 7.766829818295058, 48.582546602126818 ], [ 7.766910036899309, 48.580748330046042 ], [ 7.764201457555353, 48.580693830738753 ] ] ] } },
{ "type": "Feature", "properties": { "idcar_200m": "CRS3035RES200mN2832200E4156200", "population": 34.0, "median_education": 43.663, "median_healthcare": 91.045, "median_services": 19.637, "median_commerce": 211.378, "median_entertainment": 129.368, "PC1_pos": 4.5105058390970019, "nivvie": 36698.017647058827, "rel_education": 2.0349070233490236, "rel_sante": 1.8067904218152391, "rel_services": 1.8981620374332284, "rel_commerce": 2.1225646372766547, "rel_loisirs": 2.4241252381983207, "rel_pc1": 2.0726204585105252, "q_revenu": 5, "q_population": 2 }, "geometry": { "type": "Polygon", "coordinates": [ [ [ 7.766910036899309, 48.580748330046042 ], [ 7.766829818295058, 48.582546602126818 ], [ 7.769538500164881, 48.582601037646057 ], [ 7.769618621621853, 48.580802763311638 ], [ 7.766910036899309, 48.580748330046042 ] ] ] } },
{ "type": "Feature", "properties": { "idcar_200m": "CRS3035RES200mN2832200E4156400", "population": 754.5, "median_education": 41.73, "median_healthcare": 86.459, "median_services": 18.261, "median_commerce": 184.053, "median_entertainment": 117.461, "PC1_pos": 4.1798783740435415, "nivvie": 23066.202518223989, "rel_education": 1.9448198723027448, "rel_sante": 1.7157811310859878, "rel_services": 1.7651544006502105, "rel_commerce": 1.8481790403196177, "rel_loisirs": 2.201009326912474, "rel_pc1": 1.9206939844828439, "q_revenu": 3, "q_population": 5 }, "geometry": { "type": "Polygon", "coordinates": [ [ [ 7.769618621621853, 48.580802763311638 ], [ 7.769538500164881, 48.582601037646057 ], [ 7.772247187407532, 48.582655407120647 ], [ 7.772327211716475, 48.580857130535264 ], [ 7.769618621621853, 48.580802763311638 ] ] ] } },
{ "type": "Feature", "properties": { "idcar_200m": "CRS3035RES200mN2832200E4156600", "population": 1335.0, "median_education": 39.852, "median_healthcare": 77.5455, "median_services": 15.7595, "median_commerce": 152.995, "median_entertainment": 103.935, "PC1_pos": 3.6345738853477858, "nivvie": 16690.827790262174, "rel_education": 1.8572959873234842, "rel_sante": 1.5388924889326556, "rel_services": 1.5233530900305017, "rel_commerce": 1.5363083039868946, "rel_loisirs": 1.9475562475429973, "rel_pc1": 1.6701213703002378, "q_revenu": 1, "q_population": 5 }, "geometry": { "type": "Polygon", "coordinates": [ [ [ 7.772327211716475, 48.580857130535264 ], [ 7.772247187407532, 48.582655407120647 ], [ 7.77495588001652, 48.582709710550333 ], [ 7.775035807176684, 48.580911431716729 ], [ 7.772327211716475, 48.580857130535264 ] ] ] } },
{ "type": "Feature", "properties": { "idcar_200m": "CRS3035RES200mN2832200E4156800", "population": 394.0, "median_education": 37.456, "median_healthcare": 69.908, "median_services": 13.838, "median_commerce": 134.493, "median_entertainment": 95.46, "PC1_pos": 3.257721683588565, "nivvie": 17507.613451776651, "rel_education": 1.7456307964766744, "rel_sante": 1.3873261003708028, "rel_services": 1.3376160449152628, "rel_commerce": 1.3505193812092513, "rel_loisirs": 1.7887498858945927, "rel_pc1": 1.4969541888212605, "q_revenu": 1, "q_population": 4 }, "geometry": { "type": "Polygon", "coordinates": [ [ [ 7.775035807176684, 48.580911431716729 ], [ 7.77495588001652, 48.582709710550333 ], [ 7.777664577985335, 48.582763947934936 ], [ 7.777744407995979, 48.580965666855832 ], [ 7.775035807176684, 48.580911431716729 ] ] ] } },
{ "type": "Feature", "properties": { "idcar_200m": "CRS3035RES200mN2832200E4157000", "population": 149.0, "median_education": 32.1005, "median_healthcare": 58.1995, "median_services": 11.173, "median_commerce": 107.371, "median_entertainment": 82.376, "PC1_pos": 2.6577262950548364, "nivvie": 29252.806711409397, "rel_education": 1.4960385888055179, "rel_sante": 1.1549706096373882, "rel_services": 1.0800104111748974, "rel_commerce": 1.0781722207090221, "rel_loisirs": 1.543579097008726, "rel_pc1": 1.2212505844698831, "q_revenu": 4, "q_population": 3 }, "geometry": { "type": "Polygon", "coordinates": [ [ [ 7.777744407995979, 48.580965666855832 ], [ 7.777664577985335, 48.582763947934936 ], [ 7.780373281307481, 48.582818119274215 ], [ 7.78045301416786, 48.581019835952347 ], [ 7.777744407995979, 48.580965666855832 ] ] ] } },
{ "type": "Feature", "properties": { "idcar_200m": "CRS3035RES200mN2832200E4157200", "population": 29.0, "median_education": 23.855, "median_healthcare": 44.146, "median_services": 8.685, "median_commerce": 79.91, "median_entertainment": 66.85, "PC1_pos": 2.1645985126867524, "nivvie": 18958.282758620688, "rel_education": 1.1117584005219741, "rel_sante": 0.8760785321704162, "rel_services": 0.8395140446660686, "rel_commerce": 0.80242097174151272, "rel_loisirs": 1.2526495901116019, "rel_pc1": 0.99465366455532356, "q_revenu": 1, "q_population": 2 }, "geometry": { "type": "Polygon", "coordinates": [ [ [ 7.78045301416786, 48.581019835952347 ], [ 7.780373281307481, 48.582818119274215 ], [ 7.783081989976461, 48.582872224568 ], [ 7.78316162568583, 48.581073939006089 ], [ 7.78045301416786, 48.581019835952347 ] ] ] } },
{ "type": "Feature", "properties": { "idcar_200m": "CRS3035RES200mN2832200E4157400", "population": 1.0, "median_education": 14.172, "median_healthcare": 27.838, "median_services": 5.672, "median_commerce": 47.007, "median_entertainment": 43.021, "PC1_pos": 1.343338030982252, "nivvie": 21870.8, "rel_education": 0.66048375821410266, "rel_sante": 0.55244584285235465, "rel_services": 0.54826985162302133, "rel_commerce": 0.4720235592373081, "rel_loisirs": 0.80613669433345148, "rel_pc1": 0.61727663925748533, "q_revenu": 2, "q_population": 1 }, "geometry": { "type": "Polygon", "coordinates": [ [ [ 7.78316162568583, 48.581073939006089 ], [ 7.783081989976461, 48.582872224568 ], [ 7.785790703985768, 48.582926263816049 ], [ 7.785870242543385, 48.581127976016823 ], [ 7.78316162568583, 48.581073939006089 ] ] ] } },
{ "type": "Feature", "properties": { "idcar_200m": "CRS3035RES200mN2832400E4150600", "population": 289.5, "median_education": 14.4475, "median_healthcare": 23.9855, "median_services": 3.681, "median_commerce": 37.1985, "median_entertainment": 25.004, "PC1_pos": 0.93704637343110386, "nivvie": 20788.116062176163, "rel_education": 0.67332339096798244, "rel_sante": 0.4759928789329389, "rel_services": 0.3558147608999192, "rel_commerce": 0.37353092876143984, "rel_loisirs": 0.46853029695064313, "rel_pc1": 0.43058174702090929, "q_revenu": 2, "q_population": 4 }, "geometry": { "type": "Polygon", "coordinates": [ [ [ 7.690988933696885, 48.580995594315652 ], [ 7.69090598772782, 48.582793800751666 ], [ 7.693614613654539, 48.582850087765337 ], [ 7.693697462488791, 48.581051878998998 ], [ 7.690988933696885, 48.580995594315652 ] ] ] } },
{ "type": "Feature", "properties": { "idcar_200m": "CRS3035RES200mN2832400E4150800", "population": 326.5, "median_education": 15.504, "median_healthcare": 25.252, "median_services": 3.864, "median_commerce": 39.459, "median_entertainment": 26.714, "PC1_pos": 1.0558186146393449, "nivvie": 19506.295865237364, "rel_education": 0.72256140187351448, "rel_sante": 0.50112660477432502, "rel_services": 0.37350400329184674, "rel_commerce": 0.39622987265609255, "rel_loisirs": 0.50057264248678135, "rel_pc1": 0.48515872481740185, "q_revenu": 2, "q_population": 4 }, "geometry": { "type": "Polygon", "coordinates": [ [ [ 7.693697462488791, 48.581051878998998 ], [ 7.693614613654539, 48.582850087765337 ], [ 7.696323245136825, 48.582906308737577 ], [ 7.696405996835493, 48.581108097643714 ], [ 7.693697462488791, 48.581051878998998 ] ] ] } },
{ "type": "Feature", "properties": { "idcar_200m": "CRS3035RES200mN2832400E4151000", "population": 432.5, "median_education": 18.295, "median_healthcare": 29.742, "median_services": 4.8335, "median_commerce": 44.4525, "median_entertainment": 30.843, "PC1_pos": 1.2281051793157172, "nivvie": 14406.464739884394, "rel_education": 0.85263550356527007, "rel_sante": 0.59023077297631765, "rel_services": 0.4672183229583699, "rel_commerce": 0.44637239702589909, "rel_loisirs": 0.57794272711760875, "rel_pc1": 0.56432604471743197, "q_revenu": 1, "q_population": 4 }, "geometry": { "type": "Polygon", "coordinates": [ [ [ 7.696405996835493, 48.581108097643714 ], [ 7.696323245136825, 48.582906308737577 ], [ 7.699031882168181, 48.582962463668231 ], [ 7.699114536730488, 48.581164250249522 ], [ 7.696405996835493, 48.581108097643714 ] ] ] } },
{ "type": "Feature", "properties": { "idcar_200m": "CRS3035RES200mN2832400E4151200", "population": 734.5, "median_education": 20.059, "median_healthcare": 32.324, "median_services": 5.43, "median_commerce": 48.4425, "median_entertainment": 33.4435, "PC1_pos": 1.3682360266767239, "nivvie": 14974.024778761061, "rel_education": 0.93484643706016668, "rel_sante": 0.64147063094904477, "rel_services": 0.52487752015391509, "rel_commerce": 0.48643821703902185, "rel_loisirs": 0.62667145201043173, "rel_pc1": 0.62871750577958718, "q_revenu": 1, "q_population": 5 }, "geometry": { "type": "Polygon", "coordinates": [ [ [ 7.699114536730488, 48.581164250249522 ], [ 7.699031882168181, 48.582962463668231 ], [ 7.701740524742105, 48.58301855255705 ], [ 7.701823082167284, 48.581220336816287 ], [ 7.699114536730488, 48.581164250249522 ] ] ] } },
{ "type": "Feature", "properties": { "idcar_200m": "CRS3035RES200mN2832400E4151400", "population": 532.5, "median_education": 23.13, "median_healthcare": 36.736, "median_services": 6.8695, "median_commerce": 56.682, "median_entertainment": 37.5385, "PC1_pos": 1.5689408848745301, "nivvie": 15695.526572769953, "rel_education": 1.077969893274922, "rel_sante": 0.72902688709763996, "rel_services": 0.66402322738440511, "rel_commerce": 0.56917564159995526, "rel_loisirs": 0.70340443737328906, "rel_pc1": 0.72094330263311845, "q_revenu": 1, "q_population": 5 }, "geometry": { "type": "Polygon", "coordinates": [ [ [ 7.701823082167284, 48.581220336816287 ], [ 7.701740524742105, 48.58301855255705 ], [ 7.704449172852102, 48.583074575403835 ], [ 7.70453163313938, 48.581276357343668 ], [ 7.701823082167284, 48.581220336816287 ] ] ] } },
{ "type": "Feature", "properties": { "idcar_200m": "CRS3035RES200mN2832400E4151600", "population": 604.5, "median_education": 23.2415, "median_healthcare": 37.105, "median_services": 7.8895, "median_commerce": 58.366, "median_entertainment": 37.779, "PC1_pos": 1.6473739585414313, "nivvie": 20116.524896608767, "rel_education": 1.0831663326653307, "rel_sante": 0.73634970181179027, "rel_services": 0.76261900465088639, "rel_commerce": 0.58608562678845122, "rel_loisirs": 0.70791097778348855, "rel_pc1": 0.7569840481514587, "q_revenu": 2, "q_population": 5 }, "geometry": { "type": "Polygon", "coordinates": [ [ [ 7.70453163313938, 48.581276357343668 ], [ 7.704449172852102, 48.583074575403835 ], [ 7.707157826491668, 48.583130532208351 ], [ 7.707240189640279, 48.581332311831552 ], [ 7.70453163313938, 48.581276357343668 ] ] ] } },
{ "type": "Feature", "properties": { "idcar_200m": "CRS3035RES200mN2832400E4151800", "population": 111.0, "median_education": 21.974, "median_healthcare": 35.97, "median_services": 8.647, "median_commerce": 58.118, "median_entertainment": 36.041, "PC1_pos": 1.6230341732568547, "nivvie": 20981.961261261262, "rel_education": 1.0240947010299668, "rel_sante": 0.71382559693222192, "rel_services": 0.83584086865025853, "rel_commerce": 0.58359532018111926, "rel_loisirs": 0.67534396226196325, "rel_pc1": 0.74579968463743951, "q_revenu": 2, "q_population": 2 }, "geometry": { "type": "Polygon", "coordinates": [ [ [ 7.707240189640279, 48.581332311831552 ], [ 7.707157826491668, 48.583130532208351 ], [ 7.70986648565431, 48.583186422970407 ], [ 7.709948751663482, 48.581388200279683 ], [ 7.707240189640279, 48.581332311831552 ] ] ] } },
{ "type": "Feature", "properties": { "idcar_200m": "CRS3035RES200mN2832400E4152000", "population": 186.5, "median_education": 25.684, "median_healthcare": 39.768, "median_services": 12.952, "median_commerce": 68.615, "median_entertainment": 41.948, "PC1_pos": 1.9046973218866539, "nivvie": 15927.160857908848, "rel_education": 1.1969986484597102, "rel_sante": 0.78919700691689199, "rel_services": 1.2519730462308487, "rel_commerce": 0.68900156396000367, "rel_loisirs": 0.78603059096486882, "rel_pc1": 0.87522658820076238, "q_revenu": 1, "q_population": 3 }, "geometry": { "type": "Polygon", "coordinates": [ [ [ 7.709948751663482, 48.581388200279683 ], [ 7.70986648565431, 48.583186422970407 ], [ 7.712575150333527, 48.583242247689739 ], [ 7.712657319202498, 48.581444022687869 ], [ 7.709948751663482, 48.581388200279683 ] ] ] } },
{ "type": "Feature", "properties": { "idcar_200m": "CRS3035RES200mN2832400E4152200", "population": 1080.0, "median_education": 27.34, "median_healthcare": 43.73, "median_services": 14.104, "median_commerce": 76.801, "median_entertainment": 46.633, "PC1_pos": 2.2208697682126837, "nivvie": 15044.217962962963, "rel_education": 1.2741762594957355, "rel_sante": 0.86782300121896205, "rel_services": 1.3633282770259332, "rel_commerce": 0.7712017651197588, "rel_loisirs": 0.87381912244838211, "rel_pc1": 1.0205108432376302, "q_revenu": 1, "q_population": 5 }, "geometry": { "type": "Polygon", "coordinates": [ [ [ 7.712657319202498, 48.581444022687869 ], [ 7.712575150333527, 48.583242247689739 ], [ 7.715283820522825, 48.583298006366199 ], [ 7.715365892250823, 48.581499779055846 ], [ 7.712657319202498, 48.581444022687869 ] ] ] } },
{ "type": "Feature", "properties": { "idcar_200m": "CRS3035RES200mN2832400E4152400", "population": 341.0, "median_education": 27.787, "median_healthcare": 46.1315, "median_services": 14.375, "median_commerce": 86.909, "median_entertainment": 51.2995, "PC1_pos": 2.2956682280643181, "nivvie": 22547.880645161291, "rel_education": 1.2950086218949526, "rel_sante": 0.91548083193991658, "rel_services": 1.3895238217702632, "rel_commerce": 0.8727018424863362, "rel_loisirs": 0.96126099697726453, "rel_pc1": 1.0548814490374916, "q_revenu": 2, "q_population": 4 }, "geometry": { "type": "Polygon", "coordinates": [ [ [ 7.715365892250823, 48.581499779055846 ], [ 7.715283820522825, 48.583298006366199 ], [ 7.717992496215694, 48.583353698999545 ], [ 7.718074470801961, 48.581555469383439 ], [ 7.715365892250823, 48.581499779055846 ] ] ] } },
{ "type": "Feature", "properties": { "idcar_200m": "CRS3035RES200mN2832400E4152600", "population": 223.5, "median_education": 27.6095, "median_healthcare": 51.052, "median_services": 14.4645, "median_commerce": 106.794, "median_entertainment": 59.646, "PC1_pos": 2.5386852545034202, "nivvie": 21917.073378076064, "rel_education": 1.2867362632241226, "rel_sante": 1.0131282839750846, "rel_services": 1.3981751179127633, "rel_commerce": 1.0723782412234153, "rel_loisirs": 1.1176594981570174, "rel_pc1": 1.1665500908111408, "q_revenu": 2, "q_population": 3 }, "geometry": { "type": "Polygon", "coordinates": [ [ [ 7.718074470801961, 48.581555469383439 ], [ 7.717992496215694, 48.583353698999545 ], [ 7.720701177405647, 48.583409325589486 ], [ 7.720783054849409, 48.581611093670411 ], [ 7.718074470801961, 48.581555469383439 ] ] ] } },
{ "type": "Feature", "properties": { "idcar_200m": "CRS3035RES200mN2832400E4153600", "population": 338.5, "median_education": 42.407, "median_healthcare": 97.8905, "median_services": 23.637, "median_commerce": 320.184, "median_entertainment": 111.2205, "PC1_pos": 5.0803576317378223, "nivvie": 22885.111373707532, "rel_education": 1.9763713473458542, "rel_sante": 1.9426395495272082, "rel_services": 2.2848121443606062, "rel_commerce": 3.2151464950079403, "rel_loisirs": 2.084073503919333, "rel_pc1": 2.3344727930111526, "q_revenu": 3, "q_population": 4 }, "geometry": { "type": "Polygon", "coordinates": [ [ [ 7.731617445872394, 48.58183293040787 ], [ 7.731535957006258, 48.583631171511662 ], [ 7.734244665584115, 48.583686467881705 ], [ 7.734326057303943, 48.581888224488537 ], [ 7.731617445872394, 48.58183293040787 ] ] ] } },
{ "type": "Feature", "properties": { "idcar_200m": "CRS3035RES200mN2832400E4153800", "population": 778.0, "median_education": 45.344, "median_healthcare": 113.2065, "median_services": 27.279, "median_commerce": 379.73, "median_entertainment": 126.4885, "PC1_pos": 6.0493698609592563, "nivvie": 22099.30771208226, "rel_education": 2.1132497553246021, "rel_sante": 2.2465859727302639, "rel_services": 2.6368570667179831, "rel_commerce": 3.8130811612990194, "rel_loisirs": 2.3701685516653908, "rel_pc1": 2.7797431556881054, "q_revenu": 2, "q_population": 5 }, "geometry": { "type": "Polygon", "coordinates": [ [ [ 7.734326057303943, 48.581888224488537 ], [ 7.734244665584115, 48.583686467881705 ], [ 7.736953379620055, 48.583741698207113 ], [ 7.737034674192816, 48.581943452527305 ], [ 7.734326057303943, 48.581888224488537 ] ] ] } },
{ "type": "Feature", "properties": { "idcar_200m": "CRS3035RES200mN2832400E4154000", "population": 455.5, "median_education": 50.303, "median_healthcare": 126.228, "median_services": 31.738, "median_commerce": 450.779, "median_entertainment": 143.025, "PC1_pos": 6.8391005609123949, "nivvie": 23016.770801317234, "rel_education": 2.34436314489444, "rel_sante": 2.5049979830292051, "rel_services": 3.0678752734152774, "rel_commerce": 4.5265238796229177, "rel_loisirs": 2.6800330235708585, "rel_pc1": 3.1426319455104905, "q_revenu": 3, "q_population": 4 }, "geometry": { "type": "Polygon", "coordinates": [ [ [ 7.737034674192816, 48.581943452527305 ], [ 7.736953379620055, 48.583741698207113 ], [ 7.739662099107578, 48.583796862487638 ], [ 7.739743296532515, 48.581998614523947 ], [ 7.737034674192816, 48.581943452527305 ] ] ] } },
{ "type": "Feature", "properties": { "idcar_200m": "CRS3035RES200mN2832400E4154200", "population": 541.5, "median_education": 52.277, "median_healthcare": 132.206, "median_services": 33.808, "median_commerce": 489.932, "median_entertainment": 148.582, "PC1_pos": 7.3990409498133571, "nivvie": 24704.80517082179, "rel_education": 2.4363610942815863, "rel_sante": 2.6236315504037067, "rel_services": 3.2679667037501954, "rel_commerce": 4.9196810352554481, "rel_loisirs": 2.7841612774564255, "rel_pc1": 3.3999298954483654, "q_revenu": 3, "q_population": 5 }, "geometry": { "type": "Polygon", "coordinates": [ [ [ 7.739743296532515, 48.581998614523947 ], [ 7.739662099107578, 48.583796862487638 ], [ 7.742370824040187, 48.583851960723145 ], [ 7.74245192431654, 48.58205371047827 ], [ 7.739743296532515, 48.581998614523947 ] ] ] } },
{ "type": "Feature", "properties": { "idcar_200m": "CRS3035RES200mN2832400E4154400", "population": 437.0, "median_education": 56.4635, "median_healthcare": 140.728, "median_services": 35.663, "median_commerce": 543.638, "median_entertainment": 156.506, "PC1_pos": 8.0026279082866409, "nivvie": 25360.666590389017, "rel_education": 2.6314722468192198, "rel_sante": 2.7927508647505626, "rel_services": 3.4472756908377664, "rel_commerce": 5.4589729975674199, "rel_loisirs": 2.9326428833209635, "rel_pc1": 3.6772838604467397, "q_revenu": 3, "q_population": 4 }, "geometry": { "type": "Polygon", "coordinates": [ [ [ 7.74245192431654, 48.58205371047827 ], [ 7.742370824040187, 48.583851960723145 ], [ 7.745079554411377, 48.583906992913349 ], [ 7.745160557538387, 48.582108740390019 ], [ 7.74245192431654, 48.58205371047827 ] ] ] } },
{ "type": "Feature", "properties": { "idcar_200m": "CRS3035RES200mN2832400E4154600", "population": 242.5, "median_education": 59.274, "median_healthcare": 146.152, "median_services": 36.628, "median_commerce": 571.055, "median_entertainment": 161.053, "PC1_pos": 8.3855283134611227, "nivvie": 26721.789690721649, "rel_education": 2.7624551428438271, "rel_sante": 2.9003902875406755, "rel_services": 3.5405550291339964, "rel_commerce": 5.7342824179433052, "rel_loisirs": 3.0178455413050687, "rel_pc1": 3.85323024908848, "q_revenu": 4, "q_population": 3 }, "geometry": { "type": "Polygon", "coordinates": [ [ [ 7.745160557538387, 48.582108740390019 ], [ 7.745079554411377, 48.583906992913349 ], [ 7.74778829021465, 48.583961959058065 ], [ 7.747869196191568, 48.582163704259003 ], [ 7.745160557538387, 48.582108740390019 ] ] ] } },
{ "type": "Feature", "properties": { "idcar_200m": "CRS3035RES200mN2832400E4154800", "population": 454.0, "median_education": 60.019, "median_healthcare": 140.1205, "median_services": 34.961, "median_commerce": 557.991, "median_entertainment": 160.0, "PC1_pos": 8.1830406789050194, "nivvie": 30154.976872246694, "rel_education": 2.7971757468425222, "rel_sante": 2.780695011257754, "rel_services": 3.3794185970720116, "rel_commerce": 5.6030994924667556, "rel_loisirs": 2.9981142022117626, "rel_pc1": 3.7601852494925141, "q_revenu": 5, "q_population": 4 }, "geometry": { "type": "Polygon", "coordinates": [ [ [ 7.747869196191568, 48.582163704259003 ], [ 7.74778829021465, 48.583961959058065 ], [ 7.750497031443505, 48.584016859157096 ], [ 7.750577840269576, 48.582218602085049 ], [ 7.747869196191568, 48.582163704259003 ] ] ] } },
{ "type": "Feature", "properties": { "idcar_200m": "CRS3035RES200mN2832400E4155000", "population": 627.0, "median_education": 59.982, "median_healthcare": 128.6425, "median_services": 31.898, "median_commerce": 496.0455, "median_entertainment": 162.567, "PC1_pos": 7.6623613324660775, "nivvie": 28115.986443381182, "rel_education": 2.795451367851983, "rel_sante": 2.5529137990923925, "rel_services": 3.0833412776923725, "rel_commerce": 4.98107010559385, "rel_loisirs": 3.0462151969434976, "rel_pc1": 3.5209281230746732, "q_revenu": 4, "q_population": 5 }, "geometry": { "type": "Polygon", "coordinates": [ [ [ 7.750577840269576, 48.582218602085049 ], [ 7.750497031443505, 48.584016859157096 ], [ 7.75320577809145, 48.584071693210177 ], [ 7.753286489765914, 48.58227343386789 ], [ 7.750577840269576, 48.582218602085049 ] ] ] } },
{ "type": "Feature", "properties": { "idcar_200m": "CRS3035RES200mN2832400E4155200", "population": 598.0, "median_education": 59.3065, "median_healthcare": 120.7715, "median_services": 29.543, "median_commerce": 443.971, "median_entertainment": 162.269, "PC1_pos": 7.1701023589143213, "nivvie": 24916.551505016723, "rel_education": 2.7639698000652468, "rel_sante": 2.3967135968835098, "rel_services": 2.855701027238879, "rel_commerce": 4.4581609466280963, "rel_loisirs": 3.0406312092418784, "rel_pc1": 3.2947304290987316, "q_revenu": 3, "q_population": 5 }, "geometry": { "type": "Polygon", "coordinates": [ [ [ 7.753286489765914, 48.58227343386789 ], [ 7.75320577809145, 48.584071693210177 ], [ 7.755914530151971, 48.584126461217146 ], [ 7.755995144674079, 48.582328199607325 ], [ 7.753286489765914, 48.58227343386789 ] ] ] } },
{ "type": "Feature", "properties": { "idcar_200m": "CRS3035RES200mN2832400E4155400", "population": 283.0, "median_education": 57.0965, "median_healthcare": 113.668, "median_services": 27.1805, "median_commerce": 391.9655, "median_entertainment": 157.4955, "PC1_pos": 6.5348652108751457, "nivvie": 30436.082332155478, "rel_education": 2.6609731090087148, "rel_sante": 2.2557444523795334, "rel_services": 2.6273358078348967, "rel_commerce": 3.935944655226479, "rel_loisirs": 2.9511843458402667, "rel_pc1": 3.0028329000855649, "q_revenu": 5, "q_population": 4 }, "geometry": { "type": "Polygon", "coordinates": [ [ [ 7.755995144674079, 48.582328199607325 ], [ 7.755914530151971, 48.584126461217146 ], [ 7.758623287618579, 48.584181163177774 ], [ 7.758703804987577, 48.582382899303148 ], [ 7.755995144674079, 48.582328199607325 ] ] ] } },
{ "type": "Feature", "properties": { "idcar_200m": "CRS3035RES200mN2832400E4155600", "population": 244.0, "median_education": 53.566, "median_healthcare": 106.654, "median_services": 24.069, "median_commerce": 326.3365, "median_entertainment": 153.555, "PC1_pos": 5.9428240792256855, "nivvie": 29769.258196721312, "rel_education": 2.4964347299249661, "rel_sante": 2.1165514377316987, "rel_services": 2.3265703559087627, "rel_commerce": 3.2769271861434635, "rel_loisirs": 2.8773464145039203, "rel_pc1": 2.7307843526476896, "q_revenu": 5, "q_population": 3 }, "geometry": { "type": "Polygon", "coordinates": [ [ [ 7.758703804987577, 48.582382899303148 ], [ 7.758623287618579, 48.584181163177774 ], [ 7.761332050484763, 48.584235799091857 ], [ 7.76141247069991, 48.582437532955147 ], [ 7.758703804987577, 48.582382899303148 ] ] ] } },
{ "type": "Feature", "properties": { "idcar_200m": "CRS3035RES200mN2832400E4155800", "population": 146.5, "median_education": 49.673, "median_healthcare": 100.21, "median_services": 22.036, "median_commerce": 277.322, "median_entertainment": 148.812, "PC1_pos": 5.3528959192398791, "nivvie": 30425.408873720138, "rel_education": 2.315002097217691, "rel_sante": 1.9886700880894623, "rel_services": 2.1300554390629234, "rel_commerce": 2.7847451974133377, "rel_loisirs": 2.7884710666221055, "rel_pc1": 2.4597067358447733, "q_revenu": 5, "q_population": 3 }, "geometry": { "type": "Polygon", "coordinates": [ [ [ 7.76141247069991, 48.582437532955147 ], [ 7.761332050484763, 48.584235799091857 ], [ 7.76404081874403, 48.584290368959159 ], [ 7.764121141804567, 48.582492100563115 ], [ 7.76141247069991, 48.582437532955147 ] ] ] } },
{ "type": "Feature", "properties": { "idcar_200m": "CRS3035RES200mN2832400E4156000", "population": 75.0, "median_education": 44.145, "median_healthcare": 90.454, "median_services": 18.841, "median_commerce": 228.31, "median_entertainment": 131.452, "PC1_pos": 4.652709147150313, "nivvie": 33408.588, "rel_education": 2.0573705550636157, "rel_sante": 1.795062011256803, "rel_services": 1.8212186661546803, "rel_commerce": 2.2925883125804627, "rel_loisirs": 2.463175675682129, "rel_pc1": 2.1379642350298731, "q_revenu": 5, "q_population": 2 }, "geometry": { "type": "Polygon", "coordinates": [ [ [ 7.764121141804567, 48.582492100563115 ], [ 7.76404081874403, 48.584290368959159 ], [ 7.766749592389884, 48.584344872779489 ], [ 7.766829818295058, 48.582546602126818 ], [ 7.764121141804567, 48.582492100563115 ] ] ] } },
{ "type": "Feature", "properties": { "idcar_200m": "CRS3035RES200mN2832400E4156200", "population": 71.0, "median_education": 42.013, "median_healthcare": 86.763, "median_services": 17.941, "median_commerce": 203.807, "median_entertainment": 122.244, "PC1_pos": 4.2074550939161703, "nivvie": 27652.449295774648, "rel_education": 1.9580090413384907, "rel_sante": 1.7218140190889737, "rel_services": 1.7342223920960202, "rel_commerce": 2.0465399948407268, "rel_loisirs": 2.2906342033448421, "rel_pc1": 1.9333657503169985, "q_revenu": 4, "q_population": 2 }, "geometry": { "type": "Polygon", "coordinates": [ [ [ 7.766829818295058, 48.582546602126818 ], [ 7.766749592389884, 48.584344872779489 ], [ 7.769458371415811, 48.584399310552648 ], [ 7.769538500164881, 48.582601037646057 ], [ 7.766829818295058, 48.582546602126818 ] ] ] } },
{ "type": "Feature", "properties": { "idcar_200m": "CRS3035RES200mN2832400E4156400", "population": 840.0, "median_education": 41.441, "median_healthcare": 84.44, "median_services": 17.275, "median_commerce": 177.952, "median_entertainment": 110.4465, "PC1_pos": 3.9952408388402971, "nivvie": 26870.192261904762, "rel_education": 1.9313510742415063, "rel_sante": 1.6757140229345795, "rel_services": 1.6698451492926119, "rel_commerce": 1.7869154894674719, "rel_loisirs": 2.0695701264661337, "rel_pc1": 1.8358512758105467, "q_revenu": 4, "q_population": 5 }, "geometry": { "type": "Polygon", "coordinates": [ [ [ 7.769538500164881, 48.582601037646057 ], [ 7.769458371415811, 48.584399310552648 ], [ 7.772167155815317, 48.584453682278372 ], [ 7.772247187407532, 48.582655407120647 ], [ 7.769538500164881, 48.582601037646057 ] ] ] } },
{ "type": "Feature", "properties": { "idcar_200m": "CRS3035RES200mN2832400E4156600", "population": 570.0, "median_education": 38.544, "median_healthcare": 77.974, "median_services": 15.358, "median_commerce": 155.87, "median_entertainment": 99.594, "PC1_pos": 3.6083122161517833, "nivvie": 24136.398771929827, "rel_education": 1.7963368597660434, "rel_sante": 1.5473960827131799, "rel_services": 1.4845430855476662, "rel_commerce": 1.5651777858259242, "rel_loisirs": 1.8662136615942391, "rel_pc1": 1.6580538827961828, "q_revenu": 3, "q_population": 5 }, "geometry": { "type": "Polygon", "coordinates": [ [ [ 7.772247187407532, 48.582655407120647 ], [ 7.772167155815317, 48.584453682278372 ], [ 7.774875945581905, 48.58450798795652 ], [ 7.77495588001652, 48.582709710550333 ], [ 7.772247187407532, 48.582655407120647 ] ] ] } },
{ "type": "Feature", "properties": { "idcar_200m": "CRS3035RES200mN2832400E4156800", "population": 635.0, "median_education": 35.209, "median_healthcare": 69.1125, "median_services": 13.2385, "median_commerce": 131.926, "median_entertainment": 89.624, "PC1_pos": 3.1320363884979736, "nivvie": 22759.027559055117, "rel_education": 1.6409097264296035, "rel_sante": 1.3715393819287793, "rel_services": 1.279666860139522, "rel_commerce": 1.3247426995115856, "rel_loisirs": 1.6793936703689187, "rel_pc1": 1.4392005968226205, "q_revenu": 3, "q_population": 5 }, "geometry": { "type": "Polygon", "coordinates": [ [ [ 7.77495588001652, 48.582709710550333 ], [ 7.774875945581905, 48.58450798795652 ], [ 7.777584740709067, 48.584562227586808 ], [ 7.777664577985335, 48.582763947934936 ], [ 7.77495588001652, 48.582709710550333 ] ] ] } },
{ "type": "Feature", "properties": { "idcar_200m": "CRS3035RES200mN2832400E4157000", "population": 1060.0, "median_education": 29.742, "median_healthcare": 56.125, "median_services": 10.527, "median_commerce": 102.933, "median_entertainment": 76.72, "PC1_pos": 2.5521127648057713, "nivvie": 15377.885094339623, "rel_education": 1.3861210793680383, "rel_sante": 1.1138021025249085, "rel_services": 1.017566418906126, "rel_commerce": 1.0336077823084613, "rel_loisirs": 1.4375957599605402, "rel_pc1": 1.1727201598792889, "q_revenu": 1, "q_population": 5 }, "geometry": { "type": "Polygon", "coordinates": [ [ [ 7.777664577985335, 48.582763947934936 ], [ 7.777584740709067, 48.584562227586808 ], [ 7.780293541190301, 48.584616401169079 ], [ 7.780373281307481, 48.582818119274215 ], [ 7.777664577985335, 48.582763947934936 ] ] ] } },
{ "type": "Feature", "properties": { "idcar_200m": "CRS3035RES200mN2832400E4157200", "population": 166.0, "median_education": 25.108, "median_healthcare": 47.46, "median_services": 8.898, "median_commerce": 86.636, "median_entertainment": 66.805, "PC1_pos": 2.1403687751248479, "nivvie": 15189.711445783134, "rel_education": 1.1701542620123968, "rel_sante": 0.94184494941349062, "rel_services": 0.86010316285995136, "rel_commerce": 0.86996049690649102, "rel_loisirs": 1.2518063704922302, "rel_pc1": 0.98351986901961086, "q_revenu": 1, "q_population": 3 }, "geometry": { "type": "Polygon", "coordinates": [ [ [ 7.780373281307481, 48.582818119274215 ], [ 7.780293541190301, 48.584616401169079 ], [ 7.783002347019113, 48.584670508703113 ], [ 7.783081989976461, 48.582872224568 ], [ 7.780373281307481, 48.582818119274215 ] ] ] } },
{ "type": "Feature", "properties": { "idcar_200m": "CRS3035RES200mN2832400E4157400", "population": 24.0, "median_education": 22.008, "median_healthcare": 40.3775, "median_services": 7.8205, "median_commerce": 71.963, "median_entertainment": 62.2015, "PC1_pos": 1.8077839498764232, "nivvie": 21870.816666666666, "rel_education": 1.0256792655077598, "rel_sante": 0.8012925504623517, "rel_services": 0.75594929030638913, "rel_commerce": 0.72262070315898486, "rel_loisirs": 1.1655450034304684, "rel_pc1": 0.83069396931120165, "q_revenu": 2, "q_population": 1 }, "geometry": { "type": "Polygon", "coordinates": [ [ [ 7.783081989976461, 48.582872224568 ], [ 7.783002347019113, 48.584670508703113 ], [ 7.785711158188997, 48.584724550188682 ], [ 7.785790703985768, 48.582926263816049 ], [ 7.783081989976461, 48.582872224568 ] ] ] } },
{ "type": "Feature", "properties": { "idcar_200m": "CRS3035RES200mN2832600E4150400", "population": 98.0, "median_education": 12.795, "median_healthcare": 21.653, "median_services": 3.104, "median_commerce": 32.353, "median_entertainment": 21.95, "PC1_pos": 0.86013744341664111, "nivvie": 27846.497959183671, "rel_education": 0.59630889686349442, "rel_sante": 0.42970435502845156, "rel_services": 0.30004048297564501, "rel_commerce": 0.32487455510891206, "rel_loisirs": 0.41130379211592616, "rel_pc1": 0.39524136004957966, "q_revenu": 4, "q_population": 2 }, "geometry": { "type": "Polygon", "coordinates": [ [ [ 7.688197367363163, 48.582737447696857 ], [ 7.688114316702306, 48.584535650366028 ], [ 7.690823034209826, 48.584592005754061 ], [ 7.69090598772782, 48.582793800751666 ], [ 7.688197367363163, 48.582737447696857 ] ] ] } },
{ "type": "Feature", "properties": { "idcar_200m": "CRS3035RES200mN2832600E4150600", "population": 412.5, "median_education": 15.307, "median_healthcare": 26.269, "median_services": 3.456, "median_commerce": 37.91, "median_entertainment": 26.044, "PC1_pos": 0.9978750530175089, "nivvie": 18162.083151515151, "rel_education": 0.71338024886983264, "rel_sante": 0.5213089965474712, "rel_services": 0.33406569238525424, "rel_commerce": 0.38067549791916838, "rel_loisirs": 0.48801803926501969, "rel_pc1": 0.45853310553199916, "q_revenu": 1, "q_population": 4 }, "geometry": { "type": "Polygon", "coordinates": [ [ [ 7.69090598772782, 48.582793800751666 ], [ 7.690823034209826, 48.584592005754061 ], [ 7.693531757280182, 48.584648295098184 ], [ 7.693614613654539, 48.582850087765337 ], [ 7.69090598772782, 48.582793800751666 ] ] ] } },
{ "type": "Feature", "properties": { "idcar_200m": "CRS3035RES200mN2832600E4150800", "population": 1120.0, "median_education": 16.9325, "median_healthcare": 28.646, "median_services": 3.7115, "median_commerce": 40.155, "median_entertainment": 28.8955, "PC1_pos": 1.121005220990553, "nivvie": 18634.095, "rel_education": 0.78913641235960275, "rel_sante": 0.56848062412344824, "rel_services": 0.35876296796524049, "rel_commerce": 0.40321879765086277, "rel_loisirs": 0.54145005581256234, "rel_pc1": 0.51511259224692152, "q_revenu": 1, "q_population": 5 }, "geometry": { "type": "Polygon", "coordinates": [ [ [ 7.693614613654539, 48.582850087765337 ], [ 7.693531757280182, 48.584648295098184 ], [ 7.696240485906877, 48.584704518398205 ], [ 7.696323245136825, 48.582906308737577 ], [ 7.693614613654539, 48.582850087765337 ] ] ] } },
{ "type": "Feature", "properties": { "idcar_200m": "CRS3035RES200mN2832600E4151000", "population": 549.0, "median_education": 18.8755, "median_healthcare": 31.4795, "median_services": 4.289, "median_commerce": 44.4535, "median_entertainment": 31.518, "PC1_pos": 1.2529477299417748, "nivvie": 14011.768306010928, "rel_education": 0.87968961178170302, "rel_sante": 0.6247115062170665, "rel_services": 0.41458557715288058, "rel_commerce": 0.44638243858479965, "rel_loisirs": 0.59059102140818964, "rel_pc1": 0.57574143370171016, "q_revenu": 1, "q_population": 5 }, "geometry": { "type": "Polygon", "coordinates": [ [ [ 7.696323245136825, 48.582906308737577 ], [ 7.696240485906877, 48.584704518398205 ], [ 7.698949220083414, 48.584760675653911 ], [ 7.699031882168181, 48.582962463668231 ], [ 7.696323245136825, 48.582906308737577 ] ] ] } },
{ "type": "Feature", "properties": { "idcar_200m": "CRS3035RES200mN2832600E4151200", "population": 420.0, "median_education": 20.785, "median_healthcare": 34.325, "median_services": 5.2725, "median_commerce": 49.677, "median_entertainment": 34.066, "PC1_pos": 1.4091039021128113, "nivvie": 13738.887619047619, "rel_education": 0.9686815491448012, "rel_sante": 0.68118052862659217, "rel_services": 0.50965317219364958, "rel_commerce": 0.49883452150172858, "rel_loisirs": 0.63833599007841191, "rel_pc1": 0.64749668437868901, "q_revenu": 1, "q_population": 4 }, "geometry": { "type": "Polygon", "coordinates": [ [ [ 7.699031882168181, 48.582962463668231 ], [ 7.698949220083414, 48.584760675653911 ], [ 7.701657959803288, 48.584816766865032 ], [ 7.701740524742105, 48.58301855255705 ], [ 7.699031882168181, 48.582962463668231 ] ] ] } },
{ "type": "Feature", "properties": { "idcar_200m": "CRS3035RES200mN2832600E4151400", "population": 323.0, "median_education": 22.244, "median_healthcare": 37.0475, "median_services": 6.116, "median_commerce": 54.7815, "median_entertainment": 36.059, "PC1_pos": 1.5153968229860937, "nivvie": 14630.891021671827, "rel_education": 1.0366780071771449, "rel_sante": 0.73520861279806771, "rel_services": 0.59118801349196026, "rel_commerce": 0.55009165890949419, "rel_loisirs": 0.67568125010971214, "rel_pc1": 0.69633929544177775, "q_revenu": 1, "q_population": 4 }, "geometry": { "type": "Polygon", "coordinates": [ [ [ 7.701740524742105, 48.58301855255705 ], [ 7.701657959803288, 48.584816766865032 ], [ 7.704366705060003, 48.584872792031412 ], [ 7.704449172852102, 48.583074575403835 ], [ 7.701740524742105, 48.58301855255705 ] ] ] } },
{ "type": "Feature", "properties": { "idcar_200m": "CRS3035RES200mN2832600E4151800", "population": 12.0, "median_education": 20.638, "median_healthcare": 35.871, "median_services": 7.423, "median_commerce": 54.63, "median_entertainment": 34.947, "PC1_pos": 1.5366344528246216, "nivvie": 20981.958333333332, "rel_education": 0.9618306380202265, "rel_sante": 0.7118609393259866, "rel_services": 0.71752593593048097, "rel_commerce": 0.54857036273606363, "rel_loisirs": 0.65484435640434047, "rel_pc1": 0.70609818893706222, "q_revenu": 2, "q_population": 1 }, "geometry": { "type": "Polygon", "coordinates": [ [ [ 7.707157826491668, 48.583130532208351 ], [ 7.707075455847065, 48.584928751152795 ], [ 7.709784212157966, 48.584984644228946 ], [ 7.70986648565431, 48.583186422970407 ], [ 7.707157826491668, 48.583130532208351 ] ] ] } },
{ "type": "Feature", "properties": { "idcar_200m": "CRS3035RES200mN2832600E4152000", "population": 169.0, "median_education": 19.44, "median_healthcare": 34.207, "median_services": 7.959, "median_commerce": 54.731, "median_entertainment": 34.8, "PC1_pos": 1.5540975076311707, "nivvie": 15843.205917159763, "rel_education": 0.9059980425968216, "rel_sante": 0.67883881552017011, "rel_services": 0.76933705025874954, "rel_commerce": 0.54958456018501733, "rel_loisirs": 0.65208983898105832, "rel_pc1": 0.71412262919970704, "q_revenu": 1, "q_population": 3 }, "geometry": { "type": "Polygon", "coordinates": [ [ [ 7.70986648565431, 48.583186422970407 ], [ 7.709784212157966, 48.584984644228946 ], [ 7.712492973986208, 48.585040471259724 ], [ 7.712575150333527, 48.583242247689739 ], [ 7.70986648565431, 48.583186422970407 ] ] ] } },
{ "type": "Feature", "properties": { "idcar_200m": "CRS3035RES200mN2832600E4152200", "population": 372.5, "median_education": 25.2595, "median_healthcare": 43.474, "median_services": 13.135, "median_commerce": 73.058, "median_entertainment": 46.669, "PC1_pos": 2.1072226845685127, "nivvie": 14957.261744966443, "rel_education": 1.1772148949060912, "rel_sante": 0.86274267447960573, "rel_services": 1.2696622886227762, "rel_commerce": 0.73361621015506739, "rel_loisirs": 0.87449369814387967, "rel_pc1": 0.96828892423039936, "q_revenu": 1, "q_population": 4 }, "geometry": { "type": "Polygon", "coordinates": [ [ [ 7.712575150333527, 48.583242247689739 ], [ 7.712492973986208, 48.585040471259724 ], [ 7.715201741325296, 48.585096232244858 ], [ 7.715283820522825, 48.583298006366199 ], [ 7.712575150333527, 48.583242247689739 ] ] ] } },
{ "type": "Feature", "properties": { "idcar_200m": "CRS3035RES200mN2832600E4152400", "population": 498.0, "median_education": 24.527, "median_healthcare": 44.918, "median_services": 12.678, "median_commerce": 84.129, "median_entertainment": 51.563, "PC1_pos": 2.1714163729011986, "nivvie": 16154.629116465863, "rel_education": 1.143076851377173, "rel_sante": 0.89139889249378779, "rel_services": 1.2254875139063233, "rel_commerce": 0.84478630874285732, "rel_loisirs": 0.96619851630403197, "rel_pc1": 0.99778653635902248, "q_revenu": 1, "q_population": 5 }, "geometry": { "type": "Polygon", "coordinates": [ [ [ 7.715283820522825, 48.583298006366199 ], [ 7.715201741325296, 48.585096232244858 ], [ 7.717910514168723, 48.585151927184121 ], [ 7.717992496215694, 48.583353698999545 ], [ 7.715283820522825, 48.583298006366199 ] ] ] } },
{ "type": "Feature", "properties": { "idcar_200m": "CRS3035RES200mN2832600E4152600", "population": 492.5, "median_education": 25.565, "median_healthcare": 48.885, "median_services": 13.495, "median_commerce": 98.513, "median_entertainment": 57.315, "PC1_pos": 2.4028027397723486, "nivvie": 16141.544365482232, "rel_education": 1.1914526727874353, "rel_sante": 0.97012411192748593, "rel_services": 1.3044607982462399, "rel_commerce": 0.98922409196810979, "rel_loisirs": 1.0739807218735449, "rel_pc1": 1.1041107791170317, "q_revenu": 1, "q_population": 5 }, "geometry": { "type": "Polygon", "coordinates": [ [ [ 7.717992496215694, 48.583353698999545 ], [ 7.717910514168723, 48.585151927184121 ], [ 7.720619292509999, 48.585207556077307 ], [ 7.720701177405647, 48.583409325589486 ], [ 7.717992496215694, 48.583353698999545 ] ] ] } },
{ "type": "Feature", "properties": { "idcar_200m": "CRS3035RES200mN2832600E4153800", "population": 43.5, "median_education": 43.072, "median_healthcare": 105.04, "median_services": 25.697, "median_commerce": 349.255, "median_entertainment": 117.957, "PC1_pos": 5.688812249820856, "nivvie": 19634.395402298851, "rel_education": 2.0073635643379784, "rel_sante": 2.0845215652421629, "rel_services": 2.4839369494282053, "rel_commerce": 3.5070646538053065, "rel_loisirs": 2.2103034809393303, "rel_pc1": 2.6140634940325205, "q_revenu": 2, "q_population": 2 }, "geometry": { "type": "Polygon", "coordinates": [ [ [ 7.734244665584115, 48.583686467881705 ], [ 7.734163266456516, 48.585484709844657 ], [ 7.736872077648349, 48.585539942456933 ], [ 7.736953379620055, 48.583741698207113 ], [ 7.734244665584115, 48.583686467881705 ] ] ] } },
{ "type": "Feature", "properties": { "idcar_200m": "CRS3035RES200mN2832600E4154000", "population": 795.0, "median_education": 48.3105, "median_healthcare": 120.744, "median_services": 29.737, "median_commerce": 413.342, "median_entertainment": 134.791, "PC1_pos": 6.4919218254271227, "nivvie": 22307.382515723271, "rel_education": 2.2515030060120242, "rel_sante": 2.3961678586595556, "rel_services": 2.8744535574248569, "rel_commerce": 4.1505980390637012, "rel_loisirs": 2.5257425714395354, "rel_pc1": 2.9831000048378127, "q_revenu": 2, "q_population": 5 }, "geometry": { "type": "Polygon", "coordinates": [ [ [ 7.736953379620055, 48.583741698207113 ], [ 7.736872077648349, 48.585539942456933 ], [ 7.739580894292521, 48.585595109021597 ], [ 7.739662099107578, 48.583796862487638 ], [ 7.736953379620055, 48.583741698207113 ] ] ] } },
{ "type": "Feature", "properties": { "idcar_200m": "CRS3035RES200mN2832600E4154200", "population": 352.0, "median_education": 52.043, "median_healthcare": 129.4255, "median_services": 31.412, "median_commerce": 439.3065, "median_entertainment": 140.572, "PC1_pos": 6.860421373210575, "nivvie": 26498.251704545455, "rel_education": 2.4254555622873655, "rel_sante": 2.568452454705346, "rel_services": 3.036363289700696, "rel_commerce": 4.4113220951365646, "rel_loisirs": 2.6340681852081995, "rel_pc1": 3.1524290621394577, "q_revenu": 4, "q_population": 4 }, "geometry": { "type": "Polygon", "coordinates": [ [ [ 7.739662099107578, 48.583796862487638 ], [ 7.739580894292521, 48.585595109021597 ], [ 7.742289716382536, 48.58565020953845 ], [ 7.742370824040187, 48.583851960723145 ], [ 7.739662099107578, 48.583796862487638 ] ] ] } },
{ "type": "Feature", "properties": { "idcar_200m": "CRS3035RES200mN2832600E4154400", "population": 307.5, "median_education": 59.49, "median_healthcare": 143.22, "median_services": 34.933, "median_commerce": 499.101, "median_entertainment": 152.189, "PC1_pos": 7.7624233456581768, "nivvie": 30917.943414634145, "rel_education": 2.7725217877615695, "rel_sante": 2.8422046703539849, "rel_services": 3.3767120463235201, "rel_commerce": 5.0117520888144256, "rel_loisirs": 2.851750014502537, "rel_pc1": 3.5669075726220023, "q_revenu": 5, "q_population": 4 }, "geometry": { "type": "Polygon", "coordinates": [ [ [ 7.742370824040187, 48.583851960723145 ], [ 7.742289716382536, 48.58565020953845 ], [ 7.744998543911891, 48.58570524400735 ], [ 7.745079554411377, 48.583906992913349 ], [ 7.742370824040187, 48.583851960723145 ] ] ] } },
{ "type": "Feature", "properties": { "idcar_200m": "CRS3035RES200mN2832600E4154600", "population": 311.0, "median_education": 61.545, "median_healthcare": 144.434, "median_services": 34.399, "median_commerce": 508.175, "median_entertainment": 153.856, "PC1_pos": 7.9185770480014659, "nivvie": 28253.57234726688, "rel_education": 2.8682947289928693, "rel_sante": 2.8662965323132763, "rel_services": 3.3250942570487156, "rel_commerce": 5.1028691942778535, "rel_loisirs": 2.8829866168468308, "rel_pc1": 3.6386616883895719, "q_revenu": 4, "q_population": 4 }, "geometry": { "type": "Polygon", "coordinates": [ [ [ 7.745079554411377, 48.583906992913349 ], [ 7.744998543911891, 48.58570524400735 ], [ 7.747707376874082, 48.585760212427999 ], [ 7.74778829021465, 48.583961959058065 ], [ 7.745079554411377, 48.583906992913349 ] ] ] } },
{ "type": "Feature", "properties": { "idcar_200m": "CRS3035RES200mN2832600E4154800", "population": 264.0, "median_education": 63.001, "median_healthcare": 141.846, "median_services": 33.195, "median_commerce": 507.01, "median_entertainment": 159.141, "PC1_pos": 7.8376024608620396, "nivvie": 33096.009848484849, "rel_education": 2.9361513725124664, "rel_sante": 2.8149376041825955, "rel_services": 3.2087125748635748, "rel_commerce": 5.091170778158733, "rel_loisirs": 2.9820180765886382, "rel_pc1": 3.6014530931872613, "q_revenu": 5, "q_population": 4 }, "geometry": { "type": "Polygon", "coordinates": [ [ [ 7.74778829021465, 48.583961959058065 ], [ 7.747707376874082, 48.585760212427999 ], [ 7.750416215262614, 48.585815114800212 ], [ 7.750497031443505, 48.584016859157096 ], [ 7.74778829021465, 48.583961959058065 ] ] ] } },
{ "type": "Feature", "properties": { "idcar_200m": "CRS3035RES200mN2832600E4155000", "population": 127.0, "median_education": 63.361, "median_healthcare": 133.416, "median_services": 31.136, "median_commerce": 470.641, "median_entertainment": 158.354, "PC1_pos": 7.4400179564798767, "nivvie": 29298.402362204724, "rel_education": 2.9529291140420373, "rel_sante": 2.6476440322576962, "rel_services": 3.009684432322707, "rel_commerce": 4.7259693225052848, "rel_loisirs": 2.9672711023565093, "rel_pc1": 3.4187592208888473, "q_revenu": 4, "q_population": 2 }, "geometry": { "type": "Polygon", "coordinates": [ [ [ 7.750497031443505, 48.584016859157096 ], [ 7.750416215262614, 48.585815114800212 ], [ 7.753125059070983, 48.585869951123826 ], [ 7.75320577809145, 48.584071693210177 ], [ 7.750497031443505, 48.584016859157096 ] ] ] } },
{ "type": "Feature", "properties": { "idcar_200m": "CRS3035RES200mN2832600E4155200", "population": 270.5, "median_education": 60.3145, "median_healthcare": 119.89, "median_services": 27.8085, "median_commerce": 404.094, "median_entertainment": 157.201, "PC1_pos": 6.70101881081687, "nivvie": 29414.388909426987, "rel_education": 2.8109474763480446, "rel_sante": 2.3792202061774836, "rel_services": 2.6880398746224952, "rel_commerce": 4.0577337023515812, "rel_loisirs": 2.945665941886821, "rel_pc1": 3.0791820641880405, "q_revenu": 4, "q_population": 4 }, "geometry": { "type": "Polygon", "coordinates": [ [ [ 7.75320577809145, 48.584071693210177 ], [ 7.753125059070983, 48.585869951123826 ], [ 7.755833908292688, 48.58592472139852 ], [ 7.755914530151971, 48.584126461217146 ], [ 7.75320577809145, 48.584071693210177 ] ] ] } },
{ "type": "Feature", "properties": { "idcar_200m": "CRS3035RES200mN2832600E4155400", "population": 209.0, "median_education": 57.878, "median_healthcare": 114.923, "median_services": 26.065, "median_commerce": 366.882, "median_entertainment": 156.384, "PC1_pos": 6.2723915431147619, "nivvie": 37772.951674641154, "rel_education": 2.6973947895791581, "rel_sante": 2.2806499604181747, "rel_services": 2.5195087592655239, "rel_commerce": 3.6840672125449836, "rel_loisirs": 2.930356821241777, "rel_pc1": 2.882223746029049, "q_revenu": 5, "q_population": 3 }, "geometry": { "type": "Polygon", "coordinates": [ [ [ 7.755914530151971, 48.584126461217146 ], [ 7.755833908292688, 48.58592472139852 ], [ 7.758542762921228, 48.585979425624146 ], [ 7.758623287618579, 48.584181163177774 ], [ 7.755914530151971, 48.584126461217146 ] ] ] } },
{ "type": "Feature", "properties": { "idcar_200m": "CRS3035RES200mN2832600E4155600", "population": 34.0, "median_education": 55.328, "median_healthcare": 108.802, "median_services": 23.668, "median_commerce": 317.721, "median_entertainment": 150.305, "PC1_pos": 5.8825054006355888, "nivvie": 35221.25882352941, "rel_education": 2.5785524537446989, "rel_sante": 2.1591785542791109, "rel_services": 2.2878086826892932, "rel_commerce": 3.1904141354359301, "rel_loisirs": 2.8164472197714936, "rel_pc1": 2.7030673444592725, "q_revenu": 5, "q_population": 2 }, "geometry": { "type": "Polygon", "coordinates": [ [ [ 7.758623287618579, 48.584181163177774 ], [ 7.758542762921228, 48.585979425624146 ], [ 7.761251622950095, 48.586034063800525 ], [ 7.761332050484763, 48.584235799091857 ], [ 7.758623287618579, 48.584181163177774 ] ] ] } },
{ "type": "Feature", "properties": { "idcar_200m": "CRS3035RES200mN2832600E4155800", "population": 67.5, "median_education": 51.348, "median_healthcare": 102.06, "median_services": 21.426, "median_commerce": 279.38, "median_entertainment": 141.384, "PC1_pos": 5.2929432737933624, "nivvie": 32937.545185185183, "rel_education": 2.3930652001677775, "rel_sante": 2.0253833867918427, "rel_services": 2.0710912977564977, "rel_commerce": 2.8054107256306322, "rel_loisirs": 2.6492836147844239, "rel_pc1": 2.4321579233773996, "q_revenu": 5, "q_population": 2 }, "geometry": { "type": "Polygon", "coordinates": [ [ [ 7.761332050484763, 48.584235799091857 ], [ 7.761251622950095, 48.586034063800525 ], [ 7.763960488372798, 48.58608863592741 ], [ 7.76404081874403, 48.584290368959159 ], [ 7.761332050484763, 48.584235799091857 ] ] ] } },
{ "type": "Feature", "properties": { "idcar_200m": "CRS3035RES200mN2832600E4156000", "population": 338.5, "median_education": 46.8875, "median_healthcare": 94.4075, "median_services": 19.1755, "median_commerce": 239.78, "median_entertainment": 129.9345, "PC1_pos": 4.7758225828512764, "nivvie": 34633.288626292466, "rel_education": 2.1851843221326375, "rel_sante": 1.8735193228351055, "rel_services": 1.8535522813464822, "rel_commerce": 2.407764993169565, "rel_loisirs": 2.4347404362955269, "rel_pc1": 2.1945360331061661, "q_revenu": 5, "q_population": 4 }, "geometry": { "type": "Polygon", "coordinates": [ [ [ 7.76404081874403, 48.584290368959159 ], [ 7.763960488372798, 48.58608863592741 ], [ 7.766669359182831, 48.586143142004559 ], [ 7.766749592389884, 48.584344872779489 ], [ 7.76404081874403, 48.584290368959159 ] ] ] } },
{ "type": "Feature", "properties": { "idcar_200m": "CRS3035RES200mN2832600E4156200", "population": 601.0, "median_education": 43.544, "median_healthcare": 88.276, "median_services": 17.373, "median_commerce": 202.627, "median_entertainment": 115.663, "PC1_pos": 4.2743931755463116, "nivvie": 29606.131281198002, "rel_education": 2.0293610476767485, "rel_sante": 1.7518395439196226, "rel_services": 1.6793180769123328, "rel_commerce": 2.0346909553380992, "rel_loisirs": 2.1673180185651191, "rel_pc1": 1.964124437344406, "q_revenu": 5, "q_population": 5 }, "geometry": { "type": "Polygon", "coordinates": [ [ [ 7.766749592389884, 48.584344872779489 ], [ 7.766669359182831, 48.586143142004559 ], [ 7.769378235373694, 48.586197582031794 ], [ 7.769458371415811, 48.584399310552648 ], [ 7.766749592389884, 48.584344872779489 ] ] ] } },
{ "type": "Feature", "properties": { "idcar_200m": "CRS3035RES200mN2832600E4156400", "population": 712.0, "median_education": 40.926, "median_healthcare": 83.059, "median_services": 16.319, "median_commerce": 184.61, "median_entertainment": 107.504, "PC1_pos": 3.9610431779546738, "nivvie": 28834.848455056181, "rel_education": 1.9073495828867038, "rel_sante": 1.6483080415789109, "rel_services": 1.5774357737369689, "rel_commerce": 1.853772188627214, "rel_loisirs": 2.0144329324660832, "rel_pc1": 1.8201371244241609, "q_revenu": 4, "q_population": 5 }, "geometry": { "type": "Polygon", "coordinates": [ [ [ 7.769458371415811, 48.584399310552648 ], [ 7.769378235373694, 48.586197582031794 ], [ 7.772087116938878, 48.586251956008923 ], [ 7.772167155815317, 48.584453682278372 ], [ 7.769458371415811, 48.584399310552648 ] ] ] } },
{ "type": "Feature", "properties": { "idcar_200m": "CRS3035RES200mN2832600E4156600", "population": 735.5, "median_education": 36.976, "median_healthcare": 74.975, "median_services": 14.4775, "median_commerce": 153.1525, "median_entertainment": 94.6535, "PC1_pos": 3.4752413512487088, "nivvie": 28753.40625424881, "rel_education": 1.7232604744372464, "rel_sante": 1.4878808487626727, "rel_services": 1.399431730760277, "rel_commerce": 1.5378898495137283, "rel_loisirs": 1.7736375164940694, "rel_pc1": 1.5969065510181979, "q_revenu": 4, "q_population": 5 }, "geometry": { "type": "Polygon", "coordinates": [ [ [ 7.772167155815317, 48.584453682278372 ], [ 7.772087116938878, 48.586251956008923 ], [ 7.774796003871894, 48.586306263935683 ], [ 7.774875945581905, 48.58450798795652 ], [ 7.772167155815317, 48.584453682278372 ] ] ] } },
{ "type": "Feature", "properties": { "idcar_200m": "CRS3035RES200mN2832600E4156800", "population": 682.5, "median_education": 33.606, "median_healthcare": 67.2185, "median_services": 12.675, "median_commerce": 128.805, "median_entertainment": 86.1385, "PC1_pos": 3.0483957351598923, "nivvie": 27010.577875457875, "rel_education": 1.5662021717854313, "rel_sante": 1.3339529020680725, "rel_services": 1.2251975263261279, "rel_commerce": 1.2934029941830254, "rel_loisirs": 1.6140816262951119, "rel_pc1": 1.400766918770582, "q_revenu": 4, "q_population": 5 }, "geometry": { "type": "Polygon", "coordinates": [ [ [ 7.774875945581905, 48.58450798795652 ], [ 7.774796003871894, 48.586306263935683 ], [ 7.777504896166221, 48.586360505811925 ], [ 7.777584740709067, 48.584562227586808 ], [ 7.774875945581905, 48.58450798795652 ] ] ] } },
{ "type": "Feature", "properties": { "idcar_200m": "CRS3035RES200mN2832600E4157000", "population": 472.5, "median_education": 28.93, "median_healthcare": 57.196, "median_services": 10.779, "median_commerce": 108.169, "median_entertainment": 75.87, "PC1_pos": 2.6097282117659937, "nivvie": 26451.932698412696, "rel_education": 1.3482779512513399, "rel_sante": 1.1350561257196377, "rel_services": 1.0419253756425508, "rel_commerce": 1.0861853847116467, "rel_loisirs": 1.4216682782612902, "rel_pc1": 1.1991950073478139, "q_revenu": 4, "q_population": 4 }, "geometry": { "type": "Polygon", "coordinates": [ [ [ 7.777584740709067, 48.584562227586808 ], [ 7.777504896166221, 48.586360505811925 ], [ 7.780213793815377, 48.586414681637372 ], [ 7.780293541190301, 48.584616401169079 ], [ 7.777584740709067, 48.584562227586808 ] ] ] } },
{ "type": "Feature", "properties": { "idcar_200m": "CRS3035RES200mN2832600E4157200", "population": 418.5, "median_education": 25.9455, "median_healthcare": 49.442, "median_services": 9.252, "median_commerce": 90.6245, "median_entertainment": 68.742, "PC1_pos": 2.271424678847183, "nivvie": 20405.813142174433, "rel_education": 1.2091858134874398, "rel_sante": 0.98117779159085128, "rel_services": 0.89432169732302447, "rel_commerce": 0.91001125458126308, "rel_loisirs": 1.2881022905527559, "rel_pc1": 1.0437413069144519, "q_revenu": 2, "q_population": 4 }, "geometry": { "type": "Polygon", "coordinates": [ [ [ 7.780293541190301, 48.584616401169079 ], [ 7.780213793815377, 48.586414681637372 ], [ 7.782922696812848, 48.58646879141186 ], [ 7.783002347019113, 48.584670508703113 ], [ 7.780293541190301, 48.584616401169079 ] ] ] } },
{ "type": "Feature", "properties": { "idcar_200m": "CRS3035RES200mN2832600E4157400", "population": 166.0, "median_education": 20.143, "median_healthcare": 38.499, "median_services": 7.449, "median_commerce": 69.165, "median_entertainment": 56.234, "PC1_pos": 1.7691450224057585, "nivvie": 31939.20240963855, "rel_education": 0.93876124341706668, "rel_sante": 0.76401366850969188, "rel_services": 0.72003916162550885, "rel_commerce": 0.69452442135529635, "rel_loisirs": 1.0537247127948517, "rel_pc1": 0.81293901356401288, "q_revenu": 5, "q_population": 3 }, "geometry": { "type": "Polygon", "coordinates": [ [ [ 7.783002347019113, 48.584670508703113 ], [ 7.782922696812848, 48.58646879141186 ], [ 7.785631605152137, 48.586522835135163 ], [ 7.785711158188997, 48.584724550188682 ], [ 7.783002347019113, 48.584670508703113 ] ] ] } },
{ "type": "Feature", "properties": { "idcar_200m": "CRS3035RES200mN2832600E4158000", "population": 5.0, "median_education": 7.204, "median_healthcare": 14.462, "median_services": 3.183, "median_commerce": 23.801, "median_entertainment": 23.069, "PC1_pos": 0.68243179358723527, "nivvie": 19542.4, "rel_education": 0.33574124994174392, "rel_sante": 0.28699877072098401, "rel_services": 0.30767682258746071, "rel_commerce": 0.23899914339156231, "rel_loisirs": 0.43227185331764467, "rel_pc1": 0.31358391882940151, "q_revenu": 2, "q_population": 1 }, "geometry": { "type": "Polygon", "coordinates": [ [ [ 7.791128796525974, 48.584832435013624 ], [ 7.791049437830144, 48.586630724427387 ], [ 7.793758362155861, 48.586684569995889 ], [ 7.793837623680065, 48.584886278352585 ], [ 7.791128796525974, 48.584832435013624 ] ] ] } },
{ "type": "Feature", "properties": { "idcar_200m": "CRS3035RES200mN2832800E4150400", "population": 196.5, "median_education": 13.47, "median_healthcare": 23.8215, "median_services": 2.718, "median_commerce": 29.8685, "median_entertainment": 24.5955, "PC1_pos": 0.87217638062300606, "nivvie": 19539.794402035623, "rel_education": 0.62776716223143958, "rel_sante": 0.47273829461553868, "rel_services": 0.26272874765715304, "rel_commerce": 0.29992630202054027, "rel_loisirs": 0.46087573662812131, "rel_pc1": 0.40077336653460643, "q_revenu": 2, "q_population": 3 }, "geometry": { "type": "Polygon", "coordinates": [ [ [ 7.688114316702306, 48.584535650366028 ], [ 7.688031258482718, 48.586333851601722 ], [ 7.690740073141924, 48.58639020932322 ], [ 7.690823034209826, 48.584592005754061 ], [ 7.688114316702306, 48.584535650366028 ] ] ] } },
{ "type": "Feature", "properties": { "idcar_200m": "CRS3035RES200mN2832800E4150600", "population": 534.5, "median_education": 15.0695, "median_healthcare": 25.8465, "median_services": 3.0575, "median_commerce": 34.6135, "median_entertainment": 26.1915, "PC1_pos": 0.99032566257276944, "nivvie": 18578.25500467727, "rel_education": 0.70231159994407411, "rel_sante": 0.51292447292490062, "rel_services": 0.29554567548261423, "rel_commerce": 0.34757349900356466, "rel_loisirs": 0.49078192579518359, "rel_pc1": 0.45506408860945741, "q_revenu": 1, "q_population": 5 }, "geometry": { "type": "Polygon", "coordinates": [ [ [ 7.690823034209826, 48.584592005754061 ], [ 7.690740073141924, 48.58639020932322 ], [ 7.69344889336474, 48.586446500998058 ], [ 7.693531757280182, 48.584648295098184 ], [ 7.690823034209826, 48.584592005754061 ] ] ] } },
{ "type": "Feature", "properties": { "idcar_200m": "CRS3035RES200mN2832800E4150800", "population": 11.0, "median_education": 18.03, "median_healthcare": 32.2355, "median_services": 3.758, "median_commerce": 42.6755, "median_entertainment": 29.8, "PC1_pos": 1.1996682830370804, "nivvie": 25984.454545454544, "rel_education": 0.84028522160600272, "rel_sante": 0.63971434611922828, "rel_services": 0.36325777545827126, "rel_commerce": 0.42852854685965369, "rel_loisirs": 0.55839877016194084, "rel_pc1": 0.55125901961954538, "q_revenu": 4, "q_population": 1 }, "geometry": { "type": "Polygon", "coordinates": [ [ [ 7.693531757280182, 48.584648295098184 ], [ 7.69344889336474, 48.586446500998058 ], [ 7.696157719144666, 48.586502726626073 ], [ 7.696240485906877, 48.584704518398205 ], [ 7.693531757280182, 48.584648295098184 ] ] ] } },
{ "type": "Feature", "properties": { "idcar_200m": "CRS3035RES200mN2832800E4151000", "population": 315.5, "median_education": 19.802, "median_healthcare": 35.5, "median_services": 4.194, "median_commerce": 46.736, "median_entertainment": 31.803, "PC1_pos": 1.3080787673675838, "nivvie": 17768.089381933438, "rel_education": 0.92286899380155651, "rel_sante": 0.70449843455918493, "rel_services": 0.40540263711335539, "rel_commerce": 0.46930229677526392, "rel_loisirs": 0.59593141233087932, "rel_pc1": 0.60107467129053826, "q_revenu": 1, "q_population": 4 }, "geometry": { "type": "Polygon", "coordinates": [ [ [ 7.696240485906877, 48.584704518398205 ], [ 7.696157719144666, 48.586502726626073 ], [ 7.698866550475203, 48.58655888620703 ], [ 7.698949220083414, 48.584760675653911 ], [ 7.696240485906877, 48.584704518398205 ] ] ] } },
{ "type": "Feature", "properties": { "idcar_200m": "CRS3035RES200mN2832800E4151200", "population": 634.0, "median_education": 22.4145, "median_healthcare": 38.931, "median_services": 5.3095, "median_commerce": 54.7435, "median_entertainment": 34.946, "PC1_pos": 1.490490724564935, "nivvie": 19364.529968454259, "rel_education": 1.0446241319849001, "rel_sante": 0.77258671988235561, "rel_services": 0.51322968568272775, "rel_commerce": 0.54971007967127394, "rel_loisirs": 0.65482561819057661, "rel_pc1": 0.68489470563947197, "q_revenu": 2, "q_population": 5 }, "geometry": { "type": "Polygon", "coordinates": [ [ [ 7.698949220083414, 48.584760675653911 ], [ 7.698866550475203, 48.58655888620703 ], [ 7.701575387349852, 48.586614979740702 ], [ 7.701657959803288, 48.584816766865032 ], [ 7.698949220083414, 48.584760675653911 ] ] ] } },
{ "type": "Feature", "properties": { "idcar_200m": "CRS3035RES200mN2832800E4151400", "population": 392.5, "median_education": 22.076, "median_healthcare": 39.0425, "median_services": 6.01, "median_commerce": 57.683, "median_entertainment": 35.189, "PC1_pos": 1.5328506385900407, "nivvie": 16632.23363057325, "rel_education": 1.0288483944633453, "rel_sante": 0.77479944031766124, "rel_services": 0.58094178565838483, "rel_commerce": 0.5792272420593878, "rel_loisirs": 0.65937900413518569, "rel_pc1": 0.70435949020269462, "q_revenu": 1, "q_population": 4 }, "geometry": { "type": "Polygon", "coordinates": [ [ [ 7.701657959803288, 48.584816766865032 ], [ 7.701575387349852, 48.586614979740702 ], [ 7.704284229762113, 48.586671007226869 ], [ 7.704366705060003, 48.584872792031412 ], [ 7.701657959803288, 48.584816766865032 ] ] ] } },
{ "type": "Feature", "properties": { "idcar_200m": "CRS3035RES200mN2832800E4152400", "population": 36.0, "median_education": 22.281, "median_healthcare": 42.216, "median_services": 11.4105, "median_commerce": 67.038, "median_entertainment": 43.471, "PC1_pos": 1.9704679947432928, "nivvie": 16834.011111111111, "rel_education": 1.0384023861676841, "rel_sante": 0.83777763136198735, "rel_services": 1.1029677612737103, "rel_commerce": 0.67316602557386485, "rel_loisirs": 0.81456889052717218, "rel_pc1": 0.90544883976090307, "q_revenu": 1, "q_population": 2 }, "geometry": { "type": "Polygon", "coordinates": [ [ [ 7.715201741325296, 48.585096232244858 ], [ 7.715119654657269, 48.586894456692242 ], [ 7.717828524660079, 48.586950153937678 ], [ 7.717910514168723, 48.585151927184121 ], [ 7.715201741325296, 48.585096232244858 ] ] ] } },
{ "type": "Feature", "properties": { "idcar_200m": "CRS3035RES200mN2832800E4152600", "population": 25.0, "median_education": 23.768, "median_healthcare": 47.606, "median_services": 12.767, "median_commerce": 92.046, "median_entertainment": 56.009, "PC1_pos": 2.2063976012009183, "nivvie": 20458.604, "rel_education": 1.1077037796523279, "rel_sante": 0.94474232325702978, "rel_services": 1.2340904787854574, "rel_commerce": 0.92428533055836926, "rel_loisirs": 1.0495086146979913, "rel_pc1": 1.0138607444465884, "q_revenu": 2, "q_population": 1 }, "geometry": { "type": "Polygon", "coordinates": [ [ [ 7.717910514168723, 48.585151927184121 ], [ 7.717828524660079, 48.586950153937678 ], [ 7.720537400161499, 48.587005785134295 ], [ 7.720619292509999, 48.585207556077307 ], [ 7.717910514168723, 48.585151927184121 ] ] ] } },
{ "type": "Feature", "properties": { "idcar_200m": "CRS3035RES200mN2832800E4154000", "population": 895.5, "median_education": 47.1955, "median_healthcare": 110.778, "median_services": 26.452, "median_commerce": 356.6185, "median_entertainment": 119.882, "PC1_pos": 5.8582713343157344, "nivvie": 21261.475041876045, "rel_education": 2.1995386121079368, "rel_sante": 2.1983923262985177, "rel_services": 2.5569171571107479, "rel_commerce": 3.5810056727693742, "rel_loisirs": 2.2463745424346908, "rel_pc1": 2.69193155981799, "q_revenu": 2, "q_population": 5 }, "geometry": { "type": "Polygon", "coordinates": [ [ [ 7.736872077648349, 48.585539942456933 ], [ 7.736790768276739, 48.587338185277204 ], [ 7.739499682086388, 48.587393354126213 ], [ 7.739580894292521, 48.585595109021597 ], [ 7.736872077648349, 48.585539942456933 ] ] ] } },
{ "type": "Feature", "properties": { "idcar_200m": "CRS3035RES200mN2832800E4154200", "population": 407.5, "median_education": 52.5305, "median_healthcare": 124.446, "median_services": 30.2405, "median_commerce": 413.067, "median_entertainment": 133.7915, "PC1_pos": 6.6042751997244045, "nivvie": 23335.305521472394, "rel_education": 2.4481754206086594, "rel_sante": 2.4696341461169666, "rel_services": 2.9231231396343405, "rel_commerce": 4.1478366103660553, "rel_loisirs": 2.5070137267825938, "rel_pc1": 3.0347274520595318, "q_revenu": 3, "q_population": 4 }, "geometry": { "type": "Polygon", "coordinates": [ [ [ 7.739580894292521, 48.585595109021597 ], [ 7.739499682086388, 48.587393354126213 ], [ 7.742208601342635, 48.587448456924712 ], [ 7.742289716382536, 48.58565020953845 ], [ 7.739580894292521, 48.585595109021597 ] ] ] } },
{ "type": "Feature", "properties": { "idcar_200m": "CRS3035RES200mN2832800E4154400", "population": 373.5, "median_education": 60.422, "median_healthcare": 132.204, "median_services": 31.934, "median_commerce": 443.033, "median_entertainment": 141.851, "PC1_pos": 7.169998863280731, "nivvie": 26923.131726907628, "rel_education": 2.8159574963881249, "rel_sante": 2.623591860351056, "rel_services": 3.0868211286547189, "rel_commerce": 4.4487419643793968, "rel_loisirs": 2.6580343606121297, "rel_pc1": 3.2946828718678582, "q_revenu": 4, "q_population": 4 }, "geometry": { "type": "Polygon", "coordinates": [ [ [ 7.742289716382536, 48.58565020953845 ], [ 7.742208601342635, 48.587448456924712 ], [ 7.744917526038977, 48.587503493672465 ], [ 7.744998543911891, 48.58570524400735 ], [ 7.742289716382536, 48.58565020953845 ] ] ] } },
{ "type": "Feature", "properties": { "idcar_200m": "CRS3035RES200mN2832800E4154600", "population": 448.5, "median_education": 62.9915, "median_healthcare": 137.272, "median_services": 31.449, "median_commerce": 448.7595, "median_entertainment": 147.924, "PC1_pos": 7.2158400928519972, "nivvie": 29869.71884057971, "rel_education": 2.9357086265554364, "rel_sante": 2.7241664537692514, "rel_services": 3.0399398031897742, "rel_commerce": 4.5062449514232936, "rel_loisirs": 2.7718315327998297, "rel_pc1": 3.3157473541326024, "q_revenu": 5, "q_population": 4 }, "geometry": { "type": "Polygon", "coordinates": [ [ [ 7.744998543911891, 48.58570524400735 ], [ 7.744917526038977, 48.587503493672465 ], [ 7.747626456168914, 48.587558464369238 ], [ 7.747707376874082, 48.585760212427999 ], [ 7.744998543911891, 48.58570524400735 ] ] ] } },
{ "type": "Feature", "properties": { "idcar_200m": "CRS3035RES200mN2832800E4154800", "population": 114.0, "median_education": 63.7165, "median_healthcare": 129.6195, "median_services": 29.3315, "median_commerce": 416.341, "median_entertainment": 145.077, "PC1_pos": 6.8689338342677013, "nivvie": 30223.135964912282, "rel_education": 2.9694971338024883, "rel_sante": 2.5723023898125148, "rel_services": 2.8352569028350936, "rel_commerce": 4.1807126742063971, "rel_loisirs": 2.7184838382142242, "rel_pc1": 3.1563406191950643, "q_revenu": 5, "q_population": 2 }, "geometry": { "type": "Polygon", "coordinates": [ [ [ 7.747707376874082, 48.585760212427999 ], [ 7.747626456168914, 48.587558464369238 ], [ 7.750335391725947, 48.587613369014882 ], [ 7.750416215262614, 48.585815114800212 ], [ 7.747707376874082, 48.585760212427999 ] ] ] } },
{ "type": "Feature", "properties": { "idcar_200m": "CRS3035RES200mN2832800E4155000", "population": 32.0, "median_education": 62.2745, "median_healthcare": 119.973, "median_services": 26.847, "median_commerce": 388.077, "median_entertainment": 145.924, "PC1_pos": 6.6188693305912105, "nivvie": 42851.55625, "rel_education": 2.9022929580090415, "rel_sante": 2.3808673433625094, "rel_services": 2.5950988551698266, "rel_commerce": 3.8968980534417601, "rel_loisirs": 2.7343551052721824, "rel_pc1": 3.0414335944053708, "q_revenu": 5, "q_population": 2 }, "geometry": { "type": "Polygon", "coordinates": [ [ [ 7.750416215262614, 48.585815114800212 ], [ 7.750335391725947, 48.587613369014882 ], [ 7.753044332703569, 48.587668207609156 ], [ 7.753125059070983, 48.585869951123826 ], [ 7.750416215262614, 48.585815114800212 ] ] ] } },
{ "type": "Feature", "properties": { "idcar_200m": "CRS3035RES200mN2832800E4155200", "population": 10.0, "median_education": 62.284, "median_healthcare": 118.526, "median_services": 26.383, "median_commerce": 374.581, "median_entertainment": 149.397, "PC1_pos": 6.5215576458357516, "nivvie": 35221.26, "rel_education": 2.9027357039660715, "rel_sante": 2.3521515902693504, "rel_services": 2.5502474427662505, "rel_commerce": 3.7613771745201801, "rel_loisirs": 2.7994329216739415, "rel_pc1": 2.9967179470098961, "q_revenu": 5, "q_population": 1 }, "geometry": { "type": "Polygon", "coordinates": [ [ [ 7.753125059070983, 48.585869951123826 ], [ 7.753044332703569, 48.587668207609156 ], [ 7.755753279095278, 48.587722980151845 ], [ 7.755833908292688, 48.58592472139852 ], [ 7.753125059070983, 48.585869951123826 ] ] ] } },
{ "type": "Feature", "properties": { "idcar_200m": "CRS3035RES200mN2832800E4155400", "population": 574.5, "median_education": 59.7095, "median_healthcare": 112.095, "median_services": 24.5495, "median_commerce": 342.5285, "median_entertainment": 143.774, "PC1_pos": 6.080462345620111, "nivvie": 32933.315230635337, "rel_education": 2.7827515496108495, "rel_sante": 2.2245282259693475, "rel_services": 2.3730167000034137, "rel_commerce": 3.4395201078608779, "rel_loisirs": 2.6940679456799623, "rel_pc1": 2.7940304489791199, "q_revenu": 5, "q_population": 5 }, "geometry": { "type": "Polygon", "coordinates": [ [ [ 7.755833908292688, 48.58592472139852 ], [ 7.755753279095278, 48.587722980151845 ], [ 7.758462230894572, 48.587777686642717 ], [ 7.758542762921228, 48.585979425624146 ], [ 7.755833908292688, 48.58592472139852 ] ] ] } },
{ "type": "Feature", "properties": { "idcar_200m": "CRS3035RES200mN2832800E4155600", "population": 134.0, "median_education": 55.816, "median_healthcare": 104.67, "median_services": 22.108, "median_commerce": 295.196, "median_entertainment": 136.235, "PC1_pos": 5.5178579895623887, "nivvie": 39932.694029850747, "rel_education": 2.6012956144847834, "rel_sante": 2.0771789055016869, "rel_services": 2.1370151409876161, "rel_commerce": 2.9642280212014467, "rel_loisirs": 2.5528005521144972, "rel_pc1": 2.5355083807212901, "q_revenu": 5, "q_population": 3 }, "geometry": { "type": "Polygon", "coordinates": [ [ [ 7.758542762921228, 48.585979425624146 ], [ 7.758462230894572, 48.587777686642717 ], [ 7.761171188094954, 48.587832327081586 ], [ 7.761251622950095, 48.586034063800525 ], [ 7.758542762921228, 48.585979425624146 ] ] ] } },
{ "type": "Feature", "properties": { "idcar_200m": "CRS3035RES200mN2832800E4155800", "population": 188.5, "median_education": 52.5095, "median_healthcare": 102.0485, "median_services": 20.938, "median_commerce": 269.7245, "median_entertainment": 135.4485, "PC1_pos": 5.1778683480101577, "nivvie": 35965.80848806366, "rel_education": 2.4471967190194341, "rel_sante": 2.0251551689890976, "rel_services": 2.023919984711358, "rel_commerce": 2.7084544536665458, "rel_loisirs": 2.5380629469892493, "rel_pc1": 2.3792798972871818, "q_revenu": 5, "q_population": 3 }, "geometry": { "type": "Polygon", "coordinates": [ [ [ 7.761251622950095, 48.586034063800525 ], [ 7.761171188094954, 48.587832327081586 ], [ 7.763880150689916, 48.587886901468224 ], [ 7.763960488372798, 48.58608863592741 ], [ 7.761251622950095, 48.586034063800525 ] ] ] } },
{ "type": "Feature", "properties": { "idcar_200m": "CRS3035RES200mN2832800E4156000", "population": 578.5, "median_education": 46.152, "median_healthcare": 92.054, "median_services": 18.147, "median_commerce": 225.83, "median_entertainment": 117.463, "PC1_pos": 4.538402387706622, "nivvie": 32797.207605877273, "rel_education": 2.1509064640909727, "rel_sante": 1.8268140533777806, "rel_services": 1.7541348726027801, "rel_commerce": 2.2676852465071433, "rel_loisirs": 2.2010468033400015, "rel_pc1": 2.0854391887001547, "q_revenu": 5, "q_population": 5 }, "geometry": { "type": "Polygon", "coordinates": [ [ [ 7.763960488372798, 48.58608863592741 ], [ 7.763880150689916, 48.587886901468224 ], [ 7.76658911867296, 48.587941409802433 ], [ 7.766669359182831, 48.586143142004559 ], [ 7.763960488372798, 48.58608863592741 ] ] ] } },
{ "type": "Feature", "properties": { "idcar_200m": "CRS3035RES200mN2832800E4156200", "population": 841.0, "median_education": 43.033, "median_healthcare": 86.976, "median_services": 17.02, "median_commerce": 204.829, "median_entertainment": 111.226, "PC1_pos": 4.1965228862911079, "nivvie": 29889.223900118908, "rel_education": 2.0055459756722747, "rel_sante": 1.7260410096963286, "rel_services": 1.6451962049759916, "rel_commerce": 2.0568024680370707, "rel_loisirs": 2.0841765640950345, "rel_pc1": 1.9283422966316075, "q_revenu": 5, "q_population": 5 }, "geometry": { "type": "Polygon", "coordinates": [ [ [ 7.766669359182831, 48.586143142004559 ], [ 7.76658911867296, 48.587941409802433 ], [ 7.769298092037578, 48.587995852084013 ], [ 7.769378235373694, 48.586197582031794 ], [ 7.766669359182831, 48.586143142004559 ] ] ] } },
{ "type": "Feature", "properties": { "idcar_200m": "CRS3035RES200mN2832800E4156400", "population": 811.5, "median_education": 40.447, "median_healthcare": 80.695, "median_services": 15.765, "median_commerce": 178.057, "median_entertainment": 101.364, "PC1_pos": 3.7773483648578008, "nivvie": 27661.302156500307, "rel_education": 1.8850258656848582, "rel_sante": 1.6013943993451667, "rel_services": 1.523884733927527, "rel_commerce": 1.7879698531520276, "rel_loisirs": 1.8993802999562071, "rel_pc1": 1.7357276055523112, "q_revenu": 4, "q_population": 5 }, "geometry": { "type": "Polygon", "coordinates": [ [ [ 7.769378235373694, 48.586197582031794 ], [ 7.769298092037578, 48.587995852084013 ], [ 7.772007070777271, 48.588050228312703 ], [ 7.772087116938878, 48.586251956008923 ], [ 7.769378235373694, 48.586197582031794 ] ] ] } },
{ "type": "Feature", "properties": { "idcar_200m": "CRS3035RES200mN2832800E4156600", "population": 544.0, "median_education": 35.525, "median_healthcare": 70.329, "median_services": 13.629, "median_commerce": 147.954, "median_entertainment": 88.315, "PC1_pos": 3.2861877775983319, "nivvie": 32471.23327205882, "rel_education": 1.6556368551055598, "rel_sante": 1.3956808564538847, "rel_services": 1.3174135768283073, "rel_commerce": 1.4856888055693127, "rel_loisirs": 1.6548653485520739, "rel_pc1": 1.5100346305551169, "q_revenu": 5, "q_population": 5 }, "geometry": { "type": "Polygon", "coordinates": [ [ [ 7.772087116938878, 48.586251956008923 ], [ 7.772007070777271, 48.588050228312703 ], [ 7.774716054885536, 48.588104538488345 ], [ 7.774796003871894, 48.586306263935683 ], [ 7.772087116938878, 48.586251956008923 ] ] ] } },
{ "type": "Feature", "properties": { "idcar_200m": "CRS3035RES200mN2832800E4156800", "population": 438.5, "median_education": 31.988, "median_healthcare": 63.972, "median_services": 12.28, "median_commerce": 128.1, "median_entertainment": 82.159, "PC1_pos": 2.9530554897217485, "nivvie": 29177.540935005698, "rel_education": 1.4907955445775272, "rel_sante": 1.2695260241019768, "rel_services": 1.1870158282670491, "rel_commerce": 1.2863236951581503, "rel_loisirs": 1.5395129046219764, "rel_pc1": 1.3569571665468554, "q_revenu": 4, "q_population": 4 }, "geometry": { "type": "Polygon", "coordinates": [ [ [ 7.774796003871894, 48.586306263935683 ], [ 7.774716054885536, 48.588104538488345 ], [ 7.777425044355865, 48.588158782610698 ], [ 7.777504896166221, 48.586360505811925 ], [ 7.774796003871894, 48.586306263935683 ] ] ] } },
{ "type": "Feature", "properties": { "idcar_200m": "CRS3035RES200mN2832800E4157000", "population": 349.0, "median_education": 27.4865, "median_healthcare": 54.5, "median_services": 10.468, "median_commerce": 105.2235, "median_entertainment": 71.712, "PC1_pos": 2.4847230260966762, "nivvie": 29703.973638968484, "rel_education": 1.2810038682015192, "rel_sante": 1.081553934745791, "rel_services": 1.0118633298289472, "rel_commerce": 1.0566079729701296, "rel_loisirs": 1.3437547854313119, "rel_pc1": 1.1417539321157724, "q_revenu": 5, "q_population": 4 }, "geometry": { "type": "Polygon", "coordinates": [ [ [ 7.777504896166221, 48.586360505811925 ], [ 7.777425044355865, 48.588158782610698 ], [ 7.780134039181763, 48.588212960679549 ], [ 7.780213793815377, 48.586414681637372 ], [ 7.777504896166221, 48.586360505811925 ] ] ] } },
{ "type": "Feature", "properties": { "idcar_200m": "CRS3035RES200mN2832800E4157200", "population": 303.0, "median_education": 23.748, "median_healthcare": 46.385, "median_services": 9.087, "median_commerce": 86.495, "median_entertainment": 63.226, "PC1_pos": 2.1410822305599218, "nivvie": 35394.631683168322, "rel_education": 1.1067716829006851, "rel_sante": 0.92051154611345887, "rel_services": 0.87837238041226995, "rel_commerce": 0.86854463710151608, "rel_loisirs": 1.1847423034315057, "rel_pc1": 0.98384770859763604, "q_revenu": 5, "q_population": 4 }, "geometry": { "type": "Polygon", "coordinates": [ [ [ 7.780213793815377, 48.586414681637372 ], [ 7.780134039181763, 48.588212960679549 ], [ 7.78284303935672, 48.588267072694698 ], [ 7.782922696812848, 48.58646879141186 ], [ 7.780213793815377, 48.586414681637372 ] ] ] } },
{ "type": "Feature", "properties": { "idcar_200m": "CRS3035RES200mN2832800E4157400", "population": 150.0, "median_education": 19.745, "median_healthcare": 38.526, "median_services": 7.799, "median_commerce": 70.959, "median_entertainment": 53.978, "PC1_pos": 1.7998489082251241, "nivvie": 38773.073333333334, "rel_education": 0.92021251805937454, "rel_sante": 0.76454948422048341, "rel_services": 0.75387104598165444, "rel_commerce": 0.71253897802285082, "rel_loisirs": 1.0114513025436658, "rel_pc1": 0.82704774198054187, "q_revenu": 5, "q_population": 3 }, "geometry": { "type": "Polygon", "coordinates": [ [ [ 7.782922696812848, 48.58646879141186 ], [ 7.78284303935672, 48.588267072694698 ], [ 7.785552044874236, 48.588321118655962 ], [ 7.785631605152137, 48.586522835135163 ], [ 7.782922696812848, 48.58646879141186 ] ] ] } },
{ "type": "Feature", "properties": { "idcar_200m": "CRS3035RES200mN2832800E4157600", "population": 10.0, "median_education": 16.898, "median_healthcare": 32.363, "median_services": 6.51, "median_commerce": 57.978, "median_entertainment": 47.773, "PC1_pos": 1.411370380367063, "nivvie": 21870.81, "rel_education": 0.78752854546301898, "rel_sante": 0.64224458697574371, "rel_services": 0.62927304902430703, "rel_commerce": 0.58218950193504482, "rel_loisirs": 0.89518068613914092, "rel_pc1": 0.64853815275631821, "q_revenu": 2, "q_population": 1 }, "geometry": { "type": "Polygon", "coordinates": [ [ [ 7.785631605152137, 48.586522835135163 ], [ 7.785552044874236, 48.588321118655962 ], [ 7.788261055727808, 48.588375098563091 ], [ 7.788340518826735, 48.586576812807081 ], [ 7.785631605152137, 48.586522835135163 ] ] ] } },
{ "type": "Feature", "properties": { "idcar_200m": "CRS3035RES200mN2832800E4158000", "population": 2.0, "median_education": 6.5, "median_healthcare": 13.258, "median_services": 2.891, "median_commerce": 21.544, "median_entertainment": 21.078, "PC1_pos": 0.61334664532014616, "nivvie": 19542.4, "rel_education": 0.30293144428391666, "rel_sante": 0.26310535902494853, "rel_services": 0.27945136478176213, "rel_commerce": 0.21633534495306159, "rel_loisirs": 0.39496406971387216, "rel_pc1": 0.28183863420157629, "q_revenu": 2, "q_population": 1 }, "geometry": { "type": "Polygon", "coordinates": [ [ [ 7.791049437830144, 48.586630724427387 ], [ 7.790970071910932, 48.588429012415858 ], [ 7.793679093417104, 48.588482860214107 ], [ 7.793758362155861, 48.586684569995889 ], [ 7.791049437830144, 48.586630724427387 ] ] ] } },
{ "type": "Feature", "properties": { "idcar_200m": "CRS3035RES200mN2833000E4150400", "population": 1.0, "median_education": 13.166, "median_healthcare": 24.027, "median_services": 2.634, "median_commerce": 28.926, "median_entertainment": 24.508, "PC1_pos": 0.85543481387810316, "nivvie": 24795.9, "rel_education": 0.61359929160646876, "rel_sante": 0.47681644752545171, "rel_services": 0.25460909541167814, "rel_commerce": 0.29046213275678884, "rel_loisirs": 0.45923614292378673, "rel_pc1": 0.39308045691851956, "q_revenu": 3, "q_population": 1 }, "geometry": { "type": "Polygon", "coordinates": [ [ [ 7.688031258482718, 48.586333851601722 ], [ 7.687948192703417, 48.588132051404422 ], [ 7.690657104523132, 48.588188411459562 ], [ 7.690740073141924, 48.58639020932322 ], [ 7.688031258482718, 48.586333851601722 ] ] ] } },
{ "type": "Feature", "properties": { "idcar_200m": "CRS3035RES200mN2833000E4150600", "population": 1065.5, "median_education": 15.408, "median_healthcare": 28.316, "median_services": 3.102, "median_commerce": 35.063, "median_entertainment": 27.026, "PC1_pos": 1.0220490722055036, "nivvie": 19062.92125762553, "rel_education": 0.71808733746562892, "rel_sante": 0.56193176543599654, "rel_services": 0.29984715792218131, "rel_commerce": 0.35208717972935383, "rel_loisirs": 0.5064189651810943, "rel_pc1": 0.46964129794340603, "q_revenu": 2, "q_population": 5 }, "geometry": { "type": "Polygon", "coordinates": [ [ [ 7.690740073141924, 48.58639020932322 ], [ 7.690657104523132, 48.588188411459562 ], [ 7.693366021907228, 48.588244705465371 ], [ 7.69344889336474, 48.586446500998058 ], [ 7.690740073141924, 48.58639020932322 ] ] ] } },
{ "type": "Feature", "properties": { "idcar_200m": "CRS3035RES200mN2833000E4150800", "population": 676.0, "median_education": 18.0575, "median_healthcare": 33.4275, "median_services": 3.7945, "median_commerce": 42.6645, "median_entertainment": 29.645, "PC1_pos": 1.191037442902863, "nivvie": 18905.86198224852, "rel_education": 0.84156685463951142, "rel_sante": 0.6633696174993563, "rel_services": 0.36678595768398359, "rel_commerce": 0.42841808971174783, "rel_loisirs": 0.55549434702854816, "rel_pc1": 0.54729306624880458, "q_revenu": 1, "q_population": 5 }, "geometry": { "type": "Polygon", "coordinates": [ [ [ 7.69344889336474, 48.586446500998058 ], [ 7.693366021907228, 48.588244705465371 ], [ 7.69607494484921, 48.588300933421579 ], [ 7.696157719144666, 48.586502726626073 ], [ 7.69344889336474, 48.586446500998058 ] ] ] } },
{ "type": "Feature", "properties": { "idcar_200m": "CRS3035RES200mN2833000E4151000", "population": 940.5, "median_education": 21.71, "median_healthcare": 40.541, "median_services": 4.715, "median_commerce": 53.737, "median_entertainment": 34.096, "PC1_pos": 1.4280461037518297, "nivvie": 17634.042317916003, "rel_education": 1.0117910239082817, "rel_sante": 0.80453721226658903, "rel_services": 0.45576381354064632, "rel_commerce": 0.5396032506378885, "rel_loisirs": 0.63889813649132654, "rel_pc1": 0.65620080672034653, "q_revenu": 1, "q_population": 5 }, "geometry": { "type": "Polygon", "coordinates": [ [ [ 7.696157719144666, 48.586502726626073 ], [ 7.69607494484921, 48.588300933421579 ], [ 7.698783873342577, 48.588357095328014 ], [ 7.698866550475203, 48.58655888620703 ], [ 7.696157719144666, 48.586502726626073 ] ] ] } },
{ "type": "Feature", "properties": { "idcar_200m": "CRS3035RES200mN2833000E4151200", "population": 56.0, "median_education": 22.772, "median_healthcare": 42.1805, "median_services": 5.473, "median_commerce": 59.188, "median_entertainment": 35.4795, "PC1_pos": 1.5495552019671881, "nivvie": 20729.98392857143, "rel_education": 1.0612853614205153, "rel_sante": 0.83707313292742813, "rel_services": 0.52903400880338436, "rel_commerce": 0.59433978820468847, "rel_loisirs": 0.66482245523357653, "rel_pc1": 0.71203539641832492, "q_revenu": 2, "q_population": 2 }, "geometry": { "type": "Polygon", "coordinates": [ [ [ 7.698866550475203, 48.58655888620703 ], [ 7.698783873342577, 48.588357095328014 ], [ 7.701492807380826, 48.588413191184429 ], [ 7.701575387349852, 48.586614979740702 ], [ 7.698866550475203, 48.58655888620703 ] ] ] } },
{ "type": "Feature", "properties": { "idcar_200m": "CRS3035RES200mN2833000E4151400", "population": 3.0, "median_education": 22.382, "median_healthcare": 40.457, "median_services": 5.82, "median_commerce": 57.215, "median_entertainment": 35.085, "PC1_pos": 1.5345078237160594, "nivvie": 20730.0, "rel_education": 1.0431094747634804, "rel_sante": 0.80287023005523783, "rel_services": 0.56257590557933446, "rel_commerce": 0.57452779249393893, "rel_loisirs": 0.65743022990374811, "rel_pc1": 0.70512098257589007, "q_revenu": 2, "q_population": 1 }, "geometry": { "type": "Polygon", "coordinates": [ [ [ 7.701575387349852, 48.586614979740702 ], [ 7.701492807380826, 48.588413191184429 ], [ 7.704201746957457, 48.588469220990632 ], [ 7.704284229762113, 48.586671007226869 ], [ 7.701575387349852, 48.586614979740702 ] ] ] } },
{ "type": "Feature", "properties": { "idcar_200m": "CRS3035RES200mN2833000E4152400", "population": 31.0, "median_education": 21.2175, "median_healthcare": 45.6795, "median_services": 11.468, "median_commerce": 69.504, "median_entertainment": 42.8495, "PC1_pos": 1.9720144334441918, "nivvie": 23209.070967741933, "rel_education": 0.98883814139907722, "rel_sante": 0.90651088004074054, "rel_services": 1.1085258565607916, "rel_commerce": 0.6979285098225767, "rel_loisirs": 0.80292309067295575, "rel_pc1": 0.90615944309535246, "q_revenu": 3, "q_population": 2 }, "geometry": { "type": "Polygon", "coordinates": [ [ [ 7.715119654657269, 48.586894456692242 ], [ 7.715037560517768, 48.588692679708792 ], [ 7.717746527688788, 48.588748379260622 ], [ 7.717828524660079, 48.586950153937678 ], [ 7.715119654657269, 48.586894456692242 ] ] ] } },
{ "type": "Feature", "properties": { "idcar_200m": "CRS3035RES200mN2833000E4152600", "population": 276.5, "median_education": 21.6445, "median_healthcare": 47.6835, "median_services": 12.0325, "median_commerce": 84.4655, "median_entertainment": 55.0185, "PC1_pos": 2.1565538280861332, "nivvie": 25185.101265822785, "rel_education": 1.0087384070466514, "rel_sante": 0.94628031279726443, "rel_services": 1.1630918529009175, "rel_commerce": 0.84816529331288626, "rel_loisirs": 1.0309484139649241, "rel_pc1": 0.9909570552435738, "q_revenu": 3, "q_population": 4 }, "geometry": { "type": "Polygon", "coordinates": [ [ [ 7.717828524660079, 48.586950153937678 ], [ 7.717746527688788, 48.588748379260622 ], [ 7.720455500359179, 48.588804012760875 ], [ 7.720537400161499, 48.587005785134295 ], [ 7.717828524660079, 48.586950153937678 ] ] ] } },
{ "type": "Feature", "properties": { "idcar_200m": "CRS3035RES200mN2833000E4153200", "population": 10.0, "median_education": 22.45, "median_healthcare": 52.337, "median_services": 13.025, "median_commerce": 130.28, "median_entertainment": 61.123, "PC1_pos": 2.5349576568909282, "nivvie": 24029.61, "rel_education": 1.0462786037190659, "rel_sante": 1.0386291428034946, "rel_services": 1.2590294106822733, "rel_commerce": 1.3082142935613099, "rel_loisirs": 1.1453358398861848, "rel_pc1": 1.16483722415087, "q_revenu": 3, "q_population": 1 }, "geometry": { "type": "Polygon", "coordinates": [ [ [ 7.72595516763416, 48.587116849380287 ], [ 7.725873462172078, 48.588915081606004 ], [ 7.728582451301579, 48.588970516950376 ], [ 7.728664059592401, 48.587172282429201 ], [ 7.72595516763416, 48.587116849380287 ] ] ] } },
{ "type": "Feature", "properties": { "idcar_200m": "CRS3035RES200mN2833000E4154000", "population": 377.5, "median_education": 46.906, "median_healthcare": 105.28, "median_services": 24.492, "median_commerce": 326.453, "median_entertainment": 112.416, "PC1_pos": 5.4788818138035058, "nivvie": 23256.989668874172, "rel_education": 2.1860465116279069, "rel_sante": 2.0892843715603093, "rel_services": 2.3674586047163331, "rel_commerce": 3.2780970277553751, "rel_loisirs": 2.1064750384739845, "rel_pc1": 2.5175984561686739, "q_revenu": 3, "q_population": 4 }, "geometry": { "type": "Polygon", "coordinates": [ [ [ 7.736790768276739, 48.587338185277204 ], [ 7.736709451504264, 48.589136426668404 ], [ 7.739418462488213, 48.589191597801964 ], [ 7.739499682086388, 48.587393354126213 ], [ 7.736790768276739, 48.587338185277204 ] ] ] } },
{ "type": "Feature", "properties": { "idcar_200m": "CRS3035RES200mN2833000E4154200", "population": 564.5, "median_education": 53.495, "median_healthcare": 113.817, "median_services": 26.6, "median_commerce": 357.821, "median_entertainment": 119.667, "PC1_pos": 6.0035573877715596, "nivvie": 26611.69743135518, "rel_education": 2.4931257864566341, "rel_sante": 2.258701361302049, "rel_services": 2.571223211067061, "rel_commerce": 3.5930806473472638, "rel_loisirs": 2.2423458264754688, "rel_pc1": 2.758691887255917, "q_revenu": 4, "q_population": 5 }, "geometry": { "type": "Polygon", "coordinates": [ [ [ 7.739499682086388, 48.587393354126213 ], [ 7.739418462488213, 48.589191597801964 ], [ 7.742127478919519, 48.589246702882257 ], [ 7.742208601342635, 48.587448456924712 ], [ 7.739499682086388, 48.587393354126213 ] ] ] } },
{ "type": "Feature", "properties": { "idcar_200m": "CRS3035RES200mN2833000E4154400", "population": 740.0, "median_education": 61.301, "median_healthcare": 119.059, "median_services": 27.3735, "median_commerce": 378.893, "median_entertainment": 127.5255, "PC1_pos": 6.4013153850795854, "nivvie": 28577.216621621621, "rel_education": 2.856923148622827, "rel_sante": 2.3627289893009014, "rel_services": 2.6459916754941424, "rel_commerce": 3.8046763764992746, "rel_loisirs": 2.3896000793384755, "rel_pc1": 2.9414654812087035, "q_revenu": 4, "q_population": 5 }, "geometry": { "type": "Polygon", "coordinates": [ [ [ 7.742208601342635, 48.587448456924712 ], [ 7.742127478919519, 48.589246702882257 ], [ 7.744836500791676, 48.589301741909104 ], [ 7.744917526038977, 48.587503493672465 ], [ 7.742208601342635, 48.587448456924712 ] ] ] } },
{ "type": "Feature", "properties": { "idcar_200m": "CRS3035RES200mN2833000E4154600", "population": 706.5, "median_education": 64.024, "median_healthcare": 122.5175, "median_services": 27.3425, "median_commerce": 389.3195, "median_entertainment": 133.4645, "PC1_pos": 6.5844043458464574, "nivvie": 27069.925123849967, "rel_education": 2.983828121358997, "rel_sante": 2.4313630128480264, "rel_services": 2.6429951371654554, "rel_commerce": 3.909374690375671, "rel_loisirs": 2.5008863308818232, "rel_pc1": 3.0255966051557284, "q_revenu": 4, "q_population": 5 }, "geometry": { "type": "Polygon", "coordinates": [ [ [ 7.744917526038977, 48.587503493672465 ], [ 7.744836500791676, 48.589301741909104 ], [ 7.747545528098187, 48.589356714882257 ], [ 7.747626456168914, 48.587558464369238 ], [ 7.744917526038977, 48.587503493672465 ] ] ] } },
{ "type": "Feature", "properties": { "idcar_200m": "CRS3035RES200mN2833000E4154800", "population": 399.5, "median_education": 65.951, "median_healthcare": 118.449, "median_services": 26.409, "median_commerce": 370.706, "median_entertainment": 132.669, "PC1_pos": 6.4535629288522527, "nivvie": 32332.677346683355, "rel_education": 3.0736356433797822, "rel_sante": 2.3506235232422785, "rel_services": 2.5527606684612785, "rel_commerce": 3.7224661337806189, "rel_loisirs": 2.4859800818327025, "rel_pc1": 2.9654737259584394, "q_revenu": 5, "q_population": 4 }, "geometry": { "type": "Polygon", "coordinates": [ [ [ 7.747626456168914, 48.587558464369238 ], [ 7.747545528098187, 48.589356714882257 ], [ 7.750254560832543, 48.589411621801517 ], [ 7.750335391725947, 48.587613369014882 ], [ 7.747626456168914, 48.587558464369238 ] ] ] } },
{ "type": "Feature", "properties": { "idcar_200m": "CRS3035RES200mN2833000E4155000", "population": 412.5, "median_education": 64.379, "median_healthcare": 112.002, "median_services": 24.69, "median_commerce": 336.22, "median_entertainment": 130.909, "PC1_pos": 6.050022095661383, "nivvie": 31403.344969696973, "rel_education": 3.0003728387006574, "rel_sante": 2.2226826385210656, "rel_services": 2.3865977850092381, "rel_commerce": 3.3761729335368722, "rel_loisirs": 2.4530008256083726, "rel_pc1": 2.7800428637553605, "q_revenu": 5, "q_population": 4 }, "geometry": { "type": "Polygon", "coordinates": [ [ [ 7.750335391725947, 48.587613369014882 ], [ 7.750254560832543, 48.589411621801517 ], [ 7.752963598988246, 48.589466462666707 ], [ 7.753044332703569, 48.587668207609156 ], [ 7.750335391725947, 48.587613369014882 ] ] ] } },
{ "type": "Feature", "properties": { "idcar_200m": "CRS3035RES200mN2833000E4155200", "population": 450.5, "median_education": 63.986, "median_healthcare": 111.9295, "median_services": 24.307, "median_commerce": 333.3485, "median_entertainment": 135.142, "PC1_pos": 6.0456396321781707, "nivvie": 30763.168923418423, "rel_education": 2.9820571375308753, "rel_sante": 2.2212438741124587, "rel_services": 2.3495760372709418, "rel_commerce": 3.347338597153994, "rel_loisirs": 2.5323196844706377, "rel_pc1": 2.7780290799807674, "q_revenu": 5, "q_population": 4 }, "geometry": { "type": "Polygon", "coordinates": [ [ [ 7.753044332703569, 48.587668207609156 ], [ 7.752963598988246, 48.589466462666707 ], [ 7.755672642558788, 48.58952123747757 ], [ 7.755753279095278, 48.587722980151845 ], [ 7.753044332703569, 48.587668207609156 ] ] ] } },
{ "type": "Feature", "properties": { "idcar_200m": "CRS3035RES200mN2833000E4155400", "population": 510.5, "median_education": 60.06, "median_healthcare": 103.872, "median_services": 22.2685, "median_commerce": 302.9315, "median_entertainment": 129.3305, "PC1_pos": 5.5542854811728599, "nivvie": 34157.819588638587, "rel_education": 2.79908654518339, "rel_sante": 2.0613425744938492, "rel_services": 2.1525294765280769, "rel_commerce": 3.0419045000765124, "rel_loisirs": 2.4234225551821771, "rel_pc1": 2.5522471605959653, "q_revenu": 5, "q_population": 5 }, "geometry": { "type": "Polygon", "coordinates": [ [ [ 7.755753279095278, 48.587722980151845 ], [ 7.755672642558788, 48.58952123747757 ], [ 7.758381691537672, 48.589575946233879 ], [ 7.758462230894572, 48.587777686642717 ], [ 7.755753279095278, 48.587722980151845 ] ] ] } },
{ "type": "Feature", "properties": { "idcar_200m": "CRS3035RES200mN2833000E4155600", "population": 101.0, "median_education": 54.2795, "median_healthcare": 96.5105, "median_services": 20.2765, "median_commerce": 270.697, "median_entertainment": 123.3095, "PC1_pos": 5.0955484488295522, "nivvie": 40022.265346534652, "rel_education": 2.5296872815398235, "rel_sante": 1.9152534131978654, "rel_services": 1.9599777232782427, "rel_commerce": 2.7182198696973132, "rel_loisirs": 2.3105997701101959, "rel_pc1": 2.3414531183690985, "q_revenu": 5, "q_population": 2 }, "geometry": { "type": "Polygon", "coordinates": [ [ [ 7.758462230894572, 48.587777686642717 ], [ 7.758381691537672, 48.589575946233879 ], [ 7.761090745918389, 48.589630588935457 ], [ 7.761171188094954, 48.587832327081586 ], [ 7.758462230894572, 48.587777686642717 ] ] ] } },
{ "type": "Feature", "properties": { "idcar_200m": "CRS3035RES200mN2833000E4155800", "population": 129.0, "median_education": 44.053, "median_healthcare": 82.59, "median_services": 17.201, "median_commerce": 220.033, "median_entertainment": 106.332, "PC1_pos": 4.1435249402823953, "nivvie": 39132.73333333333, "rel_education": 2.0530829100060584, "rel_sante": 1.6390007242321996, "rel_services": 1.6626921223144555, "rel_commerce": 2.2094743295607593, "rel_loisirs": 1.992471745934882, "rel_pc1": 1.9039892348963665, "q_revenu": 5, "q_population": 2 }, "geometry": { "type": "Polygon", "coordinates": [ [ [ 7.761171188094954, 48.587832327081586 ], [ 7.761090745918389, 48.589630588935457 ], [ 7.763799805694442, 48.589685165582083 ], [ 7.763880150689916, 48.587886901468224 ], [ 7.761171188094954, 48.587832327081586 ] ] ] } },
{ "type": "Feature", "properties": { "idcar_200m": "CRS3035RES200mN2833000E4156000", "population": 129.5, "median_education": 44.025, "median_healthcare": 85.834, "median_services": 17.0105, "median_commerce": 209.317, "median_entertainment": 107.6035, "PC1_pos": 4.2537763579198185, "nivvie": 35367.937451737453, "rel_education": 2.0517779745537585, "rel_sante": 1.703377989632481, "rel_services": 1.6442779109720391, "rel_commerce": 2.1018689843826586, "rel_loisirs": 2.0162973847355836, "rel_pc1": 1.954650812982442, "q_revenu": 5, "q_population": 3 }, "geometry": { "type": "Polygon", "coordinates": [ [ [ 7.763880150689916, 48.587886901468224 ], [ 7.763799805694442, 48.589685165582083 ], [ 7.766508870859322, 48.589739676173579 ], [ 7.76658911867296, 48.587941409802433 ], [ 7.763880150689916, 48.587886901468224 ] ] ] } },
{ "type": "Feature", "properties": { "idcar_200m": "CRS3035RES200mN2833000E4156200", "population": 467.5, "median_education": 42.199, "median_healthcare": 83.843, "median_services": 16.319, "median_commerce": 191.414, "median_entertainment": 104.253, "PC1_pos": 3.9623637605935174, "nivvie": 32409.568983957219, "rel_education": 1.9666775411287689, "rel_sante": 1.66386654221819, "rel_services": 1.5774357737369686, "rel_commerce": 1.9220949553864337, "rel_loisirs": 1.953514999519893, "rel_pc1": 1.8207439447436684, "q_revenu": 5, "q_population": 4 }, "geometry": { "type": "Polygon", "coordinates": [ [ [ 7.76658911867296, 48.587941409802433 ], [ 7.766508870859322, 48.589739676173579 ], [ 7.769217941406524, 48.589794120709669 ], [ 7.769298092037578, 48.587995852084013 ], [ 7.76658911867296, 48.587941409802433 ] ] ] } },
{ "type": "Feature", "properties": { "idcar_200m": "CRS3035RES200mN2833000E4156400", "population": 384.0, "median_education": 38.177, "median_healthcare": 75.545, "median_services": 14.874, "median_commerce": 166.365, "median_entertainment": 94.075, "PC1_pos": 3.5687497479994454, "nivvie": 36130.760416666664, "rel_education": 1.7792328843733978, "rel_sante": 1.4991925137682711, "rel_services": 1.4377584226094535, "rel_commerce": 1.6705639464870077, "rel_loisirs": 1.7627974598316973, "rel_pc1": 1.6398745512961659, "q_revenu": 5, "q_population": 4 }, "geometry": { "type": "Polygon", "coordinates": [ [ [ 7.769298092037578, 48.587995852084013 ], [ 7.769217941406524, 48.589794120709669 ], [ 7.771927017329546, 48.589848499190168 ], [ 7.772007070777271, 48.588050228312703 ], [ 7.769298092037578, 48.587995852084013 ] ] ] } },
{ "type": "Feature", "properties": { "idcar_200m": "CRS3035RES200mN2833000E4156600", "population": 163.0, "median_education": 33.322, "median_healthcare": 66.105, "median_services": 13.057, "median_commerce": 140.579, "median_entertainment": 82.861, "PC1_pos": 3.0980420256233301, "nivvie": 38265.749693251535, "rel_education": 1.5529663979121033, "rel_sante": 1.3118554652545047, "rel_services": 1.2621226115376922, "rel_commerce": 1.4116323086778892, "rel_loisirs": 1.5526671306841804, "rel_pc1": 1.4235798628115273, "q_revenu": 5, "q_population": 3 }, "geometry": { "type": "Polygon", "coordinates": [ [ [ 7.772007070777271, 48.588050228312703 ], [ 7.771927017329546, 48.589848499190168 ], [ 7.774636098621895, 48.589902811614863 ], [ 7.774716054885536, 48.588104538488345 ], [ 7.772007070777271, 48.588050228312703 ] ] ] } },
{ "type": "Feature", "properties": { "idcar_200m": "CRS3035RES200mN2833000E4156800", "population": 55.0, "median_education": 29.6085, "median_healthcare": 58.921, "median_services": 11.6875, "median_commerce": 121.5135, "median_entertainment": 74.7525, "PC1_pos": 2.7433543684383639, "nivvie": 43466.29818181818, "rel_education": 1.3798993335508225, "rel_sante": 1.1692887961313163, "rel_services": 1.1297432811784314, "rel_commerce": 1.220184967459796, "rel_loisirs": 1.4007283243802173, "rel_pc1": 1.2605975009906851, "q_revenu": 5, "q_population": 2 }, "geometry": { "type": "Polygon", "coordinates": [ [ [ 7.774716054885536, 48.588104538488345 ], [ 7.774636098621895, 48.589902811614863 ], [ 7.777345185277053, 48.589957057983561 ], [ 7.777425044355865, 48.588158782610698 ], [ 7.774716054885536, 48.588104538488345 ] ] ] } },
{ "type": "Feature", "properties": { "idcar_200m": "CRS3035RES200mN2833000E4157000", "population": 17.0, "median_education": 25.4055, "median_healthcare": 50.834, "median_services": 10.294, "median_commerce": 100.996, "median_entertainment": 66.144, "PC1_pos": 2.3666480359165556, "nivvie": 34830.147058823532, "rel_education": 1.1840192011930839, "rel_sante": 1.0088020682361016, "rel_services": 0.99504405017760622, "rel_commerce": 1.0141572827181309, "rel_loisirs": 1.2394204111943428, "rel_pc1": 1.087497347817737, "q_revenu": 5, "q_population": 1 }, "geometry": { "type": "Polygon", "coordinates": [ [ [ 7.777425044355865, 48.588158782610698 ], [ 7.777345185277053, 48.589957057983561 ], [ 7.780054277288517, 48.590011238296036 ], [ 7.780134039181763, 48.588212960679549 ], [ 7.777425044355865, 48.588158782610698 ] ] ] } },
{ "type": "Feature", "properties": { "idcar_200m": "CRS3035RES200mN2833000E4157200", "population": 138.0, "median_education": 21.9415, "median_healthcare": 43.3515, "median_services": 8.92, "median_commerce": 83.2855, "median_entertainment": 58.7935, "PC1_pos": 2.0270192301904153, "nivvie": 37240.709420289859, "rel_education": 1.0225800438085473, "rel_sante": 0.86031165875471849, "rel_services": 0.86222973844805195, "rel_commerce": 0.83631625381025854, "rel_loisirs": 1.1016851709233579, "rel_pc1": 0.93143467188770879, "q_revenu": 5, "q_population": 3 }, "geometry": { "type": "Polygon", "coordinates": [ [ [ 7.780134039181763, 48.588212960679549 ], [ 7.780054277288517, 48.590011238296036 ], [ 7.782763374649791, 48.590065352552081 ], [ 7.78284303935672, 48.588267072694698 ], [ 7.780134039181763, 48.588212960679549 ] ] ] } },
{ "type": "Feature", "properties": { "idcar_200m": "CRS3035RES200mN2833000E4157400", "population": 199.0, "median_education": 19.38, "median_healthcare": 37.711, "median_services": 7.901, "median_commerce": 71.673, "median_entertainment": 52.341, "PC1_pos": 1.773244529269967, "nivvie": 36473.102512562815, "rel_education": 0.90320175234189304, "rel_sante": 0.74837578776511038, "rel_services": 0.76373062370830258, "rel_commerce": 0.71970865107783066, "rel_loisirs": 0.9807768466122867, "rel_pc1": 0.81482277607306741, "q_revenu": 5, "q_population": 3 }, "geometry": { "type": "Polygon", "coordinates": [ [ [ 7.78284303935672, 48.588267072694698 ], [ 7.782763374649791, 48.590065352552081 ], [ 7.785472477354367, 48.590119400751455 ], [ 7.785552044874236, 48.588321118655962 ], [ 7.78284303935672, 48.588267072694698 ] ] ] } },
{ "type": "Feature", "properties": { "idcar_200m": "CRS3035RES200mN2833000E4157600", "population": 64.5, "median_education": 15.8685, "median_healthcare": 30.8125, "median_services": 6.4115, "median_commerce": 56.224, "median_entertainment": 44.537, "PC1_pos": 1.4347055067729395, "nivvie": 34136.871317829464, "rel_education": 0.73954886517220486, "rel_sante": 0.61147487365788411, "rel_services": 0.61975179014122039, "rel_commerce": 0.56457660762351169, "rel_loisirs": 0.83454382639940794, "rel_pc1": 0.65926086593219368, "q_revenu": 5, "q_population": 2 }, "geometry": { "type": "Polygon", "coordinates": [ [ [ 7.785552044874236, 48.588321118655962 ], [ 7.785472477354367, 48.590119400751455 ], [ 7.788181585395736, 48.590173382894001 ], [ 7.788261055727808, 48.588375098563091 ], [ 7.785552044874236, 48.588321118655962 ] ] ] } },
{ "type": "Feature", "properties": { "idcar_200m": "CRS3035RES200mN2833000E4158000", "population": 2.0, "median_education": 7.3785, "median_healthcare": 14.3755, "median_services": 3.3295, "median_commerce": 26.0715, "median_entertainment": 22.708, "PC1_pos": 0.71136117068249893, "nivvie": 19542.4, "rel_education": 0.34387379409982755, "rel_sante": 0.28528217594381866, "rel_services": 0.32183788275367592, "rel_commerce": 0.26179850287522027, "rel_loisirs": 0.42550735814890439, "rel_pc1": 0.32687724356027315, "q_revenu": 2, "q_population": 1 }, "geometry": { "type": "Polygon", "coordinates": [ [ [ 7.790970071910932, 48.588429012415858 ], [ 7.790890698767404, 48.590227298979492 ], [ 7.79359981746286, 48.590281149007716 ], [ 7.793679093417104, 48.588482860214107 ], [ 7.790970071910932, 48.588429012415858 ] ] ] } },
{ "type": "Feature", "properties": { "idcar_200m": "CRS3035RES200mN2833000E4158200", "population": 4.0, "median_education": 7.629, "median_healthcare": 14.8655, "median_services": 3.4565, "median_commerce": 27.9035, "median_entertainment": 22.741, "PC1_pos": 0.72825148690281494, "nivvie": 19542.4, "rel_education": 0.35554830591415387, "rel_sante": 0.29500623884336796, "rel_services": 0.33411402364862014, "rel_commerce": 0.28019463878099488, "rel_loisirs": 0.4261257192031106, "rel_pc1": 0.3346385049792247, "q_revenu": 2, "q_population": 1 }, "geometry": { "type": "Polygon", "coordinates": [ [ [ 7.793679093417104, 48.588482860214107 ], [ 7.79359981746286, 48.590281149007716 ], [ 7.796308941475599, 48.590334932978429 ], [ 7.79638812023982, 48.588536641957617 ], [ 7.793679093417104, 48.588482860214107 ] ] ] } },
{ "type": "Feature", "properties": { "idcar_200m": "CRS3035RES200mN2833200E4150600", "population": 122.0, "median_education": 15.219, "median_healthcare": 28.807, "median_services": 3.21, "median_commerce": 35.25, "median_entertainment": 27.073, "PC1_pos": 1.0223801803387711, "nivvie": 20702.227049180328, "rel_education": 0.70927902316260427, "rel_sante": 0.57167567336187153, "rel_services": 0.31028671080922049, "rel_commerce": 0.35396495124375327, "rel_loisirs": 0.50729966122799408, "rel_pc1": 0.46979344528906314, "q_revenu": 2, "q_population": 2 }, "geometry": { "type": "Polygon", "coordinates": [ [ [ 7.690657104523132, 48.588188411459562 ], [ 7.690574128352466, 48.589986612163585 ], [ 7.693283142906672, 48.590042908500536 ], [ 7.693366021907228, 48.588244705465371 ], [ 7.690657104523132, 48.588188411459562 ] ] ] } },
{ "type": "Feature", "properties": { "idcar_200m": "CRS3035RES200mN2833200E4150800", "population": 87.0, "median_education": 18.152, "median_healthcare": 34.147, "median_services": 4.083, "median_commerce": 43.8705, "median_entertainment": 29.788, "PC1_pos": 1.2196121501356771, "nivvie": 24795.873563218393, "rel_education": 0.84597101179102396, "rel_sante": 0.6776481139406334, "rel_services": 0.39467309664612066, "rel_commerce": 0.44052820974578955, "rel_loisirs": 0.55817391159677487, "rel_pc1": 0.56042341679470609, "q_revenu": 3, "q_population": 2 }, "geometry": { "type": "Polygon", "coordinates": [ [ [ 7.693366021907228, 48.588244705465371 ], [ 7.693283142906672, 48.590042908500536 ], [ 7.695992163019534, 48.590099138785185 ], [ 7.69607494484921, 48.588300933421579 ], [ 7.693366021907228, 48.588244705465371 ] ] ] } },
{ "type": "Feature", "properties": { "idcar_200m": "CRS3035RES200mN2833200E4151000", "population": 91.0, "median_education": 21.796, "median_healthcare": 41.985, "median_services": 5.062, "median_commerce": 52.607, "median_entertainment": 34.524, "PC1_pos": 1.4482099089257294, "nivvie": 20247.290109890109, "rel_education": 1.0157990399403458, "rel_sante": 0.8331934302807712, "rel_services": 0.48930571031659637, "rel_commerce": 0.52825628908028732, "rel_loisirs": 0.64691809198224304, "rel_pc1": 0.66546626753908522, "q_revenu": 2, "q_population": 2 }, "geometry": { "type": "Polygon", "coordinates": [ [ [ 7.69607494484921, 48.588300933421579 ], [ 7.695992163019534, 48.590099138785185 ], [ 7.698701188684554, 48.590155303017312 ], [ 7.698783873342577, 48.588357095328014 ], [ 7.69607494484921, 48.588300933421579 ] ] ] } },
{ "type": "Feature", "properties": { "idcar_200m": "CRS3035RES200mN2833200E4151200", "population": 1.0, "median_education": 21.0305, "median_healthcare": 39.4615, "median_services": 4.971, "median_commerce": 51.5195, "median_entertainment": 33.1885, "PC1_pos": 1.4256058963702714, "nivvie": 20730.0, "rel_education": 0.98012303677121682, "rel_sante": 0.78311450634809221, "rel_services": 0.48050942038399852, "rel_commerce": 0.51733609377595879, "rel_loisirs": 0.62189320750065691, "rel_pc1": 0.65507950815152827, "q_revenu": 2, "q_population": 1 }, "geometry": { "type": "Polygon", "coordinates": [ [ [ 7.698783873342577, 48.588357095328014 ], [ 7.698701188684554, 48.590155303017312 ], [ 7.701410219895227, 48.59021140119669 ], [ 7.701492807380826, 48.588413191184429 ], [ 7.698783873342577, 48.588357095328014 ] ] ] } },
{ "type": "Feature", "properties": { "idcar_200m": "CRS3035RES200mN2833200E4151400", "population": 795.5, "median_education": 22.6665, "median_healthcare": 41.848, "median_services": 5.9585, "median_commerce": 52.2445, "median_entertainment": 35.037, "PC1_pos": 1.4987894560648656, "nivvie": 16767.930861093653, "rel_education": 1.0563685510555996, "rel_sante": 0.83047466167416251, "rel_services": 0.57596366553169487, "rel_commerce": 0.52461622397884455, "rel_loisirs": 0.6565307956430847, "rel_pc1": 0.68870805192479356, "q_revenu": 1, "q_population": 5 }, "geometry": { "type": "Polygon", "coordinates": [ [ [ 7.701492807380826, 48.588413191184429 ], [ 7.701410219895227, 48.59021140119669 ], [ 7.704119256645051, 48.590267433323142 ], [ 7.704201746957457, 48.588469220990632 ], [ 7.701492807380826, 48.588413191184429 ] ] ] } },
{ "type": "Feature", "properties": { "idcar_200m": "CRS3035RES200mN2833200E4151800", "population": 460.0, "median_education": 22.779, "median_healthcare": 42.406, "median_services": 7.059, "median_commerce": 52.459, "median_entertainment": 35.646, "PC1_pos": 1.5749365511380566, "nivvie": 16618.310869565219, "rel_education": 1.0616115952835905, "rel_sante": 0.84154818636385331, "rel_services": 0.68234077620008959, "rel_commerce": 0.52677013836300868, "rel_loisirs": 0.66794236782525307, "rel_pc1": 0.72369836847351088, "q_revenu": 1, "q_population": 4 }, "geometry": { "type": "Polygon", "coordinates": [ [ [ 7.706910692065968, 48.588525184746373 ], [ 7.706828298927529, 48.590323399396397 ], [ 7.709537346736152, 48.590379299416277 ], [ 7.709619642699856, 48.588581082451476 ], [ 7.706910692065968, 48.588525184746373 ] ] ] } },
{ "type": "Feature", "properties": { "idcar_200m": "CRS3035RES200mN2833200E4152000", "population": 176.0, "median_education": 23.09, "median_healthcare": 44.222, "median_services": 8.354, "median_commerce": 54.705, "median_entertainment": 37.572, "PC1_pos": 1.6746523169141669, "nivvie": 19271.861363636363, "rel_education": 1.0761056997716363, "rel_sante": 0.87758675417116272, "rel_services": 0.80751874831782799, "rel_commerce": 0.54932347965360351, "rel_loisirs": 0.70403216753437725, "rel_pc1": 0.76951871403035987, "q_revenu": 2, "q_population": 3 }, "geometry": { "type": "Polygon", "coordinates": [ [ [ 7.709619642699856, 48.588581082451476 ], [ 7.709537346736152, 48.590379299416277 ], [ 7.712246400064419, 48.590435133382556 ], [ 7.712328598852626, 48.588636914105699 ], [ 7.709619642699856, 48.588581082451476 ] ] ] } },
{ "type": "Feature", "properties": { "idcar_200m": "CRS3035RES200mN2833200E4152200", "population": 8.0, "median_education": 23.669, "median_healthcare": 47.003, "median_services": 9.727, "median_commerce": 60.642, "median_entertainment": 41.076, "PC1_pos": 1.8976960984546432, "nivvie": 23209.075, "rel_education": 1.1030899007316959, "rel_sante": 0.93277577238268639, "rel_services": 0.94023639752065047, "rel_commerce": 0.60894021484606209, "rel_loisirs": 0.76969086856281477, "rel_pc1": 0.87200945924950191, "q_revenu": 3, "q_population": 1 }, "geometry": { "type": "Polygon", "coordinates": [ [ [ 7.712328598852626, 48.588636914105699 ], [ 7.712246400064419, 48.590435133382556 ], [ 7.71495545890583, 48.590490901294991 ], [ 7.715037560517768, 48.588692679708792 ], [ 7.712328598852626, 48.588636914105699 ] ] ] } },
{ "type": "Feature", "properties": { "idcar_200m": "CRS3035RES200mN2833200E4152400", "population": 58.0, "median_education": 22.404, "median_healthcare": 48.248, "median_services": 12.109, "median_commerce": 73.454, "median_entertainment": 45.272, "PC1_pos": 2.0625012415947239, "nivvie": 27345.805172413791, "rel_education": 1.0441347811902875, "rel_sante": 0.9574828301580719, "rel_services": 1.1704865361959038, "rel_commerce": 0.737592667479678, "rel_loisirs": 0.84831641351581821, "rel_pc1": 0.94773899458877342, "q_revenu": 4, "q_population": 2 }, "geometry": { "type": "Polygon", "coordinates": [ [ [ 7.715037560517768, 48.588692679708792 ], [ 7.71495545890583, 48.590490901294991 ], [ 7.717664523253883, 48.590546603153385 ], [ 7.717746527688788, 48.588748379260622 ], [ 7.715037560517768, 48.588692679708792 ] ] ] } },
{ "type": "Feature", "properties": { "idcar_200m": "CRS3035RES200mN2833200E4152600", "population": 785.5, "median_education": 20.55, "median_healthcare": 48.2405, "median_services": 11.8615, "median_commerce": 79.459, "median_entertainment": 51.393, "PC1_pos": 2.0603906806568504, "nivvie": 20953.799872692554, "rel_education": 0.95772941231299813, "rel_sante": 0.95733399246062978, "rel_services": 1.1465625608297723, "rel_commerce": 0.79789222867737286, "rel_loisirs": 0.96301301996418198, "rel_pc1": 0.94676917170530595, "q_revenu": 2, "q_population": 5 }, "geometry": { "type": "Polygon", "coordinates": [ [ [ 7.717746527688788, 48.588748379260622 ], [ 7.717664523253883, 48.590546603153385 ], [ 7.720373593102074, 48.590602238957551 ], [ 7.720455500359179, 48.588804012760875 ], [ 7.717746527688788, 48.588748379260622 ] ] ] } },
{ "type": "Feature", "properties": { "idcar_200m": "CRS3035RES200mN2833200E4152800", "population": 185.0, "median_education": 18.625, "median_healthcare": 46.729, "median_services": 11.338, "median_commerce": 92.832, "median_entertainment": 46.795, "PC1_pos": 2.0469359664351749, "nivvie": 19610.597837837839, "rel_education": 0.86801509996737658, "rel_sante": 0.92733823516946901, "rel_services": 1.0959597280856517, "rel_commerce": 0.93217799585418726, "rel_loisirs": 0.87685471307812146, "rel_pc1": 0.94058660217673173, "q_revenu": 2, "q_population": 3 }, "geometry": { "type": "Polygon", "coordinates": [ [ [ 7.720455500359179, 48.588804012760875 ], [ 7.720373593102074, 48.590602238957551 ], [ 7.723082668443902, 48.590657808707206 ], [ 7.723164478522444, 48.588859580209437 ], [ 7.720455500359179, 48.588804012760875 ] ] ] } },
{ "type": "Feature", "properties": { "idcar_200m": "CRS3035RES200mN2833200E4153200", "population": 1.0, "median_education": 24.695, "median_healthcare": 61.174, "median_services": 14.502, "median_commerce": 146.972, "median_entertainment": 65.092, "PC1_pos": 2.8251651178123165, "nivvie": 24029.6, "rel_education": 1.1509064640909725, "rel_sante": 1.2139996404429176, "rel_services": 1.4017999626652076, "rel_commerce": 1.4758279947289903, "rel_loisirs": 1.2197078103148002, "rel_pc1": 1.298190320715862, "q_revenu": 3, "q_population": 1 }, "geometry": { "type": "Polygon", "coordinates": [ [ [ 7.725873462172078, 48.588915081606004 ], [ 7.725791749272862, 48.590713312402201 ], [ 7.728500835582448, 48.59076875004228 ], [ 7.728582451301579, 48.588970516950376 ], [ 7.725873462172078, 48.588915081606004 ] ] ] } },
{ "type": "Feature", "properties": { "idcar_200m": "CRS3035RES200mN2833200E4154000", "population": 5.0, "median_education": 43.7565, "median_healthcare": 90.31, "median_services": 20.717, "median_commerce": 276.506, "median_entertainment": 96.075, "PC1_pos": 4.5133692511261732, "nivvie": 23473.7, "rel_education": 2.0392645756629539, "rel_sante": 1.7922043274659152, "rel_services": 2.0025575663036204, "rel_commerce": 2.7765512853505032, "rel_loisirs": 1.8002738873593445, "rel_pc1": 2.0739362236518457, "q_revenu": 3, "q_population": 1 }, "geometry": { "type": "Polygon", "coordinates": [ [ [ 7.736709451504264, 48.589136426668404 ], [ 7.736628127329964, 48.59093466663095 ], [ 7.739337235497042, 48.590989840049261 ], [ 7.739418462488213, 48.589191597801964 ], [ 7.736709451504264, 48.589136426668404 ] ] ] } },
{ "type": "Feature", "properties": { "idcar_200m": "CRS3035RES200mN2833200E4154200", "population": 623.5, "median_education": 53.575, "median_healthcare": 103.6985, "median_services": 23.743, "median_commerce": 319.029, "median_entertainment": 108.715, "PC1_pos": 5.4663993127937243, "nivvie": 22917.198075380915, "rel_education": 2.4968541734632055, "rel_sante": 2.0578994624263558, "rel_services": 2.2950583721941817, "rel_commerce": 3.2035484944778259, "rel_loisirs": 2.0371249093340738, "rel_pc1": 2.5118626278848484, "q_revenu": 3, "q_population": 5 }, "geometry": { "type": "Polygon", "coordinates": [ [ [ 7.739418462488213, 48.589191597801964 ], [ 7.739337235497042, 48.590989840049261 ], [ 7.74204634911223, 48.591044947411582 ], [ 7.742127478919519, 48.589246702882257 ], [ 7.739418462488213, 48.589191597801964 ] ] ] } },
{ "type": "Feature", "properties": { "idcar_200m": "CRS3035RES200mN2833200E4154400", "population": 848.5, "median_education": 60.083, "median_healthcare": 109.259, "median_services": 24.606, "median_commerce": 337.295, "median_entertainment": 114.855, "PC1_pos": 5.8188596245817656, "nivvie": 25396.714908662347, "rel_education": 2.8001584564477793, "rel_sante": 2.1682477313099149, "rel_services": 2.3784781327637634, "rel_commerce": 3.3869676093549437, "rel_loisirs": 2.1521775418439502, "rel_pc1": 2.6738215032492891, "q_revenu": 3, "q_population": 5 }, "geometry": { "type": "Polygon", "coordinates": [ [ [ 7.742127478919519, 48.589246702882257 ], [ 7.74204634911223, 48.591044947411582 ], [ 7.744755468169029, 48.59109998871773 ], [ 7.744836500791676, 48.589301741909104 ], [ 7.742127478919519, 48.589246702882257 ] ] ] } },
{ "type": "Feature", "properties": { "idcar_200m": "CRS3035RES200mN2833200E4154600", "population": 864.5, "median_education": 64.1875, "median_healthcare": 109.805, "median_services": 24.0955, "median_commerce": 336.912, "median_entertainment": 117.3235, "PC1_pos": 5.9206722731443833, "nivvie": 24248.268131868132, "rel_education": 2.9914480123036769, "rel_sante": 2.1790831156836985, "rel_services": 2.3291319128671568, "rel_commerce": 3.3831216922960401, "rel_loisirs": 2.1984328225199481, "rel_pc1": 2.720605386448578, "q_revenu": 3, "q_population": 5 }, "geometry": { "type": "Polygon", "coordinates": [ [ [ 7.744836500791676, 48.589301741909104 ], [ 7.744755468169029, 48.59109998871773 ], [ 7.747464592660939, 48.591154963967483 ], [ 7.747545528098187, 48.589356714882257 ], [ 7.744836500791676, 48.589301741909104 ] ] ] } },
{ "type": "Feature", "properties": { "idcar_200m": "CRS3035RES200mN2833200E4154800", "population": 1070.5, "median_education": 64.976, "median_healthcare": 105.118, "median_services": 22.963, "median_commerce": 317.822, "median_entertainment": 115.37, "PC1_pos": 5.706069029311319, "nivvie": 28837.523213451659, "rel_education": 3.0281959267371952, "rel_sante": 2.0860694772955606, "rel_services": 2.219661601343343, "rel_commerce": 3.1914283328848838, "rel_loisirs": 2.161827721932319, "rel_pc1": 2.6219931488197759, "q_revenu": 4, "q_population": 5 }, "geometry": { "type": "Polygon", "coordinates": [ [ [ 7.747545528098187, 48.589356714882257 ], [ 7.747464592660939, 48.591154963967483 ], [ 7.750173722581451, 48.591209873160608 ], [ 7.750254560832543, 48.589411621801517 ], [ 7.747545528098187, 48.589356714882257 ] ] ] } },
{ "type": "Feature", "properties": { "idcar_200m": "CRS3035RES200mN2833200E4155000", "population": 1112.0, "median_education": 65.357, "median_healthcare": 103.978, "median_services": 22.6945, "median_commerce": 300.0095, "median_entertainment": 116.111, "PC1_pos": 5.6000784131413326, "nivvie": 27176.511151079136, "rel_education": 3.0459523698559909, "rel_sante": 2.0634461472843642, "rel_services": 2.1937077129158422, "rel_commerce": 3.0125630649691573, "rel_loisirs": 2.1757127383313124, "rel_pc1": 2.5732894496515182, "q_revenu": 4, "q_population": 5 }, "geometry": { "type": "Polygon", "coordinates": [ [ [ 7.750254560832543, 48.589411621801517 ], [ 7.750173722581451, 48.591209873160608 ], [ 7.752882857924061, 48.591264716296884 ], [ 7.752963598988246, 48.589466462666707 ], [ 7.750254560832543, 48.589411621801517 ] ] ] } },
{ "type": "Feature", "properties": { "idcar_200m": "CRS3035RES200mN2833200E4155200", "population": 1040.5, "median_education": 63.338, "median_healthcare": 101.489, "median_services": 21.799, "median_commerce": 285.963, "median_entertainment": 116.181, "PC1_pos": 5.3664746034034021, "nivvie": 31211.337049495432, "rel_education": 2.9518572027776484, "rel_sante": 2.0140518767599187, "rel_services": 2.1071464202274761, "rel_commerce": 2.8715143078728347, "rel_loisirs": 2.17702441329478, "rel_pc1": 2.4659462707441686, "q_revenu": 5, "q_population": 5 }, "geometry": { "type": "Polygon", "coordinates": [ [ [ 7.752963598988246, 48.589466462666707 ], [ 7.752882857924061, 48.591264716296884 ], [ 7.755591998682266, 48.59131949337614 ], [ 7.755672642558788, 48.58952123747757 ], [ 7.752963598988246, 48.589466462666707 ] ] ] } },
{ "type": "Feature", "properties": { "idcar_200m": "CRS3035RES200mN2833200E4155400", "population": 103.0, "median_education": 57.474, "median_healthcare": 94.678, "median_services": 20.286, "median_commerce": 268.155, "median_entertainment": 115.967, "PC1_pos": 5.106577806233318, "nivvie": 32643.772815533983, "rel_education": 2.678566435195973, "rel_sante": 1.8788874024561832, "rel_services": 1.9608960172821956, "rel_commerce": 2.6926942269721605, "rel_loisirs": 2.1730144355493217, "rel_pc1": 2.3465212133045097, "q_revenu": 5, "q_population": 2 }, "geometry": { "type": "Polygon", "coordinates": [ [ [ 7.755672642558788, 48.58952123747757 ], [ 7.755591998682266, 48.59131949337614 ], [ 7.758301144849563, 48.591374204398122 ], [ 7.758381691537672, 48.589575946233879 ], [ 7.755672642558788, 48.58952123747757 ] ] ] } },
{ "type": "Feature", "properties": { "idcar_200m": "CRS3035RES200mN2833200E4155600", "population": 296.0, "median_education": 52.529, "median_healthcare": 87.304, "median_services": 18.5045, "median_commerce": 238.8815, "median_entertainment": 108.4395, "PC1_pos": 4.6194976826440133, "nivvie": 36251.890878378377, "rel_education": 2.4481055133522855, "rel_sante": 1.732550178331129, "rel_services": 1.7886917259094146, "rel_commerce": 2.3987426524974369, "rel_loisirs": 2.0319625314421406, "rel_pc1": 2.1227032502870542, "q_revenu": 5, "q_population": 4 }, "geometry": { "type": "Polygon", "coordinates": [ [ [ 7.758381691537672, 48.589575946233879 ], [ 7.758301144849563, 48.591374204398122 ], [ 7.761010296419449, 48.591428849362636 ], [ 7.761090745918389, 48.589630588935457 ], [ 7.758381691537672, 48.589575946233879 ] ] ] } },
{ "type": "Feature", "properties": { "idcar_200m": "CRS3035RES200mN2833200E4155800", "population": 269.5, "median_education": 45.926, "median_healthcare": 79.857, "median_services": 16.273, "median_commerce": 202.585, "median_entertainment": 97.935, "PC1_pos": 4.0477103384743103, "nivvie": 35994.090909090912, "rel_education": 2.1403737707974089, "rel_sante": 1.584764267284305, "rel_services": 1.5729892975073039, "rel_commerce": 2.0342692098642767, "rel_loisirs": 1.8351269649600561, "rel_pc1": 1.859961511395795, "q_revenu": 5, "q_population": 4 }, "geometry": { "type": "Polygon", "coordinates": [ [ [ 7.761090745918389, 48.589630588935457 ], [ 7.761010296419449, 48.591428849362636 ], [ 7.763719453385413, 48.591483428269456 ], [ 7.763799805694442, 48.589685165582083 ], [ 7.761090745918389, 48.589630588935457 ] ] ] } },
{ "type": "Feature", "properties": { "idcar_200m": "CRS3035RES200mN2833200E4156000", "population": 302.0, "median_education": 43.142, "median_healthcare": 79.704, "median_services": 15.764, "median_commerce": 185.074, "median_entertainment": 97.071, "PC1_pos": 3.8271945817835844, "nivvie": 34538.156291390726, "rel_education": 2.0106259029687283, "rel_sante": 1.5817279782564864, "rel_services": 1.523788071400795, "rel_commerce": 1.8584314719570609, "rel_loisirs": 1.8189371482681125, "rel_pc1": 1.7586324177097912, "q_revenu": 5, "q_population": 4 }, "geometry": { "type": "Polygon", "coordinates": [ [ [ 7.763799805694442, 48.589685165582083 ], [ 7.763719453385413, 48.591483428269456 ], [ 7.766428615740959, 48.591537941118432 ], [ 7.766508870859322, 48.589739676173579 ], [ 7.763799805694442, 48.589685165582083 ] ] ] } },
{ "type": "Feature", "properties": { "idcar_200m": "CRS3035RES200mN2833200E4156200", "population": 650.5, "median_education": 39.3985, "median_healthcare": 75.4725, "median_services": 15.0185, "median_commerce": 168.092, "median_entertainment": 92.278, "PC1_pos": 3.6002425840611911, "nivvie": 34474.600461183705, "rel_education": 1.836160693479983, "rel_sante": 1.4977537493596642, "rel_services": 1.4517261577222049, "rel_commerce": 1.687905718708226, "rel_loisirs": 1.7291248896981066, "rel_pc1": 1.6543458098748178, "q_revenu": 5, "q_population": 5 }, "geometry": { "type": "Polygon", "coordinates": [ [ [ 7.766508870859322, 48.589739676173579 ], [ 7.766428615740959, 48.591537941118432 ], [ 7.769137783479576, 48.59159238790923 ], [ 7.769217941406524, 48.589794120709669 ], [ 7.766508870859322, 48.589739676173579 ] ] ] } },
{ "type": "Feature", "properties": { "idcar_200m": "CRS3035RES200mN2833200E4156400", "population": 362.5, "median_education": 34.2215, "median_healthcare": 66.9665, "median_services": 13.5315, "median_commerce": 145.335, "median_entertainment": 82.8875, "PC1_pos": 3.1494146168418027, "nivvie": 36254.671172413793, "rel_education": 1.5948874493172394, "rel_sante": 1.3289519554340183, "rel_services": 1.3079889804719524, "rel_commerce": 1.4593899628088194, "rel_loisirs": 1.5531636933489215, "rel_pc1": 1.4471860585164908, "q_revenu": 5, "q_population": 4 }, "geometry": { "type": "Polygon", "coordinates": [ [ [ 7.769217941406524, 48.589794120709669 ], [ 7.769137783479576, 48.59159238790923 ], [ 7.771846956594763, 48.591646768641752 ], [ 7.771927017329546, 48.589848499190168 ], [ 7.769217941406524, 48.589794120709669 ] ] ] } },
{ "type": "Feature", "properties": { "idcar_200m": "CRS3035RES200mN2833200E4156600", "population": 65.5, "median_education": 30.11, "median_healthcare": 58.733, "median_services": 12.228, "median_commerce": 123.46, "median_entertainment": 72.669, "PC1_pos": 2.7806603250593951, "nivvie": 41949.299236641222, "rel_education": 1.4032716595982662, "rel_sante": 1.1655579311821016, "rel_services": 1.1819893768769933, "rel_commerce": 1.2397308618596816, "rel_loisirs": 1.3616872560032911, "rel_pc1": 1.2777399439173383, "q_revenu": 5, "q_population": 2 }, "geometry": { "type": "Polygon", "coordinates": [ [ [ 7.771927017329546, 48.589848499190168 ], [ 7.771846956594763, 48.591646768641752 ], [ 7.774556135080018, 48.591701083315748 ], [ 7.774636098621895, 48.589902811614863 ], [ 7.771927017329546, 48.589848499190168 ] ] ] } },
{ "type": "Feature", "properties": { "idcar_200m": "CRS3035RES200mN2833200E4157200", "population": 9.0, "median_education": 21.1805, "median_healthcare": 41.6645, "median_services": 9.1215, "median_commerce": 81.207, "median_entertainment": 56.7075, "PC1_pos": 1.9641760042962293, "nivvie": 34830.144444444442, "rel_education": 0.98711376240853788, "rel_sante": 0.82683309934341287, "rel_services": 0.88170723758451874, "rel_commerce": 0.81544487363550267, "rel_loisirs": 1.0625972570120219, "rel_pc1": 0.90255761013155678, "q_revenu": 5, "q_population": 1 }, "geometry": { "type": "Polygon", "coordinates": [ [ [ 7.780054277288517, 48.590011238296036 ], [ 7.779974508134698, 48.591809514487274 ], [ 7.782683702691118, 48.591863630984406 ], [ 7.782763374649791, 48.590065352552081 ], [ 7.780054277288517, 48.590011238296036 ] ] ] } },
{ "type": "Feature", "properties": { "idcar_200m": "CRS3035RES200mN2833200E4157400", "population": 127.0, "median_education": 17.4245, "median_healthcare": 33.5115, "median_services": 7.448, "median_commerce": 64.674, "median_entertainment": 47.551, "PC1_pos": 1.4950580543712466, "nivvie": 26358.788976377953, "rel_education": 0.81206599245001632, "rel_sante": 0.66503659971070772, "rel_services": 0.71994249909877706, "rel_commerce": 0.64942778033300719, "rel_loisirs": 0.89102080268357209, "rel_pc1": 0.68699343725295803, "q_revenu": 4, "q_population": 2 }, "geometry": { "type": "Polygon", "coordinates": [ [ [ 7.782763374649791, 48.590065352552081 ], [ 7.782683702691118, 48.591863630984406 ], [ 7.785392902591579, 48.59191768142216 ], [ 7.785472477354367, 48.590119400751455 ], [ 7.782763374649791, 48.590065352552081 ] ] ] } },
{ "type": "Feature", "properties": { "idcar_200m": "CRS3035RES200mN2833200E4157600", "population": 4.0, "median_education": 12.8015, "median_healthcare": 24.726, "median_services": 5.641, "median_commerce": 47.5805, "median_entertainment": 36.255, "PC1_pos": 1.2352830129530477, "nivvie": 34830.15, "rel_education": 0.59661182830777837, "rel_sante": 0.49068812092705366, "rel_services": 0.54527331329433426, "rel_commerce": 0.47778239326676319, "rel_loisirs": 0.67935394000742166, "rel_pc1": 0.5676243277427111, "q_revenu": 5, "q_population": 1 }, "geometry": { "type": "Polygon", "coordinates": [ [ [ 7.785472477354367, 48.590119400751455 ], [ 7.785392902591579, 48.59191768142216 ], [ 7.788102107829582, 48.591971665800344 ], [ 7.788181585395736, 48.590173382894001 ], [ 7.785472477354367, 48.590119400751455 ] ] ] } },
{ "type": "Feature", "properties": { "idcar_200m": "CRS3035RES200mN2833200E4157800", "population": 6.0, "median_education": 10.869, "median_healthcare": 21.418, "median_services": 4.958, "median_commerce": 41.087, "median_entertainment": 31.955, "PC1_pos": 1.0435787845112923, "nivvie": 34830.15, "rel_education": 0.50654797968029075, "rel_sante": 0.42504077384193301, "rel_services": 0.47925280753648453, "rel_commerce": 0.41257753054615864, "rel_loisirs": 0.59877962082298042, "rel_pc1": 0.47953440611855408, "q_revenu": 5, "q_population": 1 }, "geometry": { "type": "Polygon", "coordinates": [ [ [ 7.788181585395736, 48.590173382894001 ], [ 7.788102107829582, 48.591971665800344 ], [ 7.790811318398625, 48.592025584118723 ], [ 7.790890698767404, 48.590227298979492 ], [ 7.788181585395736, 48.590173382894001 ] ] ] } },
{ "type": "Feature", "properties": { "idcar_200m": "CRS3035RES200mN2833200E4158000", "population": 3.0, "median_education": 8.669, "median_healthcare": 17.495, "median_services": 4.254, "median_commerce": 31.837, "median_entertainment": 27.314, "PC1_pos": 0.8638110964301704, "nivvie": 19542.4, "rel_education": 0.40401733699958059, "rel_sante": 0.34718873556656171, "rel_services": 0.411202388717266, "rel_commerce": 0.31969311071623752, "rel_loisirs": 0.51181557074507555, "rel_pc1": 0.39692943865205277, "q_revenu": 2, "q_population": 1 }, "geometry": { "type": "Polygon", "coordinates": [ [ [ 7.790890698767404, 48.590227298979492 ], [ 7.790811318398625, 48.592025584118723 ], [ 7.793520534292191, 48.592079436377119 ], [ 7.79359981746286, 48.590281149007716 ], [ 7.790890698767404, 48.590227298979492 ] ] ] } },
{ "type": "Feature", "properties": { "idcar_200m": "CRS3035RES200mN2833400E4151200", "population": 132.0, "median_education": 24.135, "median_healthcare": 46.093, "median_services": 6.068, "median_commerce": 52.471, "median_entertainment": 37.52, "PC1_pos": 1.5909228959480322, "nivvie": 18352.734848484848, "rel_education": 1.1248077550449738, "rel_sante": 0.91471679842638065, "rel_services": 0.5865482122088318, "rel_commerce": 0.52689063706981498, "rel_loisirs": 0.70305778041865841, "rel_pc1": 0.73104424640648169, "q_revenu": 1, "q_population": 3 }, "geometry": { "type": "Polygon", "coordinates": [ [ [ 7.698701188684554, 48.590155303017312 ], [ 7.698618496500161, 48.59195350927537 ], [ 7.701327624892087, 48.592009609777932 ], [ 7.701410219895227, 48.59021140119669 ], [ 7.698701188684554, 48.590155303017312 ] ] ] } },
{ "type": "Feature", "properties": { "idcar_200m": "CRS3035RES200mN2833400E4151400", "population": 241.0, "median_education": 25.46, "median_healthcare": 48.187, "median_services": 6.926, "median_commerce": 55.348, "median_entertainment": 40.213, "PC1_pos": 1.6781651048035804, "nivvie": 18035.776348547715, "rel_education": 1.1865591648413105, "rel_sante": 0.95627228355220961, "rel_services": 0.66948466014475427, "rel_commerce": 0.55578020202664558, "rel_loisirs": 0.7535197900846351, "rel_pc1": 0.77113287357381888, "q_revenu": 1, "q_population": 3 }, "geometry": { "type": "Polygon", "coordinates": [ [ [ 7.701410219895227, 48.59021140119669 ], [ 7.701327624892087, 48.592009609777932 ], [ 7.70403675882393, 48.592065644224817 ], [ 7.704119256645051, 48.590267433323142 ], [ 7.701410219895227, 48.59021140119669 ] ] ] } },
{ "type": "Feature", "properties": { "idcar_200m": "CRS3035RES200mN2833400E4151600", "population": 822.5, "median_education": 25.471, "median_healthcare": 49.042, "median_services": 7.79, "median_commerce": 55.53, "median_entertainment": 41.692, "PC1_pos": 1.7356611811972145, "nivvie": 14338.11537993921, "rel_education": 1.187071818054714, "rel_sante": 0.97323978106060693, "rel_services": 0.75300108324106785, "rel_commerce": 0.55760776574654247, "rel_loisirs": 0.78123360824133004, "rel_pc1": 0.79755286912832801, "q_revenu": 1, "q_population": 5 }, "geometry": { "type": "Polygon", "coordinates": [ [ [ 7.704119256645051, 48.590267433323142 ], [ 7.70403675882393, 48.592065644224817 ], [ 7.706745898289197, 48.592121612615841 ], [ 7.706828298927529, 48.590323399396397 ], [ 7.704119256645051, 48.590267433323142 ] ] ] } },
{ "type": "Feature", "properties": { "idcar_200m": "CRS3035RES200mN2833400E4151800", "population": 1279.5, "median_education": 24.9865, "median_healthcare": 50.48, "median_services": 8.6285, "median_commerce": 57.37, "median_entertainment": 42.1025, "PC1_pos": 1.7579087603655732, "nivvie": 14067.673309886675, "rel_education": 1.1644917742461667, "rel_sante": 1.0017769289168352, "rel_services": 0.83405261190571922, "rel_commerce": 0.57608423412352139, "rel_loisirs": 0.78892564499137963, "rel_pc1": 0.80777584397451607, "q_revenu": 1, "q_population": 5 }, "geometry": { "type": "Polygon", "coordinates": [ [ [ 7.706828298927529, 48.590323399396397 ], [ 7.706745898289197, 48.592121612615841 ], [ 7.709455043281379, 48.592177514950706 ], [ 7.709537346736152, 48.590379299416277 ], [ 7.706828298927529, 48.590323399396397 ] ] ] } },
{ "type": "Feature", "properties": { "idcar_200m": "CRS3035RES200mN2833400E4152000", "population": 287.5, "median_education": 25.336, "median_healthcare": 52.159, "median_services": 10.074, "median_commerce": 62.777, "median_entertainment": 43.991, "PC1_pos": 1.9159851814320346, "nivvie": 18599.523478260871, "rel_education": 1.1807801649811249, "rel_sante": 1.0350967281175358, "rel_services": 0.97377829429660046, "rel_commerce": 0.63037894309869791, "rel_loisirs": 0.8243127616843603, "rel_pc1": 0.88041346733608195, "q_revenu": 1, "q_population": 4 }, "geometry": { "type": "Polygon", "coordinates": [ [ [ 7.709537346736152, 48.590379299416277 ], [ 7.709455043281379, 48.592177514950706 ], [ 7.712164193793975, 48.592233351229247 ], [ 7.712246400064419, 48.590435133382556 ], [ 7.709537346736152, 48.590379299416277 ] ] ] } },
{ "type": "Feature", "properties": { "idcar_200m": "CRS3035RES200mN2833400E4152200", "population": 78.0, "median_education": 22.7085, "median_healthcare": 51.951, "median_services": 11.3435, "median_commerce": 68.9645, "median_entertainment": 46.152, "PC1_pos": 2.0319569634657095, "nivvie": 34099.378205128203, "rel_education": 1.0583259542340495, "rel_sante": 1.0309689626418088, "rel_services": 1.0964913719826768, "rel_commerce": 0.69251108879573953, "rel_loisirs": 0.86480604162798291, "rel_pc1": 0.93370360742844882, "q_revenu": 5, "q_population": 2 }, "geometry": { "type": "Polygon", "coordinates": [ [ [ 7.712246400064419, 48.590435133382556 ], [ 7.712164193793975, 48.592233351229247 ], [ 7.714873349820479, 48.592289121451223 ], [ 7.71495545890583, 48.590490901294991 ], [ 7.712246400064419, 48.590435133382556 ] ] ] } },
{ "type": "Feature", "properties": { "idcar_200m": "CRS3035RES200mN2833400E4152400", "population": 266.0, "median_education": 22.942, "median_healthcare": 55.774, "median_services": 13.9645, "median_commerce": 86.2095, "median_entertainment": 51.5295, "PC1_pos": 2.3008594061472429, "nivvie": 24714.488721804511, "rel_education": 1.0692081838094794, "rel_sante": 1.1068364982846191, "rel_services": 1.349843854546841, "rel_commerce": 0.86567777203541418, "rel_loisirs": 0.96557078614294389, "rel_pc1": 1.0572668448849327, "q_revenu": 3, "q_population": 4 }, "geometry": { "type": "Polygon", "coordinates": [ [ [ 7.71495545890583, 48.590490901294991 ], [ 7.714873349820479, 48.592289121451223 ], [ 7.717582511354395, 48.592344825616429 ], [ 7.717664523253883, 48.590546603153385 ], [ 7.71495545890583, 48.590490901294991 ] ] ] } },
{ "type": "Feature", "properties": { "idcar_200m": "CRS3035RES200mN2833400E4152600", "population": 293.0, "median_education": 23.508, "median_healthcare": 58.5025, "median_services": 14.306, "median_commerce": 97.427, "median_entertainment": 56.283, "PC1_pos": 2.3216103595396356, "nivvie": 22699.658020477815, "rel_education": 1.0955865218809713, "rel_sante": 1.1609836526140482, "rel_services": 1.3828541074257661, "rel_commerce": 0.97831895900213184, "rel_loisirs": 1.0546428852692791, "rel_pc1": 1.0668021059108406, "q_revenu": 3, "q_population": 4 }, "geometry": { "type": "Polygon", "coordinates": [ [ [ 7.717664523253883, 48.590546603153385 ], [ 7.717582511354395, 48.592344825616429 ], [ 7.720291678389211, 48.592400463724665 ], [ 7.720373593102074, 48.590602238957551 ], [ 7.717664523253883, 48.590546603153385 ] ] ] } },
{ "type": "Feature", "properties": { "idcar_200m": "CRS3035RES200mN2833400E4152800", "population": 301.5, "median_education": 22.903, "median_healthcare": 59.0905, "median_services": 14.182, "median_commerce": 111.1115, "median_entertainment": 56.189, "PC1_pos": 2.4645673195061786, "nivvie": 23239.376119402987, "rel_education": 1.0673905951437759, "rel_sante": 1.1726525280935074, "rel_services": 1.3708679541110174, "rel_commerce": 1.1157326717764622, "rel_loisirs": 1.0528814931754795, "rel_pc1": 1.1324921926733589, "q_revenu": 3, "q_population": 4 }, "geometry": { "type": "Polygon", "coordinates": [ [ [ 7.720373593102074, 48.590602238957551 ], [ 7.720291678389211, 48.592400463724665 ], [ 7.723000850918427, 48.59245603577569 ], [ 7.723082668443902, 48.590657808707206 ], [ 7.720373593102074, 48.590602238957551 ] ] ] } },
{ "type": "Feature", "properties": { "idcar_200m": "CRS3035RES200mN2833400E4153000", "population": 154.0, "median_education": 23.0815, "median_healthcare": 60.302, "median_services": 14.106, "median_commerce": 126.433, "median_entertainment": 60.24, "PC1_pos": 2.6315790999052511, "nivvie": 22431.911038961036, "rel_education": 1.0757095586521881, "rel_sante": 1.1966947774869849, "rel_services": 1.363521602079397, "rel_commerce": 1.2695844164709633, "rel_loisirs": 1.1287899971327284, "rel_pc1": 1.209235698882118, "q_revenu": 2, "q_population": 3 }, "geometry": { "type": "Polygon", "coordinates": [ [ [ 7.723082668443902, 48.590657808707206 ], [ 7.723000850918427, 48.59245603577569 ], [ 7.72571002893554, 48.592511541769312 ], [ 7.725791749272862, 48.590713312402201 ], [ 7.723082668443902, 48.590657808707206 ] ] ] } },
{ "type": "Feature", "properties": { "idcar_200m": "CRS3035RES200mN2833400E4153200", "population": 394.0, "median_education": 23.822, "median_healthcare": 61.944, "median_services": 14.092, "median_commerce": 143.596, "median_entertainment": 61.89, "PC1_pos": 2.8046554574602034, "nivvie": 23479.875888324874, "rel_education": 1.1102204408817635, "rel_sante": 1.2292803107136381, "rel_services": 1.3621683267051512, "rel_commerce": 1.4419276918807942, "rel_loisirs": 1.1597080498430374, "rel_pc1": 1.2887659361436425, "q_revenu": 3, "q_population": 4 }, "geometry": { "type": "Polygon", "coordinates": [ [ [ 7.725791749272862, 48.590713312402201 ], [ 7.72571002893554, 48.592511541769312 ], [ 7.728419212434043, 48.592566981705275 ], [ 7.728500835582448, 48.59076875004228 ], [ 7.725791749272862, 48.590713312402201 ] ] ] } },
{ "type": "Feature", "properties": { "idcar_200m": "CRS3035RES200mN2833400E4154200", "population": 257.0, "median_education": 48.479, "median_healthcare": 90.924, "median_services": 20.6345, "median_commerce": 273.9495, "median_entertainment": 95.2985, "PC1_pos": 4.8157470581678794, "nivvie": 20989.217509727627, "rel_education": 2.2593559211446146, "rel_sante": 1.8043891736298403, "rel_services": 1.9945829078482431, "rel_commerce": 2.7508800400212934, "rel_loisirs": 1.7857236643717354, "rel_pc1": 2.2128817103513274, "q_revenu": 2, "q_population": 4 }, "geometry": { "type": "Polygon", "coordinates": [ [ [ 7.739337235497042, 48.590989840049261 ], [ 7.739256001111904, 48.592788080868552 ], [ 7.74196521191981, 48.592843190513143 ], [ 7.74204634911223, 48.591044947411582 ], [ 7.739337235497042, 48.590989840049261 ] ] ] } },
{ "type": "Feature", "properties": { "idcar_200m": "CRS3035RES200mN2833400E4154400", "population": 208.0, "median_education": 55.626, "median_healthcare": 100.1995, "median_services": 22.187, "median_commerce": 302.008, "median_entertainment": 104.903, "PC1_pos": 5.1920831375098491, "nivvie": 27076.12355769231, "rel_education": 2.5924406953441768, "rel_sante": 1.9884617153130435, "rel_services": 2.1446514805994319, "rel_commerce": 3.032631120431871, "rel_loisirs": 1.9656948384663784, "rel_pc1": 2.385811728656317, "q_revenu": 4, "q_population": 3 }, "geometry": { "type": "Polygon", "coordinates": [ [ [ 7.74204634911223, 48.591044947411582 ], [ 7.74196521191981, 48.592843190513143 ], [ 7.744674428170082, 48.592898234098811 ], [ 7.744755468169029, 48.59109998871773 ], [ 7.74204634911223, 48.591044947411582 ] ] ] } },
{ "type": "Feature", "properties": { "idcar_200m": "CRS3035RES200mN2833400E4154600", "population": 657.5, "median_education": 55.9945, "median_healthcare": 92.231, "median_services": 20.016, "median_commerce": 275.741, "median_entertainment": 99.1085, "PC1_pos": 4.9839989130518241, "nivvie": 22066.064790874523, "rel_education": 2.6096145779931956, "rel_sante": 1.8303266230374136, "rel_services": 1.9347971350645972, "rel_commerce": 2.7688694927915964, "rel_loisirs": 1.8571162588119028, "rel_pc1": 2.2901950426148816, "q_revenu": 2, "q_population": 5 }, "geometry": { "type": "Polygon", "coordinates": [ [ [ 7.744755468169029, 48.59109998871773 ], [ 7.744674428170082, 48.592898234098811 ], [ 7.747383649856222, 48.592953211625328 ], [ 7.747464592660939, 48.591154963967483 ], [ 7.744755468169029, 48.59109998871773 ] ] ] } },
{ "type": "Feature", "properties": { "idcar_200m": "CRS3035RES200mN2833400E4154800", "population": 278.0, "median_education": 58.254, "median_healthcare": 88.723, "median_services": 19.2015, "median_commerce": 259.4825, "median_entertainment": 96.681, "PC1_pos": 4.8259319437990769, "nivvie": 23473.697841726618, "rel_education": 2.7149182085100434, "rel_sante": 1.7607102706871707, "rel_services": 1.8560655070415104, "rel_commerce": 2.6056088074072963, "rel_loisirs": 1.8116292449002214, "rel_pc1": 2.2175617624518775, "q_revenu": 3, "q_population": 4 }, "geometry": { "type": "Polygon", "coordinates": [ [ [ 7.747464592660939, 48.591154963967483 ], [ 7.747383649856222, 48.592953211625328 ], [ 7.750092876971714, 48.593008123092524 ], [ 7.750173722581451, 48.591209873160608 ], [ 7.747464592660939, 48.591154963967483 ] ] ] } },
{ "type": "Feature", "properties": { "idcar_200m": "CRS3035RES200mN2833400E4155000", "population": 276.0, "median_education": 57.0735, "median_healthcare": 86.0505, "median_services": 18.5025, "median_commerce": 246.433, "median_entertainment": 95.8005, "PC1_pos": 4.5353259733532969, "nivvie": 25515.937681159419, "rel_education": 2.6599011977443254, "rel_sante": 1.7076744378319757, "rel_services": 1.7884984008559508, "rel_commerce": 2.4745714845348044, "rel_loisirs": 1.7951302476811748, "rel_pc1": 2.0840255469590692, "q_revenu": 3, "q_population": 4 }, "geometry": { "type": "Polygon", "coordinates": [ [ [ 7.750173722581451, 48.591209873160608 ], [ 7.750092876971714, 48.593008123092524 ], [ 7.75280210951006, 48.593062968500142 ], [ 7.752882857924061, 48.591264716296884 ], [ 7.750173722581451, 48.591209873160608 ] ] ] } },
{ "type": "Feature", "properties": { "idcar_200m": "CRS3035RES200mN2833400E4155200", "population": 782.5, "median_education": 58.91, "median_healthcare": 91.02, "median_services": 19.405, "median_commerce": 246.946, "median_entertainment": 103.2445, "PC1_pos": 4.8027882771590438, "nivvie": 26692.681150159744, "rel_education": 2.7454909819639277, "rel_sante": 1.8062942961570991, "rel_services": 1.8757363312314406, "rel_commerce": 2.4797228042507777, "rel_loisirs": 1.9346175109390771, "rel_pc1": 2.2069270268647303, "q_revenu": 4, "q_population": 5 }, "geometry": { "type": "Polygon", "coordinates": [ [ [ 7.752882857924061, 48.591264716296884 ], [ 7.75280210951006, 48.593062968500142 ], [ 7.755511347464759, 48.593117747847977 ], [ 7.755591998682266, 48.59131949337614 ], [ 7.752882857924061, 48.591264716296884 ] ] ] } },
{ "type": "Feature", "properties": { "idcar_200m": "CRS3035RES200mN2833400E4155400", "population": 750.0, "median_education": 55.115, "median_healthcare": 87.805, "median_services": 18.489, "median_commerce": 233.613, "median_entertainment": 102.501, "PC1_pos": 4.5520760563826279, "nivvie": 30650.210133333334, "rel_education": 2.5686256233397025, "rel_sante": 1.7424925365202601, "rel_services": 1.7871934567450711, "rel_commerce": 2.3458386994299838, "rel_loisirs": 1.9206856490056743, "rel_pc1": 2.0917223698890872, "q_revenu": 5, "q_population": 5 }, "geometry": { "type": "Polygon", "coordinates": [ [ [ 7.755591998682266, 48.59131949337614 ], [ 7.755511347464759, 48.593117747847977 ], [ 7.758220590829296, 48.593172461135836 ], [ 7.758301144849563, 48.591374204398122 ], [ 7.755591998682266, 48.59131949337614 ] ] ] } },
{ "type": "Feature", "properties": { "idcar_200m": "CRS3035RES200mN2833400E4155600", "population": 256.0, "median_education": 51.272, "median_healthcare": 83.485, "median_services": 17.476, "median_commerce": 220.636, "median_entertainment": 101.5145, "PC1_pos": 4.339281895774791, "nivvie": 32836.989843750001, "rel_education": 2.389523232511535, "rel_sante": 1.6567620227936211, "rel_services": 1.6892743171657125, "rel_commerce": 2.2155293895777799, "rel_loisirs": 1.9022004011276623, "rel_pc1": 1.9939414232590138, "q_revenu": 5, "q_population": 4 }, "geometry": { "type": "Polygon", "coordinates": [ [ [ 7.758301144849563, 48.591374204398122 ], [ 7.758220590829296, 48.593172461135836 ], [ 7.760929839597177, 48.593227108363493 ], [ 7.761010296419449, 48.591428849362636 ], [ 7.758301144849563, 48.591374204398122 ] ] ] } },
{ "type": "Feature", "properties": { "idcar_200m": "CRS3035RES200mN2833400E4155800", "population": 478.0, "median_education": 45.704, "median_healthcare": 78.349, "median_services": 15.834, "median_commerce": 188.636, "median_entertainment": 93.7015, "PC1_pos": 3.8804552104955095, "nivvie": 32250.161924686192, "rel_education": 2.1300274968541735, "rel_sante": 1.5548379675852839, "rel_services": 1.5305544482720241, "rel_commerce": 1.8941995047607558, "rel_loisirs": 1.7557987369909094, "rel_pc1": 1.7831061846528728, "q_revenu": 5, "q_population": 5 }, "geometry": { "type": "Polygon", "coordinates": [ [ [ 7.761010296419449, 48.591428849362636 ], [ 7.760929839597177, 48.593227108363493 ], [ 7.763639093761889, 48.593281689530734 ], [ 7.763719453385413, 48.591483428269456 ], [ 7.761010296419449, 48.591428849362636 ] ] ] } },
{ "type": "Feature", "properties": { "idcar_200m": "CRS3035RES200mN2833400E4156000", "population": 151.0, "median_education": 39.6815, "median_healthcare": 69.5355, "median_services": 14.2555, "median_commerce": 163.467, "median_entertainment": 84.5035, "PC1_pos": 3.480014327584148, "nivvie": 37975.097350993376, "rel_education": 1.849349862515729, "rel_sante": 1.379933828064513, "rel_services": 1.3779726498258078, "rel_commerce": 1.6414635087932656, "rel_loisirs": 1.5834446467912606, "rel_pc1": 1.599099779173468, "q_revenu": 5, "q_population": 3 }, "geometry": { "type": "Polygon", "coordinates": [ [ [ 7.763719453385413, 48.591483428269456 ], [ 7.763639093761889, 48.593281689530734 ], [ 7.766348353316924, 48.59333620463736 ], [ 7.766428615740959, 48.591537941118432 ], [ 7.763719453385413, 48.591483428269456 ] ] ] } },
{ "type": "Feature", "properties": { "idcar_200m": "CRS3035RES200mN2833400E4156200", "population": 429.0, "median_education": 37.062, "median_healthcare": 67.77, "median_services": 14.002, "median_commerce": 149.648, "median_entertainment": 82.124, "PC1_pos": 3.2680962784927523, "nivvie": 34296.0331002331, "rel_education": 1.7272684904693105, "rel_sante": 1.3448974340866466, "rel_services": 1.3534686992992853, "rel_commerce": 1.5026992063468139, "rel_loisirs": 1.5388570671402424, "rel_pc1": 1.5017214141423749, "q_revenu": 5, "q_population": 4 }, "geometry": { "type": "Polygon", "coordinates": [ [ [ 7.766428615740959, 48.591537941118432 ], [ 7.766348353316924, 48.59333620463736 ], [ 7.769057618255792, 48.593390653683137 ], [ 7.769137783479576, 48.59159238790923 ], [ 7.766428615740959, 48.591537941118432 ] ] ] } },
{ "type": "Feature", "properties": { "idcar_200m": "CRS3035RES200mN2833400E4156400", "population": 147.0, "median_education": 32.9295, "median_healthcare": 62.2485, "median_services": 13.3585, "median_commerce": 132.4735, "median_entertainment": 75.5465, "PC1_pos": 2.9737070042102385, "nivvie": 37081.663945578228, "rel_education": 1.5346739991611131, "rel_sante": 1.2353231212297866, "rel_services": 1.2912663633473433, "rel_commerce": 1.330240453009627, "rel_loisirs": 1.4156064661086933, "rel_pc1": 1.3664467344478781, "q_revenu": 5, "q_population": 3 }, "geometry": { "type": "Polygon", "coordinates": [ [ [ 7.769137783479576, 48.59159238790923 ], [ 7.769057618255792, 48.593390653683137 ], [ 7.771766888571969, 48.593445036667866 ], [ 7.771846956594763, 48.591646768641752 ], [ 7.769137783479576, 48.59159238790923 ] ] ] } },
{ "type": "Feature", "properties": { "idcar_200m": "CRS3035RES200mN2833400E4157200", "population": 7.0, "median_education": 18.598, "median_healthcare": 35.765, "median_services": 8.898, "median_commerce": 69.871, "median_entertainment": 49.609, "PC1_pos": 1.7617383310919894, "nivvie": 34830.142857142855, "rel_education": 0.86675676935265877, "rel_sante": 0.70975736653547172, "rel_services": 0.86010316285995136, "rel_commerce": 0.70161376193907188, "rel_loisirs": 0.92958404660952088, "rel_pc1": 0.80953556825335038, "q_revenu": 5, "q_population": 1 }, "geometry": { "type": "Polygon", "coordinates": [ [ [ 7.779974508134698, 48.591809514487274 ], [ 7.779894731719361, 48.593607789253696 ], [ 7.782604023479753, 48.593661907992121 ], [ 7.782683702691118, 48.591863630984406 ], [ 7.779974508134698, 48.591809514487274 ] ] ] } },
{ "type": "Feature", "properties": { "idcar_200m": "CRS3035RES200mN2833400E4157600", "population": 1.0, "median_education": 11.252, "median_healthcare": 22.65, "median_services": 5.871, "median_commerce": 42.807, "median_entertainment": 33.345, "PC1_pos": 1.1309612393330546, "nivvie": 34830.1, "rel_education": 0.52439763247425086, "rel_sante": 0.44948984627508554, "rel_services": 0.56750569444265853, "rel_commerce": 0.42984901185507368, "rel_loisirs": 0.62482573795469509, "rel_pc1": 0.51968747764516454, "q_revenu": 5, "q_population": 1 }, "geometry": { "type": "Polygon", "coordinates": [ [ [ 7.785392902591579, 48.59191768142216 ], [ 7.785313320584934, 48.593715960668447 ], [ 7.788022623028401, 48.593769947282475 ], [ 7.788102107829582, 48.591971665800344 ], [ 7.785392902591579, 48.59191768142216 ] ] ] } },
{ "type": "Feature", "properties": { "idcar_200m": "CRS3035RES200mN2833600E4151000", "population": 621.5, "median_education": 21.5185, "median_healthcare": 45.807, "median_services": 5.6845, "median_commerce": 45.019, "median_entertainment": 37.0685, "PC1_pos": 1.4966661839708437, "nivvie": 15352.543201930812, "rel_education": 1.0028661975113016, "rel_sante": 0.90904112089725586, "rel_services": 0.54947813320716943, "rel_commerce": 0.45206094014305043, "rel_loisirs": 0.69459747690429197, "rel_pc1": 0.68773238814382498, "q_revenu": 1, "q_population": 5 }, "geometry": { "type": "Polygon", "coordinates": [ [ [ 7.69590937365466, 48.591897342717324 ], [ 7.69582657675361, 48.593695545218409 ], [ 7.698535796788412, 48.593751714102567 ], [ 7.698618496500161, 48.59195350927537 ], [ 7.69590937365466, 48.591897342717324 ] ] ] } },
{ "type": "Feature", "properties": { "idcar_200m": "CRS3035RES200mN2833600E4151200", "population": 302.0, "median_education": 22.944, "median_healthcare": 49.396, "median_services": 6.459, "median_commerce": 48.215, "median_entertainment": 40.281, "PC1_pos": 1.601877767798475, "nivvie": 20419.014238410597, "rel_education": 1.0693013934846436, "rel_sante": 0.98026492037987312, "rel_services": 0.62434326016098296, "rel_commerce": 0.48415376238915081, "rel_loisirs": 0.75479398862057501, "rel_pc1": 0.73607811451962757, "q_revenu": 2, "q_population": 4 }, "geometry": { "type": "Polygon", "coordinates": [ [ [ 7.698618496500161, 48.59195350927537 ], [ 7.698535796788412, 48.593751714102567 ], [ 7.701245022370419, 48.593807816928553 ], [ 7.701327624892087, 48.592009609777932 ], [ 7.698618496500161, 48.59195350927537 ] ] ] } },
{ "type": "Feature", "properties": { "idcar_200m": "CRS3035RES200mN2833600E4151400", "population": 632.5, "median_education": 25.812, "median_healthcare": 51.302, "median_services": 7.754, "median_commerce": 52.807, "median_entertainment": 43.754, "PC1_pos": 1.7795537336413427, "nivvie": 13860.044584980236, "rel_education": 1.2029640676702242, "rel_sante": 1.0180895405564874, "rel_services": 0.74952123227872136, "rel_commerce": 0.53026460086039373, "rel_loisirs": 0.81987180502233403, "rel_pc1": 0.81772191566483776, "q_revenu": 1, "q_population": 5 }, "geometry": { "type": "Polygon", "coordinates": [ [ [ 7.701327624892087, 48.592009609777932 ], [ 7.701245022370419, 48.593807816928553 ], [ 7.703954253493111, 48.593863853696163 ], [ 7.70403675882393, 48.592065644224817 ], [ 7.701327624892087, 48.592009609777932 ] ] ] } },
{ "type": "Feature", "properties": { "idcar_200m": "CRS3035RES200mN2833600E4151800", "population": 8.0, "median_education": 24.08, "median_healthcare": 50.763, "median_services": 8.915, "median_commerce": 55.977, "median_entertainment": 41.721, "PC1_pos": 1.7929739531114948, "nivvie": 20729.9875, "rel_education": 1.1222444889779557, "rel_sante": 1.0073930713669832, "rel_services": 0.86174642581439276, "rel_commerce": 0.56209634257508023, "rel_loisirs": 0.78177701644048081, "rel_pc1": 0.82388863452604355, "q_revenu": 2, "q_population": 1 }, "geometry": { "type": "Polygon", "coordinates": [ [ [ 7.706745898289197, 48.592121612615841 ], [ 7.706663490149998, 48.593919824405091 ], [ 7.709372732334567, 48.593975729055167 ], [ 7.709455043281379, 48.592177514950706 ], [ 7.706745898289197, 48.592121612615841 ] ] ] } },
{ "type": "Feature", "properties": { "idcar_200m": "CRS3035RES200mN2833600E4152000", "population": 61.0, "median_education": 23.878, "median_healthcare": 54.289, "median_services": 10.613, "median_commerce": 62.479, "median_entertainment": 44.563, "PC1_pos": 1.93691986378032, "nivvie": 22814.752459016392, "rel_education": 1.1128303117863634, "rel_sante": 1.077366634191087, "rel_services": 1.0258793962050645, "rel_commerce": 0.62738655854633929, "rel_loisirs": 0.83503101995726736, "rel_pc1": 0.89003315356980206, "q_revenu": 3, "q_population": 2 }, "geometry": { "type": "Polygon", "coordinates": [ [ [ 7.709455043281379, 48.592177514950706 ], [ 7.709372732334567, 48.593975729055167 ], [ 7.712081980040321, 48.594031567646205 ], [ 7.712164193793975, 48.592233351229247 ], [ 7.709455043281379, 48.592177514950706 ] ] ] } },
{ "type": "Feature", "properties": { "idcar_200m": "CRS3035RES200mN2833600E4152200", "population": 365.0, "median_education": 23.323, "median_healthcare": 59.763, "median_services": 13.163, "median_commerce": 79.375, "median_entertainment": 50.833, "PC1_pos": 2.2381843612361116, "nivvie": 23137.51123287671, "rel_education": 1.0869646269282751, "rel_sante": 1.1859983082974808, "rel_services": 1.2723688393712678, "rel_commerce": 0.79704873772972817, "rel_loisirs": 0.95251962025644077, "rel_pc1": 1.0284670638947628, "q_revenu": 3, "q_population": 4 }, "geometry": { "type": "Polygon", "coordinates": [ [ [ 7.712164193793975, 48.592233351229247 ], [ 7.712081980040321, 48.594031567646205 ], [ 7.714791233260749, 48.594087340177936 ], [ 7.714873349820479, 48.592289121451223 ], [ 7.712164193793975, 48.592233351229247 ] ] ] } },
{ "type": "Feature", "properties": { "idcar_200m": "CRS3035RES200mN2833600E4152400", "population": 792.0, "median_education": 22.7535, "median_healthcare": 60.1335, "median_services": 14.52, "median_commerce": 87.0805, "median_entertainment": 52.4875, "PC1_pos": 2.3662286047364507, "nivvie": 19389.07095959596, "rel_education": 1.0604231719252457, "rel_sante": 1.1933508905511194, "rel_services": 1.4035398881463805, "rel_commerce": 0.87442396983777748, "rel_loisirs": 0.98352199492868675, "rel_pc1": 1.0873046151895498, "q_revenu": 2, "q_population": 5 }, "geometry": { "type": "Polygon", "coordinates": [ [ [ 7.714873349820479, 48.592289121451223 ], [ 7.714791233260749, 48.594087340177936 ], [ 7.717500491989353, 48.594143046650188 ], [ 7.717582511354395, 48.592344825616429 ], [ 7.714873349820479, 48.592289121451223 ] ] ] } },
{ "type": "Feature", "properties": { "idcar_200m": "CRS3035RES200mN2833600E4152600", "population": 638.0, "median_education": 21.535, "median_healthcare": 60.5185, "median_services": 14.39, "median_commerce": 97.6155, "median_entertainment": 53.272, "PC1_pos": 2.4192367812589581, "nivvie": 20343.175705329151, "rel_education": 1.0036351773314069, "rel_sante": 1.2009912256864799, "rel_services": 1.3909737596712408, "rel_commerce": 0.98021179285488225, "rel_loisirs": 0.9982221236264065, "rel_pc1": 1.1116623779434676, "q_revenu": 2, "q_population": 5 }, "geometry": { "type": "Polygon", "coordinates": [ [ [ 7.717582511354395, 48.592344825616429 ], [ 7.717500491989353, 48.594143046650188 ], [ 7.720209756219622, 48.594198687062722 ], [ 7.720291678389211, 48.592400463724665 ], [ 7.717582511354395, 48.592344825616429 ] ] ] } },
{ "type": "Feature", "properties": { "idcar_200m": "CRS3035RES200mN2833600E4152800", "population": 649.5, "median_education": 21.226, "median_healthcare": 60.464, "median_services": 14.003, "median_commerce": 107.284, "median_entertainment": 53.605, "PC1_pos": 2.4387055499348871, "nivvie": 24913.928868360279, "rel_education": 0.9892342825185253, "rel_sante": 1.1999096717517339, "rel_services": 1.3535653618260171, "rel_commerce": 1.077298605084676, "rel_loisirs": 1.0044619488097595, "rel_pc1": 1.1206084628614772, "q_revenu": 3, "q_population": 5 }, "geometry": { "type": "Polygon", "coordinates": [ [ [ 7.720291678389211, 48.592400463724665 ], [ 7.720209756219622, 48.594198687062722 ], [ 7.722919025945056, 48.59425426141533 ], [ 7.723000850918427, 48.59245603577569 ], [ 7.720291678389211, 48.592400463724665 ] ] ] } },
{ "type": "Feature", "properties": { "idcar_200m": "CRS3035RES200mN2833600E4153000", "population": 433.0, "median_education": 20.198, "median_healthcare": 57.3935, "median_services": 12.704, "median_commerce": 111.1775, "median_entertainment": 53.465, "PC1_pos": 2.3808682543115132, "nivvie": 22361.247113163972, "rel_education": 0.94132450948408442, "rel_sante": 1.1389755184189458, "rel_services": 1.2280007396013513, "rel_commerce": 1.1163954146638972, "rel_loisirs": 1.0018385988828244, "rel_pc1": 1.0940316738160327, "q_revenu": 2, "q_population": 4 }, "geometry": { "type": "Polygon", "coordinates": [ [ [ 7.723000850918427, 48.59245603577569 ], [ 7.722919025945056, 48.59425426141533 ], [ 7.72562830115915, 48.594309769707777 ], [ 7.72571002893554, 48.592511541769312 ], [ 7.723000850918427, 48.59245603577569 ] ] ] } },
{ "type": "Feature", "properties": { "idcar_200m": "CRS3035RES200mN2833600E4153200", "population": 49.0, "median_education": 21.684, "median_healthcare": 59.8445, "median_services": 13.0195, "median_commerce": 125.426, "median_entertainment": 57.573, "PC1_pos": 2.5547888584166674, "nivvie": 24029.606122448979, "rel_education": 1.0105792981311459, "rel_sante": 1.187615677943018, "rel_services": 1.2584977667852482, "rel_commerce": 1.2594725666581277, "rel_loisirs": 1.0788151810246114, "rel_pc1": 1.1739498504205925, "q_revenu": 3, "q_population": 2 }, "geometry": { "type": "Polygon", "coordinates": [ [ [ 7.72571002893554, 48.592511541769312 ], [ 7.72562830115915, 48.594309769707777 ], [ 7.728337581855401, 48.594365211939866 ], [ 7.728419212434043, 48.592566981705275 ], [ 7.72571002893554, 48.592511541769312 ] ] ] } },
{ "type": "Feature", "properties": { "idcar_200m": "CRS3035RES200mN2833600E4155000", "population": 27.0, "median_education": 34.062, "median_healthcare": 53.4105, "median_services": 11.6145, "median_commerce": 158.107, "median_entertainment": 57.7835, "PC1_pos": 3.2219496389330553, "nivvie": 28262.474074074074, "rel_education": 1.5874539777228875, "rel_sante": 1.0599327785640378, "rel_services": 1.1226869167270066, "rel_commerce": 1.5876407530864143, "rel_loisirs": 1.0827595750218961, "rel_pc1": 1.4805165930746593, "q_revenu": 4, "q_population": 1 }, "geometry": { "type": "Polygon", "coordinates": [ [ [ 7.750092876971714, 48.593008123092524 ], [ 7.750012024002375, 48.594806371597755 ], [ 7.75272135374529, 48.594861219276879 ], [ 7.75280210951006, 48.593062968500142 ], [ 7.750092876971714, 48.593008123092524 ] ] ] } },
{ "type": "Feature", "properties": { "idcar_200m": "CRS3035RES200mN2833600E4155200", "population": 385.5, "median_education": 37.029, "median_healthcare": 56.018, "median_services": 11.893, "median_commerce": 147.426, "median_entertainment": 67.121, "PC1_pos": 3.1634218184859053, "nivvie": 22799.617898832683, "rel_education": 1.7257305308291002, "rel_sante": 1.1116786847080682, "rel_services": 1.1496074304218256, "rel_commerce": 1.4803868624698318, "rel_loisirs": 1.257727646041598, "rel_pc1": 1.4536225012858148, "q_revenu": 3, "q_population": 4 }, "geometry": { "type": "Polygon", "coordinates": [ [ [ 7.75280210951006, 48.593062968500142 ], [ 7.75272135374529, 48.594861219276879 ], [ 7.755430688905307, 48.594916000893562 ], [ 7.755511347464759, 48.593117747847977 ], [ 7.75280210951006, 48.593062968500142 ] ] ] } },
{ "type": "Feature", "properties": { "idcar_200m": "CRS3035RES200mN2833600E4155400", "population": 227.5, "median_education": 45.822, "median_healthcare": 69.854, "median_services": 14.803, "median_commerce": 182.411, "median_entertainment": 83.538, "PC1_pos": 3.6709676526829189, "nivvie": 22759.499340659338, "rel_education": 2.1355268676888661, "rel_sante": 1.3862544689492198, "rel_services": 1.4308953832114926, "rel_commerce": 1.8316908006049442, "rel_loisirs": 1.5653529014022889, "rel_pc1": 1.6868446535487016, "q_revenu": 3, "q_population": 3 }, "geometry": { "type": "Polygon", "coordinates": [ [ [ 7.755511347464759, 48.593117747847977 ], [ 7.755430688905307, 48.594916000893562 ], [ 7.75814002947592, 48.594970716447506 ], [ 7.758220590829296, 48.593172461135836 ], [ 7.755511347464759, 48.593117747847977 ] ] ] } },
{ "type": "Feature", "properties": { "idcar_200m": "CRS3035RES200mN2833600E4155600", "population": 223.0, "median_education": 44.7895, "median_healthcare": 69.67, "median_services": 14.651, "median_commerce": 178.7795, "median_entertainment": 84.4775, "PC1_pos": 3.6761871929810854, "nivvie": 31994.235426008967, "rel_education": 2.0874073728853055, "rel_sante": 1.3826029841053074, "rel_services": 1.4162026791482523, "rel_commerce": 1.795224879457662, "rel_loisirs": 1.582957453233401, "rel_pc1": 1.6892430821045918, "q_revenu": 5, "q_population": 3 }, "geometry": { "type": "Polygon", "coordinates": [ [ [ 7.758220590829296, 48.593172461135836 ], [ 7.75814002947592, 48.594970716447506 ], [ 7.760849375450625, 48.595025365938504 ], [ 7.760929839597177, 48.593227108363493 ], [ 7.758220590829296, 48.593172461135836 ] ] ] } },
{ "type": "Feature", "properties": { "idcar_200m": "CRS3035RES200mN2833600E4155800", "population": 631.0, "median_education": 39.423, "median_healthcare": 62.6845, "median_services": 13.2575, "median_commerce": 156.5515, "median_entertainment": 77.8685, "PC1_pos": 3.2752152133114056, "nivvie": 22236.461965134706, "rel_education": 1.8373025120007458, "rel_sante": 1.2439755527077527, "rel_services": 1.281503448147427, "rel_commerce": 1.5720211082166367, "rel_loisirs": 1.4591165984682917, "rel_pc1": 1.5049926325986398, "q_revenu": 2, "q_population": 5 }, "geometry": { "type": "Polygon", "coordinates": [ [ [ 7.760929839597177, 48.593227108363493 ], [ 7.760849375450625, 48.595025365938504 ], [ 7.763558726822911, 48.595079949366365 ], [ 7.763639093761889, 48.593281689530734 ], [ 7.760929839597177, 48.593227108363493 ] ] ] } },
{ "type": "Feature", "properties": { "idcar_200m": "CRS3035RES200mN2833600E4156000", "population": 1.0, "median_education": 35.275, "median_healthcare": 59.008, "median_services": 12.323, "median_commerce": 137.713, "median_entertainment": 72.546, "PC1_pos": 2.9852781928737184, "nivvie": 43466.3, "rel_education": 1.6439856457100246, "rel_sante": 1.1710153134216446, "rel_services": 1.1911723169165185, "rel_commerce": 1.3828532008689645, "rel_loisirs": 1.3593824557103409, "rel_pc1": 1.3717638060156239, "q_revenu": 5, "q_population": 1 }, "geometry": { "type": "Polygon", "coordinates": [ [ [ 7.763639093761889, 48.593281689530734 ], [ 7.763558726822911, 48.595079949366365 ], [ 7.766268083586279, 48.595134466730876 ], [ 7.766348353316924, 48.59333620463736 ], [ 7.763639093761889, 48.593281689530734 ] ] ] } },
{ "type": "Feature", "properties": { "idcar_200m": "CRS3035RES200mN2833600E4156200", "population": 172.5, "median_education": 31.9715, "median_healthcare": 56.3675, "median_services": 11.717, "median_commerce": 126.626, "median_entertainment": 69.4435, "PC1_pos": 2.7663840119959211, "nivvie": 29932.35420289855, "rel_education": 1.4900265647574218, "rel_sante": 1.1186145214088692, "rel_services": 1.1325948257170206, "rel_commerce": 1.2715224373387661, "rel_loisirs": 1.3012471475080785, "rel_pc1": 1.2711798418837754, "q_revenu": 5, "q_population": 3 }, "geometry": { "type": "Polygon", "coordinates": [ [ [ 7.766348353316924, 48.59333620463736 ], [ 7.766268083586279, 48.595134466730876 ], [ 7.768977445734215, 48.595188918031823 ], [ 7.769057618255792, 48.593390653683137 ], [ 7.766348353316924, 48.59333620463736 ] ] ] } },
{ "type": "Feature", "properties": { "idcar_200m": "CRS3035RES200mN2833600E4156400", "population": 155.0, "median_education": 28.383, "median_healthcare": 53.14, "median_services": 11.966, "median_commerce": 113.677, "median_entertainment": 65.349, "PC1_pos": 2.5825455521172676, "nivvie": 30600.241935483871, "rel_education": 1.3227851050939086, "rel_sante": 1.0545646989429602, "rel_services": 1.1566637948732499, "rel_commerce": 1.1414942911357771, "rel_loisirs": 1.224523531252103, "rel_pc1": 1.1867043159454596, "q_revenu": 5, "q_population": 3 }, "geometry": { "type": "Polygon", "coordinates": [ [ [ 7.769057618255792, 48.593390653683137 ], [ 7.768977445734215, 48.595188918031823 ], [ 7.77168681326022, 48.595243303268987 ], [ 7.771766888571969, 48.593445036667866 ], [ 7.769057618255792, 48.593390653683137 ] ] ] } },
{ "type": "Feature", "properties": { "idcar_200m": "CRS3035RES200mN2833600E4156600", "population": 74.5, "median_education": 26.584, "median_healthcare": 50.022, "median_services": 12.28, "median_commerce": 105.271, "median_entertainment": 62.169, "PC1_pos": 2.4716442173276887, "nivvie": 30544.013422818793, "rel_education": 1.238943002283637, "rel_sante": 0.99268790685970554, "rel_services": 1.1870158282670491, "rel_commerce": 1.0570849470179051, "rel_loisirs": 1.1649360114831442, "rel_pc1": 1.1357440947284478, "q_revenu": 5, "q_population": 2 }, "geometry": { "type": "Polygon", "coordinates": [ [ [ 7.771766888571969, 48.593445036667866 ], [ 7.77168681326022, 48.595243303268987 ], [ 7.774396186157783, 48.595297622442182 ], [ 7.774476164258963, 48.593499353591362 ], [ 7.771766888571969, 48.593445036667866 ] ] ] } },
{ "type": "Feature", "properties": { "idcar_200m": "CRS3035RES200mN2833600E4156800", "population": 2.0, "median_education": 22.602, "median_healthcare": 42.772, "median_services": 10.913, "median_commerce": 88.8115, "median_entertainment": 54.2725, "PC1_pos": 2.1341935323633954, "nivvie": 43466.3, "rel_education": 1.0533625390315513, "rel_sante": 0.8488114659990269, "rel_services": 1.0548781542246179, "rel_commerce": 0.89180590829459838, "rel_loisirs": 1.0169697064971117, "rel_pc1": 0.98068228606545205, "q_revenu": 5, "q_population": 1 }, "geometry": { "type": "Polygon", "coordinates": [ [ [ 7.774476164258963, 48.593499353591362 ], [ 7.774396186157783, 48.595297622442182 ], [ 7.777105564420398, 48.595351875551174 ], [ 7.77718544531026, 48.593553604453348 ], [ 7.774476164258963, 48.593499353591362 ] ] ] } },
{ "type": "Feature", "properties": { "idcar_200m": "CRS3035RES200mN2833600E4157000", "population": 3.0, "median_education": 18.9325, "median_healthcare": 35.7335, "median_services": 10.031, "median_commerce": 71.997, "median_entertainment": 46.781, "PC1_pos": 1.7577316324397447, "nivvie": 34830.133333333331, "rel_education": 0.88234608752388499, "rel_sante": 0.70913224820621512, "rel_services": 0.96962180564713096, "rel_commerce": 0.722962116161603, "rel_loisirs": 0.876592378085428, "rel_pc1": 0.80769445200298517, "q_revenu": 5, "q_population": 1 }, "geometry": { "type": "Polygon", "coordinates": [ [ [ 7.77718544531026, 48.593553604453348 ], [ 7.777105564420398, 48.595351875551174 ], [ 7.779814948041562, 48.59540606259575 ], [ 7.779894731719361, 48.593607789253696 ], [ 7.77718544531026, 48.593553604453348 ] ] ] } },
{ "type": "Feature", "properties": { "idcar_200m": "CRS3035RES200mN2833600E4157400", "population": 3.0, "median_education": 15.384, "median_healthcare": 30.647, "median_services": 7.833, "median_commerce": 58.054, "median_entertainment": 44.358, "PC1_pos": 1.5112928011167692, "nivvie": 34830.133333333331, "rel_education": 0.71696882136365758, "rel_sante": 0.60819052180099542, "rel_services": 0.75715757189053712, "rel_commerce": 0.58295266041148519, "rel_loisirs": 0.83118968613568345, "rel_pc1": 0.69445345824480398, "q_revenu": 5, "q_population": 1 }, "geometry": { "type": "Polygon", "coordinates": [ [ [ 7.782604023479753, 48.593661907992121 ], [ 7.782524337014763, 48.595460183575696 ], [ 7.785233731333494, 48.5955142384908 ], [ 7.785313320584934, 48.593715960668447 ], [ 7.782604023479753, 48.593661907992121 ] ] ] } },
{ "type": "Feature", "properties": { "idcar_200m": "CRS3035RES200mN2833600E4157600", "population": 1.0, "median_education": 9.916, "median_healthcare": 20.404, "median_services": 5.6265, "median_commerce": 37.433, "median_entertainment": 31.4805, "PC1_pos": 1.1406748344582123, "nivvie": 34830.1, "rel_education": 0.4621335694645104, "rel_sante": 0.4049179171477636, "rel_services": 0.54387170665672246, "rel_commerce": 0.37588567432361464, "rel_loisirs": 0.58988833839204624, "rel_pc1": 0.52415096726257748, "q_revenu": 5, "q_population": 1 }, "geometry": { "type": "Polygon", "coordinates": [ [ [ 7.785313320584934, 48.593715960668447 ], [ 7.785233731333494, 48.5955142384908 ], [ 7.787943130991254, 48.595568227340884 ], [ 7.788022623028401, 48.593769947282475 ], [ 7.785313320584934, 48.593715960668447 ] ] ] } },
{ "type": "Feature", "properties": { "idcar_200m": "CRS3035RES200mN2833600E4157800", "population": 13.5, "median_education": 10.238, "median_healthcare": 21.0075, "median_services": 5.839, "median_commerce": 38.657, "median_entertainment": 32.4045, "PC1_pos": 1.0677558001949343, "nivvie": 34830.148148148146, "rel_education": 0.47714032716595978, "rel_sante": 0.41689439053526978, "rel_services": 0.56441249358723944, "rel_commerce": 0.38817654241786581, "rel_loisirs": 0.60720244790981914, "rel_pc1": 0.4906439754482943, "q_revenu": 5, "q_population": 1 }, "geometry": { "type": "Polygon", "coordinates": [ [ [ 7.788022623028401, 48.593769947282475 ], [ 7.787943130991254, 48.595568227340884 ], [ 7.790652535981532, 48.595622150125699 ], [ 7.790731930803643, 48.593823867833969 ], [ 7.788022623028401, 48.593769947282475 ] ] ] } },
{ "type": "Feature", "properties": { "idcar_200m": "CRS3035RES200mN2833600E4158000", "population": 44.5, "median_education": 8.9, "median_healthcare": 18.4765, "median_services": 5.22, "median_commerce": 33.0525, "median_entertainment": 30.438, "PC1_pos": 0.94999475694562507, "nivvie": 27295.766292134835, "rel_education": 0.41478305448105507, "rel_sante": 0.36666662890514873, "rel_services": 0.50457838954022782, "rel_commerce": 0.33189862555983424, "rel_loisirs": 0.57035375054326021, "rel_pc1": 0.43653165275968775, "q_revenu": 4, "q_population": 2 }, "geometry": { "type": "Polygon", "coordinates": [ [ [ 7.790731930803643, 48.593823867833969 ], [ 7.790652535981532, 48.595622150125699 ], [ 7.793361946297817, 48.595676006845046 ], [ 7.793441243904154, 48.593877722322738 ], [ 7.790731930803643, 48.593823867833969 ] ] ] } },
{ "type": "Feature", "properties": { "idcar_200m": "CRS3035RES200mN2833600E4158200", "population": 81.0, "median_education": 7.345, "median_healthcare": 15.158, "median_services": 4.148, "median_commerce": 26.798, "median_entertainment": 25.165, "PC1_pos": 0.77158187432430148, "nivvie": 24817.374074074076, "rel_education": 0.34231253204082579, "rel_sante": 0.30081090904360913, "rel_services": 0.40095616088369052, "rel_commerce": 0.26909369541645672, "rel_loisirs": 0.47154714936661879, "rel_pc1": 0.35454923132537203, "q_revenu": 3, "q_population": 2 }, "geometry": { "type": "Polygon", "coordinates": [ [ [ 7.793441243904154, 48.593877722322738 ], [ 7.793361946297817, 48.595676006845046 ], [ 7.796071361933609, 48.595729797498763 ], [ 7.796150562323425, 48.593931510748583 ], [ 7.793441243904154, 48.593877722322738 ] ] ] } },
{ "type": "Feature", "properties": { "idcar_200m": "CRS3035RES200mN2833800E4150800", "population": 594.5, "median_education": 17.8455, "median_healthcare": 36.945, "median_services": 4.5415, "median_commerce": 33.8975, "median_entertainment": 33.779, "PC1_pos": 1.1822584160748715, "nivvie": 13497.780487804877, "rel_education": 0.83168662907209767, "rel_sante": 0.73317449759969255, "rel_services": 0.43899286515267133, "rel_commerce": 0.34038374283078376, "rel_loisirs": 0.63295812272819452, "rel_pc1": 0.54325901967873058, "q_revenu": 1, "q_population": 5 }, "geometry": { "type": "Polygon", "coordinates": [ [ [ 7.693117362272505, 48.593639310276231 ], [ 7.69303446063693, 48.595437509017657 ], [ 7.695743772315399, 48.595493746288888 ], [ 7.69582657675361, 48.593695545218409 ], [ 7.693117362272505, 48.593639310276231 ] ] ] } },
{ "type": "Feature", "properties": { "idcar_200m": "CRS3035RES200mN2833800E4151000", "population": 725.0, "median_education": 20.6985, "median_healthcare": 44.229, "median_services": 5.53, "median_commerce": 40.2795, "median_entertainment": 37.709, "PC1_pos": 1.4378671736842139, "nivvie": 14143.940413793105, "rel_education": 0.96465023069394618, "rel_sante": 0.87772566935544194, "rel_services": 0.53454377282709942, "rel_commerce": 0.404468971733979, "rel_loisirs": 0.70659930282002104, "rel_pc1": 0.66071368203687586, "q_revenu": 1, "q_population": 5 }, "geometry": { "type": "Polygon", "coordinates": [ [ [ 7.69582657675361, 48.593695545218409 ], [ 7.695743772315399, 48.595493746288888 ], [ 7.698453089548339, 48.595549917499426 ], [ 7.698535796788412, 48.593751714102567 ], [ 7.69582657675361, 48.593695545218409 ] ] ] } },
{ "type": "Feature", "properties": { "idcar_200m": "CRS3035RES200mN2833800E4151200", "population": 588.5, "median_education": 23.4565, "median_healthcare": 50.606, "median_services": 6.9005, "median_commerce": 46.198, "median_entertainment": 43.3135, "PC1_pos": 1.6551307750535353, "nivvie": 16192.530671197963, "rel_education": 1.0931863727454909, "rel_sante": 1.0042774022338621, "rel_services": 0.66701976571309229, "rel_commerce": 0.46389993808677771, "rel_loisirs": 0.81161762185936992, "rel_pc1": 0.76054837933057928, "q_revenu": 1, "q_population": 5 }, "geometry": { "type": "Polygon", "coordinates": [ [ [ 7.698535796788412, 48.593751714102567 ], [ 7.698453089548339, 48.595549917499426 ], [ 7.701162412329249, 48.595606022649044 ], [ 7.701245022370419, 48.593807816928553 ], [ 7.698535796788412, 48.593751714102567 ] ] ] } },
{ "type": "Feature", "properties": { "idcar_200m": "CRS3035RES200mN2833800E4151400", "population": 1413.5, "median_education": 24.901, "median_healthcare": 53.1665, "median_services": 8.121, "median_commerce": 51.2155, "median_entertainment": 45.14, "PC1_pos": 1.8031522337692303, "nivvie": 13907.912698974178, "rel_education": 1.1605070606328936, "rel_sante": 1.0550905921405889, "rel_services": 0.78499637958930824, "rel_commerce": 0.51428345987019708, "rel_loisirs": 0.8458429692989935, "rel_pc1": 0.82856565157828355, "q_revenu": 1, "q_population": 5 }, "geometry": { "type": "Polygon", "coordinates": [ [ [ 7.701245022370419, 48.593807816928553 ], [ 7.701162412329249, 48.595606022649044 ], [ 7.70387174065162, 48.595662061737535 ], [ 7.703954253493111, 48.593863853696163 ], [ 7.701245022370419, 48.593807816928553 ] ] ] } },
{ "type": "Feature", "properties": { "idcar_200m": "CRS3035RES200mN2833800E4151600", "population": 58.0, "median_education": 24.5925, "median_healthcare": 55.082, "median_services": 9.14, "median_commerce": 55.7315, "median_entertainment": 46.0955, "PC1_pos": 1.8821090342784403, "nivvie": 26066.001724137932, "rel_education": 1.1461294682388032, "rel_sante": 1.0931037400672965, "rel_services": 0.88349549432905783, "rel_commerce": 0.55963113986499957, "rel_loisirs": 0.86374733255032687, "rel_pc1": 0.86484705457646371, "q_revenu": 4, "q_population": 2 }, "geometry": { "type": "Polygon", "coordinates": [ [ [ 7.703954253493111, 48.593863853696163 ], [ 7.70387174065162, 48.595662061737535 ], [ 7.706581074508955, 48.59571803476463 ], [ 7.706663490149998, 48.593919824405091 ], [ 7.703954253493111, 48.593863853696163 ] ] ] } },
{ "type": "Feature", "properties": { "idcar_200m": "CRS3035RES200mN2833800E4151800", "population": 83.0, "median_education": 23.735, "median_healthcare": 56.939, "median_services": 10.746, "median_commerce": 61.6635, "median_entertainment": 46.6285, "PC1_pos": 1.9825632722532132, "nivvie": 19319.606024096385, "rel_education": 1.1061658200121172, "rel_sante": 1.1299559539539556, "rel_services": 1.0387355122603998, "rel_commerce": 0.61919766726295544, "rel_loisirs": 0.87373480048644492, "rel_pc1": 0.91100673515284025, "q_revenu": 2, "q_population": 2 }, "geometry": { "type": "Polygon", "coordinates": [ [ [ 7.706663490149998, 48.593919824405091 ], [ 7.706581074508955, 48.59571803476463 ], [ 7.709290413894744, 48.595773941730144 ], [ 7.709372732334567, 48.593975729055167 ], [ 7.706663490149998, 48.593919824405091 ] ] ] } },
{ "type": "Feature", "properties": { "idcar_200m": "CRS3035RES200mN2833800E4152000", "population": 466.5, "median_education": 23.675, "median_healthcare": 58.6, "median_services": 11.868, "median_commerce": 67.484, "median_entertainment": 48.296, "PC1_pos": 2.0873123097239601, "nivvie": 17467.87288317256, "rel_education": 1.1033695297571888, "rel_sante": 1.1629185426807953, "rel_services": 1.1471908672535294, "rel_commerce": 0.677644560843502, "rel_loisirs": 0.9049807719376205, "rel_pc1": 0.95913991706545254, "q_revenu": 1, "q_population": 4 }, "geometry": { "type": "Polygon", "coordinates": [ [ [ 7.709372732334567, 48.593975729055167 ], [ 7.709290413894744, 48.595773941730144 ], [ 7.711999758802482, 48.595829782633885 ], [ 7.712081980040321, 48.594031567646205 ], [ 7.709372732334567, 48.593975729055167 ] ] ] } },
{ "type": "Feature", "properties": { "idcar_200m": "CRS3035RES200mN2833800E4152200", "population": 315.5, "median_education": 21.6315, "median_healthcare": 58.3735, "median_services": 12.3275, "median_commerce": 72.79, "median_entertainment": 47.7125, "PC1_pos": 2.1023364088941956, "nivvie": 22677.016798732169, "rel_education": 1.0081325441580835, "rel_sante": 1.1584236442180444, "rel_services": 1.1916072982868118, "rel_commerce": 0.73092507236972493, "rel_loisirs": 0.89404702420642967, "rel_pc1": 0.96604363394815917, "q_revenu": 3, "q_population": 4 }, "geometry": { "type": "Polygon", "coordinates": [ [ [ 7.712081980040321, 48.594031567646205 ], [ 7.711999758802482, 48.595829782633885 ], [ 7.714709109225662, 48.595885557475604 ], [ 7.714791233260749, 48.594087340177936 ], [ 7.712081980040321, 48.594031567646205 ] ] ] } },
{ "type": "Feature", "properties": { "idcar_200m": "CRS3035RES200mN2833800E4152400", "population": 493.5, "median_education": 20.711, "median_healthcare": 59.085, "median_services": 13.497, "median_commerce": 81.94, "median_entertainment": 49.023, "PC1_pos": 2.2170051238743009, "nivvie": 21281.162310030395, "rel_education": 0.96523279116372274, "rel_sante": 1.1725433804487166, "rel_services": 1.3046541232997038, "rel_commerce": 0.82280533630959274, "rel_loisirs": 0.91860345334392035, "rel_pc1": 1.0187350022995321, "q_revenu": 2, "q_population": 5 }, "geometry": { "type": "Polygon", "coordinates": [ [ [ 7.714791233260749, 48.594087340177936 ], [ 7.714709109225662, 48.595885557475604 ], [ 7.717418465157783, 48.595941266255103 ], [ 7.717500491989353, 48.594143046650188 ], [ 7.714791233260749, 48.594087340177936 ] ] ] } },
{ "type": "Feature", "properties": { "idcar_200m": "CRS3035RES200mN2833800E4152600", "population": 578.5, "median_education": 20.985, "median_healthcare": 62.097, "median_services": 14.3665, "median_commerce": 93.254, "median_entertainment": 52.237, "PC1_pos": 2.3672938835694053, "nivvie": 21781.380466724288, "rel_education": 0.97800251666122939, "rel_sante": 1.2323165997414565, "rel_services": 1.3887021902930425, "rel_commerce": 0.9364155337102118, "rel_loisirs": 0.9788280723808489, "rel_pc1": 1.0877941209749236, "q_revenu": 2, "q_population": 5 }, "geometry": { "type": "Polygon", "coordinates": [ [ [ 7.717500491989353, 48.594143046650188 ], [ 7.717418465157783, 48.595941266255103 ], [ 7.720127826592339, 48.595996908972147 ], [ 7.720209756219622, 48.594198687062722 ], [ 7.717500491989353, 48.594143046650188 ] ] ] } },
{ "type": "Feature", "properties": { "idcar_200m": "CRS3035RES200mN2833800E4152800", "population": 414.5, "median_education": 19.6245, "median_healthcare": 59.941, "median_services": 12.92, "median_commerce": 97.478, "median_entertainment": 51.0055, "PC1_pos": 2.2846597608359716, "nivvie": 25369.837394451144, "rel_education": 0.91459663513072642, "rel_sante": 1.1895307229834395, "rel_services": 1.2488798453754295, "rel_commerce": 0.97883107850605922, "rel_loisirs": 0.95575196213070035, "rel_pc1": 1.0498229533369559, "q_revenu": 3, "q_population": 4 }, "geometry": { "type": "Polygon", "coordinates": [ [ [ 7.720209756219622, 48.594198687062722 ], [ 7.720127826592339, 48.595996908972147 ], [ 7.722837193522825, 48.596052485626529 ], [ 7.722919025945056, 48.59425426141533 ], [ 7.720209756219622, 48.594198687062722 ] ] ] } },
{ "type": "Feature", "properties": { "idcar_200m": "CRS3035RES200mN2833800E4153000", "population": 359.5, "median_education": 19.4975, "median_healthcare": 58.8295, "median_services": 12.372, "median_commerce": 105.05, "median_entertainment": 52.205, "PC1_pos": 2.2834554742992585, "nivvie": 28010.461196105705, "rel_education": 0.90867782075779469, "rel_sante": 1.1674729762225229, "rel_services": 1.1959087807263789, "rel_commerce": 1.0548657625008875, "rel_loisirs": 0.97822844954040666, "rel_pc1": 1.0492695721857188, "q_revenu": 4, "q_population": 4 }, "geometry": { "type": "Polygon", "coordinates": [ [ [ 7.722919025945056, 48.59425426141533 ], [ 7.722837193522825, 48.596052485626529 ], [ 7.72554656594273, 48.596107996218031 ], [ 7.72562830115915, 48.594309769707777 ], [ 7.722919025945056, 48.59425426141533 ] ] ] } },
{ "type": "Feature", "properties": { "idcar_200m": "CRS3035RES200mN2833800E4153200", "population": 241.0, "median_education": 19.842, "median_healthcare": 60.813, "median_services": 12.129, "median_commerce": 115.468, "median_entertainment": 54.095, "PC1_pos": 2.3938026700349337, "nivvie": 23667.236929460578, "rel_education": 0.92473318730484211, "rel_sante": 1.2068355859393722, "rel_services": 1.1724197867305406, "rel_commerce": 1.1594787231266299, "rel_loisirs": 1.0136436735540331, "rel_pc1": 1.0999751612215625, "q_revenu": 3, "q_population": 3 }, "geometry": { "type": "Polygon", "coordinates": [ [ [ 7.72562830115915, 48.594309769707777 ], [ 7.72554656594273, 48.596107996218031 ], [ 7.728255943845554, 48.596163440746459 ], [ 7.728337581855401, 48.594365211939866 ], [ 7.72562830115915, 48.594309769707777 ] ] ] } },
{ "type": "Feature", "properties": { "idcar_200m": "CRS3035RES200mN2833800E4153400", "population": 1.0, "median_education": 21.042, "median_healthcare": 60.583, "median_services": 12.198, "median_commerce": 129.512, "median_entertainment": 55.286, "PC1_pos": 2.4967413667267677, "nivvie": 24029.6, "rel_education": 0.98065899240341148, "rel_sante": 1.2022712298844815, "rel_services": 1.179089501075038, "rel_commerce": 1.3005023763257015, "rel_loisirs": 1.0359608861467469, "rel_pc1": 1.1472764742775319, "q_revenu": 3, "q_population": 1 }, "geometry": { "type": "Polygon", "coordinates": [ [ [ 7.728337581855401, 48.594365211939866 ], [ 7.728255943845554, 48.596163440746459 ], [ 7.730965327224791, 48.596218819211565 ], [ 7.731046868027303, 48.594420588111383 ], [ 7.728337581855401, 48.594365211939866 ] ] ] } },
{ "type": "Feature", "properties": { "idcar_200m": "CRS3035RES200mN2833800E4155600", "population": 32.0, "median_education": 37.9755, "median_healthcare": 58.861, "median_services": 12.639, "median_commerce": 149.653, "median_entertainment": 73.076, "PC1_pos": 3.1340829036799636, "nivvie": 28262.475, "rel_education": 1.7698420096005962, "rel_sante": 1.1680980945517798, "rel_services": 1.2217176753637813, "rel_commerce": 1.5027494141413169, "rel_loisirs": 1.3693137090051672, "rel_pc1": 1.4401409900703308, "q_revenu": 4, "q_population": 2 }, "geometry": { "type": "Polygon", "coordinates": [ [ [ 7.75814002947592, 48.594970716447506 ], [ 7.758059460788481, 48.596768970333521 ], [ 7.760768903978845, 48.596823622088102 ], [ 7.760849375450625, 48.595025365938504 ], [ 7.75814002947592, 48.594970716447506 ] ] ] } },
{ "type": "Feature", "properties": { "idcar_200m": "CRS3035RES200mN2833800E4155800", "population": 194.0, "median_education": 33.541, "median_healthcare": 52.47, "median_services": 11.438, "median_commerce": 130.311, "median_entertainment": 66.26, "PC1_pos": 2.7521349139714362, "nivvie": 38960.282989690721, "rel_education": 1.563172857342592, "rel_sante": 1.0412685313048009, "rel_services": 1.105625980758836, "rel_commerce": 1.3085255818872263, "rel_loisirs": 1.2415940439909463, "rel_pc1": 1.2646322454202306, "q_revenu": 5, "q_population": 3 }, "geometry": { "type": "Polygon", "coordinates": [ [ [ 7.760849375450625, 48.595025365938504 ], [ 7.760768903978845, 48.596823622088102 ], [ 7.763478352567537, 48.596878207776804 ], [ 7.763558726822911, 48.595079949366365 ], [ 7.760849375450625, 48.595025365938504 ] ] ] } },
{ "type": "Feature", "properties": { "idcar_200m": "CRS3035RES200mN2833800E4156000", "population": 180.5, "median_education": 30.89, "median_healthcare": 50.489, "median_services": 11.1095, "median_commerce": 119.531, "median_entertainment": 64.587, "PC1_pos": 2.6105968208846377, "nivvie": 23626.264265927977, "rel_education": 1.4396234329123363, "rel_sante": 1.0019555341537658, "rel_services": 1.0738723407274253, "rel_commerce": 1.2002775769394916, "rel_loisirs": 1.2102450123640696, "rel_pc1": 1.1995941415234412, "q_revenu": 3, "q_population": 3 }, "geometry": { "type": "Polygon", "coordinates": [ [ [ 7.763558726822911, 48.595079949366365 ], [ 7.763478352567537, 48.596878207776804 ], [ 7.766187806548063, 48.596932727399412 ], [ 7.766268083586279, 48.595134466730876 ], [ 7.763558726822911, 48.595079949366365 ] ] ] } },
{ "type": "Feature", "properties": { "idcar_200m": "CRS3035RES200mN2833800E4156200", "population": 174.0, "median_education": 28.233, "median_healthcare": 48.141, "median_services": 10.554, "median_commerce": 108.906, "median_entertainment": 61.046, "PC1_pos": 2.4151625692223622, "nivvie": 28706.594252873565, "rel_education": 1.3157943794565876, "rel_sante": 0.95535941234123156, "rel_services": 1.0201763071278858, "rel_commerce": 1.0935860136213389, "rel_loisirs": 1.1438929974263703, "rel_pc1": 1.1097902386489868, "q_revenu": 4, "q_population": 3 }, "geometry": { "type": "Polygon", "coordinates": [ [ [ 7.766268083586279, 48.595134466730876 ], [ 7.766187806548063, 48.596932727399412 ], [ 7.768897265913908, 48.596987180955729 ], [ 7.768977445734215, 48.595188918031823 ], [ 7.766268083586279, 48.595134466730876 ] ] ] } },
{ "type": "Feature", "properties": { "idcar_200m": "CRS3035RES200mN2833800E4156600", "population": 1.0, "median_education": 21.083, "median_healthcare": 39.728, "median_services": 10.676, "median_commerce": 83.226, "median_entertainment": 50.921, "PC1_pos": 2.0276753450542131, "nivvie": 43466.3, "rel_education": 0.98256979074427919, "rel_sante": 0.78840320586386758, "rel_services": 1.0319691353891707, "rel_commerce": 0.83571878105567687, "rel_loisirs": 0.95416858306765728, "rel_pc1": 0.93173616292626427, "q_revenu": 5, "q_population": 1 }, "geometry": { "type": "Polygon", "coordinates": [ [ [ 7.77168681326022, 48.595243303268987 ], [ 7.771606730658569, 48.597041568445555 ], [ 7.774316200775535, 48.597095889868662 ], [ 7.774396186157783, 48.595297622442182 ], [ 7.77168681326022, 48.595243303268987 ] ] ] } },
{ "type": "Feature", "properties": { "idcar_200m": "CRS3035RES200mN2833800E4157000", "population": 5.0, "median_education": 19.8775, "median_healthcare": 37.748, "median_services": 11.06, "median_commerce": 76.8595, "median_entertainment": 48.5935, "PC1_pos": 1.8994885359307381, "nivvie": 34830.14, "rel_education": 0.9263876590390081, "rel_sante": 0.74911005373915818, "rel_services": 1.0690875456541991, "rel_commerce": 0.77178919631543985, "rel_loisirs": 0.91055539053235801, "rel_pc1": 0.87283310136772141, "q_revenu": 5, "q_population": 1 }, "geometry": { "type": "Polygon", "coordinates": [ [ [ 7.777105564420398, 48.595351875551174 ], [ 7.7770256762583, 48.597150145224823 ], [ 7.779735157100355, 48.597204334513826 ], [ 7.779814948041562, 48.59540606259575 ], [ 7.777105564420398, 48.595351875551174 ] ] ] } },
{ "type": "Feature", "properties": { "idcar_200m": "CRS3035RES200mN2833800E4157200", "population": 57.0, "median_education": 16.348, "median_healthcare": 31.465, "median_services": 9.6895, "median_commerce": 63.0345, "median_entertainment": 41.882, "PC1_pos": 1.6133686370194522, "nivvie": 32209.898245614033, "rel_education": 0.76189588479284143, "rel_sante": 0.62442375333534517, "rel_services": 0.93661155276820618, "rel_commerce": 0.63296464451558476, "rel_loisirs": 0.78479386885645663, "rel_pc1": 0.7413582785373809, "q_revenu": 5, "q_population": 2 }, "geometry": { "type": "Polygon", "coordinates": [ [ [ 7.779814948041562, 48.59540606259575 ], [ 7.779735157100355, 48.597204334513826 ], [ 7.782444643295199, 48.597258457735514 ], [ 7.782524337014763, 48.595460183575696 ], [ 7.779814948041562, 48.59540606259575 ] ] ] } },
{ "type": "Feature", "properties": { "idcar_200m": "CRS3035RES200mN2833800E4157400", "population": 145.5, "median_education": 14.2395, "median_healthcare": 28.2695, "median_services": 8.7235, "median_commerce": 52.852, "median_entertainment": 39.0405, "PC1_pos": 1.4269019345252147, "nivvie": 33524.783505154643, "rel_education": 0.66362958475089706, "rel_sante": 0.56100897171185571, "rel_services": 0.84323555194524458, "rel_commerce": 0.53071647101091768, "rel_loisirs": 0.73154923444655184, "rel_pc1": 0.65567505004655513, "q_revenu": 5, "q_population": 3 }, "geometry": { "type": "Polygon", "coordinates": [ [ [ 7.782524337014763, 48.595460183575696 ], [ 7.782444643295199, 48.597258457735514 ], [ 7.785154134836315, 48.597312514889623 ], [ 7.785233731333494, 48.5955142384908 ], [ 7.782524337014763, 48.595460183575696 ] ] ] } },
{ "type": "Feature", "properties": { "idcar_200m": "CRS3035RES200mN2833800E4157600", "population": 297.0, "median_education": 13.279, "median_healthcare": 26.909, "median_services": 8.08, "median_commerce": 49.142, "median_entertainment": 39.652, "PC1_pos": 1.3684342303833208, "nivvie": 33060.572390572393, "rel_education": 0.61886563825325069, "rel_sante": 0.53400981339586218, "rel_services": 0.78103321599330278, "rel_commerce": 0.49346228748994397, "rel_loisirs": 0.74300765216313014, "rel_pc1": 0.62880858227342173, "q_revenu": 5, "q_population": 4 }, "geometry": { "type": "Polygon", "coordinates": [ [ [ 7.785233731333494, 48.5955142384908 ], [ 7.785154134836315, 48.597312514889623 ], [ 7.787863631717197, 48.597366505975955 ], [ 7.787943130991254, 48.595568227340884 ], [ 7.785233731333494, 48.5955142384908 ] ] ] } },
{ "type": "Feature", "properties": { "idcar_200m": "CRS3035RES200mN2833800E4157800", "population": 187.5, "median_education": 11.752, "median_healthcare": 24.22, "median_services": 7.173, "median_commerce": 43.264, "median_entertainment": 37.607, "PC1_pos": 1.2209846331046688, "nivvie": 29775.9536, "rel_education": 0.5477000512653214, "rel_sante": 0.48064653760629455, "rel_services": 0.69336030424751982, "rel_commerce": 0.43443800427261681, "rel_loisirs": 0.70468800501611095, "rel_pc1": 0.5610540858109907, "q_revenu": 5, "q_population": 3 }, "geometry": { "type": "Polygon", "coordinates": [ [ [ 7.787943130991254, 48.595568227340884 ], [ 7.787863631717197, 48.597366505975955 ], [ 7.790573133931344, 48.597420430994319 ], [ 7.790652535981532, 48.595622150125699 ], [ 7.787943130991254, 48.595568227340884 ] ] ] } },
{ "type": "Feature", "properties": { "idcar_200m": "CRS3035RES200mN2833800E4158000", "population": 188.0, "median_education": 8.866, "median_healthcare": 18.553, "median_services": 5.14, "median_commerce": 32.812, "median_entertainment": 32.112, "PC1_pos": 0.99332424217965776, "nivvie": 29525.442021276594, "rel_education": 0.41319849000326231, "rel_sante": 0.36818477341905798, "rel_services": 0.49684538740168016, "rel_commerce": 0.32948363064425623, "rel_loisirs": 0.60172152038390081, "rel_pc1": 0.45644196454209413, "q_revenu": 4, "q_population": 3 }, "geometry": { "type": "Polygon", "coordinates": [ [ [ 7.790652535981532, 48.595622150125699 ], [ 7.790573133931344, 48.597420430994319 ], [ 7.793282641472241, 48.5974742899445 ], [ 7.793361946297817, 48.595676006845046 ], [ 7.790652535981532, 48.595622150125699 ] ] ] } },
{ "type": "Feature", "properties": { "idcar_200m": "CRS3035RES200mN2833800E4158200", "population": 7.0, "median_education": 7.0915, "median_healthcare": 14.6195, "median_services": 4.0075, "median_commerce": 25.3715, "median_entertainment": 24.28, "PC1_pos": 0.74158080324529463, "nivvie": 19542.4, "rel_education": 0.33049820571375305, "rel_sante": 0.29012436236726769, "rel_services": 0.38737507587786646, "rel_commerce": 0.25476941164484784, "rel_loisirs": 0.45496383018563502, "rel_pc1": 0.34076345298614552, "q_revenu": 2, "q_population": 1 }, "geometry": { "type": "Polygon", "coordinates": [ [ [ 7.793361946297817, 48.595676006845046 ], [ 7.793282641472241, 48.5974742899445 ], [ 7.795992154333381, 48.597528082826273 ], [ 7.796071361933609, 48.595729797498763 ], [ 7.793361946297817, 48.595676006845046 ] ] ] } },
{ "type": "Feature", "properties": { "idcar_200m": "CRS3035RES200mN2834000E4151000", "population": 950.5, "median_education": 19.073, "median_healthcare": 39.7325, "median_services": 5.1825, "median_commerce": 34.086, "median_entertainment": 37.143, "PC1_pos": 1.3355068577990528, "nivvie": 16590.63755917938, "rel_education": 0.88889406720417574, "rel_sante": 0.78849250848233277, "rel_services": 0.50095354478778353, "rel_commerce": 0.34227657668353401, "rel_loisirs": 0.6959934738296969, "rel_pc1": 0.61367814047871261, "q_revenu": 1, "q_population": 5 }, "geometry": { "type": "Polygon", "coordinates": [ [ [ 7.695743772315399, 48.595493746288888 ], [ 7.69566096033905, 48.597291945929243 ], [ 7.698370374778956, 48.597348119466339 ], [ 7.698453089548339, 48.595549917499426 ], [ 7.695743772315399, 48.595493746288888 ] ] ] } },
{ "type": "Feature", "properties": { "idcar_200m": "CRS3035RES200mN2834000E4151200", "population": 112.0, "median_education": 21.645, "median_healthcare": 47.1735, "median_services": 6.462, "median_commerce": 40.699, "median_entertainment": 41.716, "PC1_pos": 1.5377713062219969, "nivvie": 20104.55, "rel_education": 1.0087617094654424, "rel_sante": 0.93615934937120315, "rel_services": 0.62463324774117845, "rel_commerce": 0.40868140569275219, "rel_loisirs": 0.78168332537166174, "rel_pc1": 0.70662058391753269, "q_revenu": 2, "q_population": 2 }, "geometry": { "type": "Polygon", "coordinates": [ [ [ 7.698453089548339, 48.595549917499426 ], [ 7.698370374778956, 48.597348119466339 ], [ 7.701079794767606, 48.597404226939815 ], [ 7.701162412329249, 48.595606022649044 ], [ 7.698453089548339, 48.595549917499426 ] ] ] } },
{ "type": "Feature", "properties": { "idcar_200m": "CRS3035RES200mN2834000E4151400", "population": 363.5, "median_education": 22.4355, "median_healthcare": 53.363, "median_services": 7.9935, "median_commerce": 46.992, "median_entertainment": 44.538, "PC1_pos": 1.7086120639238229, "nivvie": 13488.109215955985, "rel_education": 1.045602833574125, "rel_sante": 1.0589901398135713, "rel_services": 0.77267190743099823, "rel_commerce": 0.47187293585380019, "rel_loisirs": 0.83456256461317169, "rel_pc1": 0.78512354172129262, "q_revenu": 1, "q_population": 4 }, "geometry": { "type": "Polygon", "coordinates": [ [ [ 7.701162412329249, 48.595606022649044 ], [ 7.701079794767606, 48.597404226939815 ], [ 7.703789220298486, 48.597460268349408 ], [ 7.70387174065162, 48.595662061737535 ], [ 7.701162412329249, 48.595606022649044 ] ] ] } },
{ "type": "Feature", "properties": { "idcar_200m": "CRS3035RES200mN2834000E4151600", "population": 307.5, "median_education": 22.955, "median_healthcare": 54.3415, "median_services": 9.0865, "median_commerce": 52.262, "median_entertainment": 44.663, "PC1_pos": 1.8220175188816197, "nivvie": 21336.629593495934, "rel_education": 1.0698140466980472, "rel_sante": 1.0784084980731814, "rel_services": 0.87832404914890416, "rel_commerce": 0.52479195125960376, "rel_loisirs": 0.83690484133364962, "rel_pc1": 0.83723443004225295, "q_revenu": 2, "q_population": 4 }, "geometry": { "type": "Polygon", "coordinates": [ [ [ 7.70387174065162, 48.595662061737535 ], [ 7.703789220298486, 48.597460268349408 ], [ 7.706498651365098, 48.597516243694869 ], [ 7.706581074508955, 48.59571803476463 ], [ 7.70387174065162, 48.595662061737535 ] ] ] } },
{ "type": "Feature", "properties": { "idcar_200m": "CRS3035RES200mN2834000E4151800", "population": 197.5, "median_education": 21.873, "median_healthcare": 54.8285, "median_services": 10.621, "median_commerce": 58.5995, "median_entertainment": 44.351, "PC1_pos": 1.8970595836889872, "nivvie": 24629.01670886076, "rel_education": 1.0193876124341705, "rel_sante": 1.0880730258937541, "rel_services": 1.0266526964189191, "rel_commerce": 0.58843033079172535, "rel_loisirs": 0.83105851863933677, "rel_pc1": 0.87171697464300668, "q_revenu": 3, "q_population": 3 }, "geometry": { "type": "Polygon", "coordinates": [ [ [ 7.706581074508955, 48.59571803476463 ], [ 7.706498651365098, 48.597516243694869 ], [ 7.709208087960934, 48.597572152976063 ], [ 7.709290413894744, 48.595773941730144 ], [ 7.706581074508955, 48.59571803476463 ] ] ] } },
{ "type": "Feature", "properties": { "idcar_200m": "CRS3035RES200mN2834000E4152000", "population": 265.5, "median_education": 21.068, "median_healthcare": 55.0075, "median_services": 11.056, "median_commerce": 61.733, "median_entertainment": 44.265, "PC1_pos": 1.9236491648100329, "nivvie": 23499.42824858757, "rel_education": 0.98187071818054705, "rel_sante": 1.0916252856060384, "rel_services": 1.0687008955472717, "rel_commerce": 0.61989555560654253, "rel_loisirs": 0.82944703225564798, "rel_pc1": 0.88393514080455127, "q_revenu": 3, "q_population": 4 }, "geometry": { "type": "Polygon", "coordinates": [ [ [ 7.709290413894744, 48.595773941730144 ], [ 7.709208087960934, 48.597572152976063 ], [ 7.711917530079488, 48.597627996192706 ], [ 7.711999758802482, 48.595829782633885 ], [ 7.709290413894744, 48.595773941730144 ] ] ] } },
{ "type": "Feature", "properties": { "idcar_200m": "CRS3035RES200mN2834000E4152200", "population": 385.0, "median_education": 20.539, "median_healthcare": 56.979, "median_services": 11.499, "median_commerce": 65.777, "median_entertainment": 45.737, "PC1_pos": 1.9934419028058539, "nivvie": 19943.50961038961, "rel_education": 0.95721675909959458, "rel_sante": 1.1307497550069801, "rel_services": 1.1115223948894788, "rel_commerce": 0.66050361980029393, "rel_loisirs": 0.85702968291599624, "rel_pc1": 0.91600556966238489, "q_revenu": 2, "q_population": 4 }, "geometry": { "type": "Polygon", "coordinates": [ [ [ 7.711999758802482, 48.595829782633885 ], [ 7.711917530079488, 48.597627996192706 ], [ 7.714626977714249, 48.59768377334462 ], [ 7.714709109225662, 48.595885557475604 ], [ 7.711999758802482, 48.595829782633885 ] ] ] } },
{ "type": "Feature", "properties": { "idcar_200m": "CRS3035RES200mN2834000E4152400", "population": 412.5, "median_education": 20.026, "median_healthcare": 59.6435, "median_services": 12.485, "median_commerce": 76.513, "median_entertainment": 47.4285, "PC1_pos": 2.1133110585725086, "nivvie": 20630.91393939394, "rel_education": 0.93330847741995615, "rel_sante": 1.1836268276515702, "rel_services": 1.2068316462470772, "rel_commerce": 0.7683097961564056, "rel_loisirs": 0.88872537149750364, "rel_pc1": 0.97108659016187093, "q_revenu": 2, "q_population": 4 }, "geometry": { "type": "Polygon", "coordinates": [ [ [ 7.714709109225662, 48.595885557475604 ], [ 7.714626977714249, 48.59768377334462 ], [ 7.717336430858722, 48.597739484431585 ], [ 7.717418465157783, 48.595941266255103 ], [ 7.714709109225662, 48.595885557475604 ] ] ] } },
{ "type": "Feature", "properties": { "idcar_200m": "CRS3035RES200mN2834000E4152600", "population": 704.5, "median_education": 18.577, "median_healthcare": 58.658, "median_services": 12.38, "median_commerce": 82.809, "median_entertainment": 48.321, "PC1_pos": 2.1215432401017975, "nivvie": 20699.622853087298, "rel_education": 0.86577806776343391, "rel_sante": 1.1640695542076809, "rel_services": 1.1966820809402337, "rel_commerce": 0.83153145099415504, "rel_loisirs": 0.90544922728171606, "rel_pc1": 0.97486935610086656, "q_revenu": 2, "q_population": 5 }, "geometry": { "type": "Polygon", "coordinates": [ [ [ 7.717418465157783, 48.595941266255103 ], [ 7.717336430858722, 48.597739484431585 ], [ 7.720045889506394, 48.597795129453381 ], [ 7.720127826592339, 48.595996908972147 ], [ 7.717418465157783, 48.595941266255103 ] ] ] } },
{ "type": "Feature", "properties": { "idcar_200m": "CRS3035RES200mN2834000E4152800", "population": 345.5, "median_education": 18.3145, "median_healthcare": 60.427, "median_services": 11.8565, "median_commerce": 89.346, "median_entertainment": 49.1465, "PC1_pos": 2.1531485543881974, "nivvie": 25445.035600578874, "rel_education": 0.8535442978981217, "rel_sante": 1.1991754057776864, "rel_services": 1.1460792481961131, "rel_commerce": 0.89717312152693285, "rel_loisirs": 0.92091762274375255, "rel_pc1": 0.98939229949667007, "q_revenu": 3, "q_population": 4 }, "geometry": { "type": "Polygon", "coordinates": [ [ [ 7.720127826592339, 48.595996908972147 ], [ 7.720045889506394, 48.597795129453381 ], [ 7.722755353650757, 48.597850708409759 ], [ 7.722837193522825, 48.596052485626529 ], [ 7.720127826592339, 48.595996908972147 ] ] ] } },
{ "type": "Feature", "properties": { "idcar_200m": "CRS3035RES200mN2834000E4153000", "population": 289.0, "median_education": 17.683, "median_healthcare": 58.659, "median_services": 11.042, "median_commerce": 94.778, "median_entertainment": 48.847, "PC1_pos": 2.0798880577835339, "nivvie": 29134.784083044982, "rel_education": 0.82411334296499972, "rel_sante": 1.1640893992340065, "rel_services": 1.0673476201730259, "rel_commerce": 0.9517188694746227, "rel_loisirs": 0.91530552772148732, "rel_pc1": 0.95572840247933144, "q_revenu": 4, "q_population": 4 }, "geometry": { "type": "Polygon", "coordinates": [ [ [ 7.722837193522825, 48.596052485626529 ], [ 7.722755353650757, 48.597850708409759 ], [ 7.725464823285306, 48.597906221300548 ], [ 7.72554656594273, 48.596107996218031 ], [ 7.722837193522825, 48.596052485626529 ] ] ] } },
{ "type": "Feature", "properties": { "idcar_200m": "CRS3035RES200mN2834000E4153200", "population": 113.0, "median_education": 18.006, "median_healthcare": 59.521, "median_services": 10.899, "median_commerce": 104.661, "median_entertainment": 50.21, "PC1_pos": 2.2003529804348738, "nivvie": 21301.817699115043, "rel_education": 0.83916670550403127, "rel_sante": 1.181195811926683, "rel_services": 1.0535248788503719, "rel_commerce": 1.0509595960885805, "rel_loisirs": 0.94084571308157872, "rel_pc1": 1.0110831835453149, "q_revenu": 2, "q_population": 2 }, "geometry": { "type": "Polygon", "coordinates": [ [ [ 7.72554656594273, 48.596107996218031 ], [ 7.725464823285306, 48.597906221300548 ], [ 7.728174298403539, 48.597961668125514 ], [ 7.728255943845554, 48.596163440746459 ], [ 7.72554656594273, 48.596107996218031 ] ] ] } },
{ "type": "Feature", "properties": { "idcar_200m": "CRS3035RES200mN2834000E4154000", "population": 61.0, "median_education": 18.494, "median_healthcare": 42.347, "median_services": 8.176, "median_commerce": 124.02, "median_entertainment": 40.565, "PC1_pos": 2.0999356628402577, "nivvie": 23850.329508196723, "rel_education": 0.86190986624411614, "rel_sante": 0.84037732981064239, "rel_services": 0.79031281855955982, "rel_commerce": 1.2453541348439796, "rel_loisirs": 0.76011564132950094, "rel_pc1": 0.96494046823580171, "q_revenu": 3, "q_population": 2 }, "geometry": { "type": "Polygon", "coordinates": [ [ [ 7.736384110386477, 48.596329377951001 ], [ 7.736302756595247, 48.598127612203292 ], [ 7.739012253583132, 48.598182794762828 ], [ 7.739093510155914, 48.596384558224898 ], [ 7.736384110386477, 48.596329377951001 ] ] ] } },
{ "type": "Feature", "properties": { "idcar_200m": "CRS3035RES200mN2834000E4155600", "population": 35.0, "median_education": 32.5855, "median_healthcare": 50.993, "median_services": 11.2885, "median_commerce": 129.041, "median_entertainment": 65.0715, "PC1_pos": 2.6986375584351112, "nivvie": 34275.92571428571, "rel_education": 1.5186419350328562, "rel_sante": 1.0119574274218737, "rel_services": 1.0911749330124254, "rel_commerce": 1.2957728020835508, "rel_loisirs": 1.2193236769326419, "rel_pc1": 1.2400497002432143, "q_revenu": 5, "q_population": 2 }, "geometry": { "type": "Polygon", "coordinates": [ [ [ 7.758059460788481, 48.596768970333521 ], [ 7.757978884766025, 48.598567222794344 ], [ 7.760688425180877, 48.5986218768127 ], [ 7.760768903978845, 48.596823622088102 ], [ 7.758059460788481, 48.596768970333521 ] ] ] } },
{ "type": "Feature", "properties": { "idcar_200m": "CRS3035RES200mN2834000E4155800", "population": 97.5, "median_education": 28.542, "median_healthcare": 45.691, "median_services": 10.338, "median_commerce": 112.351, "median_entertainment": 59.14, "PC1_pos": 2.4207981785894308, "nivvie": 28725.518974358976, "rel_education": 1.3301952742694692, "rel_sante": 0.90673909784348505, "rel_services": 0.99929720135380729, "rel_commerce": 1.1281791840336717, "rel_loisirs": 1.1081779619925227, "rel_pc1": 1.1123798549108956, "q_revenu": 4, "q_population": 2 }, "geometry": { "type": "Polygon", "coordinates": [ [ [ 7.760768903978845, 48.596823622088102 ], [ 7.760688425180877, 48.5986218768127 ], [ 7.763397970994813, 48.59867646476247 ], [ 7.763478352567537, 48.596878207776804 ], [ 7.760768903978845, 48.596823622088102 ] ] ] } },
{ "type": "Feature", "properties": { "idcar_200m": "CRS3035RES200mN2834000E4156000", "population": 287.0, "median_education": 26.651, "median_healthcare": 43.702, "median_services": 10.228, "median_commerce": 102.805, "median_entertainment": 57.144, "PC1_pos": 2.2835512322677394, "nivvie": 24817.086062717772, "rel_education": 1.2420655264016405, "rel_sante": 0.86726734048184495, "rel_services": 0.98866432341330446, "rel_commerce": 1.0323224627691931, "rel_loisirs": 1.070776487319931, "rel_pc1": 1.0493135738856654, "q_revenu": 3, "q_population": 4 }, "geometry": { "type": "Polygon", "coordinates": [ [ [ 7.763478352567537, 48.596878207776804 ], [ 7.763397970994813, 48.59867646476247 ], [ 7.766107522201333, 48.598730986643403 ], [ 7.766187806548063, 48.596932727399412 ], [ 7.763478352567537, 48.596878207776804 ] ] ] } },
{ "type": "Feature", "properties": { "idcar_200m": "CRS3035RES200mN2834000E4156200", "population": 31.5, "median_education": 24.06, "median_healthcare": 40.504, "median_services": 10.011, "median_commerce": 91.386, "median_entertainment": 53.16, "PC1_pos": 2.0325384059336553, "nivvie": 20002.526984126984, "rel_education": 1.1213123922263131, "rel_sante": 0.80380294629254145, "rel_services": 0.96768855511249419, "rel_commerce": 0.91765790168401806, "rel_loisirs": 0.99612344368485806, "rel_pc1": 0.93397078578881487, "q_revenu": 2, "q_population": 2 }, "geometry": { "type": "Polygon", "coordinates": [ [ [ 7.766187806548063, 48.596932727399412 ], [ 7.766107522201333, 48.598730986643403 ], [ 7.768817078793917, 48.598785442455352 ], [ 7.768897265913908, 48.596987180955729 ], [ 7.766187806548063, 48.596932727399412 ] ] ] } },
{ "type": "Feature", "properties": { "idcar_200m": "CRS3035RES200mN2834000E4156600", "population": 5.0, "median_education": 18.6865, "median_healthcare": 34.0565, "median_services": 9.9405, "median_commerce": 69.6905, "median_entertainment": 43.9155, "PC1_pos": 1.7359239349865403, "nivvie": 26812.8, "rel_education": 0.87088129747867837, "rel_sante": 0.67585213905816566, "rel_services": 0.96087384697789924, "rel_commerce": 0.69980126055752589, "rel_loisirs": 0.82289802654519162, "rel_pc1": 0.79767360700091594, "q_revenu": 4, "q_population": 1 }, "geometry": { "type": "Polygon", "coordinates": [ [ [ 7.771606730658569, 48.597041568445555 ], [ 7.771526640766068, 48.598839832197989 ], [ 7.77423620811127, 48.598894155871186 ], [ 7.774316200775535, 48.597095889868662 ], [ 7.771606730658569, 48.597041568445555 ] ] ] } },
{ "type": "Feature", "properties": { "idcar_200m": "CRS3035RES200mN2834000E4157000", "population": 105.5, "median_education": 19.9575, "median_healthcare": 38.714, "median_services": 12.8785, "median_commerce": 80.4725, "median_entertainment": 49.89, "PC1_pos": 2.0190620010716995, "nivvie": 29748.515639810426, "rel_education": 0.93011604604557963, "rel_sante": 0.76828034916969812, "rel_services": 1.244868350516058, "rel_commerce": 0.80806934862306201, "rel_loisirs": 0.93484948467715523, "rel_pc1": 0.92777824920412622, "q_revenu": 5, "q_population": 2 }, "geometry": { "type": "Polygon", "coordinates": [ [ [ 7.7770256762583, 48.597150145224823 ], [ 7.776945780823019, 48.598948413474766 ], [ 7.779655358894805, 48.599002605008465 ], [ 7.779735157100355, 48.597204334513826 ], [ 7.7770256762583, 48.597150145224823 ] ] ] } },
{ "type": "Feature", "properties": { "idcar_200m": "CRS3035RES200mN2834000E4157200", "population": 73.0, "median_education": 16.872, "median_healthcare": 33.462, "median_services": 12.07, "median_commerce": 67.465, "median_entertainment": 44.055, "PC1_pos": 1.7058791079460802, "nivvie": 35693.031506849315, "rel_education": 0.78631681968588341, "rel_sante": 0.66405427090759006, "rel_services": 1.1667166976533618, "rel_commerce": 0.67745377122439199, "rel_loisirs": 0.82551200736524499, "rel_pc1": 0.78386772238001612, "q_revenu": 5, "q_population": 2 }, "geometry": { "type": "Polygon", "coordinates": [ [ [ 7.779735157100355, 48.597204334513826 ], [ 7.779655358894805, 48.599002605008465 ], [ 7.782364942320117, 48.599056730472064 ], [ 7.782444643295199, 48.597258457735514 ], [ 7.779735157100355, 48.597204334513826 ] ] ] } },
{ "type": "Feature", "properties": { "idcar_200m": "CRS3035RES200mN2834000E4157400", "population": 353.5, "median_education": 12.9755, "median_healthcare": 26.189, "median_services": 8.801, "median_commerce": 47.982, "median_entertainment": 36.355, "PC1_pos": 1.3505223969849651, "nivvie": 29483.506930693067, "rel_education": 0.60472107004707087, "rel_sante": 0.51972139444142229, "rel_services": 0.85072689776696253, "rel_commerce": 0.48181407916532681, "rel_loisirs": 0.68122776138380403, "rel_pc1": 0.62057792396696965, "q_revenu": 4, "q_population": 4 }, "geometry": { "type": "Polygon", "coordinates": [ [ [ 7.782444643295199, 48.597258457735514 ], [ 7.782364942320117, 48.599056730472064 ], [ 7.785074531092452, 48.599110789865392 ], [ 7.785154134836315, 48.597312514889623 ], [ 7.782444643295199, 48.597258457735514 ] ] ] } },
{ "type": "Feature", "properties": { "idcar_200m": "CRS3035RES200mN2834000E4157600", "population": 391.5, "median_education": 13.324, "median_healthcare": 27.29, "median_services": 8.815, "median_commerce": 48.929, "median_entertainment": 40.301, "PC1_pos": 1.4030690443753067, "nivvie": 25202.895019157088, "rel_education": 0.620962855944447, "rel_sante": 0.54157076842591989, "rel_services": 0.85208017314120832, "rel_commerce": 0.49132343544413065, "rel_loisirs": 0.75516875289585161, "rel_pc1": 0.64472360968215858, "q_revenu": 3, "q_population": 4 }, "geometry": { "type": "Polygon", "coordinates": [ [ [ 7.785154134836315, 48.597312514889623 ], [ 7.785074531092452, 48.599110789865392 ], [ 7.787784125205298, 48.599164783188208 ], [ 7.787863631717197, 48.597366505975955 ], [ 7.785154134836315, 48.597312514889623 ] ] ] } },
{ "type": "Feature", "properties": { "idcar_200m": "CRS3035RES200mN2834000E4157800", "population": 188.0, "median_education": 11.3485, "median_healthcare": 23.978, "median_services": 7.264, "median_commerce": 41.61, "median_entertainment": 38.606, "PC1_pos": 1.2232146043538805, "nivvie": 33970.62606382979, "rel_education": 0.52889499930092743, "rel_sante": 0.47584404123549678, "rel_services": 0.70215659418011767, "rel_commerce": 0.41782926585113683, "rel_loisirs": 0.72340748056617055, "rel_pc1": 0.56207877887156588, "q_revenu": 5, "q_population": 3 }, "geometry": { "type": "Polygon", "coordinates": [ [ [ 7.787863631717197, 48.597366505975955 ], [ 7.787784125205298, 48.599164783188208 ], [ 7.790493724652145, 48.599218710440297 ], [ 7.790573133931344, 48.597420430994319 ], [ 7.787863631717197, 48.597366505975955 ] ] ] } },
{ "type": "Feature", "properties": { "idcar_200m": "CRS3035RES200mN2834000E4158000", "population": 286.0, "median_education": 9.471, "median_healthcare": 20.243, "median_services": 5.947, "median_commerce": 35.054, "median_entertainment": 35.702, "PC1_pos": 1.0410858880539529, "nivvie": 30923.550349650352, "rel_education": 0.44139441674045765, "rel_sante": 0.40172286790934025, "rel_services": 0.57485204647427868, "rel_commerce": 0.35199680569924902, "rel_loisirs": 0.66899170779602712, "rel_pc1": 0.47838889641681637, "q_revenu": 5, "q_population": 4 }, "geometry": { "type": "Polygon", "coordinates": [ [ [ 7.790573133931344, 48.597420430994319 ], [ 7.790493724652145, 48.599218710440297 ], [ 7.793203329426487, 48.599272571621469 ], [ 7.793282641472241, 48.5974742899445 ], [ 7.790573133931344, 48.597420430994319 ] ] ] } },
{ "type": "Feature", "properties": { "idcar_200m": "CRS3035RES200mN2834000E4158200", "population": 52.5, "median_education": 5.781, "median_healthcare": 11.944, "median_services": 3.2455, "median_commerce": 20.15, "median_entertainment": 20.281, "PC1_pos": 0.59697355152155307, "nivvie": 31531.022857142856, "rel_education": 0.26942256606235726, "rel_sante": 0.23702899443309589, "rel_services": 0.31371823050820097, "rel_commerce": 0.20233741184571996, "rel_loisirs": 0.38002971334410474, "rel_pc1": 0.27431504141916019, "q_revenu": 5, "q_population": 2 }, "geometry": { "type": "Polygon", "coordinates": [ [ [ 7.793282641472241, 48.5974742899445 ], [ 7.793203329426487, 48.599272571621469 ], [ 7.79591293952181, 48.599326366731511 ], [ 7.795992154333381, 48.597528082826273 ], [ 7.793282641472241, 48.5974742899445 ] ] ] } },
{ "type": "Feature", "properties": { "idcar_200m": "CRS3035RES200mN2834000E4158400", "population": 3.0, "median_education": 5.471, "median_healthcare": 11.812, "median_services": 2.959, "median_commerce": 17.834, "median_entertainment": 21.701, "PC1_pos": 0.5757187637139709, "nivvie": 33301.833333333336, "rel_education": 0.25497506641189355, "rel_sante": 0.23440945095811525, "rel_services": 0.2860244165995276, "rel_commerce": 0.17908116143208783, "rel_loisirs": 0.40663797688873415, "rel_pc1": 0.26454826367342643, "q_revenu": 5, "q_population": 1 }, "geometry": { "type": "Polygon", "coordinates": [ [ [ 7.795992154333381, 48.597528082826273 ], [ 7.79591293952181, 48.599326366731511 ], [ 7.798622554931611, 48.599380095770222 ], [ 7.798701672508257, 48.597581809639429 ], [ 7.795992154333381, 48.597528082826273 ] ] ] } },
{ "type": "Feature", "properties": { "idcar_200m": "CRS3035RES200mN2834200E4150600", "population": 1.0, "median_education": 11.872, "median_healthcare": 24.186, "median_services": 3.1995, "median_commerce": 20.121, "median_entertainment": 26.2105, "PC1_pos": 0.83326919920477005, "nivvie": 34689.6, "rel_education": 0.55329263177517829, "rel_sante": 0.4799718067112238, "rel_services": 0.30927175427853615, "rel_commerce": 0.20204620663760456, "rel_loisirs": 0.49113795185669634, "rel_pc1": 0.38289514553965021, "q_revenu": 5, "q_population": 1 }, "geometry": { "type": "Polygon", "coordinates": [ [ [ 7.690242148131483, 48.597179400664942 ], [ 7.690159134186747, 48.5989775942138 ], [ 7.692868634723904, 48.599033902209797 ], [ 7.692951551454393, 48.597235706328696 ], [ 7.690242148131483, 48.597179400664942 ] ] ] } },
{ "type": "Feature", "properties": { "idcar_200m": "CRS3035RES200mN2834200E4151000", "population": 670.0, "median_education": 17.301, "median_healthcare": 36.121, "median_services": 4.971, "median_commerce": 30.066, "median_entertainment": 35.007, "PC1_pos": 1.2134785512975996, "nivvie": 14342.334179104479, "rel_education": 0.80631029500862184, "rel_sante": 0.71682219590738927, "rel_services": 0.48050942038399852, "rel_commerce": 0.30190950990339532, "rel_loisirs": 0.65596864923016984, "rel_pc1": 0.55760496962057693, "q_revenu": 1, "q_population": 5 }, "geometry": { "type": "Polygon", "coordinates": [ [ [ 7.69566096033905, 48.597291945929243 ], [ 7.695578140823588, 48.599090144139844 ], [ 7.69828765247929, 48.599146320003761 ], [ 7.698370374778956, 48.597348119466339 ], [ 7.69566096033905, 48.597291945929243 ] ] ] } },
{ "type": "Feature", "properties": { "idcar_200m": "CRS3035RES200mN2834200E4151200", "population": 1232.0, "median_education": 19.477, "median_healthcare": 44.619, "median_services": 6.576, "median_commerce": 37.673, "median_entertainment": 38.738, "PC1_pos": 1.4383720606307102, "nivvie": 14130.988798701299, "rel_education": 0.90772242158736072, "rel_sante": 0.88546522962243013, "rel_services": 0.63565277578860868, "rel_commerce": 0.37829564845974234, "rel_loisirs": 0.72588092478299537, "rel_pc1": 0.66094568240487728, "q_revenu": 1, "q_population": 5 }, "geometry": { "type": "Polygon", "coordinates": [ [ [ 7.698370374778956, 48.597348119466339 ], [ 7.69828765247929, 48.599146320003761 ], [ 7.700997169684507, 48.599202429801288 ], [ 7.701079794767606, 48.597404226939815 ], [ 7.698370374778956, 48.597348119466339 ] ] ] } },
{ "type": "Feature", "properties": { "idcar_200m": "CRS3035RES200mN2834200E4151400", "population": 395.5, "median_education": 19.8255, "median_healthcare": 48.224, "median_services": 7.6385, "median_commerce": 42.388, "median_entertainment": 40.3525, "PC1_pos": 1.5672393267554949, "nivvie": 15775.475094816689, "rel_education": 0.92396420748473684, "rel_sante": 0.9570065495262573, "rel_services": 0.73835671044119344, "rel_commerce": 0.4256415986757508, "rel_loisirs": 0.75613377090468847, "rel_pc1": 0.72016142044636067, "q_revenu": 1, "q_population": 4 }, "geometry": { "type": "Polygon", "coordinates": [ [ [ 7.701079794767606, 48.597404226939815 ], [ 7.700997169684507, 48.599202429801288 ], [ 7.703706692432727, 48.599258473532188 ], [ 7.703789220298486, 48.597460268349408 ], [ 7.701079794767606, 48.597404226939815 ] ] ] } },
{ "type": "Feature", "properties": { "idcar_200m": "CRS3035RES200mN2834200E4151600", "population": 142.0, "median_education": 19.121, "median_healthcare": 49.537, "median_services": 8.701, "median_commerce": 47.015, "median_entertainment": 39.517, "PC1_pos": 1.6278959161717723, "nivvie": 27532.267605633802, "rel_education": 0.89113109940811852, "rel_sante": 0.98306306909178431, "rel_services": 0.84106064509377809, "rel_commerce": 0.47210389170851236, "rel_loisirs": 0.74047799330501396, "rel_pc1": 0.748033701882719, "q_revenu": 4, "q_population": 3 }, "geometry": { "type": "Polygon", "coordinates": [ [ [ 7.703789220298486, 48.597460268349408 ], [ 7.703706692432727, 48.599258473532188 ], [ 7.706416220717447, 48.599314451196285 ], [ 7.706498651365098, 48.597516243694869 ], [ 7.703789220298486, 48.597460268349408 ] ] ] } },
{ "type": "Feature", "properties": { "idcar_200m": "CRS3035RES200mN2834200E4151800", "population": 289.0, "median_education": 19.133, "median_healthcare": 51.661, "median_services": 9.564, "median_commerce": 51.927, "median_entertainment": 40.341, "PC1_pos": 1.7173109903878718, "nivvie": 23861.65328719723, "rel_education": 0.89169035745910419, "rel_sante": 1.0252139050073816, "rel_services": 0.92448040566335976, "rel_commerce": 0.52142802902792562, "rel_loisirs": 0.75591828144640449, "rel_pc1": 0.78912078141006237, "q_revenu": 3, "q_population": 4 }, "geometry": { "type": "Polygon", "coordinates": [ [ [ 7.706498651365098, 48.597516243694869 ], [ 7.706416220717447, 48.599314451196285 ], [ 7.709125754532161, 48.599370362793344 ], [ 7.709208087960934, 48.597572152976063 ], [ 7.706498651365098, 48.597516243694869 ] ] ] } },
{ "type": "Feature", "properties": { "idcar_200m": "CRS3035RES200mN2834200E4152000", "population": 121.0, "median_education": 19.116, "median_healthcare": 53.2545, "median_services": 10.422, "median_commerce": 57.2755, "median_entertainment": 41.373, "PC1_pos": 1.7910013455426517, "nivvie": 28670.366115702476, "rel_education": 0.89089807522020781, "rel_sante": 1.0568369544572427, "rel_services": 1.0074168535992825, "rel_commerce": 0.57513530680742109, "rel_loisirs": 0.77525611805067041, "rel_pc1": 0.8229822025315745, "q_revenu": 4, "q_population": 2 }, "geometry": { "type": "Polygon", "coordinates": [ [ [ 7.709208087960934, 48.597572152976063 ], [ 7.709125754532161, 48.599370362793344 ], [ 7.711835293870365, 48.599426208323138 ], [ 7.711917530079488, 48.597627996192706 ], [ 7.709208087960934, 48.597572152976063 ] ] ] } },
{ "type": "Feature", "properties": { "idcar_200m": "CRS3035RES200mN2834200E4152200", "population": 67.0, "median_education": 19.274, "median_healthcare": 56.1665, "median_services": 11.251, "median_commerce": 64.46, "median_entertainment": 43.374, "PC1_pos": 1.946715985029235, "nivvie": 27483.922388059702, "rel_education": 0.89826163955818616, "rel_sante": 1.1146256711174214, "rel_services": 1.0875500882599813, "rel_commerce": 0.64727888672829337, "rel_loisirs": 0.81275128379208106, "rel_pc1": 0.89453456472829329, "q_revenu": 4, "q_population": 2 }, "geometry": { "type": "Polygon", "coordinates": [ [ [ 7.711917530079488, 48.597627996192706 ], [ 7.711835293870365, 48.599426208323138 ], [ 7.714544838725544, 48.599481987785438 ], [ 7.714626977714249, 48.59768377334462 ], [ 7.711917530079488, 48.597627996192706 ] ] ] } },
{ "type": "Feature", "properties": { "idcar_200m": "CRS3035RES200mN2834200E4152400", "population": 141.0, "median_education": 18.016, "median_healthcare": 59.425, "median_services": 10.5035, "median_commerce": 65.3815, "median_entertainment": 44.269, "PC1_pos": 1.8983544130872914, "nivvie": 22858.648936170212, "rel_education": 0.83963275387985259, "rel_sante": 1.1792906893994242, "rel_services": 1.0152948495279277, "rel_commerce": 0.65653218325513341, "rel_loisirs": 0.8295219851107033, "rel_pc1": 0.8723119611028276, "q_revenu": 3, "q_population": 3 }, "geometry": { "type": "Polygon", "coordinates": [ [ [ 7.714626977714249, 48.59768377334462 ], [ 7.714544838725544, 48.599481987785438 ], [ 7.717254389091195, 48.599537701180104 ], [ 7.717336430858722, 48.597739484431585 ], [ 7.714626977714249, 48.59768377334462 ] ] ] } },
{ "type": "Feature", "properties": { "idcar_200m": "CRS3035RES200mN2834200E4152600", "population": 8.0, "median_education": 17.6255, "median_healthcare": 60.6555, "median_services": 10.384, "median_commerce": 69.57, "median_entertainment": 45.3415, "PC1_pos": 1.937763503442455, "nivvie": 27483.925, "rel_education": 0.82143356480402663, "rel_sante": 1.2037099942930884, "rel_services": 1.0037436775834723, "rel_commerce": 0.69859125271001177, "rel_loisirs": 0.84961871937240385, "rel_pc1": 0.89042081404198137, "q_revenu": 4, "q_population": 1 }, "geometry": { "type": "Polygon", "coordinates": [ [ [ 7.717336430858722, 48.597739484431585 ], [ 7.717254389091195, 48.599537701180104 ], [ 7.719963944960814, 48.599593348506829 ], [ 7.720045889506394, 48.597795129453381 ], [ 7.717336430858722, 48.597739484431585 ] ] ] } },
{ "type": "Feature", "properties": { "idcar_200m": "CRS3035RES200mN2834200E4152800", "population": 170.0, "median_education": 17.147, "median_healthcare": 62.976, "median_services": 10.587, "median_commerce": 78.396, "median_entertainment": 47.034, "PC1_pos": 2.015446837536965, "nivvie": 20319.724705882352, "rel_education": 0.79913315002097207, "rel_sante": 1.2497603778816684, "rel_services": 1.0233661705100365, "rel_commerce": 0.78721805156610736, "rel_loisirs": 0.88133314616767522, "rel_pc1": 0.92611704707508691, "q_revenu": 2, "q_population": 3 }, "geometry": { "type": "Polygon", "coordinates": [ [ [ 7.720045889506394, 48.597795129453381 ], [ 7.719963944960814, 48.599593348506829 ], [ 7.722673506327888, 48.599648929765443 ], [ 7.722755353650757, 48.597850708409759 ], [ 7.720045889506394, 48.597795129453381 ] ] ] } },
{ "type": "Feature", "properties": { "idcar_200m": "CRS3035RES200mN2834200E4153000", "population": 104.0, "median_education": 16.918, "median_healthcare": 62.061, "median_services": 10.2015, "median_commerce": 86.5135, "median_entertainment": 47.74, "PC1_pos": 2.0212651707018447, "nivvie": 30643.903846153848, "rel_education": 0.78846064221466183, "rel_sante": 1.2316021787937346, "rel_services": 0.98610276645491057, "rel_commerce": 0.86873040594117579, "rel_loisirs": 0.89456232508493461, "rel_pc1": 0.92879062666508128, "q_revenu": 5, "q_population": 2 }, "geometry": { "type": "Polygon", "coordinates": [ [ [ 7.722755353650757, 48.597850708409759 ], [ 7.722673506327888, 48.599648929765443 ], [ 7.725383073185917, 48.599704444955727 ], [ 7.725464823285306, 48.597906221300548 ], [ 7.722755353650757, 48.597850708409759 ] ] ] } },
{ "type": "Feature", "properties": { "idcar_200m": "CRS3035RES200mN2834200E4153800", "population": 29.0, "median_education": 15.7305, "median_healthcare": 41.1825, "median_services": 7.2465, "median_commerce": 98.8245, "median_entertainment": 35.47, "PC1_pos": 1.7648582194344771, "nivvie": 19928.462068965517, "rel_education": 0.73311739758586936, "rel_sante": 0.81726779665446858, "rel_services": 0.70046499996231038, "rel_commerce": 0.9923520375656254, "rel_loisirs": 0.66464444220282015, "rel_pc1": 0.81096918670715179, "q_revenu": 2, "q_population": 2 }, "geometry": { "type": "Polygon", "coordinates": [ [ [ 7.733593265065015, 48.598072363577081 ], [ 7.733511806640624, 48.599870594114371 ], [ 7.736221395397379, 48.599925845029119 ], [ 7.736302756595247, 48.598127612203292 ], [ 7.733593265065015, 48.598072363577081 ] ] ] } },
{ "type": "Feature", "properties": { "idcar_200m": "CRS3035RES200mN2834200E4154000", "population": 121.5, "median_education": 16.229, "median_healthcare": 40.2865, "median_services": 7.2535, "median_commerce": 107.583, "median_entertainment": 35.859, "PC1_pos": 1.8971845762208537, "nivvie": 23872.833744855965, "rel_education": 0.75634990912056665, "rel_sante": 0.79948665306672129, "rel_services": 0.70114163764943327, "rel_commerce": 1.0803010311959349, "rel_loisirs": 0.67193360735694752, "rel_pc1": 0.87177440990369559, "q_revenu": 3, "q_population": 2 }, "geometry": { "type": "Polygon", "coordinates": [ [ [ 7.736302756595247, 48.598127612203292 ], [ 7.736221395397379, 48.599925845029119 ], [ 7.738930989612547, 48.599981029874471 ], [ 7.739012253583132, 48.598182794762828 ], [ 7.736302756595247, 48.598127612203292 ] ] ] } },
{ "type": "Feature", "properties": { "idcar_200m": "CRS3035RES200mN2834200E4154200", "population": 83.5, "median_education": 23.983, "median_healthcare": 49.097, "median_services": 9.831, "median_commerce": 140.681, "median_entertainment": 48.075, "PC1_pos": 2.4476328553255495, "nivvie": 18313.740119760481, "rel_education": 1.1177238197324881, "rel_sante": 0.97433125750851557, "rel_services": 0.9502893003007622, "rel_commerce": 1.4126565476857436, "rel_loisirs": 0.90083962669581563, "rel_pc1": 1.1247106448455186, "q_revenu": 1, "q_population": 2 }, "geometry": { "type": "Polygon", "coordinates": [ [ [ 7.739012253583132, 48.598182794762828 ], [ 7.738930989612547, 48.599981029874471 ], [ 7.74164058927962, 48.600036148650211 ], [ 7.741721756022168, 48.598237911255445 ], [ 7.739012253583132, 48.598182794762828 ] ] ] } },
{ "type": "Feature", "properties": { "idcar_200m": "CRS3035RES200mN2834200E4154400", "population": 150.5, "median_education": 25.265, "median_healthcare": 49.588, "median_services": 10.159, "median_commerce": 144.5955, "median_entertainment": 50.0595, "PC1_pos": 2.509459869441252, "nivvie": 23406.59601328904, "rel_education": 1.1774712215127929, "rel_sante": 0.98407516543439033, "rel_services": 0.98199460906880709, "rel_commerce": 1.451964230001876, "rel_loisirs": 0.93802561191012335, "rel_pc1": 1.1531207475958742, "q_revenu": 3, "q_population": 3 }, "geometry": { "type": "Polygon", "coordinates": [ [ [ 7.741721756022168, 48.598237911255445 ], [ 7.74164058927962, 48.600036148650211 ], [ 7.744350194392089, 48.600091201356094 ], [ 7.744431263905835, 48.598292961680961 ], [ 7.741721756022168, 48.598237911255445 ] ] ] } },
{ "type": "Feature", "properties": { "idcar_200m": "CRS3035RES200mN2834200E4154600", "population": 772.0, "median_education": 24.1575, "median_healthcare": 44.5005, "median_services": 9.1045, "median_commerce": 126.105, "median_entertainment": 46.209, "PC1_pos": 2.2780874690910751, "nivvie": 25347.916709844558, "rel_education": 1.1258563638905716, "rel_sante": 0.88311359400284528, "rel_services": 0.88006397463007724, "rel_commerce": 1.2662907851515888, "rel_loisirs": 0.86587411981252094, "rel_pc1": 1.046802922587478, "q_revenu": 3, "q_population": 5 }, "geometry": { "type": "Polygon", "coordinates": [ [ [ 7.744431263905835, 48.598292961680961 ], [ 7.744350194392089, 48.600091201356094 ], [ 7.747059804943446, 48.600146187991925 ], [ 7.74714077722764, 48.598347946039127 ], [ 7.744431263905835, 48.598292961680961 ] ] ] } },
{ "type": "Feature", "properties": { "idcar_200m": "CRS3035RES200mN2834200E4154800", "population": 178.0, "median_education": 24.282, "median_healthcare": 42.767, "median_services": 8.866, "median_commerce": 120.275, "median_entertainment": 45.672, "PC1_pos": 2.201259909147057, "nivvie": 26110.142696629217, "rel_education": 1.1316586661695485, "rel_sante": 0.84871224086739894, "rel_services": 0.85700996200453239, "rel_commerce": 1.2077484967614873, "rel_loisirs": 0.85581169902134757, "rel_pc1": 1.0114999259397019, "q_revenu": 4, "q_population": 3 }, "geometry": { "type": "Polygon", "coordinates": [ [ [ 7.74714077722764, 48.598347946039127 ], [ 7.747059804943446, 48.600146187991925 ], [ 7.749769420927186, 48.600201108557478 ], [ 7.749850295981068, 48.598402864329785 ], [ 7.74714077722764, 48.598347946039127 ] ] ] } },
{ "type": "Feature", "properties": { "idcar_200m": "CRS3035RES200mN2834200E4155000", "population": 188.0, "median_education": 23.019, "median_healthcare": 39.321, "median_services": 8.127, "median_commerce": 103.815, "median_entertainment": 43.711, "PC1_pos": 2.0106500838947592, "nivvie": 16572.782446808513, "rel_education": 1.0727967563033041, "rel_sante": 0.78032628014934391, "rel_services": 0.78557635474969933, "rel_commerce": 1.0424644372587304, "rel_loisirs": 0.81906606183048969, "rel_pc1": 0.92391289302054724, "q_revenu": 1, "q_population": 3 }, "geometry": { "type": "Polygon", "coordinates": [ [ [ 7.749850295981068, 48.598402864329785 ], [ 7.749769420927186, 48.600201108557478 ], [ 7.752479042336796, 48.600255963052575 ], [ 7.752559820159613, 48.598457716552659 ], [ 7.749850295981068, 48.598402864329785 ] ] ] } },
{ "type": "Feature", "properties": { "idcar_200m": "CRS3035RES200mN2834200E4155200", "population": 63.0, "median_education": 24.464, "median_healthcare": 39.914, "median_services": 8.399, "median_commerce": 98.876, "median_entertainment": 47.137, "PC1_pos": 2.069484825968575, "nivvie": 21459.53492063492, "rel_education": 1.1401407466094979, "rel_sante": 0.79209438076043115, "rel_services": 0.81186856202076096, "rel_commerce": 0.99286917784900286, "rel_loisirs": 0.88326318218534905, "rel_pc1": 0.95094801822455166, "q_revenu": 2, "q_population": 2 }, "geometry": { "type": "Polygon", "coordinates": [ [ [ 7.752559820159613, 48.598457716552659 ], [ 7.752479042336796, 48.600255963052575 ], [ 7.75518866916577, 48.600310751476954 ], [ 7.755269349756767, 48.598512502707607 ], [ 7.752559820159613, 48.598457716552659 ] ] ] } },
{ "type": "Feature", "properties": { "idcar_200m": "CRS3035RES200mN2834200E4155400", "population": 65.0, "median_education": 22.2645, "median_healthcare": 36.7945, "median_services": 8.0745, "median_commerce": 90.24, "median_entertainment": 46.2565, "PC1_pos": 1.8790362699782559, "nivvie": 34153.06, "rel_education": 1.0376334063475787, "rel_sante": 0.7301878211376881, "rel_services": 0.78050157209627757, "rel_commerce": 0.90615027518400848, "rel_loisirs": 0.86676418496630248, "rel_pc1": 0.86343509006961405, "q_revenu": 5, "q_population": 2 }, "geometry": { "type": "Polygon", "coordinates": [ [ [ 7.755269349756767, 48.598512502707607 ], [ 7.75518866916577, 48.600310751476954 ], [ 7.757898301407601, 48.600365473830436 ], [ 7.757978884766025, 48.598567222794344 ], [ 7.755269349756767, 48.598512502707607 ] ] ] } },
{ "type": "Feature", "properties": { "idcar_200m": "CRS3035RES200mN2834200E4156800", "population": 5.0, "median_education": 18.859, "median_healthcare": 35.261, "median_services": 11.162, "median_commerce": 70.0515, "median_entertainment": 44.4135, "PC1_pos": 1.7885977849584724, "nivvie": 26812.8, "rel_education": 0.87892063196159764, "rel_sante": 0.69975547326736376, "rel_services": 1.0789471233808472, "rel_commerce": 0.70342626332061797, "rel_loisirs": 0.83222965699957574, "rel_pc1": 0.82187774351572351, "q_revenu": 4, "q_population": 1 }, "geometry": { "type": "Polygon", "coordinates": [ [ [ 7.77423620811127, 48.598894155871186 ], [ 7.774156208164043, 48.600692420450287 ], [ 7.776865878113609, 48.600746680301455 ], [ 7.776945780823019, 48.598948413474766 ], [ 7.77423620811127, 48.598894155871186 ] ] ] } },
{ "type": "Feature", "properties": { "idcar_200m": "CRS3035RES200mN2834200E4157000", "population": 298.0, "median_education": 18.238, "median_healthcare": 34.561, "median_services": 13.4, "median_commerce": 71.135, "median_entertainment": 44.456, "PC1_pos": 1.9051294286507765, "nivvie": 24927.269463087247, "rel_education": 0.84997902782308798, "rel_sante": 0.6858639548394363, "rel_services": 1.295277858206715, "rel_commerce": 0.7143062923893444, "rel_loisirs": 0.83302603108453832, "rel_pc1": 0.87542514538071736, "q_revenu": 3, "q_population": 4 }, "geometry": { "type": "Polygon", "coordinates": [ [ [ 7.776945780823019, 48.598948413474766 ], [ 7.776865878113609, 48.600746680301455 ], [ 7.779575553423959, 48.600800874080029 ], [ 7.779655358894805, 48.599002605008465 ], [ 7.776945780823019, 48.598948413474766 ] ] ] } },
{ "type": "Feature", "properties": { "idcar_200m": "CRS3035RES200mN2834200E4157200", "population": 346.0, "median_education": 16.734, "median_healthcare": 34.507, "median_services": 13.336, "median_commerce": 68.2, "median_entertainment": 44.595, "PC1_pos": 1.8634262707934628, "nivvie": 24088.639306358382, "rel_education": 0.77988535209954801, "rel_sante": 0.68479232341785323, "rel_services": 1.2890914564958769, "rel_commerce": 0.68483431701628295, "rel_loisirs": 0.83563064279770971, "rel_pc1": 0.85626214654135291, "q_revenu": 3, "q_population": 4 }, "geometry": { "type": "Polygon", "coordinates": [ [ [ 7.779655358894805, 48.599002605008465 ], [ 7.779575553423959, 48.600800874080029 ], [ 7.782285234088581, 48.600855001785789 ], [ 7.782364942320117, 48.599056730472064 ], [ 7.779655358894805, 48.599002605008465 ] ] ] } },
{ "type": "Feature", "properties": { "idcar_200m": "CRS3035RES200mN2834200E4157400", "population": 198.0, "median_education": 15.609, "median_healthcare": 32.355, "median_services": 11.64, "median_commerce": 60.302, "median_entertainment": 44.401, "PC1_pos": 1.6864063126480353, "nivvie": 32481.405050505051, "rel_education": 0.72745490981963923, "rel_sante": 0.6420858267651387, "rel_services": 1.1251518111586689, "rel_commerce": 0.60552608481988113, "rel_loisirs": 0.83199542932752801, "rel_pc1": 0.77491978719073473, "q_revenu": 5, "q_population": 3 }, "geometry": { "type": "Polygon", "coordinates": [ [ [ 7.782364942320117, 48.599056730472064 ], [ 7.782285234088581, 48.600855001785789 ], [ 7.784994920100966, 48.600909063418513 ], [ 7.785074531092452, 48.599110789865392 ], [ 7.782364942320117, 48.599056730472064 ] ] ] } },
{ "type": "Feature", "properties": { "idcar_200m": "CRS3035RES200mN2834200E4157600", "population": 237.5, "median_education": 13.807, "median_healthcare": 28.8695, "median_services": 9.379, "median_commerce": 50.908, "median_entertainment": 44.628, "PC1_pos": 1.4876069204716924, "nivvie": 32791.922947368425, "rel_education": 0.64347299249662115, "rel_sante": 0.57291598750722228, "rel_services": 0.90659783821796869, "rel_commerce": 0.51119568050828346, "rel_loisirs": 0.83624900385191592, "rel_pc1": 0.68356957015019215, "q_revenu": 5, "q_population": 3 }, "geometry": { "type": "Polygon", "coordinates": [ [ [ 7.785074531092452, 48.599110789865392 ], [ 7.784994920100966, 48.600909063418513 ], [ 7.787704611454609, 48.600963058978017 ], [ 7.787784125205298, 48.599164783188208 ], [ 7.785074531092452, 48.599110789865392 ] ] ] } },
{ "type": "Feature", "properties": { "idcar_200m": "CRS3035RES200mN2834200E4157800", "population": 371.5, "median_education": 11.11, "median_healthcare": 23.684, "median_services": 7.091, "median_commerce": 40.277, "median_entertainment": 40.665, "PC1_pos": 1.2120609496989201, "nivvie": 29106.847375504713, "rel_education": 0.51777974553758677, "rel_sante": 0.4700096034957672, "rel_services": 0.68543397705550868, "rel_commerce": 0.4044438678367277, "rel_loisirs": 0.7619894627058833, "rel_pc1": 0.55695356816356689, "q_revenu": 4, "q_population": 4 }, "geometry": { "type": "Polygon", "coordinates": [ [ [ 7.787784125205298, 48.599164783188208 ], [ 7.787704611454609, 48.600963058978017 ], [ 7.790414308142994, 48.601016988464075 ], [ 7.790493724652145, 48.599218710440297 ], [ 7.787784125205298, 48.599164783188208 ] ] ] } },
{ "type": "Feature", "properties": { "idcar_200m": "CRS3035RES200mN2834200E4158000", "population": 340.0, "median_education": 9.76, "median_healthcare": 20.778, "median_services": 6.012, "median_commerce": 35.131, "median_entertainment": 39.302, "PC1_pos": 1.0678207528895514, "nivvie": 28065.06088235294, "rel_education": 0.45486321480169639, "rel_sante": 0.41233995699354203, "rel_services": 0.58113511071184842, "rel_commerce": 0.35277000573459, "rel_loisirs": 0.7364492773457918, "rel_pc1": 0.49067382183105074, "q_revenu": 4, "q_population": 4 }, "geometry": { "type": "Polygon", "coordinates": [ [ [ 7.790493724652145, 48.599218710440297 ], [ 7.790414308142994, 48.601016988464075 ], [ 7.793124010159615, 48.601070851876472 ], [ 7.793203329426487, 48.599272571621469 ], [ 7.790493724652145, 48.599218710440297 ] ] ] } },
{ "type": "Feature", "properties": { "idcar_200m": "CRS3035RES200mN2834200E4158200", "population": 130.5, "median_education": 7.944, "median_healthcare": 17.516, "median_services": 4.6435, "median_commerce": 27.064, "median_entertainment": 35.083, "PC1_pos": 0.81516945504018157, "nivvie": 30363.170881226051, "rel_education": 0.3702288297525283, "rel_sante": 0.34760548111939948, "rel_services": 0.44885244287931941, "rel_commerce": 0.27176475008399825, "rel_loisirs": 0.65739275347622039, "rel_pc1": 0.37457814044364468, "q_revenu": 5, "q_population": 3 }, "geometry": { "type": "Polygon", "coordinates": [ [ [ 7.793203329426487, 48.599272571621469 ], [ 7.793124010159615, 48.601070851876472 ], [ 7.79583371749796, 48.601124649214981 ], [ 7.79591293952181, 48.599326366731511 ], [ 7.793203329426487, 48.599272571621469 ] ] ] } },
{ "type": "Feature", "properties": { "idcar_200m": "CRS3035RES200mN2834200E4158400", "population": 3.0, "median_education": 5.333, "median_healthcare": 11.81, "median_services": 3.029, "median_commerce": 16.03, "median_entertainment": 23.848, "PC1_pos": 0.55451801095602526, "nivvie": 33301.833333333336, "rel_education": 0.2485435988255581, "rel_sante": 0.23436976090546405, "rel_services": 0.29279079347075665, "rel_commerce": 0.1609661891755281, "rel_loisirs": 0.4468689218396632, "rel_pc1": 0.25480631554843775, "q_revenu": 5, "q_population": 1 }, "geometry": { "type": "Polygon", "coordinates": [ [ [ 7.79591293952181, 48.599326366731511 ], [ 7.79583371749796, 48.601124649214981 ], [ 7.79854343015152, 48.601178380479467 ], [ 7.798622554931611, 48.599380095770222 ], [ 7.79591293952181, 48.599326366731511 ] ] ] } },
{ "type": "Feature", "properties": { "idcar_200m": "CRS3035RES200mN2834400E4150600", "population": 1.0, "median_education": 10.772, "median_healthcare": 22.14, "median_services": 2.978, "median_commerce": 17.614, "median_entertainment": 24.096, "PC1_pos": 0.74856589341017332, "nivvie": 34689.6, "rel_education": 0.50202731043482318, "rel_sante": 0.43936888284902403, "rel_services": 0.28786100460743264, "rel_commerce": 0.1768720184739708, "rel_loisirs": 0.45151599885309146, "rel_pc1": 0.34397316854726462, "q_revenu": 5, "q_population": 1 }, "geometry": { "type": "Polygon", "coordinates": [ [ [ 7.690159134186747, 48.5989775942138 ], [ 7.690076112684247, 48.60077578633291 ], [ 7.692785710444491, 48.600832096661378 ], [ 7.692868634723904, 48.599033902209797 ], [ 7.690159134186747, 48.5989775942138 ] ] ] } },
{ "type": "Feature", "properties": { "idcar_200m": "CRS3035RES200mN2834400E4151000", "population": 100.0, "median_education": 14.229, "median_healthcare": 31.76, "median_services": 4.7475, "median_commerce": 26.2545, "median_entertainment": 30.9505, "PC1_pos": 1.0868870850258472, "nivvie": 27280.698, "rel_education": 0.66314023395628463, "rel_sante": 0.63027803610140032, "rel_services": 0.45890534565943131, "rel_commerce": 0.26363610815401761, "rel_loisirs": 0.57995708509721966, "rel_pc1": 0.49943498332028063, "q_revenu": 4, "q_population": 2 }, "geometry": { "type": "Polygon", "coordinates": [ [ [ 7.695578140823588, 48.599090144139844 ], [ 7.69549531376803, 48.600888340921202 ], [ 7.69820492264836, 48.600944519112119 ], [ 7.69828765247929, 48.599146320003761 ], [ 7.695578140823588, 48.599090144139844 ] ] ] } },
{ "type": "Feature", "properties": { "idcar_200m": "CRS3035RES200mN2834400E4151200", "population": 258.5, "median_education": 14.978, "median_healthcare": 36.486, "median_services": 5.8255, "median_commerce": 31.6505, "median_entertainment": 32.1945, "PC1_pos": 1.2106250703346331, "nivvie": 24174.076982591876, "rel_education": 0.69804725730530826, "rel_sante": 0.72406563051623729, "rel_services": 0.56310754947635955, "rel_commerce": 0.31782035998128833, "rel_loisirs": 0.60326742301941616, "rel_pc1": 0.55629376789890961, "q_revenu": 3, "q_population": 4 }, "geometry": { "type": "Polygon", "coordinates": [ [ [ 7.69828765247929, 48.599146320003761 ], [ 7.69820492264836, 48.600944519112119 ], [ 7.700914537078974, 48.60100063123388 ], [ 7.700997169684507, 48.599202429801288 ], [ 7.69828765247929, 48.599146320003761 ] ] ] } },
{ "type": "Feature", "properties": { "idcar_200m": "CRS3035RES200mN2834400E4151400", "population": 159.0, "median_education": 16.1855, "median_healthcare": 42.3355, "median_services": 6.9745, "median_commerce": 36.2335, "median_entertainment": 33.879, "PC1_pos": 1.3216248287235999, "nivvie": 24560.780503144655, "rel_education": 0.75432259868574358, "rel_sante": 0.84014911200789777, "rel_services": 0.67417279269124875, "rel_commerce": 0.36384082442242649, "rel_loisirs": 0.634831944104577, "rel_pc1": 0.60729921569869694, "q_revenu": 3, "q_population": 3 }, "geometry": { "type": "Polygon", "coordinates": [ [ [ 7.700997169684507, 48.599202429801288 ], [ 7.700914537078974, 48.60100063123388 ], [ 7.703624157053369, 48.601056677286351 ], [ 7.703706692432727, 48.599258473532188 ], [ 7.700997169684507, 48.599202429801288 ] ] ] } },
{ "type": "Feature", "properties": { "idcar_200m": "CRS3035RES200mN2834400E4151600", "population": 127.0, "median_education": 16.0785, "median_healthcare": 44.87, "median_services": 7.46, "median_commerce": 39.555, "median_entertainment": 34.681, "PC1_pos": 1.4092491774283666, "nivvie": 29446.587401574805, "rel_education": 0.74933588106445437, "rel_sante": 0.89044633123015859, "rel_services": 0.72110244941955914, "rel_commerce": 0.3971938623105436, "rel_loisirs": 0.64985999154316332, "rel_pc1": 0.64756343977195918, "q_revenu": 4, "q_population": 2 }, "geometry": { "type": "Polygon", "coordinates": [ [ [ 7.703706692432727, 48.599258473532188 ], [ 7.703624157053369, 48.601056677286351 ], [ 7.706333782565033, 48.601112657269297 ], [ 7.706416220717447, 48.599314451196285 ], [ 7.703706692432727, 48.599258473532188 ] ] ] } },
{ "type": "Feature", "properties": { "idcar_200m": "CRS3035RES200mN2834400E4151800", "population": 174.0, "median_education": 16.515, "median_healthcare": 48.508, "median_services": 8.487, "median_commerce": 46.256, "median_entertainment": 36.227, "PC1_pos": 1.5414992787870763, "nivvie": 27273.857471264368, "rel_education": 0.76967889266905909, "rel_sante": 0.96264253700273072, "rel_services": 0.82037486437316343, "rel_commerce": 0.46448234850300857, "rel_loisirs": 0.67882927002203441, "rel_pc1": 0.70833362287209412, "q_revenu": 4, "q_population": 3 }, "geometry": { "type": "Polygon", "coordinates": [ [ [ 7.706416220717447, 48.599314451196285 ], [ 7.706333782565033, 48.601112657269297 ], [ 7.709043413607459, 48.60116857118242 ], [ 7.709125754532161, 48.599370362793344 ], [ 7.706416220717447, 48.599314451196285 ] ] ] } },
{ "type": "Feature", "properties": { "idcar_200m": "CRS3035RES200mN2834400E4152000", "population": 248.5, "median_education": 17.696, "median_healthcare": 53.951, "median_services": 9.594, "median_commerce": 52.23, "median_entertainment": 39.1, "PC1_pos": 1.6937946264233779, "nivvie": 20955.15010060362, "rel_education": 0.82471920585356762, "rel_sante": 1.0706590152930306, "rel_services": 0.92738028146531504, "rel_commerce": 0.52447062137478673, "rel_loisirs": 0.73266415816549946, "rel_pc1": 0.77831478784718788, "q_revenu": 2, "q_population": 3 }, "geometry": { "type": "Polygon", "coordinates": [ [ [ 7.709125754532161, 48.599370362793344 ], [ 7.709043413607459, 48.60116857118242 ], [ 7.711753050174139, 48.601224419025556 ], [ 7.711835293870365, 48.599426208323138 ], [ 7.709125754532161, 48.599370362793344 ] ] ] } },
{ "type": "Feature", "properties": { "idcar_200m": "CRS3035RES200mN2834400E4152200", "population": 526.5, "median_education": 16.874, "median_healthcare": 56.374, "median_services": 9.319, "median_commerce": 52.899, "median_entertainment": 39.015, "PC1_pos": 1.7250332690247108, "nivvie": 20034.888509021843, "rel_education": 0.78641002936104765, "rel_sante": 1.1187435140799857, "rel_services": 0.90079808661405802, "rel_commerce": 0.53118842427924273, "rel_loisirs": 0.73107140999557452, "rel_pc1": 0.79266924210604395, "q_revenu": 2, "q_population": 5 }, "geometry": { "type": "Polygon", "coordinates": [ [ [ 7.711835293870365, 48.599426208323138 ], [ 7.711753050174139, 48.601224419025556 ], [ 7.714462692258567, 48.601280200798541 ], [ 7.714544838725544, 48.599481987785438 ], [ 7.711835293870365, 48.599426208323138 ] ] ] } },
{ "type": "Feature", "properties": { "idcar_200m": "CRS3035RES200mN2834400E4152400", "population": 653.0, "median_education": 16.843, "median_healthcare": 58.7525, "median_services": 9.3385, "median_commerce": 57.64, "median_entertainment": 41.3845, "PC1_pos": 1.738056119510663, "nivvie": 18000.678101071975, "rel_education": 0.78496527939600125, "rel_sante": 1.165944909195451, "rel_services": 0.9026830058853289, "rel_commerce": 0.57879545502666496, "rel_loisirs": 0.77547160750895439, "rel_pc1": 0.79865336612853088, "q_revenu": 1, "q_population": 5 }, "geometry": { "type": "Polygon", "coordinates": [ [ [ 7.714544838725544, 48.599481987785438 ], [ 7.714462692258567, 48.601280200798541 ], [ 7.717172339854234, 48.601335916501093 ], [ 7.717254389091195, 48.599537701180104 ], [ 7.714544838725544, 48.599481987785438 ] ] ] } },
{ "type": "Feature", "properties": { "idcar_200m": "CRS3035RES200mN2834400E4152600", "population": 152.5, "median_education": 17.182, "median_healthcare": 62.349, "median_services": 9.848, "median_commerce": 66.669, "median_entertainment": 45.182, "PC1_pos": 1.874501108089476, "nivvie": 16829.500983606558, "rel_education": 0.80076431933634706, "rel_sante": 1.2373175463755104, "rel_services": 0.9519325632552037, "rel_commerce": 0.66946069033956845, "rel_loisirs": 0.8466299742770742, "rel_pc1": 0.86135113992108159, "q_revenu": 1, "q_population": 3 }, "geometry": { "type": "Polygon", "coordinates": [ [ [ 7.717254389091195, 48.599537701180104 ], [ 7.717172339854234, 48.601335916501093 ], [ 7.719881992954631, 48.601391566132968 ], [ 7.719963944960814, 48.599593348506829 ], [ 7.717254389091195, 48.599537701180104 ] ] ] } },
{ "type": "Feature", "properties": { "idcar_200m": "CRS3035RES200mN2834400E4153000", "population": 176.0, "median_education": 15.903, "median_healthcare": 67.064, "median_services": 9.23, "median_commerce": 76.015, "median_entertainment": 45.265, "PC1_pos": 1.9041660095238444, "nivvie": 18614.828409090907, "rel_education": 0.74115673206878874, "rel_sante": 1.3308868455007654, "rel_services": 0.89219512173492377, "rel_commerce": 0.76330909982394057, "rel_loisirs": 0.84818524601947143, "rel_pc1": 0.8749824451018946, "q_revenu": 1, "q_population": 3 }, "geometry": { "type": "Polygon", "coordinates": [ [ [ 7.722673506327888, 48.599648929765443 ], [ 7.722591651553252, 48.601447149694032 ], [ 7.725301315643587, 48.601502667184 ], [ 7.725383073185917, 48.599704444955727 ], [ 7.722673506327888, 48.599648929765443 ] ] ] } },
{ "type": "Feature", "properties": { "idcar_200m": "CRS3035RES200mN2834400E4153800", "population": 29.0, "median_education": 15.643, "median_healthcare": 40.351, "median_services": 7.063, "median_commerce": 93.535, "median_entertainment": 34.366, "PC1_pos": 1.6547388106153906, "nivvie": 23835.837931034483, "rel_education": 0.7290394742974321, "rel_sante": 0.80076665726472307, "rel_services": 0.68272742630701699, "rel_commerce": 0.93923721176126129, "rel_loisirs": 0.6439574542075589, "rel_pc1": 0.76036826793232648, "q_revenu": 3, "q_population": 2 }, "geometry": { "type": "Polygon", "coordinates": [ [ [ 7.733511806640624, 48.599870594114371 ], [ 7.733430340799802, 48.601668823225381 ], [ 7.736140026791914, 48.601724076428937 ], [ 7.736221395397379, 48.599925845029119 ], [ 7.733511806640624, 48.599870594114371 ] ] ] } },
{ "type": "Feature", "properties": { "idcar_200m": "CRS3035RES200mN2834400E4155200", "population": 301.5, "median_education": 21.835, "median_healthcare": 36.193, "median_services": 7.515, "median_commerce": 87.739, "median_entertainment": 42.4, "PC1_pos": 1.782994517492696, "nivvie": 25937.618573797678, "rel_education": 1.0176166286060493, "rel_sante": 0.71825103780283317, "rel_services": 0.72641888838981061, "rel_commerce": 0.88103633637377787, "rel_loisirs": 0.79450026358611703, "rel_pc1": 0.81930298866596596, "q_revenu": 4, "q_population": 4 }, "geometry": { "type": "Polygon", "coordinates": [ [ [ 7.752479042336796, 48.600255963052575 ], [ 7.752398257159387, 48.602054208127718 ], [ 7.755107981229014, 48.602108998821784 ], [ 7.75518866916577, 48.600310751476954 ], [ 7.752479042336796, 48.600255963052575 ] ] ] } },
{ "type": "Feature", "properties": { "idcar_200m": "CRS3035RES200mN2834400E4156000", "population": 1.0, "median_education": 15.718, "median_healthcare": 28.644, "median_services": 7.075, "median_commerce": 60.154, "median_entertainment": 35.676, "PC1_pos": 1.4729931746770073, "nivvie": 26812.8, "rel_education": 0.73253483711609257, "rel_sante": 0.56844093407079688, "rel_services": 0.68388737662779908, "rel_commerce": 0.60403993410260248, "rel_loisirs": 0.66850451423816781, "rel_pc1": 0.6768544145578872, "q_revenu": 4, "q_population": 1 }, "geometry": { "type": "Polygon", "coordinates": [ [ [ 7.763317582103791, 48.60047472032381 ], [ 7.763237185893509, 48.602272974461243 ], [ 7.765946931578513, 48.602327500859445 ], [ 7.766027230545132, 48.600529244463267 ], [ 7.763317582103791, 48.60047472032381 ] ] ] } },
{ "type": "Feature", "properties": { "idcar_200m": "CRS3035RES200mN2834400E4156400", "population": 2.0, "median_education": 16.221, "median_healthcare": 28.406, "median_services": 7.885, "median_commerce": 61.381, "median_entertainment": 37.248, "PC1_pos": 1.4881510618147369, "nivvie": 26812.8, "rel_education": 0.75597707041990958, "rel_sante": 0.5637178178053015, "rel_services": 0.76218402328059309, "rel_commerce": 0.61636092687355515, "rel_loisirs": 0.69796098627489833, "rel_pc1": 0.68381960828785282, "q_revenu": 4, "q_population": 1 }, "geometry": { "type": "Polygon", "coordinates": [ [ [ 7.768736884373292, 48.600583702530976 ], [ 7.768656682651089, 48.60238196118317 ], [ 7.771366439104718, 48.602436355432204 ], [ 7.771446543581768, 48.600638094526722 ], [ 7.768736884373292, 48.600583702530976 ] ] ] } },
{ "type": "Feature", "properties": { "idcar_200m": "CRS3035RES200mN2834400E4156800", "population": 22.5, "median_education": 15.5555, "median_healthcare": 32.0285, "median_services": 9.888, "median_commerce": 57.2945, "median_entertainment": 36.6485, "PC1_pos": 1.5627303089919953, "nivvie": 26812.795555555556, "rel_education": 0.72496155100899462, "rel_sante": 0.63560642566982684, "rel_services": 0.95579906432447737, "rel_commerce": 0.5753260964265311, "rel_loisirs": 0.68672742712348611, "rel_pc1": 0.71808948377278181, "q_revenu": 4, "q_population": 1 }, "geometry": { "type": "Polygon", "coordinates": [ [ [ 7.774156208164043, 48.600692420450287 ], [ 7.774076200932901, 48.602490683606327 ], [ 7.776785968129126, 48.602544945705326 ], [ 7.776865878113609, 48.600746680301455 ], [ 7.774156208164043, 48.600692420450287 ] ] ] } },
{ "type": "Feature", "properties": { "idcar_200m": "CRS3035RES200mN2834400E4157000", "population": 316.5, "median_education": 15.8045, "median_healthcare": 32.203, "median_services": 11.814, "median_commerce": 61.4145, "median_entertainment": 39.2555, "PC1_pos": 1.6531653035917167, "nivvie": 31698.078672985783, "rel_education": 0.73656615556694782, "rel_sante": 0.639069382763646, "rel_services": 1.1419710908100098, "rel_commerce": 0.6166973190967231, "rel_loisirs": 0.73557795040577401, "rel_pc1": 0.75964522644535881, "q_revenu": 5, "q_population": 4 }, "geometry": { "type": "Polygon", "coordinates": [ [ [ 7.776865878113609, 48.600746680301455 ], [ 7.776785968129126, 48.602544945705326 ], [ 7.779495740686873, 48.602599141728966 ], [ 7.779575553423959, 48.600800874080029 ], [ 7.776865878113609, 48.600746680301455 ] ] ] } },
{ "type": "Feature", "properties": { "idcar_200m": "CRS3035RES200mN2834400E4157200", "population": 176.5, "median_education": 15.841, "median_healthcare": 33.894, "median_services": 12.9005, "median_commerce": 63.1605, "median_entertainment": 41.913, "PC1_pos": 1.7684089049902239, "nivvie": 28572.507082152973, "rel_education": 0.73826723213869605, "rel_sante": 0.67262732228025379, "rel_services": 1.2469949261041586, "rel_commerce": 0.6342298809370519, "rel_loisirs": 0.78537475348313501, "rel_pc1": 0.81260076058979458, "q_revenu": 4, "q_population": 3 }, "geometry": { "type": "Polygon", "coordinates": [ [ [ 7.779575553423959, 48.600800874080029 ], [ 7.779495740686873, 48.602599141728966 ], [ 7.782205518599641, 48.602653271677077 ], [ 7.782285234088581, 48.600855001785789 ], [ 7.779575553423959, 48.600800874080029 ] ] ] } },
{ "type": "Feature", "properties": { "idcar_200m": "CRS3035RES200mN2834400E4157400", "population": 171.0, "median_education": 14.998, "median_healthcare": 31.232, "median_services": 11.387, "median_commerce": 56.186, "median_entertainment": 45.002, "PC1_pos": 1.6512019454809554, "nivvie": 29319.531578947372, "rel_education": 0.69897935405695111, "rel_sante": 0.61979986220147776, "rel_services": 1.1006961918955123, "rel_commerce": 0.56419502838529145, "rel_loisirs": 0.84325709579958597, "rel_pc1": 0.75874304466510845, "q_revenu": 4, "q_population": 3 }, "geometry": { "type": "Polygon", "coordinates": [ [ [ 7.782285234088581, 48.600855001785789 ], [ 7.782205518599641, 48.602653271677077 ], [ 7.784915301860917, 48.602707335549439 ], [ 7.784994920100966, 48.600909063418513 ], [ 7.782285234088581, 48.600855001785789 ] ] ] } },
{ "type": "Feature", "properties": { "idcar_200m": "CRS3035RES200mN2834400E4157600", "population": 159.0, "median_education": 13.441, "median_healthcare": 28.46, "median_services": 9.4405, "median_commerce": 48.635, "median_entertainment": 45.93, "PC1_pos": 1.4609576459980298, "nivvie": 31364.971698113208, "rel_education": 0.62641562194155742, "rel_sante": 0.56478944922688457, "rel_services": 0.91254258361197704, "rel_commerce": 0.48837121712737419, "rel_loisirs": 0.86064615817241408, "rel_pc1": 0.67132397432370872, "q_revenu": 5, "q_population": 3 }, "geometry": { "type": "Polygon", "coordinates": [ [ [ 7.784994920100966, 48.600909063418513 ], [ 7.784915301860917, 48.602707335549439 ], [ 7.787625090464189, 48.602761333345811 ], [ 7.787704611454609, 48.600963058978017 ], [ 7.784994920100966, 48.600909063418513 ] ] ] } },
{ "type": "Feature", "properties": { "idcar_200m": "CRS3035RES200mN2834400E4158000", "population": 129.0, "median_education": 8.319, "median_healthcare": 18.421, "median_services": 5.112, "median_commerce": 27.434, "median_entertainment": 40.547, "PC1_pos": 0.9588839437453156, "nivvie": 29060.70930232558, "rel_education": 0.38770564384583123, "rel_sante": 0.36556522994407731, "rel_services": 0.49413883665318858, "rel_commerce": 0.27548012687719514, "rel_loisirs": 0.75977835348175204, "rel_pc1": 0.4406163188875668, "q_revenu": 4, "q_population": 2 }, "geometry": { "type": "Polygon", "coordinates": [ [ [ 7.790414308142994, 48.601016988464075 ], [ 7.790334884402952, 48.602815265066056 ], [ 7.793044683670689, 48.602869130709884 ], [ 7.793124010159615, 48.601070851876472 ], [ 7.790414308142994, 48.601016988464075 ] ] ] } },
{ "type": "Feature", "properties": { "idcar_200m": "CRS3035RES200mN2834400E4158200", "population": 149.5, "median_education": 7.5175, "median_healthcare": 16.716, "median_services": 4.4755, "median_commerce": 24.6835, "median_entertainment": 34.889, "PC1_pos": 0.8562247436207473, "nivvie": 22854.066220735785, "rel_education": 0.35035186652374517, "rel_sante": 0.33172946005891085, "rel_services": 0.43261313838836962, "rel_commerce": 0.2478608191212818, "rel_loisirs": 0.65375754000603858, "rel_pc1": 0.39344343717035712, "q_revenu": 3, "q_population": 3 }, "geometry": { "type": "Polygon", "coordinates": [ [ [ 7.793124010159615, 48.601070851876472 ], [ 7.793044683670689, 48.602869130709884 ], [ 7.795754488260889, 48.60292293027711 ], [ 7.79583371749796, 48.601124649214981 ], [ 7.793124010159615, 48.601070851876472 ] ] ] } },
{ "type": "Feature", "properties": { "idcar_200m": "CRS3035RES200mN2834400E4158400", "population": 1.0, "median_education": 5.129, "median_healthcare": 11.504, "median_services": 3.056, "median_commerce": 15.397, "median_entertainment": 24.3, "PC1_pos": 0.59874593433114454, "nivvie": 33301.8, "rel_education": 0.23903621195880129, "rel_sante": 0.22829718284982711, "rel_services": 0.29540068169251649, "rel_commerce": 0.15460988239149134, "rel_loisirs": 0.45533859446091146, "rel_pc1": 0.27512946822682111, "q_revenu": 5, "q_population": 1 }, "geometry": { "type": "Polygon", "coordinates": [ [ [ 7.79583371749796, 48.601124649214981 ], [ 7.795754488260889, 48.60292293027711 ], [ 7.798464298167046, 48.602976663767556 ], [ 7.79854343015152, 48.601178380479467 ], [ 7.79583371749796, 48.601124649214981 ] ] ] } },
{ "type": "Feature", "properties": { "idcar_200m": "CRS3035RES200mN2834600E4150800", "population": 86.0, "median_education": 11.0345, "median_healthcare": 25.392, "median_services": 3.8, "median_commerce": 20.6435, "median_entertainment": 24.748, "PC1_pos": 0.83029056307999305, "nivvie": 22043.196511627906, "rel_education": 0.51426108030013507, "rel_sante": 0.50390490845991054, "rel_services": 0.36731760158100868, "rel_commerce": 0.2072929211631325, "rel_loisirs": 0.4637333142271044, "rel_pc1": 0.38152643382728335, "q_revenu": 2, "q_population": 2 }, "geometry": { "type": "Polygon", "coordinates": [ [ [ 7.692785710444491, 48.600832096661378 ], [ 7.692702778615163, 48.602630289683916 ], [ 7.695412479171392, 48.602686536273673 ], [ 7.69549531376803, 48.600888340921202 ], [ 7.692785710444491, 48.600832096661378 ] ] ] } },
{ "type": "Feature", "properties": { "idcar_200m": "CRS3035RES200mN2834600E4151000", "population": 232.5, "median_education": 11.639, "median_healthcare": 27.499, "median_services": 4.235, "median_commerce": 22.725, "median_entertainment": 26.032, "PC1_pos": 0.91133382458278467, "nivvie": 22897.815053763439, "rel_education": 0.54243370461853935, "rel_sante": 0.54571837892797248, "rel_services": 0.40936580070936107, "rel_commerce": 0.22819442601458989, "rel_loisirs": 0.48779318069985378, "rel_pc1": 0.41876658555464086, "q_revenu": 3, "q_population": 3 }, "geometry": { "type": "Polygon", "coordinates": [ [ [ 7.69549531376803, 48.600888340921202 ], [ 7.695412479171392, 48.602686536273673 ], [ 7.698122185285184, 48.602742716791823 ], [ 7.69820492264836, 48.600944519112119 ], [ 7.69549531376803, 48.600888340921202 ] ] ] } },
{ "type": "Feature", "properties": { "idcar_200m": "CRS3035RES200mN2834600E4151200", "population": 584.5, "median_education": 11.5865, "median_healthcare": 29.4325, "median_services": 4.66, "median_commerce": 23.901, "median_entertainment": 26.089, "PC1_pos": 0.93202323172978252, "nivvie": 22702.037810094098, "rel_education": 0.53998695064547697, "rel_sante": 0.58408873732854116, "rel_services": 0.45044737457039491, "rel_commerce": 0.24000329928161551, "rel_loisirs": 0.48886125888439169, "rel_pc1": 0.42827356549370382, "q_revenu": 3, "q_population": 5 }, "geometry": { "type": "Polygon", "coordinates": [ [ [ 7.69820492264836, 48.600944519112119 ], [ 7.698122185285184, 48.602742716791823 ], [ 7.700831896950034, 48.602798831238132 ], [ 7.700914537078974, 48.60100063123388 ], [ 7.69820492264836, 48.600944519112119 ] ] ] } },
{ "type": "Feature", "properties": { "idcar_200m": "CRS3035RES200mN2834600E4151400", "population": 167.0, "median_education": 12.4585, "median_healthcare": 33.915, "median_services": 5.467, "median_commerce": 28.5635, "median_entertainment": 27.589, "PC1_pos": 1.0736966984122029, "nivvie": 26062.366467065869, "rel_education": 0.58062636901710396, "rel_sante": 0.67304406783309167, "rel_services": 0.52845403364299337, "rel_commerce": 0.28682206765534601, "rel_loisirs": 0.51696857953012698, "rel_pc1": 0.49337387484900203, "q_revenu": 4, "q_population": 3 }, "geometry": { "type": "Polygon", "coordinates": [ [ [ 7.700914537078974, 48.60100063123388 ], [ 7.700831896950034, 48.602798831238132 ], [ 7.703541614159432, 48.602854879612352 ], [ 7.703624157053369, 48.601056677286351 ], [ 7.700914537078974, 48.60100063123388 ] ] ] } },
{ "type": "Feature", "properties": { "idcar_200m": "CRS3035RES200mN2834600E4151600", "population": 71.0, "median_education": 14.194, "median_healthcare": 40.5695, "median_services": 6.652, "median_commerce": 35.282, "median_entertainment": 30.778, "PC1_pos": 1.2582319370172717, "nivvie": 28931.577464788734, "rel_education": 0.66150906464090964, "rel_sante": 0.80510279551686914, "rel_services": 0.64299912782022894, "rel_commerce": 0.35428628112857025, "rel_loisirs": 0.57672474322296019, "rel_pc1": 0.57816957725863627, "q_revenu": 4, "q_population": 2 }, "geometry": { "type": "Polygon", "coordinates": [ [ [ 7.703624157053369, 48.601056677286351 ], [ 7.703541614159432, 48.602854879612352 ], [ 7.706251336906872, 48.602910861914296 ], [ 7.706333782565033, 48.601112657269297 ], [ 7.703624157053369, 48.601056677286351 ] ] ] } },
{ "type": "Feature", "properties": { "idcar_200m": "CRS3035RES200mN2834600E4151800", "population": 378.5, "median_education": 15.0465, "median_healthcare": 46.8635, "median_services": 7.711, "median_commerce": 42.413, "median_entertainment": 33.923, "PC1_pos": 1.4049632433156358, "nivvie": 19388.954557463672, "rel_education": 0.70123968867968489, "rel_sante": 0.93000739121026377, "rel_services": 0.7453647436292522, "rel_commerce": 0.42589263764826402, "rel_loisirs": 0.6356564255101852, "rel_pc1": 0.64559401216389023, "q_revenu": 2, "q_population": 4 }, "geometry": { "type": "Polygon", "coordinates": [ [ [ 7.706333782565033, 48.601112657269297 ], [ 7.706251336906872, 48.602910861914296 ], [ 7.708961065185846, 48.602966778143745 ], [ 7.709043413607459, 48.60116857118242 ], [ 7.706333782565033, 48.601112657269297 ] ] ] } },
{ "type": "Feature", "properties": { "idcar_200m": "CRS3035RES200mN2834600E4152000", "population": 1044.5, "median_education": 14.192, "median_healthcare": 47.6285, "median_services": 7.572, "median_commerce": 41.245, "median_entertainment": 32.258, "PC1_pos": 1.4116725815227913, "nivvie": 15197.751842987076, "rel_education": 0.6614158549657454, "rel_sante": 0.94518883634935602, "rel_services": 0.73192865241352578, "rel_commerce": 0.41416409685244271, "rel_loisirs": 0.60445729959341887, "rel_pc1": 0.6486770170700541, "q_revenu": 1, "q_population": 5 }, "geometry": { "type": "Polygon", "coordinates": [ [ [ 7.709043413607459, 48.60116857118242 ], [ 7.708961065185846, 48.602966778143745 ], [ 7.711670798989838, 48.603022628300472 ], [ 7.711753050174139, 48.601224419025556 ], [ 7.709043413607459, 48.60116857118242 ] ] ] } },
{ "type": "Feature", "properties": { "idcar_200m": "CRS3035RES200mN2834600E4152200", "population": 735.5, "median_education": 13.885, "median_healthcare": 48.838, "median_services": 7.2275, "median_commerce": 41.2635, "median_entertainment": 32.094, "PC1_pos": 1.3691518183438067, "nivvie": 16106.312712440516, "rel_education": 0.6471081698280281, "rel_sante": 0.96919139569018231, "rel_services": 0.69862841195440539, "rel_commerce": 0.41434986569210253, "rel_loisirs": 0.60138423253615181, "rel_pc1": 0.62913832078629361, "q_revenu": 1, "q_population": 5 }, "geometry": { "type": "Polygon", "coordinates": [ [ [ 7.711753050174139, 48.601224419025556 ], [ 7.711670798989838, 48.603022628300472 ], [ 7.714380538312348, 48.603078412384285 ], [ 7.714462692258567, 48.601280200798541 ], [ 7.711753050174139, 48.601224419025556 ] ] ] } },
{ "type": "Feature", "properties": { "idcar_200m": "CRS3035RES200mN2834600E4152400", "population": 230.0, "median_education": 13.978, "median_healthcare": 53.467, "median_services": 7.181, "median_commerce": 45.398, "median_entertainment": 34.04, "PC1_pos": 1.4577046190857439, "nivvie": 17448.114782608696, "rel_education": 0.65144241972316719, "rel_sante": 1.0610540225514349, "rel_services": 0.69413360446137462, "rel_commerce": 0.45586669096635213, "rel_loisirs": 0.63784879652055249, "rel_pc1": 0.66982917742708425, "q_revenu": 1, "q_population": 3 }, "geometry": { "type": "Polygon", "coordinates": [ [ [ 7.714462692258567, 48.601280200798541 ], [ 7.714380538312348, 48.603078412384285 ], [ 7.717090283146865, 48.603134130394942 ], [ 7.717172339854234, 48.601335916501093 ], [ 7.714462692258567, 48.601280200798541 ] ] ] } },
{ "type": "Feature", "properties": { "idcar_200m": "CRS3035RES200mN2834600E4152600", "population": 512.5, "median_education": 14.911, "median_healthcare": 60.563, "median_services": 8.215, "median_commerce": 55.023, "median_entertainment": 39.641, "PC1_pos": 1.6406123511834143, "nivvie": 13997.607804878049, "rel_education": 0.69492473318730474, "rel_sante": 1.2018743293579695, "rel_services": 0.79408265710210169, "rel_commerce": 0.55251669538397274, "rel_loisirs": 0.74280153181172792, "rel_pc1": 0.75387702507188159, "q_revenu": 1, "q_population": 5 }, "geometry": { "type": "Polygon", "coordinates": [ [ [ 7.717172339854234, 48.601335916501093 ], [ 7.717090283146865, 48.603134130394942 ], [ 7.719800033486878, 48.603189782332208 ], [ 7.719881992954631, 48.601391566132968 ], [ 7.717172339854234, 48.601335916501093 ] ] ] } },
{ "type": "Feature", "properties": { "idcar_200m": "CRS3035RES200mN2834600E4152800", "population": 3.0, "median_education": 14.456, "median_healthcare": 65.666, "median_services": 8.212, "median_commerce": 61.136, "median_entertainment": 40.248, "PC1_pos": 1.7329229800321428, "nivvie": 27483.933333333334, "rel_education": 0.67371953208743063, "rel_sante": 1.3031434986975614, "rel_services": 0.79379266952190619, "rel_commerce": 0.6139007449429249, "rel_loisirs": 0.7541756275663688, "rel_pc1": 0.79629463957344049, "q_revenu": 4, "q_population": 1 }, "geometry": { "type": "Polygon", "coordinates": [ [ [ 7.719881992954631, 48.601391566132968 ], [ 7.719800033486878, 48.603189782332208 ], [ 7.722509789325878, 48.603245368195928 ], [ 7.722591651553252, 48.601447149694032 ], [ 7.719881992954631, 48.601391566132968 ] ] ] } },
{ "type": "Feature", "properties": { "idcar_200m": "CRS3035RES200mN2834600E4153000", "population": 311.0, "median_education": 14.0675, "median_healthcare": 67.87, "median_services": 7.9895, "median_commerce": 62.15, "median_entertainment": 39.0195, "PC1_pos": 1.7430506623169175, "nivvie": 19914.631511254021, "rel_education": 0.6556135526867688, "rel_sante": 1.346881936719208, "rel_services": 0.77228525732407072, "rel_commerce": 0.62408288566806425, "rel_loisirs": 0.73115573195751171, "rel_pc1": 0.80094840619065, "q_revenu": 2, "q_population": 4 }, "geometry": { "type": "Polygon", "coordinates": [ [ [ 7.722591651553252, 48.601447149694032 ], [ 7.722509789325878, 48.603245368195928 ], [ 7.72521955065736, 48.603300887985824 ], [ 7.725301315643587, 48.601502667184 ], [ 7.722591651553252, 48.601447149694032 ] ] ] } },
{ "type": "Feature", "properties": { "idcar_200m": "CRS3035RES200mN2834600E4155400", "population": 209.0, "median_education": 16.297, "median_healthcare": 28.814, "median_services": 5.884, "median_commerce": 65.161, "median_entertainment": 32.833, "PC1_pos": 1.3869802253023178, "nivvie": 23104.937320574165, "rel_education": 0.75951903807615229, "rel_sante": 0.57181458854615075, "rel_services": 0.56876230729017241, "rel_commerce": 0.65431801951756619, "rel_loisirs": 0.61523177250761751, "rel_pc1": 0.63733064384783722, "q_revenu": 3, "q_population": 3 }, "geometry": { "type": "Polygon", "coordinates": [ [ [ 7.755107981229014, 48.602108998821784 ], [ 7.755027285945545, 48.603907244742523 ], [ 7.757737112679026, 48.603961971630085 ], [ 7.757817710712254, 48.602163723442196 ], [ 7.755107981229014, 48.602108998821784 ] ] ] } },
{ "type": "Feature", "properties": { "idcar_200m": "CRS3035RES200mN2834600E4156000", "population": 2.0, "median_education": 13.445, "median_healthcare": 25.483, "median_services": 5.863, "median_commerce": 51.7, "median_entertainment": 29.936, "PC1_pos": 1.1739354029693763, "nivvie": 26812.8, "rel_education": 0.62660204129188612, "rel_sante": 0.50571080585554107, "rel_services": 0.56673239422880373, "rel_commerce": 0.51914859515750489, "rel_loisirs": 0.56094716723382076, "rel_pc1": 0.53943451576403123, "q_revenu": 4, "q_population": 1 }, "geometry": { "type": "Polygon", "coordinates": [ [ [ 7.763237185893509, 48.602272974461243 ], [ 7.763156782363027, 48.604071227175233 ], [ 7.765866625300529, 48.60412575583242 ], [ 7.765946931578513, 48.602327500859445 ], [ 7.763237185893509, 48.602272974461243 ] ] ] } },
{ "type": "Feature", "properties": { "idcar_200m": "CRS3035RES200mN2834600E4156200", "population": 2.0, "median_education": 8.005, "median_healthcare": 19.452, "median_services": 5.284, "median_commerce": 28.457, "median_entertainment": 18.698, "PC1_pos": 0.84508279108893003, "nivvie": 26812.8, "rel_education": 0.37307172484503892, "rel_sante": 0.38602545208578215, "rel_services": 0.51076479125106578, "rel_commerce": 0.28575264163243935, "rel_loisirs": 0.35036712095597211, "rel_pc1": 0.3883236036995682, "q_revenu": 4, "q_population": 1 }, "geometry": { "type": "Polygon", "coordinates": [ [ [ 7.765946931578513, 48.602327500859445 ], [ 7.765866625300529, 48.60412575583242 ], [ 7.768576473626349, 48.604180218412345 ], [ 7.768656682651089, 48.60238196118317 ], [ 7.765946931578513, 48.602327500859445 ] ] ] } },
{ "type": "Feature", "properties": { "idcar_200m": "CRS3035RES200mN2834600E4156400", "population": 33.0, "median_education": 10.82, "median_healthcare": 24.803, "median_services": 6.74, "median_commerce": 39.159, "median_entertainment": 25.597, "PC1_pos": 1.1286025193715421, "nivvie": 32372.293939393938, "rel_education": 0.50426434263876585, "rel_sante": 0.49221618795412575, "rel_services": 0.65150543017263129, "rel_commerce": 0.39321740498593288, "rel_loisirs": 0.47964205771259055, "rel_pc1": 0.5186036233231609, "q_revenu": 5, "q_population": 2 }, "geometry": { "type": "Polygon", "coordinates": [ [ [ 7.768656682651089, 48.60238196118317 ], [ 7.768576473626349, 48.604180218412345 ], [ 7.77128632733398, 48.604234614914887 ], [ 7.771366439104718, 48.602436355432204 ], [ 7.768656682651089, 48.60238196118317 ] ] ] } },
{ "type": "Feature", "properties": { "idcar_200m": "CRS3035RES200mN2834600E4156600", "population": 6.0, "median_education": 11.502, "median_healthcare": 26.419, "median_services": 7.54, "median_commerce": 41.629, "median_entertainment": 27.326, "PC1_pos": 1.1875484284057733, "nivvie": 26812.8, "rel_education": 0.53604884186978607, "rel_sante": 0.52428575049631287, "rel_services": 0.7288354515581067, "rel_commerce": 0.41802005547024695, "rel_loisirs": 0.51204042931024141, "rel_pc1": 0.54568983080589128, "q_revenu": 4, "q_population": 1 }, "geometry": { "type": "Polygon", "coordinates": [ [ [ 7.771366439104718, 48.602436355432204 ], [ 7.77128632733398, 48.604234614914887 ], [ 7.773996186416905, 48.604288945339761 ], [ 7.774076200932901, 48.602490683606327 ], [ 7.771366439104718, 48.602436355432204 ] ] ] } },
{ "type": "Feature", "properties": { "idcar_200m": "CRS3035RES200mN2834600E4156800", "population": 274.0, "median_education": 13.9065, "median_healthcare": 30.569, "median_services": 9.377, "median_commerce": 50.7325, "median_entertainment": 33.5685, "PC1_pos": 1.3921958585650174, "nivvie": 23168.0, "rel_education": 0.64811017383604419, "rel_sante": 0.60664260974759787, "rel_services": 0.90640451316450477, "rel_commerce": 0.50943338692124007, "rel_loisirs": 0.62901372873090966, "rel_pc1": 0.63972727708366151, "q_revenu": 3, "q_population": 4 }, "geometry": { "type": "Polygon", "coordinates": [ [ [ 7.774076200932901, 48.602490683606327 ], [ 7.773996186416905, 48.604288945339761 ], [ 7.776706050868618, 48.604343209686775 ], [ 7.776785968129126, 48.602544945705326 ], [ 7.774076200932901, 48.602490683606327 ] ] ] } },
{ "type": "Feature", "properties": { "idcar_200m": "CRS3035RES200mN2834600E4157000", "population": 118.0, "median_education": 13.952, "median_healthcare": 30.486, "median_services": 9.953, "median_commerce": 51.878, "median_entertainment": 34.409, "PC1_pos": 1.4494250382293616, "nivvie": 31915.010169491528, "rel_education": 0.65023069394603161, "rel_sante": 0.60499547256257213, "rel_services": 0.96208212856204722, "rel_commerce": 0.52093599264179946, "rel_loisirs": 0.64476319739940335, "rel_pc1": 0.66602463104514997, "q_revenu": 5, "q_population": 2 }, "geometry": { "type": "Polygon", "coordinates": [ [ [ 7.776785968129126, 48.602544945705326 ], [ 7.776706050868618, 48.604343209686775 ], [ 7.779415920682603, 48.604397407955744 ], [ 7.779495740686873, 48.602599141728966 ], [ 7.776785968129126, 48.602544945705326 ] ] ] } },
{ "type": "Feature", "properties": { "idcar_200m": "CRS3035RES200mN2834600E4157200", "population": 213.5, "median_education": 13.813, "median_healthcare": 32.518, "median_services": 10.583, "median_commerce": 50.172, "median_entertainment": 39.114, "PC1_pos": 1.5138118803297853, "nivvie": 29047.704449648714, "rel_education": 0.64375262152211399, "rel_sante": 0.64532056605621335, "rel_services": 1.0229795204031094, "rel_commerce": 0.50380509315749189, "rel_loisirs": 0.73292649315819292, "rel_pc1": 0.69561099917253078, "q_revenu": 4, "q_population": 3 }, "geometry": { "type": "Polygon", "coordinates": [ [ [ 7.779495740686873, 48.602599141728966 ], [ 7.779415920682603, 48.604397407955744 ], [ 7.782125795852359, 48.604451540146407 ], [ 7.782205518599641, 48.602653271677077 ], [ 7.779495740686873, 48.602599141728966 ] ] ] } },
{ "type": "Feature", "properties": { "idcar_200m": "CRS3035RES200mN2834600E4157400", "population": 157.0, "median_education": 13.7465, "median_healthcare": 31.522, "median_services": 10.086, "median_commerce": 49.2225, "median_entertainment": 45.066, "PC1_pos": 1.5396376475403715, "nivvie": 29333.288535031847, "rel_education": 0.64065339982290159, "rel_sante": 0.62555491983590494, "rel_services": 0.97493824461738265, "rel_commerce": 0.49427063298143675, "rel_loisirs": 0.84445634148047066, "rel_pc1": 0.70747818555624409, "q_revenu": 4, "q_population": 3 }, "geometry": { "type": "Polygon", "coordinates": [ [ [ 7.782205518599641, 48.602653271677077 ], [ 7.782125795852359, 48.604451540146407 ], [ 7.78483567637136, 48.604505606258613 ], [ 7.784915301860917, 48.602707335549439 ], [ 7.782205518599641, 48.602653271677077 ] ] ] } },
{ "type": "Feature", "properties": { "idcar_200m": "CRS3035RES200mN2834600E4157600", "population": 232.0, "median_education": 12.517, "median_healthcare": 28.559, "median_services": 8.841, "median_commerce": 44.21, "median_entertainment": 46.418, "PC1_pos": 1.4240333755899781, "nivvie": 28967.871120689655, "rel_education": 0.58335275201565917, "rel_sante": 0.56675410683312011, "rel_services": 0.8545933988362362, "rel_commerce": 0.44393731899252009, "rel_loisirs": 0.86979040648915995, "rel_pc1": 0.65435691985280175, "q_revenu": 4, "q_population": 3 }, "geometry": { "type": "Polygon", "coordinates": [ [ [ 7.784915301860917, 48.602707335549439 ], [ 7.78483567637136, 48.604505606258613 ], [ 7.787545562233106, 48.604559606292092 ], [ 7.787625090464189, 48.602761333345811 ], [ 7.784915301860917, 48.602707335549439 ] ] ] } },
{ "type": "Feature", "properties": { "idcar_200m": "CRS3035RES200mN2834600E4157800", "population": 226.0, "median_education": 10.368, "median_healthcare": 23.649, "median_services": 7.028, "median_commerce": 35.697, "median_entertainment": 42.998, "PC1_pos": 1.1837103206524235, "nivvie": 24012.048672566372, "rel_education": 0.48319895605163815, "rel_sante": 0.46931502757437082, "rel_services": 0.67934423787140241, "rel_commerce": 0.35845352807229114, "rel_loisirs": 0.80570571541688352, "rel_pc1": 0.54392618368174672, "q_revenu": 3, "q_population": 3 }, "geometry": { "type": "Polygon", "coordinates": [ [ [ 7.787625090464189, 48.602761333345811 ], [ 7.787545562233106, 48.604559606292092 ], [ 7.79025545343108, 48.604613540246703 ], [ 7.790334884402952, 48.602815265066056 ], [ 7.787625090464189, 48.602761333345811 ] ] ] } },
{ "type": "Feature", "properties": { "idcar_200m": "CRS3035RES200mN2834600E4158000", "population": 180.0, "median_education": 8.74, "median_healthcare": 19.815, "median_services": 5.572, "median_commerce": 28.94, "median_entertainment": 39.644, "PC1_pos": 0.99418361084953455, "nivvie": 30955.615, "rel_education": 0.40732628046791258, "rel_sante": 0.39322919664197886, "rel_services": 0.538603598949837, "rel_commerce": 0.2906027145813963, "rel_loisirs": 0.7428577464530195, "rel_pc1": 0.45683685264336887, "q_revenu": 5, "q_population": 3 }, "geometry": { "type": "Polygon", "coordinates": [ [ [ 7.790334884402952, 48.602815265066056 ], [ 7.79025545343108, 48.604613540246703 ], [ 7.792965349958768, 48.604667408122175 ], [ 7.793044683670689, 48.602869130709884 ], [ 7.790334884402952, 48.602815265066056 ] ] ] } },
{ "type": "Feature", "properties": { "idcar_200m": "CRS3035RES200mN2834600E4158200", "population": 128.0, "median_education": 6.723, "median_healthcare": 15.719, "median_services": 4.215, "median_commerce": 21.177, "median_entertainment": 30.786, "PC1_pos": 0.78517080737044442, "nivvie": 35438.001562500001, "rel_education": 0.31332432306473412, "rel_sante": 0.31194396881227682, "rel_services": 0.40743255017472413, "rel_commerce": 0.21265009283656633, "rel_loisirs": 0.57687464893307083, "rel_pc1": 0.36079347568409437, "q_revenu": 5, "q_population": 2 }, "geometry": { "type": "Polygon", "coordinates": [ [ [ 7.793044683670689, 48.602869130709884 ], [ 7.792965349958768, 48.604667408122175 ], [ 7.795675251809667, 48.604721209918324 ], [ 7.795754488260889, 48.60292293027711 ], [ 7.793044683670689, 48.602869130709884 ] ] ] } },
{ "type": "Feature", "properties": { "idcar_200m": "CRS3035RES200mN2834600E4158400", "population": 103.5, "median_education": 5.5915, "median_healthcare": 12.96, "median_services": 3.4465, "median_commerce": 16.7595, "median_entertainment": 27.2255, "PC1_pos": 0.64802745957342767, "nivvie": 32658.462801932365, "rel_education": 0.26059094934054156, "rel_sante": 0.25719154117991655, "rel_services": 0.33314739838130175, "rel_commerce": 0.16829150639346618, "rel_loisirs": 0.51015723882697717, "rel_pc1": 0.29777479916917227, "q_revenu": 5, "q_population": 2 }, "geometry": { "type": "Polygon", "coordinates": [ [ [ 7.795754488260889, 48.60292293027711 ], [ 7.795675251809667, 48.604721209918324 ], [ 7.798385158977261, 48.604774945634937 ], [ 7.798464298167046, 48.602976663767556 ], [ 7.795754488260889, 48.60292293027711 ] ] ] } },
{ "type": "Feature", "properties": { "idcar_200m": "CRS3035RES200mN2834800E4151200", "population": 381.5, "median_education": 9.56, "median_healthcare": 24.54, "median_services": 3.806, "median_commerce": 19.463, "median_entertainment": 21.735, "PC1_pos": 0.77512388919696207, "nivvie": 22510.136828309303, "rel_education": 0.4455422472852682, "rel_sante": 0.48699694603049004, "rel_services": 0.36789757674139978, "rel_commerce": 0.19543886088105447, "rel_loisirs": 0.40727507615670411, "rel_pc1": 0.35617682094642761, "q_revenu": 2, "q_population": 4 }, "geometry": { "type": "Polygon", "coordinates": [ [ [ 7.698122185285184, 48.602742716791823 ], [ 7.698039440388788, 48.604540913043351 ], [ 7.700749249296706, 48.60459702981435 ], [ 7.700831896950034, 48.602798831238132 ], [ 7.698122185285184, 48.602742716791823 ] ] ] } },
{ "type": "Feature", "properties": { "idcar_200m": "CRS3035RES200mN2834800E4151400", "population": 291.5, "median_education": 9.75, "median_healthcare": 27.732, "median_services": 4.357, "median_commerce": 22.7625, "median_entertainment": 22.686, "PC1_pos": 0.86037078504653453, "nivvie": 23619.860377358491, "rel_education": 0.45439716642587497, "rel_sante": 0.55034227006183989, "rel_services": 0.42115862897064599, "rel_commerce": 0.22857098447335986, "rel_loisirs": 0.42509511744610029, "rel_pc1": 0.39534858275434753, "q_revenu": 3, "q_population": 4 }, "geometry": { "type": "Polygon", "coordinates": [ [ [ 7.700831896950034, 48.602798831238132 ], [ 7.700749249296706, 48.60459702981435 ], [ 7.703459063749945, 48.604653080510587 ], [ 7.703541614159432, 48.602854879612352 ], [ 7.700831896950034, 48.602798831238132 ] ] ] } },
{ "type": "Feature", "properties": { "idcar_200m": "CRS3035RES200mN2834800E4151800", "population": 33.0, "median_education": 11.89, "median_healthcare": 38.159, "median_services": 6.153, "median_commerce": 33.476, "median_entertainment": 27.206, "PC1_pos": 1.1534765390340351, "nivvie": 18859.924242424244, "rel_education": 0.55413151885165679, "rel_sante": 0.75726635955898414, "rel_services": 0.59476452698103854, "rel_commerce": 0.33615122575420947, "rel_loisirs": 0.50979184365858254, "rel_pc1": 0.53003347262986245, "q_revenu": 1, "q_population": 2 }, "geometry": { "type": "Polygon", "coordinates": [ [ [ 7.706251336906872, 48.602910861914296 ], [ 7.706168883741994, 48.604709065131793 ], [ 7.708878709266349, 48.604764983677775 ], [ 7.708961065185846, 48.602966778143745 ], [ 7.706251336906872, 48.602910861914296 ] ] ] } },
{ "type": "Feature", "properties": { "idcar_200m": "CRS3035RES200mN2834800E4152000", "population": 516.5, "median_education": 12.496, "median_healthcare": 44.741, "median_services": 6.302, "median_commerce": 35.37, "median_entertainment": 29.062, "PC1_pos": 1.2257532207557276, "nivvie": 16096.013939980639, "rel_education": 0.58237405042643431, "rel_sante": 0.8878863228341547, "rel_services": 0.60916724346408335, "rel_commerce": 0.35516993831181709, "rel_loisirs": 0.5445699684042391, "rel_pc1": 0.5632452973239247, "q_revenu": 1, "q_population": 5 }, "geometry": { "type": "Polygon", "coordinates": [ [ [ 7.708961065185846, 48.602966778143745 ], [ 7.708878709266349, 48.604764983677775 ], [ 7.711588540316492, 48.604820836148299 ], [ 7.711670798989838, 48.603022628300472 ], [ 7.708961065185846, 48.602966778143745 ] ] ] } },
{ "type": "Feature", "properties": { "idcar_200m": "CRS3035RES200mN2834800E4152200", "population": 411.0, "median_education": 12.608, "median_healthcare": 49.504, "median_services": 6.308, "median_commerce": 37.211, "median_entertainment": 29.668, "PC1_pos": 1.2582282584493214, "nivvie": 16076.248661800488, "rel_education": 0.58759379223563402, "rel_sante": 0.98240818322303913, "rel_services": 0.60974721862447445, "rel_commerce": 0.37365644824769656, "rel_loisirs": 0.55592532594511601, "rel_pc1": 0.57816788692157339, "q_revenu": 1, "q_population": 4 }, "geometry": { "type": "Polygon", "coordinates": [ [ [ 7.711670798989838, 48.603022628300472 ], [ 7.711588540316492, 48.604820836148299 ], [ 7.714298376885919, 48.604876622543166 ], [ 7.714380538312348, 48.603078412384285 ], [ 7.711670798989838, 48.603022628300472 ] ] ] } },
{ "type": "Feature", "properties": { "idcar_200m": "CRS3035RES200mN2834800E4152400", "population": 1.0, "median_education": 13.211, "median_healthcare": 52.409, "median_services": 6.807, "median_commerce": 41.878, "median_entertainment": 32.369, "PC1_pos": 1.3768174312046353, "nivvie": 27483.9, "rel_education": 0.61569650929766506, "rel_sante": 1.0400579846989386, "rel_services": 0.65798181946366485, "rel_commerce": 0.42052040363647941, "rel_loisirs": 0.60653724132120335, "rel_pc1": 0.63266074301766695, "q_revenu": 4, "q_population": 1 }, "geometry": { "type": "Polygon", "coordinates": [ [ [ 7.714380538312348, 48.603078412384285 ], [ 7.714298376885919, 48.604876622543166 ], [ 7.717008218968119, 48.604932342862142 ], [ 7.717090283146865, 48.603134130394942 ], [ 7.714380538312348, 48.603078412384285 ] ] ] } },
{ "type": "Feature", "properties": { "idcar_200m": "CRS3035RES200mN2834800E4152600", "population": 1160.5, "median_education": 12.7, "median_healthcare": 54.145, "median_services": 7.004, "median_commerce": 47.355, "median_entertainment": 33.8555, "PC1_pos": 1.4363446946029252, "nivvie": 14700.711934510986, "rel_education": 0.59188143729319098, "rel_sante": 1.074508950400199, "rel_services": 0.67702433722983812, "rel_commerce": 0.47551802173469321, "rel_loisirs": 0.63439159608112705, "rel_pc1": 0.6600140883761868, "q_revenu": 1, "q_population": 5 }, "geometry": { "type": "Polygon", "coordinates": [ [ [ 7.717090283146865, 48.603134130394942 ], [ 7.717008218968119, 48.604932342862142 ], [ 7.719718066556581, 48.604987997105027 ], [ 7.719800033486878, 48.603189782332208 ], [ 7.717090283146865, 48.603134130394942 ] ] ] } },
{ "type": "Feature", "properties": { "idcar_200m": "CRS3035RES200mN2834800E4152800", "population": 483.0, "median_education": 12.775, "median_healthcare": 57.708, "median_services": 7.13, "median_commerce": 52.175, "median_entertainment": 35.074, "PC1_pos": 1.4719707939510855, "nivvie": 13924.263354037268, "rel_education": 0.59537680011185157, "rel_sante": 1.1452167791983505, "rel_services": 0.68920381559805055, "rel_commerce": 0.52391833563525747, "rel_loisirs": 0.657224109552346, "rel_pc1": 0.67638462086189755, "q_revenu": 1, "q_population": 5 }, "geometry": { "type": "Polygon", "coordinates": [ [ [ 7.719800033486878, 48.603189782332208 ], [ 7.719718066556581, 48.604987997105027 ], [ 7.722427919644798, 48.605043585271602 ], [ 7.722509789325878, 48.603245368195928 ], [ 7.719800033486878, 48.603189782332208 ] ] ] } },
{ "type": "Feature", "properties": { "idcar_200m": "CRS3035RES200mN2834800E4153000", "population": 163.0, "median_education": 11.9135, "median_healthcare": 56.7205, "median_services": 6.59, "median_commerce": 52.1765, "median_entertainment": 32.409, "PC1_pos": 1.4021042279884481, "nivvie": 21358.141717791412, "rel_education": 0.55522673253483701, "rel_sante": 1.1256198157018098, "rel_services": 0.63700605116285458, "rel_commerce": 0.52393339797360827, "rel_loisirs": 0.60728676987175634, "rel_pc1": 0.64428026734907129, "q_revenu": 2, "q_population": 3 }, "geometry": { "type": "Polygon", "coordinates": [ [ [ 7.722509789325878, 48.603245368195928 ], [ 7.722427919644798, 48.605043585271602 ], [ 7.72513777822626, 48.605099107361646 ], [ 7.72521955065736, 48.603300887985824 ], [ 7.722509789325878, 48.603245368195928 ] ] ] } },
{ "type": "Feature", "properties": { "idcar_200m": "CRS3035RES200mN2834800E4156000", "population": 77.5, "median_education": 10.3905, "median_healthcare": 21.6805, "median_services": 4.487, "median_commerce": 38.6815, "median_entertainment": 22.613, "PC1_pos": 0.92529352908979856, "nivvie": 18537.992258064514, "rel_education": 0.4842475648972363, "rel_sante": 0.43025009325240587, "rel_services": 0.43372475744578581, "rel_commerce": 0.38842256061092889, "rel_loisirs": 0.42372722784134115, "rel_pc1": 0.42518120293640016, "q_revenu": 1, "q_population": 2 }, "geometry": { "type": "Polygon", "coordinates": [ [ [ 7.763156782363027, 48.604071227175233 ], [ 7.76307637151139, 48.605869478466218 ], [ 7.765786311710228, 48.605924009382562 ], [ 7.765866625300529, 48.60412575583242 ], [ 7.763156782363027, 48.604071227175233 ] ] ] } },
{ "type": "Feature", "properties": { "idcar_200m": "CRS3035RES200mN2834800E4156400", "population": 134.0, "median_education": 8.166, "median_healthcare": 22.3285, "median_services": 5.7435, "median_commerce": 28.7195, "median_entertainment": 18.9665, "PC1_pos": 0.87320250628349072, "nivvie": 30801.3, "rel_education": 0.38057510369576364, "rel_sante": 0.44310967031140164, "rel_services": 0.5551812222843483, "rel_commerce": 0.28838855084382903, "rel_loisirs": 0.35539833135155874, "rel_pc1": 0.40124488106375045, "q_revenu": 5, "q_population": 3 }, "geometry": { "type": "Polygon", "coordinates": [ [ [ 7.768576473626349, 48.604180218412345 ], [ 7.768496257298135, 48.605978474218936 ], [ 7.771206208268599, 48.606032872975163 ], [ 7.77128632733398, 48.604234614914887 ], [ 7.768576473626349, 48.604180218412345 ] ] ] } },
{ "type": "Feature", "properties": { "idcar_200m": "CRS3035RES200mN2834800E4156600", "population": 74.5, "median_education": 9.6615, "median_healthcare": 23.897, "median_services": 6.562, "median_commerce": 34.5265, "median_entertainment": 22.6755, "PC1_pos": 0.98332284919057722, "nivvie": 32562.13154362416, "rel_education": 0.45027263829985553, "rel_sante": 0.47423659410312224, "rel_services": 0.634299500414363, "rel_commerce": 0.34669988337921837, "rel_loisirs": 0.42489836620158011, "rel_pc1": 0.45184622906092203, "q_revenu": 5, "q_population": 2 }, "geometry": { "type": "Polygon", "coordinates": [ [ [ 7.77128632733398, 48.604234614914887 ], [ 7.771206208268599, 48.606032872975163 ], [ 7.773916164615106, 48.606087205651029 ], [ 7.773996186416905, 48.604288945339761 ], [ 7.77128632733398, 48.604234614914887 ] ] ] } },
{ "type": "Feature", "properties": { "idcar_200m": "CRS3035RES200mN2834800E4156800", "population": 69.5, "median_education": 10.765, "median_healthcare": 26.455, "median_services": 7.242, "median_commerce": 36.563, "median_entertainment": 27.193, "PC1_pos": 1.0262920951115411, "nivvie": 34133.326618705039, "rel_education": 0.50170107657174812, "rel_sante": 0.52500017144403477, "rel_services": 0.70003001859201708, "rel_commerce": 0.36714951808015184, "rel_loisirs": 0.50954824687965294, "rel_pc1": 0.47159100744267202, "q_revenu": 5, "q_population": 2 }, "geometry": { "type": "Polygon", "coordinates": [ [ [ 7.773996186416905, 48.604288945339761 ], [ 7.773916164615106, 48.606087205651029 ], [ 7.776626126331149, 48.606141472246279 ], [ 7.776706050868618, 48.604343209686775 ], [ 7.773996186416905, 48.604288945339761 ] ] ] } },
{ "type": "Feature", "properties": { "idcar_200m": "CRS3035RES200mN2834800E4157000", "population": 250.5, "median_education": 12.548, "median_healthcare": 31.2, "median_services": 8.534, "median_commerce": 43.414, "median_entertainment": 32.008, "PC1_pos": 1.3004829300636596, "nivvie": 27191.845908183634, "rel_education": 0.58479750198070557, "rel_sante": 0.61916482135905826, "rel_services": 0.8249180031295601, "rel_commerce": 0.43594423810769661, "rel_loisirs": 0.59977274615246312, "rel_pc1": 0.5975843115931474, "q_revenu": 4, "q_population": 3 }, "geometry": { "type": "Polygon", "coordinates": [ [ [ 7.776706050868618, 48.604343209686775 ], [ 7.776626126331149, 48.606141472246279 ], [ 7.779336093410213, 48.606195672760748 ], [ 7.779415920682603, 48.604397407955744 ], [ 7.776706050868618, 48.604343209686775 ] ] ] } },
{ "type": "Feature", "properties": { "idcar_200m": "CRS3035RES200mN2834800E4157200", "population": 232.5, "median_education": 12.243, "median_healthcare": 31.31, "median_services": 8.808, "median_commerce": 41.394, "median_entertainment": 34.031, "PC1_pos": 1.3193329554552486, "nivvie": 32510.936344086022, "rel_education": 0.57058302651815263, "rel_sante": 0.62134777425487542, "rel_services": 0.85140353545408543, "rel_commerce": 0.41566028912862191, "rel_loisirs": 0.6376801525966781, "rel_pc1": 0.60624607806984743, "q_revenu": 5, "q_population": 3 }, "geometry": { "type": "Polygon", "coordinates": [ [ [ 7.779415920682603, 48.604397407955744 ], [ 7.779336093410213, 48.606195672760748 ], [ 7.782046065845788, 48.60624980719421 ], [ 7.782125795852359, 48.604451540146407 ], [ 7.779415920682603, 48.604397407955744 ] ] ] } },
{ "type": "Feature", "properties": { "idcar_200m": "CRS3035RES200mN2834800E4157400", "population": 274.0, "median_education": 12.418, "median_healthcare": 30.825, "median_services": 8.61, "median_commerce": 41.543, "median_entertainment": 37.723, "PC1_pos": 1.3403075085592167, "nivvie": 33515.087956204377, "rel_education": 0.57873887309502725, "rel_sante": 0.61172293648695419, "rel_services": 0.83226435516118014, "rel_commerce": 0.41715648140480122, "rel_loisirs": 0.70686163781271449, "rel_pc1": 0.61588408529612848, "q_revenu": 5, "q_population": 4 }, "geometry": { "type": "Polygon", "coordinates": [ [ [ 7.782125795852359, 48.604451540146407 ], [ 7.782046065845788, 48.60624980719421 ], [ 7.784756043631353, 48.606303875546466 ], [ 7.78483567637136, 48.604505606258613 ], [ 7.782125795852359, 48.604451540146407 ] ] ] } },
{ "type": "Feature", "properties": { "idcar_200m": "CRS3035RES200mN2834800E4157600", "population": 172.5, "median_education": 11.214, "median_healthcare": 27.249, "median_services": 7.6385, "median_commerce": 37.6575, "median_entertainment": 38.907, "PC1_pos": 1.2329774040731394, "nivvie": 30679.875942028983, "rel_education": 0.5226266486461294, "rel_sante": 0.54075712234656981, "rel_services": 0.73835671044119344, "rel_commerce": 0.37814000429678407, "rel_loisirs": 0.72904768290908151, "rel_pc1": 0.56656487846932801, "q_revenu": 5, "q_population": 3 }, "geometry": { "type": "Polygon", "coordinates": [ [ [ 7.78483567637136, 48.604505606258613 ], [ 7.784756043631353, 48.606303875546466 ], [ 7.787466026760409, 48.606357877817274 ], [ 7.787545562233106, 48.604559606292092 ], [ 7.78483567637136, 48.604505606258613 ] ] ] } },
{ "type": "Feature", "properties": { "idcar_200m": "CRS3035RES200mN2834800E4157800", "population": 218.0, "median_education": 9.643, "median_healthcare": 23.473, "median_services": 6.457, "median_commerce": 32.64, "median_entertainment": 38.255, "PC1_pos": 1.0915481963794691, "nivvie": 31054.241284403666, "rel_education": 0.44941044880458592, "rel_sante": 0.46582230294106325, "rel_services": 0.62414993510751926, "rel_commerce": 0.32775648251336476, "rel_loisirs": 0.71683036753506868, "rel_pc1": 0.50157680844933239, "q_revenu": 5, "q_population": 3 }, "geometry": { "type": "Polygon", "coordinates": [ [ [ 7.787545562233106, 48.604559606292092 ], [ 7.787466026760409, 48.606357877817274 ], [ 7.790176015226433, 48.606411814006442 ], [ 7.79025545343108, 48.604613540246703 ], [ 7.787545562233106, 48.604559606292092 ] ] ] } },
{ "type": "Feature", "properties": { "idcar_200m": "CRS3035RES200mN2834800E4158000", "population": 46.0, "median_education": 7.525, "median_healthcare": 17.9425, "median_services": 4.7725, "median_commerce": 23.4845, "median_entertainment": 31.7065, "PC1_pos": 0.83591282374607978, "nivvie": 33301.836956521736, "rel_education": 0.35070140280561124, "rel_sante": 0.35606938484727257, "rel_services": 0.46132190882772739, "rel_commerce": 0.23582098999954396, "rel_loisirs": 0.59412317470267029, "rel_pc1": 0.38410991623375845, "q_revenu": 5, "q_population": 2 }, "geometry": { "type": "Polygon", "coordinates": [ [ [ 7.79025545343108, 48.604613540246703 ], [ 7.790176015226433, 48.606411814006442 ], [ 7.792886009022919, 48.606465684113779 ], [ 7.792965349958768, 48.604667408122175 ], [ 7.79025545343108, 48.604613540246703 ] ] ] } },
{ "type": "Feature", "properties": { "idcar_200m": "CRS3035RES200mN2834800E4158200", "population": 163.0, "median_education": 6.4475, "median_healthcare": 15.389, "median_services": 4.116, "median_commerce": 19.8425, "median_entertainment": 28.497, "PC1_pos": 0.72224947682454355, "nivvie": 30587.407975460123, "rel_education": 0.30048469031085423, "rel_sante": 0.30539511012482523, "rel_services": 0.39786296002827148, "rel_commerce": 0.19924963248380639, "rel_loisirs": 0.53398287762767871, "rel_pc1": 0.33188052409544377, "q_revenu": 5, "q_population": 3 }, "geometry": { "type": "Polygon", "coordinates": [ [ [ 7.792965349958768, 48.604667408122175 ], [ 7.792886009022919, 48.606465684113779 ], [ 7.795596008143351, 48.606519488139035 ], [ 7.795675251809667, 48.604721209918324 ], [ 7.792965349958768, 48.604667408122175 ] ] ] } },
{ "type": "Feature", "properties": { "idcar_200m": "CRS3035RES200mN2834800E4158400", "population": 5.0, "median_education": 4.8165, "median_healthcare": 11.3235, "median_services": 2.9675, "median_commerce": 14.232, "median_entertainment": 22.7175, "PC1_pos": 0.54737076436188881, "nivvie": 33301.84, "rel_education": 0.22447220021438222, "rel_sante": 0.22471515559805436, "rel_services": 0.28684604807674829, "rel_commerce": 0.14291146627237153, "rel_loisirs": 0.42568537117966077, "rel_pc1": 0.2515220875612742, "q_revenu": 5, "q_population": 1 }, "geometry": { "type": "Polygon", "coordinates": [ [ [ 7.795675251809667, 48.604721209918324 ], [ 7.795596008143351, 48.606519488139035 ], [ 7.798306012581215, 48.606573226082027 ], [ 7.798385158977261, 48.604774945634937 ], [ 7.795675251809667, 48.604721209918324 ] ] ] } },
{ "type": "Feature", "properties": { "idcar_200m": "CRS3035RES200mN2835000E4152400", "population": 272.5, "median_education": 10.8555, "median_healthcare": 46.174, "median_services": 5.5775, "median_commerce": 35.693, "median_entertainment": 27.5535, "PC1_pos": 1.160547933544789, "nivvie": 14081.528440366972, "rel_education": 0.50591881437293185, "rel_sante": 0.91632424555875502, "rel_services": 0.53913524284686221, "rel_commerce": 0.35841336183668893, "rel_loisirs": 0.5163033729415113, "rel_pc1": 0.53328284586116326, "q_revenu": 1, "q_population": 4 }, "geometry": { "type": "Polygon", "coordinates": [ [ [ 7.714298376885919, 48.604876622543166 ], [ 7.714216207978304, 48.606674831275583 ], [ 7.716926147317024, 48.606730553903141 ], [ 7.717008218968119, 48.604932342862142 ], [ 7.714298376885919, 48.604876622543166 ] ] ] } },
{ "type": "Feature", "properties": { "idcar_200m": "CRS3035RES200mN2835000E4152600", "population": 462.0, "median_education": 10.802, "median_healthcare": 45.133, "median_services": 5.6965, "median_commerce": 37.3155, "median_entertainment": 27.981, "PC1_pos": 1.1646251989824188, "nivvie": 14936.031385281385, "rel_education": 0.50342545556228735, "rel_sante": 0.89566557315379403, "rel_services": 0.55063808352795163, "rel_commerce": 0.37470579115280217, "rel_loisirs": 0.52431395932554581, "rel_pc1": 0.5351563882225453, "q_revenu": 1, "q_population": 4 }, "geometry": { "type": "Polygon", "coordinates": [ [ [ 7.717008218968119, 48.604932342862142 ], [ 7.716926147317024, 48.606730553903141 ], [ 7.719636092162776, 48.606786210451837 ], [ 7.719718066556581, 48.604987997105027 ], [ 7.717008218968119, 48.604932342862142 ] ] ] } },
{ "type": "Feature", "properties": { "idcar_200m": "CRS3035RES200mN2835000E4152800", "population": 860.0, "median_education": 9.836, "median_healthcare": 44.025, "median_services": 5.323, "median_commerce": 39.438, "median_entertainment": 26.355, "PC1_pos": 1.1152682149508759, "nivvie": 15519.277093023256, "rel_education": 0.45840518245793915, "rel_sante": 0.87367728398501732, "rel_services": 0.51453462979360776, "rel_commerce": 0.39601899991918138, "rel_loisirs": 0.49384562374556878, "rel_pc1": 0.51247638324673239, "q_revenu": 1, "q_population": 5 }, "geometry": { "type": "Polygon", "coordinates": [ [ [ 7.719718066556581, 48.604987997105027 ], [ 7.719636092162776, 48.606786210451837 ], [ 7.722346042509043, 48.606841800921487 ], [ 7.722427919644798, 48.605043585271602 ], [ 7.719718066556581, 48.604987997105027 ] ] ] } },
{ "type": "Feature", "properties": { "idcar_200m": "CRS3035RES200mN2835000E4156200", "population": 86.0, "median_education": 8.188, "median_healthcare": 19.528, "median_services": 3.542, "median_commerce": 29.225, "median_entertainment": 17.406, "PC1_pos": 0.74426121955711677, "nivvie": 17705.016279069765, "rel_education": 0.38160041012257073, "rel_sante": 0.3875336740865285, "rel_services": 0.34237866968419284, "rel_commerce": 0.29346455886804795, "rel_loisirs": 0.32615734877311209, "rel_pc1": 0.34199512984975872, "q_revenu": 1, "q_population": 2 }, "geometry": { "type": "Polygon", "coordinates": [ [ [ 7.765786311710228, 48.605924009382562 ], [ 7.765705990806657, 48.607722261510347 ], [ 7.76841603366549, 48.607776728603405 ], [ 7.768496257298135, 48.605978474218936 ], [ 7.765786311710228, 48.605924009382562 ] ] ] } },
{ "type": "Feature", "properties": { "idcar_200m": "CRS3035RES200mN2835000E4156400", "population": 202.5, "median_education": 7.438, "median_healthcare": 21.3495, "median_services": 4.9555, "median_commerce": 25.786, "median_entertainment": 16.5775, "PC1_pos": 0.74394363779049844, "nivvie": 22970.804938271605, "rel_education": 0.34664678193596499, "rel_sante": 0.42368138953862866, "rel_services": 0.47901115121965498, "rel_commerce": 0.25893163780911838, "rel_loisirs": 0.31063273866978436, "rel_pc1": 0.34184919799860408, "q_revenu": 3, "q_population": 3 }, "geometry": { "type": "Polygon", "coordinates": [ [ [ 7.768496257298135, 48.605978474218936 ], [ 7.76841603366549, 48.607776728603405 ], [ 7.771126081907627, 48.607831129613523 ], [ 7.771206208268599, 48.606032872975163 ], [ 7.768496257298135, 48.605978474218936 ] ] ] } },
{ "type": "Feature", "properties": { "idcar_200m": "CRS3035RES200mN2835000E4156600", "population": 137.0, "median_education": 7.177, "median_healthcare": 22.5565, "median_services": 4.7905, "median_commerce": 23.8795, "median_entertainment": 16.032, "PC1_pos": 0.72559811566762544, "nivvie": 33278.502189781022, "rel_education": 0.33448291932702612, "rel_sante": 0.44763433631364097, "rel_services": 0.46306183430890058, "rel_commerce": 0.23978740576525409, "rel_loisirs": 0.30041104306161859, "rel_pc1": 0.33341925558630559, "q_revenu": 5, "q_population": 3 }, "geometry": { "type": "Polygon", "coordinates": [ [ [ 7.771206208268599, 48.606032872975163 ], [ 7.771126081907627, 48.607831129613523 ], [ 7.773836135526558, 48.607885464540551 ], [ 7.773916164615106, 48.606087205651029 ], [ 7.771206208268599, 48.606032872975163 ] ] ] } },
{ "type": "Feature", "properties": { "idcar_200m": "CRS3035RES200mN2835000E4156800", "population": 26.0, "median_education": 9.642, "median_healthcare": 25.71, "median_services": 6.128, "median_commerce": 30.883, "median_entertainment": 23.659, "PC1_pos": 0.88983296679303558, "nivvie": 35658.703846153847, "rel_education": 0.44936384396700374, "rel_sante": 0.51021562683145472, "rel_services": 0.59234796381274246, "rel_commerce": 0.31011346352512997, "rel_loisirs": 0.44332739943830057, "rel_pc1": 0.4088867363048545, "q_revenu": 5, "q_population": 1 }, "geometry": { "type": "Polygon", "coordinates": [ [ [ 7.773916164615106, 48.606087205651029 ], [ 7.773836135526558, 48.607885464540551 ], [ 7.776546194515769, 48.607939733384292 ], [ 7.776626126331149, 48.606141472246279 ], [ 7.773916164615106, 48.606087205651029 ] ] ] } },
{ "type": "Feature", "properties": { "idcar_200m": "CRS3035RES200mN2835000E4157000", "population": 210.5, "median_education": 10.983, "median_healthcare": 30.391, "median_services": 6.945, "median_commerce": 34.705, "median_entertainment": 27.558, "PC1_pos": 1.0997963198895124, "nivvie": 27863.920190023753, "rel_education": 0.51186093116465492, "rel_sante": 0.6031101950616391, "rel_services": 0.67132124815265937, "rel_commerce": 0.3484923016429633, "rel_loisirs": 0.51638769490344849, "rel_pc1": 0.50536689988055417, "q_revenu": 4, "q_population": 3 }, "geometry": { "type": "Polygon", "coordinates": [ [ [ 7.776626126331149, 48.606141472246279 ], [ 7.776546194515769, 48.607939733384292 ], [ 7.779256258868747, 48.607993936144496 ], [ 7.779336093410213, 48.606195672760748 ], [ 7.776626126331149, 48.606141472246279 ] ] ] } },
{ "type": "Feature", "properties": { "idcar_200m": "CRS3035RES200mN2835000E4157200", "population": 200.0, "median_education": 11.135, "median_healthcare": 31.653, "median_services": 7.44, "median_commerce": 36.046, "median_entertainment": 31.225, "PC1_pos": 1.1766615880535709, "nivvie": 31563.1695, "rel_education": 0.51894486647714033, "rel_sante": 0.62815461828455998, "rel_services": 0.71916919888492237, "rel_commerce": 0.36195803212857675, "rel_loisirs": 0.58510072477538932, "rel_pc1": 0.54068722381513523, "q_revenu": 5, "q_population": 3 }, "geometry": { "type": "Polygon", "coordinates": [ [ [ 7.779336093410213, 48.606195672760748 ], [ 7.779256258868747, 48.607993936144496 ], [ 7.781966328578982, 48.608048072820935 ], [ 7.782046065845788, 48.60624980719421 ], [ 7.779336093410213, 48.606195672760748 ] ] ] } },
{ "type": "Feature", "properties": { "idcar_200m": "CRS3035RES200mN2835000E4157400", "population": 205.0, "median_education": 11.365, "median_healthcare": 29.888, "median_services": 7.355, "median_commerce": 35.507, "median_entertainment": 34.105, "PC1_pos": 1.1859320549660461, "nivvie": 31892.137073170728, "rel_education": 0.5296639791210328, "rel_sante": 0.59312814681985693, "rel_services": 0.71095288411271562, "rel_commerce": 0.35654563188118998, "rel_loisirs": 0.63906678041520093, "rel_pc1": 0.54494709179184708, "q_revenu": 5, "q_population": 3 }, "geometry": { "type": "Polygon", "coordinates": [ [ [ 7.782046065845788, 48.60624980719421 ], [ 7.781966328578982, 48.608048072820935 ], [ 7.784676403639958, 48.608102143413433 ], [ 7.784756043631353, 48.606303875546466 ], [ 7.782046065845788, 48.60624980719421 ] ] ] } },
{ "type": "Feature", "properties": { "idcar_200m": "CRS3035RES200mN2835000E4157600", "population": 137.0, "median_education": 10.21, "median_healthcare": 26.792, "median_services": 6.623, "median_commerce": 32.573, "median_entertainment": 33.744, "PC1_pos": 1.0930308563872368, "nivvie": 34365.082481751822, "rel_education": 0.47583539171365991, "rel_sante": 0.53168794531576569, "rel_services": 0.64019591454500546, "rel_commerce": 0.32708369806702908, "rel_loisirs": 0.6323022852464607, "rel_pc1": 0.50225810486590683, "q_revenu": 5, "q_population": 3 }, "geometry": { "type": "Polygon", "coordinates": [ [ [ 7.784756043631353, 48.606303875546466 ], [ 7.784676403639958, 48.608102143413433 ], [ 7.787386484045158, 48.608156147921761 ], [ 7.787466026760409, 48.606357877817274 ], [ 7.784756043631353, 48.606303875546466 ] ] ] } },
{ "type": "Feature", "properties": { "idcar_200m": "CRS3035RES200mN2835000E4157800", "population": 187.0, "median_education": 8.8065, "median_healthcare": 23.2035, "median_services": 5.3285, "median_commerce": 25.9075, "median_entertainment": 30.7015, "PC1_pos": 0.93060581441504375, "nivvie": 29105.742780748664, "rel_education": 0.41042550216712492, "rel_sante": 0.46047406834631116, "rel_services": 0.51506627369063285, "rel_commerce": 0.260151687215533, "rel_loisirs": 0.57529126987002766, "rel_pc1": 0.42762224871692234, "q_revenu": 4, "q_population": 3 }, "geometry": { "type": "Polygon", "coordinates": [ [ [ 7.787466026760409, 48.606357877817274 ], [ 7.787386484045158, 48.608156147921761 ], [ 7.790096569788078, 48.608210086345736 ], [ 7.790176015226433, 48.606411814006442 ], [ 7.787466026760409, 48.606357877817274 ] ] ] } },
{ "type": "Feature", "properties": { "idcar_200m": "CRS3035RES200mN2835000E4158000", "population": 35.5, "median_education": 6.7815, "median_healthcare": 18.342, "median_services": 4.0715, "median_commerce": 18.7625, "median_entertainment": 25.591, "PC1_pos": 0.72002340255722252, "nivvie": 26012.208450704227, "rel_education": 0.31605070606328933, "rel_sante": 0.36399747286435402, "rel_services": 0.39356147758870447, "rel_commerce": 0.18840474887123182, "rel_loisirs": 0.47952962843000763, "rel_pc1": 0.33085762173522049, "q_revenu": 4, "q_population": 2 }, "geometry": { "type": "Polygon", "coordinates": [ [ [ 7.790176015226433, 48.606411814006442 ], [ 7.790096569788078, 48.608210086345736 ], [ 7.792806660862196, 48.608263958685114 ], [ 7.792886009022919, 48.606465684113779 ], [ 7.790176015226433, 48.606411814006442 ] ] ] } },
{ "type": "Feature", "properties": { "idcar_200m": "CRS3035RES200mN2835000E4158600", "population": 3.0, "median_education": 3.61, "median_healthcare": 9.834, "median_services": 2.141, "median_commerce": 10.069, "median_entertainment": 17.211, "PC1_pos": 0.41653213746228124, "nivvie": 26012.2, "rel_education": 0.16824346367152909, "rel_sante": 0.19515598888605701, "rel_services": 0.20695446973287884, "rel_commerce": 0.1011084565694568, "rel_loisirs": 0.32250339708916653, "rel_pc1": 0.19140049043906721, "q_revenu": 4, "q_population": 1 }, "geometry": { "type": "Polygon", "coordinates": [ [ [ 7.798306012581215, 48.606573226082027 ], [ 7.798226858977982, 48.608371505109318 ], [ 7.800936966006621, 48.608425179193709 ], [ 7.80101602233, 48.60662689794259 ], [ 7.798306012581215, 48.606573226082027 ] ] ] } },
{ "type": "Feature", "properties": { "idcar_200m": "CRS3035RES200mN2835200E4152600", "population": 5.0, "median_education": 8.444, "median_healthcare": 35.834, "median_services": 4.172, "median_commerce": 28.7855, "median_entertainment": 21.0075, "PC1_pos": 0.89668094532096854, "nivvie": 16954.62, "rel_education": 0.39353124854359878, "rel_sante": 0.71112667335193902, "rel_services": 0.4032760615252548, "rel_commerce": 0.28905129373126409, "rel_loisirs": 0.39364302564352255, "rel_pc1": 0.41203344776089734, "q_revenu": 1, "q_population": 1 }, "geometry": { "type": "Polygon", "coordinates": [ [ [ 7.716926147317024, 48.606730553903141 ], [ 7.716844068192612, 48.608528763518287 ], [ 7.719554110304486, 48.608584422373056 ], [ 7.719636092162776, 48.606786210451837 ], [ 7.716926147317024, 48.606730553903141 ] ] ] } },
{ "type": "Feature", "properties": { "idcar_200m": "CRS3035RES200mN2835200E4156400", "population": 6.0, "median_education": 6.852, "median_healthcare": 18.477, "median_services": 2.976, "median_commerce": 23.089, "median_entertainment": 14.533, "PC1_pos": 0.64279508929560314, "nivvie": 35658.7, "rel_education": 0.31933634711283032, "rel_sante": 0.36667655141831151, "rel_services": 0.28766767955396894, "rel_commerce": 0.23184955345438352, "rel_loisirs": 0.27232246062964716, "rel_pc1": 0.29537047511524472, "q_revenu": 5, "q_population": 1 }, "geometry": { "type": "Polygon", "coordinates": [ [ [ 7.76841603366549, 48.607776728603405 ], [ 7.768335802727464, 48.609574981566105 ], [ 7.771045948250115, 48.609629384830377 ], [ 7.771126081907627, 48.607831129613523 ], [ 7.76841603366549, 48.607776728603405 ] ] ] } },
{ "type": "Feature", "properties": { "idcar_200m": "CRS3035RES200mN2835200E4156600", "population": 43.0, "median_education": 6.479, "median_healthcare": 23.6725, "median_services": 3.674, "median_commerce": 16.3035, "median_entertainment": 14.948, "PC1_pos": 0.65984822587341663, "nivvie": 29231.232558139534, "rel_education": 0.30195274269469169, "rel_sante": 0.46978138569302264, "rel_services": 0.35513812321279631, "rel_commerce": 0.16371255553482358, "rel_loisirs": 0.28009881934163394, "rel_pc1": 0.30320655404159996, "q_revenu": 4, "q_population": 2 }, "geometry": { "type": "Polygon", "coordinates": [ [ [ 7.771126081907627, 48.607831129613523 ], [ 7.771045948250115, 48.609629384830377 ], [ 7.773756099150311, 48.609683722008846 ], [ 7.773836135526558, 48.607885464540551 ], [ 7.771126081907627, 48.607831129613523 ] ] ] } },
{ "type": "Feature", "properties": { "idcar_200m": "CRS3035RES200mN2835200E4157000", "population": 113.0, "median_education": 10.186, "median_healthcare": 31.445, "median_services": 6.123, "median_commerce": 30.345, "median_entertainment": 25.411, "PC1_pos": 1.0153955401004713, "nivvie": 33437.470796460177, "rel_education": 0.47471687561168846, "rel_sante": 0.62402685280883297, "rel_services": 0.59186465117908327, "rel_commerce": 0.30471110483664376, "rel_loisirs": 0.47615674995251939, "rel_pc1": 0.46658393647349888, "q_revenu": 5, "q_population": 2 }, "geometry": { "type": "Polygon", "coordinates": [ [ [ 7.776546194515769, 48.607939733384292 ], [ 7.776466255421533, 48.60973799310122 ], [ 7.779176417057267, 48.609792198107328 ], [ 7.779256258868747, 48.607993936144496 ], [ 7.776546194515769, 48.607939733384292 ] ] ] } },
{ "type": "Feature", "properties": { "idcar_200m": "CRS3035RES200mN2835200E4157200", "population": 197.0, "median_education": 10.627, "median_healthcare": 32.6125, "median_services": 6.233, "median_commerce": 30.601, "median_entertainment": 27.356, "PC1_pos": 1.053038953889726, "nivvie": 28654.255837563454, "rel_education": 0.49526960898541272, "rel_sante": 0.64719592104398349, "rel_services": 0.60249752911958621, "rel_commerce": 0.30728174391517998, "rel_loisirs": 0.51260257572315615, "rel_pc1": 0.48388144418793433, "q_revenu": 4, "q_population": 3 }, "geometry": { "type": "Polygon", "coordinates": [ [ [ 7.779256258868747, 48.607993936144496 ], [ 7.779176417057267, 48.609792198107328 ], [ 7.781886584051001, 48.609846337027001 ], [ 7.781966328578982, 48.608048072820935 ], [ 7.779256258868747, 48.607993936144496 ] ] ] } },
{ "type": "Feature", "properties": { "idcar_200m": "CRS3035RES200mN2835200E4157400", "population": 167.5, "median_education": 10.703, "median_healthcare": 30.411, "median_services": 5.997, "median_commerce": 28.207, "median_entertainment": 27.46, "PC1_pos": 1.0294365191666597, "nivvie": 31190.496716417911, "rel_education": 0.49881157664165537, "rel_sante": 0.6035070955881513, "rel_services": 0.57968517281087084, "rel_commerce": 0.28324225190730634, "rel_loisirs": 0.51455134995459373, "rel_pc1": 0.47303590029047204, "q_revenu": 5, "q_population": 3 }, "geometry": { "type": "Polygon", "coordinates": [ [ [ 7.781966328578982, 48.608048072820935 ], [ 7.781886584051001, 48.609846337027001 ], [ 7.784596756396224, 48.609900409859947 ], [ 7.784676403639958, 48.608102143413433 ], [ 7.781966328578982, 48.608048072820935 ] ] ] } },
{ "type": "Feature", "properties": { "idcar_200m": "CRS3035RES200mN2835200E4157600", "population": 136.0, "median_education": 9.672, "median_healthcare": 28.922, "median_services": 5.635, "median_commerce": 26.386, "median_entertainment": 27.527, "PC1_pos": 0.97297047493862276, "nivvie": 33344.030882352941, "rel_education": 0.45076198909446802, "rel_sante": 0.57395785138931676, "rel_services": 0.54469333813394316, "rel_commerce": 0.26495657314943755, "rel_loisirs": 0.51580681027677, "rel_pc1": 0.44708921434147009, "q_revenu": 5, "q_population": 3 }, "geometry": { "type": "Polygon", "coordinates": [ [ [ 7.784676403639958, 48.608102143413433 ], [ 7.784596756396224, 48.609900409859947 ], [ 7.787306934086413, 48.609954416606023 ], [ 7.787386484045158, 48.608156147921761 ], [ 7.784676403639958, 48.608102143413433 ] ] ] } },
{ "type": "Feature", "properties": { "idcar_200m": "CRS3035RES200mN2835200E4157800", "population": 130.0, "median_education": 7.832, "median_healthcare": 22.73, "median_services": 4.702, "median_commerce": 22.484, "median_entertainment": 26.743, "PC1_pos": 0.8444266040337518, "nivvie": 32842.443076923075, "rel_education": 0.36500908794332848, "rel_sante": 0.45107744838113445, "rel_services": 0.45450720069313233, "rel_commerce": 0.22577441031956169, "rel_loisirs": 0.50111605068593223, "rel_pc1": 0.38802207948838474, "q_revenu": 5, "q_population": 3 }, "geometry": { "type": "Polygon", "coordinates": [ [ [ 7.787386484045158, 48.608156147921761 ], [ 7.787306934086413, 48.609954416606023 ], [ 7.790017117115064, 48.610008357264995 ], [ 7.790096569788078, 48.608210086345736 ], [ 7.787386484045158, 48.608156147921761 ] ] ] } },
{ "type": "Feature", "properties": { "idcar_200m": "CRS3035RES200mN2835200E4158000", "population": 120.0, "median_education": 6.4825, "median_healthcare": 19.1845, "median_services": 3.848, "median_commerce": 17.5215, "median_entertainment": 23.4755, "PC1_pos": 0.69334323869888936, "nivvie": 28241.6975, "rel_education": 0.30211585962622917, "rel_sante": 0.3807169075436812, "rel_services": 0.3719574028641372, "rel_commerce": 0.17594317427567158, "rel_loisirs": 0.43988893721263889, "rel_pc1": 0.31859783194182889, "q_revenu": 4, "q_population": 2 }, "geometry": { "type": "Polygon", "coordinates": [ [ [ 7.790096569788078, 48.608210086345736 ], [ 7.790017117115064, 48.610008357264995 ], [ 7.792727305475663, 48.610062231836672 ], [ 7.792806660862196, 48.608263958685114 ], [ 7.790096569788078, 48.608210086345736 ] ] ] } },
{ "type": "Feature", "properties": { "idcar_200m": "CRS3035RES200mN2835400E4157000", "population": 63.5, "median_education": 8.552, "median_healthcare": 31.8155, "median_services": 4.93, "median_commerce": 23.446, "median_entertainment": 21.033, "PC1_pos": 0.8840614397982296, "nivvie": 26871.900787401573, "rel_education": 0.39856457100247, "rel_sante": 0.63137943506247174, "rel_services": 0.47654625678799284, "rel_commerce": 0.23543438998187344, "rel_loisirs": 0.39412085009450004, "rel_pc1": 0.40623466459649032, "q_revenu": 4, "q_population": 2 }, "geometry": { "type": "Polygon", "coordinates": [ [ [ 7.776466255421533, 48.60973799310122 ], [ 7.776386309047491, 48.61153625139751 ], [ 7.779096567974823, 48.611590458649779 ], [ 7.779176417057267, 48.609792198107328 ], [ 7.776466255421533, 48.60973799310122 ] ] ] } },
{ "type": "Feature", "properties": { "idcar_200m": "CRS3035RES200mN2835400E4157200", "population": 170.5, "median_education": 9.6195, "median_healthcare": 34.5025, "median_services": 5.337, "median_commerce": 25.6485, "median_entertainment": 23.942, "PC1_pos": 0.9674582147554025, "nivvie": 22640.65513196481, "rel_education": 0.44831523512140553, "rel_sante": 0.68470302079938805, "rel_services": 0.51588790516785354, "rel_commerce": 0.25755092346029518, "rel_loisirs": 0.44863031393346264, "rel_pc1": 0.44455627820616012, "q_revenu": 3, "q_population": 3 }, "geometry": { "type": "Polygon", "coordinates": [ [ [ 7.779176417057267, 48.609792198107328 ], [ 7.779096567974823, 48.611590458649779 ], [ 7.781806832260904, 48.611644599812827 ], [ 7.781886584051001, 48.609846337027001 ], [ 7.779176417057267, 48.609792198107328 ] ] ] } },
{ "type": "Feature", "properties": { "idcar_200m": "CRS3035RES200mN2835400E4157400", "population": 139.0, "median_education": 9.158, "median_healthcare": 30.8185, "median_services": 5.281, "median_commerce": 24.163, "median_entertainment": 24.325, "PC1_pos": 0.91744990521538128, "nivvie": 31338.248920863305, "rel_education": 0.42680710257724758, "rel_sante": 0.61159394381583776, "rel_services": 0.51047480367087028, "rel_commerce": 0.24263418771355491, "rel_loisirs": 0.45580704980500708, "rel_pc1": 0.42157698294624635, "q_revenu": 5, "q_population": 3 }, "geometry": { "type": "Polygon", "coordinates": [ [ [ 7.781886584051001, 48.609846337027001 ], [ 7.781806832260904, 48.611644599812827 ], [ 7.784517101899213, 48.611698674886476 ], [ 7.784596756396224, 48.609900409859947 ], [ 7.781886584051001, 48.609846337027001 ] ] ] } },
{ "type": "Feature", "properties": { "idcar_200m": "CRS3035RES200mN2835400E4157600", "population": 312.0, "median_education": 8.523, "median_healthcare": 27.5345, "median_services": 4.8165, "median_commerce": 21.7145, "median_entertainment": 23.6665, "PC1_pos": 0.83925846276949767, "nivvie": 30584.094551282051, "rel_education": 0.39721303071258796, "rel_sante": 0.5464228773625317, "rel_services": 0.46557506000392851, "rel_commerce": 0.21804743074560229, "rel_loisirs": 0.44346793604152923, "rel_pc1": 0.3856472692788695, "q_revenu": 5, "q_population": 4 }, "geometry": { "type": "Polygon", "coordinates": [ [ [ 7.784596756396224, 48.609900409859947 ], [ 7.784517101899213, 48.611698674886476 ], [ 7.787227376883241, 48.611752683870485 ], [ 7.787306934086413, 48.609954416606023 ], [ 7.784596756396224, 48.609900409859947 ] ] ] } },
{ "type": "Feature", "properties": { "idcar_200m": "CRS3035RES200mN2835400E4157800", "population": 154.0, "median_education": 7.199, "median_healthcare": 22.786, "median_services": 4.163, "median_commerce": 18.649, "median_entertainment": 23.029, "PC1_pos": 0.73428238255217915, "nivvie": 31386.092207792208, "rel_education": 0.33550822575383321, "rel_sante": 0.45218876985536866, "rel_services": 0.40240609878466826, "rel_commerce": 0.18726503193602143, "rel_loisirs": 0.43152232476709174, "rel_pc1": 0.33740975905846043, "q_revenu": 5, "q_population": 3 }, "geometry": { "type": "Polygon", "coordinates": [ [ [ 7.787306934086413, 48.609954416606023 ], [ 7.787227376883241, 48.611752683870485 ], [ 7.789937657206465, 48.61180662676469 ], [ 7.790017117115064, 48.610008357264995 ], [ 7.787306934086413, 48.609954416606023 ] ] ] } },
{ "type": "Feature", "properties": { "idcar_200m": "CRS3035RES200mN2835400E4158000", "population": 138.0, "median_education": 5.8825, "median_healthcare": 19.4175, "median_services": 3.416, "median_commerce": 15.6005, "median_entertainment": 19.912, "PC1_pos": 0.5897086330956125, "nivvie": 33602.357246376807, "rel_education": 0.27415295707694459, "rel_sante": 0.38534079867754845, "rel_services": 0.33019919131598047, "rel_commerce": 0.1566533396277496, "rel_loisirs": 0.37311531246525381, "rel_pc1": 0.27097674210281808, "q_revenu": 5, "q_population": 3 }, "geometry": { "type": "Polygon", "coordinates": [ [ [ 7.790017117115064, 48.610008357264995 ], [ 7.789937657206465, 48.61180662676469 ], [ 7.792647942862379, 48.611860503568835 ], [ 7.792727305475663, 48.610062231836672 ], [ 7.790017117115064, 48.610008357264995 ] ] ] } },
{ "type": "Feature", "properties": { "idcar_200m": "CRS3035RES200mN2835400E4158200", "population": 3.0, "median_education": 4.961, "median_healthcare": 15.315, "median_services": 3.002, "median_commerce": 13.353, "median_entertainment": 18.867, "PC1_pos": 0.54092333762265721, "nivvie": 26012.2, "rel_education": 0.23120659924500164, "rel_sante": 0.30392657817673002, "rel_services": 0.29018090524899687, "rel_commerce": 0.13408493599880389, "rel_loisirs": 0.3535338790820583, "rel_pc1": 0.24855943347297918, "q_revenu": 4, "q_population": 1 }, "geometry": { "type": "Polygon", "coordinates": [ [ [ 7.792727305475663, 48.610062231836672 ], [ 7.792647942862379, 48.611860503568835 ], [ 7.795358233844457, 48.611914314282735 ], [ 7.795437499161685, 48.610116040320797 ], [ 7.792727305475663, 48.610062231836672 ] ] ] } },
{ "type": "Feature", "properties": { "idcar_200m": "CRS3035RES200mN2835400E4158400", "population": 2.0, "median_education": 3.177, "median_healthcare": 9.824, "median_services": 1.905, "median_commerce": 8.3235, "median_entertainment": 12.884, "PC1_pos": 0.35195811355781381, "nivvie": 26012.2, "rel_education": 0.14806356899846207, "rel_sante": 0.19495753862280091, "rel_services": 0.18414211342416356, "rel_commerce": 0.083580915508578157, "rel_loisirs": 0.2414231461331022, "rel_pc1": 0.16172811048721217, "q_revenu": 4, "q_population": 1 }, "geometry": { "type": "Polygon", "coordinates": [ [ [ 7.795437499161685, 48.610116040320797 ], [ 7.795358233844457, 48.611914314282735 ], [ 7.798068530146192, 48.611968058906157 ], [ 7.798147698166621, 48.610169782717215 ], [ 7.795437499161685, 48.610116040320797 ] ] ] } },
{ "type": "Feature", "properties": { "idcar_200m": "CRS3035RES200mN2835600E4156200", "population": 299.0, "median_education": 7.3485, "median_healthcare": 24.641, "median_services": 3.341, "median_commerce": 22.933, "median_entertainment": 15.096, "PC1_pos": 0.67878947104439313, "nivvie": 19658.991973244145, "rel_education": 0.34247564897236332, "rel_sante": 0.48900129368937673, "rel_services": 0.32294950181109217, "rel_commerce": 0.23028307026590053, "rel_loisirs": 0.28287207497867978, "rel_pc1": 0.31191023687706859, "q_revenu": 2, "q_population": 4 }, "geometry": { "type": "Polygon", "coordinates": [ [ [ 7.765545327055912, 48.611318761500613 ], [ 7.765464984206832, 48.61311700936394 ], [ 7.768175318931486, 48.6131714832282 ], [ 7.768255564483115, 48.611373233107571 ], [ 7.765545327055912, 48.611318761500613 ] ] ] } },
{ "type": "Feature", "properties": { "idcar_200m": "CRS3035RES200mN2835600E4156600", "population": 1.0, "median_education": 7.6425, "median_healthcare": 32.304, "median_services": 4.0845, "median_commerce": 19.523, "median_entertainment": 16.9385, "PC1_pos": 0.77020398055218742, "nivvie": 35658.7, "rel_education": 0.35617747122151278, "rel_sante": 0.64107373042253268, "rel_services": 0.39481809043621846, "rel_commerce": 0.19604135441508638, "rel_loisirs": 0.31739723383852464, "rel_pc1": 0.35391607599343933, "q_revenu": 5, "q_population": 1 }, "geometry": { "type": "Polygon", "coordinates": [ [ [ 7.77096580729512, 48.611427638626189 ], [ 7.77088565904169, 48.613225891001385 ], [ 7.773596004530934, 48.613280232683252 ], [ 7.773676055485419, 48.61148197805624 ], [ 7.77096580729512, 48.611427638626189 ] ] ] } },
{ "type": "Feature", "properties": { "idcar_200m": "CRS3035RES200mN2835600E4156800", "population": 121.0, "median_education": 7.6455, "median_healthcare": 33.38, "median_services": 4.2115, "median_commerce": 19.523, "median_entertainment": 17.213, "PC1_pos": 0.78481843775120241, "nivvie": 15983.757024793389, "rel_education": 0.35631728573425919, "rel_sante": 0.66242697874888978, "rel_services": 0.40709423133116268, "rel_commerce": 0.19604135441508638, "rel_loisirs": 0.32254087351669419, "rel_pc1": 0.36063155848281991, "q_revenu": 1, "q_population": 2 }, "geometry": { "type": "Polygon", "coordinates": [ [ [ 7.773676055485419, 48.61148197805624 ], [ 7.773596004530934, 48.613280232683252 ], [ 7.776306355392701, 48.613334508273589 ], [ 7.776386309047491, 48.61153625139751 ], [ 7.773676055485419, 48.61148197805624 ] ] ] } },
{ "type": "Feature", "properties": { "idcar_200m": "CRS3035RES200mN2835600E4157000", "population": 144.5, "median_education": 8.0285, "median_healthcare": 33.111, "median_services": 4.456, "median_commerce": 20.073, "median_entertainment": 18.993, "PC1_pos": 0.80918278284905454, "nivvie": 23638.232525951556, "rel_education": 0.37416693852821925, "rel_sante": 0.65708866666730048, "rel_services": 0.43072821911709858, "rel_commerce": 0.20156421181037901, "rel_loisirs": 0.35589489401630009, "rel_pc1": 0.37182720746531378, "q_revenu": 3, "q_population": 3 }, "geometry": { "type": "Polygon", "coordinates": [ [ [ 7.776386309047491, 48.61153625139751 ], [ 7.776306355392701, 48.613334508273589 ], [ 7.779016711620474, 48.613388717772217 ], [ 7.779096567974823, 48.611590458649779 ], [ 7.776386309047491, 48.61153625139751 ] ] ] } },
{ "type": "Feature", "properties": { "idcar_200m": "CRS3035RES200mN2835600E4157400", "population": 103.5, "median_education": 7.606, "median_healthcare": 29.3115, "median_services": 4.247, "median_commerce": 19.1825, "median_entertainment": 20.574, "PC1_pos": 0.803957225246823, "nivvie": 33322.938164251209, "rel_education": 0.3544763946497646, "rel_sante": 0.58168748914314228, "rel_services": 0.41052575103014316, "rel_commerce": 0.19262220360945526, "rel_loisirs": 0.385520009976905, "rel_pc1": 0.36942601390080693, "q_revenu": 5, "q_population": 2 }, "geometry": { "type": "Polygon", "coordinates": [ [ [ 7.781806832260904, 48.611644599812827 ], [ 7.781727073207739, 48.613442861178903 ], [ 7.784437440147983, 48.613496938493462 ], [ 7.784517101899213, 48.611698674886476 ], [ 7.781806832260904, 48.611644599812827 ] ] ] } },
{ "type": "Feature", "properties": { "idcar_200m": "CRS3035RES200mN2835600E4157600", "population": 320.0, "median_education": 7.1335, "median_healthcare": 26.0225, "median_services": 3.913, "median_commerce": 17.7225, "median_entertainment": 19.774, "PC1_pos": 0.71535368667464283, "nivvie": 27314.114374999997, "rel_education": 0.33245560889220299, "rel_sante": 0.51641719755820814, "rel_services": 0.37824046710170717, "rel_commerce": 0.17796152761467851, "rel_loisirs": 0.37052943896584623, "rel_pc1": 0.32871184274303455, "q_revenu": 4, "q_population": 4 }, "geometry": { "type": "Polygon", "coordinates": [ [ [ 7.784517101899213, 48.611698674886476 ], [ 7.784437440147983, 48.613496938493462 ], [ 7.787147812434682, 48.613550949715631 ], [ 7.787227376883241, 48.611752683870485 ], [ 7.784517101899213, 48.611698674886476 ] ] ] } },
{ "type": "Feature", "properties": { "idcar_200m": "CRS3035RES200mN2835600E4157800", "population": 240.0, "median_education": 6.3935, "median_healthcare": 23.567, "median_services": 3.563, "median_commerce": 16.0895, "median_entertainment": 19.6225, "PC1_pos": 0.66678193019615328, "nivvie": 30322.071666666667, "rel_education": 0.29796802908141862, "rel_sante": 0.46768773541567071, "rel_services": 0.34440858274556158, "rel_commerce": 0.16156366193010976, "rel_loisirs": 0.36769059958062694, "rel_pc1": 0.30639265731808835, "q_revenu": 5, "q_population": 3 }, "geometry": { "type": "Polygon", "coordinates": [ [ [ 7.787227376883241, 48.611752683870485 ], [ 7.787147812434682, 48.613550949715631 ], [ 7.789858190061332, 48.613604894845245 ], [ 7.789937657206465, 48.61180662676469 ], [ 7.787227376883241, 48.611752683870485 ] ] ] } },
{ "type": "Feature", "properties": { "idcar_200m": "CRS3035RES200mN2835600E4158000", "population": 147.5, "median_education": 5.359, "median_healthcare": 19.921, "median_services": 3.028, "median_commerce": 13.72, "median_entertainment": 17.599, "PC1_pos": 0.57129362047744081, "nivvie": 37502.895593220339, "rel_education": 0.24975532460269376, "rel_sante": 0.39533276943249357, "rel_services": 0.29269413094402486, "rel_commerce": 0.13777018811529915, "rel_loisirs": 0.32977382402953009, "rel_pc1": 0.26251486814506414, "q_revenu": 5, "q_population": 3 }, "geometry": { "type": "Polygon", "coordinates": [ [ [ 7.789937657206465, 48.61180662676469 ], [ 7.789858190061332, 48.613604894845245 ], [ 7.792568573021401, 48.613658773882065 ], [ 7.792647942862379, 48.611860503568835 ], [ 7.789937657206465, 48.61180662676469 ] ] ] } },
{ "type": "Feature", "properties": { "idcar_200m": "CRS3035RES200mN2835600E4158200", "population": 8.0, "median_education": 4.29, "median_healthcare": 16.488, "median_services": 2.295, "median_commerce": 10.181, "median_entertainment": 13.118, "PC1_pos": 0.44441926505331164, "nivvie": 26012.2125, "rel_education": 0.19993475322738499, "rel_sante": 0.32720479405667158, "rel_services": 0.22184049884958287, "rel_commerce": 0.10223311116631636, "rel_loisirs": 0.24580788815383689, "rel_pc1": 0.20421489158078798, "q_revenu": 4, "q_population": 1 }, "geometry": { "type": "Polygon", "coordinates": [ [ [ 7.792647942862379, 48.611860503568835 ], [ 7.792568573021401, 48.613658773882065 ], [ 7.795278961308386, 48.613712586825898 ], [ 7.795358233844457, 48.611914314282735 ], [ 7.792647942862379, 48.611860503568835 ] ] ] } },
{ "type": "Feature", "properties": { "idcar_200m": "CRS3035RES200mN2835600E4158600", "population": 2.0, "median_education": 2.789, "median_healthcare": 8.386, "median_services": 1.629, "median_commerce": 7.082, "median_entertainment": 11.932, "PC1_pos": 0.30614478009723189, "nivvie": 26012.2, "rel_education": 0.12998089201659133, "rel_sante": 0.1664203907665725, "rel_services": 0.15746325604617453, "rel_commerce": 0.071114320133567679, "rel_loisirs": 0.22358436662994222, "rel_pc1": 0.14067644675142671, "q_revenu": 4, "q_population": 1 }, "geometry": { "type": "Polygon", "coordinates": [ [ [ 7.798068530146192, 48.611968058906157 ], [ 7.797989354915767, 48.613766333676573 ], [ 7.800699753837019, 48.61382001443382 ], [ 7.800778831761067, 48.612021737438894 ], [ 7.798068530146192, 48.611968058906157 ] ] ] } },
{ "type": "Feature", "properties": { "idcar_200m": "CRS3035RES200mN2835800E4156200", "population": 47.0, "median_education": 6.3285, "median_healthcare": 21.447, "median_services": 2.872, "median_commerce": 19.2175, "median_entertainment": 12.8175, "PC1_pos": 0.59727516253559987, "nivvie": 23255.180851063829, "rel_education": 0.29493871463857946, "rel_sante": 0.42561627960537574, "rel_services": 0.2776147767738571, "rel_commerce": 0.19297365817097387, "rel_loisirs": 0.24017705491780791, "rel_pc1": 0.27445363455716409, "q_revenu": 3, "q_population": 2 }, "geometry": { "type": "Polygon", "coordinates": [ [ [ 7.765464984206832, 48.61311700936394 ], [ 7.76538463404068, 48.614915255806679 ], [ 7.768095066071624, 48.614969731928426 ], [ 7.768175318931486, 48.6131714832282 ], [ 7.765464984206832, 48.61311700936394 ] ] ] } },
{ "type": "Feature", "properties": { "idcar_200m": "CRS3035RES200mN2835800E4156400", "population": 624.0, "median_education": 7.076, "median_healthcare": 27.136, "median_services": 3.358, "median_commerce": 20.3395, "median_entertainment": 14.4615, "PC1_pos": 0.6722051712333954, "nivvie": 15246.86858974359, "rel_education": 0.3297758307312299, "rel_sante": 0.53851463437177582, "rel_services": 0.3245927647655335, "rel_commerce": 0.20424028725737078, "rel_loisirs": 0.2709826783455338, "rel_pc1": 0.30888468830667304, "q_revenu": 1, "q_population": 5 }, "geometry": { "type": "Polygon", "coordinates": [ [ [ 7.768175318931486, 48.6131714832282 ], [ 7.768095066071624, 48.614969731928426 ], [ 7.770805503488871, 48.615024141956376 ], [ 7.77088565904169, 48.613225891001385 ], [ 7.768175318931486, 48.6131714832282 ] ] ] } },
{ "type": "Feature", "properties": { "idcar_200m": "CRS3035RES200mN2835800E4156600", "population": 834.5, "median_education": 6.962, "median_healthcare": 30.616, "median_services": 3.451, "median_commerce": 17.555, "median_entertainment": 14.505, "PC1_pos": 0.6934290405008694, "nivvie": 14710.409466746554, "rel_education": 0.32446287924686579, "rel_sante": 0.60757532598490149, "rel_services": 0.33358237975159499, "rel_commerce": 0.17627956649883939, "rel_loisirs": 0.27179779064426013, "rel_pc1": 0.31863725868829701, "q_revenu": 1, "q_population": 5 }, "geometry": { "type": "Polygon", "coordinates": [ [ [ 7.77088565904169, 48.613225891001385 ], [ 7.770805503488871, 48.615024141956376 ], [ 7.773515946285907, 48.615078485890258 ], [ 7.773596004530934, 48.613280232683252 ], [ 7.77088565904169, 48.613225891001385 ] ] ] } },
{ "type": "Feature", "properties": { "idcar_200m": "CRS3035RES200mN2835800E4156800", "population": 1068.0, "median_education": 6.544, "median_healthcare": 29.251, "median_services": 3.223, "median_commerce": 15.128, "median_entertainment": 14.089, "PC1_pos": 0.65405261967691342, "nivvie": 14537.352434456929, "rel_education": 0.30498205713753085, "rel_sante": 0.58048686505044278, "rel_services": 0.31154332365673448, "rel_commerce": 0.15190870304724821, "rel_loisirs": 0.26400269371850954, "rel_pc1": 0.30054341771036586, "q_revenu": 1, "q_population": 5 }, "geometry": { "type": "Polygon", "coordinates": [ [ [ 7.773596004530934, 48.613280232683252 ], [ 7.773515946285907, 48.615078485890258 ], [ 7.776226394456212, 48.615132763729925 ], [ 7.776306355392701, 48.613334508273589 ], [ 7.773596004530934, 48.613280232683252 ] ] ] } },
{ "type": "Feature", "properties": { "idcar_200m": "CRS3035RES200mN2835800E4157000", "population": 113.0, "median_education": 7.0065, "median_healthcare": 28.5765, "median_services": 3.674, "median_commerce": 16.505, "median_entertainment": 16.205, "PC1_pos": 0.67954428986585214, "nivvie": 26632.082300884955, "rel_education": 0.32653679451927109, "rel_sante": 0.56710139479381827, "rel_services": 0.35513812321279631, "rel_commerce": 0.16573592965328082, "rel_loisirs": 0.30365275404276004, "rel_pc1": 0.31225708332570062, "q_revenu": 4, "q_population": 2 }, "geometry": { "type": "Polygon", "coordinates": [ [ [ 7.776306355392701, 48.613334508273589 ], [ 7.776226394456212, 48.615132763729925 ], [ 7.778936847993272, 48.615186975475133 ], [ 7.779016711620474, 48.613388717772217 ], [ 7.776306355392701, 48.613334508273589 ] ] ] } },
{ "type": "Feature", "properties": { "idcar_200m": "CRS3035RES200mN2835800E4157200", "population": 123.5, "median_education": 6.2215, "median_healthcare": 24.313, "median_services": 3.387, "median_commerce": 14.99, "median_entertainment": 15.453, "PC1_pos": 0.62859642972817431, "nivvie": 22068.200809716596, "rel_education": 0.28995199701729035, "rel_sante": 0.48249212505457645, "rel_services": 0.32739597804075699, "rel_commerce": 0.15052296791897479, "rel_loisirs": 0.28956161729236479, "rel_pc1": 0.28884605560384669, "q_revenu": 2, "q_population": 2 }, "geometry": { "type": "Polygon", "coordinates": [ [ [ 7.779016711620474, 48.613388717772217 ], [ 7.778936847993272, 48.615186975475133 ], [ 7.781647306890568, 48.615241121125642 ], [ 7.781727073207739, 48.613442861178903 ], [ 7.779016711620474, 48.613388717772217 ] ] ] } },
{ "type": "Feature", "properties": { "idcar_200m": "CRS3035RES200mN2835800E4157400", "population": 74.0, "median_education": 6.294, "median_healthcare": 26.355, "median_services": 3.258, "median_commerce": 15.165, "median_entertainment": 17.202, "PC1_pos": 0.60754009477600723, "nivvie": 28381.397297297295, "rel_education": 0.29333084774199558, "rel_sante": 0.52301566881147377, "rel_services": 0.31492651209234906, "rel_commerce": 0.1522802407265679, "rel_loisirs": 0.32233475316529214, "rel_pc1": 0.27917046883820607, "q_revenu": 4, "q_population": 2 }, "geometry": { "type": "Polygon", "coordinates": [ [ [ 7.781727073207739, 48.613442861178903 ], [ 7.781647306890568, 48.615241121125642 ], [ 7.78435777114159, 48.615295200681267 ], [ 7.784437440147983, 48.613496938493462 ], [ 7.781727073207739, 48.613442861178903 ] ] ] } },
{ "type": "Feature", "properties": { "idcar_200m": "CRS3035RES200mN2835800E4157600", "population": 291.0, "median_education": 5.899, "median_healthcare": 24.432, "median_services": 3.13, "median_commerce": 14.2105, "median_entertainment": 17.0115, "PC1_pos": 0.60336016948842919, "nivvie": 25759.605841924396, "rel_education": 0.27492193689704991, "rel_sante": 0.48485368318732414, "rel_services": 0.30255370867067294, "rel_commerce": 0.14269557275601011, "rel_loisirs": 0.31876512344328373, "rel_pc1": 0.27724975329650658, "q_revenu": 4, "q_population": 4 }, "geometry": { "type": "Polygon", "coordinates": [ [ [ 7.784437440147983, 48.613496938493462 ], [ 7.78435777114159, 48.615295200681267 ], [ 7.787068240739812, 48.61534921414183 ], [ 7.787147812434682, 48.613550949715631 ], [ 7.784437440147983, 48.613496938493462 ] ] ] } },
{ "type": "Feature", "properties": { "idcar_200m": "CRS3035RES200mN2835800E4157800", "population": 240.5, "median_education": 5.095, "median_healthcare": 22.4145, "median_services": 2.804, "median_commerce": 12.429, "median_entertainment": 16.1075, "PC1_pos": 0.56235853395510049, "nivvie": 16114.219958419959, "rel_education": 0.23745164748100855, "rel_sante": 0.4448163425754042, "rel_services": 0.27104172495609169, "rel_commerce": 0.12480653557471233, "rel_loisirs": 0.30182577820078732, "rel_pc1": 0.25840911065679278, "q_revenu": 1, "q_population": 3 }, "geometry": { "type": "Polygon", "coordinates": [ [ [ 7.787147812434682, 48.613550949715631 ], [ 7.787068240739812, 48.61534921414183 ], [ 7.789778715678719, 48.615403161507089 ], [ 7.789858190061332, 48.613604894845245 ], [ 7.787147812434682, 48.613550949715631 ] ] ] } },
{ "type": "Feature", "properties": { "idcar_200m": "CRS3035RES200mN2835800E4158000", "population": 387.5, "median_education": 4.867, "median_healthcare": 19.953, "median_services": 2.688, "median_commerce": 11.907, "median_entertainment": 15.197, "PC1_pos": 0.51993869204269449, "nivvie": 23921.891870967742, "rel_education": 0.22682574451228035, "rel_sante": 0.39596781027491312, "rel_services": 0.25982887185519776, "rel_commerce": 0.11956484182863462, "rel_loisirs": 0.28476463456882595, "rel_pc1": 0.2389167886577071, "q_revenu": 3, "q_population": 4 }, "geometry": { "type": "Polygon", "coordinates": [ [ [ 7.789858190061332, 48.613604894845245 ], [ 7.789778715678719, 48.615403161507089 ], [ 7.792489195951799, 48.615457042776796 ], [ 7.792568573021401, 48.613658773882065 ], [ 7.789858190061332, 48.613604894845245 ] ] ] } },
{ "type": "Feature", "properties": { "idcar_200m": "CRS3035RES200mN2835800E4158200", "population": 97.5, "median_education": 4.033, "median_healthcare": 16.498, "median_services": 2.218, "median_commerce": 9.836, "median_entertainment": 12.639, "PC1_pos": 0.42481739035848265, "nivvie": 19973.006153846156, "rel_education": 0.18795730996877477, "rel_sante": 0.32740324431992768, "rel_services": 0.21439748429123087, "rel_commerce": 0.098768773345632832, "rel_loisirs": 0.23683228376096541, "rel_pc1": 0.19520764317740363, "q_revenu": 2, "q_population": 2 }, "geometry": { "type": "Polygon", "coordinates": [ [ [ 7.792568573021401, 48.613658773882065 ], [ 7.792489195951799, 48.615457042776796 ], [ 7.795199681552529, 48.61551085795081 ], [ 7.795278961308386, 48.613712586825898 ], [ 7.792568573021401, 48.613658773882065 ] ] ] } },
{ "type": "Feature", "properties": { "idcar_200m": "CRS3035RES200mN2836000E4156200", "population": 44.0, "median_education": 5.452, "median_healthcare": 17.861, "median_services": 2.269, "median_commerce": 14.494, "median_entertainment": 10.504, "PC1_pos": 0.46923215589429579, "nivvie": 25149.825, "rel_education": 0.25408957449783287, "rel_sante": 0.35445201520173525, "rel_services": 0.21932727315455494, "rel_commerce": 0.14554235470431093, "rel_loisirs": 0.19682619737520221, "rel_pc1": 0.21561665161090204, "q_revenu": 3, "q_population": 2 }, "geometry": { "type": "Polygon", "coordinates": [ [ [ 7.76538463404068, 48.614915255806679 ], [ 7.765304276556505, 48.616713500829235 ], [ 7.768014805902586, 48.616767979208696 ], [ 7.768095066071624, 48.614969731928426 ], [ 7.76538463404068, 48.614915255806679 ] ] ] } },
{ "type": "Feature", "properties": { "idcar_200m": "CRS3035RES200mN2836000E4156400", "population": 112.5, "median_education": 5.504, "median_healthcare": 19.557, "median_services": 2.307, "median_commerce": 13.453, "median_entertainment": 10.803, "PC1_pos": 0.49738637808731401, "nivvie": 14778.312888888888, "rel_education": 0.25651302605210419, "rel_sante": 0.38810917984997123, "rel_services": 0.22300044917036502, "rel_commerce": 0.13508909188885709, "rel_loisirs": 0.20242892329058546, "rel_pc1": 0.22855378527003567, "q_revenu": 1, "q_population": 2 }, "geometry": { "type": "Polygon", "coordinates": [ [ [ 7.768095066071624, 48.614969731928426 ], [ 7.768014805902586, 48.616767979208696 ], [ 7.770725340635722, 48.616822391491631 ], [ 7.770805503488871, 48.615024141956376 ], [ 7.768095066071624, 48.614969731928426 ] ] ] } },
{ "type": "Feature", "properties": { "idcar_200m": "CRS3035RES200mN2836000E4156600", "population": 674.0, "median_education": 6.069, "median_healthcare": 22.5065, "median_services": 2.5155, "median_commerce": 12.5485, "median_entertainment": 11.776, "PC1_pos": 0.5384491723886331, "nivvie": 15920.804005934719, "rel_education": 0.28284475928601394, "rel_sante": 0.44664208499736047, "rel_services": 0.24315458599395459, "rel_commerce": 0.1260065018633259, "rel_loisirs": 0.22066120528278571, "rel_pc1": 0.2474225309470309, "q_revenu": 1, "q_population": 5 }, "geometry": { "type": "Polygon", "coordinates": [ [ [ 7.770805503488871, 48.615024141956376 ], [ 7.770725340635722, 48.616822391491631 ], [ 7.773435880749394, 48.616876737677778 ], [ 7.773515946285907, 48.615078485890258 ], [ 7.770805503488871, 48.615024141956376 ] ] ] } },
{ "type": "Feature", "properties": { "idcar_200m": "CRS3035RES200mN2836000E4156800", "population": 593.0, "median_education": 6.3125, "median_healthcare": 25.594, "median_services": 2.923, "median_commerce": 13.126, "median_entertainment": 13.72, "PC1_pos": 0.57511389321512052, "nivvie": 15303.857166947724, "rel_education": 0.2941930372372652, "rel_sante": 0.50791360377768391, "rel_services": 0.28254456563718117, "rel_commerce": 0.13180550212838313, "rel_loisirs": 0.25708829283965867, "rel_pc1": 0.26427031990938116, "q_revenu": 1, "q_population": 5 }, "geometry": { "type": "Polygon", "coordinates": [ [ [ 7.773515946285907, 48.615078485890258 ], [ 7.773435880749394, 48.616876737677778 ], [ 7.776146426237083, 48.616931017766937 ], [ 7.776226394456212, 48.615132763729925 ], [ 7.773515946285907, 48.615078485890258 ] ] ] } },
{ "type": "Feature", "properties": { "idcar_200m": "CRS3035RES200mN2836000E4157000", "population": 27.0, "median_education": 6.103, "median_healthcare": 24.304, "median_services": 3.056, "median_commerce": 13.538, "median_entertainment": 14.078, "PC1_pos": 0.57610663495677805, "nivvie": 25686.84814814815, "rel_education": 0.28442932376380664, "rel_sante": 0.48231351981764586, "rel_services": 0.29540068169251649, "rel_commerce": 0.13594262439540233, "rel_loisirs": 0.26379657336710743, "rel_pc1": 0.26472649420937688, "q_revenu": 3, "q_population": 1 }, "geometry": { "type": "Polygon", "coordinates": [ [ [ 7.776226394456212, 48.615132763729925 ], [ 7.776146426237083, 48.616931017766937 ], [ 7.778856977092274, 48.616985231758903 ], [ 7.778936847993272, 48.615186975475133 ], [ 7.776226394456212, 48.615132763729925 ] ] ] } },
{ "type": "Feature", "properties": { "idcar_200m": "CRS3035RES200mN2836000E4157200", "population": 5.0, "median_education": 4.871, "median_healthcare": 19.876, "median_services": 2.495, "median_commerce": 10.914, "median_entertainment": 11.212, "PC1_pos": 0.47831152974148949, "nivvie": 30948.72, "rel_education": 0.22701216386260895, "rel_sante": 0.39443974324784115, "rel_services": 0.24117300419595178, "rel_commerce": 0.10959357384040633, "rel_loisirs": 0.21009285271998926, "rel_pc1": 0.21978871050129167, "q_revenu": 5, "q_population": 1 }, "geometry": { "type": "Polygon", "coordinates": [ [ [ 7.778936847993272, 48.615186975475133 ], [ 7.778856977092274, 48.616985231758903 ], [ 7.781567533308445, 48.617039379653455 ], [ 7.781647306890568, 48.615241121125642 ], [ 7.778936847993272, 48.615186975475133 ] ] ] } },
{ "type": "Feature", "properties": { "idcar_200m": "CRS3035RES200mN2836000E4157400", "population": 1.0, "median_education": 4.602, "median_healthcare": 18.038, "median_services": 2.378, "median_commerce": 10.0, "median_entertainment": 11.499, "PC1_pos": 0.44897238632740688, "nivvie": 30948.7, "rel_education": 0.214475462553013, "rel_sante": 0.3579645848613684, "rel_services": 0.22986348856832597, "rel_commerce": 0.10041558900532008, "rel_loisirs": 0.21547072007020662, "rel_pc1": 0.2063070942381863, "q_revenu": 5, "q_population": 1 }, "geometry": { "type": "Polygon", "coordinates": [ [ [ 7.781647306890568, 48.615241121125642 ], [ 7.781567533308445, 48.617039379653455 ], [ 7.784278094879087, 48.61709346145043 ], [ 7.78435777114159, 48.615295200681267 ], [ 7.781647306890568, 48.615241121125642 ] ] ] } },
{ "type": "Feature", "properties": { "idcar_200m": "CRS3035RES200mN2836000E4157600", "population": 134.0, "median_education": 5.3875, "median_healthcare": 23.9515, "median_services": 2.687, "median_commerce": 12.3665, "median_entertainment": 15.7055, "PC1_pos": 0.55732570547751559, "nivvie": 28089.635074626865, "rel_education": 0.25108356247378472, "rel_sante": 0.47531814803786815, "rel_services": 0.25973220932846591, "rel_commerce": 0.12417893814342908, "rel_loisirs": 0.29429301626773025, "rel_pc1": 0.25609647796349266, "q_revenu": 4, "q_population": 3 }, "geometry": { "type": "Polygon", "coordinates": [ [ [ 7.78435777114159, 48.615295200681267 ], [ 7.784278094879087, 48.61709346145043 ], [ 7.786988661797677, 48.617147477149558 ], [ 7.787068240739812, 48.61534921414183 ], [ 7.78435777114159, 48.615295200681267 ] ] ] } },
{ "type": "Feature", "properties": { "idcar_200m": "CRS3035RES200mN2836000E4157800", "population": 94.0, "median_education": 4.67, "median_healthcare": 20.0915, "median_services": 2.1985, "median_commerce": 10.1105, "median_entertainment": 14.345, "PC1_pos": 0.48556039287988151, "nivvie": 30341.460638297871, "rel_education": 0.21764459150859858, "rel_sante": 0.39871634642101023, "rel_services": 0.21251256501995991, "rel_commerce": 0.10152518126382887, "rel_loisirs": 0.26879967644204833, "rel_pc1": 0.22311963225985479, "q_revenu": 5, "q_population": 2 }, "geometry": { "type": "Polygon", "coordinates": [ [ [ 7.787068240739812, 48.61534921414183 ], [ 7.786988661797677, 48.617147477149558 ], [ 7.789699234057695, 48.617201426750654 ], [ 7.789778715678719, 48.615403161507089 ], [ 7.787068240739812, 48.61534921414183 ] ] ] } },
{ "type": "Feature", "properties": { "idcar_200m": "CRS3035RES200mN2836200E4156400", "population": 191.0, "median_education": 4.727, "median_healthcare": 16.533, "median_services": 1.945, "median_commerce": 10.956, "median_entertainment": 9.182, "PC1_pos": 0.41457288898734768, "nivvie": 21074.101047120417, "rel_education": 0.22030106725078064, "rel_sante": 0.32809782024132406, "rel_services": 0.18800861449343736, "rel_commerce": 0.11001531931422867, "rel_loisirs": 0.17205427877942753, "rel_pc1": 0.19050019707568119, "q_revenu": 2, "q_population": 3 }, "geometry": { "type": "Polygon", "coordinates": [ [ [ 7.768014805902586, 48.616767979208696 ], [ 7.767934538423426, 48.618566225069472 ], [ 7.770645170481293, 48.61862063960757 ], [ 7.770725340635722, 48.616822391491631 ], [ 7.768014805902586, 48.616767979208696 ] ] ] } },
{ "type": "Feature", "properties": { "idcar_200m": "CRS3035RES200mN2836200E4156800", "population": 6.0, "median_education": 4.821, "median_healthcare": 18.005, "median_services": 2.011, "median_commerce": 9.08, "median_entertainment": 10.331, "PC1_pos": 0.43450005297644245, "nivvie": 25598.583333333332, "rel_education": 0.22468192198350187, "rel_sante": 0.35730969899262321, "rel_services": 0.1943883412577391, "rel_commerce": 0.091177354816830633, "rel_loisirs": 0.19358448639406073, "rel_pc1": 0.1996569190126958, "q_revenu": 3, "q_population": 1 }, "geometry": { "type": "Polygon", "coordinates": [ [ [ 7.773435880749394, 48.616876737677778 ], [ 7.773355807920441, 48.61867498804618 ], [ 7.776066450734358, 48.618729270385074 ], [ 7.776146426237083, 48.616931017766937 ], [ 7.773435880749394, 48.616876737677778 ] ] ] } },
{ "type": "Feature", "properties": { "idcar_200m": "CRS3035RES200mN2836200E4157000", "population": 2.0, "median_education": 4.868, "median_healthcare": 19.901, "median_services": 2.211, "median_commerce": 9.72, "median_entertainment": 11.209, "PC1_pos": 0.4352923692698365, "nivvie": 30948.7, "rel_education": 0.22687234934986253, "rel_sante": 0.39493586890598137, "rel_services": 0.21372084660410795, "rel_commerce": 0.097603952513171124, "rel_loisirs": 0.2100366380786978, "rel_pc1": 0.2000209959073681, "q_revenu": 5, "q_population": 1 }, "geometry": { "type": "Polygon", "coordinates": [ [ [ 7.776146426237083, 48.616931017766937 ], [ 7.776066450734358, 48.618729270385074 ], [ 7.778777098916531, 48.618783486624025 ], [ 7.778856977092274, 48.616985231758903 ], [ 7.776146426237083, 48.616931017766937 ] ] ] } },
{ "type": "Feature", "properties": { "idcar_200m": "CRS3035RES200mN2836200E4157400", "population": 2.0, "median_education": 0.905, "median_healthcare": 4.068, "median_services": 0.4575, "median_commerce": 1.7875, "median_entertainment": 1.964, "PC1_pos": 0.1772977918960148, "nivvie": 30948.7, "rel_education": 0.04217737801183763, "rel_sante": 0.0807295670925849, "rel_services": 0.044223105979818815, "rel_commerce": 0.017949286534700966, "rel_loisirs": 0.036801851832149388, "rel_pc1": 0.08147002660925258, "q_revenu": 5, "q_population": 1 }, "geometry": { "type": "Polygon", "coordinates": [ [ [ 7.781567533308445, 48.617039379653455 ], [ 7.781487752460429, 48.618837636762876 ], [ 7.784198411359536, 48.618891720801322 ], [ 7.784278094879087, 48.61709346145043 ], [ 7.781567533308445, 48.617039379653455 ] ] ] } },
{ "type": "Feature", "properties": { "idcar_200m": "CRS3035RES200mN2836200E4157600", "population": 5.0, "median_education": 3.1785, "median_healthcare": 13.3765, "median_services": 1.842, "median_commerce": 7.422, "median_entertainment": 8.5055, "PC1_pos": 0.30761073418364138, "nivvie": 30948.72, "rel_education": 0.14813347625483525, "rel_sante": 0.26545699464453343, "rel_services": 0.17805237424005738, "rel_commerce": 0.074528450159748572, "rel_loisirs": 0.15937787716820095, "rel_pc1": 0.14135006663778024, "q_revenu": 5, "q_population": 1 }, "geometry": { "type": "Polygon", "coordinates": [ [ [ 7.784278094879087, 48.61709346145043 ], [ 7.784198411359536, 48.618891720801322 ], [ 7.786909075607338, 48.618945738739242 ], [ 7.786988661797677, 48.617147477149558 ], [ 7.784278094879087, 48.61709346145043 ] ] ] } },
{ "type": "Feature", "properties": { "idcar_200m": "CRS3035RES200mN2836200E4157800", "population": 121.0, "median_education": 4.066, "median_healthcare": 16.727, "median_services": 1.83, "median_commerce": 8.301, "median_entertainment": 12.882, "PC1_pos": 0.41073848125199452, "nivvie": 25198.347933884299, "rel_education": 0.18949526960898541, "rel_sante": 0.33194775534849258, "rel_services": 0.17689242391927526, "rel_commerce": 0.083354980433316198, "rel_loisirs": 0.24138566970557454, "rel_pc1": 0.18873825014510034, "q_revenu": 3, "q_population": 2 }, "geometry": { "type": "Polygon", "coordinates": [ [ [ 7.786988661797677, 48.617147477149558 ], [ 7.786909075607338, 48.618945738739242 ], [ 7.789619745197315, 48.618999690576395 ], [ 7.789699234057695, 48.617201426750654 ], [ 7.786988661797677, 48.617147477149558 ] ] ] } },
{ "type": "Feature", "properties": { "idcar_200m": "CRS3035RES200mN2836200E4158000", "population": 52.0, "median_education": 3.465, "median_healthcare": 13.815, "median_services": 1.485, "median_commerce": 6.765, "median_entertainment": 11.6165, "PC1_pos": 0.34540602121520103, "nivvie": 31610.007692307692, "rel_education": 0.16148576222211863, "rel_sante": 0.27415903868831382, "rel_services": 0.14354385219678895, "rel_commerce": 0.067931145962099038, "rel_loisirs": 0.21767246018745587, "rel_pc1": 0.15871736155576457, "q_revenu": 5, "q_population": 2 }, "geometry": { "type": "Polygon", "coordinates": [ [ [ 7.789699234057695, 48.617201426750654 ], [ 7.789619745197315, 48.618999690576395 ], [ 7.792330420122943, 48.619053576312574 ], [ 7.792409811652625, 48.617255310253483 ], [ 7.789699234057695, 48.617201426750654 ] ] ] } },
{ "type": "Feature", "properties": { "idcar_200m": "CRS3035RES200mN2836200E4158200", "population": 103.0, "median_education": 2.942, "median_healthcare": 9.899, "median_services": 1.22, "median_commerce": 5.395, "median_entertainment": 8.989, "PC1_pos": 0.27072745220826677, "nivvie": 32698.130097087378, "rel_education": 0.13711143216665891, "rel_sante": 0.19644591559722172, "rel_services": 0.11792828261285015, "rel_commerce": 0.054174210268370181, "rel_loisirs": 0.1684378035230096, "rel_pc1": 0.12440184674267461, "q_revenu": 5, "q_population": 2 }, "geometry": { "type": "Polygon", "coordinates": [ [ [ 7.792409811652625, 48.617255310253483 ], [ 7.792330420122943, 48.619053576312574 ], [ 7.795041100377709, 48.619107395947559 ], [ 7.795120394575952, 48.617309127657883 ], [ 7.792409811652625, 48.617255310253483 ] ] ] } },
{ "type": "Feature", "properties": { "idcar_200m": "CRS3035RES200mN2836400E4156600", "population": 6.0, "median_education": 3.451, "median_healthcare": 12.301, "median_services": 1.388, "median_commerce": 7.142, "median_entertainment": 6.531, "PC1_pos": 0.29304973347193286, "nivvie": 25598.583333333332, "rel_education": 0.16083329449596867, "rel_sante": 0.24411366883133898, "rel_services": 0.1341675871038, "rel_commerce": 0.071716813667599605, "rel_loisirs": 0.12237927409153138, "rel_pc1": 0.13465914791423519, "q_revenu": 3, "q_population": 1 }, "geometry": { "type": "Polygon", "coordinates": [ [ [ 7.770645170481293, 48.61862063960757 ], [ 7.770564993024625, 48.620418886304655 ], [ 7.773275727798106, 48.620473236995934 ], [ 7.773355807920441, 48.61867498804618 ], [ 7.770645170481293, 48.61862063960757 ] ] ] } },
{ "type": "Feature", "properties": { "idcar_200m": "CRS3035RES200mN2836400E4156800", "population": 8.0, "median_education": 2.806, "median_healthcare": 9.876, "median_services": 1.112, "median_commerce": 5.413, "median_entertainment": 5.144, "PC1_pos": 0.24941514718820734, "nivvie": 25598.575, "rel_education": 0.13077317425548771, "rel_sante": 0.19598947999173266, "rel_services": 0.10748872972581097, "rel_commerce": 0.054354958328579762, "rel_loisirs": 0.096389371601108165, "rel_pc1": 0.11460863928915428, "q_revenu": 3, "q_population": 1 }, "geometry": { "type": "Polygon", "coordinates": [ [ [ 7.773355807920441, 48.61867498804618 ], [ 7.773275727798106, 48.620473236995934 ], [ 7.775986467947106, 48.620527521584776 ], [ 7.776066450734358, 48.618729270385074 ], [ 7.773355807920441, 48.61867498804618 ] ] ] } },
{ "type": "Feature", "properties": { "idcar_200m": "CRS3035RES200mN2836400E4157600", "population": 34.0, "median_education": 0.719, "median_healthcare": 3.204, "median_services": 0.361, "median_commerce": 1.379, "median_entertainment": 1.563, "PC1_pos": 0.067112415534233971, "nivvie": 30192.264705882353, "rel_education": 0.033508878221559395, "rel_sante": 0.063583464347257132, "rel_services": 0.034895172150195823, "rel_commerce": 0.013847309723833639, "rel_loisirs": 0.029287828112856153, "rel_pc1": 0.030838795119298702, "q_revenu": 5, "q_population": 2 }, "geometry": { "type": "Polygon", "coordinates": [ [ [ 7.784198411359536, 48.618891720801322 ], [ 7.784118720581991, 48.62068997873444 ], [ 7.786829482167853, 48.620743998911323 ], [ 7.786909075607338, 48.618945738739242 ], [ 7.784198411359536, 48.618891720801322 ] ] ] } },
{ "type": "Feature", "properties": { "idcar_200m": "CRS3035RES200mN2836400E4157800", "population": 43.0, "median_education": 3.7545, "median_healthcare": 14.2715, "median_services": 1.5875, "median_commerce": 7.208, "median_entertainment": 10.573, "PC1_pos": 0.35276821778303269, "nivvie": 31333.341860465116, "rel_education": 0.17497786270214849, "rel_sante": 0.28321829320595515, "rel_services": 0.15345176118680298, "rel_commerce": 0.07237955655503471, "rel_loisirs": 0.19811913412490603, "rel_pc1": 0.16210036110623599, "q_revenu": 5, "q_population": 2 }, "geometry": { "type": "Polygon", "coordinates": [ [ [ 7.786909075607338, 48.618945738739242 ], [ 7.786829482167853, 48.620743998911323 ], [ 7.789540249096634, 48.620797952984752 ], [ 7.789619745197315, 48.618999690576395 ], [ 7.786909075607338, 48.618945738739242 ] ] ] } },
{ "type": "Feature", "properties": { "idcar_200m": "CRS3035RES200mN2836400E4158000", "population": 13.0, "median_education": 3.447, "median_healthcare": 11.594, "median_services": 1.245, "median_commerce": 5.613, "median_entertainment": 9.449, "PC1_pos": 0.27814086537983962, "nivvie": 33511.384615384617, "rel_education": 0.16064687514564011, "rel_sante": 0.2300832352191321, "rel_services": 0.12034484578114628, "rel_commerce": 0.056363270108686164, "rel_loisirs": 0.1770573818543684, "rel_pc1": 0.12780838081111723, "q_revenu": 5, "q_population": 1 }, "geometry": { "type": "Polygon", "coordinates": [ [ [ 7.789619745197315, 48.618999690576395 ], [ 7.789540249096634, 48.620797952984752 ], [ 7.792251021361811, 48.620851840954444 ], [ 7.792330420122943, 48.619053576312574 ], [ 7.789619745197315, 48.618999690576395 ] ] ] } },
{ "type": "Feature", "properties": { "idcar_200m": "CRS3035RES200mN2836400E4158200", "population": 70.0, "median_education": 3.034, "median_healthcare": 10.2365, "median_services": 1.1315, "median_commerce": 5.0835, "median_entertainment": 8.884, "PC1_pos": 0.26545741715228965, "nivvie": 32306.014285714286, "rel_education": 0.14139907722421585, "rel_sante": 0.20314361198211536, "rel_services": 0.10937364899708193, "rel_commerce": 0.051046264670854463, "rel_loisirs": 0.16647029107780811, "rel_pc1": 0.1219802153639039, "q_revenu": 5, "q_population": 2 }, "geometry": { "type": "Polygon", "coordinates": [ [ [ 7.792330420122943, 48.619053576312574 ], [ 7.792251021361811, 48.620851840954444 ], [ 7.794961798956866, 48.620905662820221 ], [ 7.795041100377709, 48.619107395947559 ], [ 7.792330420122943, 48.619053576312574 ] ] ] } },
{ "type": "Feature", "properties": { "idcar_200m": "CRS3035RES200mN2836400E4158400", "population": 70.0, "median_education": 2.473, "median_healthcare": 8.489, "median_services": 0.943, "median_commerce": 4.108, "median_entertainment": 7.3475, "PC1_pos": 0.21899909722020827, "nivvie": 31358.76, "rel_education": 0.11525376334063475, "rel_sante": 0.16846442847811044, "rel_services": 0.091152762708129262, "rel_commerce": 0.041250723963385492, "rel_loisirs": 0.13767902562969328, "rel_pc1": 0.10063217419197706, "q_revenu": 5, "q_population": 2 }, "geometry": { "type": "Polygon", "coordinates": [ [ [ 7.795041100377709, 48.619107395947559 ], [ 7.794961798956866, 48.620905662820221 ], [ 7.797672581875279, 48.620959418581876 ], [ 7.797751785955091, 48.619161149481123 ], [ 7.795041100377709, 48.619107395947559 ] ] ] } },
{ "type": "Feature", "properties": { "idcar_200m": "CRS3035RES200mN2836400E4158600", "population": 95.5, "median_education": 1.7795, "median_healthcare": 6.1485, "median_services": 0.6875, "median_commerce": 2.9785, "median_entertainment": 5.327, "PC1_pos": 0.15995898930608821, "nivvie": 32184.382198952881, "rel_education": 0.082933308477419962, "rel_sante": 0.12201714436301826, "rel_services": 0.066455487128143018, "rel_commerce": 0.029908783185234589, "rel_loisirs": 0.099818464719887867, "rel_pc1": 0.073502681425380328, "q_revenu": 5, "q_population": 2 }, "geometry": { "type": "Polygon", "coordinates": [ [ [ 7.797751785955091, 48.619161149481123 ], [ 7.797672581875279, 48.620959418581876 ], [ 7.800383370110527, 48.621013108239197 ], [ 7.800462476848572, 48.619214836913109 ], [ 7.797751785955091, 48.619161149481123 ] ] ] } },
{ "type": "Feature", "properties": { "idcar_200m": "CRS3035RES200mN2836400E4158800", "population": 8.5, "median_education": 1.2815, "median_healthcare": 4.236, "median_services": 0.593, "median_commerce": 2.551, "median_entertainment": 4.9855, "PC1_pos": 0.12985583120700328, "nivvie": 33511.388235294115, "rel_education": 0.059724099361513718, "rel_sante": 0.084063531515287518, "rel_services": 0.057320878351983726, "rel_commerce": 0.025616016755257154, "rel_loisirs": 0.093419364719542139, "rel_pc1": 0.059669993126625992, "q_revenu": 5, "q_population": 1 }, "geometry": { "type": "Polygon", "coordinates": [ [ [ 7.800462476848572, 48.619214836913109 ], [ 7.800383370110527, 48.621013108239197 ], [ 7.803094163656096, 48.621066731791949 ], [ 7.80317317305163, 48.619268458243283 ], [ 7.800462476848572, 48.619214836913109 ] ] ] } },
{ "type": "Feature", "properties": { "idcar_200m": "CRS3035RES200mN2836600E4157600", "population": 59.0, "median_education": 2.952, "median_healthcare": 10.081, "median_services": 1.108, "median_commerce": 4.936, "median_entertainment": 7.355, "PC1_pos": 0.18255834832661511, "nivvie": 31748.133898305085, "rel_education": 0.13757748054248031, "rel_sante": 0.20005771038848288, "rel_services": 0.1071020796188836, "rel_commerce": 0.049565134733025991, "rel_loisirs": 0.13781956223292197, "rel_pc1": 0.083887302469246611, "q_revenu": 5, "q_population": 2 }, "geometry": { "type": "Polygon", "coordinates": [ [ [ 7.784118720581991, 48.62068997873444 ], [ 7.784039022545505, 48.622488235250138 ], [ 7.786749881478282, 48.622542257666275 ], [ 7.786829482167853, 48.620743998911323 ], [ 7.784118720581991, 48.62068997873444 ] ] ] } },
{ "type": "Feature", "properties": { "idcar_200m": "CRS3035RES200mN2836600E4157800", "population": 141.0, "median_education": 3.217, "median_healthcare": 10.118, "median_services": 1.111, "median_commerce": 4.951, "median_entertainment": 7.709, "PC1_pos": 0.2615148942895118, "nivvie": 29671.863120567377, "rel_education": 0.14992776250174769, "rel_sante": 0.20079197636253052, "rel_services": 0.10739206719907912, "rel_commerce": 0.049715758116533969, "rel_loisirs": 0.14445288990531549, "rel_pc1": 0.12016858850096766, "q_revenu": 5, "q_population": 3 }, "geometry": { "type": "Polygon", "coordinates": [ [ [ 7.786829482167853, 48.620743998911323 ], [ 7.786749881478282, 48.622542257666275 ], [ 7.789460745754714, 48.622596213976159 ], [ 7.789540249096634, 48.620797952984752 ], [ 7.786829482167853, 48.620743998911323 ] ] ] } },
{ "type": "Feature", "properties": { "idcar_200m": "CRS3035RES200mN2836600E4158000", "population": 7.5, "median_education": 2.9655, "median_healthcare": 9.4215, "median_services": 1.028, "median_commerce": 4.4875, "median_entertainment": 7.4695, "PC1_pos": 0.23928146549143481, "nivvie": 33511.386666666665, "rel_education": 0.13820664584983922, "rel_sante": 0.18696991552674255, "rel_services": 0.099369077480336035, "rel_commerce": 0.045061495566137394, "rel_loisirs": 0.13996508770887975, "rel_pc1": 0.10995211588490363, "q_revenu": 5, "q_population": 1 }, "geometry": { "type": "Polygon", "coordinates": [ [ [ 7.789540249096634, 48.620797952984752 ], [ 7.789460745754714, 48.622596213976159 ], [ 7.792171615368289, 48.622650104179598 ], [ 7.792251021361811, 48.620851840954444 ], [ 7.789540249096634, 48.620797952984752 ] ] ] } },
{ "type": "Feature", "properties": { "idcar_200m": "CRS3035RES200mN2836600E4158400", "population": 83.0, "median_education": 2.1295, "median_healthcare": 7.108, "median_services": 0.784, "median_commerce": 3.367, "median_entertainment": 5.994, "PC1_pos": 0.18405291222873266, "nivvie": 28637.761445783133, "rel_education": 0.099245001631169324, "rel_sante": 0.14105844712244187, "rel_services": 0.07578342095776601, "rel_commerce": 0.033809928818091271, "rel_loisirs": 0.11231685330035815, "rel_pc1": 0.084574068838825303, "q_revenu": 4, "q_population": 2 }, "geometry": { "type": "Polygon", "coordinates": [ [ [ 7.794961798956866, 48.620905662820221 ], [ 7.794882490312483, 48.622703928276408 ], [ 7.797593370580774, 48.62275768626634 ], [ 7.797672581875279, 48.620959418581876 ], [ 7.794961798956866, 48.620905662820221 ] ] ] } },
{ "type": "Feature", "properties": { "idcar_200m": "CRS3035RES200mN2836600E4158600", "population": 155.5, "median_education": 1.7805, "median_healthcare": 6.153, "median_services": 0.688, "median_commerce": 2.9885, "median_entertainment": 5.37, "PC1_pos": 0.15935779354206181, "nivvie": 25783.933762057881, "rel_education": 0.082979913315002096, "rel_sante": 0.12210644698148353, "rel_services": 0.066503818391508943, "rel_commerce": 0.030009198774239909, "rel_loisirs": 0.10062420791173228, "rel_pc1": 0.07322642623703976, "q_revenu": 4, "q_population": 3 }, "geometry": { "type": "Polygon", "coordinates": [ [ [ 7.797672581875279, 48.620959418581876 ], [ 7.797593370580774, 48.62275768626634 ], [ 7.800304256166646, 48.62281137814918 ], [ 7.800383370110527, 48.621013108239197 ], [ 7.797672581875279, 48.620959418581876 ] ] ] } },
{ "type": "Feature", "properties": { "idcar_200m": "CRS3035RES200mN2836600E4158800", "population": 38.0, "median_education": 1.349, "median_healthcare": 4.627, "median_services": 0.532, "median_commerce": 2.39, "median_entertainment": 4.604, "PC1_pos": 0.12537030937245586, "nivvie": 32739.326315789473, "rel_education": 0.06286992589830824, "rel_sante": 0.09182293680860136, "rel_services": 0.051424464221341219, "rel_commerce": 0.023999325772271502, "rel_loisirs": 0.086270736168643475, "rel_pc1": 0.057608853056526924, "q_revenu": 5, "q_population": 2 }, "geometry": { "type": "Polygon", "coordinates": [ [ [ 7.800383370110527, 48.621013108239197 ], [ 7.800304256166646, 48.62281137814918 ], [ 7.803015147063574, 48.622865003924737 ], [ 7.803094163656096, 48.621066731791949 ], [ 7.800383370110527, 48.621013108239197 ] ] ] } },
{ "type": "Feature", "properties": { "idcar_200m": "CRS3035RES200mN2836800E4157600", "population": 36.0, "median_education": 2.3635, "median_healthcare": 8.1965, "median_services": 0.9065, "median_commerce": 3.8465, "median_entertainment": 5.921, "PC1_pos": 0.14698962463946819, "nivvie": 27895.85, "rel_education": 0.11015053362539032, "rel_sante": 0.16265975827786927, "rel_services": 0.087624580482416947, "rel_commerce": 0.03862485631089637, "rel_loisirs": 0.11094896369559903, "rel_pc1": 0.067543134647074496, "q_revenu": 4, "q_population": 2 }, "geometry": { "type": "Polygon", "coordinates": [ [ [ 7.784039022545505, 48.622488235250138 ], [ 7.783959317249141, 48.624286490348922 ], [ 7.786670273537676, 48.624340515004484 ], [ 7.786749881478282, 48.622542257666275 ], [ 7.784039022545505, 48.622488235250138 ] ] ] } },
{ "type": "Feature", "properties": { "idcar_200m": "CRS3035RES200mN2836800E4157800", "population": 100.0, "median_education": 2.544, "median_healthcare": 8.252, "median_services": 0.9115, "median_commerce": 3.868, "median_entertainment": 6.1845, "PC1_pos": 0.20063104902621243, "nivvie": 29418.206, "rel_education": 0.11856270680896677, "rel_sante": 0.16376115723894064, "rel_services": 0.088107893116076169, "rel_commerce": 0.038840749827257805, "rel_loisirs": 0.11588648302236654, "rel_pc1": 0.092191880835122739, "q_revenu": 4, "q_population": 2 }, "geometry": { "type": "Polygon", "coordinates": [ [ [ 7.786749881478282, 48.622542257666275 ], [ 7.786670273537676, 48.624340515004484 ], [ 7.789381235170612, 48.62439447355105 ], [ 7.789460745754714, 48.622596213976159 ], [ 7.786749881478282, 48.622542257666275 ] ] ] } },
{ "type": "Feature", "properties": { "idcar_200m": "CRS3035RES200mN2836800E4158600", "population": 9.0, "median_education": 1.569, "median_healthcare": 5.094, "median_services": 0.5715, "median_commerce": 2.474, "median_entertainment": 4.419, "PC1_pos": 0.13253600304394597, "nivvie": 33511.388888888891, "rel_education": 0.07312299016637927, "rel_sante": 0.10109056410266162, "rel_services": 0.055242634027249063, "rel_commerce": 0.024842816719916189, "rel_loisirs": 0.082804166622336112, "rel_pc1": 0.060901557651700029, "q_revenu": 5, "q_population": 1 }, "geometry": { "type": "Polygon", "coordinates": [ [ [ 7.797593370580774, 48.62275768626634 ], [ 7.797514152070643, 48.624555952534884 ], [ 7.800225135015984, 48.624609646643464 ], [ 7.800304256166646, 48.62281137814918 ], [ 7.797593370580774, 48.62275768626634 ] ] ] } },
{ "type": "Feature", "properties": { "idcar_200m": "CRS3035RES200mN2836800E4158800", "population": 13.0, "median_education": 1.2405, "median_healthcare": 4.266, "median_services": 0.4825, "median_commerce": 2.11, "median_entertainment": 4.0605, "PC1_pos": 0.11498309721942856, "nivvie": 33511.384615384617, "rel_education": 0.057813301020645941, "rel_sante": 0.084658882305055846, "rel_services": 0.046639669148114918, "rel_commerce": 0.021187689280122539, "rel_loisirs": 0.076086516988005379, "rel_pc1": 0.052835829989215349, "q_revenu": 5, "q_population": 1 }, "geometry": { "type": "Polygon", "coordinates": [ [ [ 7.800304256166646, 48.62281137814918 ], [ 7.800225135015984, 48.624609646643464 ], [ 7.802936123273123, 48.624663274642067 ], [ 7.803015147063574, 48.622865003924737 ], [ 7.800304256166646, 48.62281137814918 ] ] ] } },
{ "type": "Feature", "properties": { "idcar_200m": "CRS3035RES200mN2836800E4159000", "population": 9.0, "median_education": 1.015, "median_healthcare": 3.505, "median_services": 0.391, "median_commerce": 1.694, "median_entertainment": 3.239, "PC1_pos": 0.090784886047475588, "nivvie": 29872.31111111111, "rel_education": 0.047303910145873138, "rel_sante": 0.069556817271266003, "rel_services": 0.037795047952151162, "rel_commerce": 0.017010400777501222, "rel_loisirs": 0.060693074381024364, "rel_pc1": 0.041716521130413742, "q_revenu": 5, "q_population": 1 }, "geometry": { "type": "Polygon", "coordinates": [ [ [ 7.803015147063574, 48.622865003924737 ], [ 7.802936123273123, 48.624663274642067 ], [ 7.805647116835532, 48.624716836530425 ], [ 7.805726043265034, 48.622918563592805 ], [ 7.803015147063574, 48.622865003924737 ] ] ] } },
{ "type": "Feature", "properties": { "idcar_200m": "CRS3035RES200mN2837000E4157800", "population": 142.0, "median_education": 1.973, "median_healthcare": 6.609, "median_services": 0.734, "median_commerce": 3.129, "median_entertainment": 4.876, "PC1_pos": 0.16634213712171064, "nivvie": 17127.497887323945, "rel_education": 0.091951344549564246, "rel_sante": 0.13115577898596206, "rel_services": 0.07095029462117379, "rel_commerce": 0.031420037799764655, "rel_loisirs": 0.091367530312403467, "rel_pc1": 0.076435798735124114, "q_revenu": 1, "q_population": 3 }, "geometry": { "type": "Polygon", "coordinates": [ [ [ 7.786670273537676, 48.624340515004484 ], [ 7.786590658345098, 48.62613877092641 ], [ 7.789301717343391, 48.626192731709885 ], [ 7.789381235170612, 48.62439447355105 ], [ 7.786670273537676, 48.624340515004484 ] ] ] } },
{ "type": "Feature", "properties": { "idcar_200m": "CRS3035RES200mN2837000E4159000", "population": 10.0, "median_education": 0.927, "median_healthcare": 3.188, "median_services": 0.355, "median_commerce": 1.541, "median_entertainment": 2.94, "PC1_pos": 0.082846224211214015, "nivvie": 29872.31, "rel_education": 0.04320268443864473, "rel_sante": 0.063265943926047369, "rel_services": 0.034315196989804758, "rel_commerce": 0.015474042265719823, "rel_loisirs": 0.055090348465641134, "rel_pc1": 0.038068630290231054, "q_revenu": 5, "q_population": 1 }, "geometry": { "type": "Polygon", "coordinates": [ [ [ 7.802936123273123, 48.624663274642067 ], [ 7.802857092283808, 48.626461543944345 ], [ 7.805568183216021, 48.626515108053205 ], [ 7.805647116835532, 48.624716836530425 ], [ 7.802936123273123, 48.624663274642067 ] ] ] } },
{ "type": "Feature", "properties": { "idcar_200m": "CRS3035RES200mN2837200E4159000", "population": 111.0, "median_education": 0.8025, "median_healthcare": 2.76, "median_services": 0.3005, "median_commerce": 1.3345, "median_entertainment": 2.5365, "PC1_pos": 0.068266628813081986, "nivvie": 29872.314414414413, "rel_education": 0.03740038215966817, "rel_sante": 0.054772272658685922, "rel_services": 0.029047089282919238, "rel_commerce": 0.013400460352759965, "rel_loisirs": 0.047529479211938355, "rel_pc1": 0.0313691671309008, "q_revenu": 5, "q_population": 2 }, "geometry": { "type": "Polygon", "coordinates": [ [ [ 7.802857092283808, 48.626461543944345 ], [ 7.802778054094693, 48.628259811832052 ], [ 7.805489242405563, 48.6283133781616 ], [ 7.805568183216021, 48.626515108053205 ], [ 7.802857092283808, 48.626461543944345 ] ] ] } },
{ "type": "Feature", "properties": { "idcar_200m": "CRS3035RES200mN2837800E4159000", "population": 4.0, "median_education": 0.429, "median_healthcare": 1.48, "median_services": 0.157, "median_commerce": 0.717, "median_entertainment": 1.351, "PC1_pos": 0.035661225784401562, "nivvie": 29872.325, "rel_education": 0.019993475322738499, "rel_sante": 0.029370638961904047, "rel_services": 0.01517601669689957, "rel_commerce": 0.0071997977316814498, "rel_loisirs": 0.025315326794925569, "rel_pc1": 0.016386673418232592, "q_revenu": 5, "q_population": 1 }, "geometry": { "type": "Polygon", "coordinates": [ [ [ 7.802619956113318, 48.63185634336547 ], [ 7.80254089631919, 48.633654607012076 ], [ 7.805252376819155, 48.633708180004959 ], [ 7.805331339208065, 48.631909914137054 ], [ 7.802619956113318, 48.63185634336547 ] ] ] } },
{ "type": "Feature", "properties": { "idcar_200m": "CRS3035RES200mN2838200E4158200", "population": 2.0, "median_education": 0.028, "median_healthcare": 0.179, "median_services": 0.007, "median_commerce": 0.042, "median_entertainment": 0.033, "PC1_pos": 0.00031339128761675994, "nivvie": 20567.25, "rel_education": 0.0013049354522999487, "rel_sante": 0.0035522597122843408, "rel_services": 0.00067663768712291077, "rel_commerce": 0.00042174547382234438, "rel_loisirs": 0.00061836105420617611, "rel_pc1": 0.00014400628608065172, "q_revenu": 2, "q_population": 1 }, "geometry": { "type": "Polygon", "coordinates": [ [ [ 7.791615570827683, 48.635237907123816 ], [ 7.791536106941168, 48.63703615903087 ], [ 7.794247760997195, 48.637090000983271 ], [ 7.794327127463736, 48.635291746843542 ], [ 7.791615570827683, 48.635237907123816 ] ] ] } },
{ "type": "Feature", "properties": { "idcar_200m": "CRS3035RES200mN2838200E4159600", "population": 11.0, "median_education": 0.122, "median_healthcare": 0.538, "median_services": 0.02, "median_commerce": 0.138, "median_entertainment": 0.312, "PC1_pos": 0.0067960137535099108, "nivvie": 20567.272727272728, "rel_education": 0.0056857901850212045, "rel_sante": 0.010676624163178633, "rel_services": 0.001933250534636888, "rel_commerce": 0.0013857351282734172, "rel_loisirs": 0.0058463226943129372, "rel_pc1": 0.0031228331465065701, "q_revenu": 2, "q_population": 1 }, "geometry": { "type": "Polygon", "coordinates": [ [ [ 7.810596578966654, 48.63561339650834 ], [ 7.810517797035529, 48.63741166398674 ], [ 7.813229488264679, 48.637465043033529 ], [ 7.813308172770656, 48.635666773341626 ], [ 7.810596578966654, 48.63561339650834 ] ] ] } },
{ "type": "Feature", "properties": { "idcar_200m": "CRS3035RES200mN2838200E4160200", "population": 9.0, "median_education": 0.049, "median_healthcare": 0.1825, "median_services": 0.008, "median_commerce": 0.052, "median_entertainment": 0.195, "PC1_pos": 0.0013210912739158864, "nivvie": 29142.611111111109, "rel_education": 0.0022836370415249105, "rel_sante": 0.0036217173044239786, "rel_services": 0.00077330021385475518, "rel_commerce": 0.00052216106282766434, "rel_loisirs": 0.0036539516839455858, "rel_pc1": 0.00060705404217500513, "q_revenu": 4, "q_population": 1 }, "geometry": { "type": "Polygon", "coordinates": [ [ [ 7.818731376222914, 48.635773328625497 ], [ 7.818652886569446, 48.63757160273628 ], [ 7.821364593632014, 48.637624783391821 ], [ 7.821442985858118, 48.635826507075727 ], [ 7.818731376222914, 48.635773328625497 ] ] ] } },
{ "type": "Feature", "properties": { "idcar_200m": "CRS3035RES200mN2838400E4158200", "population": 1.0, "median_education": 0.033, "median_healthcare": 0.212, "median_services": 0.009, "median_commerce": 0.049, "median_entertainment": 0.046, "PC1_pos": 0.0, "nivvie": 20567.3, "rel_education": 0.0015379596402106538, "rel_sante": 0.0042071455810294986, "rel_services": 0.00086996274058659948, "rel_commerce": 0.00049203638612606846, "rel_loisirs": 0.00086195783313588168, "rel_pc1": 0.0, "q_revenu": 2, "q_population": 1 }, "geometry": { "type": "Polygon", "coordinates": [ [ [ 7.791536106941168, 48.63703615903087 ], [ 7.791456635813789, 48.638834409525096 ], [ 7.794168387298655, 48.638888253710419 ], [ 7.794247760997195, 48.637090000983271 ], [ 7.791536106941168, 48.63703615903087 ] ] ] } }
]
}
