{
"type": "FeatureCollection",
"name": "bw450",
"crs": { "type": "name", "properties": { "name": "urn:ogc:def:crs:OGC:1.3:CRS84" } },
"features": [
{ "type": "Feature", "properties": { "idcar_200m": "CRS3035RES200mN3077600E3829600", "population": 113.0, "median_education": 2.9942138164395509, "median_healthcare": 6.7270905431394858, "median_services": 0.228504098073461, "median_commerce": 7.2314996430033514, "median_entertainment": 2.1107288968056617, "PC1_pos": 0.68345201515933462, "nivvie": 22111.489380530973, "rel_education": 0.52184728895430532, "rel_sante": 0.42680367001011005, "rel_services": 0.34195230487634853, "rel_commerce": 0.19334412123338107, "rel_loisirs": 0.43427572257335539, "rel_pc1": 0.32995858584980031, "q_revenu": 2, "q_population": 2 }, "geometry": { "type": "Polygon", "coordinates": [ [ [ 3.047570570291651, 50.600034513464919 ], [ 3.047304839867381, 50.601823167432556 ], [ 3.050119116076496, 50.601993629410664 ], [ 3.050384740590693, 50.600204967979089 ], [ 3.047570570291651, 50.600034513464919 ] ] ] } },
{ "type": "Feature", "properties": { "idcar_200m": "CRS3035RES200mN3077600E3829800", "population": 351.0, "median_education": 3.9271195657824647, "median_healthcare": 9.7114126817917388, "median_services": 0.23055336119681252, "median_commerce": 10.298349230217294, "median_entertainment": 3.0731185317517582, "PC1_pos": 0.9341506685544021, "nivvie": 16676.180626780628, "rel_education": 0.68443899615689363, "rel_sante": 0.61614550108865629, "rel_services": 0.34501899056923657, "rel_commerce": 0.27534057669452977, "rel_loisirs": 0.63228431322932743, "rel_pc1": 0.45099147669496226, "q_revenu": 1, "q_population": 4 }, "geometry": { "type": "Polygon", "coordinates": [ [ [ 3.050384740590693, 50.600204967979089 ], [ 3.050119116076496, 50.601993629410664 ], [ 3.052933411022536, 50.602164022607369 ], [ 3.053198929623962, 50.600375353714796 ], [ 3.050384740590693, 50.600204967979089 ] ] ] } },
{ "type": "Feature", "properties": { "idcar_200m": "CRS3035RES200mN3077600E3830000", "population": 272.5, "median_education": 3.6467773911215309, "median_healthcare": 11.332204169339136, "median_services": 0.20716897302025228, "median_commerce": 11.84646338770359, "median_entertainment": 2.6899699449374399, "PC1_pos": 0.86620807260049126, "nivvie": 20702.588256880732, "rel_education": 0.63557949152728632, "rel_sante": 0.71897743872503228, "rel_services": 0.3100246709814658, "rel_commerce": 0.31673154483731908, "rel_loisirs": 0.55345271640817106, "rel_pc1": 0.4181899889786807, "q_revenu": 2, "q_population": 3 }, "geometry": { "type": "Polygon", "coordinates": [ [ [ 3.053198929623962, 50.600375353714796 ], [ 3.052933411022536, 50.602164022607369 ], [ 3.055747724698199, 50.602334347021966 ], [ 3.056013137384152, 50.600545670671281 ], [ 3.053198929623962, 50.600375353714796 ] ] ] } },
{ "type": "Feature", "properties": { "idcar_200m": "CRS3035RES200mN3077800E3829400", "population": 147.5, "median_education": 3.765227574214709, "median_healthcare": 9.3391862763245097, "median_services": 0.33191116023550143, "median_commerce": 6.7108299916200487, "median_entertainment": 1.8334148781982287, "PC1_pos": 0.77177865541967794, "nivvie": 21105.54711864407, "rel_education": 0.65622361072276125, "rel_sante": 0.59252940808243038, "rel_services": 0.49669912799649113, "rel_commerce": 0.17942329966534093, "rel_loisirs": 0.37721924981045268, "rel_pc1": 0.37260113085184038, "q_revenu": 2, "q_population": 2 }, "geometry": { "type": "Polygon", "coordinates": [ [ [ 3.044490582402495, 50.601652636673791 ], [ 3.044224720865932, 50.603441281478901 ], [ 3.047039084248026, 50.603611819705314 ], [ 3.047304839867381, 50.601823167432556 ], [ 3.044490582402495, 50.601652636673791 ] ] ] } },
{ "type": "Feature", "properties": { "idcar_200m": "CRS3035RES200mN3077800E3829600", "population": 215.5, "median_education": 4.2626227493276367, "median_healthcare": 9.8224999441056973, "median_services": 0.2770683800712378, "median_commerce": 8.5113055966214599, "median_entertainment": 2.407673039711351, "PC1_pos": 0.90547862617936303, "nivvie": 14789.872389791184, "rel_education": 0.74291225074122325, "rel_sante": 0.62319348876518987, "rel_services": 0.41462788620647384, "rel_commerce": 0.22756149932465283, "rel_loisirs": 0.49537103065363658, "rel_pc1": 0.43714912003253015, "q_revenu": 1, "q_population": 3 }, "geometry": { "type": "Polygon", "coordinates": [ [ [ 3.047304839867381, 50.601823167432556 ], [ 3.047039084248026, 50.603611819705314 ], [ 3.049853466377054, 50.603782289148107 ], [ 3.050119116076496, 50.601993629410664 ], [ 3.047304839867381, 50.601823167432556 ] ] ] } },
{ "type": "Feature", "properties": { "idcar_200m": "CRS3035RES200mN3077800E3829800", "population": 615.0, "median_education": 5.0092293678540898, "median_healthcare": 11.128471303278539, "median_services": 0.25199605060330338, "median_commerce": 11.45478329103309, "median_entertainment": 3.2997004496094937, "PC1_pos": 1.0648492231771902, "nivvie": 14039.026178861788, "rel_education": 0.87303476826292292, "rel_sante": 0.70605150374932135, "rel_services": 0.37710759259920956, "rel_commerce": 0.30625943699885255, "rel_loisirs": 0.67890281845216305, "rel_pc1": 0.51409043507010754, "q_revenu": 1, "q_population": 5 }, "geometry": { "type": "Polygon", "coordinates": [ [ [ 3.050119116076496, 50.601993629410664 ], [ 3.049853466377054, 50.603782289148107 ], [ 3.052667867245709, 50.603952689806569 ], [ 3.052933411022536, 50.602164022607369 ], [ 3.050119116076496, 50.601993629410664 ] ] ] } },
{ "type": "Feature", "properties": { "idcar_200m": "CRS3035RES200mN3077800E3830000", "population": 940.5, "median_education": 4.9644282916653273, "median_healthcare": 10.559426641507574, "median_services": 0.22366115483407717, "median_commerce": 12.674752937349083, "median_entertainment": 2.9707610862664393, "PC1_pos": 1.0527788527207909, "nivvie": 13765.041892610314, "rel_education": 0.86522660171750843, "rel_sante": 0.66994817668897777, "rel_services": 0.33470492674591246, "rel_commerce": 0.33887700885015976, "rel_loisirs": 0.61122459605476676, "rel_pc1": 0.50826307297571349, "q_revenu": 1, "q_population": 5 }, "geometry": { "type": "Polygon", "coordinates": [ [ [ 3.052933411022536, 50.602164022607369 ], [ 3.052667867245709, 50.603952689806569 ], [ 3.055482286846684, 50.60412302167996 ], [ 3.055747724698199, 50.602334347021966 ], [ 3.052933411022536, 50.602164022607369 ] ] ] } },
{ "type": "Feature", "properties": { "idcar_200m": "CRS3035RES200mN3077800E3830200", "population": 72.0, "median_education": 4.3900571817811365, "median_healthcare": 11.088435806019, "median_services": 0.23025363569663301, "median_commerce": 14.95735711422515, "median_entertainment": 2.4421669292710053, "PC1_pos": 1.0179414833589897, "nivvie": 18080.473611111112, "rel_education": 0.76512219203872434, "rel_sante": 0.70351143132849192, "rel_services": 0.34457045670712766, "rel_commerce": 0.39990558113651031, "rel_loisirs": 0.5024680381544836, "rel_pc1": 0.4914442051190327, "q_revenu": 1, "q_population": 2 }, "geometry": { "type": "Polygon", "coordinates": [ [ [ 3.055747724698199, 50.602334347021966 ], [ 3.055482286846684, 50.60412302167996 ], [ 3.058296725172674, 50.604293284767508 ], [ 3.058562057096173, 50.602504602653653 ], [ 3.055747724698199, 50.602334347021966 ] ] ] } },
{ "type": "Feature", "properties": { "idcar_200m": "CRS3035RES200mN3078000E3829000", "population": 40.0, "median_education": 3.00394590528665, "median_healthcare": 7.7421531800684278, "median_services": 0.55827464906198487, "median_commerce": 5.5743501867124126, "median_entertainment": 1.6770132477911355, "PC1_pos": 0.8481379108601157, "nivvie": 16707.675, "rel_education": 0.52354344844459855, "rel_sante": 0.49120483362656192, "rel_services": 0.83544804933611083, "rel_commerce": 0.14903794392630734, "rel_loisirs": 0.34504011436606552, "rel_pc1": 0.40946603340947885, "q_revenu": 1, "q_population": 1 }, "geometry": { "type": "Polygon", "coordinates": [ [ [ 3.03859605037177, 50.603099998678211 ], [ 3.038329951780872, 50.604888626842488 ], [ 3.04114438356882, 50.605059310108174 ], [ 3.041410376238081, 50.60327067446962 ], [ 3.03859605037177, 50.603099998678211 ] ] ] } },
{ "type": "Feature", "properties": { "idcar_200m": "CRS3035RES200mN3078000E3829200", "population": 106.0, "median_education": 3.8290041355419051, "median_healthcare": 11.535939503876357, "median_services": 0.49611091123306694, "median_commerce": 8.1695824537549697, "median_entertainment": 2.1952433237958089, "PC1_pos": 1.0422689128938334, "nivvie": 23715.061320754718, "rel_education": 0.66733892434689013, "rel_sante": 0.73190353031449407, "rel_services": 0.74242112505095559, "rel_commerce": 0.21842505957849931, "rel_loisirs": 0.45166429573619227, "rel_pc1": 0.50318905928382185, "q_revenu": 3, "q_population": 2 }, "geometry": { "type": "Polygon", "coordinates": [ [ [ 3.041410376238081, 50.60327067446962 ], [ 3.04114438356882, 50.605059310108174 ], [ 3.043958834121018, 50.605229924588777 ], [ 3.044224720865932, 50.603441281478901 ], [ 3.041410376238081, 50.60327067446962 ] ] ] } },
{ "type": "Feature", "properties": { "idcar_200m": "CRS3035RES200mN3078000E3829400", "population": 479.0, "median_education": 4.4564892253095021, "median_healthcare": 11.98576295089622, "median_services": 0.32913123075739031, "median_commerce": 7.991487677149264, "median_entertainment": 2.0648304945298888, "PC1_pos": 0.97924801251476201, "nivvie": 13033.959916492693, "rel_education": 0.77670031702920861, "rel_sante": 0.76044280696217803, "rel_services": 0.49253901314319776, "rel_commerce": 0.21366344998450579, "rel_loisirs": 0.42483227304109222, "rel_pc1": 0.47276367943734982, "q_revenu": 1, "q_population": 5 }, "geometry": { "type": "Polygon", "coordinates": [ [ [ 3.044224720865932, 50.603441281478901 ], [ 3.043958834121018, 50.605229924588777 ], [ 3.046773303430164, 50.605400470283556 ], [ 3.047039084248026, 50.603611819705314 ], [ 3.044224720865932, 50.603441281478901 ] ] ] } },
{ "type": "Feature", "properties": { "idcar_200m": "CRS3035RES200mN3078000E3829600", "population": 691.0, "median_education": 4.8287246575697731, "median_healthcare": 12.714363036275648, "median_services": 0.29751796197671859, "median_commerce": 10.171764878541289, "median_entertainment": 2.4767964439733339, "PC1_pos": 1.0589417072704101, "nivvie": 13245.261070911723, "rel_education": 0.84157546058483523, "rel_sante": 0.80666920876477544, "rel_services": 0.4452303205842098, "rel_commerce": 0.27195616938692879, "rel_loisirs": 0.50959295009484595, "rel_pc1": 0.51123839052089082, "q_revenu": 1, "q_population": 5 }, "geometry": { "type": "Polygon", "coordinates": [ [ [ 3.047039084248026, 50.603611819705314 ], [ 3.046773303430164, 50.605400470283556 ], [ 3.049587791488944, 50.605570947191758 ], [ 3.049853466377054, 50.603782289148107 ], [ 3.047039084248026, 50.603611819705314 ] ] ] } },
{ "type": "Feature", "properties": { "idcar_200m": "CRS3035RES200mN3078000E3829800", "population": 783.5, "median_education": 5.3109105032828658, "median_healthcare": 13.350381029851651, "median_services": 0.27529401745112136, "median_commerce": 12.737783057987031, "median_entertainment": 2.9851149303025446, "PC1_pos": 1.1515722361261103, "nivvie": 16277.036630504148, "rel_education": 0.92561333890066266, "rel_sante": 0.84702169281563211, "rel_services": 0.41197258421079502, "rel_commerce": 0.34056220609659377, "rel_loisirs": 0.61417785357633603, "rel_pc1": 0.55595877707300367, "q_revenu": 1, "q_population": 5 }, "geometry": { "type": "Polygon", "coordinates": [ [ [ 3.049853466377054, 50.603782289148107 ], [ 3.049587791488944, 50.605570947191758 ], [ 3.052402298290054, 50.605741355312695 ], [ 3.052667867245709, 50.603952689806569 ], [ 3.049853466377054, 50.603782289148107 ] ] ] } },
{ "type": "Feature", "properties": { "idcar_200m": "CRS3035RES200mN3078000E3830000", "population": 269.5, "median_education": 5.8239168800275269, "median_healthcare": 12.158284560321896, "median_services": 0.25881806487069436, "median_commerce": 14.386254004540849, "median_entertainment": 2.9359024840881371, "PC1_pos": 1.1196546995515757, "nivvie": 18099.31576994434, "rel_education": 1.0150227810222043, "rel_sante": 0.77138852793720225, "rel_services": 0.38731661520450095, "rel_commerce": 0.38463635147093245, "rel_loisirs": 0.60405255009860959, "rel_pc1": 0.54054955301871876, "q_revenu": 1, "q_population": 3 }, "geometry": { "type": "Polygon", "coordinates": [ [ [ 3.052667867245709, 50.603952689806569 ], [ 3.052402298290054, 50.605741355312695 ], [ 3.055216823826188, 50.605911694645613 ], [ 3.055482286846684, 50.60412302167996 ], [ 3.052667867245709, 50.603952689806569 ] ] ] } },
{ "type": "Feature", "properties": { "idcar_200m": "CRS3035RES200mN3078000E3830200", "population": 520.5, "median_education": 5.6406825342725, "median_healthcare": 12.337461190853491, "median_services": 0.33001387479629729, "median_commerce": 18.101736568477722, "median_entertainment": 2.6615672835778774, "PC1_pos": 1.2634818287856313, "nivvie": 18390.485494716617, "rel_education": 0.98308773815700246, "rel_sante": 0.78275648010025445, "rel_services": 0.49385987419573163, "rel_commerce": 0.48397490457137565, "rel_loisirs": 0.54760895963599765, "rel_pc1": 0.60998675580147999, "q_revenu": 1, "q_population": 5 }, "geometry": { "type": "Polygon", "coordinates": [ [ [ 3.055482286846684, 50.60412302167996 ], [ 3.055216823826188, 50.605911694645613 ], [ 3.058031368090035, 50.606081965189745 ], [ 3.058296725172674, 50.604293284767508 ], [ 3.055482286846684, 50.60412302167996 ] ] ] } },
{ "type": "Feature", "properties": { "idcar_200m": "CRS3035RES200mN3078000E3830400", "population": 104.0, "median_education": 4.7133701193784043, "median_healthcare": 10.28267086220421, "median_services": 0.55401387559950588, "median_commerce": 11.457078303565908, "median_entertainment": 2.4099110965461827, "PC1_pos": 1.1792113847186427, "nivvie": 19308.85, "rel_education": 0.82147086661989144, "rel_sante": 0.65238926596142, "rel_services": 0.82907187788739456, "rel_commerce": 0.30632079732565648, "rel_loisirs": 0.49583150369239476, "rel_pc1": 0.56930247082384944, "q_revenu": 2, "q_population": 2 }, "geometry": { "type": "Polygon", "coordinates": [ [ [ 3.058296725172674, 50.604293284767508 ], [ 3.058031368090035, 50.606081965189745 ], [ 3.060845931074288, 50.606252166944373 ], [ 3.06111118221637, 50.604463479068521 ], [ 3.058296725172674, 50.604293284767508 ] ] ] } },
{ "type": "Feature", "properties": { "idcar_200m": "CRS3035RES200mN3078000E3831200", "population": 175.0, "median_education": 4.8424769691034095, "median_healthcare": 15.515831252911962, "median_services": 1.3690912101645702, "median_commerce": 9.5653842829600322, "median_entertainment": 3.7869366530537345, "PC1_pos": 1.8887739203123446, "nivvie": 24952.761142857144, "rel_education": 0.84397228557150794, "rel_sante": 0.98440978005773183, "rel_services": 2.0488205631708878, "rel_commerce": 0.25574374745877937, "rel_loisirs": 0.77915010962957088, "rel_pc1": 0.91186675569454967, "q_revenu": 3, "q_population": 2 }, "geometry": { "type": "Polygon", "coordinates": [ [ [ 3.069554665580608, 50.604973649244769 ], [ 3.06928973227638, 50.606762359463822 ], [ 3.072104370069159, 50.606932286053045 ], [ 3.072369197422039, 50.605143568392137 ], [ 3.069554665580608, 50.604973649244769 ] ] ] } },
{ "type": "Feature", "properties": { "idcar_200m": "CRS3035RES200mN3078200E3829000", "population": 2.0, "median_education": 3.3813686929851188, "median_healthcare": 8.5779458635546408, "median_services": 0.41760702917865955, "median_commerce": 6.356215002169435, "median_entertainment": 2.0412515825382482, "PC1_pos": 0.77373984472837032, "nivvie": 23318.1, "rel_education": 0.58932267151432105, "rel_sante": 0.54423212416055189, "rel_services": 0.62494146653903049, "rel_commerce": 0.16994217861213731, "rel_loisirs": 0.41998098727996963, "rel_pc1": 0.37354795848059358, "q_revenu": 3, "q_population": 1 }, "geometry": { "type": "Polygon", "coordinates": [ [ [ 3.038329951780872, 50.604888626842488 ], [ 3.038063827958508, 50.606677253310401 ], [ 3.040878365677937, 50.606847944051061 ], [ 3.04114438356882, 50.605059310108174 ], [ 3.038329951780872, 50.604888626842488 ] ] ] } },
{ "type": "Feature", "properties": { "idcar_200m": "CRS3035RES200mN3078200E3829200", "population": 348.0, "median_education": 4.169730886480334, "median_healthcare": 14.699338652784832, "median_services": 0.45441160792650453, "median_commerce": 10.735777643260668, "median_entertainment": 2.7348255430233861, "PC1_pos": 1.2164207299030549, "nivvie": 15981.95316091954, "rel_education": 0.72672256965477944, "rel_sante": 0.93260699309721595, "rel_services": 0.68001886181962912, "rel_commerce": 0.28703582889636198, "rel_loisirs": 0.56268161231219482, "rel_pc1": 0.58726648679735327, "q_revenu": 1, "q_population": 4 }, "geometry": { "type": "Polygon", "coordinates": [ [ [ 3.04114438356882, 50.605059310108174 ], [ 3.040878365677937, 50.606847944051061 ], [ 3.043692922164323, 50.607018566003681 ], [ 3.043958834121018, 50.605229924588777 ], [ 3.04114438356882, 50.605059310108174 ] ] ] } },
{ "type": "Feature", "properties": { "idcar_200m": "CRS3035RES200mN3078200E3829400", "population": 312.0, "median_education": 5.0583721858644513, "median_healthcare": 21.410403339525125, "median_services": 0.3460693447901389, "median_commerce": 14.101374907014204, "median_entertainment": 3.1154241515909749, "PC1_pos": 1.3963468188057078, "nivvie": 17076.843589743592, "rel_education": 0.88159963634598337, "rel_sante": 1.3583938945232898, "rel_services": 0.51788659851514474, "rel_commerce": 0.37701971571235382, "rel_loisirs": 0.6409885592612995, "rel_pc1": 0.67413163099912166, "q_revenu": 1, "q_population": 4 }, "geometry": { "type": "Polygon", "coordinates": [ [ [ 3.043958834121018, 50.605229924588777 ], [ 3.043692922164323, 50.607018566003681 ], [ 3.046507497410362, 50.607189119167558 ], [ 3.046773303430164, 50.605400470283556 ], [ 3.043958834121018, 50.605229924588777 ] ] ] } },
{ "type": "Feature", "properties": { "idcar_200m": "CRS3035RES200mN3078200E3829600", "population": 150.0, "median_education": 4.9876528938466675, "median_healthcare": 16.703625914291027, "median_services": 0.32905793899866587, "median_commerce": 12.932239950097335, "median_entertainment": 2.8183705314490735, "PC1_pos": 1.1923556196199874, "nivvie": 19250.740666666668, "rel_education": 0.86927430720160992, "rel_sante": 1.0597700145371103, "rel_services": 0.49242933333423344, "rel_commerce": 0.34576127942562551, "rel_loisirs": 0.57987072658966354, "rel_pc1": 0.57564827574347377, "q_revenu": 2, "q_population": 2 }, "geometry": { "type": "Polygon", "coordinates": [ [ [ 3.046773303430164, 50.605400470283556 ], [ 3.046507497410362, 50.607189119167558 ], [ 3.049322091408739, 50.607359603541951 ], [ 3.049587791488944, 50.605570947191758 ], [ 3.046773303430164, 50.605400470283556 ] ] ] } },
{ "type": "Feature", "properties": { "idcar_200m": "CRS3035RES200mN3078200E3830000", "population": 101.0, "median_education": 5.9156435091512378, "median_healthcare": 11.124812275311433, "median_services": 0.30717557133074724, "median_commerce": 13.858189888838274, "median_entertainment": 2.7779893012720209, "PC1_pos": 1.1251928681484324, "nivvie": 23980.970297029704, "rel_education": 1.0310093790635042, "rel_sante": 0.70581935486489411, "rel_services": 0.45968276063254443, "rel_commerce": 0.3705178286961745, "rel_loisirs": 0.57156241757845894, "rel_pc1": 0.5432232831971141, "q_revenu": 3, "q_population": 2 }, "geometry": { "type": "Polygon", "coordinates": [ [ [ 3.052402298290054, 50.605741355312695 ], [ 3.052136704152149, 50.607530019126067 ], [ 3.054951335633285, 50.607700365919229 ], [ 3.055216823826188, 50.605911694645613 ], [ 3.052402298290054, 50.605741355312695 ] ] ] } },
{ "type": "Feature", "properties": { "idcar_200m": "CRS3035RES200mN3078200E3830200", "population": 251.0, "median_education": 6.4630864468697879, "median_healthcare": 12.300917329473748, "median_services": 0.37668327817106911, "median_commerce": 16.839383778213936, "median_entertainment": 2.7781757614568248, "PC1_pos": 1.31468828161393, "nivvie": 18759.146613545818, "rel_education": 1.1264206056556361, "rel_sante": 0.78043793628800839, "rel_services": 0.56369980348258741, "rel_commerce": 0.45022416088487066, "rel_loisirs": 0.57160078116537405, "rel_pc1": 0.63470832862129367, "q_revenu": 1, "q_population": 3 }, "geometry": { "type": "Polygon", "coordinates": [ [ [ 3.055216823826188, 50.605911694645613 ], [ 3.054951335633285, 50.607700365919229 ], [ 3.057765985844834, 50.607870643920656 ], [ 3.058031368090035, 50.606081965189745 ], [ 3.055216823826188, 50.605911694645613 ] ] ] } },
{ "type": "Feature", "properties": { "idcar_200m": "CRS3035RES200mN3078200E3830400", "population": 217.0, "median_education": 6.3652419335369164, "median_healthcare": 14.338271308873596, "median_services": 0.51000319245313874, "median_commerce": 18.834849429660977, "median_entertainment": 3.0791442696038649, "PC1_pos": 1.4868815817922068, "nivvie": 21162.115668202765, "rel_education": 1.1093677506652972, "rel_sante": 0.90969889240883151, "rel_services": 0.76321067597475012, "rel_commerce": 0.50357568849003431, "rel_loisirs": 0.63352408952827399, "rel_pc1": 0.71784021873122128, "q_revenu": 2, "q_population": 3 }, "geometry": { "type": "Polygon", "coordinates": [ [ [ 3.058031368090035, 50.606081965189745 ], [ 3.057765985844834, 50.607870643920656 ], [ 3.060580654779491, 50.608040853129637 ], [ 3.060845931074288, 50.606252166944373 ], [ 3.058031368090035, 50.606081965189745 ] ] ] } },
{ "type": "Feature", "properties": { "idcar_200m": "CRS3035RES200mN3078200E3831000", "population": 531.0, "median_education": 5.4438822214990559, "median_healthcare": 15.701701285889293, "median_services": 1.316344222932976, "median_commerce": 12.516407067089668, "median_entertainment": 4.3185365168600054, "PC1_pos": 1.956072606266765, "nivvie": 19357.983050847459, "rel_education": 0.94878834740464058, "rel_sante": 0.99620239853237513, "rel_services": 1.9698856381030303, "rel_commerce": 0.33464341351757027, "rel_loisirs": 0.88852508209701864, "rel_pc1": 0.94435737501314732, "q_revenu": 2, "q_population": 5 }, "geometry": { "type": "Polygon", "coordinates": [ [ [ 3.066475113174772, 50.606592364082161 ], [ 3.06621004878887, 50.608381065167322 ], [ 3.069024773848976, 50.608551067994497 ], [ 3.06928973227638, 50.606762359463822 ], [ 3.066475113174772, 50.606592364082161 ] ] ] } },
{ "type": "Feature", "properties": { "idcar_200m": "CRS3035RES200mN3078200E3831200", "population": 350.0, "median_education": 5.4146028792230112, "median_healthcare": 18.002973435583147, "median_services": 1.2993015097159422, "median_commerce": 12.068297384474766, "median_entertainment": 5.0632823346760336, "PC1_pos": 2.0487324764362067, "nivvie": 23237.283714285713, "rel_education": 0.94368539005896646, "rel_sante": 1.1422077767687457, "rel_services": 1.9443815219184803, "rel_commerce": 0.32266258283535165, "rel_loisirs": 1.0417541531800012, "rel_pc1": 0.98909192703434123, "q_revenu": 3, "q_population": 4 }, "geometry": { "type": "Polygon", "coordinates": [ [ [ 3.06928973227638, 50.606762359463822 ], [ 3.069024773848976, 50.608551067994497 ], [ 3.071839517602946, 50.608721002026286 ], [ 3.072104370069159, 50.606932286053045 ], [ 3.06928973227638, 50.606762359463822 ] ] ] } },
{ "type": "Feature", "properties": { "idcar_200m": "CRS3035RES200mN3078200E3831400", "population": 265.5, "median_education": 5.107902825015989, "median_healthcare": 18.962522581100053, "median_services": 1.1330605234997124, "median_commerce": 10.891582056032867, "median_entertainment": 4.9923729713836309, "PC1_pos": 1.9689924952187723, "nivvie": 24421.677212806026, "rel_education": 0.89023209593169839, "rel_sante": 1.203086858778329, "rel_services": 1.6956048527872263, "rel_commerce": 0.29120147485623826, "rel_loisirs": 1.0271647783779467, "rel_pc1": 0.95059486966293183, "q_revenu": 3, "q_population": 3 }, "geometry": { "type": "Polygon", "coordinates": [ [ [ 3.072104370069159, 50.606932286053045 ], [ 3.071839517602946, 50.608721002026286 ], [ 3.074654280043464, 50.60889086726197 ], [ 3.074919026545792, 50.607102143849119 ], [ 3.072104370069159, 50.606932286053045 ] ] ] } },
{ "type": "Feature", "properties": { "idcar_200m": "CRS3035RES200mN3078400E3828400", "population": 2.0, "median_education": 1.4122040288029774, "median_healthcare": 3.0114382502133497, "median_services": 0.18053211825829379, "median_commerce": 3.1200346272261599, "median_entertainment": 1.4464819117532042, "PC1_pos": 0.35656284228307911, "nivvie": 25435.3, "rel_education": 0.24612632532619252, "rel_sante": 0.19106222652386726, "rel_services": 0.27016309319225706, "rel_commerce": 0.083418430892465159, "rel_loisirs": 0.29760902897884006, "rel_pc1": 0.17214225519385137, "q_revenu": 4, "q_population": 1 }, "geometry": { "type": "Polygon", "coordinates": [ [ [ 3.029620327475032, 50.60616476836767 ], [ 3.029353860610044, 50.607953370694702 ], [ 3.03216844791796, 50.60812427527955 ], [ 3.032434808849746, 50.606335665467995 ], [ 3.029620327475032, 50.60616476836767 ] ] ] } },
{ "type": "Feature", "properties": { "idcar_200m": "CRS3035RES200mN3078400E3829000", "population": 1.0, "median_education": 4.2571963346159336, "median_healthcare": 12.134533983503744, "median_services": 0.34356820230428053, "median_commerce": 9.9282517889547446, "median_entertainment": 3.42073102217527, "PC1_pos": 1.0829181416147495, "nivvie": 23318.1, "rel_education": 0.74196650672304509, "rel_sante": 0.76988166054990625, "rel_services": 0.51414368342051719, "rel_commerce": 0.26544551092890223, "rel_loisirs": 0.70380447182603489, "rel_pc1": 0.52281379039462517, "q_revenu": 3, "q_population": 1 }, "geometry": { "type": "Polygon", "coordinates": [ [ [ 3.038063827958508, 50.606677253310401 ], [ 3.037797678901244, 50.608465878082242 ], [ 3.040612322561999, 50.608636576298622 ], [ 3.040878365677937, 50.606847944051061 ], [ 3.038063827958508, 50.606677253310401 ] ] ] } },
{ "type": "Feature", "properties": { "idcar_200m": "CRS3035RES200mN3078400E3829200", "population": 442.5, "median_education": 4.9848187993314026, "median_healthcare": 16.917801322726802, "median_services": 0.34827311618114559, "median_commerce": 13.863134343653291, "median_entertainment": 4.1663525823642935, "PC1_pos": 1.4775348927695862, "nivvie": 16664.058983050847, "rel_education": 0.86878036634431, "rel_sante": 1.0733584819079749, "rel_services": 0.52118450307321984, "rel_commerce": 0.37065002551818677, "rel_loisirs": 0.85721372410253605, "rel_pc1": 0.71332780202327906, "q_revenu": 1, "q_population": 5 }, "geometry": { "type": "Polygon", "coordinates": [ [ [ 3.040878365677937, 50.606847944051061 ], [ 3.040612322561999, 50.608636576298622 ], [ 3.043426984992417, 50.608807205723998 ], [ 3.043692922164323, 50.607018566003681 ], [ 3.040878365677937, 50.606847944051061 ] ] ] } },
{ "type": "Feature", "properties": { "idcar_200m": "CRS3035RES200mN3078400E3829400", "population": 929.5, "median_education": 5.2670967997301323, "median_healthcare": 19.276767713134657, "median_services": 0.42073250824750519, "median_commerce": 19.177967923601862, "median_entertainment": 4.1774344981947067, "PC1_pos": 1.6239057900054115, "nivvie": 14723.969768692847, "rel_education": 0.91797725683714815, "rel_sante": 1.2230243004962738, "rel_services": 0.62961869018817029, "rel_commerce": 0.51274943487251634, "rel_loisirs": 0.85949379285605199, "rel_pc1": 0.78399309115881544, "q_revenu": 1, "q_population": 5 }, "geometry": { "type": "Polygon", "coordinates": [ [ [ 3.043692922164323, 50.607018566003681 ], [ 3.043426984992417, 50.608807205723998 ], [ 3.04624166618519, 50.608977766357718 ], [ 3.046507497410362, 50.607189119167558 ], [ 3.043692922164323, 50.607018566003681 ] ] ] } },
{ "type": "Feature", "properties": { "idcar_200m": "CRS3035RES200mN3078400E3829600", "population": 302.5, "median_education": 4.9550451982872037, "median_healthcare": 15.515227368322087, "median_services": 0.4102704614815893, "median_commerce": 17.665768081949594, "median_entertainment": 3.2922507788766833, "PC1_pos": 1.3771298701445187, "nivvie": 14446.218842975208, "rel_education": 0.86359126698807309, "rel_sante": 0.98437146629376981, "rel_services": 0.61396242390895917, "rel_commerce": 0.47231868551938655, "rel_loisirs": 0.67737007251528747, "rel_pc1": 0.66485402691872997, "q_revenu": 1, "q_population": 4 }, "geometry": { "type": "Polygon", "coordinates": [ [ [ 3.046507497410362, 50.607189119167558 ], [ 3.04624166618519, 50.608977766357718 ], [ 3.049056366133009, 50.609148258198957 ], [ 3.049322091408739, 50.607359603541951 ], [ 3.046507497410362, 50.607189119167558 ] ] ] } },
{ "type": "Feature", "properties": { "idcar_200m": "CRS3035RES200mN3078400E3830400", "population": 56.5, "median_education": 5.9958550225100549, "median_healthcare": 15.589530264327756, "median_services": 0.52189622728826879, "median_commerce": 18.477464560888485, "median_entertainment": 3.4417798674101694, "PC1_pos": 1.5215377621444832, "nivvie": 19082.058407079647, "rel_education": 1.0449890623310789, "rel_sante": 0.98908565120093461, "rel_services": 0.7810083903620868, "rel_commerce": 0.49402051089118332, "rel_loisirs": 0.70813520444051437, "rel_pc1": 0.73457161172788521, "q_revenu": 1, "q_population": 1 }, "geometry": { "type": "Polygon", "coordinates": [ [ [ 3.057765985844834, 50.607870643920656 ], [ 3.057500578433642, 50.60965932096061 ], [ 3.060315353328548, 50.60982953762467 ], [ 3.060580654779491, 50.608040853129637 ], [ 3.057765985844834, 50.607870643920656 ] ] ] } },
{ "type": "Feature", "properties": { "idcar_200m": "CRS3035RES200mN3078400E3830600", "population": 107.0, "median_education": 5.7559146092915894, "median_healthcare": 15.835081938290882, "median_services": 0.66734847084287829, "median_commerce": 17.401208796475483, "median_entertainment": 3.7777037949397818, "PC1_pos": 1.6356905970596083, "nivvie": 19014.094392523366, "rel_education": 1.0031709885979467, "rel_sante": 1.0046648016453223, "rel_services": 0.99867507709671466, "rel_commerce": 0.46524532797402418, "rel_loisirs": 0.7772504785898281, "rel_pc1": 0.78968258827619386, "q_revenu": 1, "q_population": 2 }, "geometry": { "type": "Polygon", "coordinates": [ [ [ 3.060580654779491, 50.608040853129637 ], [ 3.060315353328548, 50.60982953762467 ], [ 3.063130146941945, 50.609999685492596 ], [ 3.063395342429937, 50.608210993545427 ], [ 3.060580654779491, 50.608040853129637 ] ] ] } },
{ "type": "Feature", "properties": { "idcar_200m": "CRS3035RES200mN3078400E3831000", "population": 283.0, "median_education": 5.8942446241158191, "median_healthcare": 17.702190809543275, "median_services": 1.0277439910867328, "median_commerce": 14.467337023475622, "median_entertainment": 4.7686914546083425, "PC1_pos": 1.9268147245585965, "nivvie": 21520.127561837453, "rel_education": 1.0272798691397083, "rel_sante": 1.1231244705688586, "rel_services": 1.5380005415130131, "rel_commerce": 0.3868042178633565, "rel_loisirs": 0.98114302140531917, "rel_pc1": 0.93023218544715069, "q_revenu": 2, "q_population": 3 }, "geometry": { "type": "Polygon", "coordinates": [ [ [ 3.06621004878887, 50.608381065167322 ], [ 3.065944959266524, 50.610169764563672 ], [ 3.068759790294971, 50.610339774837115 ], [ 3.069024773848976, 50.608551067994497 ], [ 3.06621004878887, 50.608381065167322 ] ] ] } },
{ "type": "Feature", "properties": { "idcar_200m": "CRS3035RES200mN3078400E3831200", "population": 507.5, "median_education": 5.048467648518784, "median_healthcare": 15.134624587941911, "median_services": 0.83430512912319155, "median_commerce": 10.280820113051909, "median_entertainment": 4.7277042220185956, "PC1_pos": 1.6065577840881209, "nivvie": 14845.102463054187, "rel_education": 0.87987342162684579, "rel_sante": 0.9602239299345372, "rel_services": 1.2485227366999661, "rel_commerce": 0.27487191155982049, "rel_loisirs": 0.97271002933507644, "rel_pc1": 0.77561777969170576, "q_revenu": 1, "q_population": 5 }, "geometry": { "type": "Polygon", "coordinates": [ [ [ 3.069024773848976, 50.608551067994497 ], [ 3.068759790294971, 50.610339774837115 ], [ 3.07157464001998, 50.61050971631218 ], [ 3.071839517602946, 50.608721002026286 ], [ 3.069024773848976, 50.608551067994497 ] ] ] } },
{ "type": "Feature", "properties": { "idcar_200m": "CRS3035RES200mN3078400E3831400", "population": 234.5, "median_education": 5.7931618151017013, "median_healthcare": 21.727410961028156, "median_services": 1.1036429797102709, "median_commerce": 11.00522819167483, "median_entertainment": 5.9140923671967789, "PC1_pos": 2.1179656295969544, "nivvie": 25956.013646055439, "rel_education": 1.0096626269927769, "rel_sante": 1.378506603786086, "rel_services": 1.6515820234926442, "rel_commerce": 0.29423996110556333, "rel_loisirs": 1.2168055973539926, "rel_pc1": 1.0225164730216953, "q_revenu": 4, "q_population": 3 }, "geometry": { "type": "Polygon", "coordinates": [ [ [ 3.071839517602946, 50.608721002026286 ], [ 3.07157464001998, 50.61050971631218 ], [ 3.074389508434233, 50.610679588988184 ], [ 3.074654280043464, 50.60889086726197 ], [ 3.071839517602946, 50.608721002026286 ] ] ] } },
{ "type": "Feature", "properties": { "idcar_200m": "CRS3035RES200mN3078400E3831600", "population": 333.5, "median_education": 5.9355405396650713, "median_healthcare": 27.212475372519179, "median_services": 1.3546947812474954, "median_commerce": 12.017372832950866, "median_entertainment": 6.3327061002054084, "PC1_pos": 2.4116854841448165, "nivvie": 26980.043478260868, "rel_education": 1.0344771379038638, "rel_sante": 1.7265092961913029, "rel_services": 2.0272765642155623, "rel_commerce": 0.32130104468287191, "rel_loisirs": 1.302934034623495, "rel_pc1": 1.1643192414574977, "q_revenu": 4, "q_population": 4 }, "geometry": { "type": "Polygon", "coordinates": [ [ [ 3.074654280043464, 50.60889086726197 ], [ 3.074389508434233, 50.610679588988184 ], [ 3.07720439553042, 50.610849392864381 ], [ 3.077469061163221, 50.609060663700731 ], [ 3.074654280043464, 50.60889086726197 ] ] ] } },
{ "type": "Feature", "properties": { "idcar_200m": "CRS3035RES200mN3078600E3828200", "population": 163.5, "median_education": 1.8093583542669378, "median_healthcare": 3.6479072624603632, "median_services": 0.18087030788186093, "median_commerce": 4.2051651396113359, "median_entertainment": 2.0623978689014297, "PC1_pos": 0.46072092136882836, "nivvie": 27124.729051987768, "rel_education": 0.31534446429206342, "rel_sante": 0.23144332568296364, "rel_services": 0.27066918792858369, "rel_commerce": 0.11243089244234995, "rel_loisirs": 0.4243317680950765, "rel_pc1": 0.2224279398032577, "q_revenu": 4, "q_population": 2 }, "geometry": { "type": "Polygon", "coordinates": [ [ [ 3.026539292101022, 50.607782397321834 ], [ 3.026272694027841, 50.6095709904627 ], [ 3.029087368477192, 50.609741971323785 ], [ 3.029353860610044, 50.607953370694702 ], [ 3.026539292101022, 50.607782397321834 ] ] ] } },
{ "type": "Feature", "properties": { "idcar_200m": "CRS3035RES200mN3078600E3828400", "population": 12.0, "median_education": 1.7264162341878424, "median_healthcare": 4.1668365068068871, "median_services": 0.17490469248373958, "median_commerce": 4.0292722904948217, "median_entertainment": 1.820709135054065, "PC1_pos": 0.44640990655491697, "nivvie": 25435.3, "rel_education": 0.30088887656290564, "rel_sante": 0.26436705467729732, "rel_services": 0.26174175094783592, "rel_commerce": 0.10772815441807701, "rel_loisirs": 0.37460508377846552, "rel_pc1": 0.21551883410843742, "q_revenu": 4, "q_population": 1 }, "geometry": { "type": "Polygon", "coordinates": [ [ [ 3.029353860610044, 50.607953370694702 ], [ 3.029087368477192, 50.609741971323785 ], [ 3.031902061728152, 50.609912883393932 ], [ 3.03216844791796, 50.60812427527955 ], [ 3.029353860610044, 50.607953370694702 ] ] ] } },
{ "type": "Feature", "properties": { "idcar_200m": "CRS3035RES200mN3078600E3829000", "population": 10.0, "median_education": 4.3434492197063355, "median_healthcare": 11.797152491676394, "median_services": 0.33769115340050082, "median_commerce": 11.999627949327992, "median_entertainment": 3.6826064598723778, "PC1_pos": 1.1519881937681153, "nivvie": 23318.09, "rel_education": 0.75699911194374914, "rel_sante": 0.74847632075523818, "rel_services": 0.50534878461799149, "rel_commerce": 0.32082661073419955, "rel_loisirs": 0.75768450592337266, "rel_pc1": 0.55615959409056337, "q_revenu": 3, "q_population": 1 }, "geometry": { "type": "Polygon", "coordinates": [ [ [ 3.037797678901244, 50.608465878082242 ], [ 3.037531504605649, 50.61025450115833 ], [ 3.040346254217573, 50.610425206851147 ], [ 3.040612322561999, 50.608636576298622 ], [ 3.037797678901244, 50.608465878082242 ] ] ] } },
{ "type": "Feature", "properties": { "idcar_200m": "CRS3035RES200mN3078600E3829200", "population": 938.0, "median_education": 4.4764979294739806, "median_healthcare": 12.509846085644213, "median_services": 0.32378502392196479, "median_commerce": 14.244844571581908, "median_entertainment": 4.3697847879650604, "PC1_pos": 1.3263635914787708, "nivvie": 15200.925479744135, "rel_education": 0.78018753893914483, "rel_sante": 0.79369352714595243, "rel_services": 0.48453851002254161, "rel_commerce": 0.38085557515906332, "rel_loisirs": 0.89906925003751759, "rel_pc1": 0.64034496242573569, "q_revenu": 1, "q_population": 5 }, "geometry": { "type": "Polygon", "coordinates": [ [ [ 3.040612322561999, 50.608636576298622 ], [ 3.040346254217573, 50.610425206851147 ], [ 3.043161022601867, 50.610595843750026 ], [ 3.043426984992417, 50.608807205723998 ], [ 3.040612322561999, 50.608636576298622 ] ] ] } },
{ "type": "Feature", "properties": { "idcar_200m": "CRS3035RES200mN3078600E3829400", "population": 459.0, "median_education": 5.8163268124821492, "median_healthcare": 17.476282893441688, "median_services": 0.52436639892540071, "median_commerce": 26.227567156373073, "median_entertainment": 4.8074039479374928, "PC1_pos": 1.8348107553414925, "nivvie": 17018.282788671022, "rel_education": 1.0136999442395442, "rel_sante": 1.1087916283009893, "rel_services": 0.78470495813430197, "rel_commerce": 0.70123019764575389, "rel_loisirs": 0.98910799314497544, "rel_pc1": 0.88581429084431318, "q_revenu": 1, "q_population": 5 }, "geometry": { "type": "Polygon", "coordinates": [ [ [ 3.043426984992417, 50.608807205723998 ], [ 3.043161022601867, 50.610595843750026 ], [ 3.045975809751225, 50.610766411854271 ], [ 3.04624166618519, 50.608977766357718 ], [ 3.043426984992417, 50.608807205723998 ] ] ] } },
{ "type": "Feature", "properties": { "idcar_200m": "CRS3035RES200mN3078600E3829600", "population": 38.0, "median_education": 4.7397927735521801, "median_healthcare": 14.057282707849586, "median_services": 0.54589947624243274, "median_commerce": 20.113513214685199, "median_entertainment": 3.2344235022335495, "PC1_pos": 1.4914328015512346, "nivvie": 23318.092105263157, "rel_education": 0.82607594537941653, "rel_sante": 0.89187142816125131, "rel_services": 0.81692882405933454, "rel_commerce": 0.53776252912794409, "rel_loisirs": 0.66547229521823537, "rel_pc1": 0.72003746740745844, "q_revenu": 3, "q_population": 1 }, "geometry": { "type": "Polygon", "coordinates": [ [ [ 3.04624166618519, 50.608977766357718 ], [ 3.045975809751225, 50.610766411854271 ], [ 3.04879061565833, 50.61093691116313 ], [ 3.049056366133009, 50.609148258198957 ], [ 3.04624166618519, 50.608977766357718 ] ] ] } },
{ "type": "Feature", "properties": { "idcar_200m": "CRS3035RES200mN3078600E3830000", "population": 182.0, "median_education": 4.0592534701388256, "median_healthcare": 9.7629744048691141, "median_services": 0.37250947615766372, "median_commerce": 13.989001537833305, "median_entertainment": 2.3874977289395014, "PC1_pos": 1.1299713131025682, "nivvie": 20180.195604395605, "rel_education": 0.70746798606694228, "rel_sante": 0.61941686075006464, "rel_services": 0.55745378325531481, "rel_commerce": 0.37401525863057328, "rel_loisirs": 0.49122002496226297, "rel_pc1": 0.54553023219229735, "q_revenu": 2, "q_population": 3 }, "geometry": { "type": "Polygon", "coordinates": [ [ [ 3.051871084828565, 50.60931868124699 ], [ 3.051605440315875, 50.611107341675854 ], [ 3.054420283716551, 50.611277703391679 ], [ 3.054685822264548, 50.609489035501134 ], [ 3.051871084828565, 50.60931868124699 ] ] ] } },
{ "type": "Feature", "properties": { "idcar_200m": "CRS3035RES200mN3078600E3830200", "population": 80.0, "median_education": 5.8978128929213902, "median_healthcare": 12.007132326763324, "median_services": 0.31729389511245365, "median_commerce": 15.33930838786646, "median_entertainment": 3.2518494393387432, "PC1_pos": 1.2707175654781162, "nivvie": 17304.36125, "rel_education": 1.0279017657431586, "rel_sante": 0.76179859784791348, "rel_services": 0.47482465159997622, "rel_commerce": 0.41011757546711908, "rel_loisirs": 0.66905762606736929, "rel_pc1": 0.61348004193375838, "q_revenu": 1, "q_population": 2 }, "geometry": { "type": "Polygon", "coordinates": [ [ [ 3.054685822264548, 50.609489035501134 ], [ 3.054420283716551, 50.611277703391679 ], [ 3.057235145853043, 50.611447996309906 ], [ 3.057500578433642, 50.60965932096061 ], [ 3.054685822264548, 50.609489035501134 ] ] ] } },
{ "type": "Feature", "properties": { "idcar_200m": "CRS3035RES200mN3078600E3830400", "population": 248.0, "median_education": 6.419531962496686, "median_healthcare": 16.412932872558422, "median_services": 0.46088654378228444, "median_commerce": 19.761981397409166, "median_entertainment": 4.043154938123374, "PC1_pos": 1.5607235821070187, "nivvie": 21410.777016129032, "rel_education": 1.1188297016703848, "rel_sante": 1.0413268471288155, "rel_services": 0.68970848777591565, "rel_commerce": 0.52836384093709732, "rel_loisirs": 0.83186620265957434, "rel_pc1": 0.75348983488534971, "q_revenu": 2, "q_population": 3 }, "geometry": { "type": "Polygon", "coordinates": [ [ [ 3.057500578433642, 50.60965932096061 ], [ 3.057235145853043, 50.611447996309906 ], [ 3.060050026718044, 50.611618220429797 ], [ 3.060315353328548, 50.60982953762467 ], [ 3.057500578433642, 50.60965932096061 ] ] ] } },
{ "type": "Feature", "properties": { "idcar_200m": "CRS3035RES200mN3078600E3830600", "population": 354.5, "median_education": 6.7847690410630133, "median_healthcare": 19.973166317969536, "median_services": 0.5605276356081057, "median_commerce": 21.961772090065793, "median_entertainment": 4.3658670768848671, "PC1_pos": 1.8701426803264125, "nivvie": 21845.919040902678, "rel_education": 1.1824851354369921, "rel_sante": 1.2672076630402145, "rel_services": 0.83881960349551909, "rel_commerce": 0.58717828045388143, "rel_loisirs": 0.89826319350758643, "rel_pc1": 0.90287192143840478, "q_revenu": 2, "q_population": 4 }, "geometry": { "type": "Polygon", "coordinates": [ [ [ 3.060315353328548, 50.60982953762467 ], [ 3.060050026718044, 50.611618220429797 ], [ 3.062864926304234, 50.611788375750571 ], [ 3.063130146941945, 50.609999685492596 ], [ 3.060315353328548, 50.60982953762467 ] ] ] } },
{ "type": "Feature", "properties": { "idcar_200m": "CRS3035RES200mN3078600E3830800", "population": 510.0, "median_education": 6.5240392210493994, "median_healthcare": 21.859295944591292, "median_services": 0.80713749385973277, "median_commerce": 19.443619243313183, "median_entertainment": 5.1246613753433206, "PC1_pos": 2.042733784399315, "nivvie": 19984.520196078432, "rel_education": 1.1370437748445679, "rel_sante": 1.3868741134313032, "rel_services": 1.2078668553625858, "rel_commerce": 0.51985198946003774, "rel_loisirs": 1.0543826945701273, "rel_pc1": 0.98619586425664962, "q_revenu": 2, "q_population": 5 }, "geometry": { "type": "Polygon", "coordinates": [ [ [ 3.063130146941945, 50.609999685492596 ], [ 3.062864926304234, 50.611788375750571 ], [ 3.065679844604309, 50.611958462271545 ], [ 3.065944959266524, 50.610169764563672 ], [ 3.063130146941945, 50.609999685492596 ] ] ] } },
{ "type": "Feature", "properties": { "idcar_200m": "CRS3035RES200mN3078600E3831000", "population": 484.5, "median_education": 6.2243968600540214, "median_healthcare": 19.221328663684208, "median_services": 0.76606757186896268, "median_commerce": 14.691379984812283, "median_entertainment": 5.2977424741768999, "PC1_pos": 1.8794417494734303, "nivvie": 19764.600825593396, "rel_education": 1.084820532508707, "rel_sante": 1.2195069418973985, "rel_services": 1.1464064500383859, "rel_commerce": 0.3927943155770543, "rel_loisirs": 1.0899935773194449, "rel_pc1": 0.90736134810979185, "q_revenu": 2, "q_population": 5 }, "geometry": { "type": "Polygon", "coordinates": [ [ [ 3.065944959266524, 50.610169764563672 ], [ 3.065679844604309, 50.611958462271545 ], [ 3.068494781610948, 50.612128479991952 ], [ 3.068759790294971, 50.610339774837115 ], [ 3.065944959266524, 50.610169764563672 ] ] ] } },
{ "type": "Feature", "properties": { "idcar_200m": "CRS3035RES200mN3078600E3831200", "population": 208.0, "median_education": 6.5142855478983908, "median_healthcare": 18.712993271360723, "median_services": 0.78039044795989443, "median_commerce": 11.886451797173786, "median_entertainment": 5.9491009825076171, "PC1_pos": 1.8612816492613331, "nivvie": 24502.654326923075, "rel_education": 1.1353438535285769, "rel_sante": 1.1872553452155381, "rel_services": 1.1678403785020142, "rel_commerce": 0.31780069014191936, "rel_loisirs": 1.2240085080325811, "rel_pc1": 0.89859397183176981, "q_revenu": 3, "q_population": 3 }, "geometry": { "type": "Polygon", "coordinates": [ [ [ 3.068759790294971, 50.610339774837115 ], [ 3.068494781610948, 50.612128479991952 ], [ 3.071309737316847, 50.612298428911053 ], [ 3.07157464001998, 50.61050971631218 ], [ 3.068759790294971, 50.610339774837115 ] ] ] } },
{ "type": "Feature", "properties": { "idcar_200m": "CRS3035RES200mN3078600E3831400", "population": 336.0, "median_education": 7.0930184022453506, "median_healthcare": 20.295039290890642, "median_services": 0.82532078267703013, "median_commerce": 12.04547957476823, "median_entertainment": 6.996768301193061, "PC1_pos": 2.1170726095349477, "nivvie": 26325.133333333335, "rel_education": 1.2362084509102265, "rel_sante": 1.2876290569903663, "rel_services": 1.2350778225781858, "rel_commerce": 0.32205251720803058, "rel_loisirs": 1.4395627094874264, "rel_pc1": 1.0220853386768407, "q_revenu": 4, "q_population": 4 }, "geometry": { "type": "Polygon", "coordinates": [ [ [ 3.07157464001998, 50.61050971631218 ], [ 3.071309737316847, 50.612298428911053 ], [ 3.074124711714684, 50.612468309028117 ], [ 3.074389508434233, 50.610679588988184 ], [ 3.07157464001998, 50.61050971631218 ] ] ] } },
{ "type": "Feature", "properties": { "idcar_200m": "CRS3035RES200mN3078600E3831600", "population": 291.5, "median_education": 7.2327814941686634, "median_healthcare": 24.157338279726666, "median_services": 0.93116723053192196, "median_commerce": 14.405962589099772, "median_entertainment": 8.3832792288899416, "PC1_pos": 2.3268133512828943, "nivvie": 23073.94408233276, "rel_education": 1.2605670956454844, "rel_sante": 1.5326745744455597, "rel_services": 1.3934751428543344, "rel_commerce": 0.38516328767371383, "rel_loisirs": 1.7248329002223264, "rel_pc1": 1.1233444717355188, "q_revenu": 3, "q_population": 3 }, "geometry": { "type": "Polygon", "coordinates": [ [ [ 3.074389508434233, 50.610679588988184 ], [ 3.074124711714684, 50.612468309028117 ], [ 3.07693970479715, 50.612638120342403 ], [ 3.07720439553042, 50.610849392864381 ], [ 3.074389508434233, 50.610679588988184 ] ] ] } },
{ "type": "Feature", "properties": { "idcar_200m": "CRS3035RES200mN3078600E3831800", "population": 413.5, "median_education": 5.7393976366309074, "median_healthcare": 17.23884427583419, "median_services": 0.52687687481645917, "median_commerce": 7.9765484823985453, "median_entertainment": 7.2600889395078543, "PC1_pos": 1.7641471663487074, "nivvie": 22817.683675937122, "rel_education": 1.0002923239690598, "rel_sante": 1.0937272148302419, "rel_services": 0.7884618405032473, "rel_commerce": 0.2132640299992187, "rel_loisirs": 1.4937400889915848, "rel_pc1": 0.85169915565125187, "q_revenu": 3, "q_population": 4 }, "geometry": { "type": "Polygon", "coordinates": [ [ [ 3.07720439553042, 50.610849392864381 ], [ 3.07693970479715, 50.612638120342403 ], [ 3.07975471655693, 50.612807862853224 ], [ 3.080019301301226, 50.611019127939997 ], [ 3.07720439553042, 50.610849392864381 ] ] ] } },
{ "type": "Feature", "properties": { "idcar_200m": "CRS3035RES200mN3078800E3828000", "population": 185.0, "median_education": 3.2708756150128075, "median_healthcare": 6.0996029633345019, "median_services": 0.30926110434137372, "median_commerce": 7.7212447266598696, "median_entertainment": 3.6606197533815252, "PC1_pos": 0.85017480221275843, "nivvie": 27386.545945945945, "rel_education": 0.57006535833532035, "rel_sante": 0.3869924023857052, "rel_services": 0.46280372356446597, "rel_commerce": 0.20643813181243881, "rel_loisirs": 0.75316081135379831, "rel_pc1": 0.41044940865066676, "q_revenu": 4, "q_population": 3 }, "geometry": { "type": "Polygon", "coordinates": [ [ [ 3.023458038387405, 50.609399940811393 ], [ 3.023191309085622, 50.611188524762014 ], [ 3.026006070673517, 50.611359581905226 ], [ 3.026272694027841, 50.6095709904627 ], [ 3.023458038387405, 50.609399940811393 ] ] ] } },
{ "type": "Feature", "properties": { "idcar_200m": "CRS3035RES200mN3078800E3828200", "population": 40.0, "median_education": 2.0824621852655034, "median_healthcare": 4.4322893011449516, "median_services": 0.20772361978337292, "median_commerce": 5.1608155679671341, "median_entertainment": 2.4846246937478158, "PC1_pos": 0.56592521960061903, "nivvie": 26283.6775, "rel_education": 0.36294243242217727, "rel_sante": 0.28120884179334382, "rel_services": 0.31085468996423404, "rel_commerce": 0.13798152528453295, "rel_loisirs": 0.51120358745923822, "rel_pc1": 0.27321872057488156, "q_revenu": 4, "q_population": 1 }, "geometry": { "type": "Polygon", "coordinates": [ [ [ 3.026272694027841, 50.6095709904627 ], [ 3.026006070673517, 50.611359581905226 ], [ 3.028820851073044, 50.611530570255269 ], [ 3.029087368477192, 50.609741971323785 ], [ 3.026272694027841, 50.6095709904627 ] ] ] } },
{ "type": "Feature", "properties": { "idcar_200m": "CRS3035RES200mN3078800E3828800", "population": 2.0, "median_education": 3.5279881768249584, "median_healthcare": 8.9963614311629883, "median_services": 0.25259263016865285, "median_commerce": 8.8477248498545293, "median_entertainment": 2.9326184639641428, "PC1_pos": 0.85655894292785328, "nivvie": 25435.3, "rel_education": 0.61487628419542273, "rel_sante": 0.57077871197580432, "rel_services": 0.37800036327217929, "rel_commerce": 0.23655613226296326, "rel_loisirs": 0.60337687345702307, "rel_pc1": 0.41353155925596968, "q_revenu": 4, "q_population": 1 }, "geometry": { "type": "Polygon", "coordinates": [ [ [ 3.034716773773407, 50.610083726672343 ], [ 3.034450468277739, 50.611872340572894 ], [ 3.037265305068289, 50.612043122539028 ], [ 3.037531504605649, 50.61025450115833 ], [ 3.034716773773407, 50.610083726672343 ] ] ] } },
{ "type": "Feature", "properties": { "idcar_200m": "CRS3035RES200mN3078800E3829000", "population": 44.0, "median_education": 3.6750042278828525, "median_healthcare": 9.4636597210901705, "median_services": 0.29615243648221212, "median_commerce": 10.569250659211821, "median_entertainment": 3.1765058239450119, "PC1_pos": 0.98890617727857433, "nivvie": 29313.304545454543, "rel_education": 0.64049901269133169, "rel_sante": 0.60042668889113959, "rel_services": 0.44318683605088738, "rel_commerce": 0.28258350019802331, "rel_loisirs": 0.65355591807165303, "rel_pc1": 0.47742647114282011, "q_revenu": 5, "q_population": 1 }, "geometry": { "type": "Polygon", "coordinates": [ [ [ 3.037531504605649, 50.61025450115833 ], [ 3.037265305068289, 50.612043122539028 ], [ 3.040080160641228, 50.612213835709014 ], [ 3.040346254217573, 50.610425206851147 ], [ 3.037531504605649, 50.61025450115833 ] ] ] } },
{ "type": "Feature", "properties": { "idcar_200m": "CRS3035RES200mN3078800E3829200", "population": 301.5, "median_education": 4.673653682911997, "median_healthcare": 12.243300360304517, "median_services": 0.43570645958339926, "median_commerce": 20.033823778676012, "median_entertainment": 3.6903573269348939, "PC1_pos": 1.3067637480428749, "nivvie": 19066.492537313432, "rel_education": 0.81454887775485918, "rel_sante": 0.77678239846841324, "rel_services": 0.6520269411367775, "rel_commerce": 0.53563192209795041, "rel_loisirs": 0.75927922204216847, "rel_pc1": 0.63088250349732355, "q_revenu": 1, "q_population": 3 }, "geometry": { "type": "Polygon", "coordinates": [ [ [ 3.040346254217573, 50.610425206851147 ], [ 3.040080160641228, 50.612213835709014 ], [ 3.042895034989244, 50.612384480082127 ], [ 3.043161022601867, 50.610595843750026 ], [ 3.040346254217573, 50.610425206851147 ] ] ] } },
{ "type": "Feature", "properties": { "idcar_200m": "CRS3035RES200mN3078800E3829400", "population": 321.0, "median_education": 5.9329459500040995, "median_healthcare": 16.209403488408945, "median_services": 0.63694436373665453, "median_commerce": 28.609013858651938, "median_entertainment": 4.5881350461601196, "PC1_pos": 1.906468193885638, "nivvie": 19571.880062305296, "rel_education": 1.034024939208803, "rel_sante": 1.028413822166117, "rel_services": 0.9531758734048047, "rel_commerce": 0.76490146123514313, "rel_loisirs": 0.94399411760115559, "rel_pc1": 0.92040923908238825, "q_revenu": 2, "q_population": 4 }, "geometry": { "type": "Polygon", "coordinates": [ [ [ 3.043161022601867, 50.610595843750026 ], [ 3.042895034989244, 50.612384480082127 ], [ 3.045709928105027, 50.612555055657644 ], [ 3.045975809751225, 50.610766411854271 ], [ 3.043161022601867, 50.610595843750026 ] ] ] } },
{ "type": "Feature", "properties": { "idcar_200m": "CRS3035RES200mN3078800E3829600", "population": 110.5, "median_education": 5.6814619238584179, "median_healthcare": 15.930112991661307, "median_services": 0.77767673647822999, "median_commerce": 29.067753129141742, "median_entertainment": 4.0282809424962629, "PC1_pos": 1.9731403717434208, "nivvie": 14564.530316742083, "rel_education": 0.99019498406702489, "rel_sante": 1.0106940950052561, "rel_services": 1.163779357698675, "rel_commerce": 0.77716648861627668, "rel_loisirs": 0.82880592561106647, "rel_pc1": 0.95259739133525956, "q_revenu": 1, "q_population": 2 }, "geometry": { "type": "Polygon", "coordinates": [ [ [ 3.045975809751225, 50.610766411854271 ], [ 3.045709928105027, 50.612555055657644 ], [ 3.048524839981268, 50.612725562434804 ], [ 3.04879061565833, 50.61093691116313 ], [ 3.045975809751225, 50.610766411854271 ] ] ] } },
{ "type": "Feature", "properties": { "idcar_200m": "CRS3035RES200mN3078800E3830000", "population": 364.0, "median_education": 6.7643312640671596, "median_healthcare": 15.464691055749276, "median_services": 0.52217374037452213, "median_commerce": 23.088917952519822, "median_entertainment": 4.3962308657760945, "PC1_pos": 1.7083594794065649, "nivvie": 18959.980494505497, "rel_education": 1.178923132463463, "rel_sante": 0.9811651643216861, "rel_services": 0.78142368374315851, "rel_commerce": 0.61731408036211555, "rel_loisirs": 0.90451044599972719, "rel_pc1": 0.82476584375375273, "q_revenu": 1, "q_population": 4 }, "geometry": { "type": "Polygon", "coordinates": [ [ [ 3.051605440315875, 50.611107341675854 ], [ 3.051339770610651, 50.61289600041291 ], [ 3.054154719985869, 50.613066369591188 ], [ 3.054420283716551, 50.611277703391679 ], [ 3.051605440315875, 50.611107341675854 ] ] ] } },
{ "type": "Feature", "properties": { "idcar_200m": "CRS3035RES200mN3078800E3830200", "population": 216.5, "median_education": 7.2751036321295759, "median_healthcare": 15.388967672995998, "median_services": 0.49442238945411243, "median_commerce": 22.096265814444997, "median_entertainment": 4.4511259753788686, "PC1_pos": 1.6813113141569438, "nivvie": 15930.198614318706, "rel_education": 1.2679432198342087, "rel_sante": 0.97636085591266086, "rel_services": 0.73989428234215748, "rel_commerce": 0.59077415575433323, "rel_loisirs": 0.91580493930228568, "rel_pc1": 0.81170746634372193, "q_revenu": 1, "q_population": 3 }, "geometry": { "type": "Polygon", "coordinates": [ [ [ 3.054420283716551, 50.611277703391679 ], [ 3.054154719985869, 50.613066369591188 ], [ 3.056969688099604, 50.613236669968899 ], [ 3.057235145853043, 50.611447996309906 ], [ 3.054420283716551, 50.611277703391679 ] ] ] } },
{ "type": "Feature", "properties": { "idcar_200m": "CRS3035RES200mN3078800E3830400", "population": 645.5, "median_education": 7.2996575246133553, "median_healthcare": 16.965155202675525, "median_services": 0.48788822364825768, "median_commerce": 20.858401390214173, "median_entertainment": 4.2953970376662225, "PC1_pos": 1.744983693310592, "nivvie": 17272.997986057318, "rel_education": 1.2722226010045128, "rel_sante": 1.0763628728287937, "rel_services": 0.73011601982260332, "rel_commerce": 0.55767814232362867, "rel_loisirs": 0.88376420822920032, "rel_pc1": 0.84244736865907632, "q_revenu": 1, "q_population": 5 }, "geometry": { "type": "Polygon", "coordinates": [ [ [ 3.057235145853043, 50.611447996309906 ], [ 3.056969688099604, 50.613236669968899 ], [ 3.059784674944548, 50.613406901545318 ], [ 3.060050026718044, 50.611618220429797 ], [ 3.057235145853043, 50.611447996309906 ] ] ] } },
{ "type": "Feature", "properties": { "idcar_200m": "CRS3035RES200mN3078800E3830600", "population": 172.5, "median_education": 7.628326882819513, "median_healthcare": 21.418209369055155, "median_services": 0.5803348669668329, "median_commerce": 24.672370931228961, "median_entertainment": 4.8084987521734233, "PC1_pos": 2.0359515394449055, "nivvie": 19614.388985507248, "rel_education": 1.3295048206644919, "rel_sante": 1.3588891520243238, "rel_services": 0.86846077174344427, "rel_commerce": 0.65964988065204666, "rel_loisirs": 0.98933324561645797, "rel_pc1": 0.9829215159419078, "q_revenu": 2, "q_population": 2 }, "geometry": { "type": "Polygon", "coordinates": [ [ [ 3.060050026718044, 50.611618220429797 ], [ 3.059784674944548, 50.613406901545318 ], [ 3.062599680513386, 50.613577064319692 ], [ 3.062864926304234, 50.611788375750571 ], [ 3.060050026718044, 50.611618220429797 ] ] ] } },
{ "type": "Feature", "properties": { "idcar_200m": "CRS3035RES200mN3078800E3830800", "population": 261.5, "median_education": 6.9577814370548756, "median_healthcare": 21.642929605567012, "median_services": 0.58502826217940829, "median_commerce": 22.085611152012287, "median_entertainment": 5.205215501124699, "PC1_pos": 1.9858042415041086, "nivvie": 24118.222944550667, "rel_education": 1.2126386432820671, "rel_sante": 1.3731466413584927, "rel_services": 0.87548435392059987, "rel_commerce": 0.5904892886525166, "rel_loisirs": 1.0709564484202381, "rel_pc1": 0.95871128443227294, "q_revenu": 3, "q_population": 3 }, "geometry": { "type": "Polygon", "coordinates": [ [ [ 3.062864926304234, 50.611788375750571 ], [ 3.062599680513386, 50.613577064319692 ], [ 3.065414704798803, 50.613747158291282 ], [ 3.065679844604309, 50.611958462271545 ], [ 3.062864926304234, 50.611788375750571 ] ] ] } },
{ "type": "Feature", "properties": { "idcar_200m": "CRS3035RES200mN3078800E3831000", "population": 89.0, "median_education": 6.2670288145796604, "median_healthcare": 19.508951741091089, "median_services": 0.62239572957897671, "median_commerce": 15.514946932923625, "median_entertainment": 5.5349867329797, "PC1_pos": 1.8061555226216348, "nivvie": 24207.02359550562, "rel_education": 1.0922506531533585, "rel_sante": 1.237755333862637, "rel_services": 0.93140410202317581, "rel_commerce": 0.41481351432146768, "rel_loisirs": 1.1388058251045059, "rel_pc1": 0.87198004958710229, "q_revenu": 3, "q_population": 2 }, "geometry": { "type": "Polygon", "coordinates": [ [ [ 3.065679844604309, 50.611958462271545 ], [ 3.065414704798803, 50.613747158291282 ], [ 3.068229747793488, 50.613917183459378 ], [ 3.068494781610948, 50.612128479991952 ], [ 3.065679844604309, 50.611958462271545 ] ] ] } },
{ "type": "Feature", "properties": { "idcar_200m": "CRS3035RES200mN3078800E3831200", "population": 353.5, "median_education": 6.6104547860944418, "median_healthcare": 17.457875079216933, "median_services": 0.62243246050099588, "median_commerce": 13.261892173651399, "median_entertainment": 6.0115700791751063, "PC1_pos": 1.7063367962371667, "nivvie": 22254.864214992929, "rel_education": 1.1521047327810432, "rel_sante": 1.1076237351951055, "rel_services": 0.93145906919247645, "rel_commerce": 0.35457498648808206, "rel_loisirs": 1.2368613249598686, "rel_pc1": 0.82378932797299054, "q_revenu": 2, "q_population": 4 }, "geometry": { "type": "Polygon", "coordinates": [ [ [ 3.068494781610948, 50.612128479991952 ], [ 3.068229747793488, 50.613917183459378 ], [ 3.071044809490124, 50.614087139823226 ], [ 3.071309737316847, 50.612298428911053 ], [ 3.068494781610948, 50.612128479991952 ] ] ] } },
{ "type": "Feature", "properties": { "idcar_200m": "CRS3035RES200mN3078800E3831400", "population": 146.0, "median_education": 8.1695390573955109, "median_healthcare": 19.481460218268705, "median_services": 0.52463237763646831, "median_commerce": 12.647025767691561, "median_entertainment": 8.5288830040227115, "PC1_pos": 2.0671020989173705, "nivvie": 25555.993150684932, "rel_education": 1.4238301171750094, "rel_sante": 1.2360111202595176, "rel_services": 0.78510299052875099, "rel_commerce": 0.33813568471044148, "rel_loisirs": 1.754790411464479, "rel_pc1": 0.99796045697066227, "q_revenu": 4, "q_population": 2 }, "geometry": { "type": "Polygon", "coordinates": [ [ [ 3.071309737316847, 50.612298428911053 ], [ 3.071044809490124, 50.614087139823226 ], [ 3.073859889881401, 50.614257027382067 ], [ 3.074124711714684, 50.612468309028117 ], [ 3.071309737316847, 50.612298428911053 ] ] ] } },
{ "type": "Feature", "properties": { "idcar_200m": "CRS3035RES200mN3078800E3831600", "population": 392.5, "median_education": 9.1671150534381489, "median_healthcare": 22.529847769023064, "median_services": 0.66254313732102621, "median_commerce": 14.200375484792811, "median_entertainment": 11.700620077054454, "PC1_pos": 2.5309561642964025, "nivvie": 21282.020127388536, "rel_education": 1.5976928941759423, "rel_sante": 1.4294176138887671, "rel_services": 0.9914839812373808, "rel_commerce": 0.37966663276374601, "rel_loisirs": 2.4073651742812974, "rel_pc1": 1.2219010234747565, "q_revenu": 2, "q_population": 4 }, "geometry": { "type": "Polygon", "coordinates": [ [ [ 3.074124711714684, 50.612468309028117 ], [ 3.073859889881401, 50.614257027382067 ], [ 3.076674988959995, 50.614426846135224 ], [ 3.07693970479715, 50.612638120342403 ], [ 3.074124711714684, 50.612468309028117 ] ] ] } },
{ "type": "Feature", "properties": { "idcar_200m": "CRS3035RES200mN3078800E3831800", "population": 59.0, "median_education": 5.5587619853291139, "median_healthcare": 12.995390366566777, "median_services": 0.37107649312914215, "median_commerce": 8.1246885712694663, "median_entertainment": 9.4211803830562069, "PC1_pos": 1.7032036327035325, "nivvie": 24946.38305084746, "rel_education": 0.9688101952036442, "rel_sante": 0.82449913021034305, "rel_services": 0.55530934972618784, "rel_commerce": 0.2172247596840905, "rel_loisirs": 1.9383777445495201, "rel_pc1": 0.82227669184658581, "q_revenu": 3, "q_population": 1 }, "geometry": { "type": "Polygon", "coordinates": [ [ [ 3.07693970479715, 50.612638120342403 ], [ 3.076674988959995, 50.614426846135224 ], [ 3.079490106718601, 50.61459659608191 ], [ 3.07975471655693, 50.612807862853224 ], [ 3.07693970479715, 50.612638120342403 ] ] ] } },
{ "type": "Feature", "properties": { "idcar_200m": "CRS3035RES200mN3078800E3833800", "population": 50.0, "median_education": 0.83603861481706998, "median_healthcare": 0.35102055178379621, "median_services": 0.10090343213079113, "median_commerce": 0.84827092183668518, "median_entertainment": 0.3900501063415065, "PC1_pos": 0.28447010553685614, "nivvie": 29249.42, "rel_education": 0.14570919491721229, "rel_sante": 0.022270676868335955, "rel_services": 0.15100018545823021, "rel_commerce": 0.022679693569372685, "rel_loisirs": 0.080251562399900098, "rel_pc1": 0.13733715265672591, "q_revenu": 5, "q_population": 1 }, "geometry": { "type": "Polygon", "coordinates": [ [ [ 3.105090661666943, 50.614332449171229 ], [ 3.104827005939103, 50.616121249190257 ], [ 3.107642310095342, 50.616290311031939 ], [ 3.107905859797469, 50.614501503606526 ], [ 3.105090661666943, 50.614332449171229 ] ] ] } },
{ "type": "Feature", "properties": { "idcar_200m": "CRS3035RES200mN3079000E3828000", "population": 109.5, "median_education": 3.6456866130087198, "median_healthcare": 6.696186552590996, "median_services": 0.34193412915039412, "median_commerce": 9.7542306212544645, "median_entertainment": 4.4745033148843945, "PC1_pos": 1.0081542453276244, "nivvie": 22499.852054794519, "rel_education": 0.6353893849965182, "rel_sante": 0.4248429506620548, "rel_services": 0.51169832210744182, "rel_commerce": 0.26079281488990419, "rel_loisirs": 0.92061475216881206, "rel_pc1": 0.486719099115136, "q_revenu": 2, "q_population": 2 }, "geometry": { "type": "Polygon", "coordinates": [ [ [ 3.023191309085622, 50.611188524762014 ], [ 3.022924554489407, 50.612977107013897 ], [ 3.025739422034611, 50.613148171649733 ], [ 3.026006070673517, 50.611359581905226 ], [ 3.023191309085622, 50.611188524762014 ] ] ] } },
{ "type": "Feature", "properties": { "idcar_200m": "CRS3035RES200mN3079000E3828200", "population": 2.0, "median_education": 1.8583709656426777, "median_healthcare": 3.7842449560830738, "median_services": 0.17942193991045924, "median_commerce": 5.0903045978934642, "median_entertainment": 2.3784123022571557, "PC1_pos": 0.5189810283959384, "nivvie": 16684.0, "rel_education": 0.32388663927989209, "rel_sante": 0.24009333977534572, "rel_services": 0.26850173110699677, "rel_commerce": 0.13609631720609558, "rel_loisirs": 0.48935072746823899, "rel_pc1": 0.25055489253693519, "q_revenu": 1, "q_population": 1 }, "geometry": { "type": "Polygon", "coordinates": [ [ [ 3.026006070673517, 50.611359581905226 ], [ 3.025739422034611, 50.613148171649733 ], [ 3.028554308394158, 50.613319167489458 ], [ 3.028820851073044, 50.611530570255269 ], [ 3.026006070673517, 50.611359581905226 ] ] ] } },
{ "type": "Feature", "properties": { "idcar_200m": "CRS3035RES200mN3079000E3828800", "population": 1.0, "median_education": 3.5622958874761199, "median_healthcare": 8.4536598235682057, "median_services": 0.29122174176173521, "median_commerce": 10.402732622684265, "median_entertainment": 3.3162407028760299, "PC1_pos": 0.93879960833730092, "nivvie": 16684.0, "rel_education": 0.62085561195593209, "rel_sante": 0.53634673334307115, "rel_services": 0.4358081393950109, "rel_commerce": 0.27813141072401248, "rel_loisirs": 0.68230592268300105, "rel_pc1": 0.45323590287623344, "q_revenu": 1, "q_population": 1 }, "geometry": { "type": "Polygon", "coordinates": [ [ [ 3.034450468277739, 50.611872340572894 ], [ 3.034184137527026, 50.61366095277765 ], [ 3.036999080285728, 50.613831742224612 ], [ 3.037265305068289, 50.612043122539028 ], [ 3.034450468277739, 50.611872340572894 ] ] ] } },
{ "type": "Feature", "properties": { "idcar_200m": "CRS3035RES200mN3079000E3829000", "population": 125.5, "median_education": 3.6019980067121482, "median_healthcare": 8.5309332478083686, "median_services": 0.36261698026499889, "median_commerce": 12.967264076279994, "median_entertainment": 3.0006716297052938, "PC1_pos": 0.99915522031553583, "nivvie": 28695.600796812749, "rel_education": 0.62777510553895821, "rel_sante": 0.54124938492007191, "rel_services": 0.54264983969370284, "rel_commerce": 0.34669769776664072, "rel_loisirs": 0.61737859474409551, "rel_pc1": 0.48237452846327611, "q_revenu": 4, "q_population": 2 }, "geometry": { "type": "Polygon", "coordinates": [ [ [ 3.037265305068289, 50.612043122539028 ], [ 3.036999080285728, 50.613831742224612 ], [ 3.039814041829526, 50.614002462872492 ], [ 3.040080160641228, 50.612213835709014 ], [ 3.037265305068289, 50.612043122539028 ] ] ] } },
{ "type": "Feature", "properties": { "idcar_200m": "CRS3035RES200mN3079000E3829200", "population": 275.0, "median_education": 4.2876828304258003, "median_healthcare": 10.369571762563142, "median_services": 0.46481693732331852, "median_commerce": 19.237550115893189, "median_entertainment": 3.3635685697336428, "PC1_pos": 1.2680513610704267, "nivvie": 25438.415636363636, "rel_education": 0.74727985311826461, "rel_sante": 0.65790273764171425, "rel_services": 0.69559025156815901, "rel_commerce": 0.51434244699703058, "rel_loisirs": 0.69204347998301741, "rel_pc1": 0.61219284544236652, "q_revenu": 4, "q_population": 3 }, "geometry": { "type": "Polygon", "coordinates": [ [ [ 3.040080160641228, 50.612213835709014 ], [ 3.039814041829526, 50.614002462872492 ], [ 3.042629022151113, 50.614173114720593 ], [ 3.042895034989244, 50.612384480082127 ], [ 3.040080160641228, 50.612213835709014 ] ] ] } },
{ "type": "Feature", "properties": { "idcar_200m": "CRS3035RES200mN3079000E3829400", "population": 359.5, "median_education": 5.0305455149959917, "median_healthcare": 13.123357347105607, "median_services": 0.69785132684218598, "median_commerce": 24.953048370573107, "median_entertainment": 3.6752667940402577, "PC1_pos": 1.6542288218366286, "nivvie": 20450.24394993046, "rel_education": 0.87674985819266604, "rel_sante": 0.83261806016733386, "rel_services": 1.0443220567448492, "rel_commerce": 0.66715417928152043, "rel_loisirs": 0.75617439314313128, "rel_pc1": 0.79863251642903621, "q_revenu": 2, "q_population": 4 }, "geometry": { "type": "Polygon", "coordinates": [ [ [ 3.042895034989244, 50.612384480082127 ], [ 3.042629022151113, 50.614173114720593 ], [ 3.045444021243176, 50.614343697768085 ], [ 3.045709928105027, 50.612555055657644 ], [ 3.042895034989244, 50.612384480082127 ] ] ] } },
{ "type": "Feature", "properties": { "idcar_200m": "CRS3035RES200mN3079000E3829600", "population": 288.5, "median_education": 6.5854083874506273, "median_healthcare": 18.592957570179383, "median_services": 1.1221736353922014, "median_commerce": 36.684339678063012, "median_entertainment": 4.9277969674312638, "PC1_pos": 2.4640564950193067, "nivvie": 16832.729982668978, "rel_education": 1.147739515053912, "rel_sante": 1.1796396192983836, "rel_services": 1.6793128190220485, "rel_commerce": 0.98080643963583736, "rel_loisirs": 1.0138784720125225, "rel_pc1": 1.1896030423745858, "q_revenu": 1, "q_population": 3 }, "geometry": { "type": "Polygon", "coordinates": [ [ [ 3.045709928105027, 50.612555055657644 ], [ 3.045444021243176, 50.614343697768085 ], [ 3.048259039098394, 50.614514212014328 ], [ 3.048524839981268, 50.612725562434804 ], [ 3.045709928105027, 50.612555055657644 ] ] ] } },
{ "type": "Feature", "properties": { "idcar_200m": "CRS3035RES200mN3079000E3829800", "population": 1002.0, "median_education": 6.8850173626302178, "median_healthcare": 19.274309657836078, "median_services": 1.0512845385175276, "median_commerce": 35.343993899013654, "median_entertainment": 5.011639169445357, "PC1_pos": 2.4209970090530697, "nivvie": 13488.339321357285, "rel_education": 1.1999569387346845, "rel_sante": 1.2228683479316704, "rel_services": 1.5732285506379236, "rel_commerce": 0.94497044577667966, "rel_loisirs": 1.0311287370356217, "rel_pc1": 1.168814681550854, "q_revenu": 1, "q_population": 5 }, "geometry": { "type": "Polygon", "coordinates": [ [ [ 3.048524839981268, 50.612725562434804 ], [ 3.048259039098394, 50.614514212014328 ], [ 3.051074075709464, 50.614684657458518 ], [ 3.051339770610651, 50.61289600041291 ], [ 3.048524839981268, 50.612725562434804 ] ] ] } },
{ "type": "Feature", "properties": { "idcar_200m": "CRS3035RES200mN3079000E3830000", "population": 231.0, "median_education": 7.3175802442104585, "median_healthcare": 18.112451456688571, "median_services": 0.78516007831017587, "median_commerce": 31.180010113839298, "median_entertainment": 4.6550241671090875, "PC1_pos": 2.1325931687057156, "nivvie": 21413.62943722944, "rel_education": 1.2753462665827975, "rel_sante": 1.1491536653209509, "rel_services": 1.1749780452022525, "rel_commerce": 0.83364059366868437, "rel_loisirs": 0.95775634039365676, "rel_pc1": 1.02957839106676, "q_revenu": 2, "q_population": 3 }, "geometry": { "type": "Polygon", "coordinates": [ [ [ 3.051339770610651, 50.61289600041291 ], [ 3.051074075709464, 50.614684657458518 ], [ 3.053889131069075, 50.614855034099925 ], [ 3.054154719985869, 50.613066369591188 ], [ 3.051339770610651, 50.61289600041291 ] ] ] } },
{ "type": "Feature", "properties": { "idcar_200m": "CRS3035RES200mN3079000E3830200", "population": 298.0, "median_education": 8.0718130581163301, "median_healthcare": 15.503800285377713, "median_services": 0.55857703050798646, "median_commerce": 23.564327269111541, "median_entertainment": 4.3257007749689693, "PC1_pos": 1.8325904610852657, "nivvie": 17266.808724832215, "rel_education": 1.4067979174355689, "rel_sante": 0.98364646922306109, "rel_services": 0.83590055777374439, "rel_commerce": 0.63002480442770004, "rel_loisirs": 0.88999910529899451, "rel_pc1": 0.88474237191408045, "q_revenu": 1, "q_population": 3 }, "geometry": { "type": "Polygon", "coordinates": [ [ [ 3.054154719985869, 50.613066369591188 ], [ 3.053889131069075, 50.614855034099925 ], [ 3.056704205169903, 50.615025341937873 ], [ 3.056969688099604, 50.613236669968899 ], [ 3.054154719985869, 50.613066369591188 ] ] ] } },
{ "type": "Feature", "properties": { "idcar_200m": "CRS3035RES200mN3079000E3830400", "population": 49.0, "median_education": 7.8613563159405544, "median_healthcare": 16.477053691426114, "median_services": 0.49032843652201052, "median_commerce": 20.908812226755089, "median_entertainment": 4.365335266547314, "PC1_pos": 1.7541504704074753, "nivvie": 16538.920408163263, "rel_education": 1.3701184125372918, "rel_sante": 1.0453950249898516, "rel_services": 0.73376775484006662, "rel_commerce": 0.55902594559719632, "rel_loisirs": 0.89815377523081852, "rel_pc1": 0.84687292706054329, "q_revenu": 1, "q_population": 1 }, "geometry": { "type": "Polygon", "coordinates": [ [ [ 3.056969688099604, 50.613236669968899 ], [ 3.056704205169903, 50.615025341937873 ], [ 3.059519298004641, 50.615195580971545 ], [ 3.059784674944548, 50.613406901545318 ], [ 3.056969688099604, 50.613236669968899 ] ] ] } },
{ "type": "Feature", "properties": { "idcar_200m": "CRS3035RES200mN3079000E3830600", "population": 95.0, "median_education": 5.5510702089165322, "median_healthcare": 11.700742246991021, "median_services": 0.34425864887437529, "median_commerce": 14.475549728067781, "median_entertainment": 3.1430016523592221, "PC1_pos": 1.4053598775037095, "nivvie": 16159.314736842105, "rel_education": 0.96746963206613212, "rel_sante": 0.74235952390310511, "rel_services": 0.51517692439093499, "rel_commerce": 0.38702379585280666, "rel_loisirs": 0.64666254187982652, "rel_pc1": 0.67848297686717152, "q_revenu": 1, "q_population": 2 }, "geometry": { "type": "Polygon", "coordinates": [ [ [ 3.059784674944548, 50.613406901545318 ], [ 3.059519298004641, 50.615195580971545 ], [ 3.062334409565975, 50.615365751200237 ], [ 3.062599680513386, 50.613577064319692 ], [ 3.059784674944548, 50.613406901545318 ] ] ] } },
{ "type": "Feature", "properties": { "idcar_200m": "CRS3035RES200mN3079000E3831200", "population": 2.0, "median_education": 5.8441790713149722, "median_healthcare": 16.725856684196557, "median_services": 0.32461172593068516, "median_commerce": 10.744711913744869, "median_entertainment": 5.5913413537998657, "PC1_pos": 1.5312031716348793, "nivvie": 32714.05, "rel_education": 1.0185541819975028, "rel_sante": 1.0611804570043233, "rel_services": 0.48577565482524426, "rel_commerce": 0.28727469894557789, "rel_loisirs": 1.1504006081740239, "rel_pc1": 0.73923790105964882, "q_revenu": 5, "q_population": 1 }, "geometry": { "type": "Polygon", "coordinates": [ [ [ 3.068229747793488, 50.613917183459378 ], [ 3.067964688839167, 50.615705885239713 ], [ 3.070779856536395, 50.615875849049019 ], [ 3.071044809490124, 50.614087139823226 ], [ 3.068229747793488, 50.613917183459378 ] ] ] } },
{ "type": "Feature", "properties": { "idcar_200m": "CRS3035RES200mN3079000E3831400", "population": 18.0, "median_education": 8.7253557074469299, "median_healthcare": 22.049831456695642, "median_services": 0.46432118909943898, "median_commerce": 14.42916257858279, "median_entertainment": 8.600973960867849, "PC1_pos": 2.20566956096869, "nivvie": 32714.072222222225, "rel_education": 1.5207007582736802, "rel_sante": 1.3989627355944652, "rel_services": 0.69484837319826009, "rel_commerce": 0.38578357140470421, "rel_loisirs": 1.7696228953624853, "rel_pc1": 1.0648583851486779, "q_revenu": 5, "q_population": 1 }, "geometry": { "type": "Polygon", "coordinates": [ [ [ 3.071044809490124, 50.614087139823226 ], [ 3.070779856536395, 50.615875849049019 ], [ 3.073595042930958, 50.616045744050396 ], [ 3.073859889881401, 50.614257027382067 ], [ 3.071044809490124, 50.614087139823226 ] ] ] } },
{ "type": "Feature", "properties": { "idcar_200m": "CRS3035RES200mN3079000E3831600", "population": 2.0, "median_education": 11.187065518172568, "median_healthcare": 25.060754116431632, "median_services": 0.58125569694079926, "median_commerce": 17.181161755189169, "median_entertainment": 12.911069916314938, "PC1_pos": 2.5569961554902267, "nivvie": 32714.05, "rel_education": 1.9497404560621849, "rel_sante": 1.5899922502191022, "rel_services": 0.8698387773663272, "rel_commerce": 0.45936206669658347, "rel_loisirs": 2.656411358933048, "rel_pc1": 1.2344726722215269, "q_revenu": 5, "q_population": 1 }, "geometry": { "type": "Polygon", "coordinates": [ [ [ 3.073859889881401, 50.614257027382067 ], [ 3.073595042930958, 50.616045744050396 ], [ 3.07641024801554, 50.616215570243121 ], [ 3.076674988959995, 50.614426846135224 ], [ 3.073859889881401, 50.614257027382067 ] ] ] } },
{ "type": "Feature", "properties": { "idcar_200m": "CRS3035RES200mN3079000E3831800", "population": 20.0, "median_education": 3.6927170887099958, "median_healthcare": 8.6811867680491392, "median_services": 0.23645661732472489, "median_commerce": 5.4240100832169578, "median_entertainment": 6.545156103591423, "PC1_pos": 0.89695958759536887, "nivvie": 35631.22, "rel_education": 0.64358610298245222, "rel_sante": 0.55078229568728321, "rel_services": 0.35385310801498188, "rel_commerce": 0.14501839381479104, "rel_loisirs": 1.3466449436231305, "rel_pc1": 0.4330362783675315, "q_revenu": 5, "q_population": 1 }, "geometry": { "type": "Polygon", "coordinates": [ [ [ 3.076674988959995, 50.614426846135224 ], [ 3.07641024801554, 50.616215570243121 ], [ 3.079225471782825, 50.616385327626432 ], [ 3.079490106718601, 50.61459659608191 ], [ 3.076674988959995, 50.614426846135224 ] ] ] } },
{ "type": "Feature", "properties": { "idcar_200m": "CRS3035RES200mN3079000E3832000", "population": 11.0, "median_education": 2.7548133086421958, "median_healthcare": 6.7215691443933281, "median_services": 0.17027419331871207, "median_commerce": 3.8135567756513375, "median_entertainment": 6.9357688478267567, "PC1_pos": 0.94656068096002399, "nivvie": 26915.327272727271, "rel_education": 0.48012331276983561, "rel_sante": 0.42645336206742113, "rel_services": 0.25481229158339114, "rel_commerce": 0.10196070247687797, "rel_loisirs": 1.4270122669709471, "rel_pc1": 0.45698281193564166, "q_revenu": 4, "q_population": 1 }, "geometry": { "type": "Polygon", "coordinates": [ [ [ 3.079490106718601, 50.61459659608191 ], [ 3.079225471782825, 50.616385327626432 ], [ 3.082040714225493, 50.616555016199584 ], [ 3.082305243149896, 50.61476627722142 ], [ 3.079490106718601, 50.61459659608191 ] ] ] } },
{ "type": "Feature", "properties": { "idcar_200m": "CRS3035RES200mN3079000E3832600", "population": 20.0, "median_education": 0.32411736534443453, "median_healthcare": 0.69257784649329845, "median_services": 0.042703466978722085, "median_commerce": 1.4518509900079966, "median_entertainment": 0.70336023251339386, "PC1_pos": 0.077199590382891259, "nivvie": 15818.115, "rel_education": 0.056488874468267274, "rel_sante": 0.043940952593910891, "rel_services": 0.063904976246380196, "rel_commerce": 0.038817239532950958, "rel_loisirs": 0.14471411921558625, "rel_pc1": 0.037270601455442552, "q_revenu": 1, "q_population": 1 }, "geometry": { "type": "Polygon", "coordinates": [ [ [ 3.087935572001293, 50.615105433075875 ], [ 3.087671255107709, 50.616894186912553 ], [ 3.090486553532625, 50.617063669050893 ], [ 3.090750764406763, 50.615274907789392 ], [ 3.087935572001293, 50.615105433075875 ] ] ] } },
{ "type": "Feature", "properties": { "idcar_200m": "CRS3035RES200mN3079000E3833600", "population": 2.0, "median_education": 1.289081656380394, "median_healthcare": 0.69776843851318093, "median_services": 0.16281964540791097, "median_commerce": 1.4618589090396297, "median_entertainment": 0.62472252953207974, "PC1_pos": 0.19605701084450633, "nivvie": 21751.05, "rel_education": 0.22466791246817255, "rel_sante": 0.04427027233613888, "rel_services": 0.24365669366894974, "rel_commerce": 0.03908481505754053, "rel_loisirs": 0.12853466322983567, "rel_pc1": 0.094652868978827714, "q_revenu": 2, "q_population": 1 }, "geometry": { "type": "Polygon", "coordinates": [ [ [ 3.102011720389699, 50.615952118534743 ], [ 3.101747933620233, 50.617740909466036 ], [ 3.104563325202526, 50.617910047531588 ], [ 3.104827005939103, 50.616121249190257 ], [ 3.102011720389699, 50.615952118534743 ] ] ] } },
{ "type": "Feature", "properties": { "idcar_200m": "CRS3035RES200mN3079000E3833800", "population": 15.0, "median_education": 1.0380126798385918, "median_healthcare": 0.45387680112072104, "median_services": 0.12536893312707265, "median_commerce": 1.0023828247423492, "median_entertainment": 0.48056236750087145, "PC1_pos": 0.24967114561805892, "nivvie": 21751.046666666669, "rel_education": 0.1809102943483456, "rel_sante": 0.028796443753582444, "rel_services": 0.18761237108714396, "rel_commerce": 0.026800087942582495, "rel_loisirs": 0.098874170768136482, "rel_pc1": 0.12053682820209199, "q_revenu": 2, "q_population": 1 }, "geometry": { "type": "Polygon", "coordinates": [ [ [ 3.104827005939103, 50.616121249190257 ], [ 3.104563325202526, 50.617910047531588 ], [ 3.10737873539433, 50.618079116780429 ], [ 3.107642310095342, 50.616290311031939 ], [ 3.104827005939103, 50.616121249190257 ] ] ] } },
{ "type": "Feature", "properties": { "idcar_200m": "CRS3035RES200mN3079000E3834000", "population": 180.0, "median_education": 3.3428888868320223, "median_healthcare": 2.4151540218727696, "median_services": 0.48690232714944365, "median_commerce": 2.4570478732731309, "median_entertainment": 1.2873967984617722, "PC1_pos": 0.60672454068148518, "nivvie": 25649.288333333334, "rel_education": 0.58261620906657285, "rel_sante": 0.15323067135259788, "rel_services": 0.72864064330646483, "rel_commerce": 0.065692565213077092, "rel_loisirs": 0.26487777551002395, "rel_pc1": 0.29291591363142128, "q_revenu": 4, "q_population": 2 }, "geometry": { "type": "Polygon", "coordinates": [ [ [ 3.107642310095342, 50.616290311031939 ], [ 3.10737873539433, 50.618079116780429 ], [ 3.11019416418833, 50.618248117211742 ], [ 3.110457632851086, 50.616459304059127 ], [ 3.107642310095342, 50.616290311031939 ] ] ] } },
{ "type": "Feature", "properties": { "idcar_200m": "CRS3035RES200mN3079000E3834200", "population": 233.0, "median_education": 2.9444813799249676, "median_healthcare": 2.2728848635231378, "median_services": 0.46609184347828869, "median_commerce": 2.2986135376945782, "median_entertainment": 1.3101618574692167, "PC1_pos": 0.57953895840144387, "nivvie": 26648.642489270387, "rel_education": 0.51317965906570628, "rel_sante": 0.14420433247348205, "rel_services": 0.69749812587706062, "rel_commerce": 0.061456604638112887, "rel_loisirs": 0.2695616136215146, "rel_pc1": 0.27979119370132555, "q_revenu": 4, "q_population": 3 }, "geometry": { "type": "Polygon", "coordinates": [ [ [ 3.110457632851086, 50.616459304059127 ], [ 3.11019416418833, 50.618248117211742 ], [ 3.113009611577206, 50.618417048824895 ], [ 3.113272974199032, 50.616628228271026 ], [ 3.110457632851086, 50.616459304059127 ] ] ] } },
{ "type": "Feature", "properties": { "idcar_200m": "CRS3035RES200mN3079000E3834600", "population": 37.0, "median_education": 3.5161856289159137, "median_healthcare": 4.0763707412248689, "median_services": 0.74886239339640104, "median_commerce": 3.8579320251764377, "median_entertainment": 2.5834504299452692, "PC1_pos": 0.95738373978320079, "nivvie": 22848.762162162162, "rel_education": 0.61281927423999738, "rel_sante": 0.25862740831560882, "rel_services": 1.1206592074982982, "rel_commerce": 0.1031471360034624, "rel_loisirs": 0.53153666673860167, "rel_pc1": 0.46220799395962331, "q_revenu": 3, "q_population": 1 }, "geometry": { "type": "Polygon", "coordinates": [ [ [ 3.116088334131839, 50.616797083666924 ], [ 3.11582507755363, 50.618585911619043 ], [ 3.118640562110286, 50.618754705593524 ], [ 3.118903712642204, 50.616965870246105 ], [ 3.116088334131839, 50.616797083666924 ] ] ] } },
{ "type": "Feature", "properties": { "idcar_200m": "CRS3035RES200mN3079000E3834800", "population": 10.0, "median_education": 3.7430007697131367, "median_healthcare": 4.6030029752514121, "median_services": 0.68472507227110802, "median_commerce": 4.2389508491931851, "median_entertainment": 3.0186532397920183, "PC1_pos": 0.95629169144902693, "nivvie": 19832.71, "rel_education": 0.65234980665186315, "rel_sante": 0.29203985739545335, "rel_services": 1.0246788510307407, "rel_commerce": 0.11333420000673171, "rel_loisirs": 0.62107825353270762, "rel_pc1": 0.4616807722731972, "q_revenu": 2, "q_population": 1 }, "geometry": { "type": "Polygon", "coordinates": [ [ [ 3.118903712642204, 50.616965870246105 ], [ 3.118640562110286, 50.618754705593524 ], [ 3.121456065239849, 50.618923430747607 ], [ 3.121719109722792, 50.617134588007801 ], [ 3.118903712642204, 50.616965870246105 ] ] ] } },
{ "type": "Feature", "properties": { "idcar_200m": "CRS3035RES200mN3079000E3835200", "population": 88.0, "median_education": 5.1328082577345908, "median_healthcare": 6.6877363877497977, "median_services": 0.82722697973996118, "median_commerce": 7.8382951063566617, "median_entertainment": 4.8769884987414578, "PC1_pos": 1.3916647478895789, "nivvie": 23741.875, "rel_education": 0.8945727453779998, "rel_sante": 0.42430682566964006, "rel_services": 1.2379304124648154, "rel_commerce": 0.20956763522386548, "rel_loisirs": 1.0034247920129244, "rel_pc1": 0.67187120969072278, "q_revenu": 3, "q_population": 2 }, "geometry": { "type": "Polygon", "coordinates": [ [ [ 3.124534525366288, 50.61730323695128 ], [ 3.124271586934998, 50.619092087080539 ], [ 3.127087127188408, 50.61926067459158 ], [ 3.127349959565367, 50.617471817075888 ], [ 3.124534525366288, 50.61730323695128 ] ] ] } },
{ "type": "Feature", "properties": { "idcar_200m": "CRS3035RES200mN3079200E3828000", "population": 136.0, "median_education": 3.7641100735711142, "median_healthcare": 7.6104811729546045, "median_services": 0.4561977769551438, "median_commerce": 13.879705951119552, "median_entertainment": 4.0692701838834431, "PC1_pos": 1.1540169067417838, "nivvie": 19005.986764705885, "rel_education": 0.65602884684916518, "rel_sante": 0.48285083638014614, "rel_services": 0.68269183189496485, "rel_commerce": 0.37109309030988441, "rel_loisirs": 0.83723933098495917, "rel_pc1": 0.55713902095454104, "q_revenu": 1, "q_population": 2 }, "geometry": { "type": "Polygon", "coordinates": [ [ [ 3.022924554489407, 50.612977107013897 ], [ 3.022657774595323, 50.614765687567342 ], [ 3.025472748107681, 50.614936759696562 ], [ 3.025739422034611, 50.613148171649733 ], [ 3.022924554489407, 50.612977107013897 ] ] ] } },
{ "type": "Feature", "properties": { "idcar_200m": "CRS3035RES200mN3079200E3828200", "population": 207.0, "median_education": 3.2890076321694339, "median_healthcare": 5.6400120141562757, "median_services": 0.31999052441475773, "median_commerce": 11.183090004337666, "median_entertainment": 3.5685901783943232, "PC1_pos": 0.92426107287137338, "nivvie": 24125.44347826087, "rel_education": 0.57322550139007045, "rel_sante": 0.35783342161165538, "rel_services": 0.4788601092267516, "rel_commerce": 0.29899534208709239, "rel_loisirs": 0.7342260205162966, "rel_pc1": 0.44621695422107988, "q_revenu": 3, "q_population": 3 }, "geometry": { "type": "Polygon", "coordinates": [ [ [ 3.025739422034611, 50.613148171649733 ], [ 3.025472748107681, 50.614936759696562 ], [ 3.028287740437092, 50.615107763026721 ], [ 3.028554308394158, 50.613319167489458 ], [ 3.025739422034611, 50.613148171649733 ] ] ] } },
{ "type": "Feature", "properties": { "idcar_200m": "CRS3035RES200mN3079200E3828400", "population": 145.5, "median_education": 2.6274782806587602, "median_healthcare": 4.4090790444298253, "median_services": 0.24953915278142297, "median_commerce": 9.9932244785630413, "median_entertainment": 3.0039281921880265, "PC1_pos": 0.73942252453072976, "nivvie": 24671.956013745705, "rel_education": 0.45793069620476612, "rel_sante": 0.27973625528891582, "rel_services": 0.37343088885463344, "rel_commerce": 0.26718264543718356, "rel_loisirs": 0.61804862206377376, "rel_pc1": 0.35698016119356907, "q_revenu": 3, "q_population": 2 }, "geometry": { "type": "Polygon", "coordinates": [ [ [ 3.028554308394158, 50.613319167489458 ], [ 3.028287740437092, 50.615107763026721 ], [ 3.031102751576243, 50.615278697557073 ], [ 3.031369213560732, 50.613490094532359 ], [ 3.028554308394158, 50.613319167489458 ] ] ] } },
{ "type": "Feature", "properties": { "idcar_200m": "CRS3035RES200mN3079200E3828600", "population": 25.0, "median_education": 2.0390319121026224, "median_healthcare": 3.0007714475860299, "median_services": 0.17768397325974322, "median_commerce": 7.0240606141627708, "median_entertainment": 2.3031639016505401, "PC1_pos": 0.55042752293093633, "nivvie": 16683.976, "rel_education": 0.35537317661814644, "rel_sante": 0.19038546582332094, "rel_services": 0.26590089503000219, "rel_commerce": 0.18779795256565629, "rel_loisirs": 0.47386860961057264, "rel_pc1": 0.26573670579749364, "q_revenu": 1, "q_population": 1 }, "geometry": { "type": "Polygon", "coordinates": [ [ [ 3.031369213560732, 50.613490094532359 ], [ 3.031102751576243, 50.615278697557073 ], [ 3.03391778151783, 50.615449563286901 ], [ 3.034184137527026, 50.61366095277765 ], [ 3.031369213560732, 50.613490094532359 ] ] ] } },
{ "type": "Feature", "properties": { "idcar_200m": "CRS3035RES200mN3079200E3828800", "population": 10.0, "median_education": 3.053065981219298, "median_healthcare": 6.4398013082895273, "median_services": 0.28034605705496107, "median_commerce": 10.072935998245326, "median_entertainment": 3.1078851350984014, "PC1_pos": 0.79432204290088215, "nivvie": 16683.98, "rel_education": 0.5321043529190701, "rel_sante": 0.40857645885514698, "rel_services": 0.41953287131909972, "rel_commerce": 0.26931384290464938, "rel_loisirs": 0.63943743071998871, "rel_pc1": 0.38348468096007748, "q_revenu": 1, "q_population": 1 }, "geometry": { "type": "Polygon", "coordinates": [ [ [ 3.034184137527026, 50.61366095277765 ], [ 3.03391778151783, 50.615449563286901 ], [ 3.03673283025453, 50.615620360215416 ], [ 3.036999080285728, 50.613831742224612 ], [ 3.034184137527026, 50.61366095277765 ] ] ] } },
{ "type": "Feature", "properties": { "idcar_200m": "CRS3035RES200mN3079200E3829000", "population": 30.0, "median_education": 3.372765632006832, "median_healthcare": 7.4741072546723268, "median_services": 0.33518193475745739, "median_commerce": 12.561223813087985, "median_entertainment": 2.7092865986270551, "PC1_pos": 0.86163523103477413, "nivvie": 24330.206666666665, "rel_education": 0.58782328492289648, "rel_sante": 0.47419852399587265, "rel_services": 0.50159378369826368, "rel_commerce": 0.3358416510615585, "rel_loisirs": 0.55742705614997889, "rel_pc1": 0.41598230167529709, "q_revenu": 3, "q_population": 1 }, "geometry": { "type": "Polygon", "coordinates": [ [ [ 3.036999080285728, 50.613831742224612 ], [ 3.03673283025453, 50.615620360215416 ], [ 3.039547897779041, 50.615791088341943 ], [ 3.039814041829526, 50.614002462872492 ], [ 3.036999080285728, 50.613831742224612 ] ] ] } },
{ "type": "Feature", "properties": { "idcar_200m": "CRS3035RES200mN3079200E3829400", "population": 92.0, "median_education": 4.2241902606440584, "median_healthcare": 10.897649397437606, "median_services": 0.63671476506251901, "median_commerce": 22.357504131146939, "median_entertainment": 2.9998225658979494, "PC1_pos": 1.4319535431067572, "nivvie": 22335.639130434782, "rel_education": 0.73621403503024874, "rel_sante": 0.69140689091114449, "rel_services": 0.95283228308638535, "rel_commerce": 0.5977587226171821, "rel_loisirs": 0.61720390258016888, "rel_pc1": 0.69132192985920915, "q_revenu": 2, "q_population": 2 }, "geometry": { "type": "Polygon", "coordinates": [ [ [ 3.042629022151113, 50.614173114720593 ], [ 3.042362984084041, 50.615961747665693 ], [ 3.045178089162229, 50.616132338185963 ], [ 3.045444021243176, 50.614343697768085 ], [ 3.042629022151113, 50.614173114720593 ] ] ] } },
{ "type": "Feature", "properties": { "idcar_200m": "CRS3035RES200mN3079200E3829600", "population": 63.0, "median_education": 5.9582565455032803, "median_healthcare": 16.09265285975285, "median_services": 1.0401795134794289, "median_commerce": 35.932076117325437, "median_entertainment": 3.9925807367607713, "PC1_pos": 2.2468552734452656, "nivvie": 19996.707936507937, "rel_education": 1.038436202549633, "rel_sante": 1.0210065193407927, "rel_services": 1.5566100788489994, "rel_commerce": 0.9606936353397848, "rel_loisirs": 0.8214607224136018, "rel_pc1": 1.0847421211602239, "q_revenu": 2, "q_population": 1 }, "geometry": { "type": "Polygon", "coordinates": [ [ [ 3.045444021243176, 50.614343697768085 ], [ 3.045178089162229, 50.616132338185963 ], [ 3.047993213006279, 50.616302859901964 ], [ 3.048259039098394, 50.614514212014328 ], [ 3.045444021243176, 50.614343697768085 ] ] ] } },
{ "type": "Feature", "properties": { "idcar_200m": "CRS3035RES200mN3079200E3829800", "population": 26.5, "median_education": 7.6366067534656503, "median_healthcare": 20.838698596712309, "median_services": 1.3079574928964721, "median_commerce": 41.288087556009572, "median_entertainment": 5.1214147826840453, "PC1_pos": 2.7679528350338862, "nivvie": 20043.037735849055, "rel_education": 1.3309478799496559, "rel_sante": 1.322121797272638, "rel_services": 1.9573350462732233, "rel_commerce": 1.1038939915660682, "rel_loisirs": 1.0537147185097522, "rel_pc1": 1.3363188386148876, "q_revenu": 2, "q_population": 1 }, "geometry": { "type": "Polygon", "coordinates": [ [ [ 3.048259039098394, 50.614514212014328 ], [ 3.047993213006279, 50.616302859901964 ], [ 3.050808355608888, 50.616473312812985 ], [ 3.051074075709464, 50.614684657458518 ], [ 3.048259039098394, 50.614514212014328 ] ] ] } },
{ "type": "Feature", "properties": { "idcar_200m": "CRS3035RES200mN3079200E3830000", "population": 8.0, "median_education": 7.4489342799183005, "median_healthcare": 16.812272888396475, "median_services": 0.81847825692672327, "median_commerce": 29.918284107439007, "median_entertainment": 4.1213440025149568, "PC1_pos": 2.0847640365238749, "nivvie": 14237.925, "rel_education": 1.2982393368942737, "rel_sante": 1.0666631768910777, "rel_services": 1.2248381049047592, "rel_commerce": 0.79990660791362833, "rel_loisirs": 0.84795335268977334, "rel_pc1": 1.0064873291237146, "q_revenu": 1, "q_population": 1 }, "geometry": { "type": "Polygon", "coordinates": [ [ [ 3.051074075709464, 50.614684657458518 ], [ 3.050808355608888, 50.616473312812985 ], [ 3.053623516962737, 50.616643696918331 ], [ 3.053889131069075, 50.614855034099925 ], [ 3.051074075709464, 50.614684657458518 ] ] ] } },
{ "type": "Feature", "properties": { "idcar_200m": "CRS3035RES200mN3079200E3831000", "population": 15.0, "median_education": 8.9230313353960309, "median_healthcare": 24.024921677929036, "median_services": 0.45424420783897063, "median_commerce": 30.114828805638311, "median_entertainment": 6.6766042095752596, "PC1_pos": 1.9639947751194615, "nivvie": 32714.07333333333, "rel_education": 1.5551527035459929, "rel_sante": 1.5242733360119349, "rel_services": 0.67976835057606122, "rel_commerce": 0.8051615016192778, "rel_loisirs": 1.3736899711931896, "rel_pc1": 0.94818205849277637, "q_revenu": 5, "q_population": 1 }, "geometry": { "type": "Polygon", "coordinates": [ [ [ 3.065149539846589, 50.615535852623218 ], [ 3.064884349744241, 50.617324545267628 ], [ 3.067699604744564, 50.617494585333269 ], [ 3.067964688839167, 50.615705885239713 ], [ 3.065149539846589, 50.615535852623218 ] ] ] } },
{ "type": "Feature", "properties": { "idcar_200m": "CRS3035RES200mN3079200E3831400", "population": 110.0, "median_education": 9.7115363802820109, "median_healthcare": 32.53000183832232, "median_services": 0.50959963505901051, "median_commerce": 23.349133250186735, "median_entertainment": 9.5630882867520963, "PC1_pos": 2.7218611678977158, "nivvie": 19334.868181818183, "rel_education": 1.6925774985761073, "rel_sante": 2.0638824586939575, "rel_services": 0.76260675953633383, "rel_commerce": 0.62427129539946524, "rel_loisirs": 1.9675748420591377, "rel_pc1": 1.3140665941699505, "q_revenu": 2, "q_population": 2 }, "geometry": { "type": "Polygon", "coordinates": [ [ [ 3.070779856536395, 50.615875849049019 ], [ 3.07051487845224, 50.617664556588764 ], [ 3.073330170859946, 50.617834459033411 ], [ 3.073595042930958, 50.616045744050396 ], [ 3.070779856536395, 50.615875849049019 ] ] ] } },
{ "type": "Feature", "properties": { "idcar_200m": "CRS3035RES200mN3079200E3831600", "population": 116.0, "median_education": 11.070299240350662, "median_healthcare": 30.864806783831707, "median_services": 0.56820234927762769, "median_commerce": 24.372412089113485, "median_entertainment": 10.518634550191388, "PC1_pos": 2.8660351370329571, "nivvie": 14447.580172413793, "rel_education": 1.9293898167096806, "rel_sante": 1.9582333142411472, "rel_services": 0.85030467553880196, "rel_commerce": 0.65163006711432347, "rel_loisirs": 2.1641754309056624, "rel_pc1": 1.383671245143328, "q_revenu": 1, "q_population": 2 }, "geometry": { "type": "Polygon", "coordinates": [ [ [ 3.073595042930958, 50.616045744050396 ], [ 3.073330170859946, 50.617834459033411 ], [ 3.076145481960366, 50.61800429266642 ], [ 3.07641024801554, 50.616215570243121 ], [ 3.073595042930958, 50.616045744050396 ] ] ] } },
{ "type": "Feature", "properties": { "idcar_200m": "CRS3035RES200mN3079200E3831800", "population": 139.0, "median_education": 8.0557518376497121, "median_healthcare": 23.140901891244521, "median_services": 0.4610626830738031, "median_commerce": 20.740672467877616, "median_entertainment": 6.2361072869447831, "PC1_pos": 2.0654694364480086, "nivvie": 14848.636690647481, "rel_education": 1.4039986836895406, "rel_sante": 1.4681862524653502, "rel_services": 0.68997207708228647, "rel_commerce": 0.55453049713845093, "rel_loisirs": 1.2830591376189702, "rel_pc1": 0.99717223630906238, "q_revenu": 1, "q_population": 2 }, "geometry": { "type": "Polygon", "coordinates": [ [ [ 3.07641024801554, 50.616215570243121 ], [ 3.076145481960366, 50.61800429266642 ], [ 3.078960811746184, 50.618174057487067 ], [ 3.079225471782825, 50.616385327626432 ], [ 3.07641024801554, 50.616215570243121 ] ] ] } },
{ "type": "Feature", "properties": { "idcar_200m": "CRS3035RES200mN3079200E3832400", "population": 29.0, "median_education": 0.76281005867835394, "median_healthcare": 2.1379834583375481, "median_services": 0.11106111542228325, "median_commerce": 3.6154254425582653, "median_entertainment": 1.4506282447791765, "PC1_pos": 0.28253823594274241, "nivvie": 17279.589655172414, "rel_education": 0.13294653806043916, "rel_sante": 0.13564544442916265, "rel_services": 0.16620097722964536, "rel_commerce": 0.096663387898048972, "rel_loisirs": 0.2984621237432169, "rel_pc1": 0.13640448006935871, "q_revenu": 1, "q_population": 1 }, "geometry": { "type": "Polygon", "coordinates": [ [ [ 3.084855975336225, 50.616724635961873 ], [ 3.084591527344732, 50.618513380688363 ], [ 3.087406913142834, 50.618682939067547 ], [ 3.087671255107709, 50.616894186912553 ], [ 3.084855975336225, 50.616724635961873 ] ] ] } },
{ "type": "Feature", "properties": { "idcar_200m": "CRS3035RES200mN3079200E3832600", "population": 60.0, "median_education": 0.24530489595871635, "median_healthcare": 0.57492073708073077, "median_services": 0.035516256606049741, "median_commerce": 1.1306362679189255, "median_entertainment": 0.55571411766810175, "PC1_pos": 0.062650880582973301, "nivvie": 19297.211666666666, "rel_education": 0.042753023922484604, "rel_sante": 0.036476137637424626, "rel_services": 0.053149444186835273, "rel_commerce": 0.030229120714522439, "rel_loisirs": 0.11433640310688818, "rel_pc1": 0.030246740811179305, "q_revenu": 2, "q_population": 1 }, "geometry": { "type": "Polygon", "coordinates": [ [ [ 3.087671255107709, 50.616894186912553 ], [ 3.087406913142834, 50.618682939067547 ], [ 3.090222317597051, 50.618852428631421 ], [ 3.090486553532625, 50.617063669050893 ], [ 3.087671255107709, 50.616894186912553 ] ] ] } },
{ "type": "Feature", "properties": { "idcar_200m": "CRS3035RES200mN3079200E3832800", "population": 244.0, "median_education": 0.23877013482644072, "median_healthcare": 0.23971739133521955, "median_services": 0.028702856135774654, "median_commerce": 0.68060589827831031, "median_entertainment": 0.25349658297699407, "PC1_pos": 0.0, "nivvie": 13542.7631147541, "rel_education": 0.041614111476713768, "rel_sante": 0.015208991425195393, "rel_services": 0.042953311975205771, "rel_commerce": 0.018196937814439835, "rel_loisirs": 0.052156111525651118, "rel_pc1": 0.0, "q_revenu": 1, "q_population": 3 }, "geometry": { "type": "Polygon", "coordinates": [ [ [ 3.090486553532625, 50.617063669050893 ], [ 3.090222317597051, 50.618852428631421 ], [ 3.093037740700075, 50.619021849379237 ], [ 3.093301870603657, 50.617233082376117 ], [ 3.090486553532625, 50.617063669050893 ] ] ] } },
{ "type": "Feature", "properties": { "idcar_200m": "CRS3035RES200mN3079200E3833400", "population": 89.5, "median_education": 1.4059252784413843, "median_healthcare": 1.2194119442075366, "median_services": 0.1711132774175656, "median_commerce": 2.8927488022642942, "median_entertainment": 0.78887254137088791, "PC1_pos": 0.24403436563045999, "nivvie": 26907.640223463684, "rel_education": 0.24503203178034469, "rel_sante": 0.077366209017762089, "rel_services": 0.2560679659630069, "rel_commerce": 0.077341630745130133, "rel_loisirs": 0.16230800338242785, "rel_pc1": 0.11781549018244918, "q_revenu": 4, "q_population": 2 }, "geometry": { "type": "Polygon", "coordinates": [ [ [ 3.098932560654779, 50.617571702584414 ], [ 3.098668642823254, 50.619360484423879 ], [ 3.101484121828765, 50.619529698719212 ], [ 3.101747933620233, 50.617740909466036 ], [ 3.098932560654779, 50.617571702584414 ] ] ] } },
{ "type": "Feature", "properties": { "idcar_200m": "CRS3035RES200mN3079200E3833600", "population": 457.0, "median_education": 1.7580759302552342, "median_healthcare": 1.1702303380920012, "median_services": 0.2115128673839542, "median_commerce": 2.1161503367959194, "median_entertainment": 1.002109668822676, "PC1_pos": 0.29655262994040621, "nivvie": 17164.403282275711, "rel_education": 0.30640669445258845, "rel_sante": 0.074245857083669362, "rel_services": 0.31652523137548422, "rel_commerce": 0.0565781991929417, "rel_loisirs": 0.20618086064218144, "rel_pc1": 0.14317038246256919, "q_revenu": 1, "q_population": 5 }, "geometry": { "type": "Polygon", "coordinates": [ [ [ 3.101747933620233, 50.617740909466036 ], [ 3.101484121828765, 50.619529698719212 ], [ 3.104299619453798, 50.61969884419559 ], [ 3.104563325202526, 50.617910047531588 ], [ 3.101747933620233, 50.617740909466036 ] ] ] } },
{ "type": "Feature", "properties": { "idcar_200m": "CRS3035RES200mN3079200E3833800", "population": 291.5, "median_education": 1.6833950894999989, "median_healthcare": 0.74288920655289081, "median_services": 0.17449397103258818, "median_commerce": 1.258056771886618, "median_entertainment": 0.88858998519577448, "PC1_pos": 0.23993770165847961, "nivvie": 16107.217152658661, "rel_education": 0.29339092581543424, "rel_sante": 0.047132982339747005, "rel_services": 0.26112711362593449, "rel_commerce": 0.033635883707394044, "rel_loisirs": 0.18282454865536998, "rel_pc1": 0.11583769302783643, "q_revenu": 1, "q_population": 3 }, "geometry": { "type": "Polygon", "coordinates": [ [ [ 3.104563325202526, 50.617910047531588 ], [ 3.104299619453798, 50.61969884419559 ], [ 3.107115135691033, 50.619867920852279 ], [ 3.10737873539433, 50.618079116780429 ], [ 3.104563325202526, 50.617910047531588 ] ] ] } },
{ "type": "Feature", "properties": { "idcar_200m": "CRS3035RES200mN3079200E3834000", "population": 14.0, "median_education": 2.1953587368947778, "median_healthcare": 1.9351717266181279, "median_services": 0.31430454866345425, "median_commerce": 2.3445255714490996, "median_entertainment": 0.99858407239927161, "PC1_pos": 0.40782070887898647, "nivvie": 19832.714285714286, "rel_education": 0.38261863559663284, "rel_sante": 0.1227779512887244, "rel_services": 0.47035114798700972, "rel_commerce": 0.062684126211579858, "rel_loisirs": 0.20545548044930442, "rel_pc1": 0.19688864967440661, "q_revenu": 2, "q_population": 1 }, "geometry": { "type": "Polygon", "coordinates": [ [ [ 3.10737873539433, 50.618079116780429 ], [ 3.107115135691033, 50.619867920852279 ], [ 3.109930670533144, 50.620036928688492 ], [ 3.11019416418833, 50.618248117211742 ], [ 3.10737873539433, 50.618079116780429 ] ] ] } },
{ "type": "Feature", "properties": { "idcar_200m": "CRS3035RES200mN3079200E3834800", "population": 47.5, "median_education": 4.5928939406603524, "median_healthcare": 5.9123017925176224, "median_services": 0.64867905266167847, "median_commerce": 5.4762087368638532, "median_entertainment": 3.5661929715400564, "PC1_pos": 1.0676936650134903, "nivvie": 21412.89894736842, "rel_education": 0.80047364628031359, "rel_sante": 0.37510898464527342, "rel_services": 0.97073662596351318, "rel_commerce": 0.14641399684557999, "rel_loisirs": 0.73373280286983811, "rel_pc1": 0.51546368145027777, "q_revenu": 2, "q_population": 1 }, "geometry": { "type": "Polygon", "coordinates": [ [ [ 3.118640562110286, 50.618754705593524 ], [ 3.118377386615528, 50.62054353926721 ], [ 3.121192995803928, 50.620712271814376 ], [ 3.121456065239849, 50.618923430747607 ], [ 3.118640562110286, 50.618754705593524 ] ] ] } },
{ "type": "Feature", "properties": { "idcar_200m": "CRS3035RES200mN3079200E3835200", "population": 216.0, "median_education": 7.2816172779367649, "median_healthcare": 7.8330830916978824, "median_services": 0.732981485187569, "median_commerce": 7.7542429097091441, "median_entertainment": 5.4510662335041111, "PC1_pos": 1.5053286820028291, "nivvie": 18690.847685185185, "rel_education": 1.2690784521903711, "rel_sante": 0.49697392796954282, "rel_services": 1.0968937117749173, "rel_commerce": 0.20732038376831535, "rel_loisirs": 1.1215394506290188, "rel_pc1": 0.72674615354964078, "q_revenu": 1, "q_population": 3 }, "geometry": { "type": "Polygon", "coordinates": [ [ [ 3.124271586934998, 50.619092087080539 ], [ 3.12400862356059, 50.620880935537436 ], [ 3.126824269878195, 50.621049530435656 ], [ 3.127087127188408, 50.61926067459158 ], [ 3.124271586934998, 50.619092087080539 ] ] ] } },
{ "type": "Feature", "properties": { "idcar_200m": "CRS3035RES200mN3079400E3828000", "population": 427.5, "median_education": 3.7374746563575236, "median_healthcare": 7.6388787563252762, "median_services": 0.4963295338634589, "median_commerce": 14.884254023156762, "median_entertainment": 3.1200150678472385, "PC1_pos": 1.1035041078614591, "nivvie": 25071.627602339184, "rel_education": 0.65138668663109256, "rel_sante": 0.4846525354541063, "rel_services": 0.74274828991579145, "rel_commerce": 0.3979510691265794, "rel_loisirs": 0.64193312560398808, "rel_pc1": 0.5327523320339127, "q_revenu": 3, "q_population": 4 }, "geometry": { "type": "Polygon", "coordinates": [ [ [ 3.022657774595323, 50.614765687567342 ], [ 3.022390969399928, 50.616554266422725 ], [ 3.025206048889285, 50.616725346046046 ], [ 3.025472748107681, 50.614936759696562 ], [ 3.022657774595323, 50.614765687567342 ] ] ] } },
{ "type": "Feature", "properties": { "idcar_200m": "CRS3035RES200mN3079400E3828200", "population": 379.0, "median_education": 4.0397009938368305, "median_healthcare": 6.4647970544557314, "median_services": 0.39692712953047071, "median_commerce": 15.267447951794322, "median_entertainment": 3.5770101636279588, "PC1_pos": 1.1000687649966694, "nivvie": 21206.325593667549, "rel_education": 0.70406027794185166, "rel_sante": 0.41016232664300617, "rel_services": 0.59399436576958897, "rel_commerce": 0.408196287553172, "rel_loisirs": 0.7359584055596472, "rel_pc1": 0.5310938090528794, "q_revenu": 2, "q_population": 4 }, "geometry": { "type": "Polygon", "coordinates": [ [ [ 3.025472748107681, 50.614936759696562 ], [ 3.025206048889285, 50.616725346046046 ], [ 3.028021147198408, 50.616896356867343 ], [ 3.028287740437092, 50.615107763026721 ], [ 3.025472748107681, 50.614936759696562 ] ] ] } },
{ "type": "Feature", "properties": { "idcar_200m": "CRS3035RES200mN3079400E3828400", "population": 376.0, "median_education": 3.4861167779676467, "median_healthcare": 5.2010329735699514, "median_services": 0.29922786895797027, "median_commerce": 13.53397290015854, "median_entertainment": 3.0305651890539256, "PC1_pos": 0.91901859937915265, "nivvie": 22777.484042553191, "rel_education": 0.60757871718185685, "rel_sante": 0.3299821738280449, "rel_services": 0.44778916586660467, "rel_commerce": 0.36184944013781151, "rel_loisirs": 0.62352909901115861, "rel_pc1": 0.44368598042704555, "q_revenu": 3, "q_population": 4 }, "geometry": { "type": "Polygon", "coordinates": [ [ [ 3.028287740437092, 50.615107763026721 ], [ 3.028021147198408, 50.616896356867343 ], [ 3.030836264319987, 50.617067298885921 ], [ 3.031102751576243, 50.615278697557073 ], [ 3.028287740437092, 50.615107763026721 ] ] ] } },
{ "type": "Feature", "properties": { "idcar_200m": "CRS3035RES200mN3079400E3828600", "population": 215.0, "median_education": 2.3138834339516241, "median_healthcare": 3.2864348903056073, "median_services": 0.19488792976464833, "median_commerce": 8.8848882389985722, "median_entertainment": 2.2079416302404851, "PC1_pos": 0.59562244329631797, "nivvie": 19895.5888372093, "rel_education": 0.40327574147653095, "rel_sante": 0.20850952777232784, "rel_services": 0.29164630891729915, "rel_commerce": 0.23754974675108137, "rel_loisirs": 0.45427693169103484, "rel_pc1": 0.28755601670826636, "q_revenu": 2, "q_population": 3 }, "geometry": { "type": "Polygon", "coordinates": [ [ [ 3.031102751576243, 50.615278697557073 ], [ 3.030836264319987, 50.617067298885921 ], [ 3.033651400246708, 50.617238172100983 ], [ 3.03391778151783, 50.615449563286901 ], [ 3.031102751576243, 50.615278697557073 ] ] ] } },
{ "type": "Feature", "properties": { "idcar_200m": "CRS3035RES200mN3079400E3828800", "population": 18.0, "median_education": 4.2816080387748325, "median_healthcare": 7.1338405637794189, "median_services": 0.36389332702290683, "median_commerce": 14.63971503543247, "median_entertainment": 3.0746319958548805, "PC1_pos": 0.91847892212707372, "nivvie": 16683.977777777778, "rel_education": 0.74622110656629348, "rel_sante": 0.45261013128375188, "rel_services": 0.5445598698391918, "rel_commerce": 0.39141298186626977, "rel_loisirs": 0.63259570363004014, "rel_pc1": 0.44342543376252258, "q_revenu": 1, "q_population": 1 }, "geometry": { "type": "Polygon", "coordinates": [ [ [ 3.03391778151783, 50.615449563286901 ], [ 3.033651400246708, 50.617238172100983 ], [ 3.036466554971258, 50.617408976511825 ], [ 3.03673283025453, 50.615620360215416 ], [ 3.03391778151783, 50.615449563286901 ] ] ] } },
{ "type": "Feature", "properties": { "idcar_200m": "CRS3035RES200mN3079400E3829400", "population": 284.0, "median_education": 1.0169166765493016, "median_healthcare": 1.8489999189488688, "median_services": 0.07977722589051639, "median_commerce": 2.479897779400944, "median_entertainment": 0.72249906182917933, "PC1_pos": 0.3900021894416883, "nivvie": 11961.09014084507, "rel_education": 0.17723357224391756, "rel_sante": 0.11731073726376186, "rel_services": 0.11938519483853209, "rel_commerce": 0.066303488982508735, "rel_loisirs": 0.14865187216097842, "rel_pc1": 0.18828618257348306, "q_revenu": 1, "q_population": 3 }, "geometry": { "type": "Polygon", "coordinates": [ [ [ 3.042362984084041, 50.615961747665693 ], [ 3.042096920784598, 50.617750378917819 ], [ 3.04491213185876, 50.61792097691157 ], [ 3.045178089162229, 50.616132338185963 ], [ 3.042362984084041, 50.615961747665693 ] ] ] } },
{ "type": "Feature", "properties": { "idcar_200m": "CRS3035RES200mN3079400E3829600", "population": 178.0, "median_education": 7.5477451769982711, "median_healthcare": 18.177526417521499, "median_services": 1.5183137364403161, "median_commerce": 44.561449450829031, "median_entertainment": 4.8945666603488087, "PC1_pos": 2.904976242699107, "nivvie": 12730.806741573035, "rel_education": 1.3154606183128603, "rel_sante": 1.153282379202702, "rel_services": 2.2721294107131245, "rel_commerce": 1.1914118385239996, "rel_loisirs": 1.0070414425667193, "rel_pc1": 1.4024713245520264, "q_revenu": 1, "q_population": 2 }, "geometry": { "type": "Polygon", "coordinates": [ [ [ 3.045178089162229, 50.616132338185963 ], [ 3.04491213185876, 50.61792097691157 ], [ 3.047727361701495, 50.618091506098075 ], [ 3.047993213006279, 50.616302859901964 ], [ 3.045178089162229, 50.616132338185963 ] ] ] } },
{ "type": "Feature", "properties": { "idcar_200m": "CRS3035RES200mN3079400E3829800", "population": 162.0, "median_education": 10.152728849539411, "median_healthcare": 23.927938573136043, "median_services": 1.7650188393254755, "median_commerce": 65.541753383630819, "median_entertainment": 6.2717728034556943, "PC1_pos": 3.7082519622428221, "nivvie": 13166.843827160495, "rel_education": 1.7694708362278602, "rel_sante": 1.5181201937598452, "rel_services": 2.641319194474534, "rel_commerce": 1.7523492135291263, "rel_loisirs": 1.290397203619378, "rel_pc1": 1.7902786827706336, "q_revenu": 1, "q_population": 2 }, "geometry": { "type": "Polygon", "coordinates": [ [ [ 3.047993213006279, 50.616302859901964 ], [ 3.047727361701495, 50.618091506098075 ], [ 3.050542610305488, 50.618261966476688 ], [ 3.050808355608888, 50.616473312812985 ], [ 3.047993213006279, 50.616302859901964 ] ] ] } },
{ "type": "Feature", "properties": { "idcar_200m": "CRS3035RES200mN3079400E3830200", "population": 6.0, "median_education": 9.8826315296038736, "median_healthcare": 19.877760869729109, "median_services": 1.0087702180612121, "median_commerce": 62.001592362404224, "median_entertainment": 6.5467478779488077, "PC1_pos": 2.8883978044880481, "nivvie": 14237.933333333334, "rel_education": 1.7223968586153366, "rel_sante": 1.2611546160079425, "rel_services": 1.5096066287868106, "rel_commerce": 1.6576981237878767, "rel_loisirs": 1.3469724461083019, "rel_pc1": 1.3944675468084726, "q_revenu": 1, "q_population": 1 }, "geometry": { "type": "Polygon", "coordinates": [ [ [ 3.053623516962737, 50.616643696918331 ], [ 3.053357877663433, 50.618432358046604 ], [ 3.056173163768003, 50.618602680807143 ], [ 3.056438697060511, 50.616814012217183 ], [ 3.053623516962737, 50.616643696918331 ] ] ] } },
{ "type": "Feature", "properties": { "idcar_200m": "CRS3035RES200mN3079400E3830400", "population": 226.5, "median_education": 10.006894444810142, "median_healthcare": 20.222102138465743, "median_services": 0.82357991593985025, "median_commerce": 57.98015160667962, "median_entertainment": 7.438429133346423, "PC1_pos": 3.0035150484905238, "nivvie": 15760.584988962473, "rel_education": 1.7440540512519864, "rel_sante": 1.2830015223770883, "rel_services": 1.2324726465735529, "rel_commerce": 1.5501793562581088, "rel_loisirs": 1.5304330137249915, "rel_pc1": 1.4500441230647119, "q_revenu": 1, "q_population": 3 }, "geometry": { "type": "Polygon", "coordinates": [ [ [ 3.056438697060511, 50.616814012217183 ], [ 3.056173163768003, 50.618602680807143 ], [ 3.058988468611889, 50.618772934757523 ], [ 3.059253895894897, 50.616984258708833 ], [ 3.056438697060511, 50.616814012217183 ] ] ] } },
{ "type": "Feature", "properties": { "idcar_200m": "CRS3035RES200mN3079400E3830600", "population": 311.0, "median_education": 12.05859527047796, "median_healthcare": 24.721291987407291, "median_services": 0.78531925292676308, "median_commerce": 58.956923838637401, "median_entertainment": 8.6936768720350415, "PC1_pos": 3.3375247685040268, "nivvie": 18984.480064308682, "rel_education": 2.1016352325763084, "rel_sante": 1.5684549033426294, "rel_services": 1.1752162471753405, "rel_commerce": 1.5762947096641986, "rel_loisirs": 1.7886962229663821, "rel_pc1": 1.6112981283660934, "q_revenu": 1, "q_population": 4 }, "geometry": { "type": "Polygon", "coordinates": [ [ [ 3.059253895894897, 50.616984258708833 ], [ 3.058988468611889, 50.618772934757523 ], [ 3.06180379218777, 50.618943119897011 ], [ 3.062069113458577, 50.617154436392553 ], [ 3.059253895894897, 50.616984258708833 ] ] ] } },
{ "type": "Feature", "properties": { "idcar_200m": "CRS3035RES200mN3079400E3830800", "population": 505.0, "median_education": 12.269691088971879, "median_healthcare": 27.930742644288507, "median_services": 0.72063972461421533, "median_commerce": 50.477833826502376, "median_entertainment": 8.407348892272136, "PC1_pos": 3.2348728052632776, "nivvie": 16194.7500990099, "rel_education": 2.1384261190473466, "rel_sante": 1.7720801273958773, "rel_services": 1.0784244873283011, "rel_commerce": 1.3495945384429877, "rel_loisirs": 1.7297851565131361, "rel_pc1": 1.5617395699386567, "q_revenu": 1, "q_population": 5 }, "geometry": { "type": "Polygon", "coordinates": [ [ [ 3.062069113458577, 50.617154436392553 ], [ 3.06180379218777, 50.618943119897011 ], [ 3.064619134488337, 50.619113236224891 ], [ 3.064884349744241, 50.617324545267628 ], [ 3.062069113458577, 50.617154436392553 ] ] ] } },
{ "type": "Feature", "properties": { "idcar_200m": "CRS3035RES200mN3079400E3831000", "population": 240.0, "median_education": 11.466706107464884, "median_healthcare": 31.141246066261722, "median_services": 0.60937085582727069, "median_commerce": 42.033048607490464, "median_entertainment": 8.1170157873270448, "PC1_pos": 3.0606508875835052, "nivvie": 16139.000833333334, "rel_education": 1.9984776847138466, "rel_sante": 1.9757721446641177, "rel_services": 0.91191261089601239, "rel_commerce": 1.1238115532008841, "rel_loisirs": 1.6700500483579348, "rel_pc1": 1.4776282990570335, "q_revenu": 1, "q_population": 3 }, "geometry": { "type": "Polygon", "coordinates": [ [ [ 3.064884349744241, 50.617324545267628 ], [ 3.064619134488337, 50.619113236224891 ], [ 3.067434495506262, 50.619283283740437 ], [ 3.067699604744564, 50.617494585333269 ], [ 3.064884349744241, 50.617324545267628 ] ] ] } },
{ "type": "Feature", "properties": { "idcar_200m": "CRS3035RES200mN3079400E3831200", "population": 217.5, "median_education": 10.983478050058956, "median_healthcare": 33.323309791781021, "median_services": 0.59682940318176403, "median_commerce": 37.864567000560058, "median_entertainment": 8.0482555992255094, "PC1_pos": 3.0349019497729013, "nivvie": 15108.016091954023, "rel_education": 1.9142581642776615, "rel_sante": 2.114214283992442, "rel_services": 0.89314455082712974, "rel_commerce": 1.012361445621988, "rel_loisirs": 1.6559028594805449, "rel_pc1": 1.4651971657533434, "q_revenu": 1, "q_population": 3 }, "geometry": { "type": "Polygon", "coordinates": [ [ [ 3.067699604744564, 50.617494585333269 ], [ 3.067434495506262, 50.619283283740437 ], [ 3.070249875234238, 50.619453262442853 ], [ 3.07051487845224, 50.617664556588764 ], [ 3.067699604744564, 50.617494585333269 ] ] ] } },
{ "type": "Feature", "properties": { "idcar_200m": "CRS3035RES200mN3079400E3831400", "population": 497.5, "median_education": 11.444794319810805, "median_healthcare": 39.311945382046403, "median_services": 0.63342083991846776, "median_commerce": 37.807421111408665, "median_entertainment": 8.6625926854053716, "PC1_pos": 3.232473245816919, "nivvie": 15402.60582914573, "rel_education": 1.9946587834314324, "rel_sante": 2.4941663051355336, "rel_services": 0.94790298289179376, "rel_commerce": 1.0108335714236167, "rel_loisirs": 1.7823007509426494, "rel_pc1": 1.5605811049344991, "q_revenu": 1, "q_population": 5 }, "geometry": { "type": "Polygon", "coordinates": [ [ [ 3.07051487845224, 50.617664556588764 ], [ 3.070249875234238, 50.619453262442853 ], [ 3.073065273664942, 50.61962317233143 ], [ 3.073330170859946, 50.617834459033411 ], [ 3.07051487845224, 50.617664556588764 ] ] ] } },
{ "type": "Feature", "properties": { "idcar_200m": "CRS3035RES200mN3079400E3831600", "population": 382.5, "median_education": 10.613267961788665, "median_healthcare": 34.558677580252052, "median_services": 0.59656469787043021, "median_commerce": 34.054244400641331, "median_entertainment": 8.4131344260075362, "PC1_pos": 2.9839033550697076, "nivvie": 19886.172810457516, "rel_education": 1.8497360082957908, "rel_sante": 2.1925928196387963, "rel_services": 0.89274842405265709, "rel_commerce": 0.91048721329595095, "rel_loisirs": 1.7309755115829966, "rel_pc1": 1.4405759431724576, "q_revenu": 2, "q_population": 4 }, "geometry": { "type": "Polygon", "coordinates": [ [ [ 3.073330170859946, 50.617834459033411 ], [ 3.073065273664942, 50.61962317233143 ], [ 3.075880690791058, 50.619793013405442 ], [ 3.076145481960366, 50.61800429266642 ], [ 3.073330170859946, 50.617834459033411 ] ] ] } },
{ "type": "Feature", "properties": { "idcar_200m": "CRS3035RES200mN3079400E3831800", "population": 545.0, "median_education": 7.8576306011201318, "median_healthcare": 26.024038581874674, "median_services": 0.5408617774910035, "median_commerce": 23.091696650106446, "median_entertainment": 5.5399466519823584, "PC1_pos": 2.1886716590607573, "nivvie": 13719.855596330275, "rel_education": 1.3694690754165493, "rel_sante": 1.6511083214951316, "rel_services": 0.80938999778073484, "rel_commerce": 0.61738837267623869, "rel_loisirs": 1.1398263125825729, "rel_pc1": 1.0566520977260745, "q_revenu": 1, "q_population": 5 }, "geometry": { "type": "Polygon", "coordinates": [ [ [ 3.076145481960366, 50.61800429266642 ], [ 3.075880690791058, 50.619793013405442 ], [ 3.078696126605263, 50.619962785664164 ], [ 3.078960811746184, 50.618174057487067 ], [ 3.076145481960366, 50.61800429266642 ] ] ] } },
{ "type": "Feature", "properties": { "idcar_200m": "CRS3035RES200mN3079400E3832000", "population": 92.0, "median_education": 6.4444022335059437, "median_healthcare": 22.470935349281206, "median_services": 0.50265183207343755, "median_commerce": 18.896239304200286, "median_entertainment": 4.5186461072597286, "PC1_pos": 1.8445816481100559, "nivvie": 12166.220652173914, "rel_education": 1.123164222949554, "rel_sante": 1.4256798855508239, "rel_services": 0.75220949635911216, "rel_commerce": 0.50521703149375197, "rel_loisirs": 0.92969699057669841, "rel_pc1": 0.89053150564344374, "q_revenu": 1, "q_population": 2 }, "geometry": { "type": "Polygon", "coordinates": [ [ [ 3.078960811746184, 50.618174057487067 ], [ 3.078696126605263, 50.619962785664164 ], [ 3.081511581100246, 50.620132489106851 ], [ 3.081776160210079, 50.618343753494628 ], [ 3.078960811746184, 50.618174057487067 ] ] ] } },
{ "type": "Feature", "properties": { "idcar_200m": "CRS3035RES200mN3079400E3832400", "population": 353.0, "median_education": 1.3070458459657879, "median_healthcare": 3.3149055805071725, "median_services": 0.16685834842579703, "median_commerce": 5.5685123403868948, "median_entertainment": 2.088348512193126, "PC1_pos": 0.46208372737574432, "nivvie": 16337.482719546742, "rel_education": 0.22779880565353178, "rel_sante": 0.21031586514623779, "rel_services": 0.24970054066040814, "rel_commerce": 0.14888186104952883, "rel_loisirs": 0.42967102998882334, "rel_pc1": 0.2230858785214935, "q_revenu": 1, "q_population": 4 }, "geometry": { "type": "Polygon", "coordinates": [ [ [ 3.084591527344732, 50.618513380688363 ], [ 3.084327054268678, 50.62030212373277 ], [ 3.087142546103246, 50.620471689541134 ], [ 3.087406913142834, 50.618682939067547 ], [ 3.084591527344732, 50.618513380688363 ] ] ] } },
{ "type": "Feature", "properties": { "idcar_200m": "CRS3035RES200mN3079400E3832600", "population": 64.0, "median_education": 0.35912101067379981, "median_healthcare": 0.94848978022017905, "median_services": 0.048843787172393689, "median_commerce": 1.6368192095050023, "median_entertainment": 0.75741374013747942, "PC1_pos": 0.11547810750096921, "nivvie": 17991.4875, "rel_education": 0.062589493374758137, "rel_sante": 0.06017741497145495, "rel_services": 0.07309385583588221, "rel_commerce": 0.043762620106861765, "rel_loisirs": 0.15583545560160883, "rel_pc1": 0.055750794792444915, "q_revenu": 1, "q_population": 1 }, "geometry": { "type": "Polygon", "coordinates": [ [ [ 3.087406913142834, 50.618682939067547 ], [ 3.087142546103246, 50.620471689541134 ], [ 3.089958056596628, 50.620641186531273 ], [ 3.090222317597051, 50.618852428631421 ], [ 3.087406913142834, 50.618682939067547 ] ] ] } },
{ "type": "Feature", "properties": { "idcar_200m": "CRS3035RES200mN3079400E3833000", "population": 9.0, "median_education": 0.70230105137187948, "median_healthcare": 0.92121117987257295, "median_services": 0.087901204316213705, "median_commerce": 2.4231007697183617, "median_entertainment": 0.50613105538578862, "PC1_pos": 0.18623869215882749, "nivvie": 21751.044444444444, "rel_education": 0.12240071088977042, "rel_sante": 0.058446710342695218, "rel_services": 0.13154258357183976, "rel_commerce": 0.064784942558132233, "rel_loisirs": 0.10413484655803985, "rel_pc1": 0.08991275778288077, "q_revenu": 2, "q_population": 1 }, "geometry": { "type": "Polygon", "coordinates": [ [ [ 3.093037740700075, 50.619021849379237 ], [ 3.092773585741504, 50.620810614702421 ], [ 3.095589133530553, 50.62097997405386 ], [ 3.095853182444583, 50.619191201310294 ], [ 3.093037740700075, 50.619021849379237 ] ] ] } },
{ "type": "Feature", "properties": { "idcar_200m": "CRS3035RES200mN3079400E3833200", "population": 124.5, "median_education": 1.3650838893970256, "median_healthcare": 1.9041047943366554, "median_services": 0.1671649156529737, "median_commerce": 5.0565678098358724, "median_entertainment": 1.0228027745918722, "PC1_pos": 0.2900335763145756, "nivvie": 20580.592771084335, "rel_education": 0.2379139802795103, "rel_sante": 0.12080689401981183, "rel_services": 0.25015931304487066, "rel_commerce": 0.13519431762616849, "rel_loisirs": 0.21043840099888217, "rel_pc1": 0.1400230982820454, "q_revenu": 2, "q_population": 2 }, "geometry": { "type": "Polygon", "coordinates": [ [ [ 3.095853182444583, 50.619191201310294 ], [ 3.095589133530553, 50.62097997405386 ], [ 3.098404699956455, 50.621149264584851 ], [ 3.098668642823254, 50.619360484423879 ], [ 3.095853182444583, 50.619191201310294 ] ] ] } },
{ "type": "Feature", "properties": { "idcar_200m": "CRS3035RES200mN3079400E3833400", "population": 177.0, "median_education": 1.432323454485281, "median_healthcare": 1.4942329510415415, "median_services": 0.16814900685937204, "median_commerce": 3.7035915226977267, "median_entertainment": 0.99919230621341615, "PC1_pos": 0.2764157171791779, "nivvie": 23395.024293785311, "rel_education": 0.24963284436300351, "rel_sante": 0.094802367125110282, "rel_services": 0.2516319879731263, "rel_commerce": 0.099020629705237451, "rel_loisirs": 0.20558062261205726, "rel_pc1": 0.13344863593069795, "q_revenu": 3, "q_population": 2 }, "geometry": { "type": "Polygon", "coordinates": [ [ [ 3.098668642823254, 50.619360484423879 ], [ 3.098404699956455, 50.621149264584851 ], [ 3.101220285011884, 50.621318486294676 ], [ 3.101484121828765, 50.619529698719212 ], [ 3.098668642823254, 50.619360484423879 ] ] ] } },
{ "type": "Feature", "properties": { "idcar_200m": "CRS3035RES200mN3079400E3833600", "population": 109.5, "median_education": 1.4608537295582458, "median_healthcare": 0.8975171991577513, "median_services": 0.14571311292445002, "median_commerce": 1.8198175050724299, "median_entertainment": 1.1289307734669325, "PC1_pos": 0.2335845900618283, "nivvie": 21617.126027397258, "rel_education": 0.25460525034757386, "rel_sante": 0.056943433723868092, "rel_services": 0.21805707309111214, "rel_commerce": 0.048655332046344937, "rel_loisirs": 0.23227389747902277, "rel_pc1": 0.11277052273397414, "q_revenu": 2, "q_population": 2 }, "geometry": { "type": "Polygon", "coordinates": [ [ [ 3.101484121828765, 50.619529698719212 ], [ 3.101220285011884, 50.621318486294676 ], [ 3.104035888689522, 50.62148763918254 ], [ 3.104299619453798, 50.61969884419559 ], [ 3.101484121828765, 50.619529698719212 ] ] ] } },
{ "type": "Feature", "properties": { "idcar_200m": "CRS3035RES200mN3079400E3833800", "population": 94.0, "median_education": 1.6366268328220399, "median_healthcare": 0.64573236988515847, "median_services": 0.12917995930713061, "median_commerce": 1.1863170214235148, "median_entertainment": 0.97370529996508026, "PC1_pos": 0.1743975293188933, "nivvie": 19893.539361702125, "rel_education": 0.28523990873625543, "rel_sante": 0.040968817580785896, "rel_services": 0.19331550375391987, "rel_commerce": 0.031717822489730749, "rel_loisirs": 0.20033675255774644, "rel_pc1": 0.084196053085520237, "q_revenu": 2, "q_population": 2 }, "geometry": { "type": "Polygon", "coordinates": [ [ [ 3.104299619453798, 50.61969884419559 ], [ 3.104035888689522, 50.62148763918254 ], [ 3.106851510982045, 50.621656723247767 ], [ 3.107115135691033, 50.619867920852279 ], [ 3.104299619453798, 50.61969884419559 ] ] ] } },
{ "type": "Feature", "properties": { "idcar_200m": "CRS3035RES200mN3079400E3834000", "population": 64.0, "median_education": 1.5003792184397833, "median_healthcare": 0.36716290128326129, "median_services": 0.093623470376788573, "median_commerce": 0.73381723182277647, "median_entertainment": 0.69607812440932759, "PC1_pos": 0.16375580261432088, "nivvie": 18086.675, "rel_education": 0.26149395986597118, "rel_sante": 0.023294836416178494, "rel_services": 0.14010585261176839, "rel_commerce": 0.019619616239621687, "rel_loisirs": 0.14321584875388146, "rel_pc1": 0.079058415012096511, "q_revenu": 1, "q_population": 1 }, "geometry": { "type": "Polygon", "coordinates": [ [ [ 3.107115135691033, 50.619867920852279 ], [ 3.106851510982045, 50.621656723247767 ], [ 3.10966715188213, 50.621825738489605 ], [ 3.109930670533144, 50.620036928688492 ], [ 3.107115135691033, 50.619867920852279 ] ] ] } },
{ "type": "Feature", "properties": { "idcar_200m": "CRS3035RES200mN3079400E3834400", "population": 17.0, "median_education": 2.0470825384466629, "median_healthcare": 3.8908519800347183, "median_services": 0.32306688546949419, "median_commerce": 5.8207892788295679, "median_entertainment": 2.0441370158946537, "PC1_pos": 0.60045863912520181, "nivvie": 19832.71176470588, "rel_education": 0.35677628200392592, "rel_sante": 0.24685707645759097, "rel_services": 0.48346382864433846, "rel_commerce": 0.15562683309939107, "rel_loisirs": 0.42057465596839599, "rel_pc1": 0.28989084680781507, "q_revenu": 2, "q_population": 1 }, "geometry": { "type": "Polygon", "coordinates": [ [ [ 3.112746223972813, 50.62020586770354 ], [ 3.112482811382457, 50.621994684907342 ], [ 3.115298489475696, 50.622163562500198 ], [ 3.115561796002714, 50.620374737896697 ], [ 3.112746223972813, 50.62020586770354 ] ] ] } },
{ "type": "Feature", "properties": { "idcar_200m": "CRS3035RES200mN3079400E3834800", "population": 251.5, "median_education": 3.5151988795760385, "median_healthcare": 5.3424309779256411, "median_services": 0.29028646876637926, "median_commerce": 4.8126838744928992, "median_entertainment": 2.7110318066064742, "PC1_pos": 0.72518847134724318, "nivvie": 27023.544731610338, "rel_education": 0.61264729838942056, "rel_sante": 0.33895324190035742, "rel_services": 0.434408520048369, "rel_commerce": 0.12867374409513774, "rel_loisirs": 0.55778612711236075, "rel_pc1": 0.35010821121733093, "q_revenu": 4, "q_population": 3 }, "geometry": { "type": "Polygon", "coordinates": [ [ [ 3.118377386615528, 50.62054353926721 ], [ 3.118114186154532, 50.62233237126749 ], [ 3.120929901411633, 50.62250111120845 ], [ 3.121192995803928, 50.620712271814376 ], [ 3.118377386615528, 50.62054353926721 ] ] ] } },
{ "type": "Feature", "properties": { "idcar_200m": "CRS3035RES200mN3079400E3835000", "population": 20.0, "median_education": 3.9921237890641055, "median_healthcare": 6.1913470870257719, "median_services": 0.34190244869206105, "median_commerce": 5.2122218341468418, "median_entertainment": 3.018877072742054, "PC1_pos": 0.81647494729385972, "nivvie": 23758.165, "rel_education": 0.69576827314568335, "rel_sante": 0.39281315482573725, "rel_services": 0.51165091286691666, "rel_commerce": 0.13935594274302252, "rel_loisirs": 0.62112430644658945, "rel_pc1": 0.39417971271628444, "q_revenu": 3, "q_population": 1 }, "geometry": { "type": "Polygon", "coordinates": [ [ [ 3.121192995803928, 50.620712271814376 ], [ 3.120929901411633, 50.62250111120845 ], [ 3.123745635239675, 50.622669782322355 ], [ 3.12400862356059, 50.620880935537436 ], [ 3.121192995803928, 50.620712271814376 ] ] ] } },
{ "type": "Feature", "properties": { "idcar_200m": "CRS3035RES200mN3079600E3828000", "population": 140.5, "median_education": 4.0315195878868035, "median_healthcare": 7.4732070209596042, "median_services": 0.55009673087238431, "median_commerce": 16.241349625837245, "median_entertainment": 3.3709505092339365, "PC1_pos": 1.2100698796452269, "nivvie": 21247.362989323843, "rel_education": 0.70263437960038555, "rel_sante": 0.47414140821156842, "rel_services": 0.82320994070873243, "rel_commerce": 0.43423489263251136, "rel_loisirs": 0.69356229043533757, "rel_pc1": 0.58420040823801478, "q_revenu": 2, "q_population": 2 }, "geometry": { "type": "Polygon", "coordinates": [ [ [ 3.022390969399928, 50.616554266422725 ], [ 3.022124138899779, 50.618342843580344 ], [ 3.024939324375981, 50.618513930698484 ], [ 3.025206048889285, 50.616725346046046 ], [ 3.022390969399928, 50.616554266422725 ] ] ] } },
{ "type": "Feature", "properties": { "idcar_200m": "CRS3035RES200mN3079600E3828200", "population": 282.0, "median_education": 4.4779198443068848, "median_healthcare": 7.410167660967411, "median_services": 0.47717590866588727, "median_commerce": 19.353273840523013, "median_entertainment": 3.5517001084943258, "PC1_pos": 1.2392492237781931, "nivvie": 23668.409929078014, "rel_education": 0.78043535771434425, "rel_sante": 0.47014184405716652, "rel_services": 0.71408523162376158, "rel_commerce": 0.5174364804546765, "rel_loisirs": 0.73075094263147855, "rel_pc1": 0.59828768124706955, "q_revenu": 3, "q_population": 3 }, "geometry": { "type": "Polygon", "coordinates": [ [ [ 3.025206048889285, 50.616725346046046 ], [ 3.024939324375981, 50.618513930698484 ], [ 3.027754528674667, 50.618684949011659 ], [ 3.028021147198408, 50.616896356867343 ], [ 3.025206048889285, 50.616725346046046 ] ] ] } },
{ "type": "Feature", "properties": { "idcar_200m": "CRS3035RES200mN3079600E3828400", "population": 135.0, "median_education": 4.8784527991810194, "median_healthcare": 7.5285894958292001, "median_services": 0.47011845458384283, "median_commerce": 20.478846821084691, "median_entertainment": 3.649966066709498, "PC1_pos": 1.2141518677688661, "nivvie": 18955.666666666668, "rel_education": 0.85024234193515325, "rel_sante": 0.4776551774074792, "rel_services": 0.70352387753750689, "rel_commerce": 0.54753022719520084, "rel_loisirs": 0.75096884938058306, "rel_pc1": 0.58617112015173656, "q_revenu": 1, "q_population": 2 }, "geometry": { "type": "Polygon", "coordinates": [ [ [ 3.028021147198408, 50.616896356867343 ], [ 3.027754528674667, 50.618684949011659 ], [ 3.03056975178852, 50.618855898519143 ], [ 3.030836264319987, 50.617067298885921 ], [ 3.028021147198408, 50.616896356867343 ] ] ] } },
{ "type": "Feature", "properties": { "idcar_200m": "CRS3035RES200mN3079600E3828800", "population": 86.0, "median_education": 7.2329994780380975, "median_healthcare": 9.5524614267135508, "median_services": 0.62263339427779119, "median_commerce": 23.880062447875083, "median_entertainment": 3.8020384224336397, "PC1_pos": 1.6012122066143888, "nivvie": 12928.909302325581, "rel_education": 1.260605087017602, "rel_sante": 0.60606075812510707, "rel_services": 0.93175976300358077, "rel_commerce": 0.63846642009445387, "rel_loisirs": 0.78225725039952942, "rel_pc1": 0.7730370291127906, "q_revenu": 1, "q_population": 2 }, "geometry": { "type": "Polygon", "coordinates": [ [ [ 3.033651400246708, 50.617238172100983 ], [ 3.033384993710226, 50.619026779220206 ], [ 3.03620025443248, 50.619197591114094 ], [ 3.036466554971258, 50.617408976511825 ], [ 3.033651400246708, 50.617238172100983 ] ] ] } },
{ "type": "Feature", "properties": { "idcar_200m": "CRS3035RES200mN3079600E3829200", "population": 523.5, "median_education": 7.6647177718614419, "median_healthcare": 14.477470011356568, "median_services": 1.29715051635232, "median_commerce": 34.131479938838879, "median_entertainment": 4.7051882008518069, "PC1_pos": 2.3654786502408585, "nivvie": 12251.327029608405, "rel_education": 1.3358472156814749, "rel_sante": 0.91853042465882728, "rel_services": 1.9411625987365082, "rel_commerce": 0.912552211981976, "rel_loisirs": 0.96807742996313328, "rel_pc1": 1.1420113965270935, "q_revenu": 1, "q_population": 5 }, "geometry": { "type": "Polygon", "coordinates": [ [ [ 3.039281728486328, 50.617579712117688 ], [ 3.039015533947955, 50.619368334200026 ], [ 3.041830832249344, 50.619539008477339 ], [ 3.042096920784598, 50.617750378917819 ], [ 3.039281728486328, 50.617579712117688 ] ] ] } },
{ "type": "Feature", "properties": { "idcar_200m": "CRS3035RES200mN3079600E3829400", "population": 242.0, "median_education": 8.5479814340545808, "median_healthcare": 18.258458017797512, "median_services": 1.4537734328866103, "median_commerce": 46.093811839188056, "median_entertainment": 5.9474891448387046, "PC1_pos": 2.9645727228292102, "nivvie": 13277.99876033058, "rel_education": 1.4897870395566568, "rel_sante": 1.1584171256129197, "rel_services": 2.1755459982330829, "rel_commerce": 1.2323816613843261, "rel_loisirs": 1.2236768775852047, "rel_pc1": 1.4312434546638531, "q_revenu": 1, "q_population": 3 }, "geometry": { "type": "Polygon", "coordinates": [ [ [ 3.042096920784598, 50.617750378917819 ], [ 3.041830832249344, 50.619539008477339 ], [ 3.044646149329334, 50.619709613945233 ], [ 3.04491213185876, 50.61792097691157 ], [ 3.042096920784598, 50.617750378917819 ] ] ] } },
{ "type": "Feature", "properties": { "idcar_200m": "CRS3035RES200mN3079600E3829600", "population": 289.5, "median_education": 9.1748005136348603, "median_healthcare": 19.764670759137779, "median_services": 1.5071043362384686, "median_commerce": 54.60537184634974, "median_entertainment": 5.8067052096005245, "PC1_pos": 3.2428635235608643, "nivvie": 13313.274611398963, "rel_education": 1.5990323564902231, "rel_sante": 1.2539795566070471, "rel_services": 2.2553547433543319, "rel_commerce": 1.4599499627258163, "rel_loisirs": 1.1947110329924635, "rel_pc1": 1.5655973478819716, "q_revenu": 1, "q_population": 3 }, "geometry": { "type": "Polygon", "coordinates": [ [ [ 3.04491213185876, 50.61792097691157 ], [ 3.044646149329334, 50.619709613945233 ], [ 3.047461485180604, 50.619880150602988 ], [ 3.047727361701495, 50.618091506098075 ], [ 3.04491213185876, 50.61792097691157 ] ] ] } },
{ "type": "Feature", "properties": { "idcar_200m": "CRS3035RES200mN3079600E3829800", "population": 238.0, "median_education": 11.855415614342752, "median_healthcare": 26.173197088425873, "median_services": 1.7640002445816811, "median_commerce": 79.310150862751627, "median_entertainment": 7.2254866930348749, "PC1_pos": 4.1659544101945478, "nivvie": 18874.755462184872, "rel_education": 2.0662240164024057, "rel_sante": 1.6605717585636581, "rel_services": 2.6397948856183162, "rel_commerce": 2.1204663182527774, "rel_loisirs": 1.4866207874022355, "rel_pc1": 2.0112493568141288, "q_revenu": 1, "q_population": 3 }, "geometry": { "type": "Polygon", "coordinates": [ [ [ 3.047727361701495, 50.618091506098075 ], [ 3.047461485180604, 50.619880150602988 ], [ 3.050276839795841, 50.620050618449881 ], [ 3.050542610305488, 50.618261966476688 ], [ 3.047727361701495, 50.618091506098075 ] ] ] } },
{ "type": "Feature", "properties": { "idcar_200m": "CRS3035RES200mN3079600E3830000", "population": 247.0, "median_education": 12.365975393951002, "median_healthcare": 26.000877683290089, "median_services": 1.6150944443742412, "median_commerce": 88.663401355093271, "median_entertainment": 7.3363297771237219, "PC1_pos": 4.3357798588270384, "nivvie": 20021.025101214575, "rel_education": 2.1552070527423064, "rel_sante": 1.6496388665423194, "rel_services": 2.4169600129849971, "rel_commerce": 2.370538376109705, "rel_loisirs": 1.50942639759111, "rel_pc1": 2.0932380899353866, "q_revenu": 2, "q_population": 3 }, "geometry": { "type": "Polygon", "coordinates": [ [ [ 3.050542610305488, 50.618261966476688 ], [ 3.050276839795841, 50.620050618449881 ], [ 3.05309221316773, 50.620221017485157 ], [ 3.053357877663433, 50.618432358046604 ], [ 3.050542610305488, 50.618261966476688 ] ] ] } },
{ "type": "Feature", "properties": { "idcar_200m": "CRS3035RES200mN3079600E3830200", "population": 432.0, "median_education": 12.212301853077392, "median_healthcare": 24.402424047403855, "median_services": 1.2325997379317224, "median_commerce": 85.905224170421135, "median_entertainment": 7.4741847631766012, "PC1_pos": 3.9386864279869491, "nivvie": 25067.950462962963, "rel_education": 2.1284240220019495, "rel_sante": 1.5482241652294308, "rel_services": 1.8445635108050982, "rel_commerce": 2.2967947032475546, "rel_loisirs": 1.5377896202527486, "rel_pc1": 1.9015283810106196, "q_revenu": 3, "q_population": 4 }, "geometry": { "type": "Polygon", "coordinates": [ [ [ 3.053357877663433, 50.618432358046604 ], [ 3.05309221316773, 50.620221017485157 ], [ 3.055907605288948, 50.62039134770805 ], [ 3.056173163768003, 50.618602680807143 ], [ 3.053357877663433, 50.618432358046604 ] ] ] } },
{ "type": "Feature", "properties": { "idcar_200m": "CRS3035RES200mN3079600E3830400", "population": 365.0, "median_education": 11.517061734947132, "median_healthcare": 23.557711014210135, "median_services": 1.0063324801625055, "median_commerce": 75.821743823321512, "median_entertainment": 7.6348640865231649, "PC1_pos": 3.6854622428362438, "nivvie": 17137.904657534247, "rel_education": 2.0072539275930046, "rel_sante": 1.4946309185858089, "rel_services": 1.5059585975253356, "rel_commerce": 2.0271989426268222, "rel_loisirs": 1.5708488773437608, "rel_pc1": 1.7792762079508684, "q_revenu": 1, "q_population": 4 }, "geometry": { "type": "Polygon", "coordinates": [ [ [ 3.056173163768003, 50.618602680807143 ], [ 3.055907605288948, 50.62039134770805 ], [ 3.05872301615219, 50.620561609117907 ], [ 3.058988468611889, 50.618772934757523 ], [ 3.056173163768003, 50.618602680807143 ] ] ] } },
{ "type": "Feature", "properties": { "idcar_200m": "CRS3035RES200mN3079600E3830600", "population": 692.0, "median_education": 12.73597533603264, "median_healthcare": 25.194083286529334, "median_services": 0.83539553046942616, "median_commerce": 70.214222898241331, "median_entertainment": 8.0907915942820523, "PC1_pos": 3.6009124326154089, "nivvie": 20327.481936416185, "rel_education": 2.2196925833441759, "rel_sante": 1.5984513870111787, "rel_services": 1.2501545028552727, "rel_commerce": 1.8772741332401004, "rel_loisirs": 1.6646545044769785, "rel_pc1": 1.738457049918491, "q_revenu": 2, "q_population": 5 }, "geometry": { "type": "Polygon", "coordinates": [ [ [ 3.058988468611889, 50.618772934757523 ], [ 3.05872301615219, 50.620561609117907 ], [ 3.061538445750128, 50.620731801713887 ], [ 3.06180379218777, 50.618943119897011 ], [ 3.058988468611889, 50.618772934757523 ] ] ] } },
{ "type": "Feature", "properties": { "idcar_200m": "CRS3035RES200mN3079600E3830800", "population": 830.5, "median_education": 13.985595654452872, "median_healthcare": 29.521731755495601, "median_services": 0.81511147746628199, "median_commerce": 67.50839030203025, "median_entertainment": 8.526668736887796, "PC1_pos": 3.7542337230418568, "nivvie": 16975.24996989765, "rel_education": 2.437482966853008, "rel_sante": 1.8730212381561329, "rel_services": 1.2197997795258502, "rel_commerce": 1.8049299651773618, "rel_loisirs": 1.7543348330804236, "rel_pc1": 1.8124778663732983, "q_revenu": 1, "q_population": 5 }, "geometry": { "type": "Polygon", "coordinates": [ [ [ 3.06180379218777, 50.618943119897011 ], [ 3.061538445750128, 50.620731801713887 ], [ 3.06435389407545, 50.620901925495296 ], [ 3.064619134488337, 50.619113236224891 ], [ 3.06180379218777, 50.618943119897011 ] ] ] } },
{ "type": "Feature", "properties": { "idcar_200m": "CRS3035RES200mN3079600E3831000", "population": 716.0, "median_education": 14.036023290987739, "median_healthcare": 36.181273279270961, "median_services": 0.86323709601704013, "median_commerce": 57.513319824003872, "median_entertainment": 8.6448426603477539, "PC1_pos": 3.7939740642146265, "nivvie": 17057.135893854749, "rel_education": 2.4462717598475527, "rel_sante": 2.2955392263866812, "rel_services": 1.2918189088359122, "rel_commerce": 1.537697964397351, "rel_loisirs": 1.7786487400334048, "rel_pc1": 1.8316638025966316, "q_revenu": 1, "q_population": 5 }, "geometry": { "type": "Polygon", "coordinates": [ [ [ 3.064619134488337, 50.619113236224891 ], [ 3.06435389407545, 50.620901925495296 ], [ 3.067169361120834, 50.621071980461387 ], [ 3.067434495506262, 50.619283283740437 ], [ 3.064619134488337, 50.619113236224891 ] ] ] } },
{ "type": "Feature", "properties": { "idcar_200m": "CRS3035RES200mN3079600E3831200", "population": 332.5, "median_education": 14.001673223079667, "median_healthcare": 38.240673408490927, "median_services": 0.91597493875984282, "median_commerce": 49.874630777150429, "median_entertainment": 8.548081640898415, "PC1_pos": 3.7177010656357683, "nivvie": 18496.881804511278, "rel_education": 2.44028504984214, "rel_sante": 2.4261989116598, "rel_services": 1.370740149339486, "rel_commerce": 1.3334670725977691, "rel_loisirs": 1.7587404696241211, "rel_pc1": 1.7948405433313317, "q_revenu": 1, "q_population": 4 }, "geometry": { "type": "Polygon", "coordinates": [ [ [ 3.067434495506262, 50.619283283740437 ], [ 3.067169361120834, 50.621071980461387 ], [ 3.069984846878967, 50.621241966611507 ], [ 3.070249875234238, 50.619453262442853 ], [ 3.067434495506262, 50.619283283740437 ] ] ] } },
{ "type": "Feature", "properties": { "idcar_200m": "CRS3035RES200mN3079600E3831400", "population": 673.0, "median_education": 12.24960892270148, "median_healthcare": 36.374411730768976, "median_services": 0.80180806902575708, "median_commerce": 43.664883587234506, "median_entertainment": 7.5735552766226446, "PC1_pos": 3.3248198379602982, "nivvie": 15393.391381872214, "rel_education": 2.1349260937762726, "rel_sante": 2.3077929933593126, "rel_services": 1.1998914662076072, "rel_commerce": 1.1674409130476711, "rel_loisirs": 1.558234785709371, "rel_pc1": 1.605164411846798, "q_revenu": 1, "q_population": 5 }, "geometry": { "type": "Polygon", "coordinates": [ [ [ 3.070249875234238, 50.619453262442853 ], [ 3.069984846878967, 50.621241966611507 ], [ 3.072800351342526, 50.621411883944802 ], [ 3.073065273664942, 50.61962317233143 ], [ 3.070249875234238, 50.619453262442853 ] ] ] } },
{ "type": "Feature", "properties": { "idcar_200m": "CRS3035RES200mN3079600E3831600", "population": 393.5, "median_education": 9.8201703173576789, "median_healthcare": 30.415767249347542, "median_services": 0.66038110912300807, "median_commerce": 37.387863363818084, "median_entertainment": 6.2916892844593741, "PC1_pos": 2.7087392317347456, "nivvie": 22765.751207115627, "rel_education": 1.7115107909282148, "rel_sante": 1.9297437733217186, "rel_services": 0.98824854462266287, "rel_commerce": 0.99961611612123813, "rel_loisirs": 1.2944949559134225, "rel_pc1": 1.307731554688158, "q_revenu": 3, "q_population": 4 }, "geometry": { "type": "Polygon", "coordinates": [ [ [ 3.073065273664942, 50.61962317233143 ], [ 3.072800351342526, 50.621411883944802 ], [ 3.075615874504193, 50.621581732460534 ], [ 3.075880690791058, 50.619793013405442 ], [ 3.073065273664942, 50.61962317233143 ] ] ] } },
{ "type": "Feature", "properties": { "idcar_200m": "CRS3035RES200mN3079600E3831800", "population": 56.5, "median_education": 7.0030463976302393, "median_healthcare": 25.092918351563497, "median_services": 0.59906398999517574, "median_commerce": 24.388795527364323, "median_entertainment": 4.626113721900162, "PC1_pos": 2.0922196490088809, "nivvie": 17190.477876106193, "rel_education": 1.2205276580315099, "rel_sante": 1.5920329264236686, "rel_services": 0.89648857011490102, "rel_commerce": 0.65206810094240419, "rel_loisirs": 0.95180810871784838, "rel_pc1": 1.0100867674129164, "q_revenu": 1, "q_population": 1 }, "geometry": { "type": "Polygon", "coordinates": [ [ [ 3.075880690791058, 50.619793013405442 ], [ 3.075615874504193, 50.621581732460534 ], [ 3.078431416356647, 50.621751512158049 ], [ 3.078696126605263, 50.619962785664164 ], [ 3.075880690791058, 50.619793013405442 ] ] ] } },
{ "type": "Feature", "properties": { "idcar_200m": "CRS3035RES200mN3079600E3832000", "population": 399.0, "median_education": 6.2907839911869754, "median_healthcare": 25.120370566327132, "median_services": 0.65952031089741281, "median_commerce": 19.946219898517761, "median_entertainment": 4.0970345127885883, "PC1_pos": 1.9306119966983473, "nivvie": 18211.358145363411, "rel_education": 1.0963908299313478, "rel_sante": 1.5937746461070723, "rel_services": 0.98696037543988901, "rel_commerce": 0.53328971148300286, "rel_loisirs": 0.84295175289536817, "rel_pc1": 0.93206544150248161, "q_revenu": 1, "q_population": 4 }, "geometry": { "type": "Polygon", "coordinates": [ [ [ 3.078696126605263, 50.619962785664164 ], [ 3.078431416356647, 50.621751512158049 ], [ 3.081246976892571, 50.621921223036573 ], [ 3.081511581100246, 50.620132489106851 ], [ 3.078696126605263, 50.619962785664164 ] ] ] } },
{ "type": "Feature", "properties": { "idcar_200m": "CRS3035RES200mN3079600E3832200", "population": 2.0, "median_education": 1.7819916202345478, "median_healthcare": 4.5199282674012338, "median_services": 0.22489112918006279, "median_commerce": 6.7337886579703259, "median_entertainment": 1.8961612883751635, "PC1_pos": 0.65598986434157336, "nivvie": 26915.35, "rel_education": 0.31057484634296245, "rel_sante": 0.28676914043868018, "rel_services": 0.33654556140452302, "rel_commerce": 0.18003713128939136, "rel_loisirs": 0.39012912310574466, "rel_pc1": 0.31670034350471049, "q_revenu": 4, "q_population": 1 }, "geometry": { "type": "Polygon", "coordinates": [ [ [ 3.081511581100246, 50.620132489106851 ], [ 3.081246976892571, 50.621921223036573 ], [ 3.084062556104639, 50.62209086509538 ], [ 3.084327054268678, 50.62030212373277 ], [ 3.081511581100246, 50.620132489106851 ] ] ] } },
{ "type": "Feature", "properties": { "idcar_200m": "CRS3035RES200mN3079600E3832400", "population": 47.0, "median_education": 3.0369092298473279, "median_healthcare": 7.5194750226533777, "median_services": 0.37222692632574172, "median_commerce": 11.526508533852423, "median_entertainment": 2.4925965995245694, "PC1_pos": 0.86288495450056679, "nivvie": 26915.327659574465, "rel_education": 0.52928846954578546, "rel_sante": 0.47707690503598321, "rel_services": 0.55703095247423573, "rel_commerce": 0.30817711033464151, "rel_loisirs": 0.51284378158683352, "rel_pc1": 0.41658564613596138, "q_revenu": 4, "q_population": 1 }, "geometry": { "type": "Polygon", "coordinates": [ [ [ 3.084327054268678, 50.62030212373277 ], [ 3.084062556104639, 50.62209086509538 ], [ 3.086878153985539, 50.622260438333697 ], [ 3.087142546103246, 50.620471689541134 ], [ 3.084327054268678, 50.62030212373277 ] ] ] } },
{ "type": "Feature", "properties": { "idcar_200m": "CRS3035RES200mN3079600E3832600", "population": 5.0, "median_education": 1.4605548542856883, "median_healthcare": 3.4251306223449363, "median_services": 0.15942306271368994, "median_commerce": 6.2315285706105028, "median_entertainment": 1.2116905893743879, "PC1_pos": 0.50502117810044833, "nivvie": 26915.32, "rel_education": 0.25455316079743445, "rel_sante": 0.21730914880753069, "rel_services": 0.23857376828255863, "rel_commerce": 0.16660851481768324, "rel_loisirs": 0.24930146502104103, "rel_pc1": 0.24381532288170349, "q_revenu": 4, "q_population": 1 }, "geometry": { "type": "Polygon", "coordinates": [ [ [ 3.087142546103246, 50.620471689541134 ], [ 3.086878153985539, 50.622260438333697 ], [ 3.089693770527943, 50.622429942750827 ], [ 3.089958056596628, 50.620641186531273 ], [ 3.087142546103246, 50.620471689541134 ] ] ] } },
{ "type": "Feature", "properties": { "idcar_200m": "CRS3035RES200mN3079600E3832800", "population": 51.0, "median_education": 2.4780230454658554, "median_healthcare": 5.0307812406274532, "median_services": 0.24225640958040734, "median_commerce": 11.203306247393728, "median_entertainment": 1.8225045456204176, "PC1_pos": 0.59220465855043836, "nivvie": 27719.73333333333, "rel_education": 0.43188285390398229, "rel_sante": 0.31918046631727792, "rel_services": 0.36253239362235429, "rel_commerce": 0.29953585124027982, "rel_loisirs": 0.3749744837626125, "rel_pc1": 0.28590597047754956, "q_revenu": 4, "q_population": 1 }, "geometry": { "type": "Polygon", "coordinates": [ [ [ 3.089958056596628, 50.620641186531273 ], [ 3.089693770527943, 50.622429942750827 ], [ 3.092509405724531, 50.622599378346031 ], [ 3.092773585741504, 50.620810614702421 ], [ 3.089958056596628, 50.620641186531273 ] ] ] } },
{ "type": "Feature", "properties": { "idcar_200m": "CRS3035RES200mN3079600E3833000", "population": 570.5, "median_education": 1.9839148844764298, "median_healthcare": 3.8629687521961102, "median_services": 0.21439582831296067, "median_commerce": 10.061483429228769, "median_entertainment": 1.4343545631781727, "PC1_pos": 0.55770623380986661, "nivvie": 19914.808939526731, "rel_education": 0.34576709194776373, "rel_sante": 0.24508801093113056, "rel_services": 0.32083953095634027, "rel_commerce": 0.26900764266933397, "rel_loisirs": 0.29511386578033966, "rel_pc1": 0.26925073910949066, "q_revenu": 2, "q_population": 5 }, "geometry": { "type": "Polygon", "coordinates": [ [ [ 3.092773585741504, 50.620810614702421 ], [ 3.092509405724531, 50.622599378346031 ], [ 3.095325059567983, 50.622768745118556 ], [ 3.095589133530553, 50.62097997405386 ], [ 3.092773585741504, 50.620810614702421 ] ] ] } },
{ "type": "Feature", "properties": { "idcar_200m": "CRS3035RES200mN3079600E3833200", "population": 543.0, "median_education": 1.5884820440465641, "median_healthcare": 2.905625779051483, "median_services": 0.20064626395482985, "median_commerce": 8.4952393625746012, "median_entertainment": 1.2339550510474908, "PC1_pos": 0.45838533795236991, "nivvie": 24053.149171270717, "rel_education": 0.27684898242303868, "rel_sante": 0.18434890064619189, "rel_services": 0.30026355326951126, "rel_commerce": 0.22713194638865494, "rel_loisirs": 0.25388230683138735, "rel_pc1": 0.22130036129864356, "q_revenu": 3, "q_population": 5 }, "geometry": { "type": "Polygon", "coordinates": [ [ [ 3.095589133530553, 50.62097997405386 ], [ 3.095325059567983, 50.622768745118556 ], [ 3.098140732050974, 50.622938043067698 ], [ 3.098404699956455, 50.621149264584851 ], [ 3.095589133530553, 50.62097997405386 ] ] ] } },
{ "type": "Feature", "properties": { "idcar_200m": "CRS3035RES200mN3079600E3833400", "population": 443.0, "median_education": 1.2513532246784247, "median_healthcare": 2.802515711573847, "median_services": 0.19225166930232149, "median_commerce": 8.0320248857282799, "median_entertainment": 1.1327107039160216, "PC1_pos": 0.39302745424475338, "nivvie": 25465.65124153499, "rel_education": 0.21809240350081963, "rel_sante": 0.17780703014032725, "rel_services": 0.28770119218220569, "rel_commerce": 0.21474726819053272, "rel_loisirs": 0.23305160608458525, "rel_pc1": 0.18974672709467788, "q_revenu": 4, "q_population": 5 }, "geometry": { "type": "Polygon", "coordinates": [ [ [ 3.098404699956455, 50.621149264584851 ], [ 3.098140732050974, 50.622938043067698 ], [ 3.100956423166184, 50.623107272192698 ], [ 3.101220285011884, 50.621318486294676 ], [ 3.098404699956455, 50.621149264584851 ] ] ] } },
{ "type": "Feature", "properties": { "idcar_200m": "CRS3035RES200mN3079600E3833600", "population": 84.0, "median_education": 0.69926355665073747, "median_healthcare": 1.9166257824138007, "median_services": 0.14730787624372821, "median_commerce": 3.7250984068574784, "median_entertainment": 0.78833485034491912, "PC1_pos": 0.29093819085064965, "nivvie": 26415.571428571428, "rel_education": 0.12187132037773082, "rel_sante": 0.12160129445625735, "rel_services": 0.22044360793822071, "rel_commerce": 0.099595645929204002, "rel_loisirs": 0.16219737517281874, "rel_pc1": 0.14045983023460623, "q_revenu": 4, "q_population": 2 }, "geometry": { "type": "Polygon", "coordinates": [ [ [ 3.101220285011884, 50.621318486294676 ], [ 3.100956423166184, 50.623107272192698 ], [ 3.10377213290629, 50.623276432492801 ], [ 3.104035888689522, 50.62148763918254 ], [ 3.101220285011884, 50.621318486294676 ] ] ] } },
{ "type": "Feature", "properties": { "idcar_200m": "CRS3035RES200mN3079600E3833800", "population": 10.0, "median_education": 1.3806985731829027, "median_healthcare": 3.4690175142927995, "median_services": 0.27020325140521245, "median_commerce": 6.8456076172171443, "median_entertainment": 1.4415070558387364, "PC1_pos": 0.48978277735696008, "nivvie": 21751.05, "rel_education": 0.24063538927067851, "rel_sante": 0.22009357491694106, "rel_services": 0.4043543436730469, "rel_commerce": 0.18302676545658997, "rel_loisirs": 0.29658546827892096, "rel_pc1": 0.23645849160692592, "q_revenu": 2, "q_population": 1 }, "geometry": { "type": "Polygon", "coordinates": [ [ [ 3.104035888689522, 50.62148763918254 ], [ 3.10377213290629, 50.623276432492801 ], [ 3.106587861263964, 50.623445523967312 ], [ 3.106851510982045, 50.621656723247767 ], [ 3.104035888689522, 50.62148763918254 ] ] ] } },
{ "type": "Feature", "properties": { "idcar_200m": "CRS3035RES200mN3079600E3834000", "population": 31.0, "median_education": 2.1704915811913468, "median_healthcare": 5.3790137527490263, "median_services": 0.38601838189409488, "median_commerce": 10.445786329886831, "median_entertainment": 2.2988337234016671, "PC1_pos": 0.73350180927974584, "nivvie": 19832.712903225805, "rel_education": 0.37828465726930316, "rel_sante": 0.34127425459576366, "rel_services": 0.57766961960957086, "rel_commerce": 0.27928251099309331, "rel_loisirs": 0.47297768927933226, "rel_pc1": 0.35412174423363285, "q_revenu": 2, "q_population": 1 }, "geometry": { "type": "Polygon", "coordinates": [ [ [ 3.106851510982045, 50.621656723247767 ], [ 3.106587861263964, 50.623445523967312 ], [ 3.109403608231887, 50.623614546615471 ], [ 3.10966715188213, 50.621825738489605 ], [ 3.106851510982045, 50.621656723247767 ] ] ] } },
{ "type": "Feature", "properties": { "idcar_200m": "CRS3035RES200mN3079600E3834800", "population": 276.5, "median_education": 3.9680223259017025, "median_healthcare": 5.9231641319776607, "median_services": 0.24852122532961105, "median_commerce": 6.6845546177553716, "median_entertainment": 3.6267636874911253, "PC1_pos": 0.80945045365590662, "nivvie": 17628.175045207958, "rel_education": 0.69156774373055696, "rel_sante": 0.37579815127930483, "rel_services": 0.3719075785889589, "rel_commerce": 0.17872079128938329, "rel_loisirs": 0.74619503403379506, "rel_pc1": 0.3907884110071958, "q_revenu": 1, "q_population": 3 }, "geometry": { "type": "Polygon", "coordinates": [ [ [ 3.118114186154532, 50.62233237126749 ], [ 3.117850960723896, 50.624121201594654 ], [ 3.120666782059559, 50.624289948930148 ], [ 3.120929901411633, 50.62250111120845 ], [ 3.118114186154532, 50.62233237126749 ] ] ] } },
{ "type": "Feature", "properties": { "idcar_200m": "CRS3035RES200mN3079600E3835000", "population": 73.0, "median_education": 5.9653483350536831, "median_healthcare": 7.8487276083744888, "median_services": 0.33038484637808069, "median_commerce": 8.6703143768452513, "median_entertainment": 4.5019422675318435, "PC1_pos": 1.2004136392533669, "nivvie": 25378.545205479451, "rel_education": 1.0396721968297986, "rel_sante": 0.49796650226154782, "rel_services": 0.49441502654750114, "rel_commerce": 0.23181281846984642, "rel_loisirs": 0.9262602289544194, "rel_pc1": 0.57953854558540252, "q_revenu": 4, "q_population": 2 }, "geometry": { "type": "Polygon", "coordinates": [ [ [ 3.120929901411633, 50.62250111120845 ], [ 3.120666782059559, 50.624289948930148 ], [ 3.123482621968849, 50.624458627435629 ], [ 3.123745635239675, 50.622669782322355 ], [ 3.120929901411633, 50.62250111120845 ] ] ] } },
{ "type": "Feature", "properties": { "idcar_200m": "CRS3035RES200mN3079800E3828000", "population": 174.5, "median_education": 3.2339128299391993, "median_healthcare": 5.1160667026094586, "median_services": 0.38651894247659907, "median_commerce": 9.5388045057506652, "median_entertainment": 3.0950723271079013, "PC1_pos": 0.8598231824948428, "nivvie": 20164.346131805156, "rel_education": 0.56362329027827029, "rel_sante": 0.3245914456907531, "rel_services": 0.57841869958827008, "rel_commerce": 0.25503310043937499, "rel_loisirs": 0.63680123643815134, "rel_pc1": 0.41510747658082786, "q_revenu": 2, "q_population": 2 }, "geometry": { "type": "Polygon", "coordinates": [ [ [ 3.022124138899779, 50.618342843580344 ], [ 3.021857283091429, 50.620131419040533 ], [ 3.024672574564327, 50.620302513654224 ], [ 3.024939324375981, 50.618513930698484 ], [ 3.022124138899779, 50.618342843580344 ] ] ] } },
{ "type": "Feature", "properties": { "idcar_200m": "CRS3035RES200mN3079800E3828400", "population": 569.0, "median_education": 3.5568340958334335, "median_healthcare": 4.8508710442494918, "median_services": 0.2902572429834076, "median_commerce": 12.973235015885265, "median_entertainment": 2.6408552099164853, "PC1_pos": 0.82579854427016874, "nivvie": 14228.028119507908, "rel_education": 0.61990370226066571, "rel_sante": 0.3077659726971998, "rel_services": 0.43436478418571606, "rel_commerce": 0.34685733907590027, "rel_loisirs": 0.54334751669611747, "rel_pc1": 0.39868098099130617, "q_revenu": 1, "q_population": 5 }, "geometry": { "type": "Polygon", "coordinates": [ [ [ 3.027754528674667, 50.618684949011659 ], [ 3.027487884862424, 50.620473539460001 ], [ 3.030303213978402, 50.62064449645716 ], [ 3.03056975178852, 50.618855898519143 ], [ 3.027754528674667, 50.618684949011659 ] ] ] } },
{ "type": "Feature", "properties": { "idcar_200m": "CRS3035RES200mN3079800E3828600", "population": 393.0, "median_education": 6.0550904028276618, "median_healthcare": 8.7377725963077637, "median_services": 0.49646450117640206, "median_commerce": 23.531398370497126, "median_entertainment": 3.7356564040383744, "PC1_pos": 1.4454274048929412, "nivvie": 15011.0631043257, "rel_education": 1.0553129151097951, "rel_sante": 0.55437241224903699, "rel_services": 0.74295026609098047, "rel_commerce": 0.62914440488679058, "rel_loisirs": 0.76859936233625925, "rel_pc1": 0.69782687282856815, "q_revenu": 1, "q_population": 4 }, "geometry": { "type": "Polygon", "coordinates": [ [ [ 3.03056975178852, 50.618855898519143 ], [ 3.030303213978402, 50.62064449645716 ], [ 3.03311856190495, 50.620815384644942 ], [ 3.033384993710226, 50.619026779220206 ], [ 3.03056975178852, 50.618855898519143 ] ] ] } },
{ "type": "Feature", "properties": { "idcar_200m": "CRS3035RES200mN3079800E3828800", "population": 566.5, "median_education": 7.6535664837372455, "median_healthcare": 11.893096841343059, "median_services": 0.7121938748960841, "median_commerce": 32.498193838813791, "median_entertainment": 4.8775510191365701, "PC1_pos": 2.0019775779538316, "nivvie": 15170.868314210062, "rel_education": 1.3339037106972917, "rel_sante": 0.75456355866170988, "rel_services": 1.0657854239499902, "rel_commerce": 0.86888405443216854, "rel_loisirs": 1.0035405287858559, "rel_pc1": 0.96651948618609984, "q_revenu": 1, "q_population": 5 }, "geometry": { "type": "Polygon", "coordinates": [ [ [ 3.033384993710226, 50.619026779220206 ], [ 3.03311856190495, 50.620815384644942 ], [ 3.03593392863475, 50.62098620402255 ], [ 3.03620025443248, 50.619197591114094 ], [ 3.033384993710226, 50.619026779220206 ] ] ] } },
{ "type": "Feature", "properties": { "idcar_200m": "CRS3035RES200mN3079800E3829000", "population": 183.5, "median_education": 8.6851777037759454, "median_healthcare": 14.148240888588715, "median_services": 0.9466233218791158, "median_commerce": 38.996748708272122, "median_entertainment": 5.4151748206577857, "PC1_pos": 2.426150665627727, "nivvie": 15384.063760217985, "rel_education": 1.5136983250552565, "rel_sante": 0.89764231605222733, "rel_services": 1.4166049077255674, "rel_commerce": 1.0426318858018324, "rel_loisirs": 1.114154907179784, "rel_pc1": 1.1713027761026462, "q_revenu": 1, "q_population": 3 }, "geometry": { "type": "Polygon", "coordinates": [ [ [ 3.03620025443248, 50.619197591114094 ], [ 3.03593392863475, 50.62098620402255 ], [ 3.03874931416049, 50.621156954589324 ], [ 3.039015533947955, 50.619368334200026 ], [ 3.03620025443248, 50.619197591114094 ] ] ] } },
{ "type": "Feature", "properties": { "idcar_200m": "CRS3035RES200mN3079800E3829200", "population": 17.5, "median_education": 8.4777539991322328, "median_healthcare": 15.367070069659139, "median_services": 1.1552086848206069, "median_commerce": 42.587849913704297, "median_entertainment": 5.4645756218680273, "PC1_pos": 2.6144351422206791, "nivvie": 20043.04, "rel_education": 1.4775474338467278, "rel_sante": 0.97497155136730607, "rel_services": 1.7287491809472326, "rel_commerce": 1.138644931656877, "rel_loisirs": 1.1243189640957376, "rel_pc1": 1.2622032025496979, "q_revenu": 2, "q_population": 1 }, "geometry": { "type": "Polygon", "coordinates": [ [ [ 3.039015533947955, 50.619368334200026 ], [ 3.03874931416049, 50.621156954589324 ], [ 3.041564718474851, 50.62132763634451 ], [ 3.041830832249344, 50.619539008477339 ], [ 3.039015533947955, 50.619368334200026 ] ] ] } },
{ "type": "Feature", "properties": { "idcar_200m": "CRS3035RES200mN3079800E3829400", "population": 193.5, "median_education": 9.3390195055929262, "median_healthcare": 18.211209141674139, "median_services": 1.2552768796552154, "median_commerce": 61.958250416508335, "median_entertainment": 7.0767792781255014, "PC1_pos": 3.2769682128010729, "nivvie": 18631.252713178295, "rel_education": 1.6276533037577863, "rel_sante": 1.1554193967130351, "rel_services": 1.8784994486973938, "rel_commerce": 1.6565393170596079, "rel_loisirs": 1.4560247121983008, "rel_pc1": 1.5820624906907506, "q_revenu": 1, "q_population": 3 }, "geometry": { "type": "Polygon", "coordinates": [ [ [ 3.041830832249344, 50.619539008477339 ], [ 3.041564718474851, 50.62132763634451 ], [ 3.044380141570518, 50.62149824928732 ], [ 3.044646149329334, 50.619709613945233 ], [ 3.041830832249344, 50.619539008477339 ] ] ] } },
{ "type": "Feature", "properties": { "idcar_200m": "CRS3035RES200mN3079800E3829600", "population": 104.5, "median_education": 12.031368191949241, "median_healthcare": 23.172038876933591, "median_services": 1.4877328835182753, "median_commerce": 82.02299794728529, "median_entertainment": 7.7626522435407805, "PC1_pos": 3.930331059250745, "nivvie": 25395.114832535884, "rel_education": 2.0968899545208974, "rel_sante": 1.4701617543082233, "rel_services": 2.2263657100620549, "rel_commerce": 2.1929980283396584, "rel_loisirs": 1.5971408821147799, "rel_pc1": 1.8974945562631591, "q_revenu": 4, "q_population": 2 }, "geometry": { "type": "Polygon", "coordinates": [ [ [ 3.044646149329334, 50.619709613945233 ], [ 3.044380141570518, 50.62149824928732 ], [ 3.047195583440177, 50.621668793417051 ], [ 3.047461485180604, 50.619880150602988 ], [ 3.044646149329334, 50.619709613945233 ] ] ] } },
{ "type": "Feature", "properties": { "idcar_200m": "CRS3035RES200mN3079800E3829800", "population": 542.0, "median_education": 11.751731821979812, "median_healthcare": 24.708203576116787, "median_services": 1.5059836611614144, "median_commerce": 100.18669130678595, "median_entertainment": 8.1438249002653613, "PC1_pos": 4.4562912305246218, "nivvie": 18757.710147601476, "rel_education": 2.0481534612349592, "rel_sante": 1.5676245024527402, "rel_services": 2.2536776731011194, "rel_commerce": 2.6786294332091929, "rel_loisirs": 1.6755659376369689, "rel_pc1": 2.1514188559616363, "q_revenu": 1, "q_population": 5 }, "geometry": { "type": "Polygon", "coordinates": [ [ [ 3.047461485180604, 50.619880150602988 ], [ 3.047195583440177, 50.621668793417051 ], [ 3.05001104407651, 50.621839268732934 ], [ 3.050276839795841, 50.620050618449881 ], [ 3.047461485180604, 50.619880150602988 ] ] ] } },
{ "type": "Feature", "properties": { "idcar_200m": "CRS3035RES200mN3079800E3830000", "population": 866.0, "median_education": 11.724583184255081, "median_healthcare": 26.953360943138289, "median_services": 1.5533811422916255, "median_commerce": 122.14772424325074, "median_entertainment": 8.4397604655239231, "PC1_pos": 4.9867369039444132, "nivvie": 16487.054734411086, "rel_education": 2.0434218542542997, "rel_sante": 1.7100696498533887, "rel_services": 2.3246071577556937, "rel_commerce": 3.265787951371641, "rel_loisirs": 1.7364537340907498, "rel_pc1": 2.4075086770311307, "q_revenu": 1, "q_population": 5 }, "geometry": { "type": "Polygon", "coordinates": [ [ [ 3.050276839795841, 50.620050618449881 ], [ 3.05001104407651, 50.621839268732934 ], [ 3.052826523472199, 50.622009675234274 ], [ 3.05309221316773, 50.620221017485157 ], [ 3.050276839795841, 50.620050618449881 ] ] ] } },
{ "type": "Feature", "properties": { "idcar_200m": "CRS3035RES200mN3079800E3830200", "population": 771.0, "median_education": 10.879036869551621, "median_healthcare": 24.930676802835599, "median_services": 1.3378990756726257, "median_commerce": 102.70256890178496, "median_entertainment": 7.7670068877650085, "PC1_pos": 4.3695555933021435, "nivvie": 22150.592088197147, "rel_education": 1.8960556075318145, "rel_sante": 1.5817394291114004, "rel_services": 2.0021420905594054, "rel_commerce": 2.7458948922079314, "rel_loisirs": 1.5980368362422326, "rel_pc1": 2.1095444191819919, "q_revenu": 2, "q_population": 5 }, "geometry": { "type": "Polygon", "coordinates": [ [ [ 3.05309221316773, 50.620221017485157 ], [ 3.052826523472199, 50.622009675234274 ], [ 3.055642021619925, 50.622180012920325 ], [ 3.055907605288948, 50.62039134770805 ], [ 3.05309221316773, 50.620221017485157 ] ] ] } },
{ "type": "Feature", "properties": { "idcar_200m": "CRS3035RES200mN3079800E3830400", "population": 512.5, "median_education": 12.329231060532791, "median_healthcare": 24.596864904835982, "median_services": 1.1133825949819136, "median_commerce": 83.897259236575252, "median_entertainment": 7.8626576775875501, "PC1_pos": 3.9345638598868073, "nivvie": 17687.496, "rel_education": 2.1488030575855652, "rel_sante": 1.5605605640068456, "rel_services": 1.6661571839332083, "rel_commerce": 2.2431089900805086, "rel_loisirs": 1.6177166804551775, "rel_pc1": 1.8995380777995374, "q_revenu": 1, "q_population": 5 }, "geometry": { "type": "Polygon", "coordinates": [ [ [ 3.055907605288948, 50.62039134770805 ], [ 3.055642021619925, 50.622180012920325 ], [ 3.058457538512371, 50.62235028179029 ], [ 3.05872301615219, 50.620561609117907 ], [ 3.055907605288948, 50.62039134770805 ] ] ] } },
{ "type": "Feature", "properties": { "idcar_200m": "CRS3035RES200mN3079800E3830600", "population": 431.0, "median_education": 14.17632398064617, "median_healthcare": 26.987839682361269, "median_services": 1.0460973378370819, "median_commerce": 82.609074342977593, "median_entertainment": 8.4410002898416536, "PC1_pos": 4.0450058786905423, "nivvie": 20533.753364269141, "rel_education": 2.4707240999358544, "rel_sante": 1.7122571709434231, "rel_services": 1.5654659973905665, "rel_commerce": 2.2086675894673271, "rel_loisirs": 1.7367088239804374, "rel_pc1": 1.9528575377390649, "q_revenu": 2, "q_population": 4 }, "geometry": { "type": "Polygon", "coordinates": [ [ [ 3.05872301615219, 50.620561609117907 ], [ 3.058457538512371, 50.62235028179029 ], [ 3.061273074142223, 50.622520481843502 ], [ 3.061538445750128, 50.620731801713887 ], [ 3.05872301615219, 50.620561609117907 ] ] ] } },
{ "type": "Feature", "properties": { "idcar_200m": "CRS3035RES200mN3079800E3830800", "population": 513.5, "median_education": 15.432052988589849, "median_healthcare": 29.604265295357347, "median_services": 0.9408583721345829, "median_commerce": 70.445886896794676, "median_entertainment": 9.1170074292138263, "PC1_pos": 4.0482207116341371, "nivvie": 19523.098149951315, "rel_education": 2.6895791378956719, "rel_sante": 1.8782576204355186, "rel_services": 1.4079777633143298, "rel_commerce": 1.8834679898995617, "rel_loisirs": 1.875795131729332, "rel_pc1": 1.9544096024170285, "q_revenu": 2, "q_population": 5 }, "geometry": { "type": "Polygon", "coordinates": [ [ [ 3.061538445750128, 50.620731801713887 ], [ 3.061273074142223, 50.622520481843502 ], [ 3.064088628502158, 50.622690613079214 ], [ 3.06435389407545, 50.620901925495296 ], [ 3.061538445750128, 50.620731801713887 ] ] ] } },
{ "type": "Feature", "properties": { "idcar_200m": "CRS3035RES200mN3079800E3831000", "population": 982.5, "median_education": 15.656464480966775, "median_healthcare": 35.220568234485569, "median_services": 1.0616703715456577, "median_commerce": 64.761802422381038, "median_entertainment": 9.6579953992314955, "PC1_pos": 4.2390483146923756, "nivvie": 18688.670941475826, "rel_education": 2.7286907498534125, "rel_sante": 2.2345868077619913, "rel_services": 1.5887707644186508, "rel_commerce": 1.7314961483763303, "rel_loisirs": 1.987101677036248, "rel_pc1": 2.0465378054943493, "q_revenu": 1, "q_population": 5 }, "geometry": { "type": "Polygon", "coordinates": [ [ [ 3.06435389407545, 50.620901925495296 ], [ 3.064088628502158, 50.622690613079214 ], [ 3.066904201584857, 50.622860675496646 ], [ 3.067169361120834, 50.621071980461387 ], [ 3.06435389407545, 50.620901925495296 ] ] ] } },
{ "type": "Feature", "properties": { "idcar_200m": "CRS3035RES200mN3079800E3831200", "population": 435.0, "median_education": 15.798770497364586, "median_healthcare": 41.571436797421583, "median_services": 1.3306198713501196, "median_commerce": 57.34442918583099, "median_entertainment": 9.1387216958040902, "PC1_pos": 4.3004925969954915, "nivvie": 21025.58183908046, "rel_education": 2.7534925888040425, "rel_sante": 2.637520883501058, "rel_services": 1.991248891195661, "rel_commerce": 1.5331824401445531, "rel_loisirs": 1.8802627726603434, "rel_pc1": 2.076202021924475, "q_revenu": 2, "q_population": 4 }, "geometry": { "type": "Polygon", "coordinates": [ [ [ 3.067169361120834, 50.621071980461387 ], [ 3.066904201584857, 50.622860675496646 ], [ 3.069719793383005, 50.62303066909508 ], [ 3.069984846878967, 50.621241966611507 ], [ 3.067169361120834, 50.621071980461387 ] ] ] } },
{ "type": "Feature", "properties": { "idcar_200m": "CRS3035RES200mN3079800E3831400", "population": 554.0, "median_education": 12.892942581529761, "median_healthcare": 36.294356088041376, "median_services": 0.93385862734402536, "median_commerce": 49.610356116044528, "median_entertainment": 7.4119864237281154, "PC1_pos": 3.5118605597050019, "nivvie": 20913.018411552344, "rel_education": 2.2470496582022101, "rel_sante": 2.3027138225198471, "rel_services": 1.3975027701529037, "rel_commerce": 1.3264013248776254, "rel_loisirs": 1.5249925107576674, "rel_pc1": 1.6954643753765279, "q_revenu": 2, "q_population": 5 }, "geometry": { "type": "Polygon", "coordinates": [ [ [ 3.069984846878967, 50.621241966611507 ], [ 3.069719793383005, 50.62303066909508 ], [ 3.072535403889275, 50.62320059387379 ], [ 3.072800351342526, 50.621411883944802 ], [ 3.069984846878967, 50.621241966611507 ] ] ] } },
{ "type": "Feature", "properties": { "idcar_200m": "CRS3035RES200mN3079800E3831600", "population": 969.0, "median_education": 9.7852358601649314, "median_healthcare": 28.2744513071789, "median_services": 0.78409066955985973, "median_commerce": 39.325072696638792, "median_entertainment": 5.4743386775068634, "PC1_pos": 2.7986727525433444, "nivvie": 15746.965944272446, "rel_education": 1.7054222304930742, "rel_sante": 1.7938868977663895, "rel_services": 1.173377694092103, "rel_commerce": 1.0514100806638083, "rel_loisirs": 1.1263276815811976, "rel_pc1": 1.3511498732947405, "q_revenu": 1, "q_population": 5 }, "geometry": { "type": "Polygon", "coordinates": [ [ [ 3.072800351342526, 50.621411883944802 ], [ 3.072535403889275, 50.62320059387379 ], [ 3.07535103309635, 50.623370449832038 ], [ 3.075615874504193, 50.621581732460534 ], [ 3.072800351342526, 50.621411883944802 ] ] ] } },
{ "type": "Feature", "properties": { "idcar_200m": "CRS3035RES200mN3079800E3831800", "population": 77.0, "median_education": 8.0265572884130947, "median_healthcare": 25.147449223617269, "median_services": 0.77316943151064754, "median_commerce": 30.272508140432418, "median_entertainment": 4.5025472142683762, "PC1_pos": 2.3578577058045944, "nivvie": 17018.038961038961, "rel_education": 1.398910504519528, "rel_sante": 1.5954926652471837, "rel_services": 1.1570342562521796, "rel_commerce": 0.80937727620649325, "rel_loisirs": 0.92638469481146235, "rel_pc1": 1.1383321388860967, "q_revenu": 1, "q_population": 2 }, "geometry": { "type": "Polygon", "coordinates": [ [ [ 3.075615874504193, 50.621581732460534 ], [ 3.07535103309635, 50.623370449832038 ], [ 3.078166680996911, 50.623540236969049 ], [ 3.078431416356647, 50.621751512158049 ], [ 3.075615874504193, 50.621581732460534 ] ] ] } },
{ "type": "Feature", "properties": { "idcar_200m": "CRS3035RES200mN3079800E3832000", "population": 583.0, "median_education": 7.0930665387627458, "median_healthcare": 22.858139967034926, "median_services": 0.93674347365951305, "median_commerce": 25.493574324742195, "median_entertainment": 3.8301817883748672, "PC1_pos": 2.2020481466728214, "nivvie": 22902.397770154374, "rel_education": 1.23621684039496, "rel_sante": 1.450246278829221, "rel_services": 1.4018198911809823, "rel_commerce": 0.68160588650296383, "rel_loisirs": 0.78804765796834109, "rel_pc1": 1.0631100301605629, "q_revenu": 3, "q_population": 5 }, "geometry": { "type": "Polygon", "coordinates": [ [ [ 3.078431416356647, 50.621751512158049 ], [ 3.078166680996911, 50.623540236969049 ], [ 3.080982347583639, 50.623709955284134 ], [ 3.081246976892571, 50.621921223036573 ], [ 3.078431416356647, 50.621751512158049 ] ] ] } },
{ "type": "Feature", "properties": { "idcar_200m": "CRS3035RES200mN3079800E3832200", "population": 243.0, "median_education": 5.3106537784285024, "median_healthcare": 15.08652583275834, "median_services": 0.76825022962226852, "median_commerce": 19.328915498970858, "median_entertainment": 2.9623894881114925, "PC1_pos": 1.5996713703422867, "nivvie": 20402.993415637862, "rel_education": 0.92556859554649029, "rel_sante": 0.95717228002680677, "rel_services": 1.1496727584144362, "rel_commerce": 0.51678522658278281, "rel_loisirs": 0.60950216649816413, "rel_pc1": 0.77229314052062614, "q_revenu": 2, "q_population": 3 }, "geometry": { "type": "Polygon", "coordinates": [ [ [ 3.081246976892571, 50.621921223036573 ], [ 3.080982347583639, 50.623709955284134 ], [ 3.083798032849205, 50.623879604776533 ], [ 3.084062556104639, 50.62209086509538 ], [ 3.081246976892571, 50.621921223036573 ] ] ] } },
{ "type": "Feature", "properties": { "idcar_200m": "CRS3035RES200mN3079800E3832800", "population": 326.5, "median_education": 3.2875915244245757, "median_healthcare": 6.31653796267305, "median_services": 0.26870439185024297, "median_commerce": 14.685189820722474, "median_entertainment": 2.3824251564103416, "PC1_pos": 0.86445496771589636, "nivvie": 19932.48943338438, "rel_education": 0.57297869470463469, "rel_sante": 0.40075595340045378, "rel_services": 0.40211132709772501, "rel_commerce": 0.39262881299870706, "rel_loisirs": 0.49017635938126847, "rel_pc1": 0.41734362084202015, "q_revenu": 2, "q_population": 4 }, "geometry": { "type": "Polygon", "coordinates": [ [ [ 3.089693770527943, 50.622429942750827 ], [ 3.089429459387582, 50.624218697290388 ], [ 3.092245200645744, 50.624388140310366 ], [ 3.092509405724531, 50.622599378346031 ], [ 3.089693770527943, 50.622429942750827 ] ] ] } },
{ "type": "Feature", "properties": { "idcar_200m": "CRS3035RES200mN3079800E3833000", "population": 534.5, "median_education": 2.5574206592214472, "median_healthcare": 4.6923502288716614, "median_services": 0.24570839654259846, "median_commerce": 13.236818073161496, "median_entertainment": 1.9729531540986682, "PC1_pos": 0.71227393865566935, "nivvie": 23823.760336763331, "rel_education": 0.44572068647970181, "rel_sante": 0.29770853919866419, "rel_services": 0.36769823050701655, "rel_commerce": 0.35390459581335826, "rel_loisirs": 0.40592880397679382, "rel_pc1": 0.34387330247567, "q_revenu": 3, "q_population": 5 }, "geometry": { "type": "Polygon", "coordinates": [ [ [ 3.092509405724531, 50.622599378346031 ], [ 3.092245200645744, 50.624388140310366 ], [ 3.09506096055346, 50.624557514504694 ], [ 3.095325059567983, 50.622768745118556 ], [ 3.092509405724531, 50.622599378346031 ] ] ] } },
{ "type": "Feature", "properties": { "idcar_200m": "CRS3035RES200mN3079800E3833200", "population": 433.0, "median_education": 1.9582194996454869, "median_healthcare": 3.9264669436562869, "median_services": 0.24198374040460438, "median_commerce": 11.618965916133462, "median_entertainment": 1.5434966129846674, "PC1_pos": 0.59763687286611811, "nivvie": 23468.935796766742, "rel_education": 0.34128876550392612, "rel_sante": 0.24911668588063704, "rel_services": 0.362124349066827, "rel_commerce": 0.31064908602587471, "rel_loisirs": 0.31756949360378189, "rel_pc1": 0.28852854779662712, "q_revenu": 3, "q_population": 4 }, "geometry": { "type": "Polygon", "coordinates": [ [ [ 3.095325059567983, 50.622768745118556 ], [ 3.09506096055346, 50.624557514504694 ], [ 3.097876739103405, 50.624726819872691 ], [ 3.098140732050974, 50.622938043067698 ], [ 3.095325059567983, 50.622768745118556 ] ] ] } },
{ "type": "Feature", "properties": { "idcar_200m": "CRS3035RES200mN3079800E3833400", "population": 447.0, "median_education": 1.7247802548835909, "median_healthcare": 3.7488230074080047, "median_services": 0.27300350208351376, "median_commerce": 11.570146062138599, "median_entertainment": 1.3746268790225618, "PC1_pos": 0.61769099381452586, "nivvie": 24607.601789709173, "rel_education": 0.300603749508845, "rel_sante": 0.23784597628343504, "rel_services": 0.40854486883977215, "rel_commerce": 0.30934381986596954, "rel_loisirs": 0.28282508571314791, "rel_pc1": 0.29821032390062302, "q_revenu": 3, "q_population": 5 }, "geometry": { "type": "Polygon", "coordinates": [ [ [ 3.098140732050974, 50.622938043067698 ], [ 3.097876739103405, 50.624726819872691 ], [ 3.100692536288258, 50.624896056413583 ], [ 3.100956423166184, 50.623107272192698 ], [ 3.098140732050974, 50.622938043067698 ] ] ] } },
{ "type": "Feature", "properties": { "idcar_200m": "CRS3035RES200mN3079800E3833600", "population": 97.0, "median_education": 1.8378812484967613, "median_healthcare": 4.2609141476962717, "median_services": 0.38683261371119854, "median_commerce": 10.849959965798881, "median_entertainment": 1.6081150900139958, "PC1_pos": 0.70021299354031941, "nivvie": 24977.084536082475, "rel_education": 0.32031558390457771, "rel_sante": 0.27033585829901041, "rel_services": 0.57888810299306248, "rel_commerce": 0.29008865084220786, "rel_loisirs": 0.33086453866900561, "rel_pc1": 0.33805049076979604, "q_revenu": 3, "q_population": 2 }, "geometry": { "type": "Polygon", "coordinates": [ [ [ 3.100956423166184, 50.623107272192698 ], [ 3.100692536288258, 50.624896056413583 ], [ 3.103508352100694, 50.625065224126672 ], [ 3.10377213290629, 50.623276432492801 ], [ 3.100956423166184, 50.623107272192698 ] ] ] } },
{ "type": "Feature", "properties": { "idcar_200m": "CRS3035RES200mN3079800E3833800", "population": 2.0, "median_education": 1.7841844021045503, "median_healthcare": 4.2407060690166842, "median_services": 0.3815921528144755, "median_commerce": 9.563267009054508, "median_entertainment": 1.6952306856496975, "PC1_pos": 0.66485920563298517, "nivvie": 21751.05, "rel_education": 0.31095701586868113, "rel_sante": 0.26905374650209146, "rel_services": 0.57104584678252956, "rel_commerce": 0.25568713921942615, "rel_loisirs": 0.34878829396479805, "rel_pc1": 0.3209823051421361, "q_revenu": 2, "q_population": 1 }, "geometry": { "type": "Polygon", "coordinates": [ [ [ 3.10377213290629, 50.623276432492801 ], [ 3.103508352100694, 50.625065224126672 ], [ 3.106324186533382, 50.625234323011192 ], [ 3.106587861263964, 50.623445523967312 ], [ 3.10377213290629, 50.623276432492801 ] ] ] } },
{ "type": "Feature", "properties": { "idcar_200m": "CRS3035RES200mN3079800E3834000", "population": 191.0, "median_education": 2.8668710168118565, "median_healthcare": 6.5598920005040879, "median_services": 0.52548877734300314, "median_commerce": 13.354027853755913, "median_entertainment": 2.5360045188619531, "PC1_pos": 0.99974326007681014, "nivvie": 27125.836125654452, "rel_education": 0.49965331790631107, "rel_sante": 0.41619567370628358, "rel_services": 0.78638457740624701, "rel_commerce": 0.3570383610277299, "rel_loisirs": 0.52177482221653115, "rel_pc1": 0.48265842369476253, "q_revenu": 4, "q_population": 3 }, "geometry": { "type": "Polygon", "coordinates": [ [ [ 3.106587861263964, 50.623445523967312 ], [ 3.106324186533382, 50.625234323011192 ], [ 3.109140039579007, 50.625403353066439 ], [ 3.109403608231887, 50.623614546615471 ], [ 3.106587861263964, 50.623445523967312 ] ] ] } },
{ "type": "Feature", "properties": { "idcar_200m": "CRS3035RES200mN3079800E3834200", "population": 514.0, "median_education": 3.1922410812517481, "median_healthcare": 8.2968721594059573, "median_services": 0.39667249799095411, "median_commerce": 14.88726121759116, "median_entertainment": 3.6155389948337362, "PC1_pos": 1.1287929757998885, "nivvie": 23320.616147859921, "rel_education": 0.55636051934349773, "rel_sante": 0.52639926050208119, "rel_services": 0.59361331421486396, "rel_commerce": 0.39803147061921573, "rel_loisirs": 0.74388558940458249, "rel_pc1": 0.54496135171287463, "q_revenu": 3, "q_population": 5 }, "geometry": { "type": "Polygon", "coordinates": [ [ [ 3.109403608231887, 50.623614546615471 ], [ 3.109140039579007, 50.625403353066439 ], [ 3.111955911230237, 50.625572314291624 ], [ 3.112219373802732, 50.623783500436573 ], [ 3.109403608231887, 50.623614546615471 ] ] ] } },
{ "type": "Feature", "properties": { "idcar_200m": "CRS3035RES200mN3079800E3834400", "population": 313.5, "median_education": 3.2055770747263486, "median_healthcare": 7.9482329237162421, "median_services": 0.33161531952061085, "median_commerce": 14.801560843131075, "median_entertainment": 4.2676278472279128, "PC1_pos": 1.1509350141973662, "nivvie": 24635.137161084531, "rel_education": 0.55868478623520157, "rel_sante": 0.50427966744061403, "rel_services": 0.49625640764623913, "rel_commerce": 0.39574015285563285, "rel_loisirs": 0.87805078607388487, "rel_pc1": 0.5556511375579869, "q_revenu": 3, "q_population": 4 }, "geometry": { "type": "Polygon", "coordinates": [ [ [ 3.112219373802732, 50.623783500436573 ], [ 3.111955911230237, 50.625572314291624 ], [ 3.11477180147975, 50.625741206686087 ], [ 3.115035157969175, 50.623952385429895 ], [ 3.112219373802732, 50.623783500436573 ] ] ] } },
{ "type": "Feature", "properties": { "idcar_200m": "CRS3035RES200mN3079800E3834600", "population": 228.5, "median_education": 3.9367167925334172, "median_healthcare": 8.1989142686833247, "median_services": 0.28412966106920651, "median_commerce": 13.197319701671347, "median_entertainment": 5.1613235941480324, "PC1_pos": 1.1096807272458507, "nivvie": 22105.786433260393, "rel_education": 0.68611165117370199, "rel_sante": 0.52018427246248855, "rel_services": 0.42519496720411393, "rel_commerce": 0.35284855235032619, "rel_loisirs": 1.0619258288810538, "rel_pc1": 0.53573429499868808, "q_revenu": 2, "q_population": 3 }, "geometry": { "type": "Polygon", "coordinates": [ [ [ 3.115035157969175, 50.623952385429895 ], [ 3.11477180147975, 50.625741206686087 ], [ 3.117587710320219, 50.625910030249059 ], [ 3.117850960723896, 50.624121201594654 ], [ 3.115035157969175, 50.623952385429895 ] ] ] } },
{ "type": "Feature", "properties": { "idcar_200m": "CRS3035RES200mN3079800E3834800", "population": 41.0, "median_education": 4.3587774590726447, "median_healthcare": 7.0534203165314917, "median_services": 0.25282089036329036, "median_commerce": 10.5263772146279, "median_entertainment": 4.9456224199343861, "PC1_pos": 1.0438913182827088, "nivvie": 28109.40243902439, "rel_education": 0.75967059789903835, "rel_sante": 0.44750782792564708, "rel_services": 0.37834195057991643, "rel_commerce": 0.28143721949878459, "rel_loisirs": 1.0175460018775402, "rel_pc1": 0.50397232800776237, "q_revenu": 4, "q_population": 1 }, "geometry": { "type": "Polygon", "coordinates": [ [ [ 3.117850960723896, 50.624121201594654 ], [ 3.117587710320219, 50.625910030249059 ], [ 3.120403637744317, 50.626078784979775 ], [ 3.120666782059559, 50.624289948930148 ], [ 3.117850960723896, 50.624121201594654 ] ] ] } },
{ "type": "Feature", "properties": { "idcar_200m": "CRS3035RES200mN3079800E3835000", "population": 16.0, "median_education": 6.1555868374679719, "median_healthcare": 6.5126929291259597, "median_services": 0.22566487830116144, "median_commerce": 7.8122461595727346, "median_entertainment": 6.2760561942345525, "PC1_pos": 1.1660048742353419, "nivvie": 23758.16875, "rel_education": 1.0728279608552527, "rel_sante": 0.41320110469371119, "rel_services": 0.3377034631558985, "rel_commerce": 0.20887118068834376, "rel_loisirs": 1.2912784975782412, "rel_pc1": 0.56292660035097564, "q_revenu": 3, "q_population": 1 }, "geometry": { "type": "Polygon", "coordinates": [ [ [ 3.120666782059559, 50.624289948930148 ], [ 3.120403637744317, 50.626078784979775 ], [ 3.123219583744716, 50.626247470877558 ], [ 3.123482621968849, 50.624458627435629 ], [ 3.120666782059559, 50.624289948930148 ] ] ] } },
{ "type": "Feature", "properties": { "idcar_200m": "CRS3035RES200mN3079800E3835200", "population": 746.0, "median_education": 7.8110793614718537, "median_healthcare": 7.8201831227711871, "median_services": 0.21562537462576289, "median_commerce": 7.8983300066396511, "median_entertainment": 7.2305816027744081, "PC1_pos": 1.3820628833750135, "nivvie": 14676.969839142092, "rel_education": 1.3613558812035846, "rel_sante": 0.4961554829009619, "rel_services": 0.32267952507093062, "rel_commerce": 0.21117275112119929, "rel_loisirs": 1.4876690487928528, "rel_pc1": 0.66723559875319582, "q_revenu": 1, "q_population": 5 }, "geometry": { "type": "Polygon", "coordinates": [ [ [ 3.123482621968849, 50.624458627435629 ], [ 3.123219583744716, 50.626247470877558 ], [ 3.126035548314091, 50.626416087941656 ], [ 3.126298480444434, 50.624627237110396 ], [ 3.123482621968849, 50.624458627435629 ] ] ] } },
{ "type": "Feature", "properties": { "idcar_200m": "CRS3035RES200mN3080000E3827800", "population": 169.5, "median_education": 2.664236517363062, "median_healthcare": 4.134342364748802, "median_services": 0.33860358585082279, "median_commerce": 6.6068004891531684, "median_entertainment": 2.4305066351493969, "PC1_pos": 0.69436367856137116, "nivvie": 22436.036578171093, "rel_education": 0.46433711449913168, "rel_sante": 0.26230544736054073, "rel_services": 0.506714223496603, "rel_commerce": 0.17664192737332055, "rel_loisirs": 0.50006896991661431, "rel_pc1": 0.33522654460264067, "q_revenu": 2, "q_population": 2 }, "geometry": { "type": "Polygon", "coordinates": [ [ [ 3.01904201045104, 50.619960255619652 ], [ 3.018775023327214, 50.621748821883486 ], [ 3.021590401971437, 50.621919992803562 ], [ 3.021857283091429, 50.620131419040533 ], [ 3.01904201045104, 50.619960255619652 ] ] ] } },
{ "type": "Feature", "properties": { "idcar_200m": "CRS3035RES200mN3080000E3828000", "population": 16.0, "median_education": 2.5657206117580413, "median_healthcare": 3.5025279511201242, "median_services": 0.26771739551078771, "median_commerce": 6.2907108013960782, "median_entertainment": 2.2769900900989226, "PC1_pos": 0.63582276582060393, "nivvie": 23463.175, "rel_education": 0.44716724574206651, "rel_sante": 0.22221966157057324, "rel_services": 0.40063430468969474, "rel_commerce": 0.16819083341946026, "rel_loisirs": 0.46848343156081002, "rel_pc1": 0.30696402382011445, "q_revenu": 3, "q_population": 1 }, "geometry": { "type": "Polygon", "coordinates": [ [ [ 3.021857283091429, 50.620131419040533 ], [ 3.021590401971437, 50.621919992803562 ], [ 3.02440579945088, 50.622091094913557 ], [ 3.024672574564327, 50.620302513654224 ], [ 3.021857283091429, 50.620131419040533 ] ] ] } },
{ "type": "Feature", "properties": { "idcar_200m": "CRS3035RES200mN3080000E3828600", "population": 320.5, "median_education": 4.783212210340575, "median_healthcare": 7.2655715789868403, "median_services": 0.41562075024816703, "median_commerce": 19.486614051643958, "median_entertainment": 3.1298716125998234, "PC1_pos": 1.2606702215710712, "nivvie": 17155.16755070203, "rel_education": 0.83364331256326374, "rel_sante": 0.46096787232858194, "rel_services": 0.62196903556673833, "rel_commerce": 0.52100151498651059, "rel_loisirs": 0.64396107817571968, "rel_pc1": 0.60862936139791668, "q_revenu": 1, "q_population": 4 }, "geometry": { "type": "Polygon", "coordinates": [ [ [ 3.030303213978402, 50.62064449645716 ], [ 3.030036650886198, 50.622433092700234 ], [ 3.032852104827433, 50.622603988375445 ], [ 3.03311856190495, 50.620815384644942 ], [ 3.030303213978402, 50.62064449645716 ] ] ] } },
{ "type": "Feature", "properties": { "idcar_200m": "CRS3035RES200mN3080000E3828800", "population": 492.5, "median_education": 6.7047063696646703, "median_healthcare": 12.548417227028517, "median_services": 0.69243294919121134, "median_commerce": 33.055405072123577, "median_entertainment": 5.0265336270132828, "PC1_pos": 2.0098143960049426, "nivvie": 22586.580304568528, "rel_education": 1.1685313931269834, "rel_sante": 0.7961406927658784, "rel_services": 1.0362135512866864, "rel_commerce": 0.88378186561437377, "rel_loisirs": 1.0341932240630358, "rel_pc1": 0.97030296380318459, "q_revenu": 3, "q_population": 5 }, "geometry": { "type": "Polygon", "coordinates": [ [ [ 3.03311856190495, 50.620815384644942 ], [ 3.032852104827433, 50.622603988375445 ], [ 3.035667577574638, 50.622774815237555 ], [ 3.03593392863475, 50.62098620402255 ], [ 3.03311856190495, 50.620815384644942 ] ] ] } },
{ "type": "Feature", "properties": { "idcar_200m": "CRS3035RES200mN3080000E3829000", "population": 443.5, "median_education": 8.6352236991252838, "median_healthcare": 15.388097087643743, "median_services": 0.90014577235031767, "median_commerce": 47.572338443769063, "median_entertainment": 6.2650368283225379, "PC1_pos": 2.6419188322298348, "nivvie": 24713.401352874858, "rel_education": 1.5049920791097493, "rel_sante": 0.97630562118361763, "rel_services": 1.3470520842953821, "rel_commerce": 1.2719121102808382, "rel_loisirs": 1.2890112982704653, "rel_pc1": 1.2754718436367261, "q_revenu": 3, "q_population": 5 }, "geometry": { "type": "Polygon", "coordinates": [ [ [ 3.03593392863475, 50.62098620402255 ], [ 3.035667577574638, 50.622774815237555 ], [ 3.038483069120492, 50.622945573285882 ], [ 3.03874931416049, 50.621156954589324 ], [ 3.03593392863475, 50.62098620402255 ] ] ] } },
{ "type": "Feature", "properties": { "idcar_200m": "CRS3035RES200mN3080000E3829200", "population": 119.0, "median_education": 9.3842558199676773, "median_healthcare": 18.310574031320613, "median_services": 1.1534986992068779, "median_commerce": 64.634298136918233, "median_entertainment": 7.5538262299886316, "PC1_pos": 3.3147280382398692, "nivvie": 23050.181512605042, "rel_education": 1.6355373258971335, "rel_sante": 1.1617236525126713, "rel_services": 1.7261902179927386, "rel_commerce": 1.7280871453695823, "rel_loisirs": 1.5541755974376628, "rel_pc1": 1.600292268827868, "q_revenu": 3, "q_population": 2 }, "geometry": { "type": "Polygon", "coordinates": [ [ [ 3.03874931416049, 50.621156954589324 ], [ 3.038483069120492, 50.622945573285882 ], [ 3.041298579457676, 50.62311626251963 ], [ 3.041564718474851, 50.62132763634451 ], [ 3.03874931416049, 50.621156954589324 ] ] ] } },
{ "type": "Feature", "properties": { "idcar_200m": "CRS3035RES200mN3080000E3829400", "population": 568.5, "median_education": 9.6954002100420329, "median_healthcare": 20.504058528072044, "median_services": 1.2485039294986751, "median_commerce": 77.901093032666381, "median_entertainment": 8.0948397081001389, "PC1_pos": 3.8224151016515893, "nivvie": 20240.433597185576, "rel_education": 1.6897652021904568, "rel_sante": 1.3008903884619214, "rel_services": 1.868363849658391, "rel_commerce": 2.0827932128978692, "rel_loisirs": 1.6654873909533372, "rel_pc1": 1.8453946341468375, "q_revenu": 2, "q_population": 5 }, "geometry": { "type": "Polygon", "coordinates": [ [ [ 3.041564718474851, 50.62132763634451 ], [ 3.041298579457676, 50.62311626251963 ], [ 3.044114108578878, 50.623286882938118 ], [ 3.044380141570518, 50.62149824928732 ], [ 3.041564718474851, 50.62132763634451 ] ] ] } },
{ "type": "Feature", "properties": { "idcar_200m": "CRS3035RES200mN3080000E3829600", "population": 741.0, "median_education": 11.482124123477561, "median_healthcare": 24.75130569346204, "median_services": 1.491974870508832, "median_commerce": 101.22495289743513, "median_entertainment": 9.47596275339051, "PC1_pos": 4.6777878246076838, "nivvie": 16778.938326585696, "rel_education": 2.0011648174139545, "rel_sante": 1.5703591381396229, "rel_services": 2.2327137678908033, "rel_commerce": 2.7063887894650782, "rel_loisirs": 1.9496490421080153, "rel_pc1": 2.2583535073096992, "q_revenu": 1, "q_population": 5 }, "geometry": { "type": "Polygon", "coordinates": [ [ [ 3.044380141570518, 50.62149824928732 ], [ 3.044114108578878, 50.623286882938118 ], [ 3.046929656476781, 50.623457434540512 ], [ 3.047195583440177, 50.621668793417051 ], [ 3.044380141570518, 50.62149824928732 ] ] ] } },
{ "type": "Feature", "properties": { "idcar_200m": "CRS3035RES200mN3080000E3829800", "population": 748.0, "median_education": 11.388306090379526, "median_healthcare": 25.826907034048311, "median_services": 1.5648386054786561, "median_commerce": 141.08427461291404, "median_entertainment": 10.747556493692922, "PC1_pos": 5.5015349232786868, "nivvie": 16576.948529411766, "rel_education": 1.9848137185183345, "rel_sante": 1.6386012105015284, "rel_services": 2.3417530469448735, "rel_commerce": 3.7720827548231739, "rel_loisirs": 2.2112753889237093, "rel_pc1": 2.656044086526141, "q_revenu": 1, "q_population": 5 }, "geometry": { "type": "Polygon", "coordinates": [ [ [ 3.047195583440177, 50.621668793417051 ], [ 3.046929656476781, 50.623457434540512 ], [ 3.049745223144065, 50.623627917326182 ], [ 3.05001104407651, 50.621839268732934 ], [ 3.047195583440177, 50.621668793417051 ] ] ] } },
{ "type": "Feature", "properties": { "idcar_200m": "CRS3035RES200mN3080000E3830000", "population": 466.0, "median_education": 11.420512570012052, "median_healthcare": 28.09705458374593, "median_services": 1.6823761991220276, "median_commerce": 161.767505487763, "median_entertainment": 10.074504918892188, "PC1_pos": 5.8698298335345491, "nivvie": 18778.736909871244, "rel_education": 1.9904268327156971, "rel_sante": 1.7826318727115869, "rel_services": 2.5176459582529644, "rel_commerce": 4.3250774717120724, "rel_loisirs": 2.0727971791365265, "rel_pc1": 2.8338503773384853, "q_revenu": 1, "q_population": 5 }, "geometry": { "type": "Polygon", "coordinates": [ [ [ 3.05001104407651, 50.621839268732934 ], [ 3.049745223144065, 50.623627917326182 ], [ 3.052560808573407, 50.623798331294303 ], [ 3.052826523472199, 50.622009675234274 ], [ 3.05001104407651, 50.621839268732934 ] ] ] } },
{ "type": "Feature", "properties": { "idcar_200m": "CRS3035RES200mN3080000E3830200", "population": 602.0, "median_education": 11.766167392035529, "median_healthcare": 30.654193117636876, "median_services": 1.8095077435001814, "median_commerce": 145.04781841907842, "median_entertainment": 9.5876692081609747, "PC1_pos": 5.705919901941126, "nivvie": 21248.499833887043, "rel_education": 2.0506693681006367, "rel_sante": 1.9448708234124914, "rel_services": 2.7078960456217409, "rel_commerce": 3.8780535675182009, "rel_loisirs": 1.9726322880544593, "rel_pc1": 2.7547175515720781, "q_revenu": 2, "q_population": 5 }, "geometry": { "type": "Polygon", "coordinates": [ [ [ 3.052826523472199, 50.622009675234274 ], [ 3.052560808573407, 50.623798331294303 ], [ 3.055376412757495, 50.623968676444193 ], [ 3.055642021619925, 50.622180012920325 ], [ 3.052826523472199, 50.622009675234274 ] ] ] } },
{ "type": "Feature", "properties": { "idcar_200m": "CRS3035RES200mN3080000E3830400", "population": 544.5, "median_education": 11.81541025701668, "median_healthcare": 28.308064898977307, "median_services": 1.3378064580271185, "median_commerce": 114.30389736401321, "median_entertainment": 8.8394107475948047, "PC1_pos": 4.8072927063088482, "nivvie": 21559.801469237835, "rel_education": 2.0592516728945252, "rel_sante": 1.7960195291394594, "rel_services": 2.002003489905761, "rel_commerce": 3.0560724165668707, "rel_loisirs": 1.818680501955461, "rel_pc1": 2.3208761814389134, "q_revenu": 2, "q_population": 5 }, "geometry": { "type": "Polygon", "coordinates": [ [ [ 3.055642021619925, 50.622180012920325 ], [ 3.055376412757495, 50.623968676444193 ], [ 3.058192035689012, 50.624138952775077 ], [ 3.058457538512371, 50.62235028179029 ], [ 3.055642021619925, 50.622180012920325 ] ] ] } },
{ "type": "Feature", "properties": { "idcar_200m": "CRS3035RES200mN3080000E3830600", "population": 525.0, "median_education": 13.910841079234796, "median_healthcare": 29.735069800650262, "median_services": 1.1366178708025816, "median_commerce": 94.37904027430713, "median_entertainment": 9.121406071313972, "PC1_pos": 4.5011680597209853, "nivvie": 20292.649523809523, "rel_education": 2.4244543473869236, "rel_sante": 1.8865565785891008, "rel_services": 1.7009283595414495, "rel_commerce": 2.5233538692546036, "rel_loisirs": 1.8767001382790947, "rel_pc1": 2.1730845980629354, "q_revenu": 2, "q_population": 5 }, "geometry": { "type": "Polygon", "coordinates": [ [ [ 3.058457538512371, 50.62235028179029 ], [ 3.058192035689012, 50.624138952775077 ], [ 3.06100767736063, 50.624309160286231 ], [ 3.061273074142223, 50.622520481843502 ], [ 3.058457538512371, 50.62235028179029 ] ] ] } },
{ "type": "Feature", "properties": { "idcar_200m": "CRS3035RES200mN3080000E3830800", "population": 419.0, "median_education": 14.593459638987195, "median_healthcare": 31.414296375854732, "median_services": 1.0494126661710743, "median_commerce": 81.472072097082957, "median_entertainment": 9.4958656405988027, "PC1_pos": 4.3307846399182139, "nivvie": 23549.294988066824, "rel_education": 2.5434246904001254, "rel_sante": 1.9930959599873028, "rel_services": 1.5704273270769429, "rel_commerce": 2.1782682655476235, "rel_loisirs": 1.9537439975221178, "rel_pc1": 2.0908264862959096, "q_revenu": 3, "q_population": 4 }, "geometry": { "type": "Polygon", "coordinates": [ [ [ 3.061273074142223, 50.622520481843502 ], [ 3.06100767736063, 50.624309160286231 ], [ 3.063823337765038, 50.624479298976915 ], [ 3.064088628502158, 50.622690613079214 ], [ 3.061273074142223, 50.622520481843502 ] ] ] } },
{ "type": "Feature", "properties": { "idcar_200m": "CRS3035RES200mN3080000E3831000", "population": 419.5, "median_education": 14.873709379188677, "median_healthcare": 36.889708430617482, "median_services": 1.1263209721114946, "median_commerce": 72.749603341315733, "median_entertainment": 9.8189242486233272, "PC1_pos": 4.4266960901583108, "nivvie": 26512.199761620977, "rel_education": 2.592268085067309, "rel_sante": 2.340486253726342, "rel_services": 1.6855192344089827, "rel_commerce": 1.9450610277928508, "rel_loisirs": 2.0202122733133456, "rel_pc1": 2.1371308438602781, "q_revenu": 4, "q_population": 4 }, "geometry": { "type": "Polygon", "coordinates": [ [ [ 3.064088628502158, 50.622690613079214 ], [ 3.063823337765038, 50.624479298976915 ], [ 3.066639016894911, 50.624649368846406 ], [ 3.066904201584857, 50.622860675496646 ], [ 3.064088628502158, 50.622690613079214 ] ] ] } },
{ "type": "Feature", "properties": { "idcar_200m": "CRS3035RES200mN3080000E3831200", "population": 203.5, "median_education": 14.715676673894, "median_healthcare": 44.82162151519838, "median_services": 1.2584779452985184, "median_commerce": 71.419000737117557, "median_entertainment": 9.685567538351453, "PC1_pos": 4.5811377544979308, "nivvie": 23846.202457002459, "rel_education": 2.5647253162872872, "rel_sante": 2.8437305006991815, "rel_services": 1.883289786306289, "rel_commerce": 1.9094855311573151, "rel_loisirs": 1.9927745565127801, "rel_pc1": 2.2116925570917627, "q_revenu": 3, "q_population": 3 }, "geometry": { "type": "Polygon", "coordinates": [ [ [ 3.066904201584857, 50.622860675496646 ], [ 3.066639016894911, 50.624649368846406 ], [ 3.069454714742929, 50.624819369893935 ], [ 3.069719793383005, 50.62303066909508 ], [ 3.066904201584857, 50.622860675496646 ] ] ] } },
{ "type": "Feature", "properties": { "idcar_200m": "CRS3035RES200mN3080000E3831400", "population": 606.0, "median_education": 11.947330743621086, "median_healthcare": 35.559192395984411, "median_services": 1.0513918098189377, "median_commerce": 53.325668892576857, "median_entertainment": 7.1542652402989262, "PC1_pos": 3.6944816624238181, "nivvie": 22377.822937293728, "rel_education": 2.0822434672393602, "rel_sante": 2.2560709893639759, "rel_services": 1.573389080226117, "rel_commerce": 1.4257353384775295, "rel_loisirs": 1.471967201194913, "rel_pc1": 1.7836306247442817, "q_revenu": 2, "q_population": 5 }, "geometry": { "type": "Polygon", "coordinates": [ [ [ 3.069719793383005, 50.62303066909508 ], [ 3.069454714742929, 50.624819369893935 ], [ 3.072270431301771, 50.62498930211877 ], [ 3.072535403889275, 50.62320059387379 ], [ 3.069719793383005, 50.62303066909508 ] ] ] } },
{ "type": "Feature", "properties": { "idcar_200m": "CRS3035RES200mN3080000E3831600", "population": 244.5, "median_education": 9.6582096371067738, "median_healthcare": 28.259160207197027, "median_services": 0.89986273531679273, "median_commerce": 41.703261002040023, "median_entertainment": 5.4524798759123607, "PC1_pos": 2.9110241101948406, "nivvie": 24531.128425357874, "rel_education": 1.6832834340701024, "rel_sante": 1.7929167461757571, "rel_services": 1.3466285244257989, "rel_commerce": 1.1149942265166233, "rel_loisirs": 1.1218303030351389, "rel_pc1": 1.4053911283744411, "q_revenu": 3, "q_population": 3 }, "geometry": { "type": "Polygon", "coordinates": [ [ [ 3.072535403889275, 50.62320059387379 ], [ 3.072270431301771, 50.62498930211877 ], [ 3.075086166564117, 50.625159165520223 ], [ 3.07535103309635, 50.623370449832038 ], [ 3.072535403889275, 50.62320059387379 ] ] ] } },
{ "type": "Feature", "properties": { "idcar_200m": "CRS3035RES200mN3080000E3831800", "population": 92.5, "median_education": 7.88221164521822, "median_healthcare": 19.411777619303308, "median_services": 0.8540947738818061, "median_commerce": 29.190629131512747, "median_entertainment": 4.2630755386417185, "PC1_pos": 2.2393914699298345, "nivvie": 29528.775135135136, "rel_education": 1.3737531887126087, "rel_sante": 1.2315900724404714, "rel_services": 1.2781375869146736, "rel_commerce": 0.78045174808829754, "rel_loisirs": 0.87711416313588542, "rel_pc1": 1.0811387283859144, "q_revenu": 5, "q_population": 2 }, "geometry": { "type": "Polygon", "coordinates": [ [ [ 3.07535103309635, 50.623370449832038 ], [ 3.075086166564117, 50.625159165520223 ], [ 3.077901920522646, 50.625328960097484 ], [ 3.078166680996911, 50.623540236969049 ], [ 3.07535103309635, 50.623370449832038 ] ] ] } },
{ "type": "Feature", "properties": { "idcar_200m": "CRS3035RES200mN3080000E3832000", "population": 86.0, "median_education": 7.5823360301426819, "median_healthcare": 19.697878511331119, "median_services": 1.0634557770846462, "median_commerce": 27.54276556526456, "median_entertainment": 3.8523795129642782, "PC1_pos": 2.1987011431132917, "nivvie": 17325.606976744184, "rel_education": 1.3214892936322107, "rel_sante": 1.249741888582617, "rel_services": 1.5914425919453494, "rel_commerce": 0.73639384186451473, "rel_loisirs": 0.79261476883707449, "rel_pc1": 1.0614941558389703, "q_revenu": 1, "q_population": 2 }, "geometry": { "type": "Polygon", "coordinates": [ [ [ 3.078166680996911, 50.623540236969049 ], [ 3.077901920522646, 50.625328960097484 ], [ 3.080717693170034, 50.625498685849863 ], [ 3.080982347583639, 50.623709955284134 ], [ 3.078166680996911, 50.623540236969049 ] ] ] } },
{ "type": "Feature", "properties": { "idcar_200m": "CRS3035RES200mN3080000E3832200", "population": 429.5, "median_education": 6.3807554602531598, "median_healthcare": 15.379870658383393, "median_services": 0.89740660564982611, "median_commerce": 22.633054443209012, "median_entertainment": 3.2850539887438042, "PC1_pos": 1.6426038610917018, "nivvie": 18656.087543655412, "rel_education": 1.1120715294717884, "rel_sante": 0.97578369120855935, "rel_services": 1.342952970211343, "rel_commerce": 0.60512594042417889, "rel_loisirs": 0.67588935595339505, "rel_pc1": 0.79302019029219506, "q_revenu": 1, "q_population": 4 }, "geometry": { "type": "Polygon", "coordinates": [ [ [ 3.080982347583639, 50.623709955284134 ], [ 3.080717693170034, 50.625498685849863 ], [ 3.083533484498959, 50.625668342776628 ], [ 3.083798032849205, 50.623879604776533 ], [ 3.080982347583639, 50.623709955284134 ] ] ] } },
{ "type": "Feature", "properties": { "idcar_200m": "CRS3035RES200mN3080000E3832600", "population": 28.0, "median_education": 1.1017627904901635, "median_healthcare": 2.191627268091608, "median_services": 0.10040966908501404, "median_commerce": 5.9193220368128356, "median_entertainment": 0.80327570203638488, "PC1_pos": 0.47287265269614687, "nivvie": 17708.346428571429, "rel_education": 0.19202099800998948, "rel_sante": 0.13904890313534973, "rel_services": 0.15026127787193405, "rel_commerce": 0.15826124234304059, "rel_loisirs": 0.16527140764283046, "rel_pc1": 0.22829458149200005, "q_revenu": 1, "q_population": 1 }, "geometry": { "type": "Polygon", "coordinates": [ [ [ 3.086613736786295, 50.624049185445557 ], [ 3.086349294502099, 50.625837930877012 ], [ 3.089165123172131, 50.626007450150297 ], [ 3.089429459387582, 50.624218697290388 ], [ 3.086613736786295, 50.624049185445557 ] ] ] } },
{ "type": "Feature", "properties": { "idcar_200m": "CRS3035RES200mN3080000E3832800", "population": 374.5, "median_education": 3.8940695264153207, "median_healthcare": 6.2381060499642604, "median_services": 0.22507702691031078, "median_commerce": 16.561010936649176, "median_entertainment": 2.5653913741916816, "PC1_pos": 0.92120053299492533, "nivvie": 18442.424833110814, "rel_education": 0.67867886194440585, "rel_sante": 0.39577980093523052, "rel_services": 0.33682375404030301, "rel_commerce": 0.44278147885699398, "rel_loisirs": 0.52782107375162424, "rel_pc1": 0.44473937951624226, "q_revenu": 1, "q_population": 4 }, "geometry": { "type": "Polygon", "coordinates": [ [ [ 3.089429459387582, 50.624218697290388 ], [ 3.089165123172131, 50.626007450150297 ], [ 3.091980970501732, 50.626176900595731 ], [ 3.092245200645744, 50.624388140310366 ], [ 3.089429459387582, 50.624218697290388 ] ] ] } },
{ "type": "Feature", "properties": { "idcar_200m": "CRS3035RES200mN3080000E3833000", "population": 154.5, "median_education": 2.6516841775427635, "median_healthcare": 4.4878938304677289, "median_services": 0.2167054127479616, "median_commerce": 13.092509364836307, "median_entertainment": 1.97972390906617, "PC1_pos": 0.69174599636913081, "nivvie": 20928.75857605178, "rel_education": 0.46214942687666088, "rel_sante": 0.28473669934661389, "rel_services": 0.32429578284641014, "rel_commerce": 0.35004630337405035, "rel_loisirs": 0.40732186516543289, "rel_pc1": 0.33396277378157657, "q_revenu": 2, "q_population": 2 }, "geometry": { "type": "Polygon", "coordinates": [ [ [ 3.092245200645744, 50.624388140310366 ], [ 3.091980970501732, 50.626176900595731 ], [ 3.094796836483576, 50.626346282212623 ], [ 3.09506096055346, 50.624557514504694 ], [ 3.092245200645744, 50.624388140310366 ] ] ] } },
{ "type": "Feature", "properties": { "idcar_200m": "CRS3035RES200mN3080000E3833200", "population": 235.0, "median_education": 1.801103651322244, "median_healthcare": 3.6394782513556887, "median_services": 0.2330970347077248, "median_commerce": 11.384028245295131, "median_entertainment": 1.4741530930304707, "PC1_pos": 0.58442233608762972, "nivvie": 21049.828510638297, "rel_education": 0.3139057913659149, "rel_sante": 0.23090854280008719, "rel_services": 0.34882555258384751, "rel_commerce": 0.30436770322074619, "rel_loisirs": 0.30330228606260357, "rel_pc1": 0.28214880236991463, "q_revenu": 2, "q_population": 3 }, "geometry": { "type": "Polygon", "coordinates": [ [ [ 3.09506096055346, 50.624557514504694 ], [ 3.094796836483576, 50.626346282212623 ], [ 3.09761272111034, 50.626515595000185 ], [ 3.097876739103405, 50.624726819872691 ], [ 3.09506096055346, 50.624557514504694 ] ] ] } },
{ "type": "Feature", "properties": { "idcar_200m": "CRS3035RES200mN3080000E3833400", "population": 220.0, "median_education": 2.2414931642083484, "median_healthcare": 5.4085937901570826, "median_services": 0.34743889243058712, "median_commerce": 15.05501574776425, "median_entertainment": 1.774759666039563, "PC1_pos": 0.77195363922006122, "nivvie": 21427.943636363634, "rel_education": 0.39065918556967194, "rel_sante": 0.34315097506560632, "rel_services": 0.51993610211808972, "rel_commerce": 0.40251661945699735, "rel_loisirs": 0.36515112742796785, "rel_pc1": 0.37268560994626171, "q_revenu": 2, "q_population": 3 }, "geometry": { "type": "Polygon", "coordinates": [ [ [ 3.097876739103405, 50.624726819872691 ], [ 3.09761272111034, 50.626515595000185 ], [ 3.100428624374698, 50.626684838957722 ], [ 3.100692536288258, 50.624896056413583 ], [ 3.097876739103405, 50.624726819872691 ] ] ] } },
{ "type": "Feature", "properties": { "idcar_200m": "CRS3035RES200mN3080000E3833600", "population": 433.5, "median_education": 2.4305400057746995, "median_healthcare": 6.0617840984348188, "median_services": 0.46299310592280185, "median_commerce": 14.7589283757993, "median_entertainment": 2.0205801558457797, "PC1_pos": 0.92668816416382871, "nivvie": 22990.075201845444, "rel_education": 0.42360726069213739, "rel_sante": 0.38459296532873521, "rel_services": 0.69286092042543246, "rel_commerce": 0.39460031501573917, "rel_loisirs": 0.41572790732399817, "rel_pc1": 0.44738871111523465, "q_revenu": 3, "q_population": 4 }, "geometry": { "type": "Polygon", "coordinates": [ [ [ 3.100692536288258, 50.624896056413583 ], [ 3.100428624374698, 50.626684838957722 ], [ 3.103244546269325, 50.626854014084479 ], [ 3.103508352100694, 50.625065224126672 ], [ 3.100692536288258, 50.624896056413583 ] ] ] } },
{ "type": "Feature", "properties": { "idcar_200m": "CRS3035RES200mN3080000E3833800", "population": 366.0, "median_education": 3.1356310481990151, "median_healthcare": 7.2041759246048542, "median_services": 0.75506471999600699, "median_commerce": 15.093573213733812, "median_entertainment": 2.5244609874154893, "PC1_pos": 1.2217257572927993, "nivvie": 22527.864480874319, "rel_education": 0.54649422585637775, "rel_sante": 0.45707259390994559, "rel_services": 1.1299408785677127, "rel_commerce": 0.40354750651264198, "rel_loisirs": 0.5193997775257857, "rel_pc1": 0.58982766051048729, "q_revenu": 3, "q_population": 4 }, "geometry": { "type": "Polygon", "coordinates": [ [ [ 3.103508352100694, 50.625065224126672 ], [ 3.103244546269325, 50.626854014084479 ], [ 3.106060486786898, 50.627023120379754 ], [ 3.106324186533382, 50.625234323011192 ], [ 3.103508352100694, 50.625065224126672 ] ] ] } },
{ "type": "Feature", "properties": { "idcar_200m": "CRS3035RES200mN3080000E3834000", "population": 293.5, "median_education": 3.9087423883696957, "median_healthcare": 8.7638373580325073, "median_services": 0.86686467117392585, "median_commerce": 17.423330960609128, "median_entertainment": 3.1365484283658307, "PC1_pos": 1.4269392983941371, "nivvie": 24283.485860306642, "rel_education": 0.68123612528680688, "rel_sante": 0.55602610427097732, "rel_services": 1.2972475103203831, "rel_commerce": 0.46583679455707772, "rel_loisirs": 0.64533481167397244, "rel_pc1": 0.68890114089702392, "q_revenu": 3, "q_population": 3 }, "geometry": { "type": "Polygon", "coordinates": [ [ [ 3.106324186533382, 50.625234323011192 ], [ 3.106060486786898, 50.627023120379754 ], [ 3.108876445920087, 50.62719215784275 ], [ 3.109140039579007, 50.625403353066439 ], [ 3.106324186533382, 50.625234323011192 ] ] ] } },
{ "type": "Feature", "properties": { "idcar_200m": "CRS3035RES200mN3080000E3834200", "population": 352.0, "median_education": 4.6324472111741972, "median_healthcare": 11.76318467593379, "median_services": 0.59463221466232663, "median_commerce": 21.907397714380224, "median_entertainment": 4.470415886726876, "PC1_pos": 1.5507064828145185, "nivvie": 21480.44744318182, "rel_education": 0.80736719772730747, "rel_sante": 0.74632121546444408, "rel_services": 0.88985649741888007, "rel_commerce": 0.58572450649225072, "rel_loisirs": 0.91977377689280226, "rel_pc1": 0.74865375591629457, "q_revenu": 2, "q_population": 4 }, "geometry": { "type": "Polygon", "coordinates": [ [ [ 3.109140039579007, 50.625403353066439 ], [ 3.108876445920087, 50.62719215784275 ], [ 3.11169242366157, 50.627361126472792 ], [ 3.111955911230237, 50.625572314291624 ], [ 3.109140039579007, 50.625403353066439 ] ] ] } },
{ "type": "Feature", "properties": { "idcar_200m": "CRS3035RES200mN3080000E3834400", "population": 477.5, "median_education": 4.0392303907860914, "median_healthcare": 11.22141357045065, "median_services": 0.42076076298047166, "median_commerce": 19.533306467614082, "median_entertainment": 5.8931518115750716, "PC1_pos": 1.5127272869712536, "nivvie": 23572.66617801047, "rel_education": 0.70397825877379716, "rel_sante": 0.71194827300993013, "rel_services": 0.62966097289181988, "rel_commerce": 0.52224990115531056, "rel_loisirs": 1.2124971449812283, "rel_pc1": 0.73031806961469703, "q_revenu": 3, "q_population": 5 }, "geometry": { "type": "Polygon", "coordinates": [ [ [ 3.111955911230237, 50.625572314291624 ], [ 3.11169242366157, 50.627361126472792 ], [ 3.114508420004018, 50.627530026269106 ], [ 3.11477180147975, 50.625741206686087 ], [ 3.111955911230237, 50.625572314291624 ] ] ] } },
{ "type": "Feature", "properties": { "idcar_200m": "CRS3035RES200mN3080000E3834600", "population": 181.5, "median_education": 3.7472528445720199, "median_healthcare": 7.558605895050218, "median_services": 0.2743575170020956, "median_commerce": 14.308457427784493, "median_entertainment": 8.1510690940707775, "PC1_pos": 1.3086218943793435, "nivvie": 23205.70303030303, "rel_education": 0.65309088056093278, "rel_sante": 0.47955958307377194, "rel_services": 0.41057112800164142, "rel_commerce": 0.38255635264489701, "rel_loisirs": 1.6770564073529375, "rel_pc1": 0.63177958379540455, "q_revenu": 3, "q_population": 3 }, "geometry": { "type": "Polygon", "coordinates": [ [ [ 3.11477180147975, 50.625741206686087 ], [ 3.114508420004018, 50.627530026269106 ], [ 3.117324434940104, 50.627698857230996 ], [ 3.117587710320219, 50.625910030249059 ], [ 3.11477180147975, 50.625741206686087 ] ] ] } },
{ "type": "Feature", "properties": { "idcar_200m": "CRS3035RES200mN3080200E3828400", "population": 4.0, "median_education": 0.78475651245991618, "median_healthcare": 1.5769571520502093, "median_services": 0.10569343060737618, "median_commerce": 1.670944559246863, "median_entertainment": 0.8612050147455006, "PC1_pos": 0.41254062160425908, "nivvie": 23463.175, "rel_education": 0.13677148113737939, "rel_sante": 0.10005084599762384, "rel_services": 0.15816833269599168, "rel_commerce": 0.044675008419568868, "rel_loisirs": 0.17719017853425176, "rel_pc1": 0.19916734034123032, "q_revenu": 3, "q_population": 1 }, "geometry": { "type": "Polygon", "coordinates": [ [ [ 3.027221215758242, 50.622262128212697 ], [ 3.026954521358672, 50.624050715270037 ], [ 3.029770062508459, 50.624221687248692 ], [ 3.030036650886198, 50.622433092700234 ], [ 3.027221215758242, 50.622262128212697 ] ] ] } },
{ "type": "Feature", "properties": { "idcar_200m": "CRS3035RES200mN3080200E3828600", "population": 361.5, "median_education": 3.5122907165372181, "median_healthcare": 7.1396265246981621, "median_services": 0.38624714182403813, "median_commerce": 17.090259121899912, "median_entertainment": 3.2618867545218646, "PC1_pos": 1.1018032401870479, "nivvie": 24927.841217150759, "rel_education": 0.61214044848133675, "rel_sante": 0.45297722450760824, "rel_services": 0.57801195476227474, "rel_commerce": 0.45693165936494284, "rel_loisirs": 0.67112277157726563, "rel_pc1": 0.53193118310155418, "q_revenu": 3, "q_population": 4 }, "geometry": { "type": "Polygon", "coordinates": [ [ [ 3.030036650886198, 50.622433092700234 ], [ 3.029770062508459, 50.624221687248692 ], [ 3.032585622474241, 50.624392590412079 ], [ 3.032852104827433, 50.622603988375445 ], [ 3.030036650886198, 50.622433092700234 ] ] ] } },
{ "type": "Feature", "properties": { "idcar_200m": "CRS3035RES200mN3080200E3828800", "population": 427.0, "median_education": 5.7913668975073591, "median_healthcare": 11.936325471655048, "median_services": 0.63452139543881758, "median_commerce": 30.441256551823876, "median_entertainment": 4.9236379476201853, "PC1_pos": 1.6813463452073329, "nivvie": 28305.515690866509, "rel_education": 1.0093497993398681, "rel_sante": 0.75730622102790668, "rel_services": 0.94954994458745234, "rel_commerce": 0.81388899783004021, "rel_loisirs": 1.0130227669826692, "rel_pc1": 0.81172437871736458, "q_revenu": 4, "q_population": 4 }, "geometry": { "type": "Polygon", "coordinates": [ [ [ 3.032852104827433, 50.622603988375445 ], [ 3.032585622474241, 50.624392590412079 ], [ 3.035401201248701, 50.624563424759437 ], [ 3.035667577574638, 50.622774815237555 ], [ 3.032852104827433, 50.622603988375445 ] ] ] } },
{ "type": "Feature", "properties": { "idcar_200m": "CRS3035RES200mN3080200E3829000", "population": 348.5, "median_education": 7.8151923426630496, "median_healthcare": 16.569723156649204, "median_services": 0.93026121455344524, "median_commerce": 45.970531007497215, "median_entertainment": 7.1046717499710912, "PC1_pos": 2.6373910330675132, "nivvie": 28734.919942611188, "rel_education": 1.3620727131386861, "rel_sante": 1.0512744861924996, "rel_services": 1.3921193061113308, "rel_commerce": 1.2290855782418415, "rel_loisirs": 1.4617634991090367, "rel_pc1": 1.2732859020117484, "q_revenu": 4, "q_population": 4 }, "geometry": { "type": "Polygon", "coordinates": [ [ [ 3.035667577574638, 50.622774815237555 ], [ 3.035401201248701, 50.624563424759437 ], [ 3.038216798824525, 50.624734190289999 ], [ 3.038483069120492, 50.622945573285882 ], [ 3.035667577574638, 50.622774815237555 ] ] ] } },
{ "type": "Feature", "properties": { "idcar_200m": "CRS3035RES200mN3080200E3829200", "population": 564.5, "median_education": 8.9709913837281512, "median_healthcare": 21.177914922684945, "median_services": 1.2447281802371943, "median_commerce": 63.14691220695665, "median_entertainment": 9.5644455349604964, "PC1_pos": 3.526117756049127, "nivvie": 27135.834720992028, "rel_education": 1.5635114323257551, "rel_sante": 1.3436435490498781, "rel_services": 1.8627135082707129, "rel_commerce": 1.6883198301846114, "rel_loisirs": 1.9678540915389295, "rel_pc1": 1.7023474984627827, "q_revenu": 4, "q_population": 5 }, "geometry": { "type": "Polygon", "coordinates": [ [ [ 3.038483069120492, 50.622945573285882 ], [ 3.038216798824525, 50.624734190289999 ], [ 3.041032415194388, 50.62490488700309 ], [ 3.041298579457676, 50.62311626251963 ], [ 3.038483069120492, 50.622945573285882 ] ] ] } },
{ "type": "Feature", "properties": { "idcar_200m": "CRS3035RES200mN3080200E3829400", "population": 360.5, "median_education": 10.462889074618587, "median_healthcare": 27.374934578422348, "median_services": 1.5507046412512389, "median_commerce": 101.60478719786818, "median_entertainment": 11.415211960245079, "PC1_pos": 4.7449410136663435, "nivvie": 26854.001386962551, "rel_education": 1.8235271870837553, "rel_sante": 1.7368166028734038, "rel_services": 2.3206018217136686, "rel_commerce": 2.7165441835958899, "rel_loisirs": 2.3486433666899629, "rel_pc1": 2.2907738832916675, "q_revenu": 4, "q_population": 4 }, "geometry": { "type": "Polygon", "coordinates": [ [ [ 3.041298579457676, 50.62311626251963 ], [ 3.041032415194388, 50.62490488700309 ], [ 3.043848050350983, 50.625075514897937 ], [ 3.044114108578878, 50.623286882938118 ], [ 3.041298579457676, 50.62311626251963 ] ] ] } },
{ "type": "Feature", "properties": { "idcar_200m": "CRS3035RES200mN3080200E3829600", "population": 502.5, "median_education": 10.780467315635205, "median_healthcare": 27.70073441781161, "median_services": 1.5836429793504352, "median_commerce": 143.96233377888689, "median_entertainment": 12.373581570944676, "PC1_pos": 5.6177388941300617, "nivvie": 21632.934925373134, "rel_education": 1.8788763886656472, "rel_sante": 1.7574871388574709, "rel_services": 2.3698934568606038, "rel_commerce": 3.8490316378727747, "rel_loisirs": 2.5458248502091285, "rel_pc1": 2.7121453153495167, "q_revenu": 2, "q_population": 5 }, "geometry": { "type": "Polygon", "coordinates": [ [ [ 3.044114108578878, 50.623286882938118 ], [ 3.043848050350983, 50.625075514897937 ], [ 3.046663704286984, 50.625246073973798 ], [ 3.046929656476781, 50.623457434540512 ], [ 3.044114108578878, 50.623286882938118 ] ] ] } },
{ "type": "Feature", "properties": { "idcar_200m": "CRS3035RES200mN3080200E3829800", "population": 339.5, "median_education": 10.864067675875042, "median_healthcare": 28.378723440874865, "median_services": 1.6961998324157423, "median_commerce": 181.43511637404765, "median_entertainment": 12.779106485443439, "PC1_pos": 6.5753306884902205, "nivvie": 20570.738733431517, "rel_education": 1.8934466979425708, "rel_sante": 1.8005024961526204, "rel_services": 2.5383327787800583, "rel_commerce": 4.850918186818503, "rel_loisirs": 2.6292603049148324, "rel_pc1": 3.1744537543915596, "q_revenu": 2, "q_population": 4 }, "geometry": { "type": "Polygon", "coordinates": [ [ [ 3.046929656476781, 50.623457434540512 ], [ 3.046663704286984, 50.625246073973798 ], [ 3.049479376995071, 50.625416564229909 ], [ 3.049745223144065, 50.623627917326182 ], [ 3.046929656476781, 50.623457434540512 ] ] ] } },
{ "type": "Feature", "properties": { "idcar_200m": "CRS3035RES200mN3080200E3830000", "population": 365.5, "median_education": 11.114701239664981, "median_healthcare": 30.787329458412017, "median_services": 1.7932729112151433, "median_commerce": 194.56413956734892, "median_entertainment": 11.437865215862676, "PC1_pos": 6.7477631784823231, "nivvie": 24098.269220246239, "rel_education": 1.9371284300442091, "rel_sante": 1.9533177260504375, "rel_services": 2.6836009088344568, "rel_commerce": 5.2019407377796298, "rel_loisirs": 2.353304201611425, "rel_pc1": 3.2577011211274525, "q_revenu": 3, "q_population": 4 }, "geometry": { "type": "Polygon", "coordinates": [ [ [ 3.049745223144065, 50.623627917326182 ], [ 3.049479376995071, 50.625416564229909 ], [ 3.052295068467929, 50.625586985665578 ], [ 3.052560808573407, 50.623798331294303 ], [ 3.049745223144065, 50.623627917326182 ] ] ] } },
{ "type": "Feature", "properties": { "idcar_200m": "CRS3035RES200mN3080200E3830200", "population": 578.0, "median_education": 11.232307887747552, "median_healthcare": 32.702375325662288, "median_services": 1.6633968013101514, "median_commerce": 155.42122713544566, "median_entertainment": 10.317714279741313, "PC1_pos": 6.0052065159042289, "nivvie": 27722.237370242212, "rel_education": 1.957625533533589, "rel_sante": 2.0748187819881592, "rel_services": 2.4892436281343611, "rel_commerce": 4.15540096314467, "rel_loisirs": 2.1228367275973454, "rel_pc1": 2.8992078533294272, "q_revenu": 4, "q_population": 5 }, "geometry": { "type": "Polygon", "coordinates": [ [ [ 3.052560808573407, 50.623798331294303 ], [ 3.052295068467929, 50.625586985665578 ], [ 3.055110778698238, 50.625757338280032 ], [ 3.055376412757495, 50.623968676444193 ], [ 3.052560808573407, 50.623798331294303 ] ] ] } },
{ "type": "Feature", "properties": { "idcar_200m": "CRS3035RES200mN3080200E3830400", "population": 599.0, "median_education": 11.657361653648717, "median_healthcare": 33.103616241748632, "median_services": 1.4089345283643406, "median_commerce": 131.89385634521898, "median_entertainment": 10.137534723470697, "PC1_pos": 5.4491716482845867, "nivvie": 25410.654257095161, "rel_education": 2.0317061333149034, "rel_sante": 2.1002757153303926, "rel_services": 2.1084453778118624, "rel_commerce": 3.5263642411738063, "rel_loisirs": 2.0857653599239381, "rel_pc1": 2.6307640203557465, "q_revenu": 4, "q_population": 5 }, "geometry": { "type": "Polygon", "coordinates": [ [ [ 3.055376412757495, 50.623968676444193 ], [ 3.055110778698238, 50.625757338280032 ], [ 3.057926507678675, 50.625927622072538 ], [ 3.058192035689012, 50.624138952775077 ], [ 3.055376412757495, 50.623968676444193 ] ] ] } },
{ "type": "Feature", "properties": { "idcar_200m": "CRS3035RES200mN3080200E3830600", "population": 523.0, "median_education": 12.417450959755952, "median_healthcare": 32.542422123799575, "median_services": 1.1565738686237621, "median_commerce": 109.64042179429902, "median_entertainment": 9.796417711856634, "PC1_pos": 4.83874498540888, "nivvie": 30159.350669216063, "rel_education": 2.1641784843465612, "rel_sante": 2.0646704700028988, "rel_services": 1.7307921541455458, "rel_commerce": 2.9313879623828614, "rel_loisirs": 2.0155816253264009, "rel_pc1": 2.3360607873855068, "q_revenu": 5, "q_population": 5 }, "geometry": { "type": "Polygon", "coordinates": [ [ [ 3.058192035689012, 50.624138952775077 ], [ 3.057926507678675, 50.625927622072538 ], [ 3.060742255401923, 50.626097837042366 ], [ 3.06100767736063, 50.624309160286231 ], [ 3.058192035689012, 50.624138952775077 ] ] ] } },
{ "type": "Feature", "properties": { "idcar_200m": "CRS3035RES200mN3080200E3830800", "population": 441.0, "median_education": 12.216674946605371, "median_healthcare": 30.924285500903636, "median_services": 0.98161740816449217, "median_commerce": 86.945442216826947, "median_entertainment": 9.1887294468345946, "PC1_pos": 4.2530721695398412, "nivvie": 29183.273696145123, "rel_education": 2.1291861876794269, "rel_sante": 1.9620069716002979, "rel_services": 1.4689729333461814, "rel_commerce": 2.3246063680476805, "rel_loisirs": 1.8905517075614133, "rel_pc1": 2.0533082754190799, "q_revenu": 5, "q_population": 5 }, "geometry": { "type": "Polygon", "coordinates": [ [ [ 3.06100767736063, 50.624309160286231 ], [ 3.060742255401923, 50.626097837042366 ], [ 3.063558021860661, 50.626267983188754 ], [ 3.063823337765038, 50.624479298976915 ], [ 3.06100767736063, 50.624309160286231 ] ] ] } },
{ "type": "Feature", "properties": { "idcar_200m": "CRS3035RES200mN3080200E3831000", "population": 477.0, "median_education": 13.508876890135518, "median_healthcare": 40.76977573985058, "median_services": 1.1552181902124043, "median_commerce": 95.611429238193452, "median_entertainment": 11.267639682794561, "PC1_pos": 4.8652428367186218, "nivvie": 26584.910691823901, "rel_education": 2.354397920158354, "rel_sante": 2.5866590912773115, "rel_services": 1.7287634055964241, "rel_commerce": 2.5563034886977651, "rel_loisirs": 2.3182808423891834, "rel_pc1": 2.3488534829256356, "q_revenu": 4, "q_population": 5 }, "geometry": { "type": "Polygon", "coordinates": [ [ [ 3.063823337765038, 50.624479298976915 ], [ 3.063558021860661, 50.626267983188754 ], [ 3.066373807047563, 50.62643806051102 ], [ 3.066639016894911, 50.624649368846406 ], [ 3.063823337765038, 50.624479298976915 ] ] ] } },
{ "type": "Feature", "properties": { "idcar_200m": "CRS3035RES200mN3080200E3831200", "population": 149.5, "median_education": 12.595825444695699, "median_healthcare": 40.639008034539422, "median_services": 1.1837798239285366, "median_commerce": 72.516620157907809, "median_entertainment": 9.5373454046633466, "PC1_pos": 4.3700736979730515, "nivvie": 31364.102341137124, "rel_education": 2.1952665251782992, "rel_sante": 2.5783624679172288, "rel_services": 1.7715053807408943, "rel_commerce": 1.9388319009060448, "rel_loisirs": 1.96227832636869, "rel_pc1": 2.109794550984581, "q_revenu": 5, "q_population": 2 }, "geometry": { "type": "Polygon", "coordinates": [ [ [ 3.066639016894911, 50.624649368846406 ], [ 3.066373807047563, 50.62643806051102 ], [ 3.069189610955317, 50.626608069008348 ], [ 3.069454714742929, 50.624819369893935 ], [ 3.066639016894911, 50.624649368846406 ] ] ] } },
{ "type": "Feature", "properties": { "idcar_200m": "CRS3035RES200mN3080200E3831400", "population": 10.0, "median_education": 12.456918389330776, "median_healthcare": 39.071233043016946, "median_services": 1.1999287820663536, "median_commerce": 63.770815052161808, "median_entertainment": 8.5267839306312005, "PC1_pos": 3.7776346152478171, "nivvie": 17484.16, "rel_education": 2.1710570749844562, "rel_sante": 2.4788941887494591, "rel_services": 1.7956720083993745, "rel_commerce": 1.7050007336342725, "rel_loisirs": 1.7543585338248577, "rel_pc1": 1.8237754046475869, "q_revenu": 1, "q_population": 1 }, "geometry": { "type": "Polygon", "coordinates": [ [ [ 3.069454714742929, 50.624819369893935 ], [ 3.069189610955317, 50.626608069008348 ], [ 3.072005433576592, 50.626778008680084 ], [ 3.072270431301771, 50.62498930211877 ], [ 3.069454714742929, 50.624819369893935 ] ] ] } },
{ "type": "Feature", "properties": { "idcar_200m": "CRS3035RES200mN3080200E3832000", "population": 122.5, "median_education": 7.1873449427645095, "median_healthcare": 14.970442364206921, "median_services": 0.75154619555248836, "median_commerce": 25.850811692445962, "median_entertainment": 4.0026980986687608, "PC1_pos": 1.8935119476438089, "nivvie": 24014.936326530613, "rel_education": 1.2526481751463847, "rel_sante": 0.94980730551256054, "rel_services": 1.1246754695296737, "rel_commerce": 0.69115712045721533, "rel_loisirs": 0.82354233728123238, "rel_pc1": 0.91415419177394031, "q_revenu": 3, "q_population": 2 }, "geometry": { "type": "Polygon", "coordinates": [ [ [ 3.077901920522646, 50.625328960097484 ], [ 3.077637134930425, 50.62711768154368 ], [ 3.080453013648339, 50.627287414734077 ], [ 3.080717693170034, 50.625498685849863 ], [ 3.077901920522646, 50.625328960097484 ] ] ] } },
{ "type": "Feature", "properties": { "idcar_200m": "CRS3035RES200mN3080200E3832200", "population": 111.5, "median_education": 5.3850802905645416, "median_healthcare": 10.28207022224476, "median_services": 0.58607703401118072, "median_commerce": 17.596372586010336, "median_entertainment": 2.802000272262648, "PC1_pos": 1.3247154799342102, "nivvie": 20120.193721973093, "rel_education": 0.93854003845790568, "rel_sante": 0.65235115805468025, "rel_services": 0.8770538222504356, "rel_commerce": 0.47046330118110313, "rel_loisirs": 0.57650259809734183, "rel_pc1": 0.63954928322294757, "q_revenu": 2, "q_population": 2 }, "geometry": { "type": "Polygon", "coordinates": [ [ [ 3.080717693170034, 50.625498685849863 ], [ 3.080453013648339, 50.627287414734077 ], [ 3.083268911050485, 50.627457079095883 ], [ 3.083533484498959, 50.625668342776628 ], [ 3.080717693170034, 50.625498685849863 ] ] ] } },
{ "type": "Feature", "properties": { "idcar_200m": "CRS3035RES200mN3080200E3832600", "population": 170.5, "median_education": 4.478824497174033, "median_healthcare": 6.8376217483135102, "median_services": 0.24020193254684941, "median_commerce": 21.331292605489953, "median_entertainment": 2.9977474153585093, "PC1_pos": 1.0567523624060988, "nivvie": 21178.618181818183, "rel_education": 0.78059302536104802, "rel_sante": 0.43381637835949072, "rel_services": 0.35945790540589001, "rel_commerce": 0.5703215414759667, "rel_loisirs": 0.61677694699088048, "rel_pc1": 0.51018141341153622, "q_revenu": 2, "q_population": 2 }, "geometry": { "type": "Polygon", "coordinates": [ [ [ 3.086349294502099, 50.625837930877012 ], [ 3.086084827129543, 50.627626674628402 ], [ 3.088900761878182, 50.627796201330845 ], [ 3.089165123172131, 50.626007450150297 ], [ 3.086349294502099, 50.625837930877012 ] ] ] } },
{ "type": "Feature", "properties": { "idcar_200m": "CRS3035RES200mN3080200E3832800", "population": 319.0, "median_education": 4.4910029573713217, "median_healthcare": 6.6505041873976101, "median_services": 0.25130206867353966, "median_commerce": 22.212964525835176, "median_entertainment": 2.9240491419028118, "PC1_pos": 1.1226500735341884, "nivvie": 20265.53354231975, "rel_education": 0.78271555128177539, "rel_sante": 0.42194460984231313, "rel_services": 0.37606906102613924, "rel_commerce": 0.5938942568283383, "rel_loisirs": 0.60161376283880008, "rel_pc1": 0.54199566677867861, "q_revenu": 2, "q_population": 4 }, "geometry": { "type": "Polygon", "coordinates": [ [ [ 3.089165123172131, 50.626007450150297 ], [ 3.088900761878182, 50.627796201330845 ], [ 3.091716715289082, 50.627965659202509 ], [ 3.091980970501732, 50.626176900595731 ], [ 3.089165123172131, 50.626007450150297 ] ] ] } },
{ "type": "Feature", "properties": { "idcar_200m": "CRS3035RES200mN3080200E3833200", "population": 209.5, "median_education": 3.7089544817635969, "median_healthcare": 7.449895851417403, "median_services": 0.24330996756909251, "median_commerce": 22.140878442027955, "median_entertainment": 2.2966374421619724, "PC1_pos": 1.0368804931397595, "nivvie": 18051.311217183771, "rel_education": 0.64641604101098726, "rel_sante": 0.4726624192416658, "rel_services": 0.36410902435059606, "rel_commerce": 0.59196693591083704, "rel_loisirs": 0.47252581143571804, "rel_pc1": 0.50058762520712985, "q_revenu": 1, "q_population": 3 }, "geometry": { "type": "Polygon", "coordinates": [ [ [ 3.094796836483576, 50.626346282212623 ], [ 3.094532687354916, 50.628135048242655 ], [ 3.097348678068364, 50.628304368450529 ], [ 3.09761272111034, 50.626515595000185 ], [ 3.094796836483576, 50.626346282212623 ] ] ] } },
{ "type": "Feature", "properties": { "idcar_200m": "CRS3035RES200mN3080200E3833400", "population": 241.5, "median_education": 3.3038440507085607, "median_healthcare": 7.4496019928727799, "median_services": 0.30903953026969755, "median_commerce": 19.180053454891599, "median_entertainment": 2.0410690089404109, "PC1_pos": 0.98800936713753162, "nivvie": 21350.041407867495, "rel_education": 0.57581127023193668, "rel_sante": 0.47264377523732182, "rel_services": 0.46247214192041974, "rel_commerce": 0.51280519442923689, "rel_loisirs": 0.41994342334589757, "rel_pc1": 0.4769935070146139, "q_revenu": 2, "q_population": 3 }, "geometry": { "type": "Polygon", "coordinates": [ [ [ 3.09761272111034, 50.626515595000185 ], [ 3.097348678068364, 50.628304368450529 ], [ 3.100164687422094, 50.628473619825435 ], [ 3.100428624374698, 50.626684838957722 ], [ 3.09761272111034, 50.626515595000185 ] ] ] } },
{ "type": "Feature", "properties": { "idcar_200m": "CRS3035RES200mN3080200E3833600", "population": 272.0, "median_education": 3.5657738313960436, "median_healthcare": 8.1627349866194727, "median_services": 0.44017686683916846, "median_commerce": 18.246646088527825, "median_entertainment": 2.6117939865219788, "PC1_pos": 1.0770849478625408, "nivvie": 19685.467647058824, "rel_education": 0.6214617662645463, "rel_sante": 0.5178888595697736, "rel_services": 0.65871682581602198, "rel_commerce": 0.48784926054117034, "rel_loisirs": 0.53736826289065964, "rel_pc1": 0.51999762727157406, "q_revenu": 2, "q_population": 3 }, "geometry": { "type": "Polygon", "coordinates": [ [ [ 3.100428624374698, 50.626684838957722 ], [ 3.100164687422094, 50.628473619825435 ], [ 3.102980715408783, 50.628642802366585 ], [ 3.103244546269325, 50.626854014084479 ], [ 3.100428624374698, 50.626684838957722 ] ] ] } },
{ "type": "Feature", "properties": { "idcar_200m": "CRS3035RES200mN3080200E3833800", "population": 387.5, "median_education": 4.3440336802118171, "median_healthcare": 9.6337381383066649, "median_services": 0.58873555932771293, "median_commerce": 19.048622938224717, "median_entertainment": 3.0588128898057478, "PC1_pos": 1.3737134709304293, "nivvie": 23136.802838709675, "rel_education": 0.75710097478621274, "rel_sante": 0.61121740029780269, "rel_services": 0.88103225794250817, "rel_commerce": 0.50929121821369583, "rel_loisirs": 0.62934097313369441, "rel_pc1": 0.66320464959833902, "q_revenu": 3, "q_population": 4 }, "geometry": { "type": "Polygon", "coordinates": [ [ [ 3.103244546269325, 50.626854014084479 ], [ 3.102980715408783, 50.628642802366585 ], [ 3.1057967620211, 50.628811916073296 ], [ 3.106060486786898, 50.627023120379754 ], [ 3.103244546269325, 50.626854014084479 ] ] ] } },
{ "type": "Feature", "properties": { "idcar_200m": "CRS3035RES200mN3080200E3834000", "population": 148.0, "median_education": 5.4072672474095498, "median_healthcare": 11.4339971676083, "median_services": 0.68196448841896573, "median_commerce": 21.234386588591075, "median_entertainment": 3.9481938815303055, "PC1_pos": 1.5916868074013359, "nivvie": 21401.366216216218, "rel_education": 0.9424068976702118, "rel_sante": 0.72543574710723768, "rel_services": 1.0205476865614673, "rel_commerce": 0.56773062539984298, "rel_loisirs": 0.8123282688535346, "rel_pc1": 0.76843833427499575, "q_revenu": 2, "q_population": 2 }, "geometry": { "type": "Polygon", "coordinates": [ [ [ 3.106060486786898, 50.627023120379754 ], [ 3.1057967620211, 50.628811916073296 ], [ 3.108612827251723, 50.628980960944794 ], [ 3.108876445920087, 50.62719215784275 ], [ 3.106060486786898, 50.627023120379754 ] ] ] } },
{ "type": "Feature", "properties": { "idcar_200m": "CRS3035RES200mN3080200E3834200", "population": 175.0, "median_education": 5.3193203445603467, "median_healthcare": 9.9487666552875673, "median_services": 0.56712992197818313, "median_commerce": 19.158557079604861, "median_entertainment": 5.0201689762195496, "PC1_pos": 1.5627744253766849, "nivvie": 20854.309714285715, "rel_education": 0.92707905014916936, "rel_sante": 0.63120454427082584, "rel_services": 0.84869980722375105, "rel_commerce": 0.51223045917449084, "rel_loisirs": 1.0328837175098453, "rel_pc1": 0.75447994586614897, "q_revenu": 2, "q_population": 2 }, "geometry": { "type": "Polygon", "coordinates": [ [ [ 3.108876445920087, 50.62719215784275 ], [ 3.108612827251723, 50.628980960944794 ], [ 3.111428911093326, 50.629149936980369 ], [ 3.11169242366157, 50.627361126472792 ], [ 3.108876445920087, 50.62719215784275 ] ] ] } },
{ "type": "Feature", "properties": { "idcar_200m": "CRS3035RES200mN3080200E3834400", "population": 434.5, "median_education": 4.9316658711318677, "median_healthcare": 8.7536392481134317, "median_services": 0.38087313399694239, "median_commerce": 16.577011284599291, "median_entertainment": 7.5770637385995823, "PC1_pos": 1.5604975241212138, "nivvie": 23878.309090909093, "rel_education": 0.85951659522395185, "rel_sante": 0.55537908001692338, "rel_services": 0.56996984795372141, "rel_commerce": 0.44320927023728346, "rel_loisirs": 1.558956640544666, "rel_pc1": 0.75338069807448105, "q_revenu": 3, "q_population": 4 }, "geometry": { "type": "Polygon", "coordinates": [ [ [ 3.11169242366157, 50.627361126472792 ], [ 3.111428911093326, 50.629149936980369 ], [ 3.114245013538576, 50.629318844179302 ], [ 3.114508420004018, 50.627530026269106 ], [ 3.11169242366157, 50.627361126472792 ] ] ] } },
{ "type": "Feature", "properties": { "idcar_200m": "CRS3035RES200mN3080200E3834600", "population": 307.0, "median_education": 4.3748411754257237, "median_healthcare": 6.609355986276789, "median_services": 0.25826944304869714, "median_commerce": 12.592250816280115, "median_entertainment": 9.7061248271889955, "PC1_pos": 1.5224521137649147, "nivvie": 25978.69641693811, "rel_education": 0.76247026664125039, "rel_sante": 0.41933394136088603, "rel_services": 0.38649561243860264, "rel_commerce": 0.336671200804051, "rel_loisirs": 1.9970041529699964, "rel_pc1": 0.73501304457314032, "q_revenu": 4, "q_population": 4 }, "geometry": { "type": "Polygon", "coordinates": [ [ [ 3.114508420004018, 50.627530026269106 ], [ 3.114245013538576, 50.629318844179302 ], [ 3.117061134580148, 50.629487682540827 ], [ 3.117324434940104, 50.627698857230996 ], [ 3.114508420004018, 50.627530026269106 ] ] ] } },
{ "type": "Feature", "properties": { "idcar_200m": "CRS3035RES200mN3080200E3834800", "population": 124.0, "median_education": 4.5373629224396428, "median_healthcare": 5.5074328759255415, "median_services": 0.20352478955587694, "median_commerce": 9.4824596152041813, "median_entertainment": 9.9108415302570556, "PC1_pos": 1.3805944435973867, "nivvie": 26977.160483870968, "rel_education": 0.79079540915768609, "rel_sante": 0.34942187097162974, "rel_services": 0.30457121546122906, "rel_commerce": 0.25352664204395198, "rel_loisirs": 2.0391239601523692, "rel_pc1": 0.66652666191244581, "q_revenu": 4, "q_population": 2 }, "geometry": { "type": "Polygon", "coordinates": [ [ [ 3.117324434940104, 50.627698857230996 ], [ 3.117061134580148, 50.629487682540827 ], [ 3.119877274210714, 50.629656452064218 ], [ 3.1201404684625, 50.627867619357716 ], [ 3.117324434940104, 50.627698857230996 ] ] ] } },
{ "type": "Feature", "properties": { "idcar_200m": "CRS3035RES200mN3080200E3835000", "population": 9.0, "median_education": 5.2684121539447375, "median_healthcare": 5.1883546045321367, "median_services": 0.23186445492462227, "median_commerce": 8.3250382006071248, "median_entertainment": 7.2376208164208542, "PC1_pos": 1.1943395830013614, "nivvie": 23435.466666666667, "rel_education": 0.91820650366886658, "rel_sante": 0.32917778827676075, "rel_services": 0.34698101893508815, "rel_commerce": 0.22258138347390174, "rel_loisirs": 1.4891173444964294, "rel_pc1": 0.57660609829308374, "q_revenu": 3, "q_population": 1 }, "geometry": { "type": "Polygon", "coordinates": [ [ [ 3.1201404684625, 50.627867619357716 ], [ 3.119877274210714, 50.629656452064218 ], [ 3.122693432422944, 50.629825152748801 ], [ 3.12295652056388, 50.628036312648504 ], [ 3.1201404684625, 50.627867619357716 ] ] ] } },
{ "type": "Feature", "properties": { "idcar_200m": "CRS3035RES200mN3080400E3828600", "population": 435.5, "median_education": 3.1795880064925335, "median_healthcare": 7.1303235359424137, "median_services": 0.36231641645871021, "median_commerce": 15.616090317948299, "median_entertainment": 3.637060398438432, "PC1_pos": 1.0373312322728323, "nivvie": 24797.195177956371, "rel_education": 0.55415527510750529, "rel_sante": 0.45238699166957019, "rel_services": 0.54220005132146198, "rel_commerce": 0.41751772228130424, "rel_loisirs": 0.74831354939289108, "rel_pc1": 0.50080523411549072, "q_revenu": 3, "q_population": 4 }, "geometry": { "type": "Polygon", "coordinates": [ [ [ 3.029770062508459, 50.624221687248692 ], [ 3.029503448841747, 50.626010280102875 ], [ 3.032319114841927, 50.626181190755169 ], [ 3.032585622474241, 50.624392590412079 ], [ 3.029770062508459, 50.624221687248692 ] ] ] } },
{ "type": "Feature", "properties": { "idcar_200m": "CRS3035RES200mN3080400E3828800", "population": 303.0, "median_education": 4.9273609469533159, "median_healthcare": 11.819049012528657, "median_services": 0.59660338720204575, "median_commerce": 27.293448862154456, "median_entertainment": 5.1923419903372654, "PC1_pos": 1.7937757802255991, "nivvie": 30661.108580858086, "rel_education": 0.85876631045824914, "rel_sante": 0.74986555662180898, "rel_services": 0.89280632194696885, "rel_commerce": 0.72972801579090552, "rel_loisirs": 1.068307764731997, "rel_pc1": 0.86600332817348791, "q_revenu": 5, "q_population": 4 }, "geometry": { "type": "Polygon", "coordinates": [ [ [ 3.032585622474241, 50.624392590412079 ], [ 3.032319114841927, 50.626181190755169 ], [ 3.035134799653501, 50.626352032588471 ], [ 3.035401201248701, 50.624563424759437 ], [ 3.032585622474241, 50.624392590412079 ] ] ] } },
{ "type": "Feature", "properties": { "idcar_200m": "CRS3035RES200mN3080400E3829000", "population": 216.0, "median_education": 6.3893540160960152, "median_healthcare": 16.848726895177307, "median_services": 0.88030728929949398, "median_commerce": 41.505852334908852, "median_entertainment": 7.4578089529845348, "PC1_pos": 2.6018468388535059, "nivvie": 35720.508333333331, "rel_education": 1.1135701308845798, "rel_sante": 1.0689760198327414, "rel_services": 1.3173641484479532, "rel_commerce": 1.1097162334094455, "rel_loisirs": 1.5344203496587627, "rel_pc1": 1.2561257915754798, "q_revenu": 5, "q_population": 3 }, "geometry": { "type": "Polygon", "coordinates": [ [ [ 3.035401201248701, 50.624563424759437 ], [ 3.035134799653501, 50.626352032588471 ], [ 3.03795050326915, 50.626522805602072 ], [ 3.038216798824525, 50.624734190289999 ], [ 3.035401201248701, 50.624563424759437 ] ] ] } },
{ "type": "Feature", "properties": { "idcar_200m": "CRS3035RES200mN3080400E3829200", "population": 227.0, "median_education": 9.1414971482864278, "median_healthcare": 24.88446942960708, "median_services": 1.467074764693977, "median_commerce": 69.770963940700469, "median_entertainment": 11.150443603159797, "PC1_pos": 3.9955028035813469, "nivvie": 28367.348898678414, "rel_education": 1.59322807129699, "rel_sante": 1.5788077788907011, "rel_services": 2.1954512039068641, "rel_commerce": 1.8654229933859374, "rel_loisirs": 2.2941681236770948, "rel_pc1": 1.9289583256569429, "q_revenu": 4, "q_population": 3 }, "geometry": { "type": "Polygon", "coordinates": [ [ [ 3.038216798824525, 50.624734190289999 ], [ 3.03795050326915, 50.626522805602072 ], [ 3.040766225681551, 50.626693509795189 ], [ 3.041032415194388, 50.62490488700309 ], [ 3.038216798824525, 50.624734190289999 ] ] ] } },
{ "type": "Feature", "properties": { "idcar_200m": "CRS3035RES200mN3080400E3829400", "population": 469.0, "median_education": 9.6908316551250984, "median_healthcare": 27.183787503666451, "median_services": 1.7333395019768227, "median_commerce": 100.44636297846941, "median_entertainment": 12.861943108983098, "PC1_pos": 4.9517749025843614, "nivvie": 28003.014925373136, "rel_education": 1.6889689704768927, "rel_sante": 1.7246891798077646, "rel_services": 2.5939116314826238, "rel_commerce": 2.6855721136557604, "rel_loisirs": 2.6463036753816245, "rel_pc1": 2.3906296390425572, "q_revenu": 4, "q_population": 5 }, "geometry": { "type": "Polygon", "coordinates": [ [ [ 3.041032415194388, 50.62490488700309 ], [ 3.040766225681551, 50.626693509795189 ], [ 3.04358196688339, 50.62686414516714 ], [ 3.043848050350983, 50.625075514897937 ], [ 3.041032415194388, 50.62490488700309 ] ] ] } },
{ "type": "Feature", "properties": { "idcar_200m": "CRS3035RES200mN3080400E3829600", "population": 578.5, "median_education": 10.007185841117019, "median_healthcare": 28.041057373492663, "median_services": 1.6604663552543433, "median_commerce": 154.00092810636852, "median_entertainment": 13.710691908300648, "PC1_pos": 6.0491835525203665, "nivvie": 25393.007433016424, "rel_education": 1.7441048373287591, "rel_sante": 1.7790791013176006, "rel_services": 2.4848582679086668, "rel_commerce": 4.1174273088237108, "rel_loisirs": 2.8209310274137662, "rel_pc1": 2.9204391914334531, "q_revenu": 4, "q_population": 5 }, "geometry": { "type": "Polygon", "coordinates": [ [ [ 3.043848050350983, 50.625075514897937 ], [ 3.04358196688339, 50.62686414516714 ], [ 3.046397726867348, 50.627034711717123 ], [ 3.046663704286984, 50.625246073973798 ], [ 3.043848050350983, 50.625075514897937 ] ] ] } },
{ "type": "Feature", "properties": { "idcar_200m": "CRS3035RES200mN3080400E3829800", "population": 485.0, "median_education": 11.436260262379406, "median_healthcare": 33.911952369095616, "median_services": 1.9336737039673468, "median_commerce": 232.02432905531964, "median_entertainment": 15.66055400422804, "PC1_pos": 7.8934448452813992, "nivvie": 26173.806804123713, "rel_education": 1.9931714231400917, "rel_sante": 2.1515610107402035, "rel_services": 2.8937081895916181, "rel_commerce": 6.2034905926282198, "rel_loisirs": 3.2221089199933219, "rel_pc1": 3.8108160351612268, "q_revenu": 4, "q_population": 5 }, "geometry": { "type": "Polygon", "coordinates": [ [ [ 3.046663704286984, 50.625246073973798 ], [ 3.046397726867348, 50.627034711717123 ], [ 3.049213505626099, 50.627205209444462 ], [ 3.049479376995071, 50.625416564229909 ], [ 3.046663704286984, 50.625246073973798 ] ] ] } },
{ "type": "Feature", "properties": { "idcar_200m": "CRS3035RES200mN3080400E3830000", "population": 277.5, "median_education": 11.2690742857252, "median_healthcare": 36.82194373003005, "median_services": 1.9091632761216315, "median_commerce": 221.44092938723125, "median_entertainment": 13.020817162259378, "PC1_pos": 7.566895113134839, "nivvie": 21532.881081081083, "rel_education": 1.96403337421748, "rel_sante": 2.3361868879422216, "rel_services": 2.8570287717342921, "rel_commerce": 5.9205287991545807, "rel_loisirs": 2.6789915039270764, "rel_pc1": 3.6531635805063223, "q_revenu": 2, "q_population": 3 }, "geometry": { "type": "Polygon", "coordinates": [ [ [ 3.049479376995071, 50.625416564229909 ], [ 3.049213505626099, 50.627205209444462 ], [ 3.05202930315233, 50.627375638348369 ], [ 3.052295068467929, 50.625586985665578 ], [ 3.049479376995071, 50.625416564229909 ] ] ] } },
{ "type": "Feature", "properties": { "idcar_200m": "CRS3035RES200mN3080400E3830200", "population": 371.5, "median_education": 10.778047375605047, "median_healthcare": 36.208201832223821, "median_services": 1.5622261116503642, "median_commerce": 177.99209029453297, "median_entertainment": 11.377242807780693, "PC1_pos": 6.3797197761620126, "nivvie": 22324.110632570657, "rel_education": 1.8784546288243038, "rel_sante": 2.2972477220810146, "rel_services": 2.3378434965534733, "rel_commerce": 4.7588641337741322, "rel_loisirs": 2.3408313349567909, "rel_pc1": 3.0800162539131133, "q_revenu": 2, "q_population": 4 }, "geometry": { "type": "Polygon", "coordinates": [ [ [ 3.052295068467929, 50.625586985665578 ], [ 3.05202930315233, 50.627375638348369 ], [ 3.054845119438717, 50.627545998428126 ], [ 3.055110778698238, 50.625757338280032 ], [ 3.052295068467929, 50.625586985665578 ] ] ] } },
{ "type": "Feature", "properties": { "idcar_200m": "CRS3035RES200mN3080400E3830400", "population": 815.0, "median_education": 11.353590521599269, "median_healthcare": 39.249789632710346, "median_services": 1.4036941703368955, "median_commerce": 149.52965081738066, "median_entertainment": 11.83839077909068, "PC1_pos": 5.9798387842245244, "nivvie": 17754.0381595092, "rel_education": 1.9787633071038198, "rel_sante": 2.4902228021071835, "rel_services": 2.1006032755433681, "rel_commerce": 3.9978815408768713, "rel_loisirs": 2.4357110557759634, "rel_pc1": 2.8869607596262927, "q_revenu": 1, "q_population": 5 }, "geometry": { "type": "Polygon", "coordinates": [ [ [ 3.055110778698238, 50.625757338280032 ], [ 3.054845119438717, 50.627545998428126 ], [ 3.057660954477941, 50.627716289682972 ], [ 3.057926507678675, 50.625927622072538 ], [ 3.055110778698238, 50.625757338280032 ] ] ] } },
{ "type": "Feature", "properties": { "idcar_200m": "CRS3035RES200mN3080400E3830600", "population": 436.0, "median_education": 11.600445835062413, "median_healthcare": 37.362990966158442, "median_services": 1.250922870397543, "median_commerce": 122.27983374006701, "median_entertainment": 11.03867403851326, "PC1_pos": 5.3400722797834703, "nivvie": 29065.933944954126, "rel_education": 2.0217865459211093, "rel_sante": 2.3705139041385364, "rel_services": 1.8719837515450592, "rel_commerce": 3.2693200810583569, "rel_loisirs": 2.2711718930754095, "rel_pc1": 2.5780927683157002, "q_revenu": 4, "q_population": 5 }, "geometry": { "type": "Polygon", "coordinates": [ [ [ 3.057926507678675, 50.625927622072538 ], [ 3.057660954477941, 50.627716289682972 ], [ 3.060476808262674, 50.627886512112205 ], [ 3.060742255401923, 50.626097837042366 ], [ 3.057926507678675, 50.625927622072538 ] ] ] } },
{ "type": "Feature", "properties": { "idcar_200m": "CRS3035RES200mN3080400E3830800", "population": 294.0, "median_education": 12.148808987765937, "median_healthcare": 41.865242114372819, "median_services": 1.3143109190105942, "median_commerce": 116.73870714430953, "median_entertainment": 11.629351771835779, "PC1_pos": 5.2731024591967302, "nivvie": 30492.753741496599, "rel_education": 2.1173581524074652, "rel_sante": 2.65616151078846, "rel_services": 1.966842835069585, "rel_commerce": 3.1211704156793099, "rel_loisirs": 2.3927019483254401, "rel_pc1": 2.5457609193997759, "q_revenu": 5, "q_population": 3 }, "geometry": { "type": "Polygon", "coordinates": [ [ [ 3.060742255401923, 50.626097837042366 ], [ 3.060476808262674, 50.627886512112205 ], [ 3.063292680785604, 50.628056665715057 ], [ 3.063558021860661, 50.626267983188754 ], [ 3.060742255401923, 50.626097837042366 ] ] ] } },
{ "type": "Feature", "properties": { "idcar_200m": "CRS3035RES200mN3080400E3831000", "population": 275.5, "median_education": 11.668647252549519, "median_healthcare": 40.810505187398661, "median_services": 1.2342920610792039, "median_commerce": 98.390931892404339, "median_entertainment": 11.465948990523756, "PC1_pos": 4.8969988066140129, "nivvie": 31049.425771324866, "rel_education": 2.0336730466857103, "rel_sante": 2.5892431917260161, "rel_services": 1.8470960421940574, "rel_commerce": 2.6306173274136673, "rel_loisirs": 2.3590823484648578, "rel_pc1": 2.3641847054351328, "q_revenu": 5, "q_population": 3 }, "geometry": { "type": "Polygon", "coordinates": [ [ [ 3.063558021860661, 50.626267983188754 ], [ 3.063292680785604, 50.628056665715057 ], [ 3.066108572039399, 50.628226750490811 ], [ 3.066373807047563, 50.62643806051102 ], [ 3.063558021860661, 50.626267983188754 ] ] ] } },
{ "type": "Feature", "properties": { "idcar_200m": "CRS3035RES200mN3080400E3831200", "population": 250.0, "median_education": 11.880693334284013, "median_healthcare": 41.092937253663038, "median_services": 1.261153409915702, "median_commerce": 80.49354139352522, "median_entertainment": 10.30684817780168, "PC1_pos": 4.5728759522497082, "nivvie": 30911.7328, "rel_education": 2.0706295500185652, "rel_sante": 2.6071622373575796, "rel_services": 1.8872935713594872, "rel_commerce": 2.152105896976908, "rel_loisirs": 2.120601061861906, "rel_pc1": 2.2077039045954221, "q_revenu": 5, "q_population": 3 }, "geometry": { "type": "Polygon", "coordinates": [ [ [ 3.066373807047563, 50.62643806051102 ], [ 3.066108572039399, 50.628226750490811 ], [ 3.068924482016744, 50.628396766438719 ], [ 3.069189610955317, 50.626608069008348 ], [ 3.066373807047563, 50.62643806051102 ] ] ] } },
{ "type": "Feature", "properties": { "idcar_200m": "CRS3035RES200mN3080400E3831400", "population": 90.0, "median_education": 11.82153438624246, "median_healthcare": 39.10834677686131, "median_services": 1.2385610293070026, "median_commerce": 71.339911540288909, "median_entertainment": 9.3199029258152759, "PC1_pos": 4.0905705425387549, "nivvie": 27593.226666666666, "rel_education": 2.0603190182578164, "rel_sante": 2.4812488884091368, "rel_services": 1.8534844769628307, "rel_commerce": 1.9073709723500443, "rel_loisirs": 1.9175402315035486, "rel_pc1": 1.9748553542859555, "q_revenu": 4, "q_population": 2 }, "geometry": { "type": "Polygon", "coordinates": [ [ [ 3.069189610955317, 50.626608069008348 ], [ 3.068924482016744, 50.628396766438719 ], [ 3.071740410710315, 50.628566713558037 ], [ 3.072005433576592, 50.626778008680084 ], [ 3.069189610955317, 50.626608069008348 ] ] ] } },
{ "type": "Feature", "properties": { "idcar_200m": "CRS3035RES200mN3080400E3831800", "population": 186.5, "median_education": 9.2098748556484313, "median_healthcare": 17.263051731087007, "median_services": 0.87702552665245903, "median_commerce": 36.369167759455898, "median_entertainment": 5.8269231376212982, "PC1_pos": 2.4819442476497979, "nivvie": 12920.805361930295, "rel_education": 1.6051452967856503, "rel_sante": 1.0952630691014535, "rel_services": 1.3124530492130944, "rel_commerce": 0.9723798835065719, "rel_loisirs": 1.198870807046557, "rel_pc1": 1.1982389340408235, "q_revenu": 1, "q_population": 3 }, "geometry": { "type": "Polygon", "coordinates": [ [ [ 3.07482127490407, 50.626947879525446 ], [ 3.074556358112783, 50.628736591848018 ], [ 3.077372324216833, 50.628906401307965 ], [ 3.077637134930425, 50.62711768154368 ], [ 3.07482127490407, 50.626947879525446 ] ] ] } },
{ "type": "Feature", "properties": { "idcar_200m": "CRS3035RES200mN3080400E3832000", "population": 523.0, "median_education": 7.752735876464091, "median_healthcare": 13.821451020486938, "median_services": 0.76407089326267597, "median_commerce": 28.129960586838088, "median_entertainment": 4.4695622564828419, "PC1_pos": 1.9543857089003001, "nivvie": 24237.370936902487, "rel_education": 1.3511874726175701, "rel_sante": 0.87690896719457012, "rel_services": 1.1434184561368606, "rel_commerce": 0.7520933109986373, "rel_loisirs": 0.91959814519912553, "rel_pc1": 0.94354297069921345, "q_revenu": 3, "q_population": 5 }, "geometry": { "type": "Polygon", "coordinates": [ [ [ 3.077637134930425, 50.62711768154368 ], [ 3.077372324216833, 50.628906401307965 ], [ 3.080188309015134, 50.629076141937098 ], [ 3.080453013648339, 50.627287414734077 ], [ 3.077637134930425, 50.62711768154368 ] ] ] } },
{ "type": "Feature", "properties": { "idcar_200m": "CRS3035RES200mN3080400E3832200", "population": 164.0, "median_education": 6.0318159627409287, "median_healthcare": 9.8631655963120259, "median_services": 0.56084177896257614, "median_commerce": 19.767646170378459, "median_entertainment": 3.088716026174914, "PC1_pos": 1.4136629568115964, "nivvie": 25470.551829268294, "rel_education": 1.0512565236141358, "rel_sante": 0.62577354168609434, "rel_services": 0.83928971341927294, "rel_commerce": 0.52851529645888451, "rel_loisirs": 0.63549344784211503, "rel_pc1": 0.68249155720033561, "q_revenu": 4, "q_population": 2 }, "geometry": { "type": "Polygon", "coordinates": [ [ [ 3.080453013648339, 50.627287414734077 ], [ 3.080188309015134, 50.629076141937098 ], [ 3.083004312500366, 50.629245813734713 ], [ 3.083268911050485, 50.627457079095883 ], [ 3.080453013648339, 50.627287414734077 ] ] ] } },
{ "type": "Feature", "properties": { "idcar_200m": "CRS3035RES200mN3080400E3832400", "population": 13.0, "median_education": 3.2449591804418545, "median_healthcare": 5.1102244426029042, "median_services": 0.20859335979407373, "median_commerce": 19.271651677953752, "median_entertainment": 2.5640578280054638, "PC1_pos": 0.89807411252829872, "nivvie": 17708.346153846152, "rel_education": 0.56554850618336028, "rel_sante": 0.32422078054272807, "rel_services": 0.31215624036884299, "rel_commerce": 0.51525419931325511, "rel_loisirs": 0.52754670088712174, "rel_pc1": 0.43357435135964661, "q_revenu": 1, "q_population": 1 }, "geometry": { "type": "Polygon", "coordinates": [ [ [ 3.083268911050485, 50.627457079095883 ], [ 3.083004312500366, 50.629245813734713 ], [ 3.0858203346652, 50.629415416700077 ], [ 3.086084827129543, 50.627626674628402 ], [ 3.083268911050485, 50.627457079095883 ] ] ] } },
{ "type": "Feature", "properties": { "idcar_200m": "CRS3035RES200mN3080400E3832600", "population": 333.5, "median_education": 4.6570000529524505, "median_healthcare": 7.2153603032795202, "median_services": 0.30500964716643864, "median_commerce": 27.4190247739099, "median_entertainment": 3.8668761772334181, "PC1_pos": 1.2740849808405259, "nivvie": 17248.64647676162, "rel_education": 0.81164639577514142, "rel_sante": 0.45778219248521651, "rel_services": 0.45644149377380039, "rel_commerce": 0.73308546106574946, "rel_loisirs": 0.79559741116499816, "rel_pc1": 0.61510577071398664, "q_revenu": 1, "q_population": 4 }, "geometry": { "type": "Polygon", "coordinates": [ [ [ 3.086084827129543, 50.627626674628402 ], [ 3.0858203346652, 50.629415416700077 ], [ 3.088636375502314, 50.629584950832381 ], [ 3.088900761878182, 50.627796201330845 ], [ 3.086084827129543, 50.627626674628402 ] ] ] } },
{ "type": "Feature", "properties": { "idcar_200m": "CRS3035RES200mN3080400E3832800", "population": 316.5, "median_education": 5.3072354686402914, "median_healthcare": 9.2397361523208019, "median_services": 0.40583341971467179, "median_commerce": 35.077700434826781, "median_entertainment": 3.9952666881664554, "PC1_pos": 1.6251623484473108, "nivvie": 25150.908372827806, "rel_education": 0.92497283458713941, "rel_sante": 0.5862197445457874, "rel_services": 0.60732247008833973, "rel_commerce": 0.93785072257055069, "rel_loisirs": 0.82201334832840578, "rel_pc1": 0.78459973542546535, "q_revenu": 3, "q_population": 4 }, "geometry": { "type": "Polygon", "coordinates": [ [ [ 3.088900761878182, 50.627796201330845 ], [ 3.088636375502314, 50.629584950832381 ], [ 3.091452435004381, 50.629754416130986 ], [ 3.091716715289082, 50.627965659202509 ], [ 3.088900761878182, 50.627796201330845 ] ] ] } },
{ "type": "Feature", "properties": { "idcar_200m": "CRS3035RES200mN3080400E3833000", "population": 253.0, "median_education": 4.8628929407030164, "median_healthcare": 8.7002436033788051, "median_services": 0.32264901826035541, "median_commerce": 30.402658892662899, "median_entertainment": 3.314774701244132, "PC1_pos": 1.4428341276108785, "nivvie": 22581.89604743083, "rel_education": 0.84753048818620691, "rel_sante": 0.55199136626620893, "rel_services": 0.48283849782313232, "rel_commerce": 0.8128570361539631, "rel_loisirs": 0.68200429753400649, "rel_pc1": 0.69657488426795744, "q_revenu": 3, "q_population": 3 }, "geometry": { "type": "Polygon", "coordinates": [ [ [ 3.091716715289082, 50.627965659202509 ], [ 3.091452435004381, 50.629754416130986 ], [ 3.094268513164073, 50.629923812595116 ], [ 3.094532687354916, 50.628135048242655 ], [ 3.091716715289082, 50.627965659202509 ] ] ] } },
{ "type": "Feature", "properties": { "idcar_200m": "CRS3035RES200mN3080400E3833200", "population": 178.5, "median_education": 5.1380656805300902, "median_healthcare": 10.594622906579826, "median_services": 0.34526560334372136, "median_commerce": 33.24796579835261, "median_entertainment": 3.1035114572317806, "PC1_pos": 1.5084203390576327, "nivvie": 22563.595518207283, "rel_education": 0.89548903659863821, "rel_sante": 0.67218122157029059, "rel_services": 0.5166838137841735, "rel_commerce": 0.88893024233217333, "rel_loisirs": 0.63853756048146382, "rel_pc1": 0.72823875107969238, "q_revenu": 3, "q_population": 2 }, "geometry": { "type": "Polygon", "coordinates": [ [ [ 3.094532687354916, 50.628135048242655 ], [ 3.094268513164073, 50.629923812595116 ], [ 3.09708460997407, 50.630093140224048 ], [ 3.097348678068364, 50.628304368450529 ], [ 3.094532687354916, 50.628135048242655 ] ] ] } },
{ "type": "Feature", "properties": { "idcar_200m": "CRS3035RES200mN3080400E3833400", "population": 506.0, "median_education": 5.20213963532977, "median_healthcare": 12.252372278241001, "median_services": 0.40677847903881764, "median_commerce": 33.605306015707598, "median_entertainment": 2.9298812129253848, "PC1_pos": 1.5806743836064201, "nivvie": 18042.535375494073, "rel_education": 0.90665618151701732, "rel_sante": 0.77735797090117476, "rel_services": 0.60873673450136867, "rel_commerce": 0.89848422611376577, "rel_loisirs": 0.60281369280671782, "rel_pc1": 0.76312173018055618, "q_revenu": 1, "q_population": 5 }, "geometry": { "type": "Polygon", "coordinates": [ [ [ 3.097348678068364, 50.628304368450529 ], [ 3.09708460997407, 50.630093140224048 ], [ 3.099900725427037, 50.630262399016992 ], [ 3.100164687422094, 50.628473619825435 ], [ 3.097348678068364, 50.628304368450529 ] ] ] } },
{ "type": "Feature", "properties": { "idcar_200m": "CRS3035RES200mN3080400E3833600", "population": 745.0, "median_education": 5.3415598375954279, "median_healthcare": 11.630356495519971, "median_services": 0.39740734180653303, "median_commerce": 27.461515450678267, "median_entertainment": 2.8291432495632471, "PC1_pos": 1.4094144126429284, "nivvie": 19048.979597315436, "rel_education": 0.93095506564424024, "rel_sante": 0.73789386421685332, "rel_services": 0.5947129948708344, "rel_commerce": 0.73422150793928276, "rel_loisirs": 0.58208717890156014, "rel_pc1": 0.68044043496392337, "q_revenu": 1, "q_population": 5 }, "geometry": { "type": "Polygon", "coordinates": [ [ [ 3.100164687422094, 50.628473619825435 ], [ 3.099900725427037, 50.630262399016992 ], [ 3.102716859515653, 50.630431588973273 ], [ 3.102980715408783, 50.628642802366585 ], [ 3.100164687422094, 50.628473619825435 ] ] ] } },
{ "type": "Feature", "properties": { "idcar_200m": "CRS3035RES200mN3080400E3833800", "population": 466.0, "median_education": 5.97575279515552, "median_healthcare": 10.450420242383608, "median_services": 0.38608719694707971, "median_commerce": 21.306865894283725, "median_entertainment": 3.0877372958890321, "PC1_pos": 1.3442887026966794, "nivvie": 23380.846566523604, "rel_education": 1.0414855407090386, "rel_sante": 0.66303221043248917, "rel_services": 0.57777260010828724, "rel_commerce": 0.5696684596470325, "rel_loisirs": 0.63529207721476955, "rel_pc1": 0.64899889015946644, "q_revenu": 3, "q_population": 5 }, "geometry": { "type": "Polygon", "coordinates": [ [ [ 3.102980715408783, 50.628642802366585 ], [ 3.102716859515653, 50.630431588973273 ], [ 3.105533012232588, 50.63060071009216 ], [ 3.1057967620211, 50.628811916073296 ], [ 3.102980715408783, 50.628642802366585 ] ] ] } },
{ "type": "Feature", "properties": { "idcar_200m": "CRS3035RES200mN3080400E3834000", "population": 291.0, "median_education": 6.6216059094592392, "median_healthcare": 9.0193332940012017, "median_services": 0.40829890830614007, "median_commerce": 18.528089918087268, "median_entertainment": 3.8286684622342375, "PC1_pos": 1.3462450695806543, "nivvie": 19276.529209621993, "rel_education": 1.1540482090500941, "rel_sante": 0.57223617345985067, "rel_services": 0.61101202976629299, "rel_commerce": 0.49537404967054216, "rel_loisirs": 0.78773629595297012, "rel_pc1": 0.64994338960656983, "q_revenu": 2, "q_population": 3 }, "geometry": { "type": "Polygon", "coordinates": [ [ [ 3.1057967620211, 50.628811916073296 ], [ 3.105533012232588, 50.63060071009216 ], [ 3.108349183570511, 50.6307697623729 ], [ 3.108612827251723, 50.628980960944794 ], [ 3.1057967620211, 50.628811916073296 ] ] ] } },
{ "type": "Feature", "properties": { "idcar_200m": "CRS3035RES200mN3080400E3834200", "population": 275.0, "median_education": 6.0333699552212012, "median_healthcare": 8.9553616290956501, "median_services": 0.46543045143239065, "median_commerce": 18.292162908517142, "median_entertainment": 5.6514776008774472, "PC1_pos": 1.5333653332820647, "nivvie": 21051.214909090908, "rel_education": 1.0515273615744822, "rel_sante": 0.56817745874756076, "rel_services": 0.69650836448359532, "rel_commerce": 0.48906621552929469, "rel_loisirs": 1.1627734487562462, "rel_pc1": 0.74028175459092804, "q_revenu": 2, "q_population": 3 }, "geometry": { "type": "Polygon", "coordinates": [ [ [ 3.108612827251723, 50.628980960944794 ], [ 3.108349183570511, 50.6307697623729 ], [ 3.111165373522103, 50.630938745814731 ], [ 3.111428911093326, 50.629149936980369 ], [ 3.108612827251723, 50.628980960944794 ] ] ] } },
{ "type": "Feature", "properties": { "idcar_200m": "CRS3035RES200mN3080400E3834400", "population": 364.0, "median_education": 5.4568344615354967, "median_healthcare": 8.2506980349146986, "median_services": 0.37762069180937052, "median_commerce": 16.308288700020562, "median_entertainment": 7.5213102184330056, "PC1_pos": 1.5477522097886884, "nivvie": 23991.502747252747, "rel_education": 0.95104573173430718, "rel_sante": 0.52346971976437395, "rel_services": 0.56510262626319518, "rel_commerce": 0.43602460114569247, "rel_loisirs": 1.5474855320129208, "rel_pc1": 0.74722748497379132, "q_revenu": 3, "q_population": 4 }, "geometry": { "type": "Polygon", "coordinates": [ [ [ 3.111428911093326, 50.629149936980369 ], [ 3.111165373522103, 50.630938745814731 ], [ 3.113981582080025, 50.631107660416973 ], [ 3.114245013538576, 50.629318844179302 ], [ 3.111428911093326, 50.629149936980369 ] ] ] } },
{ "type": "Feature", "properties": { "idcar_200m": "CRS3035RES200mN3080400E3834600", "population": 198.0, "median_education": 4.4933618656217016, "median_healthcare": 6.439674007037933, "median_services": 0.28386950536268024, "median_commerce": 13.007222792282656, "median_entertainment": 8.5382981351676897, "PC1_pos": 1.4459141131573479, "nivvie": 26650.706565656568, "rel_education": 0.78312667418441984, "rel_sante": 0.40856838216270036, "rel_services": 0.42480564883204347, "rel_commerce": 0.34776604917541443, "rel_loisirs": 1.7567275445976334, "rel_pc1": 0.69806184699951646, "q_revenu": 4, "q_population": 3 }, "geometry": { "type": "Polygon", "coordinates": [ [ [ 3.114245013538576, 50.629318844179302 ], [ 3.113981582080025, 50.631107660416973 ], [ 3.116797809236952, 50.631276506178885 ], [ 3.117061134580148, 50.629487682540827 ], [ 3.114245013538576, 50.629318844179302 ] ] ] } },
{ "type": "Feature", "properties": { "idcar_200m": "CRS3035RES200mN3080400E3834800", "population": 79.0, "median_education": 3.830205851076244, "median_healthcare": 4.774008990060719, "median_services": 0.19141456854524486, "median_commerce": 8.8430493090007047, "median_entertainment": 10.398002242583742, "PC1_pos": 1.391703137065037, "nivvie": 24791.85316455696, "rel_education": 0.66754836563336262, "rel_sante": 0.30288942070166591, "rel_services": 0.28644848583816424, "rel_commerce": 0.23643112522676046, "rel_loisirs": 2.139355719273683, "rel_pc1": 0.6718897433079557, "q_revenu": 3, "q_population": 2 }, "geometry": { "type": "Polygon", "coordinates": [ [ [ 3.117061134580148, 50.629487682540827 ], [ 3.116797809236952, 50.631276506178885 ], [ 3.119614054985559, 50.631445283099694 ], [ 3.119877274210714, 50.629656452064218 ], [ 3.117061134580148, 50.629487682540827 ] ] ] } },
{ "type": "Feature", "properties": { "idcar_200m": "CRS3035RES200mN3080600E3827400", "population": 3.0, "median_education": 2.8431378716538465, "median_healthcare": 3.9415252222145334, "median_services": 0.43318408516687767, "median_commerce": 4.8620606118849654, "median_entertainment": 1.2740146663240637, "PC1_pos": 0.57173728256828804, "nivvie": 24828.266666666666, "rel_education": 0.49551698088486423, "rel_sante": 0.25007206599801163, "rel_services": 0.64825225283681798, "rel_commerce": 0.12999389930107447, "rel_loisirs": 0.26212444460501261, "rel_pc1": 0.27602468212762488, "q_revenu": 3, "q_population": 1 }, "geometry": { "type": "Polygon", "coordinates": [ [ [ 3.012609848289671, 50.624983371032314 ], [ 3.012342573122061, 50.626771917192812 ], [ 3.015158232128175, 50.626943248250697 ], [ 3.015425401267837, 50.625154694582847 ], [ 3.012609848289671, 50.624983371032314 ] ] ] } },
{ "type": "Feature", "properties": { "idcar_200m": "CRS3035RES200mN3080600E3828200", "population": 104.0, "median_education": 3.1527281757783605, "median_healthcare": 5.2834250684915673, "median_services": 1.2237309687081803, "median_commerce": 6.8908643788452384, "median_entertainment": 2.513622799597135, "PC1_pos": 0.9693878119162842, "nivvie": 12327.384615384615, "rel_education": 0.54947400292747428, "rel_sante": 0.33520958206149432, "rel_services": 1.8312915559343734, "rel_commerce": 0.18423676742558934, "rel_loisirs": 0.51716985503155888, "rel_pc1": 0.46800334839214747, "q_revenu": 1, "q_population": 2 }, "geometry": { "type": "Polygon", "coordinates": [ [ [ 3.02387217330483, 50.62566825234439 ], [ 3.02360532226534, 50.627456828516515 ], [ 3.026421056659607, 50.627627884300047 ], [ 3.026687801660275, 50.625839300632379 ], [ 3.02387217330483, 50.62566825234439 ] ] ] } },
{ "type": "Feature", "properties": { "idcar_200m": "CRS3035RES200mN3080600E3828600", "population": 215.0, "median_education": 2.3732478899710117, "median_healthcare": 6.0751620089748677, "median_services": 0.3446863849833659, "median_commerce": 9.7889913952488001, "median_entertainment": 2.8163486995356664, "PC1_pos": 0.85122863104140167, "nivvie": 22413.223255813955, "rel_education": 0.41362209024557178, "rel_sante": 0.38544173364528223, "rel_services": 0.51581702384464878, "rel_commerce": 0.26172219214678194, "rel_loisirs": 0.57945474113722317, "rel_pc1": 0.41095817863351014, "q_revenu": 2, "q_population": 3 }, "geometry": { "type": "Polygon", "coordinates": [ [ [ 3.029503448841747, 50.626010280102875 ], [ 3.02923680988262, 50.627798871263124 ], [ 3.032052581927054, 50.627969789405043 ], [ 3.032319114841927, 50.626181190755169 ], [ 3.029503448841747, 50.626010280102875 ] ] ] } },
{ "type": "Feature", "properties": { "idcar_200m": "CRS3035RES200mN3080600E3828800", "population": 462.0, "median_education": 4.5140802350076443, "median_healthcare": 10.861988550962835, "median_services": 0.53020946642833566, "median_commerce": 22.462416417935895, "median_entertainment": 5.0120457612302429, "PC1_pos": 1.6061242672777396, "nivvie": 23296.135064935064, "rel_education": 0.78673758027143548, "rel_sante": 0.68914437042721532, "rel_services": 0.79344900437689647, "rel_commerce": 0.60056369736615001, "rel_loisirs": 1.0312123919954987, "rel_pc1": 0.775408485417166, "q_revenu": 3, "q_population": 5 }, "geometry": { "type": "Polygon", "coordinates": [ [ [ 3.032319114841927, 50.626181190755169 ], [ 3.032052581927054, 50.627969789405043 ], [ 3.034868372785596, 50.628140638725021 ], [ 3.035134799653501, 50.626352032588471 ], [ 3.032319114841927, 50.626181190755169 ] ] ] } },
{ "type": "Feature", "properties": { "idcar_200m": "CRS3035RES200mN3080600E3829000", "population": 419.0, "median_education": 6.3309673243754014, "median_healthcare": 17.166576366527874, "median_services": 0.83596690103920435, "median_commerce": 34.408400695999987, "median_entertainment": 7.7453093127374668, "PC1_pos": 2.4652605308548816, "nivvie": 28043.186634844868, "rel_education": 1.1033941920060251, "rel_sante": 1.0891421406859154, "rel_services": 1.2510095487162505, "rel_commerce": 0.91995607052968387, "rel_loisirs": 1.5935726295468888, "rel_pc1": 1.1901843296527075, "q_revenu": 4, "q_population": 4 }, "geometry": { "type": "Polygon", "coordinates": [ [ [ 3.035134799653501, 50.626352032588471 ], [ 3.034868372785596, 50.628140638725021 ], [ 3.037684182450928, 50.628311419222364 ], [ 3.03795050326915, 50.626522805602072 ], [ 3.035134799653501, 50.626352032588471 ] ] ] } },
{ "type": "Feature", "properties": { "idcar_200m": "CRS3035RES200mN3080600E3829200", "population": 341.5, "median_education": 8.1424163782830661, "median_healthcare": 23.452690992185332, "median_services": 1.2601556836965013, "median_commerce": 62.16911844512849, "median_entertainment": 10.621029887881114, "PC1_pos": 3.6218314283273076, "nivvie": 32230.600585651537, "rel_education": 1.4191030343974551, "rel_sante": 1.4879678700453904, "rel_services": 1.8858004918779037, "rel_commerce": 1.6621771647678942, "rel_loisirs": 2.1852429442801395, "rel_pc1": 1.7485563723133295, "q_revenu": 5, "q_population": 4 }, "geometry": { "type": "Polygon", "coordinates": [ [ [ 3.03795050326915, 50.626522805602072 ], [ 3.037684182450928, 50.628311419222364 ], [ 3.040500010915723, 50.628482130896252 ], [ 3.040766225681551, 50.626693509795189 ], [ 3.03795050326915, 50.626522805602072 ] ] ] } },
{ "type": "Feature", "properties": { "idcar_200m": "CRS3035RES200mN3080600E3829400", "population": 306.5, "median_education": 8.9479315122082959, "median_healthcare": 25.473408942610313, "median_services": 1.5177842766814209, "median_commerce": 91.345974190910511, "median_entertainment": 12.564263660589921, "PC1_pos": 4.5885401996490511, "nivvie": 33020.722675367047, "rel_education": 1.55949243696537, "rel_sante": 1.6161733448737683, "rel_services": 2.2713370836326914, "rel_commerce": 2.4422606623836787, "rel_loisirs": 2.5850570805480446, "rel_pc1": 2.215266327129334, "q_revenu": 5, "q_population": 4 }, "geometry": { "type": "Polygon", "coordinates": [ [ [ 3.040766225681551, 50.626693509795189 ], [ 3.040500010915723, 50.628482130896252 ], [ 3.04331585817267, 50.62865277374604 ], [ 3.04358196688339, 50.62686414516714 ], [ 3.040766225681551, 50.626693509795189 ] ] ] } },
{ "type": "Feature", "properties": { "idcar_200m": "CRS3035RES200mN3080600E3829600", "population": 659.5, "median_education": 10.187701632794838, "median_healthcare": 29.039904610726559, "median_services": 1.7272171416220403, "median_commerce": 140.21531140020898, "median_entertainment": 15.811049713287945, "PC1_pos": 6.053124894773255, "nivvie": 28666.958908263834, "rel_education": 1.7755660763302294, "rel_sante": 1.8424514706795163, "rel_services": 2.5847496284715077, "rel_commerce": 3.7488498243054837, "rel_loisirs": 3.2530729310015993, "rel_pc1": 2.9223420019999127, "q_revenu": 4, "q_population": 5 }, "geometry": { "type": "Polygon", "coordinates": [ [ [ 3.04358196688339, 50.62686414516714 ], [ 3.04331585817267, 50.62865277374604 ], [ 3.04613172421444, 50.628823347770918 ], [ 3.046397726867348, 50.627034711717123 ], [ 3.04358196688339, 50.62686414516714 ] ] ] } },
{ "type": "Feature", "properties": { "idcar_200m": "CRS3035RES200mN3080600E3829800", "population": 327.0, "median_education": 11.475731914087808, "median_healthcare": 34.402429749949746, "median_services": 1.9726883732132707, "median_commerce": 186.42124880173319, "median_entertainment": 15.865115219110598, "PC1_pos": 7.1626551253009296, "nivvie": 27499.228440366969, "rel_education": 2.0000507496335724, "rel_sante": 2.1826795968307353, "rel_services": 2.9520929458612541, "rel_commerce": 4.9842293173136634, "rel_loisirs": 3.264196735978619, "rel_pc1": 3.45800363983584, "q_revenu": 4, "q_population": 4 }, "geometry": { "type": "Polygon", "coordinates": [ [ [ 3.046397726867348, 50.627034711717123 ], [ 3.04613172421444, 50.628823347770918 ], [ 3.048947609033718, 50.628993852970176 ], [ 3.049213505626099, 50.627205209444462 ], [ 3.046397726867348, 50.627034711717123 ] ] ] } },
{ "type": "Feature", "properties": { "idcar_200m": "CRS3035RES200mN3080600E3830000", "population": 313.5, "median_education": 11.168265377637086, "median_healthcare": 39.970702792705467, "median_services": 1.726402578554441, "median_commerce": 212.15896956751811, "median_entertainment": 13.532182217959823, "PC1_pos": 7.4522292466823536, "nivvie": 25731.991387559807, "rel_education": 1.9464638689605773, "rel_sante": 2.5359615030316558, "rel_services": 2.5835306493775607, "rel_commerce": 5.6723627957997556, "rel_loisirs": 2.7842032293168963, "rel_pc1": 3.5978049213748782, "q_revenu": 4, "q_population": 4 }, "geometry": { "type": "Polygon", "coordinates": [ [ [ 3.049213505626099, 50.627205209444462 ], [ 3.048947609033718, 50.628993852970176 ], [ 3.051763512623178, 50.629164289343066 ], [ 3.05202930315233, 50.627375638348369 ], [ 3.049213505626099, 50.627205209444462 ] ] ] } },
{ "type": "Feature", "properties": { "idcar_200m": "CRS3035RES200mN3080600E3830200", "population": 468.5, "median_education": 10.237033937688611, "median_healthcare": 41.711845582526038, "median_services": 1.4697965694172885, "median_commerce": 178.63132859693286, "median_entertainment": 12.204660578736663, "PC1_pos": 6.615189156733253, "nivvie": 24637.607470651012, "rel_education": 1.7841639691812134, "rel_sante": 2.6464291900564612, "rel_services": 2.1995243361018959, "rel_commerce": 4.7759550518322982, "rel_loisirs": 2.5110698960982707, "rel_pc1": 3.1936967202822144, "q_revenu": 3, "q_population": 5 }, "geometry": { "type": "Polygon", "coordinates": [ [ [ 3.05202930315233, 50.627375638348369 ], [ 3.051763512623178, 50.629164289343066 ], [ 3.054579434975503, 50.62933465688883 ], [ 3.054845119438717, 50.627545998428126 ], [ 3.05202930315233, 50.627375638348369 ] ] ] } },
{ "type": "Feature", "properties": { "idcar_200m": "CRS3035RES200mN3080600E3830400", "population": 747.5, "median_education": 10.154799608512993, "median_healthcare": 44.173262768923031, "median_services": 1.4317255504984545, "median_commerce": 157.40371928415709, "median_entertainment": 12.160682176107226, "PC1_pos": 6.1751460794304442, "nivvie": 27044.521739130436, "rel_education": 1.7698317389631653, "rel_sante": 2.8025950513367994, "rel_services": 2.1425517357063395, "rel_commerce": 4.208405626252901, "rel_loisirs": 2.5020214803550531, "rel_pc1": 2.9812516791098953, "q_revenu": 4, "q_population": 5 }, "geometry": { "type": "Polygon", "coordinates": [ [ [ 3.054845119438717, 50.627545998428126 ], [ 3.054579434975503, 50.62933465688883 ], [ 3.057395376083367, 50.629504955606777 ], [ 3.057660954477941, 50.627716289682972 ], [ 3.054845119438717, 50.627545998428126 ] ] ] } },
{ "type": "Feature", "properties": { "idcar_200m": "CRS3035RES200mN3080600E3830600", "population": 324.0, "median_education": 10.369550285098635, "median_healthcare": 48.0220596253492, "median_services": 1.501451931557537, "median_commerce": 148.01290325314747, "median_entertainment": 13.224248514565097, "PC1_pos": 6.1893866102043162, "nivvie": 27890.209876543209, "rel_education": 1.807259613272616, "rel_sante": 3.046783919155938, "rel_services": 2.2468960206222914, "rel_commerce": 3.9573292018854329, "rel_loisirs": 2.7208468542993298, "rel_pc1": 2.9881267563525924, "q_revenu": 4, "q_population": 4 }, "geometry": { "type": "Polygon", "coordinates": [ [ [ 3.057660954477941, 50.627716289682972 ], [ 3.057395376083367, 50.629504955606777 ], [ 3.060211335939453, 50.629675185496119 ], [ 3.060476808262674, 50.627886512112205 ], [ 3.057660954477941, 50.627716289682972 ] ] ] } },
{ "type": "Feature", "properties": { "idcar_200m": "CRS3035RES200mN3080600E3830800", "population": 575.0, "median_education": 10.991869490694105, "median_healthcare": 44.921553075579425, "median_services": 1.4865906771553803, "median_commerce": 123.09604908165372, "median_entertainment": 12.711886523622695, "PC1_pos": 5.6582961590637399, "nivvie": 31811.379652173913, "rel_education": 1.9157206685657089, "rel_sante": 2.850070709210863, "rel_services": 2.2246564186238293, "rel_commerce": 3.2911427244583287, "rel_loisirs": 2.6154300126706529, "rel_pc1": 2.7317256479648684, "q_revenu": 5, "q_population": 5 }, "geometry": { "type": "Polygon", "coordinates": [ [ [ 3.060476808262674, 50.627886512112205 ], [ 3.060211335939453, 50.629675185496119 ], [ 3.063027314536434, 50.629845346556166 ], [ 3.063292680785604, 50.628056665715057 ], [ 3.060476808262674, 50.627886512112205 ] ] ] } },
{ "type": "Feature", "properties": { "idcar_200m": "CRS3035RES200mN3080600E3831000", "population": 410.0, "median_education": 10.974485713322711, "median_healthcare": 44.841540930359024, "median_services": 1.4973855414408317, "median_commerce": 106.32974527096374, "median_entertainment": 12.939067093547946, "PC1_pos": 5.5200384801305855, "nivvie": 26550.688780487806, "rel_education": 1.9126909326653401, "rel_sante": 2.8449942980927942, "rel_services": 2.2408107403815549, "rel_commerce": 2.842872457343522, "rel_loisirs": 2.6621716886425046, "rel_pc1": 2.6649772776158192, "q_revenu": 4, "q_population": 4 }, "geometry": { "type": "Polygon", "coordinates": [ [ [ 3.063292680785604, 50.628056665715057 ], [ 3.063027314536434, 50.629845346556166 ], [ 3.065843311866984, 50.630015438786117 ], [ 3.066108572039399, 50.628226750490811 ], [ 3.063292680785604, 50.628056665715057 ] ] ] } },
{ "type": "Feature", "properties": { "idcar_200m": "CRS3035RES200mN3080600E3831200", "population": 301.5, "median_education": 10.791223949055375, "median_healthcare": 42.378843972423454, "median_services": 1.4696557949129447, "median_commerce": 91.32010035259475, "median_entertainment": 11.416917452800785, "PC1_pos": 4.9547586585588892, "nivvie": 29964.976782752903, "rel_education": 1.8807511111579995, "rel_sante": 2.6887472410583726, "rel_services": 2.1993136695684115, "rel_commerce": 2.4415688896146741, "rel_loisirs": 2.3489942663308847, "rel_pc1": 2.3920701438330019, "q_revenu": 5, "q_population": 3 }, "geometry": { "type": "Polygon", "coordinates": [ [ [ 3.066108572039399, 50.628226750490811 ], [ 3.065843311866984, 50.630015438786117 ], [ 3.068659327923791, 50.630185462185302 ], [ 3.068924482016744, 50.628396766438719 ], [ 3.066108572039399, 50.628226750490811 ] ] ] } },
{ "type": "Feature", "properties": { "idcar_200m": "CRS3035RES200mN3080600E3831400", "population": 203.0, "median_education": 12.294976758101996, "median_healthcare": 37.944108938155736, "median_services": 1.4638574869467034, "median_commerce": 82.047472446990582, "median_entertainment": 10.554356484297035, "PC1_pos": 4.5500034308326143, "nivvie": 30717.095566502467, "rel_education": 2.1428330380898339, "rel_sante": 2.4073832284871171, "rel_services": 2.1906366051736987, "rel_commerce": 2.1936523878600553, "rel_loisirs": 2.1715251046458213, "rel_pc1": 2.1966614544245142, "q_revenu": 5, "q_population": 3 }, "geometry": { "type": "Polygon", "coordinates": [ [ [ 3.068924482016744, 50.628396766438719 ], [ 3.068659327923791, 50.630185462185302 ], [ 3.071475362699517, 50.630355416752941 ], [ 3.071740410710315, 50.628566713558037 ], [ 3.068924482016744, 50.628396766438719 ] ] ] } },
{ "type": "Feature", "properties": { "idcar_200m": "CRS3035RES200mN3080600E3831600", "population": 355.5, "median_education": 12.291534347836677, "median_healthcare": 25.881282636260245, "median_services": 1.3131936909210744, "median_commerce": 57.533997204656238, "median_entertainment": 8.3519082981878157, "PC1_pos": 3.7798397799072352, "nivvie": 27261.192405063292, "rel_education": 2.1422330767729227, "rel_sante": 1.6420510981512095, "rel_services": 1.9651709231717027, "rel_commerce": 1.5382508027004693, "rel_loisirs": 1.7183784315223991, "rel_pc1": 1.8248400192751668, "q_revenu": 4, "q_population": 4 }, "geometry": { "type": "Polygon", "coordinates": [ [ [ 3.071740410710315, 50.628566713558037 ], [ 3.071475362699517, 50.630355416752941 ], [ 3.074291416186843, 50.630525302488309 ], [ 3.074556358112783, 50.628736591848018 ], [ 3.071740410710315, 50.628566713558037 ] ] ] } },
{ "type": "Feature", "properties": { "idcar_200m": "CRS3035RES200mN3080600E3831800", "population": 847.5, "median_education": 11.74976885747294, "median_healthcare": 19.656284764004425, "median_services": 1.0632009587189004, "median_commerce": 46.623925731552461, "median_entertainment": 7.307029184093512, "PC1_pos": 3.0018996810104714, "nivvie": 14786.214985250737, "rel_education": 2.0478113454847078, "rel_sante": 1.2471029521962753, "rel_services": 1.5910612608085066, "rel_commerce": 1.2465549877664921, "rel_loisirs": 1.5033978942483646, "rel_pc1": 1.4492642521190955, "q_revenu": 1, "q_population": 5 }, "geometry": { "type": "Polygon", "coordinates": [ [ [ 3.074556358112783, 50.628736591848018 ], [ 3.074291416186843, 50.630525302488309 ], [ 3.077107488378445, 50.630695119390673 ], [ 3.077372324216833, 50.628906401307965 ], [ 3.074556358112783, 50.628736591848018 ] ] ] } },
{ "type": "Feature", "properties": { "idcar_200m": "CRS3035RES200mN3080600E3832000", "population": 114.5, "median_education": 9.731919863121071, "median_healthcare": 15.758364113125021, "median_services": 0.88198739043161001, "median_commerce": 38.122635443550095, "median_entertainment": 5.9742131395920319, "PC1_pos": 2.45093378573051, "nivvie": 14177.151965065501, "rel_education": 1.6961300388792104, "rel_sante": 0.99979740033326836, "rel_services": 1.3198783898090325, "rel_commerce": 1.0192612615372458, "rel_loisirs": 1.229175254069798, "rel_pc1": 1.1832676296412719, "q_revenu": 1, "q_population": 2 }, "geometry": { "type": "Polygon", "coordinates": [ [ [ 3.077372324216833, 50.628906401307965 ], [ 3.077107488378445, 50.630695119390673 ], [ 3.079923579267002, 50.630864867459266 ], [ 3.080188309015134, 50.629076141937098 ], [ 3.077372324216833, 50.628906401307965 ] ] ] } },
{ "type": "Feature", "properties": { "idcar_200m": "CRS3035RES200mN3080600E3832400", "population": 355.5, "median_education": 4.6270987477156957, "median_healthcare": 7.9338000125032604, "median_services": 0.35191661991428702, "median_commerce": 30.754115810205956, "median_entertainment": 3.6135879335558356, "PC1_pos": 1.4029947993714211, "nivvie": 15147.967369901547, "rel_education": 0.80643503946240147, "rel_sante": 0.50336396407150852, "rel_services": 0.52663694138779549, "rel_commerce": 0.82225372179709943, "rel_loisirs": 0.7434841647841457, "rel_pc1": 0.67734115883365198, "q_revenu": 1, "q_population": 4 }, "geometry": { "type": "Polygon", "coordinates": [ [ [ 3.083004312500366, 50.629245813734713 ], [ 3.08273968884518, 50.631034546693378 ], [ 3.085555817105662, 50.631204157092306 ], [ 3.0858203346652, 50.629415416700077 ], [ 3.083004312500366, 50.629245813734713 ] ] ] } },
{ "type": "Feature", "properties": { "idcar_200m": "CRS3035RES200mN3080600E3832600", "population": 513.0, "median_education": 5.2366828879805229, "median_healthcare": 9.2341984795365093, "median_services": 0.43693204055776319, "median_commerce": 36.79008623546278, "median_entertainment": 4.1642337754655241, "PC1_pos": 1.719542711940947, "nivvie": 18158.653606237818, "rel_education": 0.91267656077266257, "rel_sante": 0.58586840408849838, "rel_services": 0.65386100119316048, "rel_commerce": 0.98363371976074132, "rel_loisirs": 0.85677778635688384, "rel_pc1": 0.83016491129679582, "q_revenu": 1, "q_population": 5 }, "geometry": { "type": "Polygon", "coordinates": [ [ [ 3.0858203346652, 50.629415416700077 ], [ 3.085555817105662, 50.631204157092306 ], [ 3.088371964041114, 50.631373698655224 ], [ 3.088636375502314, 50.629584950832381 ], [ 3.0858203346652, 50.629415416700077 ] ] ] } },
{ "type": "Feature", "properties": { "idcar_200m": "CRS3035RES200mN3080600E3832800", "population": 377.5, "median_education": 6.0202957375005317, "median_healthcare": 11.554877606073735, "median_services": 0.55529436100853291, "median_commerce": 45.96454455826975, "median_entertainment": 4.5867607822126573, "PC1_pos": 2.0621139200276284, "nivvie": 19329.495629139074, "rel_education": 1.0492487183342201, "rel_sante": 0.73310506780964657, "rel_services": 0.83098810145042468, "rel_commerce": 1.2289255222614319, "rel_loisirs": 0.94371136718745074, "rel_pc1": 0.99555225212830567, "q_revenu": 2, "q_population": 4 }, "geometry": { "type": "Polygon", "coordinates": [ [ [ 3.088636375502314, 50.629584950832381 ], [ 3.088371964041114, 50.631373698655224 ], [ 3.091188129644213, 50.631543171381502 ], [ 3.091452435004381, 50.629754416130986 ], [ 3.088636375502314, 50.629584950832381 ] ] ] } },
{ "type": "Feature", "properties": { "idcar_200m": "CRS3035RES200mN3080600E3833000", "population": 479.0, "median_education": 5.9091358835844314, "median_healthcare": 11.05371404565709, "median_services": 0.4356141228388612, "median_commerce": 44.503232420621359, "median_entertainment": 3.8205235466158096, "PC1_pos": 1.8851424867022386, "nivvie": 15882.756784968684, "rel_education": 1.0298751959464127, "rel_sante": 0.70130849163909115, "rel_services": 0.65188876084642045, "rel_commerce": 1.1898553258914906, "rel_loisirs": 0.78606050560355822, "rel_pc1": 0.91011356355812922, "q_revenu": 1, "q_population": 5 }, "geometry": { "type": "Polygon", "coordinates": [ [ [ 3.091452435004381, 50.629754416130986 ], [ 3.091188129644213, 50.631543171381502 ], [ 3.094004313907632, 50.631712575270342 ], [ 3.094268513164073, 50.629923812595116 ], [ 3.091452435004381, 50.629754416130986 ] ] ] } },
{ "type": "Feature", "properties": { "idcar_200m": "CRS3035RES200mN3080600E3833200", "population": 444.5, "median_education": 6.7221470737648872, "median_healthcare": 13.988366080913609, "median_services": 0.44805663826026837, "median_commerce": 47.662324169398957, "median_entertainment": 3.3822063168173373, "PC1_pos": 2.0134267413261195, "nivvie": 17208.574353205848, "rel_education": 1.1715710505162393, "rel_sante": 0.887498977825944, "rel_services": 0.67050876312507479, "rel_commerce": 1.2743180028210241, "rel_loisirs": 0.69587813686110345, "rel_pc1": 0.97204694045017537, "q_revenu": 1, "q_population": 5 }, "geometry": { "type": "Polygon", "coordinates": [ [ [ 3.094268513164073, 50.629923812595116 ], [ 3.094004313907632, 50.631712575270342 ], [ 3.096820516824043, 50.631881910320992 ], [ 3.09708460997407, 50.630093140224048 ], [ 3.094268513164073, 50.629923812595116 ] ] ] } },
{ "type": "Feature", "properties": { "idcar_200m": "CRS3035RES200mN3080600E3833400", "population": 411.0, "median_education": 5.7280492586117298, "median_healthcare": 12.945854976555342, "median_services": 0.35259241275909659, "median_commerce": 35.681240791804129, "median_entertainment": 2.6811502960792915, "PC1_pos": 1.6480668202878965, "nivvie": 19824.4399026764, "rel_education": 0.99831446912421817, "rel_sante": 0.82135633227761351, "rel_services": 0.52764825331983478, "rel_commerce": 0.95398720680056348, "rel_loisirs": 0.55163810185179096, "rel_pc1": 0.79565761069765151, "q_revenu": 2, "q_population": 4 }, "geometry": { "type": "Polygon", "coordinates": [ [ [ 3.09708460997407, 50.630093140224048 ], [ 3.096820516824043, 50.631881910320992 ], [ 3.099636738386118, 50.632051176532777 ], [ 3.099900725427037, 50.630262399016992 ], [ 3.09708460997407, 50.630093140224048 ] ] ] } },
{ "type": "Feature", "properties": { "idcar_200m": "CRS3035RES200mN3080600E3833600", "population": 291.5, "median_education": 5.1438417799067402, "median_healthcare": 11.016047392312817, "median_services": 0.30731045078312613, "median_commerce": 25.891603965057136, "median_entertainment": 2.5990829071500858, "PC1_pos": 1.3228246456149226, "nivvie": 24761.846655231559, "rel_education": 0.89649572549436296, "rel_sante": 0.69891871172142239, "rel_services": 0.45988460532596692, "rel_commerce": 0.69224775815208828, "rel_loisirs": 0.53475299894687689, "rel_pc1": 0.63863642174294599, "q_revenu": 3, "q_population": 3 }, "geometry": { "type": "Polygon", "coordinates": [ [ [ 3.099900725427037, 50.630262399016992 ], [ 3.099636738386118, 50.632051176532777 ], [ 3.102452978586529, 50.632220373904936 ], [ 3.102716859515653, 50.630431588973273 ], [ 3.099900725427037, 50.630262399016992 ] ] ] } },
{ "type": "Feature", "properties": { "idcar_200m": "CRS3035RES200mN3080600E3833800", "population": 353.0, "median_education": 6.0572736095175967, "median_healthcare": 10.309877671282646, "median_services": 0.36028113585450328, "median_commerce": 21.932601466113283, "median_entertainment": 3.224051779417187, "PC1_pos": 1.3558747949612913, "nivvie": 22453.495184135976, "rel_education": 1.0556934158229085, "rel_sante": 0.65411541575671051, "rel_services": 0.53915429021894146, "rel_commerce": 0.58639836357185759, "rel_loisirs": 0.66333834640689204, "rel_pc1": 0.65459245127913823, "q_revenu": 2, "q_population": 4 }, "geometry": { "type": "Polygon", "coordinates": [ [ [ 3.102716859515653, 50.630431588973273 ], [ 3.102452978586529, 50.632220373904936 ], [ 3.105269237417947, 50.632389502436702 ], [ 3.105533012232588, 50.63060071009216 ], [ 3.102716859515653, 50.630431588973273 ] ] ] } },
{ "type": "Feature", "properties": { "idcar_200m": "CRS3035RES200mN3080600E3834000", "population": 283.5, "median_education": 6.094545267434329, "median_healthcare": 8.6847104557789923, "median_services": 0.37481887516271983, "median_commerce": 18.436388216353414, "median_entertainment": 4.3376196019039979, "PC1_pos": 1.3476828433346775, "nivvie": 22765.190476190477, "rel_education": 1.0621893158591349, "rel_sante": 0.55100585784174305, "rel_services": 0.56090975765278139, "rel_commerce": 0.49292227814145251, "rel_loisirs": 0.89245136583670237, "rel_pc1": 0.65063752143166786, "q_revenu": 3, "q_population": 3 }, "geometry": { "type": "Polygon", "coordinates": [ [ [ 3.105533012232588, 50.63060071009216 ], [ 3.105269237417947, 50.632389502436702 ], [ 3.108085514873044, 50.632558562127372 ], [ 3.108349183570511, 50.6307697623729 ], [ 3.105533012232588, 50.63060071009216 ] ] ] } },
{ "type": "Feature", "properties": { "idcar_200m": "CRS3035RES200mN3080600E3834200", "population": 152.0, "median_education": 6.1280773910298825, "median_healthcare": 7.8750197142357719, "median_services": 0.42029314494956638, "median_commerce": 17.867173628087244, "median_entertainment": 5.3364068207602706, "PC1_pos": 1.4466280041859347, "nivvie": 16624.501973684208, "rel_education": 1.068033470239542, "rel_sante": 0.49963461824748978, "rel_services": 0.62896119085369473, "rel_commerce": 0.47770354070183668, "rel_loisirs": 1.0979486430200809, "rel_pc1": 0.69840650100450674, "q_revenu": 1, "q_population": 2 }, "geometry": { "type": "Polygon", "coordinates": [ [ [ 3.108349183570511, 50.6307697623729 ], [ 3.108085514873044, 50.632558562127372 ], [ 3.110901810944493, 50.632727552976206 ], [ 3.111165373522103, 50.630938745814731 ], [ 3.108349183570511, 50.6307697623729 ] ] ] } },
{ "type": "Feature", "properties": { "idcar_200m": "CRS3035RES200mN3080600E3834400", "population": 394.0, "median_education": 5.5728280878116419, "median_healthcare": 8.1470760567380118, "median_services": 0.39042775916864758, "median_commerce": 17.498267065413415, "median_entertainment": 6.6324684839478909, "PC1_pos": 1.50604525868269, "nivvie": 25452.186294416246, "rel_education": 0.97126170932276246, "rel_sante": 0.51689537082467951, "rel_services": 0.58426817401106756, "rel_commerce": 0.46784031471849474, "rel_loisirs": 1.364609186746105, "rel_pc1": 0.7270921041397268, "q_revenu": 4, "q_population": 4 }, "geometry": { "type": "Polygon", "coordinates": [ [ [ 3.111165373522103, 50.630938745814731 ], [ 3.110901810944493, 50.632727552976206 ], [ 3.113718125624958, 50.632896474982495 ], [ 3.113981582080025, 50.631107660416973 ], [ 3.111165373522103, 50.630938745814731 ] ] ] } },
{ "type": "Feature", "properties": { "idcar_200m": "CRS3035RES200mN3080600E3834600", "population": 230.5, "median_education": 4.6009781866458699, "median_healthcare": 6.7714237089231286, "median_services": 0.30133135092443841, "median_commerce": 13.702355798211325, "median_entertainment": 7.163829262631924, "PC1_pos": 1.3645952973489215, "nivvie": 23800.622993492405, "rel_education": 0.80188261107354886, "rel_sante": 0.42961641018928337, "rel_services": 0.45093698909062568, "rel_commerce": 0.36635138925790095, "rel_loisirs": 1.4739349682140011, "rel_pc1": 0.65880255611737104, "q_revenu": 3, "q_population": 3 }, "geometry": { "type": "Polygon", "coordinates": [ [ [ 3.113981582080025, 50.631107660416973 ], [ 3.113718125624958, 50.632896474982495 ], [ 3.116534458907114, 50.633065328145463 ], [ 3.116797809236952, 50.631276506178885 ], [ 3.113981582080025, 50.631107660416973 ] ] ] } },
{ "type": "Feature", "properties": { "idcar_200m": "CRS3035RES200mN3080600E3834800", "population": 265.5, "median_education": 4.5047434639558386, "median_healthcare": 6.2380394870103704, "median_services": 0.29693274705550654, "median_commerce": 13.228897745570706, "median_entertainment": 7.1689252665411374, "PC1_pos": 1.3371428202774873, "nivvie": 25369.858757062146, "rel_education": 0.78511031883999716, "rel_sante": 0.39577557781487482, "rel_services": 0.44435455689837794, "rel_commerce": 0.3536928349264718, "rel_loisirs": 1.4749834547265321, "rel_pc1": 0.64554898408649086, "q_revenu": 4, "q_population": 3 }, "geometry": { "type": "Polygon", "coordinates": [ [ [ 3.116797809236952, 50.631276506178885 ], [ 3.116534458907114, 50.633065328145463 ], [ 3.119350810783628, 50.633234112464415 ], [ 3.119614054985559, 50.631445283099694 ], [ 3.116797809236952, 50.631276506178885 ] ] ] } },
{ "type": "Feature", "properties": { "idcar_200m": "CRS3035RES200mN3080600E3835000", "population": 27.0, "median_education": 5.330399500041584, "median_healthcare": 6.1118201489444175, "median_services": 0.38255398423124704, "median_commerce": 13.654394042429034, "median_entertainment": 7.4838110980277488, "PC1_pos": 1.3978136055123553, "nivvie": 24286.15185185185, "rel_education": 0.9290099834779928, "rel_sante": 0.38776752792059554, "rel_services": 0.57248521033285749, "rel_commerce": 0.36506906553774299, "rel_loisirs": 1.5397702078732345, "rel_pc1": 0.6748397697663413, "q_revenu": 3, "q_population": 1 }, "geometry": { "type": "Polygon", "coordinates": [ [ [ 3.119614054985559, 50.631445283099694 ], [ 3.119350810783628, 50.633234112464415 ], [ 3.122167181247168, 50.633402827938596 ], [ 3.122430319318508, 50.631613991178696 ], [ 3.119614054985559, 50.631445283099694 ] ] ] } },
{ "type": "Feature", "properties": { "idcar_200m": "CRS3035RES200mN3080800E3826800", "population": 95.5, "median_education": 2.7473153388486775, "median_healthcare": 2.3255809902710811, "median_services": 0.12369149377924658, "median_commerce": 3.0487231729755937, "median_entertainment": 0.95008628652445393, "PC1_pos": 0.33185006753905943, "nivvie": 23809.849214659687, "rel_education": 0.47881652726643376, "rel_sante": 0.1475476649508897, "rel_services": 0.18510211303875221, "rel_commerce": 0.081511820765022225, "rel_loisirs": 0.19547721605169832, "rel_pc1": 0.16021136315447332, "q_revenu": 3, "q_population": 2 }, "geometry": { "type": "Polygon", "coordinates": [ [ [ 3.003895709324964, 50.626257511121821 ], [ 3.00362809070528, 50.628046033042423 ], [ 3.006443799123091, 50.628217578065168 ], [ 3.006711311713138, 50.626429048627621 ], [ 3.003895709324964, 50.626257511121821 ] ] ] } },
{ "type": "Feature", "properties": { "idcar_200m": "CRS3035RES200mN3080800E3827000", "population": 55.0, "median_education": 3.7012386186205082, "median_healthcare": 3.585199178112497, "median_services": 0.1948337262655056, "median_commerce": 4.1934729791990257, "median_entertainment": 1.0570892101509799, "PC1_pos": 0.4773752358087382, "nivvie": 23041.421818181818, "rel_education": 0.6450712799117444, "rel_sante": 0.22746477947976623, "rel_services": 0.29156519434814926, "rel_commerce": 0.11211828640047246, "rel_loisirs": 0.21749272550234172, "rel_pc1": 0.23046834925264595, "q_revenu": 3, "q_population": 1 }, "geometry": { "type": "Polygon", "coordinates": [ [ [ 3.006711311713138, 50.626429048627621 ], [ 3.006443799123091, 50.628217578065168 ], [ 3.00925952642359, 50.628389054269718 ], [ 3.009526932981278, 50.626600517318209 ], [ 3.006711311713138, 50.626429048627621 ] ] ] } },
{ "type": "Feature", "properties": { "idcar_200m": "CRS3035RES200mN3080800E3827200", "population": 95.0, "median_education": 3.5173961217502865, "median_healthcare": 3.6255782375955024, "median_services": 0.22645576475100893, "median_commerce": 4.2792235290939598, "median_entertainment": 1.0403604786140965, "PC1_pos": 0.47158578705132426, "nivvie": 23314.457894736843, "rel_education": 0.61303024528035799, "rel_sante": 0.23002664938004264, "rel_services": 0.33888701061391335, "rel_commerce": 0.11441094567353986, "rel_loisirs": 0.21405084246993986, "rel_pc1": 0.22767330544199768, "q_revenu": 3, "q_population": 2 }, "geometry": { "type": "Polygon", "coordinates": [ [ [ 3.009526932981278, 50.626600517318209 ], [ 3.00925952642359, 50.628389054269718 ], [ 3.012075272599459, 50.628560461655319 ], [ 3.012342573122061, 50.626771917192812 ], [ 3.009526932981278, 50.626600517318209 ] ] ] } },
{ "type": "Feature", "properties": { "idcar_200m": "CRS3035RES200mN3080800E3827400", "population": 150.0, "median_education": 4.1099140561923004, "median_healthcare": 4.7735801538549421, "median_services": 0.4166643633167354, "median_commerce": 5.6589240314916065, "median_entertainment": 1.2568852836951181, "PC1_pos": 0.67655232325389436, "nivvie": 22684.442666666666, "rel_education": 0.71629737872543942, "rel_sante": 0.30286221297117899, "rel_services": 0.62353078389950267, "rel_commerce": 0.1512991423644463, "rel_loisirs": 0.25860012889128986, "rel_pc1": 0.32662753621731422, "q_revenu": 3, "q_population": 2 }, "geometry": { "type": "Polygon", "coordinates": [ [ [ 3.012342573122061, 50.626771917192812 ], [ 3.012075272599459, 50.628560461655319 ], [ 3.014891037643377, 50.62873180022126 ], [ 3.015158232128175, 50.626943248250697 ], [ 3.012342573122061, 50.626771917192812 ] ] ] } },
{ "type": "Feature", "properties": { "idcar_200m": "CRS3035RES200mN3080800E3827600", "population": 14.0, "median_education": 4.02561245623325, "median_healthcare": 4.7878077146598139, "median_services": 0.61564577423125366, "median_commerce": 6.0368019793565946, "median_entertainment": 1.4300433527606107, "PC1_pos": 0.75569315870040743, "nivvie": 24828.264285714286, "rel_education": 0.70160485371216141, "rel_sante": 0.30376488777953342, "rel_services": 0.92130291430520195, "rel_commerce": 0.16140223070990689, "rel_loisirs": 0.29422684801975185, "rel_pc1": 0.36483533657154299, "q_revenu": 3, "q_population": 1 }, "geometry": { "type": "Polygon", "coordinates": [ [ [ 3.015158232128175, 50.626943248250697 ], [ 3.014891037643377, 50.62873180022126 ], [ 3.017706821548033, 50.628903069966768 ], [ 3.017973909992304, 50.62711451049109 ], [ 3.015158232128175, 50.626943248250697 ] ] ] } },
{ "type": "Feature", "properties": { "idcar_200m": "CRS3035RES200mN3080800E3827800", "population": 20.5, "median_education": 1.8496493020162617, "median_healthcare": 2.3433498882144037, "median_services": 0.27406103265610354, "median_commerce": 2.8695222541621934, "median_entertainment": 0.65089819597393817, "PC1_pos": 0.57921057424634448, "nivvie": 24828.263414634148, "rel_education": 0.32236658199686585, "rel_sante": 0.14867502168938038, "rel_services": 0.41012744446893229, "rel_commerce": 0.076720636932812045, "rel_loisirs": 0.13392022291733532, "rel_pc1": 0.27963265561960399, "q_revenu": 3, "q_population": 1 }, "geometry": { "type": "Polygon", "coordinates": [ [ [ 3.017973909992304, 50.62711451049109 ], [ 3.017706821548033, 50.628903069966768 ], [ 3.020522624306104, 50.629074270891117 ], [ 3.020789606707134, 50.627285703913273 ], [ 3.017973909992304, 50.62711451049109 ] ] ] } },
{ "type": "Feature", "properties": { "idcar_200m": "CRS3035RES200mN3080800E3828000", "population": 338.0, "median_education": 4.0308615719710632, "median_healthcare": 6.3960691406185504, "median_services": 1.5758212809153047, "median_commerce": 8.9569501982181539, "median_entertainment": 2.3704858982584676, "PC1_pos": 1.5679881159549456, "nivvie": 16902.096449704142, "rel_education": 0.70251969713521467, "rel_sante": 0.40580184930592578, "rel_services": 2.3581884247386822, "rel_commerce": 0.23947642266444411, "rel_loisirs": 0.48771989518601266, "rel_pc1": 0.75699702377667388, "q_revenu": 1, "q_population": 4 }, "geometry": { "type": "Polygon", "coordinates": [ [ [ 3.020789606707134, 50.627285703913273 ], [ 3.020522624306104, 50.629074270891117 ], [ 3.023338445910271, 50.629245402993561 ], [ 3.02360532226534, 50.627456828516515 ], [ 3.020789606707134, 50.627285703913273 ] ] ] } },
{ "type": "Feature", "properties": { "idcar_200m": "CRS3035RES200mN3080800E3828200", "population": 586.5, "median_education": 4.179608386351112, "median_healthcare": 7.0700567313910616, "median_services": 1.684536134409131, "median_commerce": 9.184762640866186, "median_entertainment": 3.2574476969412087, "PC1_pos": 1.8244681975692076, "nivvie": 14915.331457800512, "rel_education": 0.72844407214097839, "rel_sante": 0.44856333370074275, "rel_services": 2.5208782628638486, "rel_commerce": 0.24556730266226443, "rel_loisirs": 0.67020944967159524, "rel_pc1": 0.88082108625800826, "q_revenu": 1, "q_population": 5 }, "geometry": { "type": "Polygon", "coordinates": [ [ [ 3.02360532226534, 50.627456828516515 ], [ 3.023338445910271, 50.629245402993561 ], [ 3.026154286353222, 50.629416466273355 ], [ 3.026421056659607, 50.627627884300047 ], [ 3.02360532226534, 50.627456828516515 ] ] ] } },
{ "type": "Feature", "properties": { "idcar_200m": "CRS3035RES200mN3080800E3828400", "population": 17.0, "median_education": 3.7644095022964499, "median_healthcare": 8.9107053351653107, "median_services": 1.068105606540974, "median_commerce": 10.578279727227866, "median_entertainment": 4.4346942860955423, "PC1_pos": 1.7322330794744991, "nivvie": 23463.176470588234, "rel_education": 0.65608103285795771, "rel_sante": 0.56534421753930075, "rel_services": 1.5984009787457563, "rel_commerce": 0.28282490479005806, "rel_loisirs": 0.91242417176391699, "rel_pc1": 0.83629159705147738, "q_revenu": 3, "q_population": 1 }, "geometry": { "type": "Polygon", "coordinates": [ [ [ 3.026421056659607, 50.627627884300047 ], [ 3.026154286353222, 50.629416466273355 ], [ 3.028970145627629, 50.629587460729738 ], [ 3.02923680988262, 50.627798871263124 ], [ 3.026421056659607, 50.627627884300047 ] ] ] } },
{ "type": "Feature", "properties": { "idcar_200m": "CRS3035RES200mN3080800E3828800", "population": 318.0, "median_education": 4.8969752008829222, "median_healthcare": 12.459036922531631, "median_services": 0.63656855634550646, "median_commerce": 22.719781850102997, "median_entertainment": 5.7504036506656586, "PC1_pos": 1.6027695070327759, "nivvie": 19754.762264150944, "rel_education": 0.85347052325606987, "rel_sante": 0.79046991403304323, "rel_services": 0.95261348435062088, "rel_commerce": 0.60744471731701766, "rel_loisirs": 1.1831271672362083, "rel_pc1": 0.77378886630457144, "q_revenu": 2, "q_population": 4 }, "geometry": { "type": "Polygon", "coordinates": [ [ [ 3.032052581927054, 50.627969789405043 ], [ 3.03178602372618, 50.62975838636202 ], [ 3.034601920641549, 50.629929243169393 ], [ 3.034868372785596, 50.628140638725021 ], [ 3.032052581927054, 50.627969789405043 ] ] ] } },
{ "type": "Feature", "properties": { "idcar_200m": "CRS3035RES200mN3080800E3829000", "population": 454.0, "median_education": 7.2946872920120853, "median_healthcare": 18.070287480887266, "median_services": 0.94544284850442395, "median_commerce": 33.831378154941035, "median_entertainment": 8.8661097289114608, "PC1_pos": 2.633542000747132, "nivvie": 23743.994493392071, "rel_education": 1.271356362797273, "rel_sante": 1.1464785504999429, "rel_services": 1.4148383503871023, "rel_commerce": 0.90452857669846498, "rel_loisirs": 1.8241737320054265, "rel_pc1": 1.2714276570535752, "q_revenu": 3, "q_population": 5 }, "geometry": { "type": "Polygon", "coordinates": [ [ [ 3.034868372785596, 50.628140638725021 ], [ 3.034601920641549, 50.629929243169393 ], [ 3.03741783636642, 50.630100031151201 ], [ 3.037684182450928, 50.628311419222364 ], [ 3.034868372785596, 50.628140638725021 ] ] ] } },
{ "type": "Feature", "properties": { "idcar_200m": "CRS3035RES200mN3080800E3829200", "population": 93.5, "median_education": 7.8869866299980558, "median_healthcare": 18.003521564055852, "median_services": 0.92994792979608309, "median_commerce": 41.102254236522555, "median_entertainment": 10.54071605069926, "PC1_pos": 2.8974117090280318, "nivvie": 27325.06631016043, "rel_education": 1.3745853981054297, "rel_sante": 1.1422425530575868, "rel_services": 1.391650481062827, "rel_commerce": 1.0989254813502289, "rel_loisirs": 2.1687186290411842, "rel_pc1": 1.3988193010341217, "q_revenu": 4, "q_population": 2 }, "geometry": { "type": "Polygon", "coordinates": [ [ [ 3.037684182450928, 50.628311419222364 ], [ 3.03741783636642, 50.630100031151201 ], [ 3.040233770893469, 50.630270750306636 ], [ 3.040500010915723, 50.628482130896252 ], [ 3.037684182450928, 50.628311419222364 ] ] ] } },
{ "type": "Feature", "properties": { "idcar_200m": "CRS3035RES200mN3080800E3829400", "population": 186.5, "median_education": 9.3132737282977445, "median_healthcare": 26.516234966817464, "median_services": 1.5310600930295517, "median_commerce": 101.41084806162002, "median_entertainment": 13.318973384757603, "PC1_pos": 4.7976365628104478, "nivvie": 32529.473458445038, "rel_education": 1.6231661946509663, "rel_sante": 1.6823359706715695, "rel_services": 2.2912041058770756, "rel_commerce": 2.7113589531842504, "rel_loisirs": 2.7403361935085355, "rel_pc1": 2.3162143655647558, "q_revenu": 5, "q_population": 3 }, "geometry": { "type": "Polygon", "coordinates": [ [ [ 3.040500010915723, 50.628482130896252 ], [ 3.040233770893469, 50.630270750306636 ], [ 3.043049724215379, 50.630441400634929 ], [ 3.04331585817267, 50.62865277374604 ], [ 3.040500010915723, 50.628482130896252 ] ] ] } },
{ "type": "Feature", "properties": { "idcar_200m": "CRS3035RES200mN3080800E3829600", "population": 287.0, "median_education": 9.7610705556288266, "median_healthcare": 28.204349450650351, "median_services": 1.6496532858985113, "median_commerce": 112.82455021601719, "median_entertainment": 13.161637055936785, "PC1_pos": 5.2601588850774377, "nivvie": 27639.883275261323, "rel_education": 1.7012105744684831, "rel_sante": 1.7894392499386937, "rel_services": 2.4686767025880054, "rel_commerce": 3.0165200293099437, "rel_loisirs": 2.7079647468537305, "rel_pc1": 2.53951198996872, "q_revenu": 4, "q_population": 3 }, "geometry": { "type": "Polygon", "coordinates": [ [ [ 3.04331585817267, 50.62865277374604 ], [ 3.043049724215379, 50.630441400634929 ], [ 3.045865696324827, 50.630611982135434 ], [ 3.04613172421444, 50.628823347770918 ], [ 3.04331585817267, 50.62865277374604 ] ] ] } },
{ "type": "Feature", "properties": { "idcar_200m": "CRS3035RES200mN3080800E3829800", "population": 333.5, "median_education": 10.343782330599881, "median_healthcare": 35.007303000004015, "median_services": 1.8188108485271051, "median_commerce": 143.5117632197863, "median_entertainment": 13.797159655225173, "PC1_pos": 6.232159600720415, "nivvie": 27445.160719640178, "rel_education": 1.8027686390064352, "rel_sante": 2.2210560868390923, "rel_services": 2.7218179762710575, "rel_commerce": 3.8369850122621076, "rel_loisirs": 2.8387214899083895, "rel_pc1": 3.0087768022229944, "q_revenu": 4, "q_population": 4 }, "geometry": { "type": "Polygon", "coordinates": [ [ [ 3.04613172421444, 50.628823347770918 ], [ 3.045865696324827, 50.630611982135434 ], [ 3.048681687214485, 50.630782494807335 ], [ 3.048947609033718, 50.628993852970176 ], [ 3.04613172421444, 50.628823347770918 ] ] ] } },
{ "type": "Feature", "properties": { "idcar_200m": "CRS3035RES200mN3080800E3830000", "population": 674.0, "median_education": 9.8454135140786452, "median_healthcare": 39.164666464358646, "median_services": 1.4612875398444818, "median_commerce": 144.98210385137369, "median_entertainment": 12.689703118443264, "PC1_pos": 5.9320359093005788, "nivvie": 25092.81691394659, "rel_education": 1.7159103076564626, "rel_sante": 2.4848221195353628, "rel_services": 2.186790725198573, "rel_commerce": 3.8762965978753416, "rel_loisirs": 2.6108658479747437, "rel_pc1": 2.8638823742245276, "q_revenu": 3, "q_population": 5 }, "geometry": { "type": "Polygon", "coordinates": [ [ [ 3.048947609033718, 50.628993852970176 ], [ 3.048681687214485, 50.630782494807335 ], [ 3.051497696877041, 50.630952938649941 ], [ 3.051763512623178, 50.629164289343066 ], [ 3.048947609033718, 50.628993852970176 ] ] ] } },
{ "type": "Feature", "properties": { "idcar_200m": "CRS3035RES200mN3080800E3830200", "population": 711.0, "median_education": 9.6812108404010431, "median_healthcare": 44.240443999115534, "median_services": 1.4018717266856453, "median_commerce": 155.55343797315294, "median_entertainment": 12.3271389675444, "PC1_pos": 6.2542102381136804, "nivvie": 23780.055555555555, "rel_education": 1.6872922044244101, "rel_sante": 2.8068573985459055, "rel_services": 2.0978760211426533, "rel_commerce": 4.1589358023199399, "rel_loisirs": 2.5362694330352955, "rel_pc1": 3.0194224612743796, "q_revenu": 3, "q_population": 5 }, "geometry": { "type": "Polygon", "coordinates": [ [ [ 3.051763512623178, 50.629164289343066 ], [ 3.051497696877041, 50.630952938649941 ], [ 3.054313725305168, 50.631123313662464 ], [ 3.054579434975503, 50.62933465688883 ], [ 3.051763512623178, 50.629164289343066 ] ] ] } },
{ "type": "Feature", "properties": { "idcar_200m": "CRS3035RES200mN3080800E3830400", "population": 341.0, "median_education": 9.9505080423041257, "median_healthcare": 52.217709823180464, "median_services": 1.5625281794834374, "median_commerce": 175.31117258872158, "median_entertainment": 13.276139121647006, "PC1_pos": 6.8756471468240132, "nivvie": 24449.728445747802, "rel_education": 1.7342267332695183, "rel_sante": 3.3129790730682429, "rel_services": 2.3382955356749564, "rel_commerce": 4.6871860996846717, "rel_loisirs": 2.7315231808135354, "rel_pc1": 3.3194412468582213, "q_revenu": 3, "q_population": 4 }, "geometry": { "type": "Polygon", "coordinates": [ [ [ 3.054579434975503, 50.62933465688883 ], [ 3.054313725305168, 50.631123313662464 ], [ 3.057129772491538, 50.631293619844207 ], [ 3.057395376083367, 50.629504955606777 ], [ 3.054579434975503, 50.62933465688883 ] ] ] } },
{ "type": "Feature", "properties": { "idcar_200m": "CRS3035RES200mN3080800E3830600", "population": 529.0, "median_education": 9.3331147304243576, "median_healthcare": 51.544637042290603, "median_services": 1.7162421941121377, "median_commerce": 161.92849064211566, "median_entertainment": 13.116736944978634, "PC1_pos": 6.5714392459351014, "nivvie": 28509.247069943289, "rel_education": 1.6266241885701254, "rel_sante": 3.2702756292502211, "rel_services": 2.5683258153821615, "rel_commerce": 4.3293816319466716, "rel_loisirs": 2.6987266925685569, "rel_pc1": 3.1725750345196118, "q_revenu": 4, "q_population": 5 }, "geometry": { "type": "Polygon", "coordinates": [ [ [ 3.057395376083367, 50.629504955606777 ], [ 3.057129772491538, 50.631293619844207 ], [ 3.059945838428834, 50.63146385719444 ], [ 3.060211335939453, 50.629675185496119 ], [ 3.057395376083367, 50.629504955606777 ] ] ] } },
{ "type": "Feature", "properties": { "idcar_200m": "CRS3035RES200mN3080800E3830800", "population": 320.5, "median_education": 9.6287919251420302, "median_healthcare": 51.691879948741317, "median_services": 1.9370902072137652, "median_commerce": 139.30616593794699, "median_entertainment": 13.260046653999586, "PC1_pos": 6.3896640714164104, "nivvie": 28622.56349453978, "rel_education": 1.6781563609293155, "rel_sante": 3.279617530099201, "rel_services": 2.8988209257288697, "rel_commerce": 3.7245425659010074, "rel_loisirs": 2.7282122070422719, "rel_pc1": 3.0848171843758747, "q_revenu": 4, "q_population": 4 }, "geometry": { "type": "Polygon", "coordinates": [ [ [ 3.060211335939453, 50.629675185496119 ], [ 3.059945838428834, 50.63146385719444 ], [ 3.06276192310973, 50.63163402571238 ], [ 3.063027314536434, 50.629845346556166 ], [ 3.060211335939453, 50.629675185496119 ] ] ] } },
{ "type": "Feature", "properties": { "idcar_200m": "CRS3035RES200mN3080800E3831000", "population": 445.0, "median_education": 10.73274089790088, "median_healthcare": 48.56366551578499, "median_services": 1.6999024501270845, "median_commerce": 124.81549210993907, "median_entertainment": 14.418748086185111, "PC1_pos": 6.0792189611282303, "nivvie": 28358.059101123596, "rel_education": 1.8705583782518906, "rel_sante": 3.0811463794580121, "rel_services": 2.5438736801080619, "rel_commerce": 3.3371144063675362, "rel_loisirs": 2.9666113223766373, "rel_pc1": 2.934939757281315, "q_revenu": 4, "q_population": 5 }, "geometry": { "type": "Polygon", "coordinates": [ [ [ 3.063027314536434, 50.629845346556166 ], [ 3.06276192310973, 50.63163402571238 ], [ 3.065578026526899, 50.631804125397295 ], [ 3.065843311866984, 50.630015438786117 ], [ 3.063027314536434, 50.629845346556166 ] ] ] } },
{ "type": "Feature", "properties": { "idcar_200m": "CRS3035RES200mN3080800E3831200", "population": 408.5, "median_education": 11.951883496828158, "median_healthcare": 45.920522997163587, "median_services": 1.7948808260555011, "median_commerce": 123.22864676015689, "median_entertainment": 14.135843954967218, "PC1_pos": 6.0110343560610602, "nivvie": 21813.485924112607, "rel_education": 2.0830369449480477, "rel_sante": 2.9134508623435802, "rel_services": 2.6860071246981589, "rel_commerce": 3.2946879063560539, "rel_loisirs": 2.9084047018155741, "rel_pc1": 2.9020214318309967, "q_revenu": 2, "q_population": 4 }, "geometry": { "type": "Polygon", "coordinates": [ [ [ 3.065843311866984, 50.630015438786117 ], [ 3.065578026526899, 50.631804125397295 ], [ 3.068394148673022, 50.631974156248454 ], [ 3.068659327923791, 50.630185462185302 ], [ 3.065843311866984, 50.630015438786117 ] ] ] } },
{ "type": "Feature", "properties": { "idcar_200m": "CRS3035RES200mN3080800E3831400", "population": 374.5, "median_education": 12.967861161300469, "median_healthcare": 39.131146919561175, "median_services": 1.8666593724014398, "median_commerce": 97.091546512859082, "median_entertainment": 11.964442490667283, "PC1_pos": 5.458379373439243, "nivvie": 33391.513484646195, "rel_education": 2.2601068612419519, "rel_sante": 2.4826954550219469, "rel_services": 2.7934224383428914, "rel_commerce": 2.5958764663538521, "rel_loisirs": 2.4616457924488642, "rel_pc1": 2.6352093477577232, "q_revenu": 5, "q_population": 4 }, "geometry": { "type": "Polygon", "coordinates": [ [ [ 3.068659327923791, 50.630185462185302 ], [ 3.068394148673022, 50.631974156248454 ], [ 3.071210289540772, 50.632144118265153 ], [ 3.071475362699517, 50.630355416752941 ], [ 3.068659327923791, 50.630185462185302 ] ] ] } },
{ "type": "Feature", "properties": { "idcar_200m": "CRS3035RES200mN3080800E3831600", "population": 50.5, "median_education": 14.169002796428691, "median_healthcare": 27.642679912066676, "median_services": 1.7681688668499482, "median_commerce": 72.077686748407771, "median_entertainment": 10.324253332733409, "PC1_pos": 4.5602665754254836, "nivvie": 17484.158415841583, "rel_education": 2.4694481255499072, "rel_sante": 1.7538038413080079, "rel_services": 2.6460331544494271, "rel_commerce": 1.9270964105472967, "rel_loisirs": 2.1241821168452897, "rel_pc1": 2.2016163197275973, "q_revenu": 1, "q_population": 1 }, "geometry": { "type": "Polygon", "coordinates": [ [ [ 3.071475362699517, 50.630355416752941 ], [ 3.071210289540772, 50.632144118265153 ], [ 3.074026449122821, 50.63231401144661 ], [ 3.074291416186843, 50.630525302488309 ], [ 3.071475362699517, 50.630355416752941 ] ] ] } },
{ "type": "Feature", "properties": { "idcar_200m": "CRS3035RES200mN3080800E3831800", "population": 101.5, "median_education": 12.426153082658809, "median_healthcare": 19.063965116077977, "median_services": 1.1745718035629877, "median_commerce": 52.379491444579877, "median_entertainment": 8.0110418068626288, "PC1_pos": 3.3603663473432817, "nivvie": 23740.239408866993, "rel_education": 2.1656951359697918, "rel_sante": 1.2095229318393437, "rel_services": 1.7577257425904418, "rel_commerce": 1.4004379788363912, "rel_loisirs": 1.6482462406733915, "rel_pc1": 1.6223256400058392, "q_revenu": 3, "q_population": 2 }, "geometry": { "type": "Polygon", "coordinates": [ [ [ 3.074291416186843, 50.630525302488309 ], [ 3.074026449122821, 50.63231401144661 ], [ 3.076842627411846, 50.632483835792101 ], [ 3.077107488378445, 50.630695119390673 ], [ 3.074291416186843, 50.630525302488309 ] ] ] } },
{ "type": "Feature", "properties": { "idcar_200m": "CRS3035RES200mN3080800E3832400", "population": 112.0, "median_education": 4.4712705265603905, "median_healthcare": 9.7879328194316901, "median_services": 0.44499014578915064, "median_commerce": 39.319045439956383, "median_entertainment": 3.1443721340823783, "PC1_pos": 1.6132727051961524, "nivvie": 19489.980357142857, "rel_education": 0.77927647974098357, "rel_sante": 0.62100036001540526, "rel_services": 0.6659198118667583, "rel_commerce": 1.0512489336397832, "rel_loisirs": 0.64694451411297205, "rel_pc1": 0.77885962524012009, "q_revenu": 2, "q_population": 2 }, "geometry": { "type": "Polygon", "coordinates": [ [ [ 3.08273968884518, 50.631034546693378 ], [ 3.082475040081514, 50.632823277972264 ], [ 3.085291274447506, 50.632992895805451 ], [ 3.085555817105662, 50.631204157092306 ], [ 3.08273968884518, 50.631034546693378 ] ] ] } },
{ "type": "Feature", "properties": { "idcar_200m": "CRS3035RES200mN3080800E3832600", "population": 513.0, "median_education": 5.8892776941726517, "median_healthcare": 13.448986664961296, "median_services": 0.65233443176797568, "median_commerce": 53.592369517062885, "median_entertainment": 4.1665546044949631, "PC1_pos": 2.1848666976564322, "nivvie": 20014.571345029239, "rel_education": 1.0264142065370456, "rel_sante": 0.85327777732625232, "rel_services": 0.9762068355620882, "rel_commerce": 1.4328659476760703, "rel_loisirs": 0.85725528951006191, "rel_pc1": 1.054815129429344, "q_revenu": 2, "q_population": 5 }, "geometry": { "type": "Polygon", "coordinates": [ [ [ 3.085555817105662, 50.631204157092306 ], [ 3.085291274447506, 50.632992895805451 ], [ 3.088107527491165, 50.633162444799737 ], [ 3.088371964041114, 50.631373698655224 ], [ 3.085555817105662, 50.631204157092306 ] ] ] } },
{ "type": "Feature", "properties": { "idcar_200m": "CRS3035RES200mN3080800E3832800", "population": 400.0, "median_education": 6.6496944144225232, "median_healthcare": 17.142555865242329, "median_services": 0.89388573770573443, "median_commerce": 68.703525150974258, "median_entertainment": 4.9549798963096503, "PC1_pos": 2.8558587788296581, "nivvie": 20467.7995, "rel_education": 1.1589436210228099, "rel_sante": 1.0876181478039393, "rel_services": 1.3376840541665185, "rel_commerce": 1.8368835444530016, "rel_loisirs": 1.0194712727261463, "rel_pc1": 1.3787582787793635, "q_revenu": 2, "q_population": 4 }, "geometry": { "type": "Polygon", "coordinates": [ [ [ 3.088371964041114, 50.631373698655224 ], [ 3.088107527491165, 50.633162444799737 ], [ 3.090923799205167, 50.633331924954376 ], [ 3.091188129644213, 50.631543171381502 ], [ 3.088371964041114, 50.631373698655224 ] ] ] } },
{ "type": "Feature", "properties": { "idcar_200m": "CRS3035RES200mN3080800E3833000", "population": 416.5, "median_education": 6.3661638800205207, "median_healthcare": 16.169636455378487, "median_services": 0.65388284428308019, "median_commerce": 59.768598748700867, "median_entertainment": 3.943558871051934, "PC1_pos": 2.4530155388524562, "nivvie": 19842.396158463387, "rel_education": 1.1095284323341843, "rel_sante": 1.0258907825944077, "rel_services": 0.97852400725792865, "rel_commerce": 1.5979959583623493, "rel_loisirs": 0.81137463026561552, "rel_pc1": 1.1842726633539102, "q_revenu": 2, "q_population": 4 }, "geometry": { "type": "Polygon", "coordinates": [ [ [ 3.091188129644213, 50.631543171381502 ], [ 3.090923799205167, 50.633331924954376 ], [ 3.093740089582177, 50.633501336268644 ], [ 3.094004313907632, 50.631712575270342 ], [ 3.091188129644213, 50.631543171381502 ] ] ] } },
{ "type": "Feature", "properties": { "idcar_200m": "CRS3035RES200mN3080800E3833200", "population": 676.5, "median_education": 6.9605113504597274, "median_healthcare": 14.278428198949051, "median_services": 0.4656756326433118, "median_commerce": 47.42811126506156, "median_entertainment": 3.391031770878246, "PC1_pos": 2.0603191234058307, "nivvie": 18421.735994087216, "rel_education": 1.2131144269090013, "rel_sante": 0.90590211596040648, "rel_services": 0.69687527379022807, "rel_commerce": 1.2680559976483565, "rel_loisirs": 0.69769394581939237, "rel_pc1": 0.99468575595581532, "q_revenu": 1, "q_population": 5 }, "geometry": { "type": "Polygon", "coordinates": [ [ [ 3.094004313907632, 50.631712575270342 ], [ 3.093740089582177, 50.633501336268644 ], [ 3.096556398614875, 50.633670678741815 ], [ 3.096820516824043, 50.631881910320992 ], [ 3.094004313907632, 50.631712575270342 ] ] ] } },
{ "type": "Feature", "properties": { "idcar_200m": "CRS3035RES200mN3080800E3833400", "population": 426.5, "median_education": 6.5318285873799109, "median_healthcare": 14.173422921178393, "median_services": 0.37450519412691974, "median_commerce": 36.976392052836175, "median_entertainment": 3.0500094849993613, "PC1_pos": 1.7314199527266754, "nivvie": 19399.499648300116, "rel_education": 1.1384013464648481, "rel_sante": 0.89924000287666728, "rel_services": 0.56044033958066719, "rel_commerce": 0.98861486285954203, "rel_loisirs": 0.62752970073903258, "rel_pc1": 0.83589903379044728, "q_revenu": 2, "q_population": 4 }, "geometry": { "type": "Polygon", "coordinates": [ [ [ 3.096820516824043, 50.631881910320992 ], [ 3.096556398614875, 50.633670678741815 ], [ 3.099372726295924, 50.633839952373087 ], [ 3.099636738386118, 50.632051176532777 ], [ 3.096820516824043, 50.631881910320992 ] ] ] } },
{ "type": "Feature", "properties": { "idcar_200m": "CRS3035RES200mN3080800E3833600", "population": 465.0, "median_education": 6.0249910939983931, "median_healthcare": 12.185772072586694, "median_services": 0.34964604168490326, "median_commerce": 29.413109388863763, "median_entertainment": 3.0433771662785594, "PC1_pos": 1.5118947573075368, "nivvie": 21369.757204301073, "rel_education": 1.0500670496923983, "rel_sante": 0.77313248708846238, "rel_services": 0.52323906158832589, "rel_commerce": 0.78640006475466528, "rel_loisirs": 0.62616512236557498, "rel_pc1": 0.72991613896788488, "q_revenu": 2, "q_population": 5 }, "geometry": { "type": "Polygon", "coordinates": [ [ [ 3.099636738386118, 50.632051176532777 ], [ 3.099372726295924, 50.633839952373087 ], [ 3.102189072618004, 50.634009157161813 ], [ 3.102452978586529, 50.632220373904936 ], [ 3.099636738386118, 50.632051176532777 ] ] ] } },
{ "type": "Feature", "properties": { "idcar_200m": "CRS3035RES200mN3080800E3833800", "population": 208.5, "median_education": 5.7933009597200202, "median_healthcare": 10.487806316469959, "median_services": 0.36274172957084527, "median_commerce": 26.583763540580502, "median_entertainment": 3.4018825528316405, "PC1_pos": 1.4497256848122648, "nivvie": 23549.599040767389, "rel_education": 1.0096868778466883, "rel_sante": 0.66540418885689101, "rel_services": 0.54283652480362232, "rel_commerce": 0.71075359946984518, "rel_loisirs": 0.69992645951664068, "rel_pc1": 0.69990200660871504, "q_revenu": 3, "q_population": 3 }, "geometry": { "type": "Polygon", "coordinates": [ [ [ 3.102452978586529, 50.632220373904936 ], [ 3.102189072618004, 50.634009157161813 ], [ 3.105005437573776, 50.63417829310719 ], [ 3.105269237417947, 50.632389502436702 ], [ 3.102452978586529, 50.632220373904936 ] ] ] } },
{ "type": "Feature", "properties": { "idcar_200m": "CRS3035RES200mN3080800E3834000", "population": 196.0, "median_education": 5.7824410928699237, "median_healthcare": 7.9712013057634961, "median_services": 0.36743556650378861, "median_commerce": 18.611551077403057, "median_entertainment": 3.8950164026106044, "PC1_pos": 1.2987776298914626, "nivvie": 19532.398469387757, "rel_education": 1.0077941632906964, "rel_sante": 0.5057369080841132, "rel_services": 0.54986076800742556, "rel_commerce": 0.49760549892749445, "rel_loisirs": 0.80138717257279857, "rel_pc1": 0.62702694642349577, "q_revenu": 2, "q_population": 3 }, "geometry": { "type": "Polygon", "coordinates": [ [ [ 3.105269237417947, 50.632389502436702 ], [ 3.105005437573776, 50.63417829310719 ], [ 3.107821821155916, 50.634347360208558 ], [ 3.108085514873044, 50.632558562127372 ], [ 3.105269237417947, 50.632389502436702 ] ] ] } },
{ "type": "Feature", "properties": { "idcar_200m": "CRS3035RES200mN3080800E3834200", "population": 479.0, "median_education": 6.9738884481136321, "median_healthcare": 8.9873440466727601, "median_services": 0.48013894701037807, "median_commerce": 21.352928149840455, "median_entertainment": 5.1471331002189542, "PC1_pos": 1.5483734482350611, "nivvie": 16069.498747390397, "rel_education": 1.2154458576526708, "rel_sante": 0.57020659944518781, "rel_services": 0.71851936562782615, "rel_commerce": 0.57089999760766286, "rel_loisirs": 1.0590061801217794, "rel_pc1": 0.74752740794525674, "q_revenu": 1, "q_population": 5 }, "geometry": { "type": "Polygon", "coordinates": [ [ [ 3.108085514873044, 50.632558562127372 ], [ 3.107821821155916, 50.634347360208558 ], [ 3.110638223357092, 50.634516358465099 ], [ 3.110901810944493, 50.632727552976206 ], [ 3.108085514873044, 50.632558562127372 ] ] ] } },
{ "type": "Feature", "properties": { "idcar_200m": "CRS3035RES200mN3080800E3834400", "population": 557.0, "median_education": 6.5068314121059698, "median_healthcare": 9.4391991400785074, "median_services": 0.52630543033538091, "median_commerce": 20.445002136926966, "median_entertainment": 5.7565697254027786, "PC1_pos": 1.6271256448060119, "nivvie": 19198.851166965887, "rel_education": 1.134044707644801, "rel_sante": 0.59887477492782826, "rel_services": 0.78760668403532796, "rel_commerce": 0.54662534286415787, "rel_loisirs": 1.1843958174005931, "rel_pc1": 0.78554758030082217, "q_revenu": 2, "q_population": 5 }, "geometry": { "type": "Polygon", "coordinates": [ [ [ 3.110901810944493, 50.632727552976206 ], [ 3.110638223357092, 50.634516358465099 ], [ 3.113454644169972, 50.634685287876138 ], [ 3.113718125624958, 50.632896474982495 ], [ 3.110901810944493, 50.632727552976206 ] ] ] } },
{ "type": "Feature", "properties": { "idcar_200m": "CRS3035RES200mN3080800E3834600", "population": 208.5, "median_education": 5.2513233628413065, "median_healthcare": 8.1052666113805785, "median_services": 0.368229152850925, "median_commerce": 16.471096899353658, "median_entertainment": 6.0664079193002189, "PC1_pos": 1.3777431682514831, "nivvie": 24683.710791366906, "rel_education": 0.91522817952251811, "rel_sante": 0.51424274936742287, "rel_services": 0.55104835581355083, "rel_commerce": 0.44037750300334555, "rel_loisirs": 1.2481440352504873, "rel_pc1": 0.66515011643429189, "q_revenu": 3, "q_population": 3 }, "geometry": { "type": "Polygon", "coordinates": [ [ [ 3.113718125624958, 50.632896474982495 ], [ 3.113454644169972, 50.634685287876138 ], [ 3.116271083587226, 50.634854148440908 ], [ 3.116534458907114, 50.633065328145463 ], [ 3.113718125624958, 50.632896474982495 ] ] ] } },
{ "type": "Feature", "properties": { "idcar_200m": "CRS3035RES200mN3080800E3834800", "population": 128.5, "median_education": 4.6597756632496434, "median_healthcare": 6.9417999869554077, "median_services": 0.43133234747229232, "median_commerce": 15.484083227998489, "median_entertainment": 5.7916313971335471, "PC1_pos": 1.3103013498331528, "nivvie": 24454.617120622566, "rel_education": 0.81213014369615866, "rel_sante": 0.44042601952641341, "rel_services": 0.64548116042303416, "rel_commerce": 0.41398833058346801, "rel_loisirs": 1.1916096442679622, "rel_pc1": 0.63259039528508532, "q_revenu": 3, "q_population": 2 }, "geometry": { "type": "Polygon", "coordinates": [ [ [ 3.116534458907114, 50.633065328145463 ], [ 3.116271083587226, 50.634854148440908 ], [ 3.119087541601521, 50.635022940158727 ], [ 3.119350810783628, 50.633234112464415 ], [ 3.116534458907114, 50.633065328145463 ] ] ] } },
{ "type": "Feature", "properties": { "idcar_200m": "CRS3035RES200mN3080800E3835000", "population": 34.0, "median_education": 4.2781720884718624, "median_healthcare": 6.3901927269728649, "median_services": 0.44082435504946621, "median_commerce": 16.195065677467621, "median_entertainment": 5.7256022008814131, "PC1_pos": 1.3317924573436937, "nivvie": 20026.817647058826, "rel_education": 0.74562227112550361, "rel_sante": 0.40542901726295083, "rel_services": 0.6596857803676397, "rel_commerce": 0.43299742740862873, "rel_loisirs": 1.1780243482326782, "rel_pc1": 0.64296592317181023, "q_revenu": 2, "q_population": 1 }, "geometry": { "type": "Polygon", "coordinates": [ [ [ 3.119350810783628, 50.633234112464415 ], [ 3.119087541601521, 50.635022940158727 ], [ 3.12190401820553, 50.635191663028792 ], [ 3.122167181247168, 50.633402827938596 ], [ 3.119350810783628, 50.633234112464415 ] ] ] } },
{ "type": "Feature", "properties": { "idcar_200m": "CRS3035RES200mN3081000E3826000", "population": 3.0, "median_education": 1.0747621284756028, "median_healthcare": 1.7523071834682822, "median_services": 0.20427734278452198, "median_commerce": 1.1931543680462275, "median_entertainment": 0.44606642566186999, "PC1_pos": 0.19076478248317086, "nivvie": 20757.2, "rel_education": 0.18731518101224923, "rel_sante": 0.11117601763990924, "rel_services": 0.3056973979378102, "rel_commerce": 0.031900628386100451, "rel_loisirs": 0.091776741017374833, "rel_pc1": 0.092097874411003727, "q_revenu": 2, "q_population": 1 }, "geometry": { "type": "Polygon", "coordinates": [ [ [ 2.992365446007213, 50.627359164784473 ], [ 2.992097377868818, 50.629147654905182 ], [ 2.994913116711312, 50.629319482722664 ], [ 2.995181078821121, 50.627530985072539 ], [ 2.992365446007213, 50.627359164784473 ] ] ] } },
{ "type": "Feature", "properties": { "idcar_200m": "CRS3035RES200mN3081000E3826200", "population": 33.0, "median_education": 1.5390949429981553, "median_healthcare": 1.9363252676245086, "median_services": 0.15657036771757188, "median_commerce": 2.1266111034274231, "median_entertainment": 0.55039697089880524, "PC1_pos": 0.23226217141452787, "nivvie": 20757.184848484849, "rel_education": 0.26824153941081225, "rel_sante": 0.12285113828269649, "rel_services": 0.2343047611301434, "rel_commerce": 0.056857882222968871, "rel_loisirs": 0.1132424171578829, "rel_pc1": 0.11213208232106098, "q_revenu": 2, "q_population": 1 }, "geometry": { "type": "Polygon", "coordinates": [ [ [ 2.995181078821121, 50.627530985072539 ], [ 2.994913116711312, 50.629319482722664 ], [ 2.997728874468479, 50.629491241721986 ], [ 2.997996730546978, 50.627702736545366 ], [ 2.995181078821121, 50.627530985072539 ] ] ] } },
{ "type": "Feature", "properties": { "idcar_200m": "CRS3035RES200mN3081000E3826400", "population": 125.5, "median_education": 2.6401037957533378, "median_healthcare": 2.6943669662753718, "median_services": 0.11909351130174831, "median_commerce": 3.7289854965215632, "median_entertainment": 0.849436521622422, "PC1_pos": 0.29839971222120942, "nivvie": 18054.260557768925, "rel_education": 0.46013113719785176, "rel_sante": 0.1709454781656104, "rel_services": 0.17822131431690114, "rel_commerce": 0.099699572634916425, "rel_loisirs": 0.17476884869773932, "rel_pc1": 0.14406212122959877, "q_revenu": 1, "q_population": 2 }, "geometry": { "type": "Polygon", "coordinates": [ [ [ 2.997996730546978, 50.627702736545366 ], [ 2.997728874468479, 50.629491241721986 ], [ 3.000544651133009, 50.629662931902402 ], [ 3.000812401177469, 50.627874419202257 ], [ 2.997996730546978, 50.627702736545366 ] ] ] } },
{ "type": "Feature", "properties": { "idcar_200m": "CRS3035RES200mN3081000E3826600", "population": 228.0, "median_education": 3.898437530659284, "median_healthcare": 3.5885177960706702, "median_services": 0.13040850399194609, "median_commerce": 4.931439264162683, "median_entertainment": 1.2152722889133805, "PC1_pos": 0.47795889261255153, "nivvie": 15108.250877192982, "rel_education": 0.67944014063477132, "rel_sante": 0.22767533087859559, "rel_services": 0.1951539989501031, "rel_commerce": 0.13184883330082511, "rel_loisirs": 0.2500383882505901, "rel_pc1": 0.23075012846952772, "q_revenu": 1, "q_population": 3 }, "geometry": { "type": "Polygon", "coordinates": [ [ [ 3.000812401177469, 50.627874419202257 ], [ 3.000544651133009, 50.629662931902402 ], [ 3.003360446697588, 50.629834553263187 ], [ 3.00362809070528, 50.628046033042423 ], [ 3.000812401177469, 50.627874419202257 ] ] ] } },
{ "type": "Feature", "properties": { "idcar_200m": "CRS3035RES200mN3081000E3826800", "population": 333.5, "median_education": 4.3203887271160761, "median_healthcare": 4.1189309735966608, "median_services": 0.12521110165290955, "median_commerce": 5.3287390338691223, "median_entertainment": 1.3903512201844623, "PC1_pos": 0.5059832705046392, "nivvie": 20807.108545727137, "rel_education": 0.7529800083399566, "rel_sante": 0.26132766383562545, "rel_services": 0.18737617910272383, "rel_commerce": 0.14247119085213014, "rel_loisirs": 0.28606031863690651, "rel_pc1": 0.24427980413584047, "q_revenu": 2, "q_population": 4 }, "geometry": { "type": "Polygon", "coordinates": [ [ [ 3.00362809070528, 50.628046033042423 ], [ 3.003360446697588, 50.629834553263187 ], [ 3.00617626115489, 50.630006105803538 ], [ 3.006443799123091, 50.628217578065168 ], [ 3.00362809070528, 50.628046033042423 ] ] ] } },
{ "type": "Feature", "properties": { "idcar_200m": "CRS3035RES200mN3081000E3827000", "population": 463.5, "median_education": 4.9643233786363927, "median_healthcare": 5.5671393537455272, "median_services": 0.16142708096816485, "median_commerce": 5.7376079084561225, "median_entertainment": 1.3216958321389978, "PC1_pos": 0.61954791332798798, "nivvie": 16788.055663430419, "rel_education": 0.86520831692454381, "rel_sante": 0.35320997872691118, "rel_services": 0.24157274583661401, "rel_commerce": 0.153402864385875, "rel_loisirs": 0.27193469203601034, "rel_pc1": 0.2991068119101814, "q_revenu": 1, "q_population": 5 }, "geometry": { "type": "Polygon", "coordinates": [ [ [ 3.006443799123091, 50.628217578065168 ], [ 3.00617626115489, 50.630006105803538 ], [ 3.008992094497602, 50.630177589522795 ], [ 3.00925952642359, 50.628389054269718 ], [ 3.006443799123091, 50.628217578065168 ] ] ] } },
{ "type": "Feature", "properties": { "idcar_200m": "CRS3035RES200mN3081000E3827200", "population": 345.0, "median_education": 5.9973380124089495, "median_healthcare": 6.3337667231814141, "median_services": 0.2801336577050848, "median_commerce": 6.8211987429777476, "median_entertainment": 1.4603673191761894, "PC1_pos": 0.78973807776310911, "nivvie": 20955.825217391306, "rel_education": 1.0452475255891254, "rel_sante": 0.40184904084554463, "rel_services": 0.41921501948249468, "rel_commerce": 0.18237416052357605, "rel_loisirs": 0.30046590716483929, "rel_pc1": 0.38127162339217824, "q_revenu": 2, "q_population": 4 }, "geometry": { "type": "Polygon", "coordinates": [ [ [ 3.00925952642359, 50.628389054269718 ], [ 3.008992094497602, 50.630177589522795 ], [ 3.011807946718409, 50.63034900442014 ], [ 3.012075272599459, 50.628560461655319 ], [ 3.00925952642359, 50.628389054269718 ] ] ] } },
{ "type": "Feature", "properties": { "idcar_200m": "CRS3035RES200mN3081000E3827400", "population": 174.0, "median_education": 6.3390134241527818, "median_healthcare": 5.2734670237892889, "median_services": 0.36510387533823796, "median_commerce": 6.7756108915591913, "median_entertainment": 1.5035532924497788, "PC1_pos": 0.82306941015327162, "nivvie": 25087.599425287357, "rel_education": 1.1047965084780247, "rel_sante": 0.33457778886682837, "rel_services": 0.5463714337896054, "rel_commerce": 0.18115530641217931, "rel_loisirs": 0.30935128310146692, "rel_pc1": 0.39736340314555813, "q_revenu": 3, "q_population": 2 }, "geometry": { "type": "Polygon", "coordinates": [ [ [ 3.012075272599459, 50.628560461655319 ], [ 3.011807946718409, 50.63034900442014 ], [ 3.01462381780999, 50.630520350494869 ], [ 3.014891037643377, 50.62873180022126 ], [ 3.012075272599459, 50.628560461655319 ] ] ] } },
{ "type": "Feature", "properties": { "idcar_200m": "CRS3035RES200mN3081000E3827600", "population": 90.0, "median_education": 5.1383300354950343, "median_healthcare": 4.8473986225975256, "median_services": 0.58286275321439507, "median_commerce": 6.8577957159415401, "median_entertainment": 1.4964802812911011, "PC1_pos": 0.92094550991381219, "nivvie": 24946.913333333334, "rel_education": 0.89553510976850348, "rel_sante": 0.30754566314504234, "rel_services": 0.87224370840019172, "rel_commerce": 0.18335263109355421, "rel_loisirs": 0.30789603366779844, "rel_pc1": 0.44461625886792061, "q_revenu": 3, "q_population": 2 }, "geometry": { "type": "Polygon", "coordinates": [ [ [ 3.014891037643377, 50.62873180022126 ], [ 3.01462381780999, 50.630520350494869 ], [ 3.017439707765024, 50.630691627746224 ], [ 3.017706821548033, 50.628903069966768 ], [ 3.014891037643377, 50.62873180022126 ] ] ] } },
{ "type": "Feature", "properties": { "idcar_200m": "CRS3035RES200mN3081000E3827800", "population": 18.0, "median_education": 4.7694885176614354, "median_healthcare": 6.5292383238443668, "median_services": 1.1880853491112102, "median_commerce": 9.7699922366071359, "median_entertainment": 1.9844055186479914, "PC1_pos": 1.3647520318746658, "nivvie": 24946.911111111112, "rel_education": 0.83125147542066213, "rel_sante": 0.41425083564980536, "rel_services": 1.7779485223402414, "rel_commerce": 0.26121422342478934, "rel_loisirs": 0.40828509136991076, "rel_pc1": 0.65887822478367286, "q_revenu": 3, "q_population": 1 }, "geometry": { "type": "Polygon", "coordinates": [ [ [ 3.017706821548033, 50.628903069966768 ], [ 3.017439707765024, 50.630691627746224 ], [ 3.020255616576198, 50.630862836173449 ], [ 3.020522624306104, 50.629074270891117 ], [ 3.017706821548033, 50.628903069966768 ] ] ] } },
{ "type": "Feature", "properties": { "idcar_200m": "CRS3035RES200mN3081000E3828000", "population": 450.5, "median_education": 4.743705078851697, "median_healthcare": 7.6415125944037223, "median_services": 1.6614546249674196, "median_commerce": 11.312823980477811, "median_entertainment": 2.3970514567322811, "PC1_pos": 1.8118540681629216, "nivvie": 22335.871920088794, "rel_education": 0.82675780246754593, "rel_sante": 0.48481964064629668, "rel_services": 2.4863371958975966, "rel_commerce": 0.30246395895070483, "rel_loisirs": 0.49318567391261259, "rel_pc1": 0.87473120692733686, "q_revenu": 2, "q_population": 5 }, "geometry": { "type": "Polygon", "coordinates": [ [ [ 3.020522624306104, 50.629074270891117 ], [ 3.020255616576198, 50.630862836173449 ], [ 3.023071544236185, 50.631033975775836 ], [ 3.023338445910271, 50.629245402993561 ], [ 3.020522624306104, 50.629074270891117 ] ] ] } },
{ "type": "Feature", "properties": { "idcar_200m": "CRS3035RES200mN3081000E3828200", "population": 562.5, "median_education": 5.7241078585008047, "median_healthcare": 10.685184714068397, "median_services": 2.8868936321763292, "median_commerce": 14.48584284007379, "median_entertainment": 4.0941476990919456, "PC1_pos": 2.8851095404842533, "nivvie": 19438.630755555558, "rel_education": 0.99762754123975061, "rel_sante": 0.67792696135943165, "rel_services": 4.320184800966608, "rel_commerce": 0.38729899640508547, "rel_loisirs": 0.84235780020635098, "rel_pc1": 1.3928800309089986, "q_revenu": 2, "q_population": 5 }, "geometry": { "type": "Polygon", "coordinates": [ [ [ 3.023338445910271, 50.629245402993561 ], [ 3.023071544236185, 50.631033975775836 ], [ 3.025887490737675, 50.631205046552623 ], [ 3.026154286353222, 50.629416466273355 ], [ 3.023338445910271, 50.629245402993561 ] ] ] } },
{ "type": "Feature", "properties": { "idcar_200m": "CRS3035RES200mN3081000E3828400", "population": 424.5, "median_education": 6.5324537987676052, "median_healthcare": 14.324740733671295, "median_services": 2.6256609227979224, "median_commerce": 16.838657562127285, "median_entertainment": 5.7937691950292525, "PC1_pos": 2.9733363461250248, "nivvie": 23119.470906949355, "rel_education": 1.1385103115848072, "rel_sante": 0.90884043820538996, "rel_services": 3.9292547133481293, "rel_commerce": 0.45020474449573555, "rel_loisirs": 1.1920494893505205, "rel_pc1": 1.435474377516474, "q_revenu": 3, "q_population": 4 }, "geometry": { "type": "Polygon", "coordinates": [ [ [ 3.026154286353222, 50.629416466273355 ], [ 3.025887490737675, 50.631205046552623 ], [ 3.028703456073338, 50.631376048503071 ], [ 3.028970145627629, 50.629587460729738 ], [ 3.026154286353222, 50.629416466273355 ] ] ] } },
{ "type": "Feature", "properties": { "idcar_200m": "CRS3035RES200mN3081000E3828600", "population": 10.0, "median_education": 6.173884673862247, "median_healthcare": 16.567332906110707, "median_services": 1.7390067290264408, "median_commerce": 18.903591260640688, "median_entertainment": 6.8780107646689954, "PC1_pos": 2.5639974094796547, "nivvie": 24966.7, "rel_education": 1.0760170037564827, "rel_sante": 1.0511228355352753, "rel_services": 2.6023925356248832, "rel_commerce": 0.50541359619367432, "rel_loisirs": 1.4151287260123007, "rel_pc1": 1.237852754237948, "q_revenu": 3, "q_population": 1 }, "geometry": { "type": "Polygon", "coordinates": [ [ [ 3.028970145627629, 50.629587460729738 ], [ 3.028703456073338, 50.631376048503071 ], [ 3.031519440235861, 50.631546981626421 ], [ 3.03178602372618, 50.62975838636202 ], [ 3.028970145627629, 50.629587460729738 ] ] ] } },
{ "type": "Feature", "properties": { "idcar_200m": "CRS3035RES200mN3081000E3829000", "population": 89.0, "median_education": 6.9370212393409476, "median_healthcare": 17.053807464048074, "median_services": 0.9194153441122721, "median_commerce": 29.926662092144209, "median_entertainment": 8.1232420193038024, "PC1_pos": 2.4264726861933674, "nivvie": 23292.505617977527, "rel_education": 1.2090204471346553, "rel_sante": 1.0819874604965019, "rel_services": 1.3758886545518252, "rel_commerce": 0.80013060489496002, "rel_loisirs": 1.6713310756820539, "rel_pc1": 1.1714582419555466, "q_revenu": 3, "q_population": 2 }, "geometry": { "type": "Polygon", "coordinates": [ [ [ 3.034601920641549, 50.629929243169393 ], [ 3.034335443217917, 50.631717845921969 ], [ 3.03715146501219, 50.631888641388926 ], [ 3.03741783636642, 50.630100031151201 ], [ 3.034601920641549, 50.629929243169393 ] ] ] } },
{ "type": "Feature", "properties": { "idcar_200m": "CRS3035RES200mN3081000E3829200", "population": 187.0, "median_education": 8.3067327621044651, "median_healthcare": 17.783041095420966, "median_services": 0.88383508656540921, "median_commerce": 44.430317257052756, "median_entertainment": 10.827640019595824, "PC1_pos": 2.9829369566446, "nivvie": 19234.390909090911, "rel_education": 1.4477409556297924, "rel_sante": 1.1282540579458498, "rel_services": 1.3226434340992257, "rel_commerce": 1.1879058383825754, "rel_loisirs": 2.227752318353319, "rel_pc1": 1.4401093830473235, "q_revenu": 2, "q_population": 3 }, "geometry": { "type": "Polygon", "coordinates": [ [ [ 3.03741783636642, 50.630100031151201 ], [ 3.03715146501219, 50.631888641388926 ], [ 3.03996750561135, 50.632059368026589 ], [ 3.040233770893469, 50.630270750306636 ], [ 3.03741783636642, 50.630100031151201 ] ] ] } },
{ "type": "Feature", "properties": { "idcar_200m": "CRS3035RES200mN3081000E3829400", "population": 313.5, "median_education": 7.9876194219202024, "median_healthcare": 19.879184813448035, "median_services": 0.98934765723744456, "median_commerce": 65.166999126384852, "median_entertainment": 9.8838496465386179, "PC1_pos": 3.4592431943306421, "nivvie": 24016.479106858056, "rel_education": 1.3921242089131765, "rel_sante": 1.261244958839101, "rel_services": 1.4805411131296113, "rel_commerce": 1.7423296413625435, "rel_loisirs": 2.0335704663696381, "rel_pc1": 1.6700616388493432, "q_revenu": 3, "q_population": 4 }, "geometry": { "type": "Polygon", "coordinates": [ [ [ 3.040233770893469, 50.630270750306636 ], [ 3.03996750561135, 50.632059368026589 ], [ 3.042783565008087, 50.632230025834211 ], [ 3.043049724215379, 50.630441400634929 ], [ 3.040233770893469, 50.630270750306636 ] ] ] } },
{ "type": "Feature", "properties": { "idcar_200m": "CRS3035RES200mN3081000E3829600", "population": 215.0, "median_education": 9.2680147801017068, "median_healthcare": 26.674624398022747, "median_services": 1.4058395030391106, "median_commerce": 101.59108893215681, "median_entertainment": 10.918735094954977, "PC1_pos": 4.5086747571667516, "nivvie": 26784.541395348839, "rel_education": 1.6152782277705282, "rel_sante": 1.6923850684346686, "rel_services": 2.1038137276465654, "rel_commerce": 2.7161779415607477, "rel_loisirs": 2.2464948388799204, "rel_pc1": 2.1767086992707281, "q_revenu": 4, "q_population": 3 }, "geometry": { "type": "Polygon", "coordinates": [ [ [ 3.043049724215379, 50.630441400634929 ], [ 3.042783565008087, 50.632230025834211 ], [ 3.045599643195069, 50.632400614811019 ], [ 3.045865696324827, 50.630611982135434 ], [ 3.043049724215379, 50.630441400634929 ] ] ] } },
{ "type": "Feature", "properties": { "idcar_200m": "CRS3035RES200mN3081000E3829800", "population": 143.5, "median_education": 9.3919792322693798, "median_healthcare": 28.786558871837848, "median_services": 1.2918527347610036, "median_commerce": 98.061387390351285, "median_entertainment": 10.323394879063343, "PC1_pos": 4.6108394438954292, "nivvie": 26620.781881533101, "rel_education": 1.6368834027033359, "rel_sante": 1.8263778218344895, "rel_services": 1.933234563129463, "rel_commerce": 2.621806500434178, "rel_loisirs": 2.1240054927471275, "rel_pc1": 2.2260320091872603, "q_revenu": 4, "q_population": 2 }, "geometry": { "type": "Polygon", "coordinates": [ [ [ 3.045865696324827, 50.630611982135434 ], [ 3.045599643195069, 50.632400614811019 ], [ 3.048415740164977, 50.632571134956329 ], [ 3.048681687214485, 50.630782494807335 ], [ 3.045865696324827, 50.630611982135434 ] ] ] } },
{ "type": "Feature", "properties": { "idcar_200m": "CRS3035RES200mN3081000E3830000", "population": 428.0, "median_education": 8.7600793188507318, "median_healthcare": 40.493139900177695, "median_services": 1.3927881165960661, "median_commerce": 119.92499799022571, "median_entertainment": 11.478770149329272, "PC1_pos": 5.1816030315130419, "nivvie": 24681.500700934583, "rel_education": 1.526752571398811, "rel_sante": 2.5691077901804165, "rel_services": 2.0842825607499598, "rel_commerce": 3.2063602980011146, "rel_loisirs": 2.3617202609001873, "rel_pc1": 2.5015866085558209, "q_revenu": 3, "q_population": 4 }, "geometry": { "type": "Polygon", "coordinates": [ [ [ 3.048681687214485, 50.630782494807335 ], [ 3.048415740164977, 50.632571134956329 ], [ 3.051231855910486, 50.632741586269368 ], [ 3.051497696877041, 50.630952938649941 ], [ 3.048681687214485, 50.630782494807335 ] ] ] } },
{ "type": "Feature", "properties": { "idcar_200m": "CRS3035RES200mN3081000E3830200", "population": 317.5, "median_education": 8.6378712299720792, "median_healthcare": 48.528089957100683, "median_services": 1.3710450647595831, "median_commerce": 128.86529703509788, "median_entertainment": 11.545389569865517, "PC1_pos": 5.6237959810795441, "nivvie": 27530.096062992125, "rel_education": 1.5054535046723585, "rel_sante": 3.0788892701011878, "rel_services": 2.0517444717037803, "rel_commerce": 3.4453915291050068, "rel_loisirs": 2.3754269936949957, "rel_pc1": 2.7150695701616918, "q_revenu": 4, "q_population": 4 }, "geometry": { "type": "Polygon", "coordinates": [ [ [ 3.051497696877041, 50.630952938649941 ], [ 3.051231855910486, 50.632741586269368 ], [ 3.054047990424273, 50.632911968749376 ], [ 3.054313725305168, 50.631123313662464 ], [ 3.051497696877041, 50.630952938649941 ] ] ] } },
{ "type": "Feature", "properties": { "idcar_200m": "CRS3035RES200mN3081000E3830400", "population": 355.5, "median_education": 8.6767784657004103, "median_healthcare": 53.757899211946892, "median_services": 1.5749016947480337, "median_commerce": 144.87151299617148, "median_entertainment": 12.114095478820136, "PC1_pos": 6.2622324366001045, "nivvie": 24988.968495077359, "rel_education": 1.5122344617884, "rel_sante": 3.4106971696838051, "rel_services": 2.3568122804503218, "rel_commerce": 3.8733397987643565, "rel_loisirs": 2.4924364163246722, "rel_pc1": 3.0232954372979703, "q_revenu": 3, "q_population": 4 }, "geometry": { "type": "Polygon", "coordinates": [ [ [ 3.054313725305168, 50.631123313662464 ], [ 3.054047990424273, 50.632911968749376 ], [ 3.056864143699015, 50.633082282395655 ], [ 3.057129772491538, 50.631293619844207 ], [ 3.054313725305168, 50.631123313662464 ] ] ] } },
{ "type": "Feature", "properties": { "idcar_200m": "CRS3035RES200mN3081000E3830600", "population": 252.5, "median_education": 9.1382179894904425, "median_healthcare": 55.232557085263181, "median_services": 1.879040313474948, "median_commerce": 152.45646118191911, "median_entertainment": 12.72371594901197, "PC1_pos": 6.6252122004061977, "nivvie": 31614.660594059405, "rel_education": 1.5926565623024285, "rel_sante": 3.504257586078463, "rel_services": 2.8119502957087725, "rel_commerce": 4.0761338544887433, "rel_loisirs": 2.6178638791261362, "rel_pc1": 3.1985356690933675, "q_revenu": 5, "q_population": 3 }, "geometry": { "type": "Polygon", "coordinates": [ [ [ 3.057129772491538, 50.631293619844207 ], [ 3.056864143699015, 50.633082282395655 ], [ 3.059680315727383, 50.633252527207439 ], [ 3.059945838428834, 50.63146385719444 ], [ 3.057129772491538, 50.631293619844207 ] ] ] } },
{ "type": "Feature", "properties": { "idcar_200m": "CRS3035RES200mN3081000E3830800", "population": 208.0, "median_education": 9.8085505468564023, "median_healthcare": 55.791534022834441, "median_services": 2.0506842597761086, "median_commerce": 159.65591662431592, "median_entertainment": 14.481681171263098, "PC1_pos": 7.0713116639281139, "nivvie": 33243.770673076921, "rel_education": 1.7094856363781057, "rel_sante": 3.5397221612728211, "rel_services": 3.0688123981857474, "rel_commerce": 4.2686212298031929, "rel_loisirs": 2.9795596034360257, "rel_pc1": 3.4139046267775881, "q_revenu": 5, "q_population": 3 }, "geometry": { "type": "Polygon", "coordinates": [ [ [ 3.059945838428834, 50.63146385719444 ], [ 3.059680315727383, 50.633252527207439 ], [ 3.062496506502059, 50.633422703183996 ], [ 3.06276192310973, 50.63163402571238 ], [ 3.059945838428834, 50.63146385719444 ] ] ] } },
{ "type": "Feature", "properties": { "idcar_200m": "CRS3035RES200mN3081000E3831000", "population": 602.5, "median_education": 10.125572762975061, "median_healthcare": 50.978196149157924, "median_services": 1.9661758682182291, "median_commerce": 163.03678698188477, "median_entertainment": 14.740981695563097, "PC1_pos": 6.9377031475678947, "nivvie": 30049.053775933608, "rel_education": 1.7647379310243614, "rel_sante": 3.234337499611192, "rel_services": 2.9423470983585225, "rel_commerce": 4.35901346385669, "rel_loisirs": 3.0329098573338382, "rel_pc1": 3.3494007901689127, "q_revenu": 5, "q_population": 5 }, "geometry": { "type": "Polygon", "coordinates": [ [ [ 3.06276192310973, 50.63163402571238 ], [ 3.062496506502059, 50.633422703183996 ], [ 3.065312716015712, 50.633592810324593 ], [ 3.065578026526899, 50.631804125397295 ], [ 3.06276192310973, 50.63163402571238 ] ] ] } },
{ "type": "Feature", "properties": { "idcar_200m": "CRS3035RES200mN3081000E3831200", "population": 641.5, "median_education": 12.369985932242983, "median_healthcare": 48.529281103409943, "median_services": 2.0431692675810353, "median_commerce": 143.58926894104678, "median_entertainment": 14.831597163421655, "PC1_pos": 6.8354629303294239, "nivvie": 29034.210288386592, "rel_education": 2.1559060303916069, "rel_sante": 3.0789648429826664, "rel_services": 3.0575663464785832, "rel_commerce": 3.8390572346651282, "rel_loisirs": 3.0515537001504849, "rel_pc1": 3.3000410154536128, "q_revenu": 4, "q_population": 5 }, "geometry": { "type": "Polygon", "coordinates": [ [ [ 3.065578026526899, 50.631804125397295 ], [ 3.065312716015712, 50.633592810324593 ], [ 3.068128944261022, 50.6337628486285 ], [ 3.068394148673022, 50.631974156248454 ], [ 3.065578026526899, 50.631804125397295 ] ] ] } },
{ "type": "Feature", "properties": { "idcar_200m": "CRS3035RES200mN3081000E3831400", "population": 696.0, "median_education": 14.467018458134032, "median_healthcare": 38.010616377237881, "median_services": 2.2351612795427949, "median_commerce": 113.77068528090189, "median_entertainment": 13.378801092070598, "PC1_pos": 6.0923984946759688, "nivvie": 18999.187212643679, "rel_education": 2.5213878582012592, "rel_sante": 2.4116028266776275, "rel_services": 3.3448789660844902, "rel_commerce": 3.0418162557800934, "rel_loisirs": 2.7526455530205873, "rel_pc1": 2.9413026037652159, "q_revenu": 1, "q_population": 5 }, "geometry": { "type": "Polygon", "coordinates": [ [ [ 3.068394148673022, 50.631974156248454 ], [ 3.068128944261022, 50.6337628486285 ], [ 3.070945191230658, 50.633932818094941 ], [ 3.071210289540772, 50.632144118265153 ], [ 3.068394148673022, 50.631974156248454 ] ] ] } },
{ "type": "Feature", "properties": { "idcar_200m": "CRS3035RES200mN3081000E3831600", "population": 188.5, "median_education": 14.133181911360534, "median_healthcare": 29.143946250625334, "median_services": 1.9068390367179744, "median_commerce": 95.966757531256448, "median_entertainment": 11.285103172292521, "PC1_pos": 5.1070595236745788, "nivvie": 28062.84456233422, "rel_education": 2.4632050738152151, "rel_sante": 1.8490524452699286, "rel_services": 2.8535505889451613, "rel_commerce": 2.5658036809072873, "rel_loisirs": 2.3218738995230748, "rel_pc1": 2.4655983169346039, "q_revenu": 4, "q_population": 3 }, "geometry": { "type": "Polygon", "coordinates": [ [ [ 3.071210289540772, 50.632144118265153 ], [ 3.070945191230658, 50.633932818094941 ], [ 3.073761456917295, 50.634102718723256 ], [ 3.074026449122821, 50.63231401144661 ], [ 3.071210289540772, 50.632144118265153 ] ] ] } },
{ "type": "Feature", "properties": { "idcar_200m": "CRS3035RES200mN3081000E3831800", "population": 31.0, "median_education": 12.273878187597095, "median_healthcare": 21.980540301447135, "median_services": 1.4359474555040217, "median_commerce": 72.654397766428147, "median_entertainment": 8.9610167566995749, "PC1_pos": 4.0901488458362252, "nivvie": 26821.732258064516, "rel_education": 2.1391558685576042, "rel_sante": 1.3945665231204909, "rel_services": 2.1488697412029349, "rel_commerce": 1.9425155753802288, "rel_loisirs": 1.8437005495575756, "rel_pc1": 1.9746517665511358, "q_revenu": 4, "q_population": 1 }, "geometry": { "type": "Polygon", "coordinates": [ [ [ 3.074026449122821, 50.63231401144661 ], [ 3.073761456917295, 50.634102718723256 ], [ 3.076577741313608, 50.63427255051262 ], [ 3.076842627411846, 50.632483835792101 ], [ 3.074026449122821, 50.63231401144661 ] ] ] } },
{ "type": "Feature", "properties": { "idcar_200m": "CRS3035RES200mN3081000E3832400", "population": 61.0, "median_education": 6.8255338191065791, "median_healthcare": 13.784457955438029, "median_services": 0.59952658782673018, "median_commerce": 52.762595774906423, "median_entertainment": 4.1085873340445866, "PC1_pos": 2.0988523273010986, "nivvie": 14996.598360655738, "rel_education": 1.1895898347707741, "rel_sante": 0.87456192342779648, "rel_services": 0.89718083951428829, "rel_commerce": 1.410680801728508, "rel_loisirs": 0.84532870893472611, "rel_pc1": 1.013288907579533, "q_revenu": 1, "q_population": 1 }, "geometry": { "type": "Polygon", "coordinates": [ [ [ 3.082475040081514, 50.632823277972264 ], [ 3.082210366205946, 50.634612007571654 ], [ 3.085026706687318, 50.634781632839868 ], [ 3.085291274447506, 50.632992895805451 ], [ 3.082475040081514, 50.632823277972264 ] ] ] } },
{ "type": "Feature", "properties": { "idcar_200m": "CRS3035RES200mN3081000E3832600", "population": 380.5, "median_education": 7.1663512395309432, "median_healthcare": 16.800521213970864, "median_services": 0.70519998473595957, "median_commerce": 59.515560801968235, "median_entertainment": 4.6079761688751022, "PC1_pos": 2.5623502770551219, "nivvie": 17076.961892247044, "rel_education": 1.2489892824322448, "rel_sante": 1.0659175859492804, "rel_services": 1.0553191921385252, "rel_commerce": 1.5912306397057892, "rel_loisirs": 0.94807636516821914, "rel_pc1": 1.2370575477370507, "q_revenu": 1, "q_population": 4 }, "geometry": { "type": "Polygon", "coordinates": [ [ [ 3.085291274447506, 50.632992895805451 ], [ 3.085026706687318, 50.634781632839868 ], [ 3.087843065849053, 50.634951189266211 ], [ 3.088107527491165, 50.633162444799737 ], [ 3.085291274447506, 50.632992895805451 ] ] ] } },
{ "type": "Feature", "properties": { "idcar_200m": "CRS3035RES200mN3081000E3832800", "population": 275.5, "median_education": 7.2169771105575995, "median_healthcare": 19.826422017003399, "median_services": 0.88784930214642399, "median_commerce": 66.054928703987912, "median_entertainment": 4.8948817022370692, "PC1_pos": 2.8969073121664035, "nivvie": 28030.304174228673, "rel_education": 1.2578126247737835, "rel_sante": 1.2578973964689864, "rel_services": 1.3286506360784098, "rel_commerce": 1.766069663816239, "rel_loisirs": 1.0071062614280484, "rel_pc1": 1.3985757871202282, "q_revenu": 4, "q_population": 3 }, "geometry": { "type": "Polygon", "coordinates": [ [ [ 3.088107527491165, 50.633162444799737 ], [ 3.087843065849053, 50.634951189266211 ], [ 3.090659443683824, 50.635120676849972 ], [ 3.090923799205167, 50.633331924954376 ], [ 3.088107527491165, 50.633162444799737 ] ] ] } },
{ "type": "Feature", "properties": { "idcar_200m": "CRS3035RES200mN3081000E3833000", "population": 538.5, "median_education": 6.757906326587487, "median_healthcare": 19.274386245324632, "median_services": 0.72011721992344746, "median_commerce": 55.791229974867093, "median_entertainment": 4.1349891850206175, "PC1_pos": 2.518269090127061, "nivvie": 20499.681337047354, "rel_education": 1.1778033606599068, "rel_sante": 1.2228732070637101, "rel_services": 1.0776425683832005, "rel_commerce": 1.4916555160805043, "rel_loisirs": 0.85076080536702581, "rel_pc1": 1.2157759276982645, "q_revenu": 2, "q_population": 5 }, "geometry": { "type": "Polygon", "coordinates": [ [ [ 3.090923799205167, 50.633331924954376 ], [ 3.090659443683824, 50.635120676849972 ], [ 3.093475840184299, 50.635290095590364 ], [ 3.093740089582177, 50.633501336268644 ], [ 3.090923799205167, 50.633331924954376 ] ] ] } },
{ "type": "Feature", "properties": { "idcar_200m": "CRS3035RES200mN3081000E3833200", "population": 385.5, "median_education": 7.3067903155883913, "median_healthcare": 16.186296857877117, "median_services": 0.49690097650121123, "median_commerce": 44.400824292988823, "median_entertainment": 3.7682578510886207, "PC1_pos": 2.1080507117025342, "nivvie": 20681.985214007782, "rel_education": 1.2734657412280213, "rel_sante": 1.0269478102774248, "rel_services": 0.74360344362520636, "rel_commerce": 1.1871173032928966, "rel_loisirs": 0.77530700584088419, "rel_pc1": 1.0177297254305024, "q_revenu": 2, "q_population": 4 }, "geometry": { "type": "Polygon", "coordinates": [ [ [ 3.093740089582177, 50.633501336268644 ], [ 3.093475840184299, 50.635290095590364 ], [ 3.096292255343151, 50.635459445486738 ], [ 3.096556398614875, 50.633670678741815 ], [ 3.093740089582177, 50.633501336268644 ] ] ] } },
{ "type": "Feature", "properties": { "idcar_200m": "CRS3035RES200mN3081000E3833400", "population": 278.5, "median_education": 6.8668394812773919, "median_healthcare": 16.062659070074172, "median_services": 0.4353264004802786, "median_commerce": 37.086193593561376, "median_entertainment": 3.4276463129445425, "PC1_pos": 1.8766905501309246, "nivvie": 23742.543985637341, "rel_education": 1.1967888022272573, "rel_sante": 1.0191035481483763, "rel_services": 0.65145818947150291, "rel_commerce": 0.9915505585588601, "rel_loisirs": 0.70522727079381109, "rel_pc1": 0.90603311756205906, "q_revenu": 3, "q_population": 3 }, "geometry": { "type": "Polygon", "coordinates": [ [ [ 3.096556398614875, 50.633670678741815 ], [ 3.096292255343151, 50.635459445486738 ], [ 3.099108689153049, 50.635628726538258 ], [ 3.099372726295924, 50.633839952373087 ], [ 3.096556398614875, 50.633670678741815 ] ] ] } },
{ "type": "Feature", "properties": { "idcar_200m": "CRS3035RES200mN3081000E3833600", "population": 469.0, "median_education": 6.5660971259117487, "median_healthcare": 13.945383899605755, "median_services": 0.42200764053747269, "median_commerce": 30.399890420851506, "median_entertainment": 3.6010801669342771, "PC1_pos": 1.6989142467489349, "nivvie": 23961.768230277186, "rel_education": 1.144373847102939, "rel_sante": 0.88477195154175925, "rel_services": 0.63152690290405988, "rel_commerce": 0.81278301724005064, "rel_loisirs": 0.74091073178875888, "rel_pc1": 0.8202058519158365, "q_revenu": 3, "q_population": 5 }, "geometry": { "type": "Polygon", "coordinates": [ [ [ 3.099372726295924, 50.633839952373087 ], [ 3.099108689153049, 50.635628726538258 ], [ 3.101925141606663, 50.63579793874429 ], [ 3.102189072618004, 50.634009157161813 ], [ 3.099372726295924, 50.633839952373087 ] ] ] } },
{ "type": "Feature", "properties": { "idcar_200m": "CRS3035RES200mN3081000E3833800", "population": 307.0, "median_education": 6.7320500795825815, "median_healthcare": 12.089821362690849, "median_services": 0.43750704298298426, "median_commerce": 28.234432653782719, "median_entertainment": 4.0174247696096543, "PC1_pos": 1.658272560395484, "nivvie": 22315.460260586318, "rel_education": 1.1732969983126487, "rel_sante": 0.76704484565402586, "rel_services": 0.65472148206099423, "rel_commerce": 0.75488651586263644, "rel_loisirs": 0.82657230274654414, "rel_pc1": 0.80058476212709773, "q_revenu": 2, "q_population": 4 }, "geometry": { "type": "Polygon", "coordinates": [ [ [ 3.102189072618004, 50.634009157161813 ], [ 3.101925141606663, 50.63579793874429 ], [ 3.104741612696662, 50.635967082104031 ], [ 3.105005437573776, 50.63417829310719 ], [ 3.102189072618004, 50.634009157161813 ] ] ] } },
{ "type": "Feature", "properties": { "idcar_200m": "CRS3035RES200mN3081000E3834000", "population": 82.0, "median_education": 6.9538948214026561, "median_healthcare": 10.480065978192505, "median_services": 0.51712955663833471, "median_commerce": 23.511629623488339, "median_entertainment": 4.8176778376018348, "PC1_pos": 1.642356645438197, "nivvie": 25173.303658536584, "rel_education": 1.211961263520414, "rel_sante": 0.66491309917068098, "rel_services": 0.77387515280059938, "rel_commerce": 0.62861586015789783, "rel_loisirs": 0.99122181309806057, "rel_pc1": 0.79290083893230279, "q_revenu": 3, "q_population": 2 }, "geometry": { "type": "Polygon", "coordinates": [ [ [ 3.105005437573776, 50.63417829310719 ], [ 3.104741612696662, 50.635967082104031 ], [ 3.107558102415715, 50.636136156616743 ], [ 3.107821821155916, 50.634347360208558 ], [ 3.105005437573776, 50.63417829310719 ] ] ] } },
{ "type": "Feature", "properties": { "idcar_200m": "CRS3035RES200mN3081000E3834200", "population": 334.5, "median_education": 7.2437574957625142, "median_healthcare": 9.9714912598276761, "median_services": 0.59475602932338001, "median_commerce": 23.046673015937557, "median_entertainment": 5.1725326611834834, "PC1_pos": 1.7113965646807878, "nivvie": 18417.753363228701, "rel_education": 1.2624800507737592, "rel_sante": 0.63264631832679386, "rel_services": 0.89004178384954646, "rel_commerce": 0.6161846036915386, "rel_loisirs": 1.0642320585885072, "rel_pc1": 0.82623209499006545, "q_revenu": 1, "q_population": 4 }, "geometry": { "type": "Polygon", "coordinates": [ [ [ 3.107821821155916, 50.634347360208558 ], [ 3.107558102415715, 50.636136156616743 ], [ 3.110374610756494, 50.636305162281737 ], [ 3.110638223357092, 50.634516358465099 ], [ 3.107821821155916, 50.634347360208558 ] ] ] } },
{ "type": "Feature", "properties": { "idcar_200m": "CRS3035RES200mN3081000E3834400", "population": 364.5, "median_education": 6.7181100962828628, "median_healthcare": 10.529149825039671, "median_services": 0.6903461182853019, "median_commerce": 22.544442778074657, "median_entertainment": 5.4512261916289031, "PC1_pos": 1.779003347849424, "nivvie": 19331.029080932785, "rel_education": 1.1708674649062214, "rel_sante": 0.66802724871843, "rel_services": 1.0330906460776361, "rel_commerce": 0.60275678528731813, "rel_loisirs": 1.1215723615018127, "rel_pc1": 0.85887145821291988, "q_revenu": 2, "q_population": 4 }, "geometry": { "type": "Polygon", "coordinates": [ [ [ 3.110638223357092, 50.634516358465099 ], [ 3.110374610756494, 50.636305162281737 ], [ 3.113191137711662, 50.636474099098244 ], [ 3.113454644169972, 50.634685287876138 ], [ 3.110638223357092, 50.634516358465099 ] ] ] } },
{ "type": "Feature", "properties": { "idcar_200m": "CRS3035RES200mN3081000E3834600", "population": 256.0, "median_education": 5.7728873924933417, "median_healthcare": 10.533498790764675, "median_services": 0.57712195177671732, "median_commerce": 21.394725042310526, "median_entertainment": 5.7463212898851221, "PC1_pos": 1.6905724901823544, "nivvie": 21577.5125, "rel_education": 1.0061290942787147, "rel_sante": 0.66830317105369164, "rel_services": 0.86365270149921158, "rel_commerce": 0.57201749520067324, "rel_loisirs": 1.1822872345568123, "rel_pc1": 0.81617859888393129, "q_revenu": 2, "q_population": 3 }, "geometry": { "type": "Polygon", "coordinates": [ [ [ 3.113454644169972, 50.634685287876138 ], [ 3.113191137711662, 50.636474099098244 ], [ 3.11600768327389, 50.636642967065583 ], [ 3.116271083587226, 50.634854148440908 ], [ 3.113454644169972, 50.634685287876138 ] ] ] } },
{ "type": "Feature", "properties": { "idcar_200m": "CRS3035RES200mN3081000E3834800", "population": 32.5, "median_education": 4.6786744750743425, "median_healthcare": 8.287088488739041, "median_services": 0.61471416864062189, "median_commerce": 18.624315623868053, "median_entertainment": 5.366271211651207, "PC1_pos": 1.528236248705082, "nivvie": 31039.126153846155, "rel_education": 0.81542392774759431, "rel_sante": 0.52577853055649304, "rel_services": 0.91990878316428115, "rel_commerce": 0.49794677669020654, "rel_loisirs": 1.1040931459702239, "rel_pc1": 0.73780552296648738, "q_revenu": 5, "q_population": 1 }, "geometry": { "type": "Polygon", "coordinates": [ [ [ 3.116271083587226, 50.634854148440908 ], [ 3.11600768327389, 50.636642967065583 ], [ 3.118824247435842, 50.636811766182937 ], [ 3.119087541601521, 50.635022940158727 ], [ 3.116271083587226, 50.634854148440908 ] ] ] } },
{ "type": "Feature", "properties": { "idcar_200m": "CRS3035RES200mN3081200E3826400", "population": 144.0, "median_education": 2.3222466303897096, "median_healthcare": 2.4820776359693353, "median_services": 0.098115388124405345, "median_commerce": 3.774878624043895, "median_entertainment": 0.75078023880632649, "PC1_pos": 0.29681952349045226, "nivvie": 15544.02986111111, "rel_education": 0.40473332321776972, "rel_sante": 0.15747667397789097, "rel_services": 0.14682792735818592, "rel_commerce": 0.10092658872417831, "rel_loisirs": 0.1544706339098523, "rel_pc1": 0.14329923396405334, "q_revenu": 1, "q_population": 2 }, "geometry": { "type": "Polygon", "coordinates": [ [ [ 2.997728874468479, 50.629491241721986 ], [ 2.997460992978806, 50.631279745197581 ], [ 3.000276875687227, 50.631451442902268 ], [ 3.000544651133009, 50.629662931902402 ], [ 2.997728874468479, 50.629491241721986 ] ] ] } },
{ "type": "Feature", "properties": { "idcar_200m": "CRS3035RES200mN3081200E3826600", "population": 352.5, "median_education": 4.2226139386950567, "median_healthcare": 4.0775613804457622, "median_services": 0.13989648483854378, "median_commerce": 6.4731477757737599, "median_entertainment": 1.2761780593846606, "PC1_pos": 0.5415369427832899, "nivvie": 18560.074609929077, "rel_education": 0.73593930537297125, "rel_sante": 0.25870294902460872, "rel_services": 0.20935259296426248, "rel_commerce": 0.17306853766240485, "rel_loisirs": 0.26256955581092006, "rel_pc1": 0.26144449041465095, "q_revenu": 1, "q_population": 4 }, "geometry": { "type": "Polygon", "coordinates": [ [ [ 3.000544651133009, 50.629662931902402 ], [ 3.000276875687227, 50.631451442902268 ], [ 3.003092777298427, 50.631623071784347 ], [ 3.003360446697588, 50.629834553263187 ], [ 3.000544651133009, 50.629662931902402 ] ] ] } },
{ "type": "Feature", "properties": { "idcar_200m": "CRS3035RES200mN3081200E3826800", "population": 397.5, "median_education": 6.147376526385286, "median_healthcare": 6.2630025735696497, "median_services": 0.15216250519768498, "median_commerce": 7.8487115944402071, "median_entertainment": 1.5256174111820207, "PC1_pos": 0.75624545213873295, "nivvie": 22268.878742138368, "rel_education": 1.0713970247756557, "rel_sante": 0.3973593734974149, "rel_services": 0.22770847353197166, "rel_commerce": 0.2098461344058159, "rel_loisirs": 0.31389090499222216, "rel_pc1": 0.36510197410840289, "q_revenu": 2, "q_population": 4 }, "geometry": { "type": "Polygon", "coordinates": [ [ [ 3.003360446697588, 50.629834553263187 ], [ 3.003092777298427, 50.631623071784347 ], [ 3.005908697805074, 50.6317946318431 ], [ 3.00617626115489, 50.630006105803538 ], [ 3.003360446697588, 50.629834553263187 ] ] ] } },
{ "type": "Feature", "properties": { "idcar_200m": "CRS3035RES200mN3081200E3827000", "population": 478.5, "median_education": 6.5925250242832183, "median_healthcare": 8.7321612966479432, "median_services": 0.19030993637048277, "median_commerce": 8.4875949554460632, "median_entertainment": 1.4937764057018375, "PC1_pos": 0.87190992718959803, "nivvie": 17799.511598746081, "rel_education": 1.1489798398487445, "rel_sante": 0.55401640049730272, "rel_services": 0.28479542350192977, "rel_commerce": 0.22692756261605151, "rel_loisirs": 0.30733971990952613, "rel_pc1": 0.42094274386887476, "q_revenu": 1, "q_population": 5 }, "geometry": { "type": "Polygon", "coordinates": [ [ [ 3.00617626115489, 50.630006105803538 ], [ 3.005908697805074, 50.6317946318431 ], [ 3.008724637199861, 50.631966123077774 ], [ 3.008992094497602, 50.630177589522795 ], [ 3.00617626115489, 50.630006105803538 ] ] ] } },
{ "type": "Feature", "properties": { "idcar_200m": "CRS3035RES200mN3081200E3827200", "population": 168.5, "median_education": 6.6573865740750477, "median_healthcare": 6.6018757279821862, "median_services": 0.2614260452449032, "median_commerce": 7.3563381800302281, "median_entertainment": 1.6720281300844331, "PC1_pos": 0.83289588606688469, "nivvie": 23625.185163204747, "rel_education": 1.1602842509533895, "rel_sante": 0.41885935258104334, "rel_services": 0.39121941129241306, "rel_commerce": 0.19668185177740111, "rel_loisirs": 0.34401444233520084, "rel_pc1": 0.4021074525073659, "q_revenu": 3, "q_population": 2 }, "geometry": { "type": "Polygon", "coordinates": [ [ [ 3.008992094497602, 50.630177589522795 ], [ 3.008724637199861, 50.631966123077774 ], [ 3.011540595475461, 50.632137545487588 ], [ 3.011807946718409, 50.63034900442014 ], [ 3.008992094497602, 50.630177589522795 ] ] ] } },
{ "type": "Feature", "properties": { "idcar_200m": "CRS3035RES200mN3081200E3827400", "population": 229.0, "median_education": 7.172712338339136, "median_healthcare": 5.8508409191135531, "median_services": 0.41584884806995248, "median_commerce": 8.1000011057220433, "median_entertainment": 1.6828894288466978, "PC1_pos": 0.96353416745924414, "nivvie": 22225.269868995634, "rel_education": 1.2500979280972939, "rel_sante": 0.37120956837271624, "rel_services": 0.62231037988640014, "rel_commerce": 0.21656470622804644, "rel_loisirs": 0.34624911983225221, "rel_pc1": 0.4651773120292842, "q_revenu": 2, "q_population": 3 }, "geometry": { "type": "Polygon", "coordinates": [ [ [ 3.011807946718409, 50.63034900442014 ], [ 3.011540595475461, 50.632137545487588 ], [ 3.01435657262456, 50.632308899071838 ], [ 3.01462381780999, 50.630520350494869 ], [ 3.011807946718409, 50.63034900442014 ] ] ] } },
{ "type": "Feature", "properties": { "idcar_200m": "CRS3035RES200mN3081200E3827600", "population": 182.0, "median_education": 6.3063268263473935, "median_healthcare": 5.8869275589985266, "median_services": 0.60113961131067772, "median_commerce": 9.4624185778329331, "median_entertainment": 1.7183568371588656, "PC1_pos": 1.0749698784719461, "nivvie": 28017.067582417581, "rel_education": 1.0990997167672161, "rel_sante": 0.37349910353542448, "rel_services": 0.8995947003719531, "rel_commerce": 0.25299081725650302, "rel_loisirs": 0.35354642570411521, "rel_pc1": 0.51897650905169124, "q_revenu": 4, "q_population": 3 }, "geometry": { "type": "Polygon", "coordinates": [ [ [ 3.01462381780999, 50.630520350494869 ], [ 3.01435657262456, 50.632308899071838 ], [ 3.017172568639832, 50.632480183829763 ], [ 3.017439707765024, 50.630691627746224 ], [ 3.01462381780999, 50.630520350494869 ] ] ] } },
{ "type": "Feature", "properties": { "idcar_200m": "CRS3035RES200mN3081200E3827800", "population": 253.5, "median_education": 5.5227096083350098, "median_healthcare": 6.8914763789558577, "median_services": 1.0686988963125066, "median_commerce": 11.888410929257599, "median_entertainment": 2.0535637994166906, "PC1_pos": 1.4022809485890613, "nivvie": 21085.146745562131, "rel_education": 0.96252679784189421, "rel_sante": 0.43723321270381721, "rel_services": 1.5992888263009888, "rel_commerce": 0.31785307024145953, "rel_loisirs": 0.42251418654087775, "rel_pc1": 0.67699652425883061, "q_revenu": 2, "q_population": 3 }, "geometry": { "type": "Polygon", "coordinates": [ [ [ 3.017439707765024, 50.630691627746224 ], [ 3.017172568639832, 50.632480183829763 ], [ 3.019988583513967, 50.632651399760618 ], [ 3.020255616576198, 50.630862836173449 ], [ 3.017439707765024, 50.630691627746224 ] ] ] } },
{ "type": "Feature", "properties": { "idcar_200m": "CRS3035RES200mN3081200E3828200", "population": 468.0, "median_education": 6.0478125615528082, "median_healthcare": 12.108566974854938, "median_services": 1.6714961437540719, "median_commerce": 16.764723395360647, "median_entertainment": 3.3239269293786435, "PC1_pos": 2.2729664421877231, "nivvie": 21780.845940170941, "rel_education": 1.0540444947592278, "rel_sante": 0.76823417052142773, "rel_services": 2.5013641495605938, "rel_commerce": 0.4482280125302644, "rel_loisirs": 0.68388733921325107, "rel_pc1": 1.0973481331728423, "q_revenu": 2, "q_population": 5 }, "geometry": { "type": "Polygon", "coordinates": [ [ [ 3.023071544236185, 50.631033975775836 ], [ 3.022804617239633, 50.632822546863672 ], [ 3.025620669809521, 50.632993625138184 ], [ 3.025887490737675, 50.631205046552623 ], [ 3.023071544236185, 50.631033975775836 ] ] ] } },
{ "type": "Feature", "properties": { "idcar_200m": "CRS3035RES200mN3081200E3828400", "population": 451.0, "median_education": 7.6614663362922677, "median_healthcare": 17.67782211038622, "median_services": 2.2919501702425586, "median_commerce": 19.243112051598221, "median_entertainment": 5.2868085245255658, "PC1_pos": 2.9093160788246673, "nivvie": 23679.78115299335, "rel_education": 1.3352805384362938, "rel_sante": 1.1215783860963953, "rel_services": 3.4298625275605397, "rel_commerce": 0.51449115302265924, "rel_loisirs": 1.0877439521342305, "rel_pc1": 1.4045665209360416, "q_revenu": 3, "q_population": 5 }, "geometry": { "type": "Polygon", "coordinates": [ [ [ 3.025887490737675, 50.631205046552623 ], [ 3.025620669809521, 50.632993625138184 ], [ 3.028436741216299, 50.63316463458338 ], [ 3.028703456073338, 50.631376048503071 ], [ 3.025887490737675, 50.631205046552623 ] ] ] } },
{ "type": "Feature", "properties": { "idcar_200m": "CRS3035RES200mN3081200E3828600", "population": 285.0, "median_education": 6.9647390114884971, "median_healthcare": 19.835244129626716, "median_services": 1.7308153671378215, "median_commerce": 20.464169935734827, "median_entertainment": 5.9319150041274966, "PC1_pos": 2.6752017686975291, "nivvie": 23729.373684210525, "rel_education": 1.2138512458477049, "rel_sante": 1.2584571198770078, "rel_services": 2.59013430874184, "rel_commerce": 0.5471378204136893, "rel_loisirs": 1.2204725479239893, "rel_pc1": 1.2915402586918032, "q_revenu": 3, "q_population": 3 }, "geometry": { "type": "Polygon", "coordinates": [ [ [ 3.028703456073338, 50.631376048503071 ], [ 3.028436741216299, 50.63316463458338 ], [ 3.031252831452652, 50.633335575198558 ], [ 3.031519440235861, 50.631546981626421 ], [ 3.028703456073338, 50.631376048503071 ] ] ] } },
{ "type": "Feature", "properties": { "idcar_200m": "CRS3035RES200mN3081200E3828800", "population": 119.0, "median_education": 6.1204641680647152, "median_healthcare": 19.525211911444266, "median_services": 1.2177170456265771, "median_commerce": 21.277218788478137, "median_entertainment": 6.3425499364491174, "PC1_pos": 2.3091035637213859, "nivvie": 26582.902521008404, "rel_education": 1.0667065978088679, "rel_sante": 1.2387869686142763, "rel_services": 1.8222918273673951, "rel_commerce": 0.56887580336520027, "rel_loisirs": 1.3049593724601543, "rel_pc1": 1.1147944984676319, "q_revenu": 4, "q_population": 2 }, "geometry": { "type": "Polygon", "coordinates": [ [ [ 3.031519440235861, 50.631546981626421 ], [ 3.031252831452652, 50.633335575198558 ], [ 3.034068940511256, 50.633506446982985 ], [ 3.034335443217917, 50.631717845921969 ], [ 3.031519440235861, 50.631546981626421 ] ] ] } },
{ "type": "Feature", "properties": { "idcar_200m": "CRS3035RES200mN3081200E3829200", "population": 621.5, "median_education": 6.3797900162720769, "median_healthcare": 15.237096417729495, "median_services": 0.70838945032485989, "median_commerce": 36.247053375926164, "median_entertainment": 7.3620691894910024, "PC1_pos": 2.2655023452530245, "nivvie": 16142.427835880933, "rel_education": 1.111903266830891, "rel_sante": 0.96672530712658267, "rel_services": 1.0600921704730215, "rel_commerce": 0.96911498696518084, "rel_loisirs": 1.514722199397458, "rel_pc1": 1.0937445987408825, "q_revenu": 1, "q_population": 5 }, "geometry": { "type": "Polygon", "coordinates": [ [ [ 3.03715146501219, 50.631888641388926 ], [ 3.03688506838479, 50.63367724993585 ], [ 3.039701215065927, 50.633847984056487 ], [ 3.03996750561135, 50.632059368026589 ], [ 3.03715146501219, 50.631888641388926 ] ] ] } },
{ "type": "Feature", "properties": { "idcar_200m": "CRS3035RES200mN3081200E3829400", "population": 417.0, "median_education": 7.568561388455282, "median_healthcare": 19.353812615076848, "median_services": 0.82815828807023761, "median_commerce": 56.440444543879281, "median_entertainment": 8.037068329066857, "PC1_pos": 3.0040208301211555, "nivvie": 21743.302877697843, "rel_education": 1.3190885768292158, "rel_sante": 1.2279124533602235, "rel_services": 1.2393240987609193, "rel_commerce": 1.5090131633921535, "rel_loisirs": 1.6536011144108089, "rel_pc1": 1.4502883055206715, "q_revenu": 2, "q_population": 4 }, "geometry": { "type": "Polygon", "coordinates": [ [ [ 3.03996750561135, 50.632059368026589 ], [ 3.039701215065927, 50.633847984056487 ], [ 3.042517380547349, 50.634018649344121 ], [ 3.042783565008087, 50.632230025834211 ], [ 3.03996750561135, 50.632059368026589 ] ] ] } },
{ "type": "Feature", "properties": { "idcar_200m": "CRS3035RES200mN3081200E3829600", "population": 198.0, "median_education": 8.534240738676516, "median_healthcare": 23.34087547249398, "median_services": 0.96321759862584644, "median_commerce": 71.965533566041984, "median_entertainment": 8.6269348557369057, "PC1_pos": 3.520034454139306, "nivvie": 26211.019696969699, "rel_education": 1.4873922390945054, "rel_sante": 1.480873677710336, "rel_services": 1.4414379467351186, "rel_commerce": 1.9240978404638396, "rel_loisirs": 1.7749642664855001, "rel_pc1": 1.6994105875298418, "q_revenu": 4, "q_population": 3 }, "geometry": { "type": "Polygon", "coordinates": [ [ [ 3.042783565008087, 50.632230025834211 ], [ 3.042517380547349, 50.634018649344121 ], [ 3.045333564821731, 50.634189245798019 ], [ 3.045599643195069, 50.632400614811019 ], [ 3.042783565008087, 50.632230025834211 ] ] ] } },
{ "type": "Feature", "properties": { "idcar_200m": "CRS3035RES200mN3081200E3829800", "population": 68.0, "median_education": 8.5547394967093826, "median_healthcare": 28.541426952820256, "median_services": 1.0519864631185423, "median_commerce": 84.611278417460696, "median_entertainment": 9.1825769944433855, "PC1_pos": 3.8991476244807979, "nivvie": 28978.776470588236, "rel_education": 1.4909648701630178, "rel_sante": 1.8108253029554284, "rel_services": 1.5742789682767757, "rel_commerce": 2.2621992781102733, "rel_loisirs": 1.8892858601511495, "rel_pc1": 1.8824397436202664, "q_revenu": 4, "q_population": 2 }, "geometry": { "type": "Polygon", "coordinates": [ [ [ 3.045599643195069, 50.632400614811019 ], [ 3.045333564821731, 50.634189245798019 ], [ 3.048149767881748, 50.634359773417415 ], [ 3.048415740164977, 50.632571134956329 ], [ 3.045599643195069, 50.632400614811019 ] ] ] } },
{ "type": "Feature", "properties": { "idcar_200m": "CRS3035RES200mN3081200E3830000", "population": 156.0, "median_education": 8.0833620896151643, "median_healthcare": 35.805204001531763, "median_services": 1.052436636314861, "median_commerce": 85.690977864172808, "median_entertainment": 9.1637249831351184, "PC1_pos": 4.1565454482546702, "nivvie": 30067.620512820511, "rel_education": 1.4088107432212975, "rel_sante": 2.2716793204009007, "rel_services": 1.5749526444312631, "rel_commerce": 2.2910665326254129, "rel_loisirs": 1.8854071190938546, "rel_pc1": 2.0067068758394067, "q_revenu": 5, "q_population": 2 }, "geometry": { "type": "Polygon", "coordinates": [ [ [ 3.048415740164977, 50.632571134956329 ], [ 3.048149767881748, 50.634359773417415 ], [ 3.050965989720075, 50.634530232201605 ], [ 3.051231855910486, 50.632741586269368 ], [ 3.048415740164977, 50.632571134956329 ] ] ] } },
{ "type": "Feature", "properties": { "idcar_200m": "CRS3035RES200mN3081200E3830200", "population": 628.0, "median_education": 7.4050949057858304, "median_healthcare": 42.744684163593554, "median_services": 1.2397903096403486, "median_commerce": 101.86915030927794, "median_entertainment": 9.4002806273307122, "PC1_pos": 4.8128024076783404, "nivvie": 19084.148089171973, "rel_education": 1.2905987808274773, "rel_sante": 2.7119581574608338, "rel_services": 1.8553240730439116, "rel_commerce": 2.7236122961569542, "rel_loisirs": 1.9340776866249654, "rel_pc1": 2.323536168141723, "q_revenu": 1, "q_population": 5 }, "geometry": { "type": "Polygon", "coordinates": [ [ [ 3.051231855910486, 50.632741586269368 ], [ 3.050965989720075, 50.634530232201605 ], [ 3.053782230329389, 50.634700622149865 ], [ 3.054047990424273, 50.632911968749376 ], [ 3.051231855910486, 50.632741586269368 ] ] ] } },
{ "type": "Feature", "properties": { "idcar_200m": "CRS3035RES200mN3081200E3830400", "population": 464.5, "median_education": 8.3933769654445722, "median_healthcare": 56.752694192238543, "median_services": 1.8086960832414718, "median_commerce": 139.29754731864583, "median_entertainment": 11.852343244238662, "PC1_pos": 6.2634872963326611, "nivvie": 30926.59935414424, "rel_education": 1.4628417618475682, "rel_sante": 3.6007034555096848, "rel_services": 2.7066814105294941, "rel_commerce": 3.7243121352217168, "rel_loisirs": 2.4385817308744993, "rel_pc1": 3.0239012614576923, "q_revenu": 5, "q_population": 5 }, "geometry": { "type": "Polygon", "coordinates": [ [ [ 3.054047990424273, 50.632911968749376 ], [ 3.053782230329389, 50.634700622149865 ], [ 3.056598489702364, 50.634870943261369 ], [ 3.056864143699015, 50.633082282395655 ], [ 3.054047990424273, 50.632911968749376 ] ] ] } },
{ "type": "Feature", "properties": { "idcar_200m": "CRS3035RES200mN3081200E3830600", "population": 278.0, "median_education": 8.429626767824093, "median_healthcare": 55.706268184058672, "median_services": 1.9029219866336626, "median_commerce": 139.21859316016437, "median_entertainment": 11.787287324019317, "PC1_pos": 6.3116584667822675, "nivvie": 32792.046402877699, "rel_education": 1.4691595675410094, "rel_sante": 3.5343124269036146, "rel_services": 2.8476887933977753, "rel_commerce": 3.722201186850989, "rel_loisirs": 2.4251966832714236, "rel_pc1": 3.0471574534473764, "q_revenu": 5, "q_population": 3 }, "geometry": { "type": "Polygon", "coordinates": [ [ [ 3.056864143699015, 50.633082282395655 ], [ 3.056598489702364, 50.634870943261369 ], [ 3.059414767831673, 50.635041195535493 ], [ 3.059680315727383, 50.633252527207439 ], [ 3.056864143699015, 50.633082282395655 ] ] ] } },
{ "type": "Feature", "properties": { "idcar_200m": "CRS3035RES200mN3081200E3830800", "population": 274.0, "median_education": 9.2045593250847233, "median_healthcare": 53.902853136983715, "median_services": 1.938493105204858, "median_commerce": 174.7319078598571, "median_entertainment": 14.179871596868514, "PC1_pos": 7.0942664694442179, "nivvie": 32843.382116788322, "rel_education": 1.6042188782383859, "rel_sante": 3.4198938449465128, "rel_services": 2.900920337536383, "rel_commerce": 4.6716986578686228, "rel_loisirs": 2.9174632483815603, "rel_pc1": 3.4249868022610932, "q_revenu": 5, "q_population": 3 }, "geometry": { "type": "Polygon", "coordinates": [ [ [ 3.059680315727383, 50.633252527207439 ], [ 3.059414767831673, 50.635041195535493 ], [ 3.062231064709995, 50.635211378971398 ], [ 3.062496506502059, 50.633422703183996 ], [ 3.059680315727383, 50.633252527207439 ] ] ] } },
{ "type": "Feature", "properties": { "idcar_200m": "CRS3035RES200mN3081200E3831000", "population": 235.0, "median_education": 9.830709125331845, "median_healthcare": 51.330085021550701, "median_services": 2.0617006528284048, "median_commerce": 191.59000233193811, "median_entertainment": 15.376884276127264, "PC1_pos": 7.6794547281813745, "nivvie": 30562.29574468085, "rel_education": 1.7133475496593158, "rel_sante": 3.2566632675207861, "rel_services": 3.0852982337896471, "rel_commerce": 5.122423074971703, "rel_loisirs": 3.1637447803211987, "rel_pc1": 3.7075053785854375, "q_revenu": 5, "q_population": 3 }, "geometry": { "type": "Polygon", "coordinates": [ [ [ 3.062496506502059, 50.633422703183996 ], [ 3.062231064709995, 50.635211378971398 ], [ 3.065047380329999, 50.635381493568396 ], [ 3.065312716015712, 50.633592810324593 ], [ 3.062496506502059, 50.633422703183996 ] ] ] } },
{ "type": "Feature", "properties": { "idcar_200m": "CRS3035RES200mN3081200E3831200", "population": 381.5, "median_education": 12.185867683688535, "median_healthcare": 49.684291451106986, "median_services": 2.2512307741643802, "median_commerce": 186.06780252218502, "median_entertainment": 15.941731805657453, "PC1_pos": 7.8330968669730385, "nivvie": 30543.872346002623, "rel_education": 2.1238169363103414, "rel_sante": 3.1522450600594962, "rel_services": 3.3689266780090379, "rel_commerce": 4.9747794433323289, "rel_loisirs": 3.2799603537194355, "rel_pc1": 3.7816810949754425, "q_revenu": 5, "q_population": 4 }, "geometry": { "type": "Polygon", "coordinates": [ [ [ 3.065312716015712, 50.633592810324593 ], [ 3.065047380329999, 50.635381493568396 ], [ 3.067863714684359, 50.63555153932576 ], [ 3.068128944261022, 50.6337628486285 ], [ 3.065312716015712, 50.633592810324593 ] ] ] } },
{ "type": "Feature", "properties": { "idcar_200m": "CRS3035RES200mN3081200E3831400", "population": 418.5, "median_education": 13.206440171715629, "median_healthcare": 42.411727042148733, "median_services": 2.5380964350313295, "median_commerce": 164.68543092714305, "median_entertainment": 13.889921330631898, "PC1_pos": 7.1542534835279508, "nivvie": 30731.469295101553, "rel_education": 2.3016876625537961, "rel_sante": 2.6908335240881529, "rel_services": 3.798216020083744, "rel_commerce": 4.4030922345901011, "rel_loisirs": 2.8578069080667023, "rel_pc1": 3.4539474752818702, "q_revenu": 5, "q_population": 4 }, "geometry": { "type": "Polygon", "coordinates": [ [ [ 3.068128944261022, 50.6337628486285 ], [ 3.067863714684359, 50.63555153932576 ], [ 3.070680067765752, 50.635721516242718 ], [ 3.070945191230658, 50.633932818094941 ], [ 3.068128944261022, 50.6337628486285 ] ] ] } },
{ "type": "Feature", "properties": { "idcar_200m": "CRS3035RES200mN3081200E3831600", "population": 164.5, "median_education": 12.317894015186846, "median_healthcare": 29.177934037680192, "median_services": 2.0573708101220518, "median_commerce": 118.2835725067105, "median_entertainment": 10.763095738694263, "PC1_pos": 5.626628716891382, "nivvie": 16163.976291793313, "rel_education": 2.146827177858456, "rel_sante": 1.8512088176507537, "rel_services": 3.0788187014500852, "rel_commerce": 3.1624745228026909, "rel_loisirs": 2.2144725389041802, "rel_pc1": 2.7164371650795913, "q_revenu": 1, "q_population": 2 }, "geometry": { "type": "Polygon", "coordinates": [ [ [ 3.070945191230658, 50.633932818094941 ], [ 3.070680067765752, 50.635721516242718 ], [ 3.073496439566844, 50.635891424318537 ], [ 3.073761456917295, 50.634102718723256 ], [ 3.070945191230658, 50.633932818094941 ] ] ] } },
{ "type": "Feature", "properties": { "idcar_200m": "CRS3035RES200mN3081200E3831800", "population": 215.5, "median_education": 9.4148139205752592, "median_healthcare": 19.755412914171956, "median_services": 1.2959375110857221, "median_commerce": 77.400639454726146, "median_entertainment": 7.4614504669271238, "PC1_pos": 3.719656582046206, "nivvie": 18780.219025522041, "rel_education": 1.6408631519520749, "rel_sante": 1.2533921879396479, "rel_services": 1.9393473580023706, "rel_commerce": 2.069412895948179, "rel_loisirs": 1.5351695795106266, "rel_pc1": 1.7957846321848026, "q_revenu": 1, "q_population": 3 }, "geometry": { "type": "Polygon", "coordinates": [ [ [ 3.073761456917295, 50.634102718723256 ], [ 3.073496439566844, 50.635891424318537 ], [ 3.076312830080311, 50.63606126355252 ], [ 3.076577741313608, 50.63427255051262 ], [ 3.073761456917295, 50.634102718723256 ] ] ] } },
{ "type": "Feature", "properties": { "idcar_200m": "CRS3035RES200mN3081200E3832200", "population": 203.5, "median_education": 7.0168102938092902, "median_healthcare": 13.49816007508587, "median_services": 0.62529833060475226, "median_commerce": 53.379695822632897, "median_entertainment": 4.1058324439606091, "PC1_pos": 2.2814126098230756, "nivvie": 28835.906633906634, "rel_education": 1.2229265020509483, "rel_sante": 0.85639760926154329, "rel_services": 0.93574779265834906, "rel_commerce": 1.427179823000837, "rel_loisirs": 0.84476189910725841, "rel_pc1": 1.1014257940283181, "q_revenu": 4, "q_population": 3 }, "geometry": { "type": "Polygon", "coordinates": [ [ [ 3.079394044412268, 50.634442313462316 ], [ 3.079129239298826, 50.636231033943858 ], [ 3.081945667215055, 50.636400735491911 ], [ 3.082210366205946, 50.634612007571654 ], [ 3.079394044412268, 50.634442313462316 ] ] ] } },
{ "type": "Feature", "properties": { "idcar_200m": "CRS3035RES200mN3081200E3832400", "population": 450.0, "median_education": 7.022451008490096, "median_healthcare": 14.216661361687677, "median_services": 0.5390571357980245, "median_commerce": 52.448906961674624, "median_entertainment": 3.8165829456120783, "PC1_pos": 2.2284530165812759, "nivvie": 21260.730222222221, "rel_education": 1.2239095953917718, "rel_sante": 0.90198328765580515, "rel_services": 0.80668938369287846, "rel_commerce": 1.4022938984678925, "rel_loisirs": 0.78524973954503763, "rel_pc1": 1.0758578359191142, "q_revenu": 2, "q_population": 5 }, "geometry": { "type": "Polygon", "coordinates": [ [ [ 3.082210366205946, 50.634612007571654 ], [ 3.081945667215055, 50.636400735491911 ], [ 3.084762113821677, 50.636570368195834 ], [ 3.085026706687318, 50.634781632839868 ], [ 3.082210366205946, 50.634612007571654 ] ] ] } },
{ "type": "Feature", "properties": { "idcar_200m": "CRS3035RES200mN3081200E3832600", "population": 392.0, "median_education": 7.8839653330166124, "median_healthcare": 18.949798640151226, "median_services": 0.6286698169372017, "median_commerce": 64.42972480341588, "median_entertainment": 4.5300987067576752, "PC1_pos": 2.6706970792615716, "nivvie": 18295.168367346938, "rel_education": 1.3740588306204238, "rel_sante": 1.2022795818940466, "rel_services": 0.94079316178721939, "rel_commerce": 1.7226175950209122, "rel_loisirs": 0.93205332630974347, "rel_pc1": 1.2893654740353639, "q_revenu": 1, "q_population": 4 }, "geometry": { "type": "Polygon", "coordinates": [ [ [ 3.085026706687318, 50.634781632839868 ], [ 3.084762113821677, 50.636570368195834 ], [ 3.087578579111358, 50.636739932054986 ], [ 3.087843065849053, 50.634951189266211 ], [ 3.085026706687318, 50.634781632839868 ] ] ] } },
{ "type": "Feature", "properties": { "idcar_200m": "CRS3035RES200mN3081200E3832800", "population": 272.5, "median_education": 7.2834705998108387, "median_healthcare": 20.273073630284902, "median_services": 0.61764736260561237, "median_commerce": 52.520961108637856, "median_entertainment": 4.5268328126016124, "PC1_pos": 2.495750505419446, "nivvie": 15281.934678899082, "rel_education": 1.2694014588474891, "rel_sante": 1.2862354345170837, "rel_services": 0.92429825558702716, "rel_commerce": 1.404220365509802, "rel_loisirs": 0.93138137902811069, "rel_pc1": 1.2049043519319229, "q_revenu": 1, "q_population": 3 }, "geometry": { "type": "Polygon", "coordinates": [ [ [ 3.087843065849053, 50.634951189266211 ], [ 3.087578579111358, 50.636739932054986 ], [ 3.090395063076768, 50.636909427068552 ], [ 3.090659443683824, 50.635120676849972 ], [ 3.087843065849053, 50.634951189266211 ] ] ] } },
{ "type": "Feature", "properties": { "idcar_200m": "CRS3035RES200mN3081200E3833000", "population": 356.0, "median_education": 6.9377097501695149, "median_healthcare": 20.745215237572488, "median_services": 0.57035453608919351, "median_commerce": 48.339281445964517, "median_entertainment": 4.1930244547248909, "PC1_pos": 2.309223769107895, "nivvie": 21220.0154494382, "rel_education": 1.2091404444131832, "rel_sante": 1.3161906981578151, "rel_services": 0.8535253846943236, "rel_commerce": 1.2924173896994771, "rel_loisirs": 0.86270137657145907, "rel_pc1": 1.1148525315094027, "q_revenu": 2, "q_population": 4 }, "geometry": { "type": "Polygon", "coordinates": [ [ [ 3.090659443683824, 50.635120676849972 ], [ 3.090395063076768, 50.636909427068552 ], [ 3.093211565710578, 50.637078853235835 ], [ 3.093475840184299, 50.635290095590364 ], [ 3.090659443683824, 50.635120676849972 ] ] ] } },
{ "type": "Feature", "properties": { "idcar_200m": "CRS3035RES200mN3081200E3833200", "population": 526.0, "median_education": 6.6678727940208802, "median_healthcare": 16.758423071757871, "median_services": 0.43757636789387033, "median_commerce": 38.317139275189781, "median_entertainment": 3.5961541398953085, "PC1_pos": 1.8819773485426938, "nivvie": 16672.85855513308, "rel_education": 1.1621118443670817, "rel_sante": 1.0632466479736593, "rel_services": 0.65482522555296097, "rel_commerce": 1.0244615898593645, "rel_loisirs": 0.73989721747386905, "rel_pc1": 0.90858549064594518, "q_revenu": 1, "q_population": 5 }, "geometry": { "type": "Polygon", "coordinates": [ [ [ 3.093475840184299, 50.635290095590364 ], [ 3.093211565710578, 50.637078853235835 ], [ 3.096028087005459, 50.637248210556102 ], [ 3.096292255343151, 50.635459445486738 ], [ 3.093475840184299, 50.635290095590364 ] ] ] } },
{ "type": "Feature", "properties": { "idcar_200m": "CRS3035RES200mN3081200E3833400", "population": 380.0, "median_education": 6.4434201573700687, "median_healthcare": 16.502757343980051, "median_services": 0.4270153755866391, "median_commerce": 30.834030573606171, "median_entertainment": 3.4351656041218694, "PC1_pos": 1.747600956294558, "nivvie": 22475.382631578948, "rel_education": 1.1229930615694816, "rel_sante": 1.0470258062573747, "rel_services": 0.63902088903695631, "rel_commerce": 0.82439035326580701, "rel_loisirs": 0.70677434091457136, "rel_pc1": 0.84371093709377487, "q_revenu": 2, "q_population": 4 }, "geometry": { "type": "Polygon", "coordinates": [ [ [ 3.096292255343151, 50.635459445486738 ], [ 3.096028087005459, 50.637248210556102 ], [ 3.098844626954075, 50.637417499028643 ], [ 3.099108689153049, 50.635628726538258 ], [ 3.096292255343151, 50.635459445486738 ] ] ] } },
{ "type": "Feature", "properties": { "idcar_200m": "CRS3035RES200mN3081200E3833600", "population": 449.0, "median_education": 6.3806004137024397, "median_healthcare": 14.471996623649975, "median_services": 0.4749835587686041, "median_commerce": 24.311230313109462, "median_entertainment": 3.6502016782816407, "PC1_pos": 1.6202163034463024, "nivvie": 26392.066369710468, "rel_education": 1.1120445071456904, "rel_sante": 0.91818316280088419, "rel_services": 0.71080441912721548, "rel_commerce": 0.64999428791208835, "rel_loisirs": 0.75101732570830737, "rel_pc1": 0.7822118720819039, "q_revenu": 4, "q_population": 5 }, "geometry": { "type": "Polygon", "coordinates": [ [ [ 3.099108689153049, 50.635628726538258 ], [ 3.098844626954075, 50.637417499028643 ], [ 3.101661185549097, 50.637586718652642 ], [ 3.101925141606663, 50.63579793874429 ], [ 3.099108689153049, 50.635628726538258 ] ] ] } },
{ "type": "Feature", "properties": { "idcar_200m": "CRS3035RES200mN3081400E3825600", "population": 112.5, "median_education": 0.93584324248288997, "median_healthcare": 1.1967870710551918, "median_services": 0.12648943490764908, "median_commerce": 0.4230122083150249, "median_entertainment": 0.58721298823297485, "PC1_pos": 0.15162427659837352, "nivvie": 27956.623111111112, "rel_education": 0.16310366891454164, "rel_sante": 0.075930762470252502, "rel_services": 0.18928918200527017, "rel_commerce": 0.011309815076433173, "rel_loisirs": 0.12081719502455544, "rel_pc1": 0.07320152809152923, "q_revenu": 4, "q_population": 2 }, "geometry": { "type": "Polygon", "coordinates": [ [ [ 2.986197651319173, 50.630592266167682 ], [ 2.985929320227155, 50.632380737813058 ], [ 2.988745233294154, 50.632552718337529 ], [ 2.989013458343336, 50.630764239155354 ], [ 2.986197651319173, 50.630592266167682 ] ] ] } },
{ "type": "Feature", "properties": { "idcar_200m": "CRS3035RES200mN3081400E3825800", "population": 15.0, "median_education": 1.0651176749931441, "median_healthcare": 2.220960618872577, "median_services": 0.15520232262691513, "median_commerce": 1.016173257502704, "median_entertainment": 0.69389109011930317, "PC1_pos": 0.18234441357835296, "nivvie": 28082.78, "rel_education": 0.18563429507296395, "rel_sante": 0.14090997244707165, "rel_services": 0.2322575060661469, "rel_commerce": 0.027168794190954994, "rel_loisirs": 0.14276587344059966, "rel_pc1": 0.088032668727881083, "q_revenu": 4, "q_population": 1 }, "geometry": { "type": "Polygon", "coordinates": [ [ [ 2.989013458343336, 50.630764239155354 ], [ 2.988745233294154, 50.632552718337529 ], [ 2.991561165295916, 50.632724630039384 ], [ 2.991829284299541, 50.630936143323346 ], [ 2.989013458343336, 50.630764239155354 ] ] ] } },
{ "type": "Feature", "properties": { "idcar_200m": "CRS3035RES200mN3081400E3826600", "population": 147.0, "median_education": 4.1912774426054531, "median_healthcare": 4.8497380793921039, "median_services": 0.13580860934915717, "median_commerce": 6.6897066744650182, "median_entertainment": 1.1856098029380382, "PC1_pos": 0.55904135322232484, "nivvie": 23008.180272108842, "rel_education": 0.73047781647064158, "rel_sante": 0.30769409116743229, "rel_services": 0.20323516024673682, "rel_commerce": 0.17885853863450485, "rel_loisirs": 0.2439354265913459, "rel_pc1": 0.26989531122794824, "q_revenu": 3, "q_population": 2 }, "geometry": { "type": "Polygon", "coordinates": [ [ [ 3.000276875687227, 50.631451442902268 ], [ 3.000009074836671, 50.633239952202132 ], [ 3.002825082504344, 50.633411588606307 ], [ 3.003092777298427, 50.631623071784347 ], [ 3.000276875687227, 50.631451442902268 ] ] ] } },
{ "type": "Feature", "properties": { "idcar_200m": "CRS3035RES200mN3081400E3826800", "population": 325.5, "median_education": 5.9736832410483069, "median_healthcare": 7.5321246440637921, "median_services": 0.18225756733627715, "median_commerce": 9.3201301839212611, "median_entertainment": 1.6460763844271162, "PC1_pos": 0.83271492748865672, "nivvie": 21658.559447004609, "rel_education": 1.0411248479641639, "rel_sante": 0.47787946667947245, "rel_services": 0.27274519694504618, "rel_commerce": 0.24918654071074139, "rel_loisirs": 0.33867495363325184, "rel_pc1": 0.40202008889551732, "q_revenu": 2, "q_population": 4 }, "geometry": { "type": "Polygon", "coordinates": [ [ [ 3.003092777298427, 50.631623071784347 ], [ 3.002825082504344, 50.633411588606307 ], [ 3.005641109070194, 50.633583156184152 ], [ 3.005908697805074, 50.6317946318431 ], [ 3.003092777298427, 50.631623071784347 ] ] ] } },
{ "type": "Feature", "properties": { "idcar_200m": "CRS3035RES200mN3081400E3827000", "population": 426.0, "median_education": 7.4034251759739815, "median_healthcare": 10.408856520550563, "median_services": 0.20993454347259696, "median_commerce": 11.325688361013983, "median_entertainment": 1.6804962185793777, "PC1_pos": 1.0249356228793365, "nivvie": 23946.273708920187, "rel_education": 1.290307771557927, "rel_sante": 0.66039517902881439, "rel_services": 0.31416329780895125, "rel_commerce": 0.30280790591506435, "rel_loisirs": 0.34575672447078099, "rel_pc1": 0.49482085239518681, "q_revenu": 3, "q_population": 4 }, "geometry": { "type": "Polygon", "coordinates": [ [ [ 3.005908697805074, 50.6317946318431 ], [ 3.005641109070194, 50.633583156184152 ], [ 3.008457154526911, 50.633754654934982 ], [ 3.008724637199861, 50.631966123077774 ], [ 3.005908697805074, 50.6317946318431 ] ] ] } },
{ "type": "Feature", "properties": { "idcar_200m": "CRS3035RES200mN3081400E3827200", "population": 399.0, "median_education": 7.907901357527745, "median_healthcare": 8.647519773871851, "median_services": 0.29215650047703567, "median_commerce": 11.088721906801881, "median_entertainment": 1.8042171979620651, "PC1_pos": 1.0541059462540925, "nivvie": 24423.881203007517, "rel_education": 1.3782305265196604, "rel_sante": 0.54864627617321104, "rel_services": 0.43720698913072759, "rel_commerce": 0.29647228078705135, "rel_loisirs": 0.37121192044607287, "rel_pc1": 0.50890377034118472, "q_revenu": 3, "q_population": 4 }, "geometry": { "type": "Polygon", "coordinates": [ [ [ 3.008724637199861, 50.631966123077774 ], [ 3.008457154526911, 50.633754654934982 ], [ 3.011273218867164, 50.633926084858011 ], [ 3.011540595475461, 50.632137545487588 ], [ 3.008724637199861, 50.631966123077774 ] ] ] } },
{ "type": "Feature", "properties": { "idcar_200m": "CRS3035RES200mN3081400E3827400", "population": 538.0, "median_education": 6.0474587339561481, "median_healthcare": 6.4824499299761849, "median_services": 0.43018538817983198, "median_commerce": 10.690896470232698, "median_entertainment": 1.4722453724829245, "PC1_pos": 0.96532189974482829, "nivvie": 21779.889219330857, "rel_education": 1.053982827829812, "rel_sante": 0.41128232228005684, "rel_services": 0.6437647563105352, "rel_commerce": 0.28583586880683726, "rel_loisirs": 0.30290977865887803, "rel_pc1": 0.46604039766477223, "q_revenu": 2, "q_population": 5 }, "geometry": { "type": "Polygon", "coordinates": [ [ [ 3.011540595475461, 50.632137545487588 ], [ 3.011273218867164, 50.633926084858011 ], [ 3.014089302083636, 50.634097445952499 ], [ 3.01435657262456, 50.632308899071838 ], [ 3.011540595475461, 50.632137545487588 ] ] ] } },
{ "type": "Feature", "properties": { "idcar_200m": "CRS3035RES200mN3081400E3827600", "population": 448.5, "median_education": 6.4060142055621423, "median_healthcare": 7.0487865607891651, "median_services": 0.64441964729304979, "median_commerce": 12.395348526242147, "median_entertainment": 1.9002347096229708, "PC1_pos": 1.1734561166039565, "nivvie": 21087.69453734671, "rel_education": 1.1164737560895099, "rel_sante": 0.44721383694335348, "rel_services": 0.96436250184282879, "rel_commerce": 0.33140674638717704, "rel_loisirs": 0.3909672165048611, "rel_pc1": 0.5665239288250149, "q_revenu": 2, "q_population": 5 }, "geometry": { "type": "Polygon", "coordinates": [ [ [ 3.01435657262456, 50.632308899071838 ], [ 3.014089302083636, 50.634097445952499 ], [ 3.016905404169011, 50.63426873821772 ], [ 3.017172568639832, 50.632480183829763 ], [ 3.01435657262456, 50.632308899071838 ] ] ] } },
{ "type": "Feature", "properties": { "idcar_200m": "CRS3035RES200mN3081400E3827800", "population": 157.5, "median_education": 6.8461044623822662, "median_healthcare": 8.2682817536059687, "median_services": 1.0390546825127318, "median_commerce": 15.778647612430685, "median_entertainment": 2.3959542627340151, "PC1_pos": 1.5563447619644404, "nivvie": 25999.529523809524, "rel_education": 1.1931749943764525, "rel_sante": 0.52458532771133592, "rel_services": 1.5549267893811023, "rel_commerce": 0.42186391585156624, "rel_loisirs": 0.4929599297551695, "rel_pc1": 0.75137581770508155, "q_revenu": 4, "q_population": 2 }, "geometry": { "type": "Polygon", "coordinates": [ [ [ 3.017172568639832, 50.632480183829763 ], [ 3.016905404169011, 50.63426873821772 ], [ 3.019721525115959, 50.634439961652923 ], [ 3.019988583513967, 50.632651399760618 ], [ 3.017172568639832, 50.632480183829763 ] ] ] } },
{ "type": "Feature", "properties": { "idcar_200m": "CRS3035RES200mN3081400E3828000", "population": 46.0, "median_education": 6.5610139698424623, "median_healthcare": 10.29071474469926, "median_services": 1.2393819909921591, "median_commerce": 18.699694253480338, "median_entertainment": 2.8069654060289304, "PC1_pos": 1.826674185358597, "nivvie": 24966.704347826086, "rel_education": 1.1434879280013956, "rel_sante": 0.65289961416440634, "rel_services": 1.8547130314737619, "rel_commerce": 0.49996212836297671, "rel_loisirs": 0.57752415849635319, "rel_pc1": 0.88188609827822906, "q_revenu": 3, "q_population": 1 }, "geometry": { "type": "Polygon", "coordinates": [ [ [ 3.019988583513967, 50.632651399760618 ], [ 3.019721525115959, 50.634439961652923 ], [ 3.022537664917166, 50.634611116257382 ], [ 3.022804617239633, 50.632822546863672 ], [ 3.019988583513967, 50.632651399760618 ] ] ] } },
{ "type": "Feature", "properties": { "idcar_200m": "CRS3035RES200mN3081400E3828200", "population": 321.5, "median_education": 6.758667974481245, "median_healthcare": 12.33382022170457, "median_services": 1.1963466089171035, "median_commerce": 18.780919530006486, "median_entertainment": 3.3662446875704695, "PC1_pos": 1.9293979041951801, "nivvie": 25889.775116640747, "rel_education": 1.1779361046497692, "rel_sante": 0.78252547696670249, "rel_services": 1.7903113502090848, "rel_commerce": 0.5021337982083981, "rel_loisirs": 0.69259408267246658, "rel_pc1": 0.93147929904251314, "q_revenu": 4, "q_population": 4 }, "geometry": { "type": "Polygon", "coordinates": [ [ [ 3.022804617239633, 50.632822546863672 ], [ 3.022537664917166, 50.634611116257382 ], [ 3.025353823565313, 50.634782202030351 ], [ 3.025620669809521, 50.632993625138184 ], [ 3.022804617239633, 50.632822546863672 ] ] ] } },
{ "type": "Feature", "properties": { "idcar_200m": "CRS3035RES200mN3081400E3828400", "population": 450.0, "median_education": 7.6152470225738265, "median_healthcare": 17.350507251535696, "median_services": 1.3451102161197233, "median_commerce": 21.492195912102719, "median_entertainment": 4.4273215623718416, "PC1_pos": 2.3035737231657007, "nivvie": 24256.678, "rel_education": 1.3272251940153741, "rel_sante": 1.1008117289345238, "rel_services": 2.0129334335482709, "rel_commerce": 0.57462351339830375, "rel_loisirs": 0.91090725742816814, "rel_pc1": 1.1121247889207175, "q_revenu": 3, "q_population": 5 }, "geometry": { "type": "Polygon", "coordinates": [ [ [ 3.025620669809521, 50.632993625138184 ], [ 3.025353823565313, 50.634782202030351 ], [ 3.028170001053068, 50.634953218971056 ], [ 3.028436741216299, 50.63316463458338 ], [ 3.025620669809521, 50.632993625138184 ] ] ] } },
{ "type": "Feature", "properties": { "idcar_200m": "CRS3035RES200mN3081400E3828600", "population": 405.0, "median_education": 7.4852848808045884, "median_healthcare": 24.429128425142881, "median_services": 1.2080826589600109, "median_commerce": 25.606320516592127, "median_entertainment": 5.7386265597065762, "PC1_pos": 2.525116263467464, "nivvie": 22589.461728395061, "rel_education": 1.3045747102801752, "rel_sante": 1.5499184380136699, "rel_services": 1.8078741396564153, "rel_commerce": 0.68462031151323488, "rel_loisirs": 1.1807040684224253, "rel_pc1": 1.2190816222932845, "q_revenu": 3, "q_population": 4 }, "geometry": { "type": "Polygon", "coordinates": [ [ [ 3.028436741216299, 50.63316463458338 ], [ 3.028170001053068, 50.634953218971056 ], [ 3.030986197373113, 50.635124167078786 ], [ 3.031252831452652, 50.633335575198558 ], [ 3.028436741216299, 50.63316463458338 ] ] ] } },
{ "type": "Feature", "properties": { "idcar_200m": "CRS3035RES200mN3081400E3828800", "population": 145.0, "median_education": 5.5417131584087507, "median_healthcare": 19.109586114491798, "median_services": 0.97121723494081902, "median_commerce": 19.759139093687825, "median_entertainment": 5.3799996644834689, "PC1_pos": 2.0724527772807653, "nivvie": 32256.16827586207, "rel_education": 0.96583883622473798, "rel_sante": 1.2124173792126443, "rel_services": 1.4534092597187394, "rel_commerce": 0.52828784802519657, "rel_loisirs": 1.1069177312509615, "rel_pc1": 1.0005436701691943, "q_revenu": 5, "q_population": 2 }, "geometry": { "type": "Polygon", "coordinates": [ [ [ 3.031252831452652, 50.633335575198558 ], [ 3.030986197373113, 50.635124167078786 ], [ 3.033802412518127, 50.635295046352795 ], [ 3.034068940511256, 50.633506446982985 ], [ 3.031252831452652, 50.633335575198558 ] ] ] } },
{ "type": "Feature", "properties": { "idcar_200m": "CRS3035RES200mN3081400E3829000", "population": 80.5, "median_education": 4.6253823929578832, "median_healthcare": 16.243133748843839, "median_services": 0.78477152319836874, "median_commerce": 18.712564418382485, "median_entertainment": 5.4418243632180303, "PC1_pos": 1.7882610103035221, "nivvie": 29316.863354037268, "rel_education": 0.80613590415271497, "rel_sante": 1.0305538556399776, "rel_services": 1.1743965794115985, "rel_commerce": 0.50030622998034202, "rel_loisirs": 1.1196379653636723, "rel_pc1": 0.86334089446283258, "q_revenu": 5, "q_population": 2 }, "geometry": { "type": "Polygon", "coordinates": [ [ [ 3.034068940511256, 50.633506446982985 ], [ 3.033802412518127, 50.635295046352795 ], [ 3.036618646480785, 50.635465856792337 ], [ 3.03688506838479, 50.63367724993585 ], [ 3.034068940511256, 50.633506446982985 ] ] ] } },
{ "type": "Feature", "properties": { "idcar_200m": "CRS3035RES200mN3081400E3829200", "population": 25.0, "median_education": 5.154490195481757, "median_healthcare": 12.150581685973588, "median_services": 0.5401073165114183, "median_commerce": 29.941185705342093, "median_entertainment": 5.1485791011746365, "PC1_pos": 1.81112022502088, "nivvie": 24333.608, "rel_education": 0.89835158721304587, "rel_sante": 0.77089981516897033, "rel_services": 0.80826096038891759, "rel_commerce": 0.80051891373399808, "rel_loisirs": 1.0593036901955841, "rel_pc1": 0.87437692039366244, "q_revenu": 3, "q_population": 1 }, "geometry": { "type": "Polygon", "coordinates": [ [ [ 3.03688506838479, 50.63367724993585 ], [ 3.036618646480785, 50.635465856792337 ], [ 3.039434899253761, 50.635636598396673 ], [ 3.039701215065927, 50.633847984056487 ], [ 3.03688506838479, 50.63367724993585 ] ] ] } },
{ "type": "Feature", "properties": { "idcar_200m": "CRS3035RES200mN3081400E3829400", "population": 62.5, "median_education": 6.8573949438239303, "median_healthcare": 16.123352824234736, "median_services": 0.65889702679299411, "median_commerce": 42.792687518470579, "median_entertainment": 6.7324373642495594, "PC1_pos": 2.4045119449335077, "nivvie": 19280.7184, "rel_education": 1.1951427587020902, "rel_sante": 1.0229542941516152, "rel_services": 0.98602764190077219, "rel_commerce": 1.1441215476624389, "rel_loisirs": 1.3851774642703092, "rel_pc1": 1.1608559831727887, "q_revenu": 2, "q_population": 1 }, "geometry": { "type": "Polygon", "coordinates": [ [ [ 3.039701215065927, 50.633847984056487 ], [ 3.039434899253761, 50.635636598396673 ], [ 3.042251170829733, 50.635807271165028 ], [ 3.042517380547349, 50.634018649344121 ], [ 3.039701215065927, 50.633847984056487 ] ] ] } },
{ "type": "Feature", "properties": { "idcar_200m": "CRS3035RES200mN3081400E3829600", "population": 871.0, "median_education": 7.8136165955310126, "median_healthcare": 19.641779198764546, "median_services": 0.68129578688019965, "median_commerce": 53.774406696994333, "median_entertainment": 6.7765009146417086, "PC1_pos": 2.6955525614385034, "nivvie": 17018.102066590127, "rel_education": 1.3617980836635242, "rel_sante": 1.2461826392555992, "rel_services": 1.0195469866423703, "rel_commerce": 1.4377329628628446, "rel_loisirs": 1.3942433988934897, "rel_pc1": 1.3013652627078771, "q_revenu": 1, "q_population": 5 }, "geometry": { "type": "Polygon", "coordinates": [ [ [ 3.042517380547349, 50.634018649344121 ], [ 3.042251170829733, 50.635807271165028 ], [ 3.045067461201376, 50.635977875096721 ], [ 3.045333564821731, 50.634189245798019 ], [ 3.042517380547349, 50.634018649344121 ] ] ] } },
{ "type": "Feature", "properties": { "idcar_200m": "CRS3035RES200mN3081400E3829800", "population": 400.0, "median_education": 7.4783872660313673, "median_healthcare": 24.368697227486486, "median_services": 0.74607891302773699, "median_commerce": 60.357458958119416, "median_entertainment": 7.1417528453448726, "PC1_pos": 2.9868463858672487, "nivvie": 23964.432, "rel_education": 1.3033725577986477, "rel_sante": 1.5460843500409489, "rel_services": 1.1164937788006617, "rel_commerce": 1.6137399485911934, "rel_loisirs": 1.4693928159349119, "rel_pc1": 1.4419967865653074, "q_revenu": 3, "q_population": 4 }, "geometry": { "type": "Polygon", "coordinates": [ [ [ 3.045333564821731, 50.634189245798019 ], [ 3.045067461201376, 50.635977875096721 ], [ 3.047883770361367, 50.636148410190977 ], [ 3.048149767881748, 50.634359773417415 ], [ 3.045333564821731, 50.634189245798019 ] ] ] } },
{ "type": "Feature", "properties": { "idcar_200m": "CRS3035RES200mN3081400E3830000", "population": 220.5, "median_education": 7.4960953301325581, "median_healthcare": 31.615258417552557, "median_services": 0.96467968331595966, "median_commerce": 76.515917070925568, "median_entertainment": 8.0857389708174381, "PC1_pos": 3.6686159712684949, "nivvie": 32596.080725623582, "rel_education": 1.30645881209121, "rel_sante": 2.0058460986065647, "rel_services": 1.4436259303814682, "rel_commerce": 2.0457586222461921, "rel_loisirs": 1.6636149433522376, "rel_pc1": 1.7711431249837486, "q_revenu": 5, "q_population": 3 }, "geometry": { "type": "Polygon", "coordinates": [ [ [ 3.048149767881748, 50.634359773417415 ], [ 3.047883770361367, 50.636148410190977 ], [ 3.050700098302377, 50.636318876447049 ], [ 3.050965989720075, 50.634530232201605 ], [ 3.048149767881748, 50.634359773417415 ] ] ] } },
{ "type": "Feature", "properties": { "idcar_200m": "CRS3035RES200mN3081400E3830200", "population": 527.5, "median_education": 7.0726488582569456, "median_healthcare": 38.947765414838976, "median_services": 1.1605440977930628, "median_commerce": 86.115084117934543, "median_entertainment": 8.2099982540437111, "PC1_pos": 4.208474807165171, "nivvie": 31506.66805687204, "rel_education": 1.2326583399431263, "rel_sante": 2.4710607224840846, "rel_services": 1.7367335312445822, "rel_commerce": 2.3024055985164664, "rel_loisirs": 1.6891808936224042, "rel_pc1": 2.0317774549731897, "q_revenu": 5, "q_population": 5 }, "geometry": { "type": "Polygon", "coordinates": [ [ [ 3.050965989720075, 50.634530232201605 ], [ 3.050700098302377, 50.636318876447049 ], [ 3.053516445017082, 50.636489273864242 ], [ 3.053782230329389, 50.634700622149865 ], [ 3.050965989720075, 50.634530232201605 ] ] ] } },
{ "type": "Feature", "properties": { "idcar_200m": "CRS3035RES200mN3081400E3830400", "population": 514.0, "median_education": 7.5513412666452258, "median_healthcare": 47.471692488564187, "median_services": 1.5786191270641829, "median_commerce": 127.03920902746475, "median_entertainment": 10.009153827112037, "PC1_pos": 5.5170140604880089, "nivvie": 34097.336575875488, "rel_education": 1.3160873636784707, "rel_sante": 3.0118655971374602, "rel_services": 2.3623753515700372, "rel_commerce": 3.3965685465204412, "rel_loisirs": 2.0593514009284708, "rel_pc1": 2.6635171411232106, "q_revenu": 5, "q_population": 5 }, "geometry": { "type": "Polygon", "coordinates": [ [ [ 3.053782230329389, 50.634700622149865 ], [ 3.053516445017082, 50.636489273864242 ], [ 3.056332810498157, 50.63665960244176 ], [ 3.056598489702364, 50.634870943261369 ], [ 3.053782230329389, 50.634700622149865 ] ] ] } },
{ "type": "Feature", "properties": { "idcar_200m": "CRS3035RES200mN3081400E3830600", "population": 151.0, "median_education": 7.7171900609120128, "median_healthcare": 51.87075541467906, "median_services": 1.6951520424868918, "median_commerce": 149.3972455175815, "median_entertainment": 11.218326001001651, "PC1_pos": 6.3261780039009814, "nivvie": 30985.664900662254, "rel_education": 1.3449923614409143, "rel_sante": 3.2909663747219118, "rel_services": 2.5367647798504223, "rel_commerce": 3.9943415024892488, "rel_loisirs": 2.3081347100148273, "rel_pc1": 3.0541672300353753, "q_revenu": 5, "q_population": 2 }, "geometry": { "type": "Polygon", "coordinates": [ [ [ 3.056598489702364, 50.634870943261369 ], [ 3.056332810498157, 50.63665960244176 ], [ 3.059149194738273, 50.636829862178899 ], [ 3.059414767831673, 50.635041195535493 ], [ 3.056598489702364, 50.634870943261369 ] ] ] } },
{ "type": "Feature", "properties": { "idcar_200m": "CRS3035RES200mN3081400E3830800", "population": 372.0, "median_education": 8.6188081026604078, "median_healthcare": 50.30987824246408, "median_services": 2.0098239178466475, "median_commerce": 186.78979006865228, "median_entertainment": 13.665199248123738, "PC1_pos": 7.4097480018825017, "nivvie": 20368.958333333332, "rel_education": 1.5021310828559982, "rel_sante": 3.1919357311971628, "rel_services": 3.0076656256831247, "rel_commerce": 4.9940827766109548, "rel_loisirs": 2.8115710580211974, "rel_pc1": 3.5772957251937383, "q_revenu": 2, "q_population": 4 }, "geometry": { "type": "Polygon", "coordinates": [ [ [ 3.059414767831673, 50.635041195535493 ], [ 3.059149194738273, 50.636829862178899 ], [ 3.06196559773011, 50.637000053074892 ], [ 3.062231064709995, 50.635211378971398 ], [ 3.059414767831673, 50.635041195535493 ] ] ] } },
{ "type": "Feature", "properties": { "idcar_200m": "CRS3035RES200mN3081400E3831000", "population": 76.0, "median_education": 10.273123289813872, "median_healthcare": 48.917895260240009, "median_services": 2.1996176910104204, "median_commerce": 214.03512875563391, "median_entertainment": 15.182836878181337, "PC1_pos": 8.0674744372249272, "nivvie": 32304.614473684214, "rel_education": 1.7904538107627608, "rel_sante": 3.1036206651823703, "rel_services": 3.291688620157676, "rel_commerce": 5.7225245004845018, "rel_loisirs": 3.1238201485582189, "rel_pc1": 3.8948344545674778, "q_revenu": 5, "q_population": 2 }, "geometry": { "type": "Polygon", "coordinates": [ [ [ 3.062231064709995, 50.635211378971398 ], [ 3.06196559773011, 50.637000053074892 ], [ 3.064782019466326, 50.637170175129029 ], [ 3.065047380329999, 50.635381493568396 ], [ 3.062231064709995, 50.635211378971398 ] ] ] } },
{ "type": "Feature", "properties": { "idcar_200m": "CRS3035RES200mN3081400E3831200", "population": 270.0, "median_education": 11.923402717675204, "median_healthcare": 47.031095525103083, "median_services": 2.3139404712959273, "median_commerce": 207.53771488083461, "median_entertainment": 16.411680268019662, "PC1_pos": 7.9833844784208559, "nivvie": 31370.68888888889, "rel_education": 2.0780731653720292, "rel_sante": 2.9839116994168049, "rel_services": 3.4627706206473725, "rel_commerce": 5.5488071751814321, "rel_loisirs": 3.3766507474376661, "rel_pc1": 3.8542373046934069, "q_revenu": 5, "q_population": 3 }, "geometry": { "type": "Polygon", "coordinates": [ [ [ 3.065047380329999, 50.635381493568396 ], [ 3.064782019466326, 50.637170175129029 ], [ 3.067598459939607, 50.637340228340555 ], [ 3.067863714684359, 50.63555153932576 ], [ 3.065047380329999, 50.635381493568396 ] ] ] } },
{ "type": "Feature", "properties": { "idcar_200m": "CRS3035RES200mN3081400E3831400", "population": 216.0, "median_education": 12.419329241844567, "median_healthcare": 41.552331140255248, "median_services": 2.3747637760002176, "median_commerce": 179.11482586259552, "median_entertainment": 13.920625523956179, "PC1_pos": 7.421976029015493, "nivvie": 22337.815740740742, "rel_education": 2.1645058412007891, "rel_sante": 2.6363087153959528, "rel_services": 3.5537916106829299, "rel_commerce": 4.7888820183763308, "rel_loisirs": 2.8641241976826799, "rel_pc1": 3.5831992011526088, "q_revenu": 2, "q_population": 3 }, "geometry": { "type": "Polygon", "coordinates": [ [ [ 3.067863714684359, 50.63555153932576 ], [ 3.067598459939607, 50.637340228340555 ], [ 3.070414919142624, 50.637510212708747 ], [ 3.070680067765752, 50.635721516242718 ], [ 3.067863714684359, 50.63555153932576 ] ] ] } },
{ "type": "Feature", "properties": { "idcar_200m": "CRS3035RES200mN3081400E3831800", "population": 326.0, "median_education": 9.0030952056402587, "median_healthcare": 21.069538551674732, "median_services": 1.1576165182498661, "median_commerce": 94.013521176138255, "median_entertainment": 6.9940418322326066, "PC1_pos": 3.7024611096697666, "nivvie": 22059.037730061351, "rel_education": 1.5691066547971504, "rel_sante": 1.3367675552464784, "rel_services": 1.7323524607038556, "rel_commerce": 2.5135812118089444, "rel_loisirs": 1.4390017472152621, "rel_pc1": 1.7874829612225382, "q_revenu": 2, "q_population": 4 }, "geometry": { "type": "Polygon", "coordinates": [ [ [ 3.073496439566844, 50.635891424318537 ], [ 3.073231397068042, 50.637680128232859 ], [ 3.076047893708533, 50.637849974912143 ], [ 3.076312830080311, 50.63606126355252 ], [ 3.073496439566844, 50.635891424318537 ] ] ] } },
{ "type": "Feature", "properties": { "idcar_200m": "CRS3035RES200mN3081400E3832200", "population": 7.0, "median_education": 7.8864266929566895, "median_healthcare": 14.738217062222541, "median_services": 0.62816179653031667, "median_commerce": 54.608116573727571, "median_entertainment": 4.1406875404600019, "PC1_pos": 2.3546735478285323, "nivvie": 31808.057142857142, "rel_education": 1.3744878093409207, "rel_sante": 0.93507365349456883, "rel_services": 0.94003291831446245, "rel_commerce": 1.460023346799534, "rel_loisirs": 0.85193322378118763, "rel_pc1": 1.1367948835417565, "q_revenu": 5, "q_population": 1 }, "geometry": { "type": "Polygon", "coordinates": [ [ [ 3.079129239298826, 50.636231033943858 ], [ 3.078864409056774, 50.638019752745855 ], [ 3.081680943105428, 50.63818946173329 ], [ 3.081945667215055, 50.636400735491911 ], [ 3.079129239298826, 50.636231033943858 ] ] ] } },
{ "type": "Feature", "properties": { "idcar_200m": "CRS3035RES200mN3081400E3832400", "population": 1083.5, "median_education": 7.9884045104290164, "median_healthcare": 15.693952264441437, "median_services": 0.53110017324718806, "median_commerce": 56.262511455698096, "median_entertainment": 3.8459008530564422, "PC1_pos": 2.33802999094411, "nivvie": 15443.237748038762, "rel_education": 1.3922610382563798, "rel_sante": 0.99571075793801678, "rel_services": 0.79478193123573004, "rel_commerce": 1.504255876761293, "rel_loisirs": 0.79128180527314151, "rel_pc1": 1.1287596676505365, "q_revenu": 1, "q_population": 5 }, "geometry": { "type": "Polygon", "coordinates": [ [ [ 3.081945667215055, 50.636400735491911 ], [ 3.081680943105428, 50.63818946173329 ], [ 3.084497495847167, 50.638359101873696 ], [ 3.084762113821677, 50.636570368195834 ], [ 3.081945667215055, 50.636400735491911 ] ] ] } },
{ "type": "Feature", "properties": { "idcar_200m": "CRS3035RES200mN3081400E3832600", "population": 588.0, "median_education": 8.3731026750194975, "median_healthcare": 19.438960122656134, "median_services": 0.61502037377380825, "median_commerce": 65.216569130291333, "median_entertainment": 4.5303241706914736, "PC1_pos": 2.6996753530061715, "nivvie": 18784.130612244899, "rel_education": 1.459308252171102, "rel_sante": 1.2333146801466779, "rel_services": 0.92036701368154916, "rel_commerce": 1.7436549638154191, "rel_loisirs": 0.93209971479332021, "rel_pc1": 1.3033556738051422, "q_revenu": 1, "q_population": 5 }, "geometry": { "type": "Polygon", "coordinates": [ [ [ 3.084762113821677, 50.636570368195834 ], [ 3.084497495847167, 50.638359101873696 ], [ 3.087314067274665, 50.638528673166348 ], [ 3.087578579111358, 50.636739932054986 ], [ 3.084762113821677, 50.636570368195834 ] ] ] } },
{ "type": "Feature", "properties": { "idcar_200m": "CRS3035RES200mN3081400E3832800", "population": 243.0, "median_education": 7.196139644186867, "median_healthcare": 18.601164495542918, "median_services": 0.52909529122355803, "median_commerce": 52.137274088908391, "median_entertainment": 4.0362848582789841, "PC1_pos": 2.3205891666798428, "nivvie": 19734.260082304529, "rel_education": 1.2541809618395801, "rel_sante": 1.1801603118388202, "rel_services": 0.7917816610665489, "rel_commerce": 1.3939619636124829, "rel_loisirs": 0.83045270569505447, "rel_pc1": 1.1203395451215965, "q_revenu": 2, "q_population": 3 }, "geometry": { "type": "Polygon", "coordinates": [ [ [ 3.087578579111358, 50.636739932054986 ], [ 3.087314067274665, 50.638528673166348 ], [ 3.090130657380588, 50.638698175610457 ], [ 3.090395063076768, 50.636909427068552 ], [ 3.087578579111358, 50.636739932054986 ] ] ] } },
{ "type": "Feature", "properties": { "idcar_200m": "CRS3035RES200mN3081400E3833000", "population": 351.0, "median_education": 5.540936712640816, "median_healthcare": 19.664742732518381, "median_services": 0.42979200615579194, "median_commerce": 36.071990124559058, "median_entertainment": 3.0889350062721785, "PC1_pos": 1.8803784723421959, "nivvie": 22969.791737891737, "rel_education": 0.96570351318374736, "rel_sante": 1.2476395722966644, "rel_services": 0.64317606713186604, "rel_commerce": 0.96443442938144641, "rel_loisirs": 0.63553850229705355, "rel_pc1": 0.90781358139940904, "q_revenu": 3, "q_population": 4 }, "geometry": { "type": "Polygon", "coordinates": [ [ [ 3.090395063076768, 50.636909427068552 ], [ 3.090130657380588, 50.638698175610457 ], [ 3.092947266157605, 50.638867609205377 ], [ 3.093211565710578, 50.637078853235835 ], [ 3.090395063076768, 50.636909427068552 ] ] ] } },
{ "type": "Feature", "properties": { "idcar_200m": "CRS3035RES200mN3081400E3833400", "population": 152.5, "median_education": 5.4283535331514843, "median_healthcare": 16.549607725572425, "median_services": 0.40795695556068162, "median_commerce": 22.627216709733187, "median_entertainment": 2.682886679654549, "PC1_pos": 1.4926738449085901, "nivvie": 20600.912786885248, "rel_education": 0.94608192614951703, "rel_sante": 1.0499982524697113, "rel_services": 0.61050030358521279, "rel_commerce": 0.60496986056459268, "rel_loisirs": 0.55199535722122794, "rel_pc1": 0.7206366212647719, "q_revenu": 2, "q_population": 2 }, "geometry": { "type": "Polygon", "coordinates": [ [ [ 3.096028087005459, 50.637248210556102 ], [ 3.095763893598383, 50.639036973950311 ], [ 3.098580539695592, 50.639206269844529 ], [ 3.098844626954075, 50.637417499028643 ], [ 3.096028087005459, 50.637248210556102 ] ] ] } },
{ "type": "Feature", "properties": { "idcar_200m": "CRS3035RES200mN3081600E3825200", "population": 8.0, "median_education": 0.75585026910791198, "median_healthcare": 1.4238347997979666, "median_services": 0.11317097977142508, "median_commerce": 0.96132188675821251, "median_entertainment": 1.2391793238636046, "PC1_pos": 0.19120486759453215, "nivvie": 28082.775, "rel_education": 0.13173354942913748, "rel_sante": 0.090335920729004204, "rel_services": 0.16935835157543735, "rel_commerce": 0.025702267108249421, "rel_loisirs": 0.25495718426144087, "rel_pc1": 0.092310339745478545, "q_revenu": 4, "q_population": 1 }, "geometry": { "type": "Polygon", "coordinates": [ [ [ 2.980297550926746, 50.632036570299412 ], [ 2.980028982280041, 50.633825025157563 ], [ 2.982844963502763, 50.633997150868332 ], [ 2.98311342610225, 50.632208688466783 ], [ 2.980297550926746, 50.632036570299412 ] ] ] } },
{ "type": "Feature", "properties": { "idcar_200m": "CRS3035RES200mN3081600E3825400", "population": 139.0, "median_education": 0.74123892196129648, "median_healthcare": 1.3709885416281204, "median_services": 0.10041486128426499, "median_commerce": 0.84717924600292738, "median_entertainment": 0.92574049914093726, "PC1_pos": 0.15604155625864147, "nivvie": 27071.961151079136, "rel_education": 0.12918700721008569, "rel_sante": 0.086983063087420293, "rel_services": 0.15026904790545295, "rel_commerce": 0.022650506109624439, "rel_loisirs": 0.19046814813037757, "rel_pc1": 0.075334112849019932, "q_revenu": 4, "q_population": 2 }, "geometry": { "type": "Polygon", "coordinates": [ [ [ 2.98311342610225, 50.632208688466783 ], [ 2.982844963502763, 50.633997150868332 ], [ 2.98566096367762, 50.634169207755114 ], [ 2.985929320227155, 50.632380737813058 ], [ 2.98311342610225, 50.632208688466783 ] ] ] } },
{ "type": "Feature", "properties": { "idcar_200m": "CRS3035RES200mN3081600E3825600", "population": 68.0, "median_education": 0.79032395355456875, "median_healthcare": 1.4553727177418612, "median_services": 0.095720344904492688, "median_commerce": 0.92103233259384676, "median_entertainment": 0.66582064243717154, "PC1_pos": 0.13281719585485807, "nivvie": 26466.725, "rel_education": 0.13774180397327893, "rel_sante": 0.092336859922049458, "rel_services": 0.14324378792159556, "rel_commerce": 0.024625070284720461, "rel_loisirs": 0.13699046857047925, "rel_pc1": 0.064121801017132274, "q_revenu": 4, "q_population": 2 }, "geometry": { "type": "Polygon", "coordinates": [ [ [ 2.985929320227155, 50.632380737813058 ], [ 2.98566096367762, 50.634169207755114 ], [ 2.988476982797303, 50.634341195817115 ], [ 2.988745233294154, 50.632552718337529 ], [ 2.985929320227155, 50.632380737813058 ] ] ] } },
{ "type": "Feature", "properties": { "idcar_200m": "CRS3035RES200mN3081600E3825800", "population": 8.0, "median_education": 1.0279135302749141, "median_healthcare": 2.2133372000803262, "median_services": 0.12248799671022698, "median_commerce": 1.25537221370511, "median_entertainment": 0.76067286966905567, "PC1_pos": 0.1978378393503526, "nivvie": 28082.775, "rel_education": 0.17915016159108776, "rel_sante": 0.14042630077687612, "rel_services": 0.18330110115260703, "rel_commerce": 0.03356410834016358, "rel_loisirs": 0.15650601108337983, "rel_pc1": 0.095512621591149816, "q_revenu": 4, "q_population": 1 }, "geometry": { "type": "Polygon", "coordinates": [ [ [ 2.988745233294154, 50.632552718337529 ], [ 2.988476982797303, 50.634341195817115 ], [ 2.991293020854483, 50.634513115053565 ], [ 2.991561165295916, 50.632724630039384 ], [ 2.988745233294154, 50.632552718337529 ] ] ] } },
{ "type": "Feature", "properties": { "idcar_200m": "CRS3035RES200mN3081600E3826800", "population": 181.0, "median_education": 5.3761363760445606, "median_healthcare": 7.7467072341354664, "median_services": 0.18534035728104986, "median_commerce": 9.3772936076727333, "median_entertainment": 1.4351140100409261, "PC1_pos": 0.78842014540348382, "nivvie": 23020.594475138121, "rel_education": 0.93698124612341527, "rel_sante": 0.49149376789565974, "rel_services": 0.27735853708184216, "rel_commerce": 0.25071488372084072, "rel_loisirs": 0.29527011954441967, "rel_pc1": 0.38063534887987571, "q_revenu": 3, "q_population": 3 }, "geometry": { "type": "Polygon", "coordinates": [ [ [ 3.002825082504344, 50.633411588606307 ], [ 3.002557362311879, 50.635200103729325 ], [ 3.005373494946793, 50.635371678827013 ], [ 3.005641109070194, 50.633583156184152 ], [ 3.002825082504344, 50.633411588606307 ] ] ] } },
{ "type": "Feature", "properties": { "idcar_200m": "CRS3035RES200mN3081600E3827000", "population": 349.5, "median_education": 7.0214876815798632, "median_healthcare": 8.5010156259703447, "median_services": 0.30150817796033347, "median_commerce": 11.721390646513186, "median_entertainment": 1.7684263142917991, "PC1_pos": 1.0054061049341239, "nivvie": 23458.894420600856, "rel_education": 1.2237417017250867, "rel_sante": 0.53935124623492137, "rel_services": 0.45120160759418232, "rel_commerce": 0.31338755252182399, "rel_loisirs": 0.36384806055342328, "rel_pc1": 0.48539234537406351, "q_revenu": 3, "q_population": 4 }, "geometry": { "type": "Polygon", "coordinates": [ [ [ 3.005641109070194, 50.633583156184152 ], [ 3.005373494946793, 50.635371678827013 ], [ 3.008189646475295, 50.635543185094733 ], [ 3.008457154526911, 50.633754654934982 ], [ 3.005641109070194, 50.633583156184152 ] ] ] } },
{ "type": "Feature", "properties": { "idcar_200m": "CRS3035RES200mN3081600E3827200", "population": 425.5, "median_education": 7.8856348330902026, "median_healthcare": 8.2112088273853487, "median_services": 0.43960482556387359, "median_commerce": 13.808356045982716, "median_entertainment": 1.8476034946390096, "PC1_pos": 1.1408768918035754, "nivvie": 23627.921974148063, "rel_education": 1.3743497998499854, "rel_sante": 0.52096430697243434, "rel_services": 0.65786077625620798, "rel_commerce": 0.36918545214494114, "rel_loisirs": 0.38013851228251222, "rel_pc1": 0.55079525335873447, "q_revenu": 3, "q_population": 4 }, "geometry": { "type": "Polygon", "coordinates": [ [ [ 3.008457154526911, 50.633754654934982 ], [ 3.008189646475295, 50.635543185094733 ], [ 3.011005816890059, 50.63571462253168 ], [ 3.011273218867164, 50.633926084858011 ], [ 3.008457154526911, 50.633754654934982 ] ] ] } },
{ "type": "Feature", "properties": { "idcar_200m": "CRS3035RES200mN3081600E3827400", "population": 406.0, "median_education": 7.241533018462575, "median_healthcare": 8.2287370083887357, "median_services": 0.52554468292119472, "median_commerce": 15.291869927821939, "median_entertainment": 1.88275095570798, "PC1_pos": 1.244246926146392, "nivvie": 22589.979802955666, "rel_education": 1.2620923572022646, "rel_sante": 0.52207639130263206, "rel_services": 0.78646823910631825, "rel_commerce": 0.40884924278057228, "rel_loisirs": 0.38736999003195022, "rel_pc1": 0.60070048385695674, "q_revenu": 3, "q_population": 4 }, "geometry": { "type": "Polygon", "coordinates": [ [ [ 3.011273218867164, 50.633926084858011 ], [ 3.011005816890059, 50.63571462253168 ], [ 3.01382200618377, 50.635885991137165 ], [ 3.014089302083636, 50.634097445952499 ], [ 3.011273218867164, 50.633926084858011 ] ] ] } },
{ "type": "Feature", "properties": { "idcar_200m": "CRS3035RES200mN3081600E3827600", "population": 137.5, "median_education": 6.6645653340127131, "median_healthcare": 8.6451469257357356, "median_services": 0.72198351599736488, "median_commerce": 18.102773424127129, "median_entertainment": 2.1478270831904167, "PC1_pos": 1.3156723613692483, "nivvie": 20900.582545454545, "rel_education": 1.1615354028888178, "rel_sante": 0.54849572962022863, "rel_services": 1.0804354471518456, "rel_commerce": 0.48400262633785246, "rel_loisirs": 0.44190855582009891, "rel_pc1": 0.63518342498098845, "q_revenu": 2, "q_population": 2 }, "geometry": { "type": "Polygon", "coordinates": [ [ [ 3.014089302083636, 50.634097445952499 ], [ 3.01382200618377, 50.635885991137165 ], [ 3.016638214349099, 50.636057290910422 ], [ 3.016905404169011, 50.63426873821772 ], [ 3.014089302083636, 50.634097445952499 ] ] ] } },
{ "type": "Feature", "properties": { "idcar_200m": "CRS3035RES200mN3081600E3827800", "population": 655.5, "median_education": 7.1810584124845906, "median_healthcare": 10.877681890085977, "median_services": 1.0076809375665916, "median_commerce": 24.344931355871825, "median_entertainment": 2.7696159487291103, "PC1_pos": 1.7827501897086757, "nivvie": 23056.901296720062, "rel_education": 1.2515525256755644, "rel_sante": 0.69014004228409276, "rel_services": 1.5079765399659415, "rel_commerce": 0.65089533179222492, "rel_loisirs": 0.56983962706214153, "rel_pc1": 0.86068036741775011, "q_revenu": 3, "q_population": 5 }, "geometry": { "type": "Polygon", "coordinates": [ [ [ 3.016905404169011, 50.63426873821772 ], [ 3.016638214349099, 50.636057290910422 ], [ 3.019454441378732, 50.63622852185074 ], [ 3.019721525115959, 50.634439961652923 ], [ 3.016905404169011, 50.63426873821772 ] ] ] } },
{ "type": "Feature", "properties": { "idcar_200m": "CRS3035RES200mN3081600E3828000", "population": 468.0, "median_education": 7.86328757216077, "median_healthcare": 12.366999314162209, "median_services": 1.0747752592232982, "median_commerce": 27.973491869041027, "median_entertainment": 3.4433628304927093, "PC1_pos": 2.0377807453813559, "nivvie": 26901.16581196581, "rel_education": 1.3704550020010309, "rel_sante": 0.78463054130881493, "rel_services": 1.6083819949580442, "rel_commerce": 0.74790990392728984, "rel_loisirs": 0.70846089403405588, "rel_pc1": 0.9838046243249865, "q_revenu": 4, "q_population": 5 }, "geometry": { "type": "Polygon", "coordinates": [ [ [ 3.019721525115959, 50.634439961652923 ], [ 3.019454441378732, 50.63622852185074 ], [ 3.022270687265339, 50.636399683957329 ], [ 3.022537664917166, 50.634611116257382 ], [ 3.019721525115959, 50.634439961652923 ] ] ] } },
{ "type": "Feature", "properties": { "idcar_200m": "CRS3035RES200mN3081600E3828200", "population": 326.0, "median_education": 8.4780286164485688, "median_healthcare": 14.506593301118826, "median_services": 1.0295115683087765, "median_commerce": 26.571939429157421, "median_entertainment": 4.281190725609763, "PC1_pos": 2.1849574865140835, "nivvie": 32625.356134969323, "rel_education": 1.4775952955930209, "rel_sante": 0.92037816654272031, "rel_services": 1.5406456892815688, "rel_commerce": 0.71043746553562404, "rel_loisirs": 0.88084130494078738, "rel_pc1": 1.0548589606895014, "q_revenu": 5, "q_population": 4 }, "geometry": { "type": "Polygon", "coordinates": [ [ [ 3.022537664917166, 50.634611116257382 ], [ 3.022270687265339, 50.636399683957329 ], [ 3.025086952001602, 50.636570777229458 ], [ 3.025353823565313, 50.634782202030351 ], [ 3.022537664917166, 50.634611116257382 ] ] ] } },
{ "type": "Feature", "properties": { "idcar_200m": "CRS3035RES200mN3081600E3828400", "population": 437.5, "median_education": 8.3423420921706892, "median_healthcare": 18.095006501624066, "median_services": 1.1058379963330314, "median_commerce": 28.661513529311602, "median_entertainment": 4.8700576669180702, "PC1_pos": 2.3946234371229118, "nivvie": 27745.618057142859, "rel_education": 1.453947136449115, "rel_sante": 1.1480468613026393, "rel_services": 1.6548668266962765, "rel_commerce": 0.76630511237112231, "rel_loisirs": 1.0019987955229481, "rel_pc1": 1.1560819859045413, "q_revenu": 4, "q_population": 5 }, "geometry": { "type": "Polygon", "coordinates": [ [ [ 3.025353823565313, 50.634782202030351 ], [ 3.025086952001602, 50.636570777229458 ], [ 3.027903235580197, 50.63674180166641 ], [ 3.028170001053068, 50.634953218971056 ], [ 3.025353823565313, 50.634782202030351 ] ] ] } },
{ "type": "Feature", "properties": { "idcar_200m": "CRS3035RES200mN3081600E3828600", "population": 188.5, "median_education": 7.465873177055169, "median_healthcare": 19.856226053028095, "median_services": 0.97786246739936611, "median_commerce": 26.66567022364903, "median_entertainment": 5.030252693575747, "PC1_pos": 2.2719110666453739, "nivvie": 23977.814323607428, "rel_education": 1.3011915367339171, "rel_sante": 1.2597883286446248, "rel_services": 1.4633537315019491, "rel_commerce": 0.71294348765940585, "rel_loisirs": 1.0349584101185056, "rel_pc1": 1.0968386164638853, "q_revenu": 3, "q_population": 3 }, "geometry": { "type": "Polygon", "coordinates": [ [ [ 3.028170001053068, 50.634953218971056 ], [ 3.027903235580197, 50.63674180166641 ], [ 3.030719537993799, 50.63691275726741 ], [ 3.030986197373113, 50.635124167078786 ], [ 3.028170001053068, 50.634953218971056 ] ] ] } },
{ "type": "Feature", "properties": { "idcar_200m": "CRS3035RES200mN3081600E3828800", "population": 512.5, "median_education": 4.7404137494614194, "median_healthcare": 14.892141788329273, "median_services": 0.68490168521975947, "median_commerce": 17.786121041942561, "median_entertainment": 4.3701256269325111, "PC1_pos": 1.6628125957494784, "nivvie": 25393.511609756097, "rel_education": 0.82618417231797481, "rel_sante": 0.94483948577917409, "rel_services": 1.0249431491565579, "rel_commerce": 0.47553648797204795, "rel_loisirs": 0.89913937656541743, "rel_pc1": 0.80277661116972998, "q_revenu": 4, "q_population": 5 }, "geometry": { "type": "Polygon", "coordinates": [ [ [ 3.030986197373113, 50.635124167078786 ], [ 3.030719537993799, 50.63691275726741 ], [ 3.033535859235083, 50.637083644031755 ], [ 3.033802412518127, 50.635295046352795 ], [ 3.030986197373113, 50.635124167078786 ] ] ] } },
{ "type": "Feature", "properties": { "idcar_200m": "CRS3035RES200mN3081600E3829000", "population": 29.0, "median_education": 4.1124710837043645, "median_healthcare": 13.614088175300187, "median_services": 0.65335503171575504, "median_commerce": 18.352448061250854, "median_entertainment": 5.7578813562548401, "PC1_pos": 1.6780407675550904, "nivvie": 28668.075862068963, "rel_education": 0.7167430308921704, "rel_sante": 0.86375272635287337, "rel_services": 0.97773414517028456, "rel_commerce": 0.49067802227120566, "rel_loisirs": 1.1846656812551557, "rel_pc1": 0.81012850409360426, "q_revenu": 4, "q_population": 1 }, "geometry": { "type": "Polygon", "coordinates": [ [ [ 3.033802412518127, 50.635295046352795 ], [ 3.033535859235083, 50.637083644031755 ], [ 3.036352199296728, 50.637254461958655 ], [ 3.036618646480785, 50.635465856792337 ], [ 3.033802412518127, 50.635295046352795 ] ] ] } },
{ "type": "Feature", "properties": { "idcar_200m": "CRS3035RES200mN3081600E3829400", "population": 2.0, "median_education": 6.4218962150021301, "median_healthcare": 13.752718102412789, "median_services": 0.48965809596221199, "median_commerce": 34.321083338402531, "median_entertainment": 5.558084053076521, "PC1_pos": 1.9616622041147611, "nivvie": 24333.6, "rel_education": 1.1192417559978329, "rel_sante": 0.87254817236113824, "rel_services": 0.73276460215524464, "rel_commerce": 0.91762152049075307, "rel_loisirs": 1.1435580248729058, "rel_pc1": 0.94705593432745983, "q_revenu": 3, "q_population": 1 }, "geometry": { "type": "Polygon", "coordinates": [ [ [ 3.039434899253761, 50.635636598396673 ], [ 3.039168558171406, 50.637425211047422 ], [ 3.041984935851796, 50.637595891297281 ], [ 3.042251170829733, 50.635807271165028 ], [ 3.039434899253761, 50.635636598396673 ] ] ] } },
{ "type": "Feature", "properties": { "idcar_200m": "CRS3035RES200mN3081600E3829600", "population": 111.0, "median_education": 6.7256352785785136, "median_healthcare": 16.484044320728785, "median_services": 0.53161462413833582, "median_commerce": 40.681023250632506, "median_entertainment": 5.6424261636126625, "PC1_pos": 2.0311536626978799, "nivvie": 27934.186486486487, "rel_education": 1.1721789931472277, "rel_sante": 1.045838549010069, "rel_services": 0.79555179781342755, "rel_commerce": 1.0876632897131209, "rel_loisirs": 1.1609111444762221, "rel_pc1": 0.98060518561963761, "q_revenu": 4, "q_population": 2 }, "geometry": { "type": "Polygon", "coordinates": [ [ [ 3.042251170829733, 50.635807271165028 ], [ 3.041984935851796, 50.637595891297281 ], [ 3.044801332330568, 50.637766502707485 ], [ 3.045067461201376, 50.635977875096721 ], [ 3.042251170829733, 50.635807271165028 ] ] ] } },
{ "type": "Feature", "properties": { "idcar_200m": "CRS3035RES200mN3081600E3829800", "population": 58.0, "median_education": 5.7348461220126543, "median_healthcare": 18.777298798965504, "median_services": 0.58195801856345375, "median_commerce": 47.087771240493993, "median_entertainment": 5.3878837183101114, "PC1_pos": 2.2965636384282466, "nivvie": 30720.498275862068, "rel_education": 0.99949906212812822, "rel_sante": 1.1913352420160424, "rel_services": 0.87088978914097814, "rel_commerce": 1.2589565374784, "rel_loisirs": 1.1085398501206818, "rel_pc1": 1.1087404435748069, "q_revenu": 5, "q_population": 1 }, "geometry": { "type": "Polygon", "coordinates": [ [ [ 3.045067461201376, 50.635977875096721 ], [ 3.044801332330568, 50.637766502707485 ], [ 3.047617747600393, 50.63793704527729 ], [ 3.047883770361367, 50.636148410190977 ], [ 3.045067461201376, 50.635977875096721 ] ] ] } },
{ "type": "Feature", "properties": { "idcar_200m": "CRS3035RES200mN3081600E3830200", "population": 353.0, "median_education": 6.8891098645899458, "median_healthcare": 31.915949420362711, "median_services": 1.0001321545748625, "median_commerce": 83.140648035792182, "median_entertainment": 7.9549750783233222, "PC1_pos": 3.8284013808045829, "nivvie": 33132.534560906512, "rel_education": 1.2006702014419095, "rel_sante": 2.0249235917241917, "rel_services": 1.4966799209346133, "rel_commerce": 2.2228799456288129, "rel_loisirs": 1.6367106905202762, "rel_pc1": 1.8482847042029824, "q_revenu": 5, "q_population": 4 }, "geometry": { "type": "Polygon", "coordinates": [ [ [ 3.050700098302377, 50.636318876447049 ], [ 3.050434181653957, 50.638107519006006 ], [ 3.05325063448392, 50.638277923892851 ], [ 3.053516445017082, 50.636489273864242 ], [ 3.050700098302377, 50.636318876447049 ] ] ] } },
{ "type": "Feature", "properties": { "idcar_200m": "CRS3035RES200mN3081600E3830400", "population": 538.5, "median_education": 6.9290037117479999, "median_healthcare": 39.159622153414759, "median_services": 1.1842002232445052, "median_commerce": 105.24799229689482, "median_entertainment": 8.5392835325713854, "PC1_pos": 4.6163780157524332, "nivvie": 32457.641968430824, "rel_education": 1.2076231103728234, "rel_sante": 2.4845020806701625, "rel_services": 1.7721345008147833, "rel_commerce": 2.8139502989409686, "rel_loisirs": 1.7569302869631542, "rel_pc1": 2.2287059340525466, "q_revenu": 5, "q_population": 5 }, "geometry": { "type": "Polygon", "coordinates": [ [ [ 3.053516445017082, 50.636489273864242 ], [ 3.05325063448392, 50.638277923892851 ], [ 3.056067106082961, 50.638448259937071 ], [ 3.056332810498157, 50.63665960244176 ], [ 3.053516445017082, 50.636489273864242 ] ] ] } },
{ "type": "Feature", "properties": { "idcar_200m": "CRS3035RES200mN3081600E3830600", "population": 400.5, "median_education": 7.7014036444762617, "median_healthcare": 47.281682057000907, "median_services": 1.4701276825180845, "median_commerce": 158.39360257998143, "median_entertainment": 11.893804254347618, "PC1_pos": 6.0632885249832729, "nivvie": 30733.502122347065, "rel_education": 1.342241021982767, "rel_sante": 2.9998102889754321, "rel_services": 2.2000198409481833, "rel_commerce": 4.234871522042571, "rel_loisirs": 2.4471122011546647, "rel_pc1": 2.9272488235130747, "q_revenu": 5, "q_population": 4 }, "geometry": { "type": "Polygon", "coordinates": [ [ [ 3.056332810498157, 50.63665960244176 ], [ 3.056067106082961, 50.638448259937071 ], [ 3.058883596443753, 50.638618527137979 ], [ 3.059149194738273, 50.636829862178899 ], [ 3.056332810498157, 50.63665960244176 ] ] ] } },
{ "type": "Feature", "properties": { "idcar_200m": "CRS3035RES200mN3081600E3830800", "population": 276.5, "median_education": 8.1622713437818355, "median_healthcare": 44.698987203546878, "median_services": 1.714036985077465, "median_commerce": 196.80162630011893, "median_entertainment": 13.024711828061088, "PC1_pos": 7.0390829764458296, "nivvie": 34298.756238698006, "rel_education": 1.422563461926353, "rel_sante": 2.8359499046233037, "rel_services": 2.5650257594159966, "rel_commerce": 5.2617630329431675, "rel_loisirs": 2.6797928189646347, "rel_pc1": 3.3983451845496351, "q_revenu": 5, "q_population": 3 }, "geometry": { "type": "Polygon", "coordinates": [ [ [ 3.059149194738273, 50.636829862178899 ], [ 3.058883596443753, 50.638618527137979 ], [ 3.061700105558964, 50.638788725494777 ], [ 3.06196559773011, 50.637000053074892 ], [ 3.059149194738273, 50.636829862178899 ] ] ] } },
{ "type": "Feature", "properties": { "idcar_200m": "CRS3035RES200mN3081600E3831000", "population": 217.5, "median_education": 10.261941916064156, "median_healthcare": 44.420844451728797, "median_services": 2.0238806302507992, "median_commerce": 222.95547627879563, "median_entertainment": 15.264247851994995, "PC1_pos": 8.0335963996216133, "nivvie": 30395.678160919539, "rel_education": 1.7885050622979592, "rel_sante": 2.8183029967213824, "rel_services": 3.0287012449394513, "rel_commerce": 5.961022300125653, "rel_loisirs": 3.1405701961516508, "rel_pc1": 3.8784787351738497, "q_revenu": 5, "q_population": 3 }, "geometry": { "type": "Polygon", "coordinates": [ [ [ 3.06196559773011, 50.637000053074892 ], [ 3.061700105558964, 50.638788725494777 ], [ 3.064516633421271, 50.638958855006798 ], [ 3.064782019466326, 50.637170175129029 ], [ 3.06196559773011, 50.637000053074892 ] ] ] } },
{ "type": "Feature", "properties": { "idcar_200m": "CRS3035RES200mN3081600E3831200", "population": 226.0, "median_education": 11.942032653509173, "median_healthcare": 40.645423669793828, "median_services": 1.9615077556293028, "median_commerce": 192.53097508802782, "median_entertainment": 14.581530003343332, "PC1_pos": 7.4456857524808697, "nivvie": 29705.582743362833, "rel_education": 2.0813200883055121, "rel_sante": 2.5787695111485434, "rel_services": 2.9353613511764634, "rel_commerce": 5.1475812799930836, "rel_loisirs": 3.0001031814224608, "rel_pc1": 3.5946458377152379, "q_revenu": 5, "q_population": 3 }, "geometry": { "type": "Polygon", "coordinates": [ [ [ 3.064782019466326, 50.637170175129029 ], [ 3.064516633421271, 50.638958855006798 ], [ 3.067333180023343, 50.639128915673226 ], [ 3.067598459939607, 50.637340228340555 ], [ 3.064782019466326, 50.637170175129029 ] ] ] } },
{ "type": "Feature", "properties": { "idcar_200m": "CRS3035RES200mN3081600E3831400", "population": 668.5, "median_education": 11.280247377991781, "median_healthcare": 34.762713176007047, "median_services": 1.8019932367101588, "median_commerce": 154.64028282468431, "median_entertainment": 11.828739555494534, "PC1_pos": 6.2167122447353975, "nivvie": 24632.553477935679, "rel_education": 1.9659806793419636, "rel_sante": 2.2055379614534458, "rel_services": 2.6966507203145724, "rel_commerce": 4.1345213394220233, "rel_loisirs": 2.4337253473757627, "rel_pc1": 3.0013190910408176, "q_revenu": 3, "q_population": 5 }, "geometry": { "type": "Polygon", "coordinates": [ [ [ 3.067598459939607, 50.637340228340555 ], [ 3.067333180023343, 50.639128915673226 ], [ 3.070149745357849, 50.639298907493355 ], [ 3.070414919142624, 50.637510212708747 ], [ 3.067598459939607, 50.637340228340555 ] ] ] } },
{ "type": "Feature", "properties": { "idcar_200m": "CRS3035RES200mN3081600E3831600", "population": 15.0, "median_education": 10.0338905384158, "median_healthcare": 28.989177015281481, "median_services": 1.5439748057990688, "median_commerce": 127.54034589999378, "median_entertainment": 9.505247033472255, "PC1_pos": 5.0743703556195907, "nivvie": 26821.733333333334, "rel_education": 1.7487590720434614, "rel_sante": 1.839233032668625, "rel_services": 2.3105307430603292, "rel_commerce": 3.4099671322937968, "rel_loisirs": 1.9556741891137661, "rel_pc1": 2.4498165628029467, "q_revenu": 4, "q_population": 1 }, "geometry": { "type": "Polygon", "coordinates": [ [ [ 3.070414919142624, 50.637510212708747 ], [ 3.070149745357849, 50.639298907493355 ], [ 3.072966329417461, 50.639468830466463 ], [ 3.073231397068042, 50.637680128232859 ], [ 3.070414919142624, 50.637510212708747 ] ] ] } },
{ "type": "Feature", "properties": { "idcar_200m": "CRS3035RES200mN3081600E3832000", "population": 34.0, "median_education": 7.7154500899329594, "median_healthcare": 17.074638166183661, "median_services": 0.74477894572685488, "median_commerce": 63.702787565880371, "median_entertainment": 4.6649201288909481, "PC1_pos": 2.7371881515118055, "nivvie": 31808.058823529413, "rel_education": 1.34468911017232, "rel_sante": 1.0833090749542444, "rel_services": 1.1145484009341446, "rel_commerce": 1.703181924921819, "rel_loisirs": 0.95979240289314671, "rel_pc1": 1.3214661916932222, "q_revenu": 5, "q_population": 1 }, "geometry": { "type": "Polygon", "coordinates": [ [ [ 3.076047893708533, 50.637849974912143 ], [ 3.075782932194849, 50.639638684591802 ], [ 3.078599553682686, 50.639808469868633 ], [ 3.078864409056774, 50.638019752745855 ], [ 3.076047893708533, 50.637849974912143 ] ] ] } },
{ "type": "Feature", "properties": { "idcar_200m": "CRS3035RES200mN3081600E3832200", "population": 734.0, "median_education": 8.1844237680912748, "median_healthcare": 16.523488567197461, "median_services": 0.66317187835233149, "median_commerce": 55.263066411500013, "median_entertainment": 4.0611534073733591, "PC1_pos": 2.4820504294191386, "nivvie": 28118.96607629428, "rel_education": 1.4264243026272327, "rel_sante": 1.0483411092247197, "rel_services": 0.99242488097019887, "rel_commerce": 1.4775343344352143, "rel_loisirs": 0.83556933016712898, "rel_pc1": 1.1982901967274169, "q_revenu": 4, "q_population": 5 }, "geometry": { "type": "Polygon", "coordinates": [ [ [ 3.078864409056774, 50.638019752745855 ], [ 3.078599553682686, 50.639808469868633 ], [ 3.081416193873632, 50.639978186296197 ], [ 3.081680943105428, 50.63818946173329 ], [ 3.078864409056774, 50.638019752745855 ] ] ] } },
{ "type": "Feature", "properties": { "idcar_200m": "CRS3035RES200mN3081600E3832400", "population": 353.0, "median_education": 8.1364815653314402, "median_healthcare": 16.735122550554308, "median_services": 0.57593597160303167, "median_commerce": 48.066497654747124, "median_entertainment": 3.9028295569616325, "PC1_pos": 2.1356061513638132, "nivvie": 30226.610481586402, "rel_education": 1.4180686840674108, "rel_sante": 1.061768334593, "rel_services": 0.86187790333432668, "rel_commerce": 1.2851241386446055, "rel_loisirs": 0.80299470410207496, "rel_pc1": 1.0310330059848591, "q_revenu": 5, "q_population": 4 }, "geometry": { "type": "Polygon", "coordinates": [ [ [ 3.081680943105428, 50.63818946173329 ], [ 3.081416193873632, 50.639978186296197 ], [ 3.084232852760369, 50.640147833873776 ], [ 3.084497495847167, 50.638359101873696 ], [ 3.081680943105428, 50.63818946173329 ] ] ] } },
{ "type": "Feature", "properties": { "idcar_200m": "CRS3035RES200mN3081600E3832600", "population": 515.5, "median_education": 9.3621772415831099, "median_healthcare": 20.259248408680694, "median_services": 0.69631910651141105, "median_commerce": 53.085656855821028, "median_entertainment": 4.855165585924488, "PC1_pos": 2.667786644588825, "nivvie": 24765.834335596508, "rel_education": 1.6316893554513714, "rel_sante": 1.2853582863232933, "rel_services": 1.0420291163638919, "rel_commerce": 1.4193182854978079, "rel_loisirs": 0.99893479746810743, "rel_pc1": 1.2879603674769995, "q_revenu": 3, "q_population": 5 }, "geometry": { "type": "Polygon", "coordinates": [ [ [ 3.084497495847167, 50.638359101873696 ], [ 3.084232852760369, 50.640147833873776 ], [ 3.087049530335552, 50.640317412600652 ], [ 3.087314067274665, 50.638528673166348 ], [ 3.084497495847167, 50.638359101873696 ] ] ] } },
{ "type": "Feature", "properties": { "idcar_200m": "CRS3035RES200mN3081600E3832800", "population": 251.5, "median_education": 7.6276517748632164, "median_healthcare": 16.881244936184892, "median_services": 0.57601393686664204, "median_commerce": 42.920671763889551, "median_entertainment": 4.2895723465575237, "PC1_pos": 2.1619669558593602, "nivvie": 35245.806759443345, "rel_education": 1.3293871593088431, "rel_sante": 1.0710391434304651, "rel_services": 0.8619945769599493, "rel_commerce": 1.1475433830608808, "rel_loisirs": 0.88256579665496881, "rel_pc1": 1.0437595377387907, "q_revenu": 5, "q_population": 3 }, "geometry": { "type": "Polygon", "coordinates": [ [ [ 3.087314067274665, 50.638528673166348 ], [ 3.087049530335552, 50.640317412600652 ], [ 3.089866226591861, 50.640486922476079 ], [ 3.090130657380588, 50.638698175610457 ], [ 3.087314067274665, 50.638528673166348 ] ] ] } },
{ "type": "Feature", "properties": { "idcar_200m": "CRS3035RES200mN3081600E3833000", "population": 239.0, "median_education": 4.7161099601575476, "median_healthcare": 19.207981439391578, "median_services": 0.39862760489920468, "median_commerce": 27.892530575060242, "median_entertainment": 2.3841361319202061, "PC1_pos": 1.576642737044772, "nivvie": 23817.118828451883, "rel_education": 0.8219483804416875, "rel_sante": 1.2186601204853764, "rel_services": 0.59653909681216788, "rel_commerce": 0.74574529201947115, "rel_loisirs": 0.49052838712247965, "rel_pc1": 0.76117532228560325, "q_revenu": 3, "q_population": 3 }, "geometry": { "type": "Polygon", "coordinates": [ [ [ 3.090130657380588, 50.638698175610457 ], [ 3.089866226591861, 50.640486922476079 ], [ 3.092682941521958, 50.640656363499303 ], [ 3.092947266157605, 50.638867609205377 ], [ 3.090130657380588, 50.638698175610457 ] ] ] } },
{ "type": "Feature", "properties": { "idcar_200m": "CRS3035RES200mN3081600E3833200", "population": 250.0, "median_education": 5.4463425279092235, "median_healthcare": 25.956825504339257, "median_services": 0.53570088256075676, "median_commerce": 22.109398508503439, "median_entertainment": 2.1465042512318768, "PC1_pos": 1.7178247414201973, "nivvie": 31861.4432, "rel_education": 0.94921714251041878, "rel_sante": 1.6468439537152086, "rel_services": 0.80166681061909728, "rel_commerce": 0.59112527645093904, "rel_loisirs": 0.4416363873736881, "rel_pc1": 0.82933550541169343, "q_revenu": 5, "q_population": 3 }, "geometry": { "type": "Polygon", "coordinates": [ [ [ 3.092947266157605, 50.638867609205377 ], [ 3.092682941521958, 50.640656363499303 ], [ 3.09549967511851, 50.640825735669587 ], [ 3.095763893598383, 50.639036973950311 ], [ 3.092947266157605, 50.638867609205377 ] ] ] } },
{ "type": "Feature", "properties": { "idcar_200m": "CRS3035RES200mN3081600E3833400", "population": 105.0, "median_education": 5.655053652206032, "median_healthcare": 18.713874712274546, "median_services": 0.6180551351363085, "median_commerce": 17.249582725775454, "median_entertainment": 2.19953809403943, "PC1_pos": 1.5388834159862785, "nivvie": 30016.390476190478, "rel_education": 0.9855924119687659, "rel_sante": 1.1873112686811884, "rel_services": 0.92490847990209379, "rel_commerce": 0.46119139575487073, "rel_loisirs": 0.45254793098355056, "rel_pc1": 0.74294578765440533, "q_revenu": 5, "q_population": 2 }, "geometry": { "type": "Polygon", "coordinates": [ [ [ 3.095763893598383, 50.639036973950311 ], [ 3.09549967511851, 50.640825735669587 ], [ 3.098316427374188, 50.64099503898624 ], [ 3.098580539695592, 50.639206269844529 ], [ 3.095763893598383, 50.639036973950311 ] ] ] } },
{ "type": "Feature", "properties": { "idcar_200m": "CRS3035RES200mN3081800E3825600", "population": 18.0, "median_education": 0.68388968243760351, "median_healthcare": 2.2947168272383305, "median_services": 0.076269336665511861, "median_commerce": 1.473703328836389, "median_entertainment": 1.4187739678128235, "PC1_pos": 0.18927632806109784, "nivvie": 28082.777777777777, "rel_education": 0.11919188094197654, "rel_sante": 0.14558947247976226, "rel_services": 0.11413570121520297, "rel_commerce": 0.039401491964154135, "rel_loisirs": 0.29190820809467005, "rel_pc1": 0.091379274852709066, "q_revenu": 4, "q_population": 1 }, "geometry": { "type": "Polygon", "coordinates": [ [ [ 2.98566096367762, 50.634169207755114 ], [ 2.985392581667103, 50.635957675994177 ], [ 2.988208706849325, 50.636129671594432 ], [ 2.988476982797303, 50.634341195817115 ], [ 2.98566096367762, 50.634169207755114 ] ] ] } },
{ "type": "Feature", "properties": { "idcar_200m": "CRS3035RES200mN3081800E3825800", "population": 142.0, "median_education": 1.0277491944281734, "median_healthcare": 2.8443964430478501, "median_services": 0.093028673285697097, "median_commerce": 1.6243064452627101, "median_entertainment": 1.1836885049328452, "PC1_pos": 0.24137957059215376, "nivvie": 22033.462676056341, "rel_education": 0.17912152027775577, "rel_sante": 0.18046417438139026, "rel_services": 0.13921574937971568, "rel_commerce": 0.043428074089291648, "rel_loisirs": 0.24354012566911631, "rel_pc1": 0.11653380193348502, "q_revenu": 2, "q_population": 2 }, "geometry": { "type": "Polygon", "coordinates": [ [ [ 2.988476982797303, 50.634341195817115 ], [ 2.988208706849325, 50.636129671594432 ], [ 2.991024850971781, 50.636301598366188 ], [ 2.991293020854483, 50.634513115053565 ], [ 2.988476982797303, 50.634341195817115 ] ] ] } },
{ "type": "Feature", "properties": { "idcar_200m": "CRS3035RES200mN3081800E3826000", "population": 25.0, "median_education": 1.2084290526317871, "median_healthcare": 3.1735897945538891, "median_services": 0.10443292048785192, "median_commerce": 1.8379472018403731, "median_entertainment": 1.0962783798182745, "PC1_pos": 0.21039723665925036, "nivvie": 20757.188, "rel_education": 0.21061135365389122, "rel_sante": 0.20135001346214906, "rel_services": 0.15628200179722282, "rel_commerce": 0.049140054505429492, "rel_loisirs": 0.22555577187464954, "rel_pc1": 0.10157607722995363, "q_revenu": 2, "q_population": 1 }, "geometry": { "type": "Polygon", "coordinates": [ [ [ 2.991293020854483, 50.634513115053565 ], [ 2.991024850971781, 50.636301598366188 ], [ 2.993841014027158, 50.636473456308806 ], [ 2.994109077841854, 50.634684965463762 ], [ 2.991293020854483, 50.634513115053565 ] ] ] } },
{ "type": "Feature", "properties": { "idcar_200m": "CRS3035RES200mN3081800E3826800", "population": 16.0, "median_education": 2.7292841528997625, "median_healthcare": 3.9774250553584478, "median_services": 0.074138863785119108, "median_commerce": 4.8627375587099904, "median_entertainment": 0.7579031633661002, "PC1_pos": 0.41474623215115547, "nivvie": 20757.1875, "rel_education": 0.47567395760343578, "rel_sante": 0.2523497491123261, "rel_services": 0.11094748657017439, "rel_commerce": 0.13001199840851657, "rel_loisirs": 0.15593615286622448, "rel_pc1": 0.20023217023542511, "q_revenu": 2, "q_population": 1 }, "geometry": { "type": "Polygon", "coordinates": [ [ [ 3.002557362311879, 50.635200103729325 ], [ 3.002289616717579, 50.636988617153769 ], [ 3.005105855431411, 50.637160199772026 ], [ 3.005373494946793, 50.635371678827013 ], [ 3.002557362311879, 50.635200103729325 ] ] ] } },
{ "type": "Feature", "properties": { "idcar_200m": "CRS3035RES200mN3081800E3827000", "population": 185.5, "median_education": 5.5719920572043664, "median_healthcare": 6.7544965132531818, "median_services": 0.27539876945291913, "median_commerce": 10.141519282586792, "median_entertainment": 1.5324564779063077, "PC1_pos": 0.84903421735086759, "nivvie": 23144.133153638813, "rel_education": 0.97111600152344169, "rel_sante": 0.42854245567825328, "rel_services": 0.41212934371207821, "rel_commerce": 0.27114751164514767, "rel_loisirs": 0.31529802110642896, "rel_pc1": 0.40989875438420237, "q_revenu": 3, "q_population": 3 }, "geometry": { "type": "Polygon", "coordinates": [ [ [ 3.005373494946793, 50.635371678827013 ], [ 3.005105855431411, 50.637160199772026 ], [ 3.007922113041562, 50.637331713557344 ], [ 3.008189646475295, 50.635543185094733 ], [ 3.005373494946793, 50.635371678827013 ] ] ] } },
{ "type": "Feature", "properties": { "idcar_200m": "CRS3035RES200mN3081800E3827200", "population": 461.5, "median_education": 6.8565876393322318, "median_healthcare": 7.8634272917272892, "median_services": 0.4412995642707761, "median_commerce": 13.796794176600445, "median_entertainment": 1.8846859585893723, "PC1_pos": 1.1560467320599752, "nivvie": 17376.691440953411, "rel_education": 1.1950020574408642, "rel_sante": 0.49889913112431228, "rel_services": 0.66039692248673276, "rel_commerce": 0.36887632961353184, "rel_loisirs": 0.3877681106886437, "rel_pc1": 0.55811898483884748, "q_revenu": 1, "q_population": 5 }, "geometry": { "type": "Polygon", "coordinates": [ [ [ 3.008189646475295, 50.635543185094733 ], [ 3.007922113041562, 50.637331713557344 ], [ 3.010738389540699, 50.637503158508956 ], [ 3.011005816890059, 50.63571462253168 ], [ 3.008189646475295, 50.635543185094733 ] ] ] } },
{ "type": "Feature", "properties": { "idcar_200m": "CRS3035RES200mN3081800E3827400", "population": 390.0, "median_education": 6.1815791146527683, "median_healthcare": 9.3283329087044518, "median_services": 0.67711784940609832, "median_commerce": 20.344344582841483, "median_entertainment": 2.2648088321198889, "PC1_pos": 1.433820148156653, "nivvie": 23260.067692307694, "rel_education": 1.0773580312557571, "rel_sante": 0.59184081067133509, "rel_services": 1.0132947777719679, "rel_commerce": 0.54393412426484722, "rel_loisirs": 0.46597717667478311, "rel_pc1": 0.69222309387503278, "q_revenu": 3, "q_population": 4 }, "geometry": { "type": "Polygon", "coordinates": [ [ [ 3.011005816890059, 50.63571462253168 ], [ 3.010738389540699, 50.637503158508956 ], [ 3.013554684921503, 50.637674534626157 ], [ 3.01382200618377, 50.635885991137165 ], [ 3.011005816890059, 50.63571462253168 ] ] ] } },
{ "type": "Feature", "properties": { "idcar_200m": "CRS3035RES200mN3081800E3827600", "population": 316.0, "median_education": 5.1074825739892802, "median_healthcare": 10.017602849970354, "median_services": 0.77945328568112648, "median_commerce": 24.359444899018992, "median_entertainment": 2.2427508761326358, "PC1_pos": 1.446964249725275, "nivvie": 20790.357594936708, "rel_education": 0.89015885237849446, "rel_sante": 0.63557189154105187, "rel_services": 1.1664379318764624, "rel_commerce": 0.65128337139456194, "rel_loisirs": 0.46143882274910719, "rel_pc1": 0.69856883442396878, "q_revenu": 2, "q_population": 4 }, "geometry": { "type": "Polygon", "coordinates": [ [ [ 3.01382200618377, 50.635885991137165 ], [ 3.013554684921503, 50.637674534626157 ], [ 3.016370999176655, 50.637845841908209 ], [ 3.016638214349099, 50.636057290910422 ], [ 3.01382200618377, 50.635885991137165 ] ] ] } },
{ "type": "Feature", "properties": { "idcar_200m": "CRS3035RES200mN3081800E3827800", "population": 627.0, "median_education": 5.9799051509626509, "median_healthcare": 12.638293553022152, "median_services": 0.9779416528383269, "median_commerce": 31.935139409297449, "median_entertainment": 2.9071539846852312, "PC1_pos": 1.9522770915032166, "nivvie": 23205.05933014354, "rel_education": 1.04220923505873, "rel_sante": 0.80184294183404781, "rel_services": 1.4634722310982082, "rel_commerce": 0.85383001733673314, "rel_loisirs": 0.59813763825465327, "rel_pc1": 0.9425249673880699, "q_revenu": 3, "q_population": 5 }, "geometry": { "type": "Polygon", "coordinates": [ [ [ 3.016638214349099, 50.636057290910422 ], [ 3.016370999176655, 50.637845841908209 ], [ 3.019187332298827, 50.638017080354324 ], [ 3.019454441378732, 50.63622852185074 ], [ 3.016638214349099, 50.636057290910422 ] ] ] } },
{ "type": "Feature", "properties": { "idcar_200m": "CRS3035RES200mN3081800E3828000", "population": 582.0, "median_education": 6.5789181557201504, "median_healthcare": 13.160252759986932, "median_services": 0.96017117921818995, "median_commerce": 34.008532072048624, "median_entertainment": 3.1734825253593462, "PC1_pos": 2.0457052049780544, "nivvie": 25028.613573883162, "rel_education": 1.1466083634258488, "rel_sante": 0.83495890834282738, "rel_services": 1.4368790344580473, "rel_commerce": 0.90926503111554535, "rel_loisirs": 0.65293388405305786, "rel_pc1": 0.98763041373544125, "q_revenu": 3, "q_population": 5 }, "geometry": { "type": "Polygon", "coordinates": [ [ [ 3.019454441378732, 50.63622852185074 ], [ 3.019187332298827, 50.638017080354324 ], [ 3.022003684280698, 50.638188249963768 ], [ 3.022270687265339, 50.636399683957329 ], [ 3.019454441378732, 50.63622852185074 ] ] ] } },
{ "type": "Feature", "properties": { "idcar_200m": "CRS3035RES200mN3081800E3828200", "population": 341.0, "median_education": 9.6383187967797976, "median_healthcare": 18.426223937472471, "median_services": 1.2669184860804839, "median_commerce": 45.401169924376781, "median_entertainment": 5.2284220280625098, "PC1_pos": 2.8293054194476976, "nivvie": 25654.795601173024, "rel_education": 1.6798167540879767, "rel_sante": 1.1690611194406699, "rel_services": 1.8959209049563712, "rel_commerce": 1.2138629240601582, "rel_loisirs": 1.0757311171470405, "rel_pc1": 1.3659387849203972, "q_revenu": 4, "q_population": 4 }, "geometry": { "type": "Polygon", "coordinates": [ [ [ 3.022270687265339, 50.636399683957329 ], [ 3.022003684280698, 50.638188249963768 ], [ 3.024820055114944, 50.63835935073584 ], [ 3.025086952001602, 50.636570777229458 ], [ 3.022270687265339, 50.636399683957329 ] ] ] } },
{ "type": "Feature", "properties": { "idcar_200m": "CRS3035RES200mN3081800E3828400", "population": 93.0, "median_education": 9.7686310638270086, "median_healthcare": 15.689270390883152, "median_services": 0.99481934525382021, "median_commerce": 35.39460298636736, "median_entertainment": 5.1779551968799664, "PC1_pos": 2.4425756800526601, "nivvie": 25942.748387096774, "rel_education": 1.7025282594930715, "rel_sante": 0.99541371409649493, "rel_services": 1.4887293965982187, "rel_commerce": 0.94632354955928066, "rel_loisirs": 1.0653477279723556, "rel_pc1": 1.1792324835466284, "q_revenu": 4, "q_population": 2 }, "geometry": { "type": "Polygon", "coordinates": [ [ [ 3.025086952001602, 50.636570777229458 ], [ 3.024820055114944, 50.63835935073584 ], [ 3.02763644479424, 50.638530382669742 ], [ 3.027903235580197, 50.63674180166641 ], [ 3.025086952001602, 50.636570777229458 ] ] ] } },
{ "type": "Feature", "properties": { "idcar_200m": "CRS3035RES200mN3081800E3828800", "population": 203.5, "median_education": 5.0820546394381489, "median_healthcare": 12.549079644787369, "median_services": 0.65376185563336786, "median_commerce": 19.648132994730545, "median_entertainment": 4.1638316495495058, "PC1_pos": 1.561320852330458, "nivvie": 31390.048157248155, "rel_education": 0.88572713857223262, "rel_sante": 0.79618272019642133, "rel_services": 0.97834294990280102, "rel_commerce": 0.52531994679945204, "rel_loisirs": 0.85669505023524894, "rel_pc1": 0.75377818642126593, "q_revenu": 5, "q_population": 3 }, "geometry": { "type": "Polygon", "coordinates": [ [ [ 3.030719537993799, 50.63691275726741 ], [ 3.030452853311261, 50.63870134576478 ], [ 3.033269280658685, 50.638872240020156 ], [ 3.033535859235083, 50.637083644031755 ], [ 3.030719537993799, 50.63691275726741 ] ] ] } },
{ "type": "Feature", "properties": { "idcar_200m": "CRS3035RES200mN3081800E3829000", "population": 161.5, "median_education": 3.9715590707563484, "median_healthcare": 11.077444493161991, "median_services": 0.5381487755785872, "median_commerce": 17.195584484299559, "median_entertainment": 4.2600160009784638, "PC1_pos": 1.4171388076605418, "nivvie": 31064.534365325075, "rel_education": 0.69218414617449286, "rel_sante": 0.70281408191190275, "rel_services": 0.80533003883511267, "rel_commerce": 0.45974767826033891, "rel_loisirs": 0.87648467304293165, "rel_pc1": 0.68416963672209319, "q_revenu": 5, "q_population": 2 }, "geometry": { "type": "Polygon", "coordinates": [ [ [ 3.033535859235083, 50.637083644031755 ], [ 3.033269280658685, 50.638872240020156 ], [ 3.036085726829182, 50.639043065435203 ], [ 3.036352199296728, 50.637254461958655 ], [ 3.033535859235083, 50.637083644031755 ] ] ] } },
{ "type": "Feature", "properties": { "idcar_200m": "CRS3035RES200mN3081800E3829200", "population": 2.0, "median_education": 3.5779884545169263, "median_healthcare": 10.298273000085459, "median_services": 0.43547447471949513, "median_commerce": 18.285474359090308, "median_entertainment": 4.0232377625819735, "PC1_pos": 1.2799525396397997, "nivvie": 24333.6, "rel_education": 0.6235905948492767, "rel_sante": 0.65337915150926829, "rel_services": 0.65167977992795334, "rel_commerce": 0.4888873879312724, "rel_loisirs": 0.82776830746661412, "rel_pc1": 0.61793852467601518, "q_revenu": 3, "q_population": 1 }, "geometry": { "type": "Polygon", "coordinates": [ [ [ 3.036352199296728, 50.637254461958655 ], [ 3.036085726829182, 50.639043065435203 ], [ 3.038902191815427, 50.639213822009083 ], [ 3.039168558171406, 50.637425211047422 ], [ 3.036352199296728, 50.637254461958655 ] ] ] } },
{ "type": "Feature", "properties": { "idcar_200m": "CRS3035RES200mN3081800E3830400", "population": 541.0, "median_education": 6.1646448441032611, "median_healthcare": 26.653382755900825, "median_services": 0.87821663073937595, "median_commerce": 89.582848269727606, "median_entertainment": 8.6377613617705915, "PC1_pos": 3.9190321711400156, "nivvie": 28672.425693160814, "rel_education": 1.0744066377620263, "rel_sante": 1.6910373816811548, "rel_services": 1.3142355152226883, "rel_commerce": 2.3951210580576623, "rel_loisirs": 1.7771917854898778, "rel_pc1": 1.8920396522464926, "q_revenu": 4, "q_population": 5 }, "geometry": { "type": "Polygon", "coordinates": [ [ [ 3.05325063448392, 50.638277923892851 ], [ 3.052984798726466, 50.640066572236009 ], [ 3.055801376453343, 50.640236915747707 ], [ 3.056067106082961, 50.638448259937071 ], [ 3.05325063448392, 50.638277923892851 ] ] ] } },
{ "type": "Feature", "properties": { "idcar_200m": "CRS3035RES200mN3081800E3830600", "population": 479.0, "median_education": 7.1733871708949959, "median_healthcare": 33.290534421679965, "median_services": 1.1635993274849419, "median_commerce": 140.93295803773788, "median_entertainment": 12.204105524125398, "PC1_pos": 5.4125733574825521, "nivvie": 29424.46680584551, "rel_education": 1.2502155414547103, "rel_sante": 2.1121348340199222, "rel_services": 1.7413056279547641, "rel_commerce": 3.7680370973939037, "rel_loisirs": 2.5109556953864978, "rel_pc1": 2.6130950106671236, "q_revenu": 5, "q_population": 5 }, "geometry": { "type": "Polygon", "coordinates": [ [ [ 3.056067106082961, 50.638448259937071 ], [ 3.055801376453343, 50.640236915747707 ], [ 3.058617972944678, 50.640407190413065 ], [ 3.058883596443753, 50.638618527137979 ], [ 3.056067106082961, 50.638448259937071 ] ] ] } },
{ "type": "Feature", "properties": { "idcar_200m": "CRS3035RES200mN3081800E3830800", "population": 696.5, "median_education": 8.0986489419365668, "median_healthcare": 35.645400884980688, "median_services": 1.3825287690348198, "median_commerce": 174.22079509022905, "median_entertainment": 13.94231412969587, "PC1_pos": 6.3638191211960748, "nivvie": 27080.456855707107, "rel_education": 1.4114750160253202, "rel_sante": 2.2615405306543277, "rel_services": 2.068929630213161, "rel_commerce": 4.6580333527212305, "rel_loisirs": 2.8685865589757227, "rel_pc1": 3.072339697973157, "q_revenu": 4, "q_population": 5 }, "geometry": { "type": "Polygon", "coordinates": [ [ [ 3.058883596443753, 50.638618527137979 ], [ 3.058617972944678, 50.640407190413065 ], [ 3.061434588193142, 50.640577396231436 ], [ 3.061700105558964, 50.638788725494777 ], [ 3.058883596443753, 50.638618527137979 ] ] ] } },
{ "type": "Feature", "properties": { "idcar_200m": "CRS3035RES200mN3081800E3831000", "population": 166.0, "median_education": 8.8760051824341346, "median_healthcare": 36.201845137332981, "median_services": 1.5054217165917381, "median_commerce": 184.24849401445107, "median_entertainment": 14.540322605315367, "PC1_pos": 6.6683809789897062, "nivvie": 29610.403614457831, "rel_education": 1.5469567389497514, "rel_sante": 2.2968444183509478, "rel_services": 2.2528367330810775, "rel_commerce": 4.9261377200321608, "rel_loisirs": 2.9916248910171679, "rel_pc1": 3.2193767944662395, "q_revenu": 5, "q_population": 2 }, "geometry": { "type": "Polygon", "coordinates": [ [ [ 3.061700105558964, 50.638788725494777 ], [ 3.061434588193142, 50.640577396231436 ], [ 3.064251222191402, 50.64074753320201 ], [ 3.064516633421271, 50.638958855006798 ], [ 3.061700105558964, 50.638788725494777 ] ] ] } },
{ "type": "Feature", "properties": { "idcar_200m": "CRS3035RES200mN3081800E3831200", "population": 169.5, "median_education": 10.347133823711658, "median_healthcare": 32.82162103320708, "median_services": 1.5117503701484001, "median_commerce": 161.1261278600565, "median_entertainment": 13.299656501713667, "PC1_pos": 6.1168987784457478, "nivvie": 25028.116224188791, "rel_education": 1.8033527548049555, "rel_sante": 2.0823843863585321, "rel_services": 2.2623074501872922, "rel_commerce": 4.3079293558399172, "rel_loisirs": 2.736361806577809, "rel_pc1": 2.9531309089077658, "q_revenu": 3, "q_population": 2 }, "geometry": { "type": "Polygon", "coordinates": [ [ [ 3.064516633421271, 50.638958855006798 ], [ 3.064251222191402, 50.64074753320201 ], [ 3.067067874932133, 50.640917601324077 ], [ 3.067333180023343, 50.639128915673226 ], [ 3.064516633421271, 50.638958855006798 ] ] ] } },
{ "type": "Feature", "properties": { "idcar_200m": "CRS3035RES200mN3081800E3831400", "population": 465.0, "median_education": 10.349523163226294, "median_healthcare": 28.415760247284247, "median_services": 1.3792102068222649, "median_commerce": 129.49189852476931, "median_entertainment": 10.476801663846841, "PC1_pos": 5.2468820255871034, "nivvie": 29273.073763440862, "rel_education": 1.8037691814279502, "rel_sante": 1.8028523151121851, "rel_services": 2.0639634610852275, "rel_commerce": 3.4621445845381582, "rel_loisirs": 2.1555684482789021, "rel_pc1": 2.533102156235278, "q_revenu": 5, "q_population": 5 }, "geometry": { "type": "Polygon", "coordinates": [ [ [ 3.067333180023343, 50.639128915673226 ], [ 3.067067874932133, 50.640917601324077 ], [ 3.069884546408002, 50.641087600596876 ], [ 3.070149745357849, 50.639298907493355 ], [ 3.067333180023343, 50.639128915673226 ] ] ] } },
{ "type": "Feature", "properties": { "idcar_200m": "CRS3035RES200mN3081800E3831600", "population": 141.0, "median_education": 8.4942602038756512, "median_healthcare": 23.341388284854439, "median_services": 1.1131700069801358, "median_commerce": 100.7044595397343, "median_entertainment": 7.9977621349504808, "PC1_pos": 4.0083605425727846, "nivvie": 30917.832624113478, "rel_education": 1.4804242217865149, "rel_sante": 1.4809062133505309, "rel_services": 1.6658390497823994, "rel_commerce": 2.6924726813518953, "rel_loisirs": 1.6455139906322265, "rel_pc1": 1.935165815401269, "q_revenu": 5, "q_population": 2 }, "geometry": { "type": "Polygon", "coordinates": [ [ [ 3.070149745357849, 50.639298907493355 ], [ 3.069884546408002, 50.641087600596876 ], [ 3.072701236611682, 50.641257531019718 ], [ 3.072966329417461, 50.639468830466463 ], [ 3.070149745357849, 50.639298907493355 ] ] ] } },
{ "type": "Feature", "properties": { "idcar_200m": "CRS3035RES200mN3081800E3832000", "population": 90.0, "median_education": 5.7946756572246345, "median_healthcare": 15.452478337500436, "median_services": 0.58404662047340983, "median_commerce": 49.976641678395083, "median_entertainment": 4.0910867001430251, "PC1_pos": 1.9376043874119193, "nivvie": 31165.991111111114, "rel_education": 1.0099264673382526, "rel_sante": 0.98039032222078404, "rel_services": 0.87401534462597885, "rel_commerce": 1.3361944748007761, "rel_loisirs": 0.8417280094585432, "rel_pc1": 0.93544124448555077, "q_revenu": 5, "q_population": 2 }, "geometry": { "type": "Polygon", "coordinates": [ [ [ 3.075782932194849, 50.639638684591802 ], [ 3.075517945535836, 50.641427392591801 ], [ 3.07833467317314, 50.64159718531247 ], [ 3.078599553682686, 50.639808469868633 ], [ 3.075782932194849, 50.639638684591802 ] ] ] } },
{ "type": "Feature", "properties": { "idcar_200m": "CRS3035RES200mN3081800E3832200", "population": 221.5, "median_education": 5.2297162868834164, "median_healthcare": 13.440957559271057, "median_services": 0.45596802716049062, "median_commerce": 32.34123816488286, "median_entertainment": 2.3079890370500094, "PC1_pos": 1.7128413607515918, "nivvie": 23864.044243792323, "rel_education": 0.91146238499276655, "rel_sante": 0.85276836664513878, "rel_services": 0.68234801542738766, "rel_commerce": 0.86468762791666287, "rel_loisirs": 0.47486136579318328, "rel_pc1": 0.82692961706592427, "q_revenu": 3, "q_population": 3 }, "geometry": { "type": "Polygon", "coordinates": [ [ [ 3.078599553682686, 50.639808469868633 ], [ 3.07833467317314, 50.64159718531247 ], [ 3.081151419516254, 50.641766909180909 ], [ 3.081416193873632, 50.639978186296197 ], [ 3.078599553682686, 50.639808469868633 ] ] ] } },
{ "type": "Feature", "properties": { "idcar_200m": "CRS3035RES200mN3081800E3832400", "population": 337.0, "median_education": 8.2970849817581254, "median_healthcare": 20.448217508134402, "median_services": 0.79226641488986116, "median_commerce": 52.090635615858943, "median_entertainment": 3.7935325335996311, "PC1_pos": 2.5464772977386319, "nivvie": 29525.002373887244, "rel_education": 1.4460594898672201, "rel_sante": 1.2973475266416952, "rel_services": 1.1856125510738682, "rel_commerce": 1.3927150196820997, "rel_loisirs": 0.78050719096503363, "rel_pc1": 1.2293943531128146, "q_revenu": 5, "q_population": 4 }, "geometry": { "type": "Polygon", "coordinates": [ [ [ 3.081416193873632, 50.639978186296197 ], [ 3.081151419516254, 50.641766909180909 ], [ 3.083968184557855, 50.641936564196421 ], [ 3.084232852760369, 50.640147833873776 ], [ 3.081416193873632, 50.639978186296197 ] ] ] } },
{ "type": "Feature", "properties": { "idcar_200m": "CRS3035RES200mN3081800E3832600", "population": 304.5, "median_education": 9.4009884110232811, "median_healthcare": 22.307648501697567, "median_services": 0.88074279037159964, "median_commerce": 52.061217731169414, "median_entertainment": 3.9599833802827087, "PC1_pos": 2.7509013425333078, "nivvie": 29351.984236453198, "rel_education": 1.6384535696308329, "rel_sante": 1.4153200687227077, "rel_services": 1.3180158680303948, "rel_commerce": 1.3919284919430925, "rel_loisirs": 0.81475392053112616, "rel_pc1": 1.3280866785987853, "q_revenu": 5, "q_population": 4 }, "geometry": { "type": "Polygon", "coordinates": [ [ [ 3.084232852760369, 50.640147833873776 ], [ 3.083968184557855, 50.641936564196421 ], [ 3.086784968290605, 50.642106150358245 ], [ 3.087049530335552, 50.640317412600652 ], [ 3.084232852760369, 50.640147833873776 ] ] ] } },
{ "type": "Feature", "properties": { "idcar_200m": "CRS3035RES200mN3081800E3832800", "population": 258.0, "median_education": 8.2260931909138506, "median_healthcare": 19.303014632657558, "median_services": 0.78486343621808141, "median_commerce": 39.029921272007861, "median_entertainment": 3.5524771109674571, "PC1_pos": 2.298586514632416, "nivvie": 37723.765116279072, "rel_education": 1.4336866681980753, "rel_sante": 1.2246895496120684, "rel_services": 1.1745341256053161, "rel_commerce": 1.0435188000659781, "rel_loisirs": 0.73091080840626899, "rel_pc1": 1.109717052549354, "q_revenu": 5, "q_population": 3 }, "geometry": { "type": "Polygon", "coordinates": [ [ [ 3.087049530335552, 50.640317412600652 ], [ 3.086784968290605, 50.642106150358245 ], [ 3.089601770707174, 50.642275667665679 ], [ 3.089866226591861, 50.640486922476079 ], [ 3.087049530335552, 50.640317412600652 ] ] ] } },
{ "type": "Feature", "properties": { "idcar_200m": "CRS3035RES200mN3081800E3833000", "population": 118.0, "median_education": 7.2113744208377684, "median_healthcare": 23.416006352866631, "median_services": 0.84248387913937739, "median_commerce": 27.748860940067853, "median_entertainment": 2.4608055514248495, "PC1_pos": 2.0318116137013233, "nivvie": 25232.352542372882, "rel_education": 1.2568361586226042, "rel_sante": 1.4856403945054355, "rel_services": 1.2607620901409844, "rel_commerce": 0.74190408608753144, "rel_loisirs": 0.50630287507545546, "rel_pc1": 0.98092283276653214, "q_revenu": 3, "q_population": 2 }, "geometry": { "type": "Polygon", "coordinates": [ [ [ 3.089866226591861, 50.640486922476079 ], [ 3.089601770707174, 50.642275667665679 ], [ 3.092418591800224, 50.642445116117955 ], [ 3.092682941521958, 50.640656363499303 ], [ 3.089866226591861, 50.640486922476079 ] ] ] } },
{ "type": "Feature", "properties": { "idcar_200m": "CRS3035RES200mN3081800E3833200", "population": 315.5, "median_education": 6.9911890410028406, "median_healthcare": 26.063018892154592, "median_services": 0.79202085978702108, "median_commerce": 23.000330350886724, "median_entertainment": 2.4101791313678218, "PC1_pos": 1.9461453345526318, "nivvie": 31745.086529318545, "rel_education": 1.2184610957251711, "rel_sante": 1.6535814470430803, "rel_services": 1.1852450822446512, "rel_commerce": 0.61494556859616456, "rel_loisirs": 0.49588665100004675, "rel_pc1": 0.93956466321555543, "q_revenu": 5, "q_population": 4 }, "geometry": { "type": "Polygon", "coordinates": [ [ [ 3.092682941521958, 50.640656363499303 ], [ 3.092418591800224, 50.642445116117955 ], [ 3.095235431562429, 50.642614495714326 ], [ 3.09549967511851, 50.640825735669587 ], [ 3.092682941521958, 50.640656363499303 ] ] ] } },
{ "type": "Feature", "properties": { "idcar_200m": "CRS3035RES200mN3081800E3833400", "population": 99.0, "median_education": 6.6885851855377458, "median_healthcare": 19.548796511412142, "median_services": 0.84527624890089126, "median_commerce": 18.027219355434919, "median_entertainment": 2.3873763810635591, "PC1_pos": 1.7641683057529505, "nivvie": 30837.693939393943, "rel_education": 1.16572170859972, "rel_sante": 1.2402833055161595, "rel_services": 1.2649408216563802, "rel_commerce": 0.48198258405920347, "rel_loisirs": 0.49119505802473379, "rel_pc1": 0.85170936138300046, "q_revenu": 5, "q_population": 2 }, "geometry": { "type": "Polygon", "coordinates": [ [ [ 3.09549967511851, 50.640825735669587 ], [ 3.095235431562429, 50.642614495714326 ], [ 3.098052289986446, 50.642783806454112 ], [ 3.098316427374188, 50.64099503898624 ], [ 3.09549967511851, 50.640825735669587 ] ] ] } },
{ "type": "Feature", "properties": { "idcar_200m": "CRS3035RES200mN3082000E3825400", "population": 47.0, "median_education": 0.83995100401868439, "median_healthcare": 2.7983907629797256, "median_services": 0.10533337207975985, "median_commerce": 2.01806282958484, "median_entertainment": 2.0319716002800106, "PC1_pos": 0.32136994760800297, "nivvie": 21266.20425531915, "rel_education": 0.14639106662823939, "rel_sante": 0.1775453206855066, "rel_services": 0.15762951153502847, "rel_commerce": 0.053955694343059309, "rel_loisirs": 0.41807166059819484, "rel_pc1": 0.15515174598269349, "q_revenu": 2, "q_population": 1 }, "geometry": { "type": "Polygon", "coordinates": [ [ [ 2.982576475432431, 50.635785611566185 ], [ 2.982307961887793, 50.637574070560603 ], [ 2.985124174192126, 50.637746142530567 ], [ 2.985392581667103, 50.635957675994177 ], [ 2.982576475432431, 50.635785611566185 ] ] ] } },
{ "type": "Feature", "properties": { "idcar_200m": "CRS3035RES200mN3082000E3825600", "population": 143.0, "median_education": 1.0712457927084627, "median_healthcare": 3.6503434531822796, "median_services": 0.10251353483005383, "median_commerce": 2.2649598690551906, "median_entertainment": 1.8894257082818224, "PC1_pos": 0.32744417180914498, "nivvie": 22559.96223776224, "rel_education": 0.18670233557113203, "rel_sante": 0.23159789103841569, "rel_services": 0.15340967541373859, "rel_commerce": 0.060556827370522585, "rel_loisirs": 0.38874329903501104, "rel_pc1": 0.15808427435789507, "q_revenu": 3, "q_population": 2 }, "geometry": { "type": "Polygon", "coordinates": [ [ [ 2.985392581667103, 50.635957675994177 ], [ 2.985124174192126, 50.637746142530567 ], [ 2.987940405446752, 50.637918145669822 ], [ 2.988208706849325, 50.636129671594432 ], [ 2.985392581667103, 50.635957675994177 ] ] ] } },
{ "type": "Feature", "properties": { "idcar_200m": "CRS3035RES200mN3082000E3825800", "population": 251.0, "median_education": 1.2661481055746739, "median_healthcare": 3.5964215474703414, "median_services": 0.10474803712121827, "median_commerce": 2.0528277905746966, "median_entertainment": 1.5197720106994748, "PC1_pos": 0.32293898169967372, "nivvie": 19849.835059760953, "rel_education": 0.220670932944415, "rel_sante": 0.22817678839319191, "rel_services": 0.1567535682154752, "rel_commerce": 0.054885183545039691, "rel_loisirs": 0.31268823253052896, "rel_pc1": 0.15590924798510858, "q_revenu": 2, "q_population": 3 }, "geometry": { "type": "Polygon", "coordinates": [ [ [ 2.988208706849325, 50.636129671594432 ], [ 2.987940405446752, 50.637918145669822 ], [ 2.990756655644342, 50.638090079977658 ], [ 2.991024850971781, 50.636301598366188 ], [ 2.988208706849325, 50.636129671594432 ] ] ] } },
{ "type": "Feature", "properties": { "idcar_200m": "CRS3035RES200mN3082000E3826000", "population": 186.5, "median_education": 1.7344003300029938, "median_healthcare": 4.9119426440009075, "median_services": 0.11564077817752814, "median_commerce": 2.9052743053332666, "median_entertainment": 1.3786436791339414, "PC1_pos": 0.37172643953557083, "nivvie": 19255.930294906168, "rel_education": 0.30228038665914936, "rel_sante": 0.31164069130551042, "rel_services": 0.17305436081407849, "rel_commerce": 0.077676517352809019, "rel_loisirs": 0.28365152949446065, "rel_pc1": 0.17946297266172168, "q_revenu": 2, "q_population": 3 }, "geometry": { "type": "Polygon", "coordinates": [ [ [ 2.991024850971781, 50.636301598366188 ], [ 2.990756655644342, 50.638090079977658 ], [ 2.993572924777581, 50.63826194545333 ], [ 2.993841014027158, 50.636473456308806 ], [ 2.991024850971781, 50.636301598366188 ] ] ] } },
{ "type": "Feature", "properties": { "idcar_200m": "CRS3035RES200mN3082000E3827000", "population": 127.5, "median_education": 4.8189872365480539, "median_healthcare": 7.2646613201887735, "median_services": 0.35008146357692044, "median_commerce": 11.840862034694256, "median_entertainment": 1.7954113755217216, "PC1_pos": 0.87307876194157918, "nivvie": 18867.280784313723, "rel_education": 0.83987837177518121, "rel_sante": 0.46091012049765556, "rel_services": 0.52389066267917817, "rel_commerce": 0.31658178493567057, "rel_loisirs": 0.36940015063095344, "rel_pc1": 0.42150703668431977, "q_revenu": 1, "q_population": 2 }, "geometry": { "type": "Polygon", "coordinates": [ [ [ 3.005105855431411, 50.637160199772026 ], [ 3.004838190520593, 50.638948719019474 ], [ 3.00765455422225, 50.639120240323159 ], [ 3.007922113041562, 50.637331713557344 ], [ 3.005105855431411, 50.637160199772026 ] ] ] } },
{ "type": "Feature", "properties": { "idcar_200m": "CRS3035RES200mN3082000E3827200", "population": 276.0, "median_education": 5.0872871521572467, "median_healthcare": 7.9077622310541207, "median_services": 0.46551263155925188, "median_commerce": 14.161321016424669, "median_entertainment": 2.0612489583916274, "PC1_pos": 1.0978988352211683, "nivvie": 14794.051086956522, "rel_education": 0.88663908833409932, "rel_sante": 0.50171198382683235, "rel_services": 0.69663134557685424, "rel_commerce": 0.37862245766319391, "rel_loisirs": 0.42409538343072112, "rel_pc1": 0.53004620520617662, "q_revenu": 1, "q_population": 3 }, "geometry": { "type": "Polygon", "coordinates": [ [ [ 3.007922113041562, 50.637331713557344 ], [ 3.00765455422225, 50.639120240323159 ], [ 3.010470936815622, 50.639291692790188 ], [ 3.010738389540699, 50.637503158508956 ], [ 3.007922113041562, 50.637331713557344 ] ] ] } },
{ "type": "Feature", "properties": { "idcar_200m": "CRS3035RES200mN3082000E3827400", "population": 270.0, "median_education": 5.4324184921303198, "median_healthcare": 10.461952620108637, "median_services": 0.79804079056461841, "median_commerce": 21.496703105111948, "median_entertainment": 2.8408759316861407, "PC1_pos": 1.5699045603420199, "nivvie": 17598.547407407408, "rel_education": 0.94679038852156572, "rel_sante": 0.66376388798393893, "rel_services": 1.194253801221471, "rel_commerce": 0.57474401942258901, "rel_loisirs": 0.58450114073927129, "rel_pc1": 0.75792224934597952, "q_revenu": 1, "q_population": 3 }, "geometry": { "type": "Polygon", "coordinates": [ [ [ 3.010738389540699, 50.637503158508956 ], [ 3.010470936815622, 50.639291692790188 ], [ 3.013287338293387, 50.639463076419837 ], [ 3.013554684921503, 50.637674534626157 ], [ 3.010738389540699, 50.637503158508956 ] ] ] } },
{ "type": "Feature", "properties": { "idcar_200m": "CRS3035RES200mN3082000E3827600", "population": 304.5, "median_education": 5.4326593503114884, "median_healthcare": 12.497365736251581, "median_services": 1.0580980554216963, "median_commerce": 31.016627152973058, "median_entertainment": 2.8692288950842504, "PC1_pos": 1.9698543193140208, "nivvie": 22671.389819376025, "rel_education": 0.94683236654871095, "rel_sante": 0.79290170505144886, "rel_services": 1.5834248570907969, "rel_commerce": 0.82927232476836654, "rel_loisirs": 0.590334672314759, "rel_pc1": 0.95101094314492041, "q_revenu": 3, "q_population": 4 }, "geometry": { "type": "Polygon", "coordinates": [ [ [ 3.013554684921503, 50.637674534626157 ], [ 3.013287338293387, 50.639463076419837 ], [ 3.016103758648217, 50.639634391211388 ], [ 3.016370999176655, 50.637845841908209 ], [ 3.013554684921503, 50.637674534626157 ] ] ] } },
{ "type": "Feature", "properties": { "idcar_200m": "CRS3035RES200mN3082000E3827800", "population": 373.5, "median_education": 6.0328627730994828, "median_healthcare": 16.414952723507479, "median_services": 1.0362633721968646, "median_commerce": 43.655075125313367, "median_entertainment": 3.3984340239212116, "PC1_pos": 2.3363432432145372, "nivvie": 22637.363319946449, "rel_education": 1.0514389672140756, "rel_sante": 1.0414549975963026, "rel_services": 1.5507496433072097, "rel_commerce": 1.1671786702841485, "rel_loisirs": 0.69921693571817556, "rel_pc1": 1.1279453355786566, "q_revenu": 3, "q_population": 4 }, "geometry": { "type": "Polygon", "coordinates": [ [ [ 3.016370999176655, 50.637845841908209 ], [ 3.016103758648217, 50.639634391211388 ], [ 3.018920197872797, 50.639805637164038 ], [ 3.019187332298827, 50.638017080354324 ], [ 3.016370999176655, 50.637845841908209 ] ] ] } },
{ "type": "Feature", "properties": { "idcar_200m": "CRS3035RES200mN3082000E3828000", "population": 366.0, "median_education": 7.1016891314498478, "median_healthcare": 20.113867325880069, "median_services": 1.0806420194923083, "median_commerce": 56.001058174062429, "median_entertainment": 4.2308048720553693, "PC1_pos": 2.7171893035653434, "nivvie": 24609.163661202187, "rel_education": 1.2377196310750431, "rel_sante": 1.2761345098197006, "rel_services": 1.6171614970022485, "rel_commerce": 1.4972655625143247, "rel_loisirs": 0.87047457665421091, "rel_pc1": 1.3118111004202797, "q_revenu": 3, "q_population": 4 }, "geometry": { "type": "Polygon", "coordinates": [ [ [ 3.019187332298827, 50.638017080354324 ], [ 3.018920197872797, 50.639805637164038 ], [ 3.021736655959794, 50.639976814277098 ], [ 3.022003684280698, 50.638188249963768 ], [ 3.019187332298827, 50.638017080354324 ] ] ] } },
{ "type": "Feature", "properties": { "idcar_200m": "CRS3035RES200mN3082000E3828200", "population": 381.5, "median_education": 7.5623719748402376, "median_healthcare": 16.794917038095111, "median_services": 1.0981308677429176, "median_commerce": 43.592112430533589, "median_entertainment": 4.2719639800519449, "PC1_pos": 2.5495774860657638, "nivvie": 24977.776933158584, "rel_education": 1.3180098533601388, "rel_sante": 1.0655620261696379, "rel_services": 1.6433332463028056, "rel_commerce": 1.165495275761069, "rel_loisirs": 0.87894293153992753, "rel_pc1": 1.2308910693907673, "q_revenu": 3, "q_population": 4 }, "geometry": { "type": "Polygon", "coordinates": [ [ [ 3.022003684280698, 50.638188249963768 ], [ 3.021736655959794, 50.639976814277098 ], [ 3.024553132901887, 50.640147922549794 ], [ 3.024820055114944, 50.63835935073584 ], [ 3.022003684280698, 50.638188249963768 ] ] ] } },
{ "type": "Feature", "properties": { "idcar_200m": "CRS3035RES200mN3082000E3830400", "population": 456.5, "median_education": 5.7681533741108622, "median_healthcare": 22.213312407287177, "median_services": 0.82514232215814121, "median_commerce": 78.128138655279287, "median_entertainment": 8.4929313998202325, "PC1_pos": 3.3587277603353809, "nivvie": 25966.851259583789, "rel_education": 1.0053040247244989, "rel_sante": 1.4093348673863237, "rel_services": 1.2348107595964799, "rel_commerce": 2.0888635909039652, "rel_loisirs": 1.747393483836146, "rel_pc1": 1.6215345590814634, "q_revenu": 4, "q_population": 5 }, "geometry": { "type": "Polygon", "coordinates": [ [ [ 3.052984798726466, 50.640066572236009 ], [ 3.052718937741285, 50.641855218894051 ], [ 3.055535621605869, 50.642025569873923 ], [ 3.055801376453343, 50.640236915747707 ], [ 3.052984798726466, 50.640066572236009 ] ] ] } },
{ "type": "Feature", "properties": { "idcar_200m": "CRS3035RES200mN3082000E3830600", "population": 197.5, "median_education": 6.6700891787058962, "median_healthcare": 26.020318602759836, "median_services": 1.0811329630686872, "median_commerce": 101.68483991601296, "median_entertainment": 12.150143089355975, "PC1_pos": 4.3741228971952317, "nivvie": 32938.73113924051, "rel_education": 1.1624981275152007, "rel_sante": 1.6508723055342358, "rel_services": 1.6178961853029066, "rel_commerce": 2.7186845034750484, "rel_loisirs": 2.4998530969491646, "rel_pc1": 2.1117494329946416, "q_revenu": 5, "q_population": 3 }, "geometry": { "type": "Polygon", "coordinates": [ [ [ 3.055801376453343, 50.640236915747707 ], [ 3.055535621605869, 50.642025569873923 ], [ 3.058352324237614, 50.642195852004527 ], [ 3.058617972944678, 50.640407190413065 ], [ 3.055801376453343, 50.640236915747707 ] ] ] } },
{ "type": "Feature", "properties": { "idcar_200m": "CRS3035RES200mN3082000E3830800", "population": 455.0, "median_education": 7.7136787316238813, "median_healthcare": 29.506485000177335, "median_services": 1.2320368829145589, "median_commerce": 137.95840676942564, "median_entertainment": 14.292358600028638, "PC1_pos": 5.4434314575923999, "nivvie": 26418.074285714287, "rel_education": 1.3443803885552184, "rel_sante": 1.8720539000351648, "rel_services": 1.8437212083166394, "rel_commerce": 3.6885083648450605, "rel_loisirs": 2.9406070896637844, "rel_pc1": 2.6279927574707278, "q_revenu": 4, "q_population": 5 }, "geometry": { "type": "Polygon", "coordinates": [ [ [ 3.058617972944678, 50.640407190413065 ], [ 3.058352324237614, 50.642195852004527 ], [ 3.061169045629202, 50.642366065285145 ], [ 3.061434588193142, 50.640577396231436 ], [ 3.058617972944678, 50.640407190413065 ] ] ] } },
{ "type": "Feature", "properties": { "idcar_200m": "CRS3035RES200mN3082000E3831000", "population": 122.5, "median_education": 8.405059326646116, "median_healthcare": 29.282831684783083, "median_services": 1.3400025836959633, "median_commerce": 143.45739982652131, "median_entertainment": 15.242440547027329, "PC1_pos": 5.722355817934945, "nivvie": 29748.971428571429, "rel_education": 1.464877825033216, "rel_sante": 1.85786410205221, "rel_services": 2.0052899527770665, "rel_commerce": 3.8355315319306449, "rel_loisirs": 3.1360834128719302, "rel_pc1": 2.7626525221013587, "q_revenu": 5, "q_population": 2 }, "geometry": { "type": "Polygon", "coordinates": [ [ [ 3.061434588193142, 50.640577396231436 ], [ 3.061169045629202, 50.642366065285145 ], [ 3.063985785773285, 50.64253620971504 ], [ 3.064251222191402, 50.64074753320201 ], [ 3.061434588193142, 50.640577396231436 ] ] ] } },
{ "type": "Feature", "properties": { "idcar_200m": "CRS3035RES200mN3082000E3831200", "population": 456.5, "median_education": 8.5562174404577842, "median_healthcare": 26.55371687162209, "median_services": 1.2554111693770955, "median_commerce": 128.44998722498656, "median_entertainment": 13.004789408484967, "PC1_pos": 5.1557672173663551, "nivvie": 27908.881708652792, "rel_education": 1.4912224539514889, "rel_sante": 1.6847140291244764, "rel_services": 1.8787004108696492, "rel_commerce": 3.4342876482725893, "rel_loisirs": 2.6756938448282956, "rel_pc1": 2.4891135328884215, "q_revenu": 4, "q_population": 5 }, "geometry": { "type": "Polygon", "coordinates": [ [ [ 3.064251222191402, 50.64074753320201 ], [ 3.063985785773285, 50.64253620971504 ], [ 3.06680254466255, 50.642706285293471 ], [ 3.067067874932133, 50.640917601324077 ], [ 3.064251222191402, 50.64074753320201 ] ] ] } },
{ "type": "Feature", "properties": { "idcar_200m": "CRS3035RES200mN3082000E3831400", "population": 340.0, "median_education": 8.6102900072619661, "median_healthcare": 22.019937394824169, "median_services": 1.0040136029731732, "median_commerce": 100.83106171336463, "median_entertainment": 9.0042540034261656, "PC1_pos": 3.9906080917235722, "nivvie": 22503.699117647058, "rel_education": 1.5006465045114841, "rel_sante": 1.3970660916833368, "rel_services": 1.5024884391942477, "rel_commerce": 2.6958575651540366, "rel_loisirs": 1.8525964748432382, "rel_pc1": 1.9265952450500958, "q_revenu": 2, "q_population": 4 }, "geometry": { "type": "Polygon", "coordinates": [ [ [ 3.067067874932133, 50.640917601324077 ], [ 3.06680254466255, 50.642706285293471 ], [ 3.069619322289655, 50.642876292019686 ], [ 3.069884546408002, 50.641087600596876 ], [ 3.067067874932133, 50.640917601324077 ] ] ] } },
{ "type": "Feature", "properties": { "idcar_200m": "CRS3035RES200mN3082000E3831600", "population": 65.0, "median_education": 7.1856999949694202, "median_healthcare": 19.277176791850955, "median_services": 0.8289796606853701, "median_commerce": 78.73734265234269, "median_entertainment": 6.8426442986595548, "PC1_pos": 3.25250724638753, "nivvie": 28950.126153846155, "rel_education": 1.2523614850167002, "rel_sante": 1.2230502547028241, "rel_services": 1.2405532682212264, "rel_commerce": 2.1051515003665688, "rel_loisirs": 1.4078521886965139, "rel_pc1": 1.5702531672747526, "q_revenu": 4, "q_population": 2 }, "geometry": { "type": "Polygon", "coordinates": [ [ [ 3.069884546408002, 50.641087600596876 ], [ 3.069619322289655, 50.642876292019686 ], [ 3.072436118647271, 50.643046229892967 ], [ 3.072701236611682, 50.641257531019718 ], [ 3.069884546408002, 50.641087600596876 ] ] ] } },
{ "type": "Feature", "properties": { "idcar_200m": "CRS3035RES200mN3082000E3832400", "population": 305.0, "median_education": 5.7566955245017377, "median_healthcare": 15.855446473391137, "median_services": 0.4665277551713094, "median_commerce": 32.976708226745849, "median_entertainment": 2.485106578187962, "PC1_pos": 1.7440752410286786, "nivvie": 28310.31606557377, "rel_education": 1.0033070905967691, "rel_sante": 1.0059568398991707, "rel_services": 0.6981504599463737, "rel_commerce": 0.88167779686452363, "rel_loisirs": 0.51130273364222656, "rel_pc1": 0.8420087839104714, "q_revenu": 4, "q_population": 4 }, "geometry": { "type": "Polygon", "coordinates": [ [ [ 3.081151419516254, 50.641766909180909 ], [ 3.080886620029871, 50.64355563038778 ], [ 3.083703491236215, 50.643725292841914 ], [ 3.083968184557855, 50.641936564196421 ], [ 3.081151419516254, 50.641766909180909 ] ] ] } },
{ "type": "Feature", "properties": { "idcar_200m": "CRS3035RES200mN3082000E3832600", "population": 511.5, "median_education": 8.2511109657177961, "median_healthcare": 21.321754300834399, "median_services": 0.8426359932227494, "median_commerce": 44.186738654479669, "median_entertainment": 3.23773905972168, "PC1_pos": 2.3466458636041652, "nivvie": 27769.758944281522, "rel_education": 1.4380468972122586, "rel_sante": 1.3527695113202638, "rel_services": 1.2609897261521184, "rel_commerce": 1.1813934283444565, "rel_loisirs": 0.66615446057166861, "rel_pc1": 1.1329192591005828, "q_revenu": 4, "q_population": 5 }, "geometry": { "type": "Polygon", "coordinates": [ [ [ 3.083968184557855, 50.641936564196421 ], [ 3.083703491236215, 50.643725292841914 ], [ 3.0865203811364, 50.643894886439448 ], [ 3.086784968290605, 50.642106150358245 ], [ 3.083968184557855, 50.641936564196421 ] ] ] } },
{ "type": "Feature", "properties": { "idcar_200m": "CRS3035RES200mN3082000E3832800", "population": 646.5, "median_education": 8.3096227601794137, "median_healthcare": 21.430043640765934, "median_services": 1.0295935629277932, "median_commerce": 35.449318012485989, "median_entertainment": 2.8065002741812326, "PC1_pos": 2.3306025343644761, "nivvie": 21659.523124516625, "rel_education": 1.4482446396526951, "rel_sante": 1.3596399833927537, "rel_services": 1.540768392765649, "rel_commerce": 0.94778643128028062, "rel_loisirs": 0.57742845910570351, "rel_pc1": 1.1251738225361498, "q_revenu": 2, "q_population": 5 }, "geometry": { "type": "Polygon", "coordinates": [ [ [ 3.086784968290605, 50.642106150358245 ], [ 3.0865203811364, 50.643894886439448 ], [ 3.089337289723103, 50.644064411179592 ], [ 3.089601770707174, 50.642275667665679 ], [ 3.086784968290605, 50.642106150358245 ] ] ] } },
{ "type": "Feature", "properties": { "idcar_200m": "CRS3035RES200mN3082000E3833000", "population": 625.5, "median_education": 6.5499047556812418, "median_healthcare": 19.191513199719353, "median_services": 0.71290895457368175, "median_commerce": 24.315690107003114, "median_entertainment": 2.0496767466847787, "PC1_pos": 1.7817836306347865, "nivvie": 19552.020303756992, "rel_education": 1.1415517558881632, "rel_sante": 1.2176152846703032, "rel_services": 1.0668555279261831, "rel_commerce": 0.65011352665561573, "rel_loisirs": 0.42171443786809154, "rel_pc1": 0.86021372973421584, "q_revenu": 2, "q_population": 5 }, "geometry": { "type": "Polygon", "coordinates": [ [ [ 3.089601770707174, 50.642275667665679 ], [ 3.089337289723103, 50.644064411179592 ], [ 3.092154216988987, 50.644233867061644 ], [ 3.092418591800224, 50.642445116117955 ], [ 3.089601770707174, 50.642275667665679 ] ] ] } },
{ "type": "Feature", "properties": { "idcar_200m": "CRS3035RES200mN3082000E3833200", "population": 22.0, "median_education": 5.1766941125378247, "median_healthcare": 17.321572418156329, "median_services": 0.56941692068951077, "median_commerce": 18.927906318728617, "median_entertainment": 1.6387199706712963, "PC1_pos": 1.4805713502198818, "nivvie": 29640.995454545457, "rel_education": 0.9022214023398939, "rel_sante": 1.0989759437613871, "rel_services": 0.85212225998140922, "rel_commerce": 0.50606369282242791, "rel_loisirs": 0.33716139502125192, "rel_pc1": 0.71479375015726632, "q_revenu": 5, "q_population": 1 }, "geometry": { "type": "Polygon", "coordinates": [ [ [ 3.092418591800224, 50.642445116117955 ], [ 3.092154216988987, 50.644233867061644 ], [ 3.094971162926714, 50.644403254084828 ], [ 3.095235431562429, 50.642614495714326 ], [ 3.092418591800224, 50.642445116117955 ] ] ] } },
{ "type": "Feature", "properties": { "idcar_200m": "CRS3035RES200mN3082200E3825200", "population": 6.0, "median_education": 0.35458196534154629, "median_healthcare": 1.3715775021841781, "median_services": 0.055222052797318288, "median_commerce": 1.8004463528401309, "median_entertainment": 2.3306019961174282, "PC1_pos": 0.27120000657231036, "nivvie": 29098.85, "rel_education": 0.061798404746393643, "rel_sante": 0.087020429988490619, "rel_services": 0.082638816516873451, "rel_commerce": 0.0481374175624169, "rel_loisirs": 0.47951390982827319, "rel_pc1": 0.13093058278596822, "q_revenu": 5, "q_population": 1 }, "geometry": { "type": "Polygon", "coordinates": [ [ [ 2.979491768541068, 50.637401929760763 ], [ 2.979223123441862, 50.639190379506459 ], [ 2.982039422865377, 50.639362527851944 ], [ 2.982307961887793, 50.637574070560603 ], [ 2.979491768541068, 50.637401929760763 ] ] ] } },
{ "type": "Feature", "properties": { "idcar_200m": "CRS3035RES200mN3082200E3825400", "population": 135.5, "median_education": 1.1607408149812797, "median_healthcare": 4.6598745817855036, "median_services": 0.14347997763200615, "median_commerce": 3.1556922430431844, "median_entertainment": 2.7371004457747565, "PC1_pos": 0.48782883970761581, "nivvie": 30036.239852398525, "rel_education": 0.20229999746540162, "rel_sante": 0.29564810530477809, "rel_services": 0.21471522597856535, "rel_commerce": 0.084371786452966419, "rel_loisirs": 0.56314966628048546, "rel_pc1": 0.23551516495148253, "q_revenu": 5, "q_population": 2 }, "geometry": { "type": "Polygon", "coordinates": [ [ [ 2.982307961887793, 50.637574070560603 ], [ 2.982039422865377, 50.639362527851944 ], [ 2.984855741249235, 50.639534607364581 ], [ 2.985124174192126, 50.637746142530567 ], [ 2.982307961887793, 50.637574070560603 ] ] ] } },
{ "type": "Feature", "properties": { "idcar_200m": "CRS3035RES200mN3082200E3825600", "population": 103.5, "median_education": 1.4712329443944203, "median_healthcare": 5.0115077838881401, "median_services": 0.13755605404629495, "median_commerce": 3.1008260995015275, "median_entertainment": 2.2185578344801851, "PC1_pos": 0.45746767136097244, "nivvie": 25679.351690821255, "rel_education": 0.25641419434949975, "rel_sante": 0.31795765208319438, "rel_services": 0.2058501800510561, "rel_commerce": 0.082904864399144601, "rel_loisirs": 0.45646118177362921, "rel_pc1": 0.22085732804383851, "q_revenu": 4, "q_population": 2 }, "geometry": { "type": "Polygon", "coordinates": [ [ [ 2.985124174192126, 50.637746142530567 ], [ 2.984855741249235, 50.639534607364581 ], [ 2.987672078586117, 50.63970661804359 ], [ 2.987940405446752, 50.637918145669822 ], [ 2.985124174192126, 50.637746142530567 ] ] ] } },
{ "type": "Feature", "properties": { "idcar_200m": "CRS3035RES200mN3082200E3825800", "population": 144.5, "median_education": 1.9441670008496612, "median_healthcare": 5.8216994652218341, "median_services": 0.14830818557158551, "median_commerce": 3.4273213340102631, "median_entertainment": 2.0629308013962189, "PC1_pos": 0.50043154264844958, "nivvie": 20676.345328719723, "rel_education": 0.3388396223066793, "rel_sante": 0.3693606740564207, "rel_services": 0.22194055299581064, "rel_commerce": 0.091634165003349713, "rel_loisirs": 0.42444141725210827, "rel_pc1": 0.24159952778604549, "q_revenu": 2, "q_population": 2 }, "geometry": { "type": "Polygon", "coordinates": [ [ [ 2.987940405446752, 50.637918145669822 ], [ 2.987672078586117, 50.63970661804359 ], [ 2.990488434868702, 50.639878559888203 ], [ 2.990756655644342, 50.638090079977658 ], [ 2.987940405446752, 50.637918145669822 ] ] ] } },
{ "type": "Feature", "properties": { "idcar_200m": "CRS3035RES200mN3082200E3826000", "population": 113.5, "median_education": 2.3278542506726398, "median_healthcare": 6.6476809525841887, "median_services": 0.14489533111328129, "median_commerce": 3.7489537537074336, "median_entertainment": 1.9255817990245183, "PC1_pos": 0.5328845432002971, "nivvie": 19664.39207048458, "rel_education": 0.40571064869334716, "rel_sante": 0.42176548827825189, "rel_services": 0.2168332772048554, "rel_commerce": 0.10023345154368461, "rel_loisirs": 0.39618229911525565, "rel_pc1": 0.25726726441006287, "q_revenu": 2, "q_population": 2 }, "geometry": { "type": "Polygon", "coordinates": [ [ [ 2.990756655644342, 50.638090079977658 ], [ 2.990488434868702, 50.639878559888203 ], [ 2.993304810089667, 50.640050432897731 ], [ 2.993572924777581, 50.63826194545333 ], [ 2.990756655644342, 50.638090079977658 ] ] ] } },
{ "type": "Feature", "properties": { "idcar_200m": "CRS3035RES200mN3082200E3826200", "population": 51.0, "median_education": 2.1046952294031462, "median_healthcare": 6.7852839648461272, "median_services": 0.12487528891118285, "median_commerce": 4.2427808011877648, "median_entertainment": 1.6079021196223908, "PC1_pos": 0.50438503774441745, "nivvie": 26311.031372549023, "rel_education": 0.36681732396957739, "rel_sante": 0.43049578115319109, "rel_services": 0.18687364132765349, "rel_commerce": 0.11343659905800933, "rel_loisirs": 0.33082072069179363, "rel_pc1": 0.24350820553092795, "q_revenu": 4, "q_population": 1 }, "geometry": { "type": "Polygon", "coordinates": [ [ [ 2.993572924777581, 50.63826194545333 ], [ 2.993304810089667, 50.640050432897731 ], [ 2.996121204241688, 50.640222237071391 ], [ 2.996389212839149, 50.638433742096097 ], [ 2.993572924777581, 50.63826194545333 ] ] ] } },
{ "type": "Feature", "properties": { "idcar_200m": "CRS3035RES200mN3082200E3827000", "population": 1.0, "median_education": 3.509703100565603, "median_healthcare": 7.2583474614961654, "median_services": 0.38827036036277485, "median_commerce": 12.850670041591282, "median_entertainment": 1.8761337757118284, "PC1_pos": 0.67553442075827363, "nivvie": 26229.2, "rel_education": 0.61168946519743495, "rel_sante": 0.46050953453190274, "rel_services": 0.58103966519907901, "rel_commerce": 0.34358039536868595, "rel_loisirs": 0.38600852640269129, "rel_pc1": 0.326136110834788, "q_revenu": 4, "q_population": 1 }, "geometry": { "type": "Polygon", "coordinates": [ [ [ 3.004838190520593, 50.638948719019474 ], [ 3.004570500210879, 50.640737236569734 ], [ 3.007386970013909, 50.640908765392489 ], [ 3.00765455422225, 50.639120240323159 ], [ 3.004838190520593, 50.638948719019474 ] ] ] } },
{ "type": "Feature", "properties": { "idcar_200m": "CRS3035RES200mN3082200E3827200", "population": 180.5, "median_education": 3.5894252627311443, "median_healthcare": 8.0324042774440514, "median_services": 0.42663393702447716, "median_commerce": 14.092978515809056, "median_entertainment": 2.0921288421095543, "PC1_pos": 1.0188913372838657, "nivvie": 19886.153462603877, "rel_education": 0.62558386177233727, "rel_sante": 0.50961996165107104, "rel_services": 0.63845007303584433, "rel_commerce": 0.37679522660784814, "rel_loisirs": 0.43044882078351382, "rel_pc1": 0.49190277785108161, "q_revenu": 2, "q_population": 3 }, "geometry": { "type": "Polygon", "coordinates": [ [ [ 3.00765455422225, 50.639120240323159 ], [ 3.007386970013909, 50.640908765392489 ], [ 3.010203458711378, 50.641080225375667 ], [ 3.010470936815622, 50.639291692790188 ], [ 3.00765455422225, 50.639120240323159 ] ] ] } },
{ "type": "Feature", "properties": { "idcar_200m": "CRS3035RES200mN3082200E3827400", "population": 246.0, "median_education": 4.7349056987950551, "median_healthcare": 13.456321760696623, "median_services": 0.8774623162822961, "median_commerce": 26.218295082122712, "median_entertainment": 3.1282923195775094, "PC1_pos": 1.7228358424005332, "nivvie": 20669.897154471546, "rel_education": 0.82522420035742761, "rel_sante": 0.85374315619392716, "rel_services": 1.3131066970991854, "rel_commerce": 0.70098229594673611, "rel_loisirs": 0.64363614368533661, "rel_pc1": 0.8317547766353458, "q_revenu": 2, "q_population": 3 }, "geometry": { "type": "Polygon", "coordinates": [ [ [ 3.010470936815622, 50.639291692790188 ], [ 3.010203458711378, 50.641080225375667 ], [ 3.013019966295964, 50.641251616518502 ], [ 3.013287338293387, 50.639463076419837 ], [ 3.010470936815622, 50.639291692790188 ] ] ] } },
{ "type": "Feature", "properties": { "idcar_200m": "CRS3035RES200mN3082200E3827600", "population": 356.0, "median_education": 5.4356523722372891, "median_healthcare": 16.359478942885779, "median_services": 1.1759159329539977, "median_commerce": 33.820234046895074, "median_entertainment": 3.4261978235934216, "PC1_pos": 2.1854882141666589, "nivvie": 23812.237359550563, "rel_education": 0.94735400610871312, "rel_sante": 1.0379354354606594, "rel_services": 1.7597372082367171, "rel_commerce": 0.9042306235928238, "rel_loisirs": 0.70492924874060015, "rel_pc1": 1.0551151866451369, "q_revenu": 3, "q_population": 4 }, "geometry": { "type": "Polygon", "coordinates": [ [ [ 3.013287338293387, 50.639463076419837 ], [ 3.013019966295964, 50.641251616518502 ], [ 3.015836492760342, 50.641422938820256 ], [ 3.016103758648217, 50.639634391211388 ], [ 3.013287338293387, 50.639463076419837 ] ] ] } },
{ "type": "Feature", "properties": { "idcar_200m": "CRS3035RES200mN3082200E3827800", "population": 253.0, "median_education": 6.0976019318040624, "median_healthcare": 22.260044526512516, "median_services": 1.0709986423012769, "median_commerce": 48.79536055789454, "median_entertainment": 4.5017544690178699, "PC1_pos": 2.6148682880148661, "nivvie": 21919.188142292489, "rel_education": 1.0627220473580783, "rel_sante": 1.412299810382827, "rel_services": 1.6027303551318517, "rel_commerce": 1.3046112940709345, "rel_loisirs": 0.92622159001055626, "rel_pc1": 1.2624123177041588, "q_revenu": 2, "q_population": 3 }, "geometry": { "type": "Polygon", "coordinates": [ [ [ 3.016103758648217, 50.639634391211388 ], [ 3.015836492760342, 50.641422938820256 ], [ 3.01865303809719, 50.641594192280195 ], [ 3.018920197872797, 50.639805637164038 ], [ 3.016103758648217, 50.639634391211388 ] ] ] } },
{ "type": "Feature", "properties": { "idcar_200m": "CRS3035RES200mN3082200E3828000", "population": 467.5, "median_education": 6.4506504184977622, "median_healthcare": 20.30319650857745, "median_services": 0.95337384900701883, "median_commerce": 48.574620966806904, "median_entertainment": 4.0774378259279374, "PC1_pos": 2.5710252830217835, "nivvie": 26631.896898395724, "rel_education": 1.1242531894024383, "rel_sante": 1.2881465958020524, "rel_services": 1.4267069511023767, "rel_commerce": 1.2987095165189508, "rel_loisirs": 0.83891979722387844, "rel_pc1": 1.2412456877051958, "q_revenu": 4, "q_population": 5 }, "geometry": { "type": "Polygon", "coordinates": [ [ [ 3.018920197872797, 50.639805637164038 ], [ 3.01865303809719, 50.641594192280195 ], [ 3.021469602299179, 50.641765376897588 ], [ 3.021736655959794, 50.639976814277098 ], [ 3.018920197872797, 50.639805637164038 ] ] ] } },
{ "type": "Feature", "properties": { "idcar_200m": "CRS3035RES200mN3082200E3830400", "population": 177.5, "median_education": 4.8495705312360267, "median_healthcare": 18.631555810110076, "median_services": 0.7609254457220993, "median_commerce": 61.337280937086661, "median_entertainment": 7.9461862152107798, "PC1_pos": 2.8232911191427754, "nivvie": 35275.276619718308, "rel_education": 0.84520858878659932, "rel_sante": 1.1820885041993234, "rel_services": 1.1387113500261332, "rel_commerce": 1.6399368411917297, "rel_loisirs": 1.6349024100326333, "rel_pc1": 1.3630351867460242, "q_revenu": 5, "q_population": 2 }, "geometry": { "type": "Polygon", "coordinates": [ [ [ 3.052718937741285, 50.641855218894051 ], [ 3.052453051524942, 50.643643863867325 ], [ 3.055269841537102, 50.643814222316067 ], [ 3.055535621605869, 50.642025569873923 ], [ 3.052718937741285, 50.641855218894051 ] ] ] } },
{ "type": "Feature", "properties": { "idcar_200m": "CRS3035RES200mN3082200E3830600", "population": 368.0, "median_education": 6.5727471941072917, "median_healthcare": 24.744428933415676, "median_services": 1.1175263909096878, "median_commerce": 91.16379695840358, "median_entertainment": 12.835986211474399, "PC1_pos": 4.2387182787707367, "nivvie": 35557.707608695651, "rel_education": 1.1455328558684958, "rel_sante": 1.5699228386121014, "rel_services": 1.6723583005888232, "rel_commerce": 2.4373899026980492, "rel_loisirs": 2.640963126702724, "rel_pc1": 2.0463784699688579, "q_revenu": 5, "q_population": 4 }, "geometry": { "type": "Polygon", "coordinates": [ [ [ 3.055535621605869, 50.642025569873923 ], [ 3.055269841537102, 50.643814222316067 ], [ 3.058086650319134, 50.643984511912635 ], [ 3.058352324237614, 50.642195852004527 ], [ 3.055535621605869, 50.642025569873923 ] ] ] } },
{ "type": "Feature", "properties": { "idcar_200m": "CRS3035RES200mN3082200E3830800", "population": 391.5, "median_education": 7.2541543268343949, "median_healthcare": 25.696152662599669, "median_services": 1.3507286394171454, "median_commerce": 100.99897043359444, "median_entertainment": 15.48091380300616, "PC1_pos": 4.7585012744755542, "nivvie": 33365.421966794376, "rel_education": 1.2642920650256433, "rel_sante": 1.630305433115113, "rel_services": 2.0213413037463224, "rel_commerce": 2.7003468364757413, "rel_loisirs": 3.1851485228968879, "rel_pc1": 2.2973205381864061, "q_revenu": 5, "q_population": 4 }, "geometry": { "type": "Polygon", "coordinates": [ [ [ 3.058352324237614, 50.642195852004527 ], [ 3.058086650319134, 50.643984511912635 ], [ 3.06090347786371, 50.64415473265624 ], [ 3.061169045629202, 50.642366065285145 ], [ 3.058352324237614, 50.642195852004527 ] ] ] } },
{ "type": "Feature", "properties": { "idcar_200m": "CRS3035RES200mN3082200E3831000", "population": 401.5, "median_education": 7.2066702541910734, "median_healthcare": 23.999449630420312, "median_services": 1.2447575760201244, "median_commerce": 101.6954163450998, "median_entertainment": 14.571154978203072, "PC1_pos": 4.4908137139651796, "nivvie": 29151.940224159403, "rel_education": 1.2560162917854771, "rel_sante": 1.5226572490439243, "rel_services": 1.86275749853527, "rel_commerce": 2.718967278900414, "rel_loisirs": 2.9979685531685334, "rel_pc1": 2.1680857024459708, "q_revenu": 5, "q_population": 4 }, "geometry": { "type": "Polygon", "coordinates": [ [ [ 3.061169045629202, 50.642366065285145 ], [ 3.06090347786371, 50.64415473265624 ], [ 3.063720324163497, 50.644324884546172 ], [ 3.063985785773285, 50.64253620971504 ], [ 3.061169045629202, 50.642366065285145 ] ] ] } },
{ "type": "Feature", "properties": { "idcar_200m": "CRS3035RES200mN3082200E3831200", "population": 396.5, "median_education": 6.7109320079916293, "median_healthcare": 18.925975065171496, "median_services": 0.91846760076311451, "median_commerce": 76.078304551715661, "median_entertainment": 10.046309777300314, "PC1_pos": 3.1674501817098504, "nivvie": 25131.308953341741, "rel_education": 1.1696164300288561, "rel_sante": 1.2007680831013807, "rel_services": 1.3744703735432655, "rel_commerce": 2.0340584477119612, "rel_loisirs": 2.0669961188931198, "rel_pc1": 1.5291891157318813, "q_revenu": 3, "q_population": 4 }, "geometry": { "type": "Polygon", "coordinates": [ [ [ 3.063985785773285, 50.64253620971504 ], [ 3.063720324163497, 50.644324884546172 ], [ 3.066537189211163, 50.644494967581664 ], [ 3.06680254466255, 50.642706285293471 ], [ 3.063985785773285, 50.64253620971504 ] ] ] } },
{ "type": "Feature", "properties": { "idcar_200m": "CRS3035RES200mN3082200E3831400", "population": 204.0, "median_education": 6.1985515492734775, "median_healthcare": 16.138817049177547, "median_services": 0.75100430868714285, "median_commerce": 72.931556079371973, "median_entertainment": 7.6042211673338729, "PC1_pos": 3.0127103544328881, "nivvie": 18902.163235294116, "rel_education": 1.0803160761839925, "rel_sante": 1.0239354297431651, "rel_services": 1.1238645455062124, "rel_commerce": 1.9499257853095755, "rel_loisirs": 1.5645441946851655, "rel_pc1": 1.454483454689905, "q_revenu": 1, "q_population": 3 }, "geometry": { "type": "Polygon", "coordinates": [ [ [ 3.06680254466255, 50.642706285293471 ], [ 3.066537189211163, 50.644494967581664 ], [ 3.06935407299938, 50.644664981762013 ], [ 3.069619322289655, 50.642876292019686 ], [ 3.06680254466255, 50.642706285293471 ] ] ] } },
{ "type": "Feature", "properties": { "idcar_200m": "CRS3035RES200mN3082200E3832000", "population": 197.5, "median_education": 5.2987259467320449, "median_healthcare": 15.159791905160693, "median_services": 0.45530661804654671, "median_commerce": 40.958930104487465, "median_entertainment": 4.1703770193255316, "PC1_pos": 1.7835458647961151, "nivvie": 33592.859240506332, "rel_education": 0.92348975047546555, "rel_sante": 0.96182068313481028, "rel_services": 0.68135822849189631, "rel_commerce": 1.09509351291659, "rel_loisirs": 0.85804173914129234, "rel_pc1": 0.86106450532476353, "q_revenu": 5, "q_population": 3 }, "geometry": { "type": "Polygon", "coordinates": [ [ [ 3.075252933728071, 50.643216098912568 ], [ 3.074987896768122, 50.645004803554315 ], [ 3.077804836733986, 50.645174611164769 ], [ 3.078069767524715, 50.643385899077764 ], [ 3.075252933728071, 50.643216098912568 ] ] ] } },
{ "type": "Feature", "properties": { "idcar_200m": "CRS3035RES200mN3082200E3832200", "population": 14.5, "median_education": 4.1668776877094462, "median_healthcare": 12.056510447954093, "median_services": 0.31489527725068223, "median_commerce": 21.032947233092393, "median_entertainment": 1.6491818830396499, "PC1_pos": 1.1452958368803121, "nivvie": 36271.862068965514, "rel_education": 0.72622529920760537, "rel_sante": 0.7649314177805836, "rel_services": 0.47123516277563737, "rel_commerce": 0.56234486627747426, "rel_loisirs": 0.33931390004458373, "rel_pc1": 0.55292864214994031, "q_revenu": 5, "q_population": 1 }, "geometry": { "type": "Polygon", "coordinates": [ [ [ 3.078069767524715, 50.643385899077764 ], [ 3.077804836733986, 50.645174611164769 ], [ 3.080621795411058, 50.645344349917124 ], [ 3.080886620029871, 50.64355563038778 ], [ 3.078069767524715, 50.643385899077764 ] ] ] } },
{ "type": "Feature", "properties": { "idcar_200m": "CRS3035RES200mN3082200E3832400", "population": 101.0, "median_education": 5.4114043371127485, "median_healthcare": 15.897465186798215, "median_services": 0.40638970887237857, "median_commerce": 26.692901509577872, "median_entertainment": 2.1783824926724389, "PC1_pos": 1.5225922092735915, "nivvie": 28727.870297029702, "rel_education": 0.94312793136323725, "rel_sante": 1.0086227384739319, "rel_services": 0.60815494688529592, "rel_commerce": 0.71367155366340007, "rel_loisirs": 0.44819523363618968, "rel_pc1": 0.73508068021529449, "q_revenu": 4, "q_population": 2 }, "geometry": { "type": "Polygon", "coordinates": [ [ [ 3.080886620029871, 50.64355563038778 ], [ 3.080621795411058, 50.645344349917124 ], [ 3.083438772792017, 50.645514019810619 ], [ 3.083703491236215, 50.643725292841914 ], [ 3.080886620029871, 50.64355563038778 ] ] ] } },
{ "type": "Feature", "properties": { "idcar_200m": "CRS3035RES200mN3082200E3832600", "population": 400.5, "median_education": 7.3694982579010544, "median_healthcare": 21.262620495971937, "median_services": 0.59824565876580804, "median_commerce": 28.207166938260851, "median_entertainment": 2.5012769618118007, "PC1_pos": 1.8721157596312401, "nivvie": 29365.030711610489, "rel_education": 1.2843948103252569, "rel_sante": 1.3490177370911061, "rel_services": 0.89526395203411446, "rel_commerce": 0.75415752933596547, "rel_loisirs": 0.51462973837654291, "rel_pc1": 0.90382448934770954, "q_revenu": 5, "q_population": 4 }, "geometry": { "type": "Polygon", "coordinates": [ [ [ 3.083703491236215, 50.643725292841914 ], [ 3.083438772792017, 50.645514019810619 ], [ 3.086255768869522, 50.645683620844558 ], [ 3.0865203811364, 50.643894886439448 ], [ 3.083703491236215, 50.643725292841914 ] ] ] } },
{ "type": "Feature", "properties": { "idcar_200m": "CRS3035RES200mN3082200E3832800", "population": 347.5, "median_education": 7.7585288446598888, "median_healthcare": 19.468968549420527, "median_services": 0.72466396771246866, "median_commerce": 25.752751593342957, "median_entertainment": 2.1520835216248324, "PC1_pos": 1.8470366696329741, "nivvie": 29109.649208633091, "rel_education": 1.3521971014995751, "rel_sante": 1.2352185799964182, "rel_services": 1.0844466953080814, "rel_commerce": 0.6885353484009209, "rel_loisirs": 0.4427843044202589, "rel_pc1": 0.89171674676054558, "q_revenu": 5, "q_population": 4 }, "geometry": { "type": "Polygon", "coordinates": [ [ [ 3.0865203811364, 50.643894886439448 ], [ 3.086255768869522, 50.645683620844558 ], [ 3.089072783636235, 50.645853153018152 ], [ 3.089337289723103, 50.644064411179592 ], [ 3.0865203811364, 50.643894886439448 ] ] ] } },
{ "type": "Feature", "properties": { "idcar_200m": "CRS3035RES200mN3082200E3833000", "population": 138.0, "median_education": 6.1907937699144906, "median_healthcare": 17.216443739388524, "median_services": 0.53383535847760455, "median_commerce": 18.707840342500791, "median_entertainment": 1.5858800160154713, "PC1_pos": 1.4202494496989937, "nivvie": 30346.307971014492, "rel_education": 1.0789640097067872, "rel_sante": 1.0923060014388219, "rel_services": 0.79887508712085542, "rel_commerce": 0.50017992529319877, "rel_loisirs": 0.32628974327875221, "rel_pc1": 0.68567139986760572, "q_revenu": 5, "q_population": 2 }, "geometry": { "type": "Polygon", "coordinates": [ [ [ 3.089337289723103, 50.644064411179592 ], [ 3.089072783636235, 50.645853153018152 ], [ 3.091889817084825, 50.646022616330711 ], [ 3.092154216988987, 50.644233867061644 ], [ 3.089337289723103, 50.644064411179592 ] ] ] } },
{ "type": "Feature", "properties": { "idcar_200m": "CRS3035RES200mN3082200E3833200", "population": 183.0, "median_education": 4.6955902707460169, "median_healthcare": 14.809030936995756, "median_services": 0.41943080107725428, "median_commerce": 15.140395154650074, "median_entertainment": 1.3735988765881773, "PC1_pos": 1.1744859360724302, "nivvie": 23589.942622950821, "rel_education": 0.81837210134271354, "rel_sante": 0.93956647568077645, "rel_services": 0.62767070863819274, "rel_commerce": 0.40479935570960002, "rel_loisirs": 0.28261357749876986, "rel_pc1": 0.56702110751197643, "q_revenu": 3, "q_population": 3 }, "geometry": { "type": "Polygon", "coordinates": [ [ [ 3.092154216988987, 50.644233867061644 ], [ 3.091889817084825, 50.646022616330711 ], [ 3.094706869207961, 50.646192010781455 ], [ 3.094971162926714, 50.644403254084828 ], [ 3.092154216988987, 50.644233867061644 ] ] ] } },
{ "type": "Feature", "properties": { "idcar_200m": "CRS3035RES200mN3082200E3833400", "population": 24.0, "median_education": 5.1220093368648598, "median_healthcare": 12.570225166276714, "median_services": 0.49187057692639496, "median_commerce": 12.608736272870509, "median_entertainment": 1.6693166980279694, "PC1_pos": 1.1581940786625915, "nivvie": 29640.995833333334, "rel_education": 0.89269065280713511, "rel_sante": 0.79752430852767009, "rel_services": 0.73607554043414669, "rel_commerce": 0.33711196223320827, "rel_loisirs": 0.34345657385795997, "rel_pc1": 0.55915568592775045, "q_revenu": 5, "q_population": 1 }, "geometry": { "type": "Polygon", "coordinates": [ [ [ 3.094971162926714, 50.644403254084828 ], [ 3.094706869207961, 50.646192010781455 ], [ 3.097523939998295, 50.646361336369701 ], [ 3.097788127528951, 50.644572572248492 ], [ 3.094971162926714, 50.644403254084828 ] ] ] } },
{ "type": "Feature", "properties": { "idcar_200m": "CRS3035RES200mN3082400E3825200", "population": 169.5, "median_education": 0.8630676071176947, "median_healthcare": 5.0166649993409225, "median_services": 0.15266047870485075, "median_commerce": 4.0893164658124403, "median_entertainment": 4.2083548056645554, "PC1_pos": 0.55641448910297142, "nivvie": 28195.811799410028, "rel_education": 0.1504199494658037, "rel_sante": 0.31828485423220143, "rel_services": 0.22845368199859595, "rel_commerce": 0.10933351829625962, "rel_loisirs": 0.86585554726656888, "rel_pc1": 0.2686271075343219, "q_revenu": 4, "q_population": 2 }, "geometry": { "type": "Polygon", "coordinates": [ [ [ 2.979223123441862, 50.639190379506459 ], [ 2.978954452851549, 50.640978827548658 ], [ 2.981770858361713, 50.641150983440546 ], [ 2.982039422865377, 50.639362527851944 ], [ 2.979223123441862, 50.639190379506459 ] ] ] } },
{ "type": "Feature", "properties": { "idcar_200m": "CRS3035RES200mN3082400E3825400", "population": 143.0, "median_education": 1.5205674548889623, "median_healthcare": 6.9217410550756338, "median_services": 0.19682217026842999, "median_commerce": 4.5049236053325803, "median_entertainment": 3.1279631983117371, "PC1_pos": 0.65036701856841228, "nivvie": 29726.083916083917, "rel_education": 0.26501247160415425, "rel_sante": 0.43915337042382308, "rel_services": 0.2945408653126978, "rel_commerce": 0.12044534864068704, "rel_loisirs": 0.64356842803709591, "rel_pc1": 0.31398573267818275, "q_revenu": 5, "q_population": 2 }, "geometry": { "type": "Polygon", "coordinates": [ [ [ 2.982039422865377, 50.639362527851944 ], [ 2.981770858361713, 50.641150983440546 ], [ 2.984587282834956, 50.641323070496597 ], [ 2.984855741249235, 50.639534607364581 ], [ 2.982039422865377, 50.639362527851944 ] ] ] } },
{ "type": "Feature", "properties": { "idcar_200m": "CRS3035RES200mN3082400E3825600", "population": 124.5, "median_education": 2.0301076109200622, "median_healthcare": 7.7885126993635652, "median_services": 0.20501195810881526, "median_commerce": 4.7830991122290518, "median_entertainment": 2.7507906027610094, "PC1_pos": 0.65015443992578614, "nivvie": 24227.120481927712, "rel_education": 0.35381780259897616, "rel_sante": 0.49414613683159281, "rel_services": 0.30679673666064927, "rel_commerce": 0.12788275465391771, "rel_loisirs": 0.56596637231333746, "rel_pc1": 0.31388310345660314, "q_revenu": 3, "q_population": 2 }, "geometry": { "type": "Polygon", "coordinates": [ [ [ 2.984855741249235, 50.639534607364581 ], [ 2.984587282834956, 50.641323070496597 ], [ 2.98740372626396, 50.641495088716063 ], [ 2.987672078586117, 50.63970661804359 ], [ 2.984855741249235, 50.639534607364581 ] ] ] } },
{ "type": "Feature", "properties": { "idcar_200m": "CRS3035RES200mN3082400E3825800", "population": 98.0, "median_education": 3.2402897074038259, "median_healthcare": 9.9611099915885504, "median_services": 0.25383897297494645, "median_commerce": 5.5801227788181622, "median_entertainment": 2.6503137192657227, "PC1_pos": 0.78611066436591237, "nivvie": 22392.731632653064, "rel_education": 0.56473468593032372, "rel_sante": 0.63198767350026674, "rel_services": 0.37986549303952871, "rel_commerce": 0.14919228214148028, "rel_loisirs": 0.54529357475611906, "rel_pc1": 0.37952037214368695, "q_revenu": 2, "q_population": 2 }, "geometry": { "type": "Polygon", "coordinates": [ [ [ 2.987672078586117, 50.63970661804359 ], [ 2.98740372626396, 50.641495088716063 ], [ 2.990220188641394, 50.641667038098227 ], [ 2.990488434868702, 50.639878559888203 ], [ 2.987672078586117, 50.63970661804359 ] ] ] } },
{ "type": "Feature", "properties": { "idcar_200m": "CRS3035RES200mN3082400E3826000", "population": 35.5, "median_education": 3.4619538190405486, "median_healthcare": 9.3421380414865922, "median_services": 0.19535221490438887, "median_commerce": 5.3395660176225199, "median_entertainment": 2.3307611468170375, "PC1_pos": 0.74980641079086707, "nivvie": 27682.839436619721, "rel_education": 0.6033674699623065, "rel_sante": 0.59271668431962465, "rel_services": 0.29234110334327518, "rel_commerce": 0.14276066520223041, "rel_loisirs": 0.47954665457591722, "rel_pc1": 0.3619933184453204, "q_revenu": 4, "q_population": 1 }, "geometry": { "type": "Polygon", "coordinates": [ [ [ 2.990488434868702, 50.639878559888203 ], [ 2.990220188641394, 50.641667038098227 ], [ 2.993036669959948, 50.641838918642335 ], [ 2.993304810089667, 50.640050432897731 ], [ 2.990488434868702, 50.639878559888203 ] ] ] } },
{ "type": "Feature", "properties": { "idcar_200m": "CRS3035RES200mN3082400E3826200", "population": 132.5, "median_education": 3.451427988294574, "median_healthcare": 11.253620965913866, "median_services": 0.14321347458240835, "median_commerce": 6.3966406128558084, "median_entertainment": 2.0258832772289814, "PC1_pos": 0.72410087766457876, "nivvie": 22870.739622641511, "rel_education": 0.60153297297060193, "rel_sante": 0.71399168754360054, "rel_services": 0.21431640892086321, "rel_commerce": 0.17102301309451773, "rel_loisirs": 0.41681900759465323, "rel_pc1": 0.34958314015813235, "q_revenu": 3, "q_population": 2 }, "geometry": { "type": "Polygon", "coordinates": [ [ [ 2.993304810089667, 50.640050432897731 ], [ 2.993036669959948, 50.641838918642335 ], [ 2.995853170212287, 50.642010730347593 ], [ 2.996121204241688, 50.640222237071391 ], [ 2.993304810089667, 50.640050432897731 ] ] ] } },
{ "type": "Feature", "properties": { "idcar_200m": "CRS3035RES200mN3082400E3826400", "population": 6.0, "median_education": 1.2472777266553907, "median_healthcare": 4.5811049194771964, "median_services": 0.047568946996371375, "median_commerce": 2.7513211262792048, "median_entertainment": 0.73526113430501827, "PC1_pos": 0.31385189493775645, "nivvie": 29148.266666666666, "rel_education": 0.2173821043288694, "rel_sante": 0.2906505241449811, "rel_services": 0.071186080263298604, "rel_commerce": 0.073560366680784556, "rel_loisirs": 0.1512776277728744, "rel_pc1": 0.1515221626726779, "q_revenu": 5, "q_population": 1 }, "geometry": { "type": "Polygon", "coordinates": [ [ [ 2.996121204241688, 50.640222237071391 ], [ 2.995853170212287, 50.642010730347593 ], [ 2.998669689391094, 50.642182473213317 ], [ 2.998937617317448, 50.640393972408447 ], [ 2.996121204241688, 50.640222237071391 ] ] ] } },
{ "type": "Feature", "properties": { "idcar_200m": "CRS3035RES200mN3082400E3827400", "population": 229.0, "median_education": 3.643016858762667, "median_healthcare": 12.386381736982592, "median_services": 0.63186504289770729, "median_commerce": 23.226870707562561, "median_entertainment": 2.4569054229902472, "PC1_pos": 1.4092464563840155, "nivvie": 17563.158078602621, "rel_education": 0.63492408622332186, "rel_sante": 0.78586026895115568, "rel_services": 0.9455747604150232, "rel_commerce": 0.6210024376202492, "rel_loisirs": 0.50550043611864337, "rel_pc1": 0.6803593486426508, "q_revenu": 1, "q_population": 3 }, "geometry": { "type": "Polygon", "coordinates": [ [ [ 3.010203458711378, 50.641080225375667 ], [ 3.009935955224508, 50.642868756265713 ], [ 3.012752568925781, 50.643040154922446 ], [ 3.013019966295964, 50.641251616518502 ], [ 3.010203458711378, 50.641080225375667 ] ] ] } },
{ "type": "Feature", "properties": { "idcar_200m": "CRS3035RES200mN3082400E3827600", "population": 408.5, "median_education": 3.9534992268432738, "median_healthcare": 19.576201454229231, "median_services": 0.748104558531556, "median_commerce": 31.634758582535991, "median_entertainment": 3.4032594432339991, "PC1_pos": 1.9577266560101338, "nivvie": 21001.080783353733, "rel_education": 0.68903658185118666, "rel_sante": 1.2420220260069488, "rel_services": 1.1195251211474, "rel_commerce": 0.84579892145723035, "rel_loisirs": 0.70020975031504373, "rel_pc1": 0.94515592107364865, "q_revenu": 2, "q_population": 4 }, "geometry": { "type": "Polygon", "coordinates": [ [ [ 3.013019966295964, 50.641251616518502 ], [ 3.012752568925781, 50.643040154922446 ], [ 3.015569201509574, 50.643211484735197 ], [ 3.015836492760342, 50.641422938820256 ], [ 3.013019966295964, 50.641251616518502 ] ] ] } },
{ "type": "Feature", "properties": { "idcar_200m": "CRS3035RES200mN3082400E3827800", "population": 293.5, "median_education": 4.7904543040529024, "median_healthcare": 26.286400033841055, "median_services": 0.88293334578743488, "median_commerce": 38.584576555839234, "median_entertainment": 4.1429640066929991, "PC1_pos": 2.3840191234761097, "nivvie": 29163.321976149913, "rel_education": 0.83490550264113372, "rel_sante": 1.6677539768271579, "rel_services": 1.3212939951174785, "rel_commerce": 1.0316118945768986, "rel_loisirs": 0.8524015994308245, "rel_pc1": 1.1509624101959366, "q_revenu": 5, "q_population": 3 }, "geometry": { "type": "Polygon", "coordinates": [ [ [ 3.015836492760342, 50.641422938820256 ], [ 3.015569201509574, 50.643211484735197 ], [ 3.018385852968557, 50.643382745703128 ], [ 3.01865303809719, 50.641594192280195 ], [ 3.015836492760342, 50.641422938820256 ] ] ] } },
{ "type": "Feature", "properties": { "idcar_200m": "CRS3035RES200mN3082400E3829200", "population": 49.0, "median_education": 2.5700915368788433, "median_healthcare": 7.9626815036652827, "median_services": 0.5041659867983469, "median_commerce": 8.3751301731461183, "median_entertainment": 3.9965902466732786, "PC1_pos": 1.0229086260330866, "nivvie": 35551.820408163265, "rel_education": 0.44792903349816776, "rel_sante": 0.50519636492062248, "rel_services": 0.7544754018832911, "rel_commerce": 0.2239206614783982, "rel_loisirs": 0.82228566625980315, "rel_pc1": 0.49384225404727694, "q_revenu": 5, "q_population": 1 }, "geometry": { "type": "Polygon", "coordinates": [ [ [ 3.035552706029839, 50.642620267320055 ], [ 3.035286157691158, 50.644408865729048 ], [ 3.038102941071311, 50.644579644762821 ], [ 3.03836938326882, 50.642791038866463 ], [ 3.035552706029839, 50.642620267320055 ] ] ] } },
{ "type": "Feature", "properties": { "idcar_200m": "CRS3035RES200mN3082400E3830000", "population": 6.0, "median_education": 1.8013633312215469, "median_healthcare": 7.3607936549297381, "median_services": 0.33328814039232296, "median_commerce": 22.118161176445611, "median_entertainment": 2.8481519720136488, "PC1_pos": 1.0528434324270157, "nivvie": 35114.066666666666, "rel_education": 0.31395104974081889, "rel_sante": 0.46700928521247087, "rel_services": 0.49875975422754776, "rel_commerce": 0.59135955846941068, "rel_loisirs": 0.58599816277534778, "rel_pc1": 0.50829425091954561, "q_revenu": 5, "q_population": 1 }, "geometry": { "type": "Polygon", "coordinates": [ [ [ 3.046819527839568, 50.643302940416184 ], [ 3.046553404081863, 50.645091568756847 ], [ 3.04937026268431, 50.645262072383318 ], [ 3.049636280289989, 50.643473436567128 ], [ 3.046819527839568, 50.643302940416184 ] ] ] } },
{ "type": "Feature", "properties": { "idcar_200m": "CRS3035RES200mN3082400E3830200", "population": 41.5, "median_education": 2.6544665545423038, "median_healthcare": 10.871297416087033, "median_services": 0.50277532870166231, "median_commerce": 34.634643458841516, "median_entertainment": 4.3438342032267627, "PC1_pos": 1.6860909537761959, "nivvie": 30705.636144578311, "rel_education": 0.4626343541340554, "rel_sante": 0.68973497609442891, "rel_services": 0.75239430685932618, "rel_commerce": 0.92600498297197786, "rel_loisirs": 0.8937300001909454, "rel_pc1": 0.8140149921021651, "q_revenu": 5, "q_population": 1 }, "geometry": { "type": "Polygon", "coordinates": [ [ [ 3.049636280289989, 50.643473436567128 ], [ 3.04937026268431, 50.645262072383318 ], [ 3.052187140074001, 50.645432507156109 ], [ 3.052453051524942, 50.643643863867325 ], [ 3.049636280289989, 50.643473436567128 ] ] ] } },
{ "type": "Feature", "properties": { "idcar_200m": "CRS3035RES200mN3082400E3830400", "population": 215.5, "median_education": 3.9895763773069062, "median_healthcare": 16.194433799220224, "median_services": 0.7449324943066411, "median_commerce": 54.680423989322051, "median_entertainment": 7.2427309674330242, "PC1_pos": 2.5881062654207607, "nivvie": 32792.614849187936, "rel_education": 0.69532429686314601, "rel_sante": 1.0274640626462048, "rel_services": 1.1147781836435624, "rel_commerce": 1.4619565853277692, "rel_loisirs": 1.4901687417301659, "rel_pc1": 1.2494920849244329, "q_revenu": 5, "q_population": 3 }, "geometry": { "type": "Polygon", "coordinates": [ [ [ 3.052453051524942, 50.643643863867325 ], [ 3.052187140074001, 50.645432507156109 ], [ 3.055004036243606, 50.645602873074502 ], [ 3.055269841537102, 50.643814222316067 ], [ 3.052453051524942, 50.643643863867325 ] ] ] } },
{ "type": "Feature", "properties": { "idcar_200m": "CRS3035RES200mN3082400E3830600", "population": 475.5, "median_education": 5.1763959010091209, "median_healthcare": 20.486192980187155, "median_services": 1.0941038610909031, "median_commerce": 72.039641132130185, "median_entertainment": 10.305648044169779, "PC1_pos": 3.5477658995347405, "nivvie": 32687.722607781281, "rel_education": 0.90216942847051473, "rel_sante": 1.2997568997188884, "rel_services": 1.6373069027141403, "rel_commerce": 1.9260792084994351, "rel_loisirs": 2.1203541382039379, "rel_pc1": 1.7127988405502317, "q_revenu": 5, "q_population": 5 }, "geometry": { "type": "Polygon", "coordinates": [ [ [ 3.055269841537102, 50.643814222316067 ], [ 3.055004036243606, 50.645602873074502 ], [ 3.057820951185796, 50.645773170137716 ], [ 3.058086650319134, 50.643984511912635 ], [ 3.055269841537102, 50.643814222316067 ] ] ] } },
{ "type": "Feature", "properties": { "idcar_200m": "CRS3035RES200mN3082400E3830800", "population": 650.5, "median_education": 6.1575952956565985, "median_healthcare": 23.077249058913036, "median_services": 1.4860089277088433, "median_commerce": 76.680445237085692, "median_entertainment": 13.497595632538477, "PC1_pos": 4.2523558594884285, "nivvie": 30998.316525749422, "rel_education": 1.0731780054829803, "rel_sante": 1.4641477662473636, "rel_services": 2.2237858409590041, "rel_commerce": 2.0501575097902363, "rel_loisirs": 2.7770871499388523, "rel_pc1": 2.0529624535525088, "q_revenu": 5, "q_population": 5 }, "geometry": { "type": "Polygon", "coordinates": [ [ [ 3.058086650319134, 50.643984511912635 ], [ 3.057820951185796, 50.645773170137716 ], [ 3.06063788489324, 50.645943398345032 ], [ 3.06090347786371, 50.64415473265624 ], [ 3.058086650319134, 50.643984511912635 ] ] ] } },
{ "type": "Feature", "properties": { "idcar_200m": "CRS3035RES200mN3082400E3831000", "population": 279.5, "median_education": 6.5290847702268566, "median_healthcare": 21.907168863767691, "median_services": 1.379176498997797, "median_commerce": 75.655498750742467, "median_entertainment": 13.470018153208219, "PC1_pos": 3.9934735775239765, "nivvie": 25562.87656529517, "rel_education": 1.1379231396197502, "rel_sante": 1.3899114350590642, "rel_services": 2.0639130179274625, "rel_commerce": 2.02275415122062, "rel_loisirs": 2.771413171731123, "rel_pc1": 1.9279786510851977, "q_revenu": 4, "q_population": 3 }, "geometry": { "type": "Polygon", "coordinates": [ [ [ 3.06090347786371, 50.64415473265624 ], [ 3.06063788489324, 50.645943398345032 ], [ 3.063454837358601, 50.646113557695735 ], [ 3.063720324163497, 50.644324884546172 ], [ 3.06090347786371, 50.64415473265624 ] ] ] } },
{ "type": "Feature", "properties": { "idcar_200m": "CRS3035RES200mN3082400E3831200", "population": 345.5, "median_education": 5.2784037052774311, "median_healthcare": 16.318273814362918, "median_services": 0.87557071267431463, "median_commerce": 55.816800205646999, "median_entertainment": 9.6026299712687191, "PC1_pos": 2.893172319644588, "nivvie": 16147.404052098407, "rel_education": 0.91994788364206226, "rel_sante": 1.0353211551913488, "rel_services": 1.3102759460574525, "rel_commerce": 1.4923391714831094, "rel_loisirs": 1.9757104172347142, "rel_pc1": 1.3967725985666462, "q_revenu": 1, "q_population": 4 }, "geometry": { "type": "Polygon", "coordinates": [ [ [ 3.063720324163497, 50.644324884546172 ], [ 3.063454837358601, 50.646113557695735 ], [ 3.066271808574547, 50.646283648189041 ], [ 3.066537189211163, 50.644494967581664 ], [ 3.063720324163497, 50.644324884546172 ] ] ] } },
{ "type": "Feature", "properties": { "idcar_200m": "CRS3035RES200mN3082400E3832200", "population": 742.0, "median_education": 4.3317097057442133, "median_healthcare": 14.865691558727981, "median_services": 0.33770121539883646, "median_commerce": 24.329514070396407, "median_entertainment": 2.7510176122350276, "PC1_pos": 1.3507752164390598, "nivvie": 29480.1, "rel_education": 0.75495308787521431, "rel_sante": 0.94316133755238174, "rel_services": 0.50536384221893405, "rel_commerce": 0.65048312939172648, "rel_loisirs": 0.56601307878687346, "rel_pc1": 0.65213046465783431, "q_revenu": 5, "q_population": 5 }, "geometry": { "type": "Polygon", "coordinates": [ [ [ 3.077804836733986, 50.645174611164769 ], [ 3.077539880797524, 50.646963321573864 ], [ 3.080356945656392, 50.647133067769275 ], [ 3.080621795411058, 50.645344349917124 ], [ 3.077804836733986, 50.645174611164769 ] ] ] } },
{ "type": "Feature", "properties": { "idcar_200m": "CRS3035RES200mN3082400E3832400", "population": 17.0, "median_education": 5.2510431444030496, "median_healthcare": 20.004981705140729, "median_services": 0.38820369942704047, "median_commerce": 23.684414306551243, "median_entertainment": 2.3490224143138647, "PC1_pos": 1.4797231234867338, "nivvie": 36271.864705882348, "rel_education": 0.91517934158331804, "rel_sante": 1.2692262064090569, "rel_services": 0.58093990829838549, "rel_commerce": 0.63323549707397064, "rel_loisirs": 0.48330385198260062, "rel_pc1": 0.71438424124202193, "q_revenu": 5, "q_population": 1 }, "geometry": { "type": "Polygon", "coordinates": [ [ [ 3.080621795411058, 50.645344349917124 ], [ 3.080356945656392, 50.647133067769275 ], [ 3.083174029221845, 50.64730274510287 ], [ 3.083438772792017, 50.645514019810619 ], [ 3.080621795411058, 50.645344349917124 ] ] ] } },
{ "type": "Feature", "properties": { "idcar_200m": "CRS3035RES200mN3082400E3832600", "population": 35.0, "median_education": 6.1451224533464845, "median_healthcare": 25.825161805114082, "median_services": 0.43170980531009445, "median_commerce": 24.159855161210778, "median_entertainment": 2.3080775828929156, "PC1_pos": 1.7669718317213572, "nivvie": 37693.285714285717, "rel_education": 1.0710041731035589, "rel_sante": 1.638490483567, "rel_services": 0.64604601934118189, "rel_commerce": 0.6459470643533155, "rel_loisirs": 0.47487958381728251, "rel_pc1": 0.85306285430336737, "q_revenu": 5, "q_population": 1 }, "geometry": { "type": "Polygon", "coordinates": [ [ [ 3.083438772792017, 50.645514019810619 ], [ 3.083174029221845, 50.64730274510287 ], [ 3.085991131486543, 50.647472353573889 ], [ 3.086255768869522, 50.645683620844558 ], [ 3.083438772792017, 50.645514019810619 ] ] ] } },
{ "type": "Feature", "properties": { "idcar_200m": "CRS3035RES200mN3082400E3832800", "population": 310.5, "median_education": 5.0305483517293039, "median_healthcare": 19.591799411168314, "median_services": 0.33213569810504429, "median_commerce": 17.782975485952132, "median_entertainment": 1.5724063920592539, "PC1_pos": 1.3322800182087993, "nivvie": 29536.8115942029, "rel_education": 0.87675035259342671, "rel_sante": 1.2430116462928016, "rel_services": 0.49703514491115286, "rel_commerce": 0.47545238719229499, "rel_loisirs": 0.3235175882245796, "rel_pc1": 0.64320130896334748, "q_revenu": 5, "q_population": 4 }, "geometry": { "type": "Polygon", "coordinates": [ [ [ 3.086255768869522, 50.645683620844558 ], [ 3.085991131486543, 50.647472353573889 ], [ 3.088808252443147, 50.647641893181714 ], [ 3.089072783636235, 50.645853153018152 ], [ 3.086255768869522, 50.645683620844558 ] ] ] } },
{ "type": "Feature", "properties": { "idcar_200m": "CRS3035RES200mN3082400E3833000", "population": 167.5, "median_education": 4.4653704534756571, "median_healthcare": 17.244078041666324, "median_services": 0.29826358320269419, "median_commerce": 13.997560044548687, "median_entertainment": 1.3039467313153295, "PC1_pos": 1.1352105683815603, "nivvie": 32136.933731343284, "rel_education": 0.77824818405715646, "rel_sante": 1.0940592737568766, "rel_services": 0.44634612944250479, "rel_commerce": 0.37424408211693772, "rel_loisirs": 0.2682828712849461, "rel_pc1": 0.54805965228971165, "q_revenu": 5, "q_population": 2 }, "geometry": { "type": "Polygon", "coordinates": [ [ [ 3.089072783636235, 50.645853153018152 ], [ 3.088808252443147, 50.647641893181714 ], [ 3.091625392084327, 50.647811363925463 ], [ 3.091889817084825, 50.646022616330711 ], [ 3.089072783636235, 50.645853153018152 ] ] ] } },
{ "type": "Feature", "properties": { "idcar_200m": "CRS3035RES200mN3082400E3833200", "population": 424.5, "median_education": 4.541070096056659, "median_healthcare": 14.544029477648742, "median_services": 0.31668330182828097, "median_commerce": 11.901106865473349, "median_entertainment": 1.1808867239220144, "PC1_pos": 1.0063107257129067, "nivvie": 22587.187750294463, "rel_education": 0.79144151482024805, "rel_sante": 0.9227533237420551, "rel_services": 0.47391090964687677, "rel_commerce": 0.31819251361448714, "rel_loisirs": 0.2429636681833576, "rel_pc1": 0.4858290803404941, "q_revenu": 3, "q_population": 4 }, "geometry": { "type": "Polygon", "coordinates": [ [ [ 3.091889817084825, 50.646022616330711 ], [ 3.091625392084327, 50.647811363925463 ], [ 3.094442550402743, 50.647980765804483 ], [ 3.094706869207961, 50.646192010781455 ], [ 3.091889817084825, 50.646022616330711 ] ] ] } },
{ "type": "Feature", "properties": { "idcar_200m": "CRS3035RES200mN3082400E3833400", "population": 91.5, "median_education": 5.0707446596741752, "median_healthcare": 12.757931579677621, "median_services": 0.42797578316818569, "median_commerce": 13.60129521892231, "median_entertainment": 1.5430410560235155, "PC1_pos": 1.1186289030166017, "nivvie": 26066.084153005468, "rel_education": 0.88375597597671163, "rel_sante": 0.80943343708929538, "rel_services": 0.64045812184327999, "rel_commerce": 0.36364939522366546, "rel_loisirs": 0.31747576421542839, "rel_pc1": 0.5400543165331394, "q_revenu": 4, "q_population": 2 }, "geometry": { "type": "Polygon", "coordinates": [ [ [ 3.094706869207961, 50.646192010781455 ], [ 3.094442550402743, 50.647980765804483 ], [ 3.097259727391059, 50.648150098818043 ], [ 3.097523939998295, 50.646361336369701 ], [ 3.094706869207961, 50.646192010781455 ] ] ] } },
{ "type": "Feature", "properties": { "idcar_200m": "CRS3035RES200mN3082400E3833600", "population": 149.5, "median_education": 5.1047759429859489, "median_healthcare": 11.048248196528181, "median_services": 0.44372808830449079, "median_commerce": 11.96608223459296, "median_entertainment": 1.5996809958656557, "PC1_pos": 1.0099081314415392, "nivvie": 26379.19331103679, "rel_education": 0.88968712653061643, "rel_sante": 0.70096170807003111, "rel_services": 0.66403116536367834, "rel_commerce": 0.31992971976320078, "rel_loisirs": 0.32912925076156041, "rel_pc1": 0.48756584441554163, "q_revenu": 4, "q_population": 2 }, "geometry": { "type": "Polygon", "coordinates": [ [ [ 3.097523939998295, 50.646361336369701 ], [ 3.097259727391059, 50.648150098818043 ], [ 3.100076923041934, 50.648319362965367 ], [ 3.100341029448502, 50.646530593094639 ], [ 3.097523939998295, 50.646361336369701 ] ] ] } },
{ "type": "Feature", "properties": { "idcar_200m": "CRS3035RES200mN3082600E3824600", "population": 55.0, "median_education": 0.36232229585264009, "median_healthcare": 3.1415780133935183, "median_services": 0.14077064909769416, "median_commerce": 5.4009668994191671, "median_entertainment": 4.1582876157023314, "PC1_pos": 0.5621077034596087, "nivvie": 26575.345454545455, "rel_education": 0.063147430146866787, "rel_sante": 0.19931900977709527, "rel_services": 0.21066076417772098, "rel_commerce": 0.1444023025001612, "rel_loisirs": 0.85555438299532227, "rel_pc1": 0.27137569107257931, "q_revenu": 4, "q_population": 1 }, "geometry": { "type": "Polygon", "coordinates": [ [ [ 2.970505350172755, 50.640461946865535 ], [ 2.970236335814767, 50.642250370545526 ], [ 2.973052790480053, 50.642422740496364 ], [ 2.973321698749748, 50.640634309260406 ], [ 2.970505350172755, 50.640461946865535 ] ] ] } },
{ "type": "Feature", "properties": { "idcar_200m": "CRS3035RES200mN3082600E3824800", "population": 69.5, "median_education": 0.49945117340347411, "median_healthcare": 3.7038896925689797, "median_services": 0.14877541803878003, "median_commerce": 5.1857710548146549, "median_entertainment": 6.8671137991009576, "PC1_pos": 0.80549579501941815, "nivvie": 29475.09496402878, "rel_education": 0.087046970184506023, "rel_sante": 0.23499515934317941, "rel_services": 0.22263975804472344, "rel_commerce": 0.13864874465986035, "rel_loisirs": 1.4128867101839873, "rel_pc1": 0.38887917152545948, "q_revenu": 5, "q_population": 2 }, "geometry": { "type": "Polygon", "coordinates": [ [ [ 2.973321698749748, 50.640634309260406 ], [ 2.973052790480053, 50.642422740496364 ], [ 2.975869264133126, 50.642595041610669 ], [ 2.976138066311787, 50.640806602821698 ], [ 2.973321698749748, 50.640634309260406 ] ] ] } },
{ "type": "Feature", "properties": { "idcar_200m": "CRS3035RES200mN3082600E3825000", "population": 78.5, "median_education": 0.71157177470132582, "median_healthcare": 4.7478528063810863, "median_services": 0.15393846975331055, "median_commerce": 4.6298317707180034, "median_entertainment": 6.8695789725108103, "PC1_pos": 0.83822059891415357, "nivvie": 34617.584713375792, "rel_education": 0.12401646117772741, "rel_sante": 0.30122992836744861, "rel_services": 0.23036617279555169, "rel_commerce": 0.12378494079494849, "rel_loisirs": 1.4133939117319703, "rel_pc1": 0.40467813001240116, "q_revenu": 5, "q_population": 2 }, "geometry": { "type": "Polygon", "coordinates": [ [ [ 2.976138066311787, 50.640806602821698 ], [ 2.975869264133126, 50.642595041610669 ], [ 2.978685756766661, 50.642767273887678 ], [ 2.978954452851549, 50.640978827548658 ], [ 2.976138066311787, 50.640806602821698 ] ] ] } },
{ "type": "Feature", "properties": { "idcar_200m": "CRS3035RES200mN3082600E3825200", "population": 183.0, "median_education": 1.1907288378239655, "median_healthcare": 8.7061843117367896, "median_services": 0.25860926734844947, "median_commerce": 6.6370194428293203, "median_entertainment": 5.2551236372405175, "PC1_pos": 0.92927925602660943, "nivvie": 26816.968852459016, "rel_education": 0.20752646737734798, "rel_sante": 0.55236827751980178, "rel_services": 0.3870041534386679, "rel_commerce": 0.17744987279702817, "rel_loisirs": 1.0812248878710777, "rel_pc1": 0.44863964459393796, "q_revenu": 4, "q_population": 3 }, "geometry": { "type": "Polygon", "coordinates": [ [ [ 2.978954452851549, 50.640978827548658 ], [ 2.978685756766661, 50.642767273887678 ], [ 2.981502268373332, 50.642939437326689 ], [ 2.981770858361713, 50.641150983440546 ], [ 2.978954452851549, 50.640978827548658 ] ] ] } },
{ "type": "Feature", "properties": { "idcar_200m": "CRS3035RES200mN3082600E3825400", "population": 135.5, "median_education": 1.8441227592662259, "median_healthcare": 10.900031882046145, "median_services": 0.33601331359965858, "median_commerce": 7.3947236068689666, "median_entertainment": 4.0606185264533217, "PC1_pos": 0.97680491656826973, "nivvie": 33396.002952029521, "rel_education": 0.32140338713898309, "rel_sante": 0.69155804885500538, "rel_services": 0.5028379272988075, "rel_commerce": 0.19770813912949753, "rel_loisirs": 0.83545928012783144, "rel_pc1": 0.47158419577833677, "q_revenu": 5, "q_population": 2 }, "geometry": { "type": "Polygon", "coordinates": [ [ [ 2.981770858361713, 50.641150983440546 ], [ 2.981502268373332, 50.642939437326689 ], [ 2.984318798945822, 50.643111531926891 ], [ 2.984587282834956, 50.641323070496597 ], [ 2.981770858361713, 50.641150983440546 ] ] ] } },
{ "type": "Feature", "properties": { "idcar_200m": "CRS3035RES200mN3082600E3825600", "population": 118.0, "median_education": 2.3919289644886099, "median_healthcare": 11.234903253517237, "median_services": 0.31870427891312053, "median_commerce": 6.7808407695209301, "median_entertainment": 3.1997918397647895, "PC1_pos": 0.91026989803314207, "nivvie": 32542.899152542373, "rel_education": 0.41687792589706651, "rel_sante": 0.71280413279108978, "rel_services": 0.47693526578792506, "rel_commerce": 0.18129513441585604, "rel_loisirs": 0.65834694138179617, "rel_pc1": 0.43946226162876395, "q_revenu": 5, "q_population": 2 }, "geometry": { "type": "Polygon", "coordinates": [ [ [ 2.984587282834956, 50.641323070496597 ], [ 2.984318798945822, 50.643111531926891 ], [ 2.987135348476807, 50.643283557687589 ], [ 2.98740372626396, 50.641495088716063 ], [ 2.984587282834956, 50.641323070496597 ] ] ] } },
{ "type": "Feature", "properties": { "idcar_200m": "CRS3035RES200mN3082600E3825800", "population": 49.0, "median_education": 3.6836540275623175, "median_healthcare": 11.924890518274911, "median_services": 0.30576457278110147, "median_commerce": 6.6450090770221859, "median_entertainment": 2.9274052520226093, "PC1_pos": 0.97052996595107044, "nivvie": 29098.848979591839, "rel_education": 0.64200654514874789, "rel_sante": 0.75658072461341075, "rel_services": 0.45757122648371951, "rel_commerce": 0.17766348669155285, "rel_loisirs": 0.6023042717665531, "rel_pc1": 0.46855476022762627, "q_revenu": 4, "q_population": 1 }, "geometry": { "type": "Polygon", "coordinates": [ [ [ 2.98740372626396, 50.641495088716063 ], [ 2.987135348476807, 50.643283557687589 ], [ 2.989951916958958, 50.643455514607993 ], [ 2.990220188641394, 50.641667038098227 ], [ 2.98740372626396, 50.641495088716063 ] ] ] } },
{ "type": "Feature", "properties": { "idcar_200m": "CRS3035RES200mN3082600E3826000", "population": 32.0, "median_education": 3.8651306767103115, "median_healthcare": 12.730251864209682, "median_services": 0.3006151124439756, "median_commerce": 7.0337397151581262, "median_entertainment": 2.7845897551869534, "PC1_pos": 0.97872648022395681, "nivvie": 29576.340625000001, "rel_education": 0.67363524742993786, "rel_sante": 0.80767728350836887, "rel_services": 0.44986515098662522, "rel_commerce": 0.18805673668633127, "rel_loisirs": 0.57292043986997987, "rel_pc1": 0.47251189284029227, "q_revenu": 5, "q_population": 1 }, "geometry": { "type": "Polygon", "coordinates": [ [ [ 2.990220188641394, 50.641667038098227 ], [ 2.989951916958958, 50.643455514607993 ], [ 2.992768504384958, 50.643627402687393 ], [ 2.993036669959948, 50.641838918642335 ], [ 2.990220188641394, 50.641667038098227 ] ] ] } },
{ "type": "Feature", "properties": { "idcar_200m": "CRS3035RES200mN3082600E3826200", "population": 259.0, "median_education": 3.6141901487047732, "median_healthcare": 13.743191696924121, "median_services": 0.18608680961618851, "median_commerce": 7.6197088993626885, "median_entertainment": 2.0489864236377664, "PC1_pos": 0.84429094755947665, "nivvie": 22472.396525096527, "rel_education": 0.62990001599473955, "rel_sante": 0.87194376473521229, "rel_services": 0.27847558968016772, "rel_commerce": 0.2037234313669411, "rel_loisirs": 0.42157240610811325, "rel_pc1": 0.40760878733756695, "q_revenu": 2, "q_population": 3 }, "geometry": { "type": "Polygon", "coordinates": [ [ [ 2.993036669959948, 50.641838918642335 ], [ 2.992768504384958, 50.643627402687393 ], [ 2.99558511074748, 50.643799221925029 ], [ 2.995853170212287, 50.642010730347593 ], [ 2.993036669959948, 50.641838918642335 ] ] ] } },
{ "type": "Feature", "properties": { "idcar_200m": "CRS3035RES200mN3082600E3826400", "population": 24.0, "median_education": 2.6773952212886454, "median_healthcare": 10.64636232251037, "median_services": 0.12647180740848019, "median_commerce": 9.0555116114470486, "median_entertainment": 1.6463921683852547, "PC1_pos": 0.62095204228155909, "nivvie": 29148.2625, "rel_education": 0.466630482438327, "rel_sante": 0.67546385504485507, "rel_services": 0.18926280276734478, "rel_commerce": 0.24211159804562499, "rel_loisirs": 0.33873992517308588, "rel_pc1": 0.29978470061867118, "q_revenu": 5, "q_population": 1 }, "geometry": { "type": "Polygon", "coordinates": [ [ [ 2.995853170212287, 50.642010730347593 ], [ 2.99558511074748, 50.643799221925029 ], [ 2.9984017360392, 50.643970972320176 ], [ 2.998669689391094, 50.642182473213317 ], [ 2.995853170212287, 50.642010730347593 ] ] ] } },
{ "type": "Feature", "properties": { "idcar_200m": "CRS3035RES200mN3082600E3827400", "population": 28.5, "median_education": 2.519746655232161, "median_healthcare": 9.8621073742891721, "median_services": 0.47018871276480978, "median_commerce": 19.015910213777836, "median_entertainment": 1.9746585757062243, "PC1_pos": 1.0419050010500139, "nivvie": 25336.79298245614, "rel_education": 0.43915466345959542, "rel_sante": 0.62570640225335694, "rel_services": 0.70362901765149444, "rel_commerce": 0.50841659838744002, "rel_loisirs": 0.40627968902036077, "rel_pc1": 0.50301336906022565, "q_revenu": 4, "q_population": 1 }, "geometry": { "type": "Polygon", "coordinates": [ [ [ 3.009935955224508, 50.642868756265713 ], [ 3.009668426351555, 50.644657285460639 ], [ 3.012485146179381, 50.64482869163205 ], [ 3.012752568925781, 50.643040154922446 ], [ 3.009935955224508, 50.642868756265713 ] ] ] } },
{ "type": "Feature", "properties": { "idcar_200m": "CRS3035RES200mN3082600E3827600", "population": 363.5, "median_education": 3.3864020740445087, "median_healthcare": 18.212343690349407, "median_services": 0.6653939785272196, "median_commerce": 28.100355591404387, "median_entertainment": 3.3236932329930067, "PC1_pos": 1.7616474444101939, "nivvie": 23280.912517193945, "rel_education": 0.59019991556606344, "rel_sante": 1.1554913787289312, "rel_services": 0.99575021422625654, "rel_commerce": 0.75130178059570285, "rel_loisirs": 0.68383925692902747, "rel_pc1": 0.85049233396142587, "q_revenu": 3, "q_population": 4 }, "geometry": { "type": "Polygon", "coordinates": [ [ [ 3.012752568925781, 50.643040154922446 ], [ 3.012485146179381, 50.64482869163205 ], [ 3.015301884892454, 50.645000028956474 ], [ 3.015569201509574, 50.643211484735197 ], [ 3.012752568925781, 50.643040154922446 ] ] ] } },
{ "type": "Feature", "properties": { "idcar_200m": "CRS3035RES200mN3082600E3827800", "population": 369.0, "median_education": 3.1908045331572028, "median_healthcare": 17.68977082106349, "median_services": 0.74022589857670251, "median_commerce": 24.659704536441993, "median_entertainment": 3.3002572196014111, "PC1_pos": 1.6927558267926257, "nivvie": 29107.297289972899, "rel_education": 0.55611015020670629, "rel_sante": 1.1223364781030725, "rel_services": 1.1077348471277497, "rel_commerce": 0.65931122710987988, "rel_loisirs": 0.67901737209802115, "rel_pc1": 0.81723267531414157, "q_revenu": 5, "q_population": 4 }, "geometry": { "type": "Polygon", "coordinates": [ [ [ 3.015569201509574, 50.643211484735197 ], [ 3.015301884892454, 50.645000028956474 ], [ 3.018118642483438, 50.645171297433166 ], [ 3.018385852968557, 50.643382745703128 ], [ 3.015569201509574, 50.643211484735197 ] ] ] } },
{ "type": "Feature", "properties": { "idcar_200m": "CRS3035RES200mN3082600E3830200", "population": 33.5, "median_education": 2.4483300633958369, "median_healthcare": 10.084029198209805, "median_services": 0.4804313900244585, "median_commerce": 32.346809025897059, "median_entertainment": 4.1382372670574128, "PC1_pos": 1.5087653636913207, "nivvie": 35114.074626865673, "rel_education": 0.42670780524542207, "rel_sante": 0.63978634488193642, "rel_services": 0.71895700137945118, "rel_commerce": 0.86483657257274749, "rel_loisirs": 0.85142908786206417, "rel_pc1": 0.72840532289115811, "q_revenu": 5, "q_population": 1 }, "geometry": { "type": "Polygon", "coordinates": [ [ [ 3.04937026268431, 50.645262072383318 ], [ 3.049104219830718, 50.647050706514655 ], [ 3.051921203385022, 50.64722114876075 ], [ 3.052187140074001, 50.645432507156109 ], [ 3.04937026268431, 50.645262072383318 ] ] ] } },
{ "type": "Feature", "properties": { "idcar_200m": "CRS3035RES200mN3082600E3830400", "population": 455.0, "median_education": 3.3944482927874224, "median_healthcare": 13.977363614250425, "median_services": 0.76132147563294206, "median_commerce": 48.745193019249825, "median_entertainment": 6.5799638948628996, "PC1_pos": 2.3062732858318746, "nivvie": 30845.05956043956, "rel_education": 0.59160225277200007, "rel_sante": 0.88680092075046735, "rel_services": 1.1393040017201483, "rel_commerce": 1.3032699957023328, "rel_loisirs": 1.3538065353976494, "rel_pc1": 1.1134280901913063, "q_revenu": 5, "q_population": 5 }, "geometry": { "type": "Polygon", "coordinates": [ [ [ 3.052187140074001, 50.645432507156109 ], [ 3.051921203385022, 50.64722114876075 ], [ 3.05473820572195, 50.647391522149483 ], [ 3.055004036243606, 50.645602873074502 ], [ 3.052187140074001, 50.645432507156109 ] ] ] } },
{ "type": "Feature", "properties": { "idcar_200m": "CRS3035RES200mN3082600E3830600", "population": 553.5, "median_education": 4.1906427759712273, "median_healthcare": 15.938235668596613, "median_services": 1.0235566885229805, "median_commerce": 58.08799623942609, "median_entertainment": 7.5851749961006885, "PC1_pos": 2.8434760074335266, "nivvie": 31491.872809394765, "rel_education": 0.73036720344072303, "rel_sante": 1.0112094423614517, "rel_services": 1.5317343179530778, "rel_commerce": 1.553062731322405, "rel_loisirs": 1.560625505844043, "rel_pc1": 1.3727800950178943, "q_revenu": 5, "q_population": 5 }, "geometry": { "type": "Polygon", "coordinates": [ [ [ 3.055004036243606, 50.645602873074502 ], [ 3.05473820572195, 50.647391522149483 ], [ 3.057555226834173, 50.647561826680089 ], [ 3.057820951185796, 50.645773170137716 ], [ 3.055004036243606, 50.645602873074502 ] ] ] } },
{ "type": "Feature", "properties": { "idcar_200m": "CRS3035RES200mN3082600E3830800", "population": 661.5, "median_education": 5.2943583129308855, "median_healthcare": 18.68022576888329, "median_services": 1.46112783904168, "median_commerce": 65.374737028998823, "median_entertainment": 9.7943491815508903, "PC1_pos": 3.5257631438053205, "nivvie": 30112.178080120939, "rel_education": 0.92272853634781504, "rel_sante": 1.1851763944083877, "rel_services": 2.1865517357972051, "rel_commerce": 1.7478838008329964, "rel_loisirs": 2.0151560318290307, "rel_pc1": 1.7021762979221504, "q_revenu": 5, "q_population": 5 }, "geometry": { "type": "Polygon", "coordinates": [ [ [ 3.057820951185796, 50.645773170137716 ], [ 3.057555226834173, 50.647561826680089 ], [ 3.060372266714356, 50.647732062351892 ], [ 3.06063788489324, 50.645943398345032 ], [ 3.057820951185796, 50.645773170137716 ] ] ] } },
{ "type": "Feature", "properties": { "idcar_200m": "CRS3035RES200mN3082600E3831000", "population": 384.0, "median_education": 5.3415290871484302, "median_healthcare": 17.151740173999208, "median_services": 1.2469521524988521, "median_commerce": 58.192034553678681, "median_entertainment": 9.5463120248933553, "PC1_pos": 3.1606222362111196, "nivvie": 29619.088802083334, "rel_education": 0.93094970629504759, "rel_sante": 1.0882008509292806, "rel_services": 1.8660416430712119, "rel_commerce": 1.555844339209675, "rel_loisirs": 1.964123179814967, "rel_pc1": 1.5258927039998953, "q_revenu": 5, "q_population": 4 }, "geometry": { "type": "Polygon", "coordinates": [ [ [ 3.06063788489324, 50.645943398345032 ], [ 3.060372266714356, 50.647732062351892 ], [ 3.063189325355165, 50.647902229164067 ], [ 3.063454837358601, 50.646113557695735 ], [ 3.06063788489324, 50.645943398345032 ] ] ] } },
{ "type": "Feature", "properties": { "idcar_200m": "CRS3035RES200mN3082600E3832400", "population": 266.0, "median_education": 5.4557343255553361, "median_healthcare": 20.770735126898472, "median_services": 0.42236424001807127, "median_commerce": 28.038165848471607, "median_entertainment": 3.0889941365277789, "PC1_pos": 1.5956472228902467, "nivvie": 29283.316165413533, "rel_education": 0.95085399426533423, "rel_sante": 1.3178098204741766, "rel_services": 0.63206054766289121, "rel_commerce": 0.74963905200679914, "rel_loisirs": 0.63555066815810546, "rel_pc1": 0.77035035306360677, "q_revenu": 5, "q_population": 3 }, "geometry": { "type": "Polygon", "coordinates": [ [ [ 3.080356945656392, 50.647133067769275 ], [ 3.080092070762449, 50.648921783944552 ], [ 3.082909260522274, 50.649091468718936 ], [ 3.083174029221845, 50.64730274510287 ], [ 3.080356945656392, 50.647133067769275 ] ] ] } },
{ "type": "Feature", "properties": { "idcar_200m": "CRS3035RES200mN3082600E3832600", "population": 211.0, "median_education": 5.4747577240763476, "median_healthcare": 25.727860916121589, "median_services": 0.33316529481267004, "median_commerce": 20.783375499799543, "median_entertainment": 2.0296907197102021, "PC1_pos": 1.5531024019880251, "nivvie": 32513.361137440759, "rel_education": 0.95416949193967604, "rel_sante": 1.6323171793352627, "rel_services": 0.49857591800990286, "rel_commerce": 0.55567222162002983, "rel_loisirs": 0.41760237671287159, "rel_pc1": 0.74981046346088553, "q_revenu": 5, "q_population": 3 }, "geometry": { "type": "Polygon", "coordinates": [ [ [ 3.083174029221845, 50.64730274510287 ], [ 3.082909260522274, 50.649091468718936 ], [ 3.085726468984044, 50.649261084627838 ], [ 3.085991131486543, 50.647472353573889 ], [ 3.083174029221845, 50.64730274510287 ] ] ] } },
{ "type": "Feature", "properties": { "idcar_200m": "CRS3035RES200mN3082600E3832800", "population": 519.0, "median_education": 5.9846752485733079, "median_healthcare": 27.764678282574717, "median_services": 0.35311626369485, "median_commerce": 21.410744960865596, "median_entertainment": 1.9422309233896997, "PC1_pos": 1.6785115304177309, "nivvie": 27706.245472061659, "rel_education": 1.0430405926900728, "rel_sante": 1.7615440897756292, "rel_services": 0.52843218689653115, "rel_commerce": 0.57244580982809046, "rel_loisirs": 0.3996078032265819, "rel_pc1": 0.81035578010564624, "q_revenu": 4, "q_population": 5 }, "geometry": { "type": "Polygon", "coordinates": [ [ [ 3.085991131486543, 50.647472353573889 ], [ 3.085726468984044, 50.649261084627838 ], [ 3.08854369614042, 50.649430631670533 ], [ 3.088808252443147, 50.647641893181714 ], [ 3.085991131486543, 50.647472353573889 ] ] ] } },
{ "type": "Feature", "properties": { "idcar_200m": "CRS3035RES200mN3082600E3833000", "population": 384.5, "median_education": 5.1843972688995557, "median_healthcare": 20.574672048247436, "median_services": 0.29709494246935281, "median_commerce": 14.186472958951082, "median_entertainment": 1.3687373437839714, "PC1_pos": 1.2166405191250496, "nivvie": 31327.25513654096, "rel_education": 0.90356394883463298, "rel_sante": 1.3053704990490944, "rel_services": 0.44459727944065497, "rel_commerce": 0.37929492955217298, "rel_loisirs": 0.28161333266649619, "rel_pc1": 0.58737259715955259, "q_revenu": 5, "q_population": 4 }, "geometry": { "type": "Polygon", "coordinates": [ [ [ 3.088808252443147, 50.647641893181714 ], [ 3.08854369614042, 50.649430631670533 ], [ 3.091360941984068, 50.649600109846254 ], [ 3.091625392084327, 50.647811363925463 ], [ 3.088808252443147, 50.647641893181714 ] ] ] } },
{ "type": "Feature", "properties": { "idcar_200m": "CRS3035RES200mN3082600E3833200", "population": 393.5, "median_education": 5.2218946094076255, "median_healthcare": 15.728001883237821, "median_services": 0.3293071742121223, "median_commerce": 12.101306342790023, "median_entertainment": 1.3296347293235871, "PC1_pos": 1.0947571963084397, "nivvie": 27371.52630241423, "rel_education": 0.910099182016611, "rel_sante": 0.99787105326503045, "rel_services": 0.49280230938331232, "rel_commerce": 0.32354512288283233, "rel_loisirs": 0.27356809475129545, "rel_pc1": 0.52852947731613897, "q_revenu": 4, "q_population": 4 }, "geometry": { "type": "Polygon", "coordinates": [ [ [ 3.091625392084327, 50.647811363925463 ], [ 3.091360941984068, 50.649600109846254 ], [ 3.094178206507647, 50.64976951915429 ], [ 3.094442550402743, 50.647980765804483 ], [ 3.091625392084327, 50.647811363925463 ] ] ] } },
{ "type": "Feature", "properties": { "idcar_200m": "CRS3035RES200mN3082600E3833400", "population": 505.0, "median_education": 5.0082101507686163, "median_healthcare": 12.055533042654732, "median_services": 0.38206398392634638, "median_commerce": 11.563237603303156, "median_entertainment": 1.4527711149778155, "PC1_pos": 1.0233405351601541, "nivvie": 24620.649306930693, "rel_education": 0.87285713376334573, "rel_sante": 0.76486940580584062, "rel_services": 0.57175193362113297, "rel_commerce": 0.30915911268646934, "rel_loisirs": 0.29890301243588757, "rel_pc1": 0.49405077216065113, "q_revenu": 3, "q_population": 5 }, "geometry": { "type": "Polygon", "coordinates": [ [ [ 3.094442550402743, 50.647980765804483 ], [ 3.094178206507647, 50.64976951915429 ], [ 3.096995489703822, 50.649938859593874 ], [ 3.097259727391059, 50.648150098818043 ], [ 3.094442550402743, 50.647980765804483 ] ] ] } },
{ "type": "Feature", "properties": { "idcar_200m": "CRS3035RES200mN3082600E3833600", "population": 115.5, "median_education": 3.2656973408590111, "median_healthcare": 7.3603297366197129, "median_services": 0.26672963346317502, "median_commerce": 6.7293308992252836, "median_entertainment": 0.91599645136632557, "PC1_pos": 0.64699347641464611, "nivvie": 17434.578354978355, "rel_education": 0.56916286155510232, "rel_sante": 0.46697985168009404, "rel_services": 0.39915613641307174, "rel_commerce": 0.17991794695837027, "rel_loisirs": 0.18846334145221402, "rel_pc1": 0.31235704599108316, "q_revenu": 1, "q_population": 2 }, "geometry": { "type": "Polygon", "coordinates": [ [ [ 3.097259727391059, 50.648150098818043 ], [ 3.096995489703822, 50.649938859593874 ], [ 3.099812791565254, 50.650108131164252 ], [ 3.100076923041934, 50.648319362965367 ], [ 3.097259727391059, 50.648150098818043 ] ] ] } },
{ "type": "Feature", "properties": { "idcar_200m": "CRS3035RES200mN3082600E3833800", "population": 206.5, "median_education": 3.3915016345810867, "median_healthcare": 6.2584214296113814, "median_services": 0.3662394368991696, "median_commerce": 5.8690143374228798, "median_entertainment": 1.3288575576449626, "PC1_pos": 0.70168508043922939, "nivvie": 26515.110411622274, "rel_education": 0.5910886937242098, "rel_sante": 0.39706872049643405, "rel_services": 0.54807078140027599, "rel_commerce": 0.15691619658351616, "rel_loisirs": 0.27340819416301576, "rel_pc1": 0.33876118837641456, "q_revenu": 4, "q_population": 3 }, "geometry": { "type": "Polygon", "coordinates": [ [ [ 3.100076923041934, 50.648319362965367 ], [ 3.099812791565254, 50.650108131164252 ], [ 3.102630112084599, 50.650277333864778 ], [ 3.102894137348035, 50.648488558245724 ], [ 3.100076923041934, 50.648319362965367 ] ] ] } },
{ "type": "Feature", "properties": { "idcar_200m": "CRS3035RES200mN3082800E3824600", "population": 3.0, "median_education": 0.19570034292349525, "median_healthcare": 1.8408569962717438, "median_services": 0.076798770970200395, "median_commerce": 3.0168628575668519, "median_entertainment": 2.4682905639617951, "PC1_pos": 0.31166132488280707, "nivvie": 28081.4, "rel_education": 0.034107682237433705, "rel_sante": 0.11679410540621241, "rel_services": 0.11492799020386982, "rel_commerce": 0.080659991270585138, "rel_loisirs": 0.50784289247554504, "rel_pc1": 0.15046459406287943, "q_revenu": 4, "q_population": 1 }, "geometry": { "type": "Polygon", "coordinates": [ [ [ 2.970236335814767, 50.642250370545526 ], [ 2.969967295929143, 50.644038792520433 ], [ 2.972783856692586, 50.644211170027965 ], [ 2.973052790480053, 50.642422740496364 ], [ 2.970236335814767, 50.642250370545526 ] ] ] } },
{ "type": "Feature", "properties": { "idcar_200m": "CRS3035RES200mN3082800E3824800", "population": 188.5, "median_education": 0.57761054837882853, "median_healthcare": 6.1096376377460739, "median_services": 0.26322025225117729, "median_commerce": 8.5867675551636662, "median_entertainment": 2.8132491587395698, "PC1_pos": 0.66823590995485715, "nivvie": 26746.838196286473, "rel_education": 0.1006689960108888, "rel_sante": 0.38762905739112702, "rel_services": 0.39390441005783333, "rel_commerce": 0.22957907891134463, "rel_loisirs": 0.57881702052757611, "rel_pc1": 0.32261251846825828, "q_revenu": 4, "q_population": 3 }, "geometry": { "type": "Polygon", "coordinates": [ [ [ 2.973052790480053, 50.642422740496364 ], [ 2.972783856692586, 50.644211170027965 ], [ 2.975600436446555, 50.644383478696035 ], [ 2.975869264133126, 50.642595041610669 ], [ 2.973052790480053, 50.642422740496364 ] ] ] } },
{ "type": "Feature", "properties": { "idcar_200m": "CRS3035RES200mN3082800E3825000", "population": 137.5, "median_education": 0.90769729396234367, "median_healthcare": 8.524009085210654, "median_services": 0.26582021550586621, "median_commerce": 7.0219798340957826, "median_entertainment": 3.4305896351339005, "PC1_pos": 0.77590890205172003, "nivvie": 30432.560727272728, "rel_education": 0.15819824537736751, "rel_sante": 0.54081007791364766, "rel_services": 0.39779520866945767, "rel_commerce": 0.18774232003943181, "rel_loisirs": 0.70583284992454842, "rel_pc1": 0.37459514112277625, "q_revenu": 5, "q_population": 2 }, "geometry": { "type": "Polygon", "coordinates": [ [ [ 2.975869264133126, 50.642595041610669 ], [ 2.975600436446555, 50.644383478696035 ], [ 2.978417035183722, 50.644555718523861 ], [ 2.978685756766661, 50.642767273887678 ], [ 2.975869264133126, 50.642595041610669 ] ] ] } },
{ "type": "Feature", "properties": { "idcar_200m": "CRS3035RES200mN3082800E3825200", "population": 432.5, "median_education": 1.3264240118425086, "median_healthcare": 11.628871370019777, "median_services": 0.34364825939443289, "median_commerce": 7.8654444097516629, "median_entertainment": 3.657114285329226, "PC1_pos": 0.94629501632309343, "nivvie": 18149.482080924856, "rel_education": 0.23117613404342555, "rel_sante": 0.73779963967656448, "rel_services": 0.51426348742722905, "rel_commerce": 0.21029350931169508, "rel_loisirs": 0.75243957250892635, "rel_pc1": 0.45685455373174788, "q_revenu": 1, "q_population": 4 }, "geometry": { "type": "Polygon", "coordinates": [ [ [ 2.978685756766661, 50.642767273887678 ], [ 2.978417035183722, 50.644555718523861 ], [ 2.981233652896766, 50.644727889510698 ], [ 2.981502268373332, 50.642939437326689 ], [ 2.978685756766661, 50.642767273887678 ] ] ] } },
{ "type": "Feature", "properties": { "idcar_200m": "CRS3035RES200mN3082800E3825400", "population": 153.5, "median_education": 1.780397161460598, "median_healthcare": 14.077229321975397, "median_services": 0.42131746634748007, "median_commerce": 8.2847446277804231, "median_entertainment": 3.3810701663074565, "PC1_pos": 1.0554551973533786, "nivvie": 33070.285993485348, "rel_education": 0.31029695570470317, "rel_sante": 0.89313695120699854, "rel_services": 0.63049406954560394, "rel_commerce": 0.22150407920589013, "rel_loisirs": 0.69564437752593855, "rel_pc1": 0.50955516498894649, "q_revenu": 5, "q_population": 2 }, "geometry": { "type": "Polygon", "coordinates": [ [ [ 2.981502268373332, 50.642939437326689 ], [ 2.981233652896766, 50.644727889510698 ], [ 2.984050289578365, 50.644899991655784 ], [ 2.984318798945822, 50.643111531926891 ], [ 2.981502268373332, 50.642939437326689 ] ] ] } },
{ "type": "Feature", "properties": { "idcar_200m": "CRS3035RES200mN3082800E3825600", "population": 247.5, "median_education": 2.7807814384947731, "median_healthcare": 15.96325456831819, "median_services": 0.54612821806448331, "median_commerce": 9.8508554402893829, "median_entertainment": 3.1078450896975824, "PC1_pos": 1.2500126819271813, "nivvie": 24894.956767676766, "rel_education": 0.48464917464662538, "rel_sante": 1.0127967791383699, "rel_services": 0.81727113211390023, "rel_commerce": 0.26337621275312828, "rel_loisirs": 0.63942919150679434, "rel_pc1": 0.60348408911612184, "q_revenu": 3, "q_population": 3 }, "geometry": { "type": "Polygon", "coordinates": [ [ [ 2.984318798945822, 50.643111531926891 ], [ 2.984050289578365, 50.644899991655784 ], [ 2.986866945221189, 50.645072024958431 ], [ 2.987135348476807, 50.643283557687589 ], [ 2.984318798945822, 50.643111531926891 ] ] ] } },
{ "type": "Feature", "properties": { "idcar_200m": "CRS3035RES200mN3082800E3825800", "population": 229.5, "median_education": 4.0524274638006643, "median_healthcare": 17.958180643998197, "median_services": 0.52423293730593579, "median_commerce": 10.205356774537378, "median_entertainment": 3.1618055292584986, "PC1_pos": 1.3608230929959866, "nivvie": 24752.085403050107, "rel_education": 0.70627831387907225, "rel_sante": 1.1393658753975875, "rel_services": 0.78450523520253246, "rel_commerce": 0.27285429507766445, "rel_loisirs": 0.65053137943635586, "rel_pc1": 0.65698140234765001, "q_revenu": 3, "q_population": 3 }, "geometry": { "type": "Polygon", "coordinates": [ [ [ 2.987135348476807, 50.643283557687589 ], [ 2.986866945221189, 50.645072024958431 ], [ 2.989683619817921, 50.645243989417843 ], [ 2.989951916958958, 50.643455514607993 ], [ 2.987135348476807, 50.643283557687589 ] ] ] } },
{ "type": "Feature", "properties": { "idcar_200m": "CRS3035RES200mN3082800E3826000", "population": 141.5, "median_education": 3.9607956181617014, "median_healthcare": 17.953059598963144, "median_services": 0.39014316724242909, "median_commerce": 9.638953165184482, "median_entertainment": 2.6687629381790754, "PC1_pos": 1.2042465104772706, "nivvie": 20655.286219081274, "rel_education": 0.69030823520064544, "rel_sante": 1.1390409680990707, "rel_services": 0.58384228727231713, "rel_commerce": 0.25771071303798265, "rel_loisirs": 0.54908944256587688, "rel_pc1": 0.58138898825106478, "q_revenu": 2, "q_population": 2 }, "geometry": { "type": "Polygon", "coordinates": [ [ [ 2.989951916958958, 50.643455514607993 ], [ 2.989683619817921, 50.645243989417843 ], [ 2.992500313361233, 50.645415885033266 ], [ 2.992768504384958, 50.643627402687393 ], [ 2.989951916958958, 50.643455514607993 ] ] ] } },
{ "type": "Feature", "properties": { "idcar_200m": "CRS3035RES200mN3082800E3826200", "population": 245.0, "median_education": 3.5060685191889251, "median_healthcare": 15.677029987280546, "median_services": 0.26951945101624886, "median_commerce": 11.053940491315002, "median_entertainment": 2.0873989406898223, "PC1_pos": 1.0073016775739636, "nivvie": 25459.744897959183, "rel_education": 0.61105601129127451, "rel_sante": 0.99463711548428735, "rel_services": 0.40333104859408392, "rel_commerce": 0.29554235165138859, "rel_loisirs": 0.4294756586877736, "rel_pc1": 0.48630749443170623, "q_revenu": 4, "q_population": 3 }, "geometry": { "type": "Polygon", "coordinates": [ [ [ 2.992768504384958, 50.643627402687393 ], [ 2.992500313361233, 50.645415885033266 ], [ 2.995317025843802, 50.645587711803998 ], [ 2.99558511074748, 50.643799221925029 ], [ 2.992768504384958, 50.643627402687393 ] ] ] } },
{ "type": "Feature", "properties": { "idcar_200m": "CRS3035RES200mN3082800E3826400", "population": 55.0, "median_education": 2.703959383736271, "median_healthcare": 13.021796570313876, "median_services": 0.19114170112174964, "median_commerce": 14.03884024197019, "median_entertainment": 1.7460026254932146, "PC1_pos": 0.90024694767279367, "nivvie": 26945.270909090908, "rel_education": 0.47126022400204709, "rel_sante": 0.82617448519449588, "rel_services": 0.28604014460850341, "rel_commerce": 0.37534776515487067, "rel_loisirs": 0.35923445827105405, "rel_pc1": 0.43462335786728734, "q_revenu": 4, "q_population": 1 }, "geometry": { "type": "Polygon", "coordinates": [ [ [ 2.99558511074748, 50.643799221925029 ], [ 2.995317025843802, 50.645587711803998 ], [ 2.9981337572583, 50.645759469729278 ], [ 2.9984017360392, 50.643970972320176 ], [ 2.99558511074748, 50.643799221925029 ] ] ] } },
{ "type": "Feature", "properties": { "idcar_200m": "CRS3035RES200mN3082800E3826600", "population": 57.0, "median_education": 2.656713115074667, "median_healthcare": 11.746037946096099, "median_services": 0.18686235012328506, "median_commerce": 17.817639067476975, "median_entertainment": 1.7572682497825893, "PC1_pos": 0.85514066121443078, "nivvie": 21612.678947368418, "rel_education": 0.46302589648712611, "rel_sante": 0.74523333249684198, "rel_services": 0.27963617220871989, "rel_commerce": 0.47637916587439127, "rel_loisirs": 0.36155232445269025, "rel_pc1": 0.4128468378444915, "q_revenu": 2, "q_population": 1 }, "geometry": { "type": "Polygon", "coordinates": [ [ [ 2.9984017360392, 50.643970972320176 ], [ 2.9981337572583, 50.645759469729278 ], [ 3.000950507597403, 50.645931158808338 ], [ 3.001218380252794, 50.644142653872024 ], [ 2.9984017360392, 50.643970972320176 ] ] ] } },
{ "type": "Feature", "properties": { "idcar_200m": "CRS3035RES200mN3082800E3826800", "population": 104.0, "median_education": 2.6230997488833956, "median_healthcare": 10.086179049980233, "median_services": 0.19727130251450137, "median_commerce": 18.803413897694263, "median_entertainment": 1.7328579581798662, "PC1_pos": 0.69254617032728194, "nivvie": 29377.626923076925, "rel_education": 0.45716758272100982, "rel_sante": 0.63992274331744314, "rel_services": 0.29521298370371685, "rel_commerce": 0.50273521616705097, "rel_loisirs": 0.35652998499448607, "rel_pc1": 0.33434908366406896, "q_revenu": 5, "q_population": 2 }, "geometry": { "type": "Polygon", "coordinates": [ [ [ 3.001218380252794, 50.644142653872024 ], [ 3.000950507597403, 50.645931158808338 ], [ 3.003767276853779, 50.646102779040461 ], [ 3.004035043380933, 50.644314266579883 ], [ 3.001218380252794, 50.644142653872024 ] ] ] } },
{ "type": "Feature", "properties": { "idcar_200m": "CRS3035RES200mN3082800E3827000", "population": 72.0, "median_education": 2.2883807896333179, "median_healthcare": 8.3845487773880389, "median_services": 0.22723311914751634, "median_commerce": 16.483367155547796, "median_entertainment": 1.5993206669120803, "PC1_pos": 0.80237569671585218, "nivvie": 24891.025, "rel_education": 0.39883100686018369, "rel_sante": 0.53196194798024965, "rel_services": 0.34005030759559818, "rel_commerce": 0.44070556523362714, "rel_loisirs": 0.32905511423132439, "rel_pc1": 0.38737284306183362, "q_revenu": 3, "q_population": 2 }, "geometry": { "type": "Polygon", "coordinates": [ [ [ 3.004035043380933, 50.644314266579883 ], [ 3.003767276853779, 50.646102779040461 ], [ 3.006584065020111, 50.646274330424866 ], [ 3.006851725416296, 50.644485810443015 ], [ 3.004035043380933, 50.644314266579883 ] ] ] } },
{ "type": "Feature", "properties": { "idcar_200m": "CRS3035RES200mN3082800E3827200", "population": 29.0, "median_education": 2.117036709130776, "median_healthcare": 9.147648641261636, "median_services": 0.29217761551368882, "median_commerce": 17.673860785757839, "median_entertainment": 1.7963348692396206, "PC1_pos": 0.89875530537916681, "nivvie": 26229.248275862068, "rel_education": 0.36896826178911041, "rel_sante": 0.58037720572010865, "rel_services": 0.43723858740625948, "rel_commerce": 0.47253505512229749, "rel_loisirs": 0.36959015651102617, "rel_pc1": 0.43390321926079845, "q_revenu": 4, "q_population": 1 }, "geometry": { "type": "Polygon", "coordinates": [ [ [ 3.006851725416296, 50.644485810443015 ], [ 3.006584065020111, 50.646274330424866 ], [ 3.009400872089061, 50.646445812960827 ], [ 3.009668426351555, 50.644657285460639 ], [ 3.006851725416296, 50.644485810443015 ] ] ] } },
{ "type": "Feature", "properties": { "idcar_200m": "CRS3035RES200mN3082800E3827400", "population": 170.0, "median_education": 2.5924973935773372, "median_healthcare": 11.094876875037034, "median_services": 0.3751253673804123, "median_commerce": 20.854419671648792, "median_entertainment": 2.3156591781783566, "PC1_pos": 1.0368983354566614, "nivvie": 22853.261176470587, "rel_education": 0.45183404372509645, "rel_sante": 0.70392008821783458, "rel_services": 0.5613684177868894, "rel_commerce": 0.55757168558366788, "rel_loisirs": 0.47643947280910259, "rel_pc1": 0.50059623916322715, "q_revenu": 3, "q_population": 2 }, "geometry": { "type": "Polygon", "coordinates": [ [ [ 3.009668426351555, 50.644657285460639 ], [ 3.009400872089061, 50.646445812960827 ], [ 3.01221769805331, 50.646617226647614 ], [ 3.012485146179381, 50.64482869163205 ], [ 3.009668426351555, 50.644657285460639 ] ] ] } },
{ "type": "Feature", "properties": { "idcar_200m": "CRS3035RES200mN3082800E3827600", "population": 292.5, "median_education": 2.8022829799126283, "median_healthcare": 13.513904860952421, "median_services": 0.56470269624311631, "median_commerce": 21.828337225257947, "median_entertainment": 2.7029116745034187, "PC1_pos": 1.3539257344553772, "nivvie": 18725.327521367522, "rel_education": 0.48839657606319786, "rel_sante": 0.85739654518313868, "rel_services": 0.84506750722756252, "rel_commerce": 0.58361071522512153, "rel_loisirs": 0.55611543589200441, "rel_pc1": 0.65365147922257449, "q_revenu": 1, "q_population": 3 }, "geometry": { "type": "Polygon", "coordinates": [ [ [ 3.012485146179381, 50.64482869163205 ], [ 3.01221769805331, 50.646617226647614 ], [ 3.015034542905528, 50.646788571484436 ], [ 3.015301884892454, 50.645000028956474 ], [ 3.012485146179381, 50.64482869163205 ] ] ] } },
{ "type": "Feature", "properties": { "idcar_200m": "CRS3035RES200mN3082800E3830600", "population": 510.5, "median_education": 3.009585760764045, "median_healthcare": 9.605027071221734, "median_services": 0.66116237820640655, "median_commerce": 34.254619865549003, "median_entertainment": 4.7698516765429524, "PC1_pos": 1.7178837662733728, "nivvie": 30954.079333986287, "rel_education": 0.52452639203894491, "rel_sante": 0.60939581209066129, "rel_services": 0.98941769986341865, "rel_commerce": 0.9158445278353754, "rel_loisirs": 0.98138173335916634, "rel_pc1": 0.82936400157038759, "q_revenu": 5, "q_population": 5 }, "geometry": { "type": "Polygon", "coordinates": [ [ [ 3.05473820572195, 50.647391522149483 ], [ 3.054472349968697, 50.64918016954141 ], [ 3.057289477260826, 50.649350481540154 ], [ 3.057555226834173, 50.647561826680089 ], [ 3.05473820572195, 50.647391522149483 ] ] ] } },
{ "type": "Feature", "properties": { "idcar_200m": "CRS3035RES200mN3082800E3830800", "population": 801.0, "median_education": 4.701357999795456, "median_healthcare": 14.060543545909933, "median_services": 1.1026461544476345, "median_commerce": 47.571300953053708, "median_entertainment": 7.4503391592281165, "PC1_pos": 2.5656672875104274, "nivvie": 25436.416479400752, "rel_education": 0.81937733141390867, "rel_sante": 0.89207831368516988, "rel_services": 1.6500902922764804, "rel_commerce": 1.271884371534997, "rel_loisirs": 1.5328834634741126, "rel_pc1": 1.2386589419166061, "q_revenu": 4, "q_population": 5 }, "geometry": { "type": "Polygon", "coordinates": [ [ [ 3.057555226834173, 50.647561826680089 ], [ 3.057289477260826, 50.649350481540154 ], [ 3.060106623323624, 50.649520724677089 ], [ 3.060372266714356, 50.647732062351892 ], [ 3.057555226834173, 50.647561826680089 ] ] ] } },
{ "type": "Feature", "properties": { "idcar_200m": "CRS3035RES200mN3082800E3831000", "population": 832.5, "median_education": 4.4826831129043718, "median_healthcare": 13.912123224380029, "median_services": 0.91760123326834164, "median_commerce": 43.261214568909054, "median_entertainment": 7.511563375416789, "PC1_pos": 2.4938070028414829, "nivvie": 17184.188948948951, "rel_education": 0.78126552514945258, "rel_sante": 0.8826617111395646, "rel_services": 1.3731738700485567, "rel_commerce": 1.1566482648460232, "rel_loisirs": 1.5454801502227333, "rel_pc1": 1.2039660631450053, "q_revenu": 1, "q_population": 5 }, "geometry": { "type": "Polygon", "coordinates": [ [ [ 3.060372266714356, 50.647732062351892 ], [ 3.060106623323624, 50.649520724677089 ], [ 3.062923788149757, 50.649690898951505 ], [ 3.063189325355165, 50.647902229164067 ], [ 3.060372266714356, 50.647732062351892 ] ] ] } },
{ "type": "Feature", "properties": { "idcar_200m": "CRS3035RES200mN3082800E3831600", "population": 391.0, "median_education": 6.2398941438769384, "median_healthcare": 15.671588490204057, "median_services": 0.76786403265882841, "median_commerce": 45.012580589499045, "median_entertainment": 7.0823246695192843, "PC1_pos": 2.4577835099653909, "nivvie": 27888.295140664963, "rel_education": 1.0875214804185531, "rel_sante": 0.99429187694353904, "rel_services": 1.14909482155073, "rel_commerce": 1.2034734520029631, "rel_loisirs": 1.4571656587491022, "rel_pc1": 1.1865745557631819, "q_revenu": 4, "q_population": 4 }, "geometry": { "type": "Polygon", "coordinates": [ [ [ 3.068823498889327, 50.648242356206744 ], [ 3.068558174062689, 50.650031040909752 ], [ 3.071375395134816, 50.650201008592113 ], [ 3.071640613768009, 50.648412316435724 ], [ 3.068823498889327, 50.648242356206744 ] ] ] } },
{ "type": "Feature", "properties": { "idcar_200m": "CRS3035RES200mN3082800E3832400", "population": 121.0, "median_education": 4.6918090679237485, "median_healthcare": 21.388031800488715, "median_services": 0.28817332085337971, "median_commerce": 19.750038267248176, "median_entertainment": 2.0676045256482887, "PC1_pos": 1.3811945782915049, "nivvie": 34546.019008264462, "rel_education": 0.81771309348196786, "rel_sante": 1.3569745208872011, "rel_services": 0.43124623190786249, "rel_commerce": 0.52804452487269204, "rel_loisirs": 0.42540302107519895, "rel_pc1": 0.66681639636431433, "q_revenu": 5, "q_population": 2 }, "geometry": { "type": "Polygon", "coordinates": [ [ [ 3.080092070762449, 50.648921783944552 ], [ 3.079827170725806, 50.650710498443246 ], [ 3.082644466689885, 50.65088019065918 ], [ 3.082909260522274, 50.649091468718936 ], [ 3.080092070762449, 50.648921783944552 ] ] ] } },
{ "type": "Feature", "properties": { "idcar_200m": "CRS3035RES200mN3082800E3832600", "population": 346.0, "median_education": 5.7627083171932565, "median_healthcare": 27.720437193052653, "median_services": 0.33268664619914268, "median_commerce": 21.218285874854008, "median_entertainment": 2.0268021850464173, "PC1_pos": 1.5989611289096308, "nivvie": 33068.108959537567, "rel_education": 1.0043550316448953, "rel_sante": 1.7587371914215526, "rel_services": 0.49785962890173585, "rel_commerce": 0.5673001506017511, "rel_loisirs": 0.41700806994036671, "rel_pc1": 0.77195024847622062, "q_revenu": 5, "q_population": 4 }, "geometry": { "type": "Polygon", "coordinates": [ [ [ 3.082909260522274, 50.649091468718936 ], [ 3.082644466689885, 50.65088019065918 ], [ 3.085461781358605, 50.651049814006683 ], [ 3.085726468984044, 50.649261084627838 ], [ 3.082909260522274, 50.649091468718936 ] ] ] } },
{ "type": "Feature", "properties": { "idcar_200m": "CRS3035RES200mN3082800E3832800", "population": 293.5, "median_education": 6.1385957908412587, "median_healthcare": 27.017189489236586, "median_services": 0.31174695622023973, "median_commerce": 18.471725034455371, "median_entertainment": 1.6706199062899116, "PC1_pos": 1.5365795618285027, "nivvie": 29590.706303236799, "rel_education": 1.0698666721289884, "rel_sante": 1.7141192843203938, "rel_services": 0.46652375653860617, "rel_commerce": 0.49386705673239345, "rel_loisirs": 0.34372470479153228, "rel_pc1": 0.74183352747659803, "q_revenu": 5, "q_population": 3 }, "geometry": { "type": "Polygon", "coordinates": [ [ [ 3.085726468984044, 50.649261084627838 ], [ 3.085461781358605, 50.651049814006683 ], [ 3.088279114724632, 50.651219368484995 ], [ 3.08854369614042, 50.649430631670533 ], [ 3.085726468984044, 50.649261084627838 ] ] ] } },
{ "type": "Feature", "properties": { "idcar_200m": "CRS3035RES200mN3082800E3833000", "population": 210.0, "median_education": 6.3978089554064734, "median_healthcare": 22.372865277203122, "median_services": 0.3025929156699621, "median_commerce": 14.864000805891214, "median_entertainment": 1.4929174827822154, "PC1_pos": 1.3751599600925379, "nivvie": 31864.443809523811, "rel_education": 1.1150437020548187, "rel_sante": 1.4194577801082611, "rel_services": 0.45282489821838179, "rel_commerce": 0.39740957141688305, "rel_loisirs": 0.3071629992647677, "rel_pc1": 0.66390298906883594, "q_revenu": 5, "q_population": 3 }, "geometry": { "type": "Polygon", "coordinates": [ [ [ 3.08854369614042, 50.649430631670533 ], [ 3.088279114724632, 50.651219368484995 ], [ 3.091096466780627, 50.651388854093398 ], [ 3.091360941984068, 50.649600109846254 ], [ 3.08854369614042, 50.649430631670533 ] ] ] } },
{ "type": "Feature", "properties": { "idcar_200m": "CRS3035RES200mN3082800E3833200", "population": 459.0, "median_education": 5.7233561948063736, "median_healthcare": 16.311585940998434, "median_services": 0.33113459088349806, "median_commerce": 11.692124429012697, "median_entertainment": 1.3057761818315643, "PC1_pos": 1.1334605535338669, "nivvie": 30032.213507625271, "rel_education": 0.99749653734851518, "rel_sante": 1.0348968396751208, "rel_services": 0.49553700581989663, "rel_commerce": 0.31260507981439162, "rel_loisirs": 0.26865927487995656, "rel_pc1": 0.54721477596839962, "q_revenu": 5, "q_population": 5 }, "geometry": { "type": "Polygon", "coordinates": [ [ [ 3.091360941984068, 50.649600109846254 ], [ 3.091096466780627, 50.651388854093398 ], [ 3.093913837519253, 50.651558270831124 ], [ 3.094178206507647, 50.64976951915429 ], [ 3.091360941984068, 50.649600109846254 ] ] ] } },
{ "type": "Feature", "properties": { "idcar_200m": "CRS3035RES200mN3082800E3833400", "population": 244.5, "median_education": 5.3644482886157396, "median_healthcare": 12.334697231481588, "median_services": 0.38539422739024265, "median_commerce": 10.965107153415833, "median_entertainment": 1.4908014956011395, "PC1_pos": 1.0433474456474801, "nivvie": 27801.44989775051, "rel_education": 0.93494418494084286, "rel_sante": 0.78258111929663177, "rel_services": 0.57673558353323484, "rel_commerce": 0.29316726978728858, "rel_loisirs": 0.30672764166701638, "rel_pc1": 0.50370975588620581, "q_revenu": 4, "q_population": 3 }, "geometry": { "type": "Polygon", "coordinates": [ [ [ 3.094178206507647, 50.64976951915429 ], [ 3.093913837519253, 50.651558270831124 ], [ 3.096731226933171, 50.651727618697471 ], [ 3.096995489703822, 50.649938859593874 ], [ 3.094178206507647, 50.64976951915429 ] ] ] } },
{ "type": "Feature", "properties": { "idcar_200m": "CRS3035RES200mN3082800E3833600", "population": 195.5, "median_education": 4.2529249786808858, "median_healthcare": 9.2354440767180908, "median_services": 0.34914226612999721, "median_commerce": 8.8988379266402085, "median_entertainment": 1.2403187672840463, "PC1_pos": 0.83840060412009909, "nivvie": 21526.824552429669, "rel_education": 0.74122207240688986, "rel_sante": 0.58594743163317675, "rel_services": 0.52248517046080178, "rel_commerce": 0.23792271089845043, "rel_loisirs": 0.25519162110242627, "rel_pc1": 0.40476503335291664, "q_revenu": 2, "q_population": 3 }, "geometry": { "type": "Polygon", "coordinates": [ [ [ 3.096995489703822, 50.649938859593874 ], [ 3.096731226933171, 50.651727618697471 ], [ 3.099548635015037, 50.651896897691721 ], [ 3.099812791565254, 50.650108131164252 ], [ 3.096995489703822, 50.649938859593874 ] ] ] } },
{ "type": "Feature", "properties": { "idcar_200m": "CRS3035RES200mN3082800E3834000", "population": 1.0, "median_education": 1.8624708768302036, "median_healthcare": 3.5346484757715615, "median_services": 0.28154134464615388, "median_commerce": 3.5330643305502543, "median_entertainment": 1.2298516598326141, "PC1_pos": 0.45323707687596726, "nivvie": 36194.3, "rel_education": 0.32460119330620002, "rel_sante": 0.22425756454154852, "rel_services": 0.42132159786818363, "rel_commerce": 0.094461349923754129, "rel_loisirs": 0.25303804720735956, "rel_pc1": 0.21881487159830321, "q_revenu": 5, "q_population": 1 }, "geometry": { "type": "Polygon", "coordinates": [ [ [ 3.102630112084599, 50.650277333864778 ], [ 3.102366061757513, 50.65206610781307 ], [ 3.105183507153261, 50.652235249060816 ], [ 3.105447451254522, 50.650446467694643 ], [ 3.102630112084599, 50.650277333864778 ] ] ] } },
{ "type": "Feature", "properties": { "idcar_200m": "CRS3035RES200mN3083000E3824800", "population": 128.0, "median_education": 0.79194053404868359, "median_healthcare": 6.9674785647072728, "median_services": 0.32322569149665964, "median_commerce": 10.821573125251049, "median_entertainment": 2.3564545211033967, "PC1_pos": 0.68499863542286055, "nivvie": 26927.721875, "rel_education": 0.13802355010095974, "rel_sante": 0.44205520991040681, "rel_services": 0.48370147902993471, "rel_commerce": 0.28932968949100002, "rel_loisirs": 0.48483298419429816, "rel_pc1": 0.33070526685107104, "q_revenu": 4, "q_population": 2 }, "geometry": { "type": "Polygon", "coordinates": [ [ [ 2.972783856692586, 50.644211170027965 ], [ 2.972514897383873, 50.645999597855585 ], [ 2.975331583248596, 50.646171914078138 ], [ 2.975600436446555, 50.644383478696035 ], [ 2.972783856692586, 50.644211170027965 ] ] ] } },
{ "type": "Feature", "properties": { "idcar_200m": "CRS3035RES200mN3083000E3825000", "population": 350.5, "median_education": 1.0211997686087724, "median_healthcare": 10.245091075422875, "median_services": 0.33769903198814832, "median_commerce": 8.8866477019112224, "median_entertainment": 2.8108068707677698, "PC1_pos": 0.81544843851697024, "nivvie": 25046.784878744649, "rel_education": 0.17798005199339459, "rel_sante": 0.65000499733687644, "rel_services": 0.50536057478380447, "rel_commerce": 0.23759678841981993, "rel_loisirs": 0.57831452758530832, "rel_pc1": 0.39368413237286282, "q_revenu": 3, "q_population": 4 }, "geometry": { "type": "Polygon", "coordinates": [ [ [ 2.975600436446555, 50.644383478696035 ], [ 2.975331583248596, 50.646171914078138 ], [ 2.978148288099261, 50.646344161457485 ], [ 2.978417035183722, 50.644555718523861 ], [ 2.975600436446555, 50.644383478696035 ] ] ] } },
{ "type": "Feature", "properties": { "idcar_200m": "CRS3035RES200mN3083000E3825200", "population": 179.5, "median_education": 1.7630820067191744, "median_healthcare": 12.939867719100597, "median_services": 0.35780315957783793, "median_commerce": 7.7031657384180834, "median_entertainment": 2.2894483935164835, "PC1_pos": 0.910661543967489, "nivvie": 27143.105849582174, "rel_education": 0.30727917971621987, "rel_sante": 0.82097646769297727, "rel_services": 0.5354460429429464, "rel_commerce": 0.20595476511577046, "rel_loisirs": 0.47104668766010693, "rel_pc1": 0.43965134138240375, "q_revenu": 4, "q_population": 2 }, "geometry": { "type": "Polygon", "coordinates": [ [ [ 2.978417035183722, 50.644555718523861 ], [ 2.978148288099261, 50.646344161457485 ], [ 2.98096501192854, 50.646516339992928 ], [ 2.981233652896766, 50.644727889510698 ], [ 2.978417035183722, 50.644555718523861 ] ] ] } },
{ "type": "Feature", "properties": { "idcar_200m": "CRS3035RES200mN3083000E3825400", "population": 114.5, "median_education": 2.0414025078179954, "median_healthcare": 13.468386847908368, "median_services": 0.38055987924418139, "median_commerce": 7.8281799914075485, "median_entertainment": 2.1092155459320407, "PC1_pos": 0.98339859102737393, "nivvie": 28203.691703056771, "rel_education": 0.35578633647349206, "rel_sante": 0.85450863176883474, "rel_services": 0.56950106780656773, "rel_commerce": 0.20929719366850941, "rel_loisirs": 0.43396435546925055, "rel_pc1": 0.47476750558183889, "q_revenu": 4, "q_population": 2 }, "geometry": { "type": "Polygon", "coordinates": [ [ [ 2.981233652896766, 50.644727889510698 ], [ 2.98096501192854, 50.646516339992928 ], [ 2.98378175472911, 50.646688449683658 ], [ 2.984050289578365, 50.644899991655784 ], [ 2.981233652896766, 50.644727889510698 ] ] ] } },
{ "type": "Feature", "properties": { "idcar_200m": "CRS3035RES200mN3083000E3825600", "population": 191.0, "median_education": 3.643612025453832, "median_healthcare": 24.863200116856174, "median_services": 0.76894741957591783, "median_commerce": 13.495618495074526, "median_entertainment": 2.5747241542944206, "PC1_pos": 1.6245549824467638, "nivvie": 25586.053403141363, "rel_education": 0.63502781499598171, "rel_sante": 1.5774583365601029, "rel_services": 1.1507160907380007, "rel_commerce": 0.36082398219513256, "rel_loisirs": 0.52974126342111183, "rel_pc1": 0.78430650982631778, "q_revenu": 4, "q_population": 3 }, "geometry": { "type": "Polygon", "coordinates": [ [ [ 2.984050289578365, 50.644899991655784 ], [ 2.98378175472911, 50.646688449683658 ], [ 2.986598516493645, 50.646860490528979 ], [ 2.986866945221189, 50.645072024958431 ], [ 2.984050289578365, 50.644899991655784 ] ] ] } },
{ "type": "Feature", "properties": { "idcar_200m": "CRS3035RES200mN3083000E3825800", "population": 259.5, "median_education": 4.4217804730092416, "median_healthcare": 24.396616959182392, "median_services": 0.7383747970153236, "median_commerce": 13.73989261627259, "median_entertainment": 2.6778116112544517, "PC1_pos": 1.6879880701665926, "nivvie": 26357.015799614641, "rel_education": 0.77065109362658091, "rel_sante": 1.5478557315731423, "rel_services": 1.1049647066759569, "rel_commerce": 0.36735498788339133, "rel_loisirs": 0.55095117812276717, "rel_pc1": 0.81493088645536538, "q_revenu": 4, "q_population": 3 }, "geometry": { "type": "Polygon", "coordinates": [ [ [ 2.986866945221189, 50.645072024958431 ], [ 2.986598516493645, 50.646860490528979 ], [ 2.98941529721482, 50.647032462528117 ], [ 2.989683619817921, 50.645243989417843 ], [ 2.986866945221189, 50.645072024958431 ] ] ] } },
{ "type": "Feature", "properties": { "idcar_200m": "CRS3035RES200mN3083000E3826000", "population": 207.5, "median_education": 4.1669048875189745, "median_healthcare": 23.901594041271437, "median_services": 0.52638630579940071, "median_commerce": 13.530841692541072, "median_entertainment": 2.4660624577163857, "PC1_pos": 1.463286064541429, "nivvie": 22402.980722891567, "rel_education": 0.72623003973307632, "rel_sante": 1.5164487515795435, "rel_services": 0.78772771272392783, "rel_commerce": 0.36176572298160808, "rel_loisirs": 0.50738446673874871, "rel_pc1": 0.70644871891591066, "q_revenu": 2, "q_population": 3 }, "geometry": { "type": "Polygon", "coordinates": [ [ [ 2.989683619817921, 50.645243989417843 ], [ 2.98941529721482, 50.647032462528117 ], [ 2.992232096885315, 50.647204365680338 ], [ 2.992500313361233, 50.645415885033266 ], [ 2.989683619817921, 50.645243989417843 ] ] ] } },
{ "type": "Feature", "properties": { "idcar_200m": "CRS3035RES200mN3083000E3826200", "population": 94.0, "median_education": 3.536912729478686, "median_healthcare": 17.281724716597186, "median_services": 0.34071366791243363, "median_commerce": 14.203362296884219, "median_entertainment": 2.279775798585618, "PC1_pos": 1.1833395968436768, "nivvie": 25311.661702127662, "rel_education": 0.61643170204230713, "rel_sante": 1.0964477861339779, "rel_services": 0.5098719236452196, "rel_commerce": 0.37974648930631821, "rel_loisirs": 0.46905658217611129, "rel_pc1": 0.57129549887066366, "q_revenu": 4, "q_population": 2 }, "geometry": { "type": "Polygon", "coordinates": [ [ [ 2.992500313361233, 50.645415885033266 ], [ 2.992232096885315, 50.647204365680338 ], [ 2.99504891549779, 50.647376199984883 ], [ 2.995317025843802, 50.645587711803998 ], [ 2.992500313361233, 50.645415885033266 ] ] ] } },
{ "type": "Feature", "properties": { "idcar_200m": "CRS3035RES200mN3083000E3826400", "population": 219.5, "median_education": 3.1779963310254709, "median_healthcare": 14.487549115060961, "median_services": 0.24796739689060926, "median_commerce": 17.979175421919088, "median_entertainment": 2.1180125096241333, "PC1_pos": 1.0964576920189699, "nivvie": 19585.38314350797, "rel_education": 0.5538778695585691, "rel_sante": 0.91916989850325692, "rel_services": 0.37107878421363072, "rel_commerce": 0.48069806320394753, "rel_loisirs": 0.43577430262523859, "rel_pc1": 0.52935044667089226, "q_revenu": 2, "q_population": 3 }, "geometry": { "type": "Polygon", "coordinates": [ [ [ 2.995317025843802, 50.645587711803998 ], [ 2.99504891549779, 50.647376199984883 ], [ 2.997865753044932, 50.647547965441021 ], [ 2.9981337572583, 50.645759469729278 ], [ 2.995317025843802, 50.645587711803998 ] ] ] } },
{ "type": "Feature", "properties": { "idcar_200m": "CRS3035RES200mN3083000E3826600", "population": 321.0, "median_education": 2.9729068703895196, "median_healthcare": 11.985160800694752, "median_services": 0.19985597719768705, "median_commerce": 23.339739573221419, "median_entertainment": 2.1760089168678718, "PC1_pos": 1.0923688167055505, "nivvie": 21721.242990654206, "rel_education": 0.51813380263911413, "rel_sante": 0.76040460323736769, "rel_services": 0.29908090324092684, "rel_commerce": 0.62402014248407145, "rel_loisirs": 0.44770687800265901, "rel_pc1": 0.52737640974334365, "q_revenu": 2, "q_population": 4 }, "geometry": { "type": "Polygon", "coordinates": [ [ [ 2.9981337572583, 50.645759469729278 ], [ 2.997865753044932, 50.647547965441021 ], [ 3.00068260951941, 50.647719662048004 ], [ 3.000950507597403, 50.645931158808338 ], [ 2.9981337572583, 50.645759469729278 ] ] ] } },
{ "type": "Feature", "properties": { "idcar_200m": "CRS3035RES200mN3083000E3826800", "population": 461.0, "median_education": 2.7468112131215392, "median_healthcare": 11.516429178606771, "median_services": 0.18929093750486492, "median_commerce": 23.989857596806253, "median_entertainment": 2.1025469290799119, "PC1_pos": 1.0732315550024949, "nivvie": 22305.762255965292, "rel_education": 0.47872866559050575, "rel_sante": 0.73066568783641972, "rel_services": 0.28327050988461516, "rel_commerce": 0.64140194490033886, "rel_loisirs": 0.43259230887131661, "rel_pc1": 0.51813727712171309, "q_revenu": 2, "q_population": 5 }, "geometry": { "type": "Polygon", "coordinates": [ [ [ 3.000950507597403, 50.645931158808338 ], [ 3.00068260951941, 50.647719662048004 ], [ 3.003499484913893, 50.647891289805081 ], [ 3.003767276853779, 50.646102779040461 ], [ 3.000950507597403, 50.645931158808338 ] ] ] } },
{ "type": "Feature", "properties": { "idcar_200m": "CRS3035RES200mN3083000E3827000", "population": 414.5, "median_education": 2.4153241712099334, "median_healthcare": 10.750751817611002, "median_services": 0.21704856067602724, "median_commerce": 24.018613522244063, "median_entertainment": 2.0318829135857999, "PC1_pos": 1.0391516341313782, "nivvie": 23869.068033775631, "rel_education": 0.42095536523523835, "rel_sante": 0.68208689948490497, "rel_services": 0.32480929759693278, "rel_commerce": 0.64217077424535662, "rel_loisirs": 0.41805341359439002, "rel_pc1": 0.5016840920449448, "q_revenu": 3, "q_population": 4 }, "geometry": { "type": "Polygon", "coordinates": [ [ [ 3.003767276853779, 50.646102779040461 ], [ 3.003499484913893, 50.647891289805081 ], [ 3.006316379221056, 50.648062848711511 ], [ 3.006584065020111, 50.646274330424866 ], [ 3.003767276853779, 50.646102779040461 ] ] ] } },
{ "type": "Feature", "properties": { "idcar_200m": "CRS3035RES200mN3083000E3827200", "population": 294.0, "median_education": 2.6300679360801165, "median_healthcare": 10.392867977853236, "median_services": 0.29155926108538155, "median_commerce": 21.224286339851623, "median_entertainment": 2.2205792701717542, "PC1_pos": 1.0179605881741445, "nivvie": 20860.927210884354, "rel_education": 0.45838203493466601, "rel_sante": 0.65938077783151039, "rel_services": 0.43631323103946823, "rel_commerce": 0.56746058131311505, "rel_loisirs": 0.45687708570469315, "rel_pc1": 0.49145342858703273, "q_revenu": 2, "q_population": 3 }, "geometry": { "type": "Polygon", "coordinates": [ [ [ 3.006584065020111, 50.646274330424866 ], [ 3.006316379221056, 50.648062848711511 ], [ 3.009133292433573, 50.648234338766557 ], [ 3.009400872089061, 50.646445812960827 ], [ 3.006584065020111, 50.646274330424866 ] ] ] } },
{ "type": "Feature", "properties": { "idcar_200m": "CRS3035RES200mN3083000E3827400", "population": 95.0, "median_education": 2.6496885484264308, "median_healthcare": 9.1454919847082721, "median_services": 0.34752941049148289, "median_commerce": 16.540142383905543, "median_entertainment": 2.184697147017383, "PC1_pos": 0.96855033817542169, "nivvie": 21674.82210526316, "rel_education": 0.46180161816694254, "rel_sante": 0.58024037555169861, "rel_services": 0.52007156078083239, "rel_commerce": 0.44222352930422953, "rel_loisirs": 0.44949445357987916, "rel_pc1": 0.46759903083203769, "q_revenu": 2, "q_population": 2 }, "geometry": { "type": "Polygon", "coordinates": [ [ [ 3.009400872089061, 50.646445812960827 ], [ 3.009133292433573, 50.648234338766557 ], [ 3.01195022454411, 50.648405759969449 ], [ 3.01221769805331, 50.646617226647614 ], [ 3.009400872089061, 50.646445812960827 ] ] ] } },
{ "type": "Feature", "properties": { "idcar_200m": "CRS3035RES200mN3083000E3830200", "population": 3.0, "median_education": 1.2915148997575496, "median_healthcare": 3.8466192367731735, "median_services": 0.24746659018500269, "median_commerce": 10.101056378978937, "median_entertainment": 1.6351375418824616, "PC1_pos": 0.50627404415767985, "nivvie": 23421.8, "rel_education": 0.2250919908866085, "rel_sante": 0.24405070763624437, "rel_services": 0.37032933591610107, "rel_commerce": 0.27006568008505338, "rel_loisirs": 0.33642432175087916, "rel_pc1": 0.24442018453012065, "q_revenu": 3, "q_population": 1 }, "geometry": { "type": "Polygon", "coordinates": [ [ [ 3.048838151725779, 50.648839338961437 ], [ 3.048572058366052, 50.650627969723992 ], [ 3.051389254279203, 50.650798426918904 ], [ 3.051655241454569, 50.649009788681568 ], [ 3.048838151725779, 50.648839338961437 ] ] ] } },
{ "type": "Feature", "properties": { "idcar_200m": "CRS3035RES200mN3083000E3831400", "population": 595.5, "median_education": 6.8694111351324114, "median_healthcare": 13.264237149638506, "median_services": 0.69301871674765114, "median_commerce": 31.556682118592864, "median_entertainment": 5.5809129721666331, "PC1_pos": 2.050697165500603, "nivvie": 25992.094542401344, "rel_education": 1.1972370035497555, "rel_sante": 0.84155625066228135, "rel_services": 1.0370901419812741, "rel_commerce": 0.84371143946105831, "rel_loisirs": 1.1482550019922464, "rel_pc1": 0.99004044428345883, "q_revenu": 4, "q_population": 5 }, "geometry": { "type": "Polygon", "coordinates": [ [ [ 3.065740971731892, 50.649861004362656 ], [ 3.065475515518992, 50.65164967992947 ], [ 3.068292824050406, 50.651819723933649 ], [ 3.068558174062689, 50.650031040909752 ], [ 3.065740971731892, 50.649861004362656 ] ] ] } },
{ "type": "Feature", "properties": { "idcar_200m": "CRS3035RES200mN3083000E3832600", "population": 321.5, "median_education": 5.84202694066839, "median_healthcare": 23.217770364313921, "median_services": 0.29938250817206835, "median_commerce": 20.590796560681135, "median_entertainment": 2.0825603077521899, "PC1_pos": 1.5457521642851395, "nivvie": 29154.517573872476, "rel_education": 1.0181790973802225, "rel_sante": 1.4730632117100195, "rel_services": 0.44802058069080664, "rel_commerce": 0.550523357955502, "rel_loisirs": 0.4284801254298371, "rel_pc1": 0.74626189825907163, "q_revenu": 5, "q_population": 4 }, "geometry": { "type": "Polygon", "coordinates": [ [ [ 3.082644466689885, 50.65088019065918 ], [ 3.082379647721244, 50.65266891092395 ], [ 3.0851970686068, 50.652838541710764 ], [ 3.085461781358605, 50.651049814006683 ], [ 3.082644466689885, 50.65088019065918 ] ] ] } },
{ "type": "Feature", "properties": { "idcar_200m": "CRS3035RES200mN3083000E3832800", "population": 165.0, "median_education": 6.0434178588174214, "median_healthcare": 20.985049205512802, "median_services": 0.28420121847399893, "median_commerce": 15.339919573469135, "median_entertainment": 1.5156538632710821, "PC1_pos": 1.329164669207848, "nivvie": 30922.622424242425, "rel_education": 1.0532785629157402, "rel_sante": 1.3314070858448226, "rel_services": 0.42530205158337037, "rel_commerce": 0.41013391635754204, "rel_loisirs": 0.3118409368627455, "rel_pc1": 0.64169727337930893, "q_revenu": 5, "q_population": 2 }, "geometry": { "type": "Polygon", "coordinates": [ [ [ 3.085461781358605, 50.651049814006683 ], [ 3.0851970686068, 50.652838541710764 ], [ 3.088014508192361, 50.653008103625417 ], [ 3.088279114724632, 50.651219368484995 ], [ 3.085461781358605, 50.651049814006683 ] ] ] } },
{ "type": "Feature", "properties": { "idcar_200m": "CRS3035RES200mN3083000E3833000", "population": 372.5, "median_education": 6.6575221209524269, "median_healthcare": 20.906186736675696, "median_services": 0.32068894544809368, "median_commerce": 15.249591852117113, "median_entertainment": 1.6068198831376952, "PC1_pos": 1.3315598997615694, "nivvie": 29046.987382550338, "rel_education": 1.1603078747741393, "rel_sante": 1.3264036165277551, "rel_services": 0.47990528383909736, "rel_commerce": 0.40771888008982715, "rel_loisirs": 0.3305980539949489, "rel_pc1": 0.64285364847040571, "q_revenu": 4, "q_population": 4 }, "geometry": { "type": "Polygon", "coordinates": [ [ [ 3.088279114724632, 50.651219368484995 ], [ 3.088014508192361, 50.653008103625417 ], [ 3.090831966470588, 50.653177596667213 ], [ 3.091096466780627, 50.651388854093398 ], [ 3.088279114724632, 50.651219368484995 ] ] ] } },
{ "type": "Feature", "properties": { "idcar_200m": "CRS3035RES200mN3083000E3834000", "population": 2.0, "median_education": 1.3613385477159787, "median_healthcare": 2.1528312907618563, "median_services": 0.22092847231341545, "median_commerce": 3.81966617621053, "median_entertainment": 0.56196591072733226, "PC1_pos": 0.29900081490697938, "nivvie": 36988.6, "rel_education": 0.23726122248655279, "rel_sante": 0.13658747268487756, "rel_services": 0.3306155161212716, "rel_commerce": 0.10212404573079387, "rel_loisirs": 0.11562268954200794, "rel_pc1": 0.14435232301077419, "q_revenu": 5, "q_population": 1 }, "geometry": { "type": "Polygon", "coordinates": [ [ [ 3.102366061757513, 50.65206610781307 ], [ 3.102101986363366, 50.653854880090897 ], [ 3.104919537994822, 50.654024028757291 ], [ 3.105183507153261, 50.652235249060816 ], [ 3.102366061757513, 50.65206610781307 ] ] ] } },
{ "type": "Feature", "properties": { "idcar_200m": "CRS3035RES200mN3083200E3824800", "population": 9.0, "median_education": 0.7887320136092395, "median_healthcare": 5.6123221170672792, "median_services": 0.22019010702614511, "median_commerce": 8.2488263029015574, "median_entertainment": 1.7553068378427508, "PC1_pos": 0.50135132328674437, "nivvie": 30855.07777777778, "rel_education": 0.13746435232968321, "rel_sante": 0.35607662205261886, "rel_services": 0.32951056564575931, "rel_commerce": 0.220543753228885, "rel_loisirs": 0.36114877021665054, "rel_pc1": 0.24204358166542869, "q_revenu": 5, "q_population": 1 }, "geometry": { "type": "Polygon", "coordinates": [ [ [ 2.972514897383873, 50.645999597855585 ], [ 2.972245912550435, 50.647788023979523 ], [ 2.975062704535782, 50.647960347757277 ], [ 2.975331583248596, 50.646171914078138 ], [ 2.972514897383873, 50.645999597855585 ] ] ] } },
{ "type": "Feature", "properties": { "idcar_200m": "CRS3035RES200mN3083200E3825000", "population": 84.0, "median_education": 1.1224939890644094, "median_healthcare": 7.2330025210565365, "median_services": 0.2598638812077958, "median_commerce": 7.9287407023068823, "median_entertainment": 1.7757212029470433, "PC1_pos": 0.58400501932485804, "nivvie": 28750.532142857144, "rel_education": 0.19563414003523338, "rel_sante": 0.45890151193633161, "rel_services": 0.38888166068930535, "rel_commerce": 0.21198582303161076, "rel_loisirs": 0.36534896057267385, "rel_pc1": 0.28194732919280585, "q_revenu": 4, "q_population": 2 }, "geometry": { "type": "Polygon", "coordinates": [ [ [ 2.975331583248596, 50.646171914078138 ], [ 2.975062704535782, 50.647960347757277 ], [ 2.977879515509806, 50.648132602688939 ], [ 2.978148288099261, 50.646344161457485 ], [ 2.975331583248596, 50.646171914078138 ] ] ] } },
{ "type": "Feature", "properties": { "idcar_200m": "CRS3035RES200mN3083200E3825200", "population": 133.5, "median_education": 1.8903108756100717, "median_healthcare": 10.850299169833008, "median_services": 0.31955832074667578, "median_commerce": 7.4732672991230391, "median_entertainment": 1.8981233208622048, "PC1_pos": 0.77678714615436473, "nivvie": 25937.295880149813, "rel_education": 0.32945329431782416, "rel_sante": 0.68840273171515054, "rel_services": 0.47821332415058582, "rel_commerce": 0.19980811311926072, "rel_loisirs": 0.39053280501738752, "rel_pc1": 0.3750191418949036, "q_revenu": 4, "q_population": 2 }, "geometry": { "type": "Polygon", "coordinates": [ [ [ 2.978148288099261, 50.646344161457485 ], [ 2.977879515509806, 50.648132602688939 ], [ 2.980696345465184, 50.648304788773672 ], [ 2.98096501192854, 50.646516339992928 ], [ 2.978148288099261, 50.646344161457485 ] ] ] } },
{ "type": "Feature", "properties": { "idcar_200m": "CRS3035RES200mN3083200E3825400", "population": 267.0, "median_education": 2.5754862292956071, "median_healthcare": 13.814213075186391, "median_services": 0.40420652638369886, "median_commerce": 8.294817667184649, "median_entertainment": 1.7867725540123509, "PC1_pos": 0.94259743396701201, "nivvie": 26547.591011235956, "rel_education": 0.44886924878839646, "rel_sante": 0.87644975208548304, "rel_services": 0.60488785325212313, "rel_commerce": 0.22177339581349637, "rel_loisirs": 0.36762274072348411, "rel_pc1": 0.45506942614676099, "q_revenu": 4, "q_population": 3 }, "geometry": { "type": "Polygon", "coordinates": [ [ [ 2.98096501192854, 50.646516339992928 ], [ 2.980696345465184, 50.648304788773672 ], [ 2.983513194394589, 50.648476906010764 ], [ 2.98378175472911, 50.646688449683658 ], [ 2.98096501192854, 50.646516339992928 ] ] ] } },
{ "type": "Feature", "properties": { "idcar_200m": "CRS3035RES200mN3083200E3825600", "population": 141.5, "median_education": 4.0308499926732395, "median_healthcare": 16.368435364177408, "median_services": 0.47883074396242886, "median_commerce": 9.3637812219304717, "median_entertainment": 1.8538589014215443, "PC1_pos": 1.1600038703705586, "nivvie": 24657.018374558305, "rel_education": 0.70251767903445517, "rel_sante": 1.0385036801502336, "rel_services": 0.71656166311279867, "rel_commerce": 0.25035361144315599, "rel_loisirs": 0.38142554222964881, "rel_pc1": 0.56002942146352808, "q_revenu": 3, "q_population": 2 }, "geometry": { "type": "Polygon", "coordinates": [ [ [ 2.98378175472911, 50.646688449683658 ], [ 2.983513194394589, 50.648476906010764 ], [ 2.986330062290699, 50.648648954399498 ], [ 2.986598516493645, 50.646860490528979 ], [ 2.98378175472911, 50.646688449683658 ] ] ] } },
{ "type": "Feature", "properties": { "idcar_200m": "CRS3035RES200mN3083200E3825800", "population": 270.5, "median_education": 5.1540317630639487, "median_healthcare": 15.675810552463524, "median_services": 0.39846785725966488, "median_commerce": 8.7521996506372606, "median_entertainment": 2.2126955991098485, "PC1_pos": 1.2080361020330279, "nivvie": 23261.612199630312, "rel_education": 0.89827168920673495, "rel_sante": 0.99455974782409229, "rel_services": 0.59630003732045744, "rel_commerce": 0.23400213425285812, "rel_loisirs": 0.45525504558759372, "rel_pc1": 0.58321853625582776, "q_revenu": 3, "q_population": 3 }, "geometry": { "type": "Polygon", "coordinates": [ [ [ 2.986598516493645, 50.646860490528979 ], [ 2.986330062290699, 50.648648954399498 ], [ 2.989146949146187, 50.64882093393912 ], [ 2.98941529721482, 50.647032462528117 ], [ 2.986598516493645, 50.646860490528979 ] ] ] } },
{ "type": "Feature", "properties": { "idcar_200m": "CRS3035RES200mN3083200E3826000", "population": 26.0, "median_education": 3.578216369171924, "median_healthcare": 13.694288090531856, "median_services": 0.30179593504949243, "median_commerce": 8.8369597322530069, "median_entertainment": 2.5482282832753604, "PC1_pos": 1.0097500971656317, "nivvie": 31378.023076923077, "rel_education": 0.62363031701079052, "rel_sante": 0.86884105063450268, "rel_services": 0.45163223094278759, "rel_commerce": 0.23626831198979847, "rel_loisirs": 0.52428982266553847, "rel_pc1": 0.48748954825277135, "q_revenu": 5, "q_population": 1 }, "geometry": { "type": "Polygon", "coordinates": [ [ [ 2.98941529721482, 50.647032462528117 ], [ 2.989146949146187, 50.64882093393912 ], [ 2.991963854953724, 50.648992844628843 ], [ 2.992232096885315, 50.647204365680338 ], [ 2.98941529721482, 50.647032462528117 ] ] ] } },
{ "type": "Feature", "properties": { "idcar_200m": "CRS3035RES200mN3083200E3826200", "population": 8.0, "median_education": 3.1464165072023378, "median_healthcare": 11.795225827083083, "median_services": 0.23586187522748675, "median_commerce": 9.6124494351777301, "median_entertainment": 2.508155549122264, "PC1_pos": 0.9090844112595855, "nivvie": 31378.025, "rel_education": 0.54837397222255557, "rel_sante": 0.74835408254333513, "rel_services": 0.35296308708024926, "rel_commerce": 0.25700209924547279, "rel_loisirs": 0.51604498572500923, "rel_pc1": 0.43888992951082417, "q_revenu": 5, "q_population": 1 }, "geometry": { "type": "Polygon", "coordinates": [ [ [ 2.992232096885315, 50.647204365680338 ], [ 2.991963854953724, 50.648992844628843 ], [ 2.994780779705981, 50.649164686467962 ], [ 2.99504891549779, 50.647376199984883 ], [ 2.992232096885315, 50.647204365680338 ] ] ] } },
{ "type": "Feature", "properties": { "idcar_200m": "CRS3035RES200mN3083200E3826400", "population": 55.5, "median_education": 2.7141110597016782, "median_healthcare": 8.7490476437744569, "median_services": 0.15360187797949673, "median_commerce": 11.624287520627457, "median_entertainment": 2.9574318590594819, "PC1_pos": 0.809503282422527, "nivvie": 24214.246846846847, "rel_education": 0.47302951133610588, "rel_sante": 0.55508776335178533, "rel_services": 0.22986246921286563, "rel_commerce": 0.31079136646495881, "rel_loisirs": 0.60848215017012186, "rel_pc1": 0.39081391580451824, "q_revenu": 3, "q_population": 1 }, "geometry": { "type": "Polygon", "coordinates": [ [ [ 2.99504891549779, 50.647376199984883 ], [ 2.994780779705981, 50.649164686467962 ], [ 2.997597723395632, 50.649336459455689 ], [ 2.997865753044932, 50.647547965441021 ], [ 2.99504891549779, 50.647376199984883 ] ] ] } },
{ "type": "Feature", "properties": { "idcar_200m": "CRS3035RES200mN3083200E3826600", "population": 251.0, "median_education": 2.8123922588846213, "median_healthcare": 8.6906272685695392, "median_services": 0.14204825262051185, "median_commerce": 15.264010930587467, "median_entertainment": 2.6766313818129621, "PC1_pos": 0.88764791900334616, "nivvie": 25674.811155378484, "rel_education": 0.49015847422686687, "rel_sante": 0.55138125302894525, "rel_services": 0.21257267504946911, "rel_commerce": 0.40810439404868393, "rel_loisirs": 0.55070834968834304, "rel_pc1": 0.42854076890618398, "q_revenu": 4, "q_population": 3 }, "geometry": { "type": "Polygon", "coordinates": [ [ [ 2.997865753044932, 50.647547965441021 ], [ 2.997597723395632, 50.649336459455689 ], [ 3.000414686015352, 50.649508163591342 ], [ 3.00068260951941, 50.647719662048004 ], [ 2.997865753044932, 50.647547965441021 ] ] ] } },
{ "type": "Feature", "properties": { "idcar_200m": "CRS3035RES200mN3083200E3826800", "population": 136.5, "median_education": 2.6978390406756558, "median_healthcare": 8.9831661183085068, "median_services": 0.15464701678741835, "median_commerce": 18.798812720252016, "median_entertainment": 2.2149917662806708, "PC1_pos": 0.9079274485114881, "nivvie": 26095.445421245418, "rel_education": 0.47019353851147977, "rel_sante": 0.56994152866199144, "rel_services": 0.23142650078734364, "rel_commerce": 0.50261219733926599, "rel_loisirs": 0.45572747464220476, "rel_pc1": 0.43833136828958891, "q_revenu": 4, "q_population": 2 }, "geometry": { "type": "Polygon", "coordinates": [ [ [ 3.00068260951941, 50.647719662048004 ], [ 3.000414686015352, 50.649508163591342 ], [ 3.003231667557812, 50.649679798874118 ], [ 3.003499484913893, 50.647891289805081 ], [ 3.00068260951941, 50.647719662048004 ] ] ] } },
{ "type": "Feature", "properties": { "idcar_200m": "CRS3035RES200mN3083200E3827000", "population": 266.5, "median_education": 2.2784286751007032, "median_healthcare": 7.9352730916843175, "median_services": 0.1779094324723226, "median_commerce": 16.845679461802483, "median_entertainment": 2.0866419330574768, "PC1_pos": 0.82810215948399923, "nivvie": 20073.527204502814, "rel_education": 0.3970965001393566, "rel_sante": 0.50345742432697238, "rel_services": 0.26623829071807575, "rel_commerce": 0.45039248467261622, "rel_loisirs": 0.42931990678755183, "rel_pc1": 0.39979312581118853, "q_revenu": 2, "q_population": 3 }, "geometry": { "type": "Polygon", "coordinates": [ [ [ 3.003499484913893, 50.647891289805081 ], [ 3.003231667557812, 50.649679798874118 ], [ 3.006048668015679, 50.649851365303313 ], [ 3.006316379221056, 50.648062848711511 ], [ 3.003499484913893, 50.647891289805081 ] ] ] } },
{ "type": "Feature", "properties": { "idcar_200m": "CRS3035RES200mN3083200E3827200", "population": 166.0, "median_education": 2.1169022277254292, "median_healthcare": 6.8804747096427716, "median_services": 0.21840539039738172, "median_commerce": 13.517408823845013, "median_entertainment": 1.9403733503062328, "PC1_pos": 0.75082334571740894, "nivvie": 24057.759638554217, "rel_education": 0.36894482366441483, "rel_sante": 0.43653520621662173, "rel_services": 0.32683976906091822, "rel_commerce": 0.36140657670187398, "rel_loisirs": 0.39922561350327052, "rel_pc1": 0.36248427670255046, "q_revenu": 3, "q_population": 2 }, "geometry": { "type": "Polygon", "coordinates": [ [ [ 3.006316379221056, 50.648062848711511 ], [ 3.006048668015679, 50.649851365303313 ], [ 3.008865687381626, 50.650022862878117 ], [ 3.009133292433573, 50.648234338766557 ], [ 3.006316379221056, 50.648062848711511 ] ] ] } },
{ "type": "Feature", "properties": { "idcar_200m": "CRS3035RES200mN3083200E3827400", "population": 105.0, "median_education": 2.8791870140238727, "median_healthcare": 7.5795240304251497, "median_services": 0.3358317392540574, "median_commerce": 12.440556144569294, "median_entertainment": 2.3107832395083214, "PC1_pos": 0.86602291706787349, "nivvie": 25306.198095238095, "rel_education": 0.50179981449936395, "rel_sante": 0.48088674477771154, "rel_services": 0.50256620453099632, "rel_commerce": 0.33261543444221597, "rel_loisirs": 0.47543626401598971, "rel_pc1": 0.4181005991512316, "q_revenu": 4, "q_population": 2 }, "geometry": { "type": "Polygon", "coordinates": [ [ [ 3.009133292433573, 50.648234338766557 ], [ 3.008865687381626, 50.650022862878117 ], [ 3.011682725648326, 50.650194291597863 ], [ 3.01195022454411, 50.648405759969449 ], [ 3.009133292433573, 50.648234338766557 ] ] ] } },
{ "type": "Feature", "properties": { "idcar_200m": "CRS3035RES200mN3083200E3832600", "population": 1348.0, "median_education": 5.8743271669070332, "median_healthcare": 19.254216185063733, "median_services": 0.29444000139299764, "median_commerce": 20.692808162935549, "median_entertainment": 2.3508953442218505, "PC1_pos": 1.433785275081328, "nivvie": 31409.452002967359, "rel_education": 1.0238085502278118, "rel_sante": 1.2215935073646393, "rel_services": 0.44062420750004283, "rel_commerce": 0.55325077890097241, "rel_loisirs": 0.48368920132346138, "rel_pc1": 0.69220625776896638, "q_revenu": 5, "q_population": 5 }, "geometry": { "type": "Polygon", "coordinates": [ [ [ 3.082379647721244, 50.65266891092395 ], [ 3.082114803612935, 50.654457629513516 ], [ 3.084932330725206, 50.654627267740388 ], [ 3.0851970686068, 50.652838541710764 ], [ 3.082379647721244, 50.65266891092395 ] ] ] } },
{ "type": "Feature", "properties": { "idcar_200m": "CRS3035RES200mN3083200E3832800", "population": 422.5, "median_education": 5.02000297502987, "median_healthcare": 15.52022197487041, "median_services": 0.24000883006995982, "median_commerce": 16.998543953817148, "median_entertainment": 1.9165743125867694, "PC1_pos": 1.1492123560325589, "nivvie": 34026.147218934908, "rel_education": 0.8749124490304323, "rel_sante": 0.98468835163839397, "rel_services": 0.35916893099533703, "rel_commerce": 0.45447952779443374, "rel_loisirs": 0.39432903757738452, "rel_pc1": 0.55481946856096165, "q_revenu": 5, "q_population": 4 }, "geometry": { "type": "Polygon", "coordinates": [ [ [ 3.0851970686068, 50.652838541710764 ], [ 3.084932330725206, 50.654627267740388 ], [ 3.087749876540189, 50.654796837092107 ], [ 3.088014508192361, 50.653008103625417 ], [ 3.0851970686068, 50.652838541710764 ] ] ] } },
{ "type": "Feature", "properties": { "idcar_200m": "CRS3035RES200mN3083200E3833000", "population": 273.0, "median_education": 5.9901439982877305, "median_healthcare": 16.083547024227279, "median_services": 0.30537059715873061, "median_commerce": 14.83102951611567, "median_entertainment": 1.7762071397147301, "PC1_pos": 1.1938841998274201, "nivvie": 29453.330769230768, "rel_education": 1.0439937150745773, "rel_sante": 1.020428794989396, "rel_services": 0.45698164899574156, "rel_commerce": 0.39652803848978802, "rel_loisirs": 0.36544894050909843, "rel_pc1": 0.57638624732365107, "q_revenu": 5, "q_population": 3 }, "geometry": { "type": "Polygon", "coordinates": [ [ [ 3.088014508192361, 50.653008103625417 ], [ 3.087749876540189, 50.654796837092107 ], [ 3.090567441050531, 50.654966337568048 ], [ 3.090831966470588, 50.653177596667213 ], [ 3.088014508192361, 50.653008103625417 ] ] ] } },
{ "type": "Feature", "properties": { "idcar_200m": "CRS3035RES200mN3083400E3824800", "population": 53.0, "median_education": 0.35865900569676001, "median_healthcare": 2.6082207742782724, "median_services": 0.10276450106590918, "median_commerce": 4.2664306489970585, "median_entertainment": 1.0992307254650542, "PC1_pos": 0.24984458530705789, "nivvie": 32966.052830188681, "rel_education": 0.062508972724085871, "rel_sante": 0.16547988933995464, "rel_services": 0.15378524190694559, "rel_commerce": 0.11406891037208305, "rel_loisirs": 0.22616320755290356, "rel_pc1": 0.12062056182675471, "q_revenu": 5, "q_population": 1 }, "geometry": { "type": "Polygon", "coordinates": [ [ [ 2.972245912550435, 50.647788023979523 ], [ 2.971976902188803, 50.649576448400104 ], [ 2.974793800304631, 50.649748779733841 ], [ 2.975062704535782, 50.647960347757277 ], [ 2.972245912550435, 50.647788023979523 ] ] ] } },
{ "type": "Feature", "properties": { "idcar_200m": "CRS3035RES200mN3083400E3825000", "population": 1.0, "median_education": 0.64832614656104526, "median_healthcare": 3.2182112104456895, "median_services": 0.11757878194654919, "median_commerce": 6.1212898298073801, "median_entertainment": 1.4651278815814863, "PC1_pos": 0.33678103349712196, "nivvie": 28663.2, "rel_education": 0.11299368137422508, "rel_sante": 0.20418104181557148, "rel_services": 0.17595454886874851, "rel_commerce": 0.16366112997101784, "rel_loisirs": 0.30144537766033713, "rel_pc1": 0.16259194660189577, "q_revenu": 4, "q_population": 1 }, "geometry": { "type": "Polygon", "coordinates": [ [ [ 2.975062704535782, 50.647960347757277 ], [ 2.974793800304631, 50.649748779733841 ], [ 2.977610717411881, 50.649921042218466 ], [ 2.977879515509806, 50.648132602688939 ], [ 2.975062704535782, 50.647960347757277 ] ] ] } },
{ "type": "Feature", "properties": { "idcar_200m": "CRS3035RES200mN3083400E3825400", "population": 1.0, "median_education": 1.9689346958470535, "median_healthcare": 5.4580624429247946, "median_services": 0.15250196205081976, "median_commerce": 5.6710574791310435, "median_entertainment": 1.2451587681823928, "PC1_pos": 0.46335014883099257, "nivvie": 28663.2, "rel_education": 0.34315626610047673, "rel_sante": 0.34628953882007335, "rel_services": 0.22821646465473125, "rel_commerce": 0.1516235468292447, "rel_loisirs": 0.25618743581390629, "rel_pc1": 0.22369728447713494, "q_revenu": 4, "q_population": 1 }, "geometry": { "type": "Polygon", "coordinates": [ [ [ 2.980696345465184, 50.648304788773672 ], [ 2.980427653503225, 50.650093235853269 ], [ 2.983244608571336, 50.650265360637476 ], [ 2.983513194394589, 50.648476906010764 ], [ 2.980696345465184, 50.648304788773672 ] ] ] } },
{ "type": "Feature", "properties": { "idcar_200m": "CRS3035RES200mN3083400E3825600", "population": 29.0, "median_education": 4.3150024339072557, "median_healthcare": 11.748467862538263, "median_services": 0.32186742526485174, "median_commerce": 7.6053972502991725, "median_entertainment": 1.7813407628162059, "PC1_pos": 0.92894966925126488, "nivvie": 28663.227586206896, "rel_education": 0.75204125690774315, "rel_sante": 0.74538749977743424, "rel_services": 0.48166885785369168, "rel_commerce": 0.20334078968151098, "rel_loisirs": 0.36650516705016994, "rel_pc1": 0.44848052590836035, "q_revenu": 4, "q_population": 1 }, "geometry": { "type": "Polygon", "coordinates": [ [ [ 2.983513194394589, 50.648476906010764 ], [ 2.983244608571336, 50.650265360637476 ], [ 2.986061582608887, 50.650437416570362 ], [ 2.986330062290699, 50.648648954399498 ], [ 2.983513194394589, 50.648476906010764 ] ] ] } },
{ "type": "Feature", "properties": { "idcar_200m": "CRS3035RES200mN3083400E3825800", "population": 280.0, "median_education": 5.1120755531590287, "median_healthcare": 12.096489270950435, "median_services": 0.30440560660894189, "median_commerce": 7.1148857249296862, "median_entertainment": 1.8725106232477979, "PC1_pos": 0.94104836659117796, "nivvie": 19989.9975, "rel_education": 0.89095934087894735, "rel_sante": 0.76746789447405173, "rel_services": 0.45553755785923139, "rel_commerce": 0.19022628722569379, "rel_loisirs": 0.38526307436633955, "rel_pc1": 0.45432156372280269, "q_revenu": 2, "q_population": 3 }, "geometry": { "type": "Polygon", "coordinates": [ [ [ 2.986330062290699, 50.648648954399498 ], [ 2.986061582608887, 50.650437416570362 ], [ 2.988878575608549, 50.650609403651188 ], [ 2.989146949146187, 50.64882093393912 ], [ 2.986330062290699, 50.648648954399498 ] ] ] } },
{ "type": "Feature", "properties": { "idcar_200m": "CRS3035RES200mN3083400E3826000", "population": 47.0, "median_education": 2.5627069118179184, "median_healthcare": 9.5512778555654556, "median_services": 0.2142400085643244, "median_commerce": 5.9349775541462115, "median_entertainment": 2.0591744921624686, "PC1_pos": 0.70003242695474466, "nivvie": 16117.555319148936, "rel_education": 0.44664200230926954, "rel_sante": 0.60598566585356928, "rel_services": 0.32060634948326977, "rel_commerce": 0.15867981420098215, "rel_loisirs": 0.42366856863608537, "rel_pc1": 0.33796331640509086, "q_revenu": 1, "q_population": 1 }, "geometry": { "type": "Polygon", "coordinates": [ [ [ 2.989146949146187, 50.64882093393912 ], [ 2.988878575608549, 50.650609403651188 ], [ 2.991695587562998, 50.65078132187913 ], [ 2.991963854953724, 50.648992844628843 ], [ 2.989146949146187, 50.64882093393912 ] ] ] } },
{ "type": "Feature", "properties": { "idcar_200m": "CRS3035RES200mN3083400E3826200", "population": 5.0, "median_education": 2.2303989438572969, "median_healthcare": 8.0023035939242426, "median_services": 0.15392839031293834, "median_commerce": 6.6494151724166786, "median_entertainment": 2.2421705962306224, "PC1_pos": 0.64128205682887973, "nivvie": 31378.02, "rel_education": 0.38872562665632004, "rel_sante": 0.50771020852471105, "rel_services": 0.23035108909291266, "rel_commerce": 0.17778128973161009, "rel_loisirs": 0.46131943201440745, "rel_pc1": 0.30959967328910204, "q_revenu": 5, "q_population": 1 }, "geometry": { "type": "Polygon", "coordinates": [ [ [ 2.991963854953724, 50.648992844628843 ], [ 2.991695587562998, 50.65078132187913 ], [ 2.994512618464904, 50.650953171253533 ], [ 2.994780779705981, 50.649164686467962 ], [ 2.991963854953724, 50.648992844628843 ] ] ] } },
{ "type": "Feature", "properties": { "idcar_200m": "CRS3035RES200mN3083400E3826400", "population": 11.0, "median_education": 2.3911673305605321, "median_healthcare": 6.1117593693775438, "median_services": 0.10906824545817363, "median_commerce": 9.4593915121412291, "median_entertainment": 3.3334219358383739, "PC1_pos": 0.72456837840391319, "nivvie": 31378.018181818185, "rel_education": 0.4167451843412161, "rel_sante": 0.38776367173016124, "rel_services": 0.16321868289316896, "rel_commerce": 0.25290988447838358, "rel_loisirs": 0.68584090643705631, "rel_pc1": 0.34980884127454293, "q_revenu": 5, "q_population": 1 }, "geometry": { "type": "Polygon", "coordinates": [ [ [ 2.994780779705981, 50.649164686467962 ], [ 2.994512618464904, 50.650953171253533 ], [ 2.997329668306937, 50.651124951773653 ], [ 2.997597723395632, 50.649336459455689 ], [ 2.994780779705981, 50.649164686467962 ] ] ] } },
{ "type": "Feature", "properties": { "idcar_200m": "CRS3035RES200mN3083400E3826600", "population": 15.5, "median_education": 1.9635464514020267, "median_healthcare": 5.8572376667691159, "median_services": 0.10346686636524501, "median_commerce": 10.633636343713789, "median_entertainment": 2.284347637562183, "PC1_pos": 0.6657759339749163, "nivvie": 31378.019354838711, "rel_education": 0.34221717459658274, "rel_sante": 0.37161541327074682, "rel_services": 0.15483631904297071, "rel_commerce": 0.28430494031481668, "rel_loisirs": 0.46999722342949135, "rel_pc1": 0.32142488542663716, "q_revenu": 5, "q_population": 1 }, "geometry": { "type": "Polygon", "coordinates": [ [ [ 2.997597723395632, 50.649336459455689 ], [ 2.997329668306937, 50.651124951773653 ], [ 3.00014673708177, 50.651296663438679 ], [ 3.000414686015352, 50.649508163591342 ], [ 2.997597723395632, 50.649336459455689 ] ] ] } },
{ "type": "Feature", "properties": { "idcar_200m": "CRS3035RES200mN3083400E3826800", "population": 21.0, "median_education": 1.6113728640674534, "median_healthcare": 3.9667966335365747, "median_services": 0.13011350254749404, "median_commerce": 7.1284575801911112, "median_entertainment": 1.6265457230489984, "PC1_pos": 0.44757322282318412, "nivvie": 31378.023809523809, "rel_education": 0.28083851460148762, "rel_sante": 0.25167542350143962, "rel_services": 0.19471253455308474, "rel_commerce": 0.19058914950303146, "rel_loisirs": 0.3346565824937115, "rel_pc1": 0.21608046269721848, "q_revenu": 5, "q_population": 1 }, "geometry": { "type": "Polygon", "coordinates": [ [ [ 3.000414686015352, 50.649508163591342 ], [ 3.00014673708177, 50.651296663438679 ], [ 3.002963824782073, 50.651468306247878 ], [ 3.003231667557812, 50.649679798874118 ], [ 3.000414686015352, 50.649508163591342 ] ] ] } },
{ "type": "Feature", "properties": { "idcar_200m": "CRS3035RES200mN3083400E3827000", "population": 238.5, "median_education": 2.0702341892820439, "median_healthcare": 5.2131992298629592, "median_services": 0.1681316707000102, "median_commerce": 9.8841995342496638, "median_entertainment": 2.0584625255607136, "PC1_pos": 0.60410111062854321, "nivvie": 23354.401257861635, "rel_education": 0.36081127314481465, "rel_sante": 0.33075406812660391, "rel_services": 0.2516060447200229, "rel_commerce": 0.26426771311451064, "rel_loisirs": 0.42352208378391265, "rel_pc1": 0.29164936784452677, "q_revenu": 3, "q_population": 3 }, "geometry": { "type": "Polygon", "coordinates": [ [ [ 3.003231667557812, 50.649679798874118 ], [ 3.002963824782073, 50.651468306247878 ], [ 3.005780931400514, 50.651639880200527 ], [ 3.006048668015679, 50.649851365303313 ], [ 3.003231667557812, 50.649679798874118 ] ] ] } },
{ "type": "Feature", "properties": { "idcar_200m": "CRS3035RES200mN3083400E3832800", "population": 292.5, "median_education": 6.236397515719494, "median_healthcare": 15.4894677712145, "median_services": 0.28375786402022252, "median_commerce": 19.074802860415467, "median_entertainment": 2.6409307052502493, "PC1_pos": 1.3687850983184766, "nivvie": 35105.528547008544, "rel_education": 1.0869120697230226, "rel_sante": 0.98273713559567744, "rel_services": 0.42463857955541001, "rel_commerce": 0.50999117455744336, "rel_loisirs": 0.54336304961968274, "rel_pc1": 0.66082531817270607, "q_revenu": 5, "q_population": 3 }, "geometry": { "type": "Polygon", "coordinates": [ [ [ 3.084932330725206, 50.654627267740388 ], [ 3.084667567710405, 50.656415992095901 ], [ 3.087485219764686, 50.656585568885419 ], [ 3.087749876540189, 50.654796837092107 ], [ 3.084932330725206, 50.654627267740388 ] ] ] } },
{ "type": "Feature", "properties": { "idcar_200m": "CRS3035RES200mN3083400E3833000", "population": 368.0, "median_education": 7.3326610205151539, "median_healthcare": 15.488844987807136, "median_services": 0.33241587847230081, "median_commerce": 20.503380508158116, "median_entertainment": 2.7398933568164763, "PC1_pos": 1.4574929135108841, "nivvie": 29836.485326086957, "rel_education": 1.277974623377734, "rel_sante": 0.98269762278665851, "rel_services": 0.49745442983064547, "rel_commerce": 0.54818616917155361, "rel_loisirs": 0.56372429879845665, "rel_pc1": 0.70365188771305398, "q_revenu": 5, "q_population": 4 }, "geometry": { "type": "Polygon", "coordinates": [ [ [ 3.087749876540189, 50.654796837092107 ], [ 3.087485219764686, 50.656585568885419 ], [ 3.090302890517032, 50.656755076796202 ], [ 3.090567441050531, 50.654966337568048 ], [ 3.087749876540189, 50.654796837092107 ] ] ] } },
{ "type": "Feature", "properties": { "idcar_200m": "CRS3035RES200mN3083600E3824600", "population": 334.5, "median_education": 0.27976084391557743, "median_healthcare": 0.97745771657676284, "median_services": 0.15374432889407771, "median_commerce": 3.7267325240123608, "median_entertainment": 0.69029969404680103, "PC1_pos": 0.18639273704325077, "nivvie": 20403.817638266068, "rel_education": 0.048758187258154354, "rel_sante": 0.06201530037976391, "rel_services": 0.23007564446435302, "rel_commerce": 0.09963933630615214, "rel_loisirs": 0.14202695518028052, "rel_pc1": 0.089987127937762604, "q_revenu": 2, "q_population": 4 }, "geometry": { "type": "Polygon", "coordinates": [ [ [ 2.96916002307172, 50.649404048218045 ], [ 2.9688908810408, 50.651192463375942 ], [ 2.97170786629549, 50.65136487111765 ], [ 2.971976902188803, 50.649576448400104 ], [ 2.96916002307172, 50.649404048218045 ] ] ] } },
{ "type": "Feature", "properties": { "idcar_200m": "CRS3035RES200mN3083600E3824800", "population": 13.0, "median_education": 0.44968365994480164, "median_healthcare": 1.88846594856963, "median_services": 0.1378262554781525, "median_commerce": 4.5586845682682684, "median_entertainment": 1.165886200268593, "PC1_pos": 0.25607313349305505, "nivvie": 30855.076923076922, "rel_education": 0.078373226902108267, "rel_sante": 0.11981467952154028, "rel_services": 0.20625453167180854, "rel_commerce": 0.12188272216604118, "rel_loisirs": 0.23987735839794319, "rel_pc1": 0.12362759510160698, "q_revenu": 5, "q_population": 1 }, "geometry": { "type": "Polygon", "coordinates": [ [ [ 2.971976902188803, 50.649576448400104 ], [ 2.97170786629549, 50.65136487111765 ], [ 2.974524870551672, 50.651537210008058 ], [ 2.974793800304631, 50.649748779733841 ], [ 2.971976902188803, 50.649576448400104 ] ] ] } },
{ "type": "Feature", "properties": { "idcar_200m": "CRS3035RES200mN3083600E3825000", "population": 2.0, "median_education": 0.70958252521321019, "median_healthcare": 2.7246247126925089, "median_services": 0.12523832002689089, "median_commerce": 5.540772097138877, "median_entertainment": 1.5967303694753832, "PC1_pos": 0.33730270786634509, "nivvie": 28663.25, "rel_education": 0.12366976434307675, "rel_sante": 0.1728651962271191, "rel_services": 0.18741691091364704, "rel_commerce": 0.14814018736932924, "rel_loisirs": 0.32852216881483631, "rel_pc1": 0.1628438017919091, "q_revenu": 4, "q_population": 1 }, "geometry": { "type": "Polygon", "coordinates": [ [ [ 2.974793800304631, 50.649748779733841 ], [ 2.974524870551672, 50.651537210008058 ], [ 2.977341893802014, 50.651709480046428 ], [ 2.977610717411881, 50.649921042218466 ], [ 2.974793800304631, 50.649748779733841 ] ] ] } },
{ "type": "Feature", "properties": { "idcar_200m": "CRS3035RES200mN3083600E3825800", "population": 291.0, "median_education": 3.6121468970041506, "median_healthcare": 7.303818321830156, "median_services": 0.16928698579533646, "median_commerce": 4.3125843027210209, "median_entertainment": 1.6068754590426981, "PC1_pos": 0.56113440916396606, "nivvie": 16493.92852233677, "rel_education": 0.62954390737124488, "rel_sante": 0.46339445631861131, "rel_services": 0.25333495314239285, "rel_commerce": 0.11530289198882876, "rel_loisirs": 0.33060948855972855, "rel_pc1": 0.2709058017427029, "q_revenu": 1, "q_population": 3 }, "geometry": { "type": "Polygon", "coordinates": [ [ [ 2.986061582608887, 50.650437416570362 ], [ 2.985793077444732, 50.65222587704185 ], [ 2.988610176598442, 50.652397871664583 ], [ 2.988878575608549, 50.650609403651188 ], [ 2.986061582608887, 50.650437416570362 ] ] ] } },
{ "type": "Feature", "properties": { "idcar_200m": "CRS3035RES200mN3083600E3826200", "population": 5.0, "median_education": 1.8078409065694645, "median_healthcare": 6.085984875843848, "median_services": 0.11569345241340427, "median_commerce": 5.3025847462541522, "median_entertainment": 2.2859793399671839, "PC1_pos": 0.53090887813085486, "nivvie": 31378.02, "rel_education": 0.3150799955481452, "rel_sante": 0.38612839592076215, "rel_services": 0.17313318686804122, "rel_commerce": 0.14177191988413748, "rel_loisirs": 0.47033294098281092, "rel_pc1": 0.25631344813918094, "q_revenu": 5, "q_population": 1 }, "geometry": { "type": "Polygon", "coordinates": [ [ [ 2.991695587562998, 50.65078132187913 ], [ 2.991427294709672, 50.652569797431553 ], [ 2.994244431771095, 50.65274165434198 ], [ 2.994512618464904, 50.650953171253533 ], [ 2.991695587562998, 50.65078132187913 ] ] ] } },
{ "type": "Feature", "properties": { "idcar_200m": "CRS3035RES200mN3083600E3826400", "population": 101.5, "median_education": 1.9614530526709371, "median_healthcare": 5.1918677400937181, "median_services": 0.081906388642101591, "median_commerce": 6.7452367511878499, "median_entertainment": 2.9591165341590244, "PC1_pos": 0.57461702782904345, "nivvie": 18399.253201970441, "rel_education": 0.3418523260855908, "rel_sante": 0.3294006809435549, "rel_services": 0.12257144889918077, "rel_commerce": 0.18034321185804375, "rel_loisirs": 0.60882876668599106, "rel_pc1": 0.27741497237883589, "q_revenu": 1, "q_population": 2 }, "geometry": { "type": "Polygon", "coordinates": [ [ [ 2.994512618464904, 50.650953171253533 ], [ 2.994244431771095, 50.65274165434198 ], [ 2.99706158777538, 50.652913442395153 ], [ 2.997329668306937, 50.651124951773653 ], [ 2.994512618464904, 50.650953171253533 ] ] ] } },
{ "type": "Feature", "properties": { "idcar_200m": "CRS3035RES200mN3083600E3826600", "population": 75.0, "median_education": 1.6773196054952848, "median_healthcare": 4.2824162720798249, "median_services": 0.079966617174219587, "median_commerce": 6.8341599167557003, "median_entertainment": 2.3557249513671028, "PC1_pos": 0.47748979483657106, "nivvie": 18583.881333333335, "rel_education": 0.2923320585964207, "rel_sante": 0.2717000714816728, "rel_services": 0.11966861551471174, "rel_commerce": 0.1827206953888133, "rel_loisirs": 0.48468287755347084, "rel_pc1": 0.23052365633197505, "q_revenu": 1, "q_population": 2 }, "geometry": { "type": "Polygon", "coordinates": [ [ [ 2.997329668306937, 50.651124951773653 ], [ 2.99706158777538, 50.652913442395153 ], [ 2.999878762715198, 50.653085161590319 ], [ 3.00014673708177, 50.651296663438679 ], [ 2.997329668306937, 50.651124951773653 ] ] ] } },
{ "type": "Feature", "properties": { "idcar_200m": "CRS3035RES200mN3083600E3826800", "population": 27.0, "median_education": 1.622650490067278, "median_healthcare": 3.7760362973801431, "median_services": 0.10678975575356872, "median_commerce": 6.0439237690879288, "median_entertainment": 1.9783882899776493, "PC1_pos": 0.42417326035333813, "nivvie": 31378.022222222222, "rel_education": 0.28280403841329316, "rel_sante": 0.23957253726231217, "rel_services": 0.15980896371221931, "rel_commerce": 0.1615926415852702, "rel_loisirs": 0.40704706580790867, "rel_pc1": 0.20478337328313756, "q_revenu": 5, "q_population": 1 }, "geometry": { "type": "Polygon", "coordinates": [ [ [ 3.00014673708177, 50.651296663438679 ], [ 2.999878762715198, 50.653085161590319 ], [ 3.002695956583211, 50.653256811926688 ], [ 3.002963824782073, 50.651468306247878 ], [ 3.00014673708177, 50.651296663438679 ] ] ] } },
{ "type": "Feature", "properties": { "idcar_200m": "CRS3035RES200mN3083600E3827000", "population": 146.0, "median_education": 1.8563802707971993, "median_healthcare": 3.949791231178875, "median_services": 0.15360296565082443, "median_commerce": 6.6561684051424566, "median_entertainment": 1.7428104068774404, "PC1_pos": 0.48199751047330963, "nivvie": 27425.937671232878, "rel_education": 0.32353969054077913, "rel_sante": 0.25059650712745585, "rel_services": 0.22986409689359691, "rel_commerce": 0.17796184672688192, "rel_loisirs": 0.35857766949629688, "rel_pc1": 0.23269990198480928, "q_revenu": 4, "q_population": 2 }, "geometry": { "type": "Polygon", "coordinates": [ [ [ 3.002963824782073, 50.651468306247878 ], [ 3.002695956583211, 50.653256811926688 ], [ 3.005513169372101, 50.653428393403566 ], [ 3.005780931400514, 50.651639880200527 ], [ 3.002963824782073, 50.651468306247878 ] ] ] } },
{ "type": "Feature", "properties": { "idcar_200m": "CRS3035RES200mN3083600E3832800", "population": 552.0, "median_education": 6.844489865523518, "median_healthcare": 14.147827399319238, "median_services": 0.29003261359076882, "median_commerce": 19.05246120617625, "median_entertainment": 3.7788382731788124, "PC1_pos": 1.3744729818617114, "nivvie": 29609.209963768117, "rel_education": 1.1928935939671477, "rel_sante": 0.8976160820158946, "rel_services": 0.43402863030837457, "rel_commerce": 0.50939383960355722, "rel_loisirs": 0.77748389386061179, "rel_pc1": 0.66357132808821795, "q_revenu": 5, "q_population": 5 }, "geometry": { "type": "Polygon", "coordinates": [ [ [ 3.084667567710405, 50.656415992095901 ], [ 3.084402779558966, 50.658204714777575 ], [ 3.087220537862436, 50.658374299005665 ], [ 3.087485219764686, 50.656585568885419 ], [ 3.084667567710405, 50.656415992095901 ] ] ] } },
{ "type": "Feature", "properties": { "idcar_200m": "CRS3035RES200mN3083600E3833000", "population": 281.5, "median_education": 6.8829521366650468, "median_healthcare": 13.294827446388894, "median_services": 0.31086667423337655, "median_commerce": 18.030497020037849, "median_entertainment": 3.4540407853541799, "PC1_pos": 1.375761230647665, "nivvie": 30037.358792184725, "rel_education": 1.1995970003211065, "rel_sante": 0.84349706754827958, "rel_services": 0.46520643025480257, "rel_commerce": 0.48207021694499974, "rel_loisirs": 0.71065784910966445, "rel_pc1": 0.66419327189437793, "q_revenu": 5, "q_population": 3 }, "geometry": { "type": "Polygon", "coordinates": [ [ [ 3.087485219764686, 50.656585568885419 ], [ 3.087220537862436, 50.658374299005665 ], [ 3.090038314866669, 50.658543814352022 ], [ 3.090302890517032, 50.656755076796202 ], [ 3.087485219764686, 50.656585568885419 ] ] ] } },
{ "type": "Feature", "properties": { "idcar_200m": "CRS3035RES200mN3083800E3824600", "population": 677.0, "median_education": 0.24617919298449661, "median_healthcare": 1.0079088107012775, "median_services": 0.11032811942565697, "median_commerce": 2.923811893127386, "median_entertainment": 0.62991301708357783, "PC1_pos": 0.13915425977548201, "nivvie": 20788.454800590844, "rel_education": 0.042905400993934625, "rel_sante": 0.063947285484590624, "rel_services": 0.16510406180176138, "rel_commerce": 0.078172145341300778, "rel_loisirs": 0.1296025894497051, "rel_pc1": 0.067181223775877666, "q_revenu": 2, "q_population": 5 }, "geometry": { "type": "Polygon", "coordinates": [ [ [ 2.9688908810408, 50.651192463375942 ], [ 2.968621713464858, 50.652980876830391 ], [ 2.971438804867025, 50.653153292132487 ], [ 2.97170786629549, 50.65136487111765 ], [ 2.9688908810408, 50.651192463375942 ] ] ] } },
{ "type": "Feature", "properties": { "idcar_200m": "CRS3035RES200mN3083800E3824800", "population": 177.5, "median_education": 0.40478680191337224, "median_healthcare": 1.6855980442984881, "median_services": 0.11221208296785404, "median_commerce": 3.7842019816370778, "median_entertainment": 1.0096615121494568, "PC1_pos": 0.21329112535927375, "nivvie": 17017.444507042252, "rel_education": 0.070548366994766118, "rel_sante": 0.10694362248507969, "rel_services": 0.16792337962139273, "rel_commerce": 0.10117586155412896, "rel_loisirs": 0.20773462826362338, "rel_pc1": 0.10297319568433967, "q_revenu": 1, "q_population": 2 }, "geometry": { "type": "Polygon", "coordinates": [ [ [ 2.97170786629549, 50.65136487111765 ], [ 2.971438804867025, 50.653153292132487 ], [ 2.974255915273427, 50.65332563858032 ], [ 2.974524870551672, 50.651537210008058 ], [ 2.97170786629549, 50.65136487111765 ] ] ] } },
{ "type": "Feature", "properties": { "idcar_200m": "CRS3035RES200mN3083800E3826000", "population": 23.5, "median_education": 1.8908442788756341, "median_healthcare": 4.1706775101134346, "median_services": 0.078999790489954799, "median_commerce": 2.9332829534117595, "median_entertainment": 1.3463037254654733, "PC1_pos": 0.35245671704225057, "nivvie": 31378.021276595744, "rel_education": 0.32954625863671311, "rel_sante": 0.26461074907939325, "rel_services": 0.11822177663572578, "rel_commerce": 0.078425367206505781, "rel_loisirs": 0.27699768741714914, "rel_pc1": 0.17015989030541062, "q_revenu": 5, "q_population": 1 }, "geometry": { "type": "Polygon", "coordinates": [ [ [ 2.988610176598442, 50.652397871664583 ], [ 2.988341752112394, 50.654186337979716 ], [ 2.991158976390278, 50.654358271286398 ], [ 2.991427294709672, 50.652569797431553 ], [ 2.988610176598442, 50.652397871664583 ] ] ] } },
{ "type": "Feature", "properties": { "idcar_200m": "CRS3035RES200mN3083800E3826200", "population": 37.0, "median_education": 1.7735734720084086, "median_healthcare": 4.4189038835075722, "median_services": 0.066815787958686007, "median_commerce": 3.6334913618962696, "median_entertainment": 1.8725782612748387, "PC1_pos": 0.38871000361364172, "nivvie": 28160.429729729731, "rel_education": 0.30910768731587268, "rel_sante": 0.28035959718520076, "rel_services": 0.099988634283735209, "rel_commerce": 0.097146405179541762, "rel_loisirs": 0.38527699067416621, "rel_pc1": 0.18766233803279792, "q_revenu": 4, "q_population": 1 }, "geometry": { "type": "Polygon", "coordinates": [ [ [ 2.991427294709672, 50.652569797431553 ], [ 2.991158976390278, 50.654358271286398 ], [ 2.993976219621088, 50.654530135733594 ], [ 2.994244431771095, 50.65274165434198 ], [ 2.991427294709672, 50.652569797431553 ] ] ] } },
{ "type": "Feature", "properties": { "idcar_200m": "CRS3035RES200mN3083800E3826400", "population": 11.0, "median_education": 1.8326627235318171, "median_healthcare": 4.312119106158784, "median_services": 0.061584159899764762, "median_commerce": 5.0873606809667278, "median_entertainment": 2.6003766745018142, "PC1_pos": 0.47639623114653107, "nivvie": 31378.018181818185, "rel_education": 0.31940607200187238, "rel_sante": 0.2735845828485563, "rel_services": 0.092159596257341617, "rel_commerce": 0.1360176075249391, "rel_loisirs": 0.53501918744335508, "rel_pc1": 0.22999570305844763, "q_revenu": 5, "q_population": 1 }, "geometry": { "type": "Polygon", "coordinates": [ [ [ 2.994244431771095, 50.65274165434198 ], [ 2.993976219621088, 50.654530135733594 ], [ 2.996793481797494, 50.654701931320567 ], [ 2.99706158777538, 50.652913442395153 ], [ 2.994244431771095, 50.65274165434198 ] ] ] } },
{ "type": "Feature", "properties": { "idcar_200m": "CRS3035RES200mN3084000E3825000", "population": 70.0, "median_education": 0.47110590197291391, "median_healthcare": 1.7279747245989905, "median_services": 0.095530243540635884, "median_commerce": 3.4731405935288904, "median_entertainment": 0.92086620059145408, "PC1_pos": 0.19164997692367258, "nivvie": 23009.201428571429, "rel_education": 0.08210680760510114, "rel_sante": 0.10963223245087608, "rel_services": 0.14295930462313816, "rel_commerce": 0.092859206129606894, "rel_loisirs": 0.18946527678682484, "rel_pc1": 0.09252523068373629, "q_revenu": 3, "q_population": 2 }, "geometry": { "type": "Polygon", "coordinates": [ [ [ 2.974255915273427, 50.65332563858032 ], [ 2.973986934466421, 50.655114065450924 ], [ 2.976804170032555, 50.655286350598992 ], [ 2.977073044676728, 50.653497916173194 ], [ 2.974255915273427, 50.65332563858032 ] ] ] } },
{ "type": "Feature", "properties": { "idcar_200m": "CRS3035RES200mN3084000E3826000", "population": 3.0, "median_education": 1.1053494792994569, "median_healthcare": 2.6491470100545014, "median_services": 0.04728325542881838, "median_commerce": 2.0150482392766178, "median_entertainment": 0.93582586500474585, "PC1_pos": 0.1963277521390232, "nivvie": 30775.0, "rel_education": 0.19264610494830367, "rel_sante": 0.1680764751175621, "rel_services": 0.070758547930915322, "rel_commerce": 0.053875095111531199, "rel_loisirs": 0.1925431799142085, "rel_pc1": 0.094783578103518937, "q_revenu": 5, "q_population": 1 }, "geometry": { "type": "Polygon", "coordinates": [ [ [ 2.988341752112394, 50.654186337979716 ], [ 2.988073302146934, 50.655974802596866 ], [ 2.990890632601345, 50.656146743444012 ], [ 2.991158976390278, 50.654358271286398 ], [ 2.988341752112394, 50.654186337979716 ] ] ] } },
{ "type": "Feature", "properties": { "idcar_200m": "CRS3035RES200mN3084000E3826200", "population": 2.0, "median_education": 1.0232752292427922, "median_healthcare": 2.651349596745523, "median_services": 0.041528492660626366, "median_commerce": 2.273831918184738, "median_entertainment": 1.210379153205956, "PC1_pos": 0.22689268444390964, "nivvie": 30775.0, "rel_education": 0.17834177415874167, "rel_sante": 0.16821621934684144, "rel_services": 0.062146648147974819, "rel_commerce": 0.060794033845966634, "rel_loisirs": 0.24903164122201288, "rel_pc1": 0.10953978865849701, "q_revenu": 5, "q_population": 1 }, "geometry": { "type": "Polygon", "coordinates": [ [ [ 2.991158976390278, 50.654358271286398 ], [ 2.990890632601345, 50.656146743444012 ], [ 2.993707982011414, 50.656318615428717 ], [ 2.993976219621088, 50.654530135733594 ], [ 2.991158976390278, 50.654358271286398 ] ] ] } },
{ "type": "Feature", "properties": { "idcar_200m": "CRS3035RES200mN3084000E3826400", "population": 6.0, "median_education": 1.0586779175984931, "median_healthcare": 3.0319194828087701, "median_services": 0.034926138208949201, "median_commerce": 2.6660595623121135, "median_entertainment": 1.4680962915776039, "PC1_pos": 0.24987309992470497, "nivvie": 30775.0, "rel_education": 0.18451194037689278, "rel_sante": 0.19236166870945981, "rel_services": 0.052266342536843896, "rel_commerce": 0.071280781121218023, "rel_loisirs": 0.30205611852711012, "rel_pc1": 0.12063432818153337, "q_revenu": 5, "q_population": 1 }, "geometry": { "type": "Polygon", "coordinates": [ [ [ 2.993976219621088, 50.654530135733594 ], [ 2.993707982011414, 50.656318615428717 ], [ 2.996525350369814, 50.656490418550213 ], [ 2.996793481797494, 50.654701931320567 ], [ 2.993976219621088, 50.654530135733594 ] ] ] } },
{ "type": "Feature", "properties": { "idcar_200m": "CRS3035RES200mN3084000E3826600", "population": 10.0, "median_education": 0.56212009393727813, "median_healthcare": 1.4787272635026429, "median_services": 0.035776693003791826, "median_commerce": 2.0199250750058679, "median_entertainment": 0.70827256437565411, "PC1_pos": 0.11549554097685943, "nivvie": 30775.01, "rel_education": 0.097969238361448246, "rel_sante": 0.093818600918130782, "rel_services": 0.053539182608300998, "rel_commerce": 0.054005484043982255, "rel_loisirs": 0.14572481579165136, "rel_pc1": 0.055759211367308395, "q_revenu": 5, "q_population": 1 }, "geometry": { "type": "Polygon", "coordinates": [ [ [ 2.996793481797494, 50.654701931320567 ], [ 2.996525350369814, 50.656490418550213 ], [ 2.999342737669216, 50.656662152807826 ], [ 2.999610762912165, 50.654873658046569 ], [ 2.996793481797494, 50.654701931320567 ] ] ] } },
{ "type": "Feature", "properties": { "idcar_200m": "CRS3035RES200mN3084200E3825000", "population": 28.0, "median_education": 0.48243685441300227, "median_healthcare": 1.8565729252585723, "median_services": 0.10255504499534319, "median_commerce": 3.4358640608857351, "median_entertainment": 0.62290259011093696, "PC1_pos": 0.15745713490645241, "nivvie": 26423.560714285712, "rel_education": 0.084081625428619675, "rel_sante": 0.11779121048844403, "rel_services": 0.15347179463530256, "rel_commerce": 0.091862566593920614, "rel_loisirs": 0.12816021651223369, "rel_pc1": 0.076017529268067263, "q_revenu": 4, "q_population": 1 }, "geometry": { "type": "Polygon", "coordinates": [ [ [ 2.973986934466421, 50.655114065450924 ], [ 2.973717928127174, 50.656902490620205 ], [ 2.976535269866005, 50.657074783324212 ], [ 2.976804170032555, 50.655286350598992 ], [ 2.973986934466421, 50.655114065450924 ] ] ] } },
{ "type": "Feature", "properties": { "idcar_200m": "CRS3035RES200mN3084200E3825200", "population": 6.0, "median_education": 0.55123325281005187, "median_healthcare": 1.8909246881244515, "median_services": 0.082426817299412924, "median_commerce": 2.8377273358779971, "median_entertainment": 0.59818343990327871, "PC1_pos": 0.13654203554121613, "nivvie": 28623.366666666669, "rel_education": 0.096071822586954597, "rel_sante": 0.11997067549912781, "rel_services": 0.12335026109726267, "rel_commerce": 0.075870555920736937, "rel_loisirs": 0.12307433038347687, "rel_pc1": 0.065920087960717327, "q_revenu": 4, "q_population": 1 }, "geometry": { "type": "Polygon", "coordinates": [ [ [ 2.976804170032555, 50.655286350598992 ], [ 2.976535269866005, 50.657074783324212 ], [ 2.979352630599895, 50.657247007166603 ], [ 2.979621424591001, 50.655458566888363 ], [ 2.976804170032555, 50.655286350598992 ] ] ] } },
{ "type": "Feature", "properties": { "idcar_200m": "CRS3035RES200mN3084200E3825400", "population": 3.0, "median_education": 0.30928276552335021, "median_healthcare": 0.84596449279289421, "median_services": 0.021661232738605568, "median_commerce": 0.91950015689864828, "median_entertainment": 0.38710677730688192, "PC1_pos": 0.038488282581018662, "nivvie": 28623.366666666669, "rel_education": 0.053903422602120908, "rel_sante": 0.053672646132356651, "rel_services": 0.032415648226352192, "rel_commerce": 0.024584105453359387, "rel_loisirs": 0.079645981860771098, "rel_pc1": 0.018581464405017154, "q_revenu": 4, "q_population": 1 }, "geometry": { "type": "Polygon", "coordinates": [ [ [ 2.979621424591001, 50.655458566888363 ], [ 2.979352630599895, 50.657247007166603 ], [ 2.982170010321511, 50.657419162146589 ], [ 2.982438698134432, 50.655630714318299 ], [ 2.979621424591001, 50.655458566888363 ] ] ] } },
{ "type": "Feature", "properties": { "idcar_200m": "CRS3035RES200mN3084200E3826400", "population": 7.0, "median_education": 0.49172794841161116, "median_healthcare": 1.3052218855714179, "median_services": 0.036159731795899604, "median_commerce": 1.5332734967735031, "median_entertainment": 0.6303668000654119, "PC1_pos": 0.096082220345952152, "nivvie": 30775.014285714286, "rel_education": 0.085700926023645013, "rel_sante": 0.082810464251520957, "rel_services": 0.054112393324969192, "rel_commerce": 0.040994182600966891, "rel_loisirs": 0.12969595384748528, "rel_pc1": 0.046386802361345382, "q_revenu": 5, "q_population": 1 }, "geometry": { "type": "Polygon", "coordinates": [ [ [ 2.993707982011414, 50.656318615428717 ], [ 2.993439718938605, 50.658107093427631 ], [ 2.996257193488874, 50.658278904084419 ], [ 2.996525350369814, 50.656490418550213 ], [ 2.993707982011414, 50.656318615428717 ] ] ] } },
{ "type": "Feature", "properties": { "idcar_200m": "CRS3035RES200mN3084200E3826600", "population": 3.0, "median_education": 0.4132507759840226, "median_healthcare": 0.92279556009357744, "median_services": 0.014877216405316427, "median_commerce": 1.4147157259098584, "median_entertainment": 0.52732592346506024, "PC1_pos": 0.065235342560970633, "nivvie": 30775.0, "rel_education": 0.072023512790399577, "rel_sante": 0.058547232149065993, "rel_services": 0.022263488851332017, "rel_commerce": 0.037824377006743022, "rel_loisirs": 0.10849562290591779, "rel_pc1": 0.031494473498372817, "q_revenu": 5, "q_population": 1 }, "geometry": { "type": "Polygon", "coordinates": [ [ [ 2.996525350369814, 50.656490418550213 ], [ 2.996257193488874, 50.658278904084419 ], [ 2.999074686982881, 50.658450645874353 ], [ 2.999342737669216, 50.656662152807826 ], [ 2.996525350369814, 50.656490418550213 ] ] ] } },
{ "type": "Feature", "properties": { "idcar_200m": "CRS3035RES200mN3084400E3825000", "population": 5.0, "median_education": 0.56670333142933205, "median_healthcare": 2.2414107391285758, "median_services": 0.12245845627054441, "median_commerce": 4.0055037620768319, "median_entertainment": 0.37648536972358421, "PC1_pos": 0.19484437531546228, "nivvie": 28623.38, "rel_education": 0.098768029031216148, "rel_sante": 0.14220744069451624, "rel_services": 0.1832568944118016, "rel_commerce": 0.10709267001417012, "rel_loisirs": 0.077460661206866468, "rel_pc1": 0.094067429920284121, "q_revenu": 4, "q_population": 1 }, "geometry": { "type": "Polygon", "coordinates": [ [ [ 2.973717928127174, 50.656902490620205 ], [ 2.973448896252208, 50.65869091408846 ], [ 2.976266344173612, 50.658863214349168 ], [ 2.976535269866005, 50.657074783324212 ], [ 2.973717928127174, 50.656902490620205 ] ] ] } },
{ "type": "Feature", "properties": { "idcar_200m": "CRS3035RES200mN3084400E3826000", "population": 3.0, "median_education": 0.48686844093413051, "median_healthcare": 1.2540930687316481, "median_services": 0.026447857912897273, "median_commerce": 1.3028710346693266, "median_entertainment": 0.58713445582584511, "PC1_pos": 0.073214484317188244, "nivvie": 30775.0, "rel_education": 0.084853985571746379, "rel_sante": 0.079566570545832202, "rel_services": 0.039578747377431722, "rel_commerce": 0.034834054859186579, "rel_loisirs": 0.12080103723285453, "rel_pc1": 0.035346662491572096, "q_revenu": 5, "q_population": 1 }, "geometry": { "type": "Polygon", "coordinates": [ [ [ 2.987804826698595, 50.657763265516365 ], [ 2.987536325763899, 50.659551726738535 ], [ 2.990353868600978, 50.659723682668769 ], [ 2.990622263339401, 50.657935213904693 ], [ 2.987804826698595, 50.657763265516365 ] ] ] } },
{ "type": "Feature", "properties": { "idcar_200m": "CRS3035RES200mN3084400E3826200", "population": 10.0, "median_education": 0.50523497384731941, "median_healthcare": 1.5913314575873159, "median_services": 0.03091230837184708, "median_commerce": 1.3471176353841299, "median_entertainment": 0.54981816251372839, "PC1_pos": 0.077641497704007412, "nivvie": 30775.01, "rel_education": 0.088055001262614674, "rel_sante": 0.10096283109991155, "rel_services": 0.046259717816541167, "rel_commerce": 0.036017048782313564, "rel_loisirs": 0.11312332918308843, "rel_pc1": 0.037483946520667312, "q_revenu": 5, "q_population": 1 }, "geometry": { "type": "Polygon", "coordinates": [ [ [ 2.990622263339401, 50.657935213904693 ], [ 2.990353868600978, 50.659723682668769 ], [ 2.993171430399191, 50.659895569730679 ], [ 2.993439718938605, 50.658107093427631 ], [ 2.990622263339401, 50.657935213904693 ] ] ] } },
{ "type": "Feature", "properties": { "idcar_200m": "CRS3035RES200mN3084600E3825000", "population": 17.5, "median_education": 0.70023877276507407, "median_healthcare": 2.9235442579680586, "median_services": 0.1691067852642511, "median_commerce": 5.1743541415725618, "median_entertainment": 0.41755457647883248, "PC1_pos": 0.26493295247922366, "nivvie": 28623.371428571427, "rel_education": 0.12204128615726766, "rel_sante": 0.18548574762536515, "rel_services": 0.25306528626348734, "rel_commerce": 0.13834349773087434, "rel_loisirs": 0.085910519199591959, "rel_pc1": 0.1279049595379089, "q_revenu": 4, "q_population": 1 }, "geometry": { "type": "Polygon", "coordinates": [ [ [ 2.973448896252208, 50.65869091408846 ], [ 2.973179838838046, 50.660479335856003 ], [ 2.975997392951893, 50.660651643674136 ], [ 2.976266344173612, 50.658863214349168 ], [ 2.973448896252208, 50.65869091408846 ] ] ] } },
{ "type": "Feature", "properties": { "idcar_200m": "CRS3035RES200mN3084600E3825200", "population": 140.5, "median_education": 0.77233426435212937, "median_healthcare": 3.1311387028380295, "median_services": 0.18177437729105989, "median_commerce": 5.2164789797310096, "median_entertainment": 0.42815967597879034, "PC1_pos": 0.29492626915816889, "nivvie": 27882.547330960853, "rel_education": 0.13460646658091235, "rel_sante": 0.19865668242638021, "rel_services": 0.27202211166540174, "rel_commerce": 0.13946976340437453, "rel_loisirs": 0.088092484517485928, "rel_pc1": 0.14238520414443448, "q_revenu": 4, "q_population": 2 }, "geometry": { "type": "Polygon", "coordinates": [ [ [ 2.976266344173612, 50.658863214349168 ], [ 2.975997392951893, 50.660651643674136 ], [ 2.978814966066286, 50.660823882624733 ], [ 2.979083811092816, 50.659035445745275 ], [ 2.976266344173612, 50.658863214349168 ] ] ] } },
{ "type": "Feature", "properties": { "idcar_200m": "CRS3035RES200mN3084600E3825400", "population": 27.0, "median_education": 0.7960596988061438, "median_healthcare": 3.2360689578113435, "median_services": 0.19030881079390835, "median_commerce": 4.6472260676645325, "median_entertainment": 0.41899473109618879, "PC1_pos": 0.27609501708470585, "nivvie": 28623.370370370369, "rel_education": 0.13874145974042323, "rel_sante": 0.20531403565070686, "rel_services": 0.28479373909667322, "rel_commerce": 0.12425000132507698, "rel_loisirs": 0.086206826407976833, "rel_pc1": 0.13329380757800191, "q_revenu": 4, "q_population": 1 }, "geometry": { "type": "Polygon", "coordinates": [ [ [ 2.979083811092816, 50.659035445745275 ], [ 2.978814966066286, 50.660823882624733 ], [ 2.981632558173888, 50.660996052707027 ], [ 2.981901297002486, 50.659207608276027 ], [ 2.979083811092816, 50.659035445745275 ] ] ] } },
{ "type": "Feature", "properties": { "idcar_200m": "CRS3035RES200mN3084600E3825600", "population": 17.0, "median_education": 0.56287773699100074, "median_healthcare": 2.3740787099547065, "median_services": 0.15081000867961514, "median_commerce": 2.437091151221884, "median_entertainment": 0.31007442562983367, "PC1_pos": 0.16292458810455734, "nivvie": 28623.370588235295, "rel_education": 0.09810128436678342, "rel_sante": 0.15062462736359311, "rel_services": 0.22568448662937116, "rel_commerce": 0.065158994712049625, "rel_loisirs": 0.063796821773607584, "rel_pc1": 0.078657119298431125, "q_revenu": 4, "q_population": 1 }, "geometry": { "type": "Polygon", "coordinates": [ [ [ 2.981901297002486, 50.659207608276027 ], [ 2.981632558173888, 50.660996052707027 ], [ 2.984450169267364, 50.661168153920265 ], [ 2.984718801895295, 50.659379701940722 ], [ 2.981901297002486, 50.659207608276027 ] ] ] } },
{ "type": "Feature", "properties": { "idcar_200m": "CRS3035RES200mN3084600E3825800", "population": 33.0, "median_education": 0.46326833677221113, "median_healthcare": 1.9539509613694626, "median_services": 0.12412198475479058, "median_commerce": 1.9995679599880383, "median_entertainment": 0.25203440180907721, "PC1_pos": 0.12837571872031583, "nivvie": 26429.7, "rel_education": 0.080740835632914856, "rel_sante": 0.12396940935822, "rel_services": 0.1857463351010997, "rel_commerce": 0.053461208484516902, "rel_loisirs": 0.051855272424906715, "rel_pc1": 0.061977534145585891, "q_revenu": 4, "q_population": 1 }, "geometry": { "type": "Polygon", "coordinates": [ [ [ 2.984718801895295, 50.659379701940722 ], [ 2.984450169267364, 50.661168153920265 ], [ 2.98726779933938, 50.661340186263693 ], [ 2.987536325763899, 50.659551726738535 ], [ 2.984718801895295, 50.659379701940722 ] ] ] } },
{ "type": "Feature", "properties": { "idcar_200m": "CRS3035RES200mN3084800E3825600", "population": 128.0, "median_education": 0.71415015457290865, "median_healthcare": 2.5718672320388927, "median_services": 0.16212029038564058, "median_commerce": 2.6026705394617622, "median_entertainment": 0.3466864505442917, "PC1_pos": 0.20409107397997905, "nivvie": 31678.529687499999, "rel_education": 0.12446583474567113, "rel_sante": 0.16317342042205693, "rel_services": 0.24261012135883159, "rel_commerce": 0.069585988128909468, "rel_loisirs": 0.071329628852082841, "rel_pc1": 0.098531573045843424, "q_revenu": 5, "q_population": 2 }, "geometry": { "type": "Polygon", "coordinates": [ [ [ 2.981632558173888, 50.660996052707027 ], [ 2.981363793832237, 50.66278449543983 ], [ 2.984181511136261, 50.662956604202364 ], [ 2.984450169267364, 50.661168153920265 ], [ 2.981632558173888, 50.660996052707027 ] ] ] } }
]
}
