{
"type": "FeatureCollection",
"name": "bw900",
"crs": { "type": "name", "properties": { "name": "urn:ogc:def:crs:OGC:1.3:CRS84" } },
"features": [
{ "type": "Feature", "properties": { "idcar_200m": "CRS3035RES200mN3077600E3829600", "population": 113.0, "median_education": 14.755643909321689, "median_healthcare": 35.194614430706991, "median_services": 1.7165726883261612, "median_commerce": 47.046796655999103, "median_entertainment": 11.776083921727006, "PC1_pos": 0.86723081270543734, "nivvie": 22111.489380530973, "rel_education": 0.65862035795985341, "rel_sante": 0.60697631176812084, "rel_services": 0.62043726039733049, "rel_commerce": 0.35332054057178347, "rel_loisirs": 0.61482980548075872, "rel_pc1": 0.46764931022039052, "q_revenu": 2, "q_population": 2 }, "geometry": { "type": "Polygon", "coordinates": [ [ [ 3.047570570291651, 50.600034513464919 ], [ 3.047304839867381, 50.601823167432556 ], [ 3.050119116076496, 50.601993629410664 ], [ 3.050384740590693, 50.600204967979089 ], [ 3.047570570291651, 50.600034513464919 ] ] ] } },
{ "type": "Feature", "properties": { "idcar_200m": "CRS3035RES200mN3077600E3829800", "population": 351.0, "median_education": 17.212847427245876, "median_healthcare": 42.056083341335508, "median_services": 1.8609666928921058, "median_commerce": 57.102121054525753, "median_entertainment": 13.871673011446855, "PC1_pos": 1.0593453380162079, "nivvie": 16676.180626780628, "rel_education": 0.76829800201936183, "rel_sante": 0.72531115248315969, "rel_services": 0.67262696446284931, "rel_commerce": 0.42883583395274222, "rel_loisirs": 0.7242405944122885, "rel_pc1": 0.57124598128956683, "q_revenu": 1, "q_population": 4 }, "geometry": { "type": "Polygon", "coordinates": [ [ [ 3.050384740590693, 50.600204967979089 ], [ 3.050119116076496, 50.601993629410664 ], [ 3.052933411022536, 50.602164022607369 ], [ 3.053198929623962, 50.600375353714796 ], [ 3.050384740590693, 50.600204967979089 ] ] ] } },
{ "type": "Feature", "properties": { "idcar_200m": "CRS3035RES200mN3077600E3830000", "population": 272.5, "median_education": 17.176545428581022, "median_healthcare": 43.99367619439009, "median_services": 1.8382729631479369, "median_commerce": 59.019212767893166, "median_entertainment": 13.77307573105276, "PC1_pos": 1.0158034917290675, "nivvie": 20702.588256880732, "rel_education": 0.76667765691600787, "rel_sante": 0.75872742888450673, "rel_services": 0.66442455299118641, "rel_commerce": 0.44323315595205603, "rel_loisirs": 0.71909282651860118, "rel_pc1": 0.54776628697568441, "q_revenu": 2, "q_population": 3 }, "geometry": { "type": "Polygon", "coordinates": [ [ [ 3.053198929623962, 50.600375353714796 ], [ 3.052933411022536, 50.602164022607369 ], [ 3.055747724698199, 50.602334347021966 ], [ 3.056013137384152, 50.600545670671281 ], [ 3.053198929623962, 50.600375353714796 ] ] ] } },
{ "type": "Feature", "properties": { "idcar_200m": "CRS3035RES200mN3077800E3829400", "population": 147.5, "median_education": 15.508602758258089, "median_healthcare": 38.071851932898198, "median_services": 1.7071862873847183, "median_commerce": 51.476854829971892, "median_entertainment": 11.214203022230965, "PC1_pos": 0.8828254762471921, "nivvie": 21105.54711864407, "rel_education": 0.69222878804010513, "rel_sante": 0.65659796654144909, "rel_services": 0.61704464386282276, "rel_commerce": 0.38659019249383259, "rel_loisirs": 0.58549398158236365, "rel_pc1": 0.47605864432334954, "q_revenu": 2, "q_population": 2 }, "geometry": { "type": "Polygon", "coordinates": [ [ [ 3.044490582402495, 50.601652636673791 ], [ 3.044224720865932, 50.603441281478901 ], [ 3.047039084248026, 50.603611819705314 ], [ 3.047304839867381, 50.601823167432556 ], [ 3.044490582402495, 50.601652636673791 ] ] ] } },
{ "type": "Feature", "properties": { "idcar_200m": "CRS3035RES200mN3077800E3829600", "population": 215.5, "median_education": 17.109144160168213, "median_healthcare": 41.115801810852076, "median_services": 1.8017764106852412, "median_commerce": 57.274928562041808, "median_entertainment": 12.496825367676474, "PC1_pos": 1.0237469947494964, "nivvie": 14789.872389791184, "rel_education": 0.76366919128741217, "rel_sante": 0.70909479027466904, "rel_services": 0.65123325548430233, "rel_commerce": 0.43013361501989694, "rel_loisirs": 0.65245974476791391, "rel_pc1": 0.55204977604666017, "q_revenu": 1, "q_population": 3 }, "geometry": { "type": "Polygon", "coordinates": [ [ [ 3.047304839867381, 50.601823167432556 ], [ 3.047039084248026, 50.603611819705314 ], [ 3.049853466377054, 50.603782289148107 ], [ 3.050119116076496, 50.601993629410664 ], [ 3.047304839867381, 50.601823167432556 ] ] ] } },
{ "type": "Feature", "properties": { "idcar_200m": "CRS3035RES200mN3077800E3829800", "population": 615.0, "median_education": 18.868228772605026, "median_healthcare": 45.156918037841592, "median_services": 1.9104489605235431, "median_commerce": 63.983743224766322, "median_entertainment": 14.298711160673511, "PC1_pos": 1.1536525078446846, "nivvie": 14039.026178861788, "rel_education": 0.84218619428942232, "rel_sante": 0.7787890279459958, "rel_services": 0.6905118130196749, "rel_commerce": 0.48051668446799461, "rel_loisirs": 0.74653627300689074, "rel_pc1": 0.62210058916672517, "q_revenu": 1, "q_population": 5 }, "geometry": { "type": "Polygon", "coordinates": [ [ [ 3.050119116076496, 50.601993629410664 ], [ 3.049853466377054, 50.603782289148107 ], [ 3.052667867245709, 50.603952689806569 ], [ 3.052933411022536, 50.602164022607369 ], [ 3.050119116076496, 50.601993629410664 ] ] ] } },
{ "type": "Feature", "properties": { "idcar_200m": "CRS3035RES200mN3077800E3830000", "population": 940.5, "median_education": 18.772221645202777, "median_healthcare": 45.461926884579576, "median_services": 1.8532663400322194, "median_commerce": 64.027532988315542, "median_entertainment": 13.993432370671217, "PC1_pos": 1.1548341609595965, "nivvie": 13765.041892610314, "rel_education": 0.83790090189520694, "rel_sante": 0.78404929710490845, "rel_services": 0.66984375238859717, "rel_commerce": 0.48084554475240143, "rel_loisirs": 0.73059765535419097, "rel_pc1": 0.62273778892486609, "q_revenu": 1, "q_population": 5 }, "geometry": { "type": "Polygon", "coordinates": [ [ [ 3.052933411022536, 50.602164022607369 ], [ 3.052667867245709, 50.603952689806569 ], [ 3.055482286846684, 50.60412302167996 ], [ 3.055747724698199, 50.602334347021966 ], [ 3.052933411022536, 50.602164022607369 ] ] ] } },
{ "type": "Feature", "properties": { "idcar_200m": "CRS3035RES200mN3077800E3830200", "population": 72.0, "median_education": 18.818255653688155, "median_healthcare": 47.496809481449944, "median_services": 1.9197386187738021, "median_commerce": 67.216333895303819, "median_entertainment": 14.015282719205622, "PC1_pos": 1.1791113372924411, "nivvie": 18080.473611111112, "rel_education": 0.83995563670266682, "rel_sante": 0.81914346004740335, "rel_services": 0.69386946291939355, "rel_commerce": 0.50479337840558225, "rel_loisirs": 0.73173846291198263, "rel_pc1": 0.63582911893738703, "q_revenu": 1, "q_population": 2 }, "geometry": { "type": "Polygon", "coordinates": [ [ [ 3.055747724698199, 50.602334347021966 ], [ 3.055482286846684, 50.60412302167996 ], [ 3.058296725172674, 50.604293284767508 ], [ 3.058562057096173, 50.602504602653653 ], [ 3.055747724698199, 50.602334347021966 ] ] ] } },
{ "type": "Feature", "properties": { "idcar_200m": "CRS3035RES200mN3078000E3829000", "population": 40.0, "median_education": 14.652356203188372, "median_healthcare": 35.100556213488183, "median_services": 1.8806027227229565, "median_commerce": 52.290740660462362, "median_entertainment": 11.192997800490884, "PC1_pos": 0.90847979366729237, "nivvie": 16707.675, "rel_education": 0.65401009585238934, "rel_sante": 0.60535415705205309, "rel_services": 0.67972420225311891, "rel_commerce": 0.39270245947122601, "rel_loisirs": 0.58438685611991892, "rel_pc1": 0.4898925898773111, "q_revenu": 1, "q_population": 1 }, "geometry": { "type": "Polygon", "coordinates": [ [ [ 3.03859605037177, 50.603099998678211 ], [ 3.038329951780872, 50.604888626842488 ], [ 3.04114438356882, 50.605059310108174 ], [ 3.041410376238081, 50.60327067446962 ], [ 3.03859605037177, 50.603099998678211 ] ] ] } },
{ "type": "Feature", "properties": { "idcar_200m": "CRS3035RES200mN3078000E3829200", "population": 106.0, "median_education": 16.38475903873363, "median_healthcare": 41.542310477956413, "median_services": 2.0040623826200066, "median_commerce": 61.422364752998256, "median_entertainment": 12.464080200344128, "PC1_pos": 1.0659396088911435, "nivvie": 23715.061320754718, "rel_education": 0.73133615377905659, "rel_sante": 0.71645047982784849, "rel_services": 0.72434740619725491, "rel_commerce": 0.46128078126992589, "rel_loisirs": 0.65075011829147245, "rel_pc1": 0.574801904558079, "q_revenu": 3, "q_population": 2 }, "geometry": { "type": "Polygon", "coordinates": [ [ [ 3.041410376238081, 50.60327067446962 ], [ 3.04114438356882, 50.605059310108174 ], [ 3.043958834121018, 50.605229924588777 ], [ 3.044224720865932, 50.603441281478901 ], [ 3.041410376238081, 50.60327067446962 ] ] ] } },
{ "type": "Feature", "properties": { "idcar_200m": "CRS3035RES200mN3078000E3829400", "population": 479.0, "median_education": 16.808749572733706, "median_healthcare": 41.882405873126601, "median_services": 1.8213478437683128, "median_commerce": 58.20783987025839, "median_entertainment": 12.056679180463682, "PC1_pos": 1.0332831657853025, "nivvie": 13033.959916492693, "rel_education": 0.75026103425128776, "rel_sante": 0.72231586156164052, "rel_services": 0.65830714545510871, "rel_commerce": 0.43713976105221308, "rel_loisirs": 0.62947969499365486, "rel_pc1": 0.55719210233592809, "q_revenu": 1, "q_population": 5 }, "geometry": { "type": "Polygon", "coordinates": [ [ [ 3.044224720865932, 50.603441281478901 ], [ 3.043958834121018, 50.605229924588777 ], [ 3.046773303430164, 50.605400470283556 ], [ 3.047039084248026, 50.603611819705314 ], [ 3.044224720865932, 50.603441281478901 ] ] ] } },
{ "type": "Feature", "properties": { "idcar_200m": "CRS3035RES200mN3078000E3829600", "population": 691.0, "median_education": 18.404058380126386, "median_healthcare": 45.869939056515676, "median_services": 1.9385275991830002, "median_commerce": 65.490632099573205, "median_entertainment": 13.315298033142236, "PC1_pos": 1.1597785385670234, "nivvie": 13245.261070911723, "rel_education": 0.8214678798649655, "rel_sante": 0.79108599085150055, "rel_services": 0.7006605435476827, "rel_commerce": 0.49183339101703627, "rel_loisirs": 0.6951922348762074, "rel_pc1": 0.62540401658157152, "q_revenu": 1, "q_population": 5 }, "geometry": { "type": "Polygon", "coordinates": [ [ [ 3.047039084248026, 50.603611819705314 ], [ 3.046773303430164, 50.605400470283556 ], [ 3.049587791488944, 50.605570947191758 ], [ 3.049853466377054, 50.603782289148107 ], [ 3.047039084248026, 50.603611819705314 ] ] ] } },
{ "type": "Feature", "properties": { "idcar_200m": "CRS3035RES200mN3078000E3829800", "population": 783.5, "median_education": 19.9157258657598, "median_healthcare": 49.330212469342918, "median_services": 2.0475024753832436, "median_commerce": 72.270199487537099, "median_entertainment": 14.476637315873489, "PC1_pos": 1.2702146142683319, "nivvie": 16277.036630504148, "rel_education": 0.88894138265634037, "rel_sante": 0.85076284845601713, "rel_services": 0.74004837378733668, "rel_commerce": 0.54274781207470879, "rel_loisirs": 0.75582580457941184, "rel_pc1": 0.68495604571675583, "q_revenu": 1, "q_population": 5 }, "geometry": { "type": "Polygon", "coordinates": [ [ [ 3.049853466377054, 50.603782289148107 ], [ 3.049587791488944, 50.605570947191758 ], [ 3.052402298290054, 50.605741355312695 ], [ 3.052667867245709, 50.603952689806569 ], [ 3.049853466377054, 50.603782289148107 ] ] ] } },
{ "type": "Feature", "properties": { "idcar_200m": "CRS3035RES200mN3078000E3830000", "population": 269.5, "median_education": 20.777510561260598, "median_healthcare": 50.250707340704892, "median_services": 2.0491560985517516, "median_commerce": 72.325517571735077, "median_entertainment": 14.805461928421256, "PC1_pos": 1.248931449690327, "nivvie": 18099.31576994434, "rel_education": 0.92740727056493188, "rel_sante": 0.86663796432412243, "rel_services": 0.74064605860160404, "rel_commerce": 0.54316324982608499, "rel_loisirs": 0.77299375055481556, "rel_pc1": 0.67347921960726687, "q_revenu": 1, "q_population": 3 }, "geometry": { "type": "Polygon", "coordinates": [ [ [ 3.052667867245709, 50.603952689806569 ], [ 3.052402298290054, 50.605741355312695 ], [ 3.055216823826188, 50.605911694645613 ], [ 3.055482286846684, 50.60412302167996 ], [ 3.052667867245709, 50.603952689806569 ] ] ] } },
{ "type": "Feature", "properties": { "idcar_200m": "CRS3035RES200mN3078000E3830200", "population": 520.5, "median_education": 21.475006495248426, "median_healthcare": 52.742525154114702, "median_services": 2.1761258262856291, "median_commerce": 77.041524582485508, "median_entertainment": 15.208920308725483, "PC1_pos": 1.3872647167998344, "nivvie": 18390.485494716617, "rel_education": 0.95854010519700072, "rel_sante": 0.90961256172905858, "rel_services": 0.78653793988594256, "rel_commerce": 0.57858037202809565, "rel_loisirs": 0.79405832848503566, "rel_pc1": 0.74807465140757501, "q_revenu": 1, "q_population": 5 }, "geometry": { "type": "Polygon", "coordinates": [ [ [ 3.055482286846684, 50.60412302167996 ], [ 3.055216823826188, 50.605911694645613 ], [ 3.058031368090035, 50.606081965189745 ], [ 3.058296725172674, 50.604293284767508 ], [ 3.055482286846684, 50.60412302167996 ] ] ] } },
{ "type": "Feature", "properties": { "idcar_200m": "CRS3035RES200mN3078000E3830400", "population": 104.0, "median_education": 20.202278542829717, "median_healthcare": 50.29377130133021, "median_services": 2.3872983405969199, "median_commerce": 68.273134828011834, "median_entertainment": 14.752553761612317, "PC1_pos": 1.3310163304374742, "nivvie": 19308.85, "rel_education": 0.9017317039670163, "rel_sante": 0.86738065761436844, "rel_services": 0.86286403847852289, "rel_commerce": 0.51272993314173876, "rel_loisirs": 0.77023141308136511, "rel_pc1": 0.71774302723325922, "q_revenu": 2, "q_population": 2 }, "geometry": { "type": "Polygon", "coordinates": [ [ [ 3.058296725172674, 50.604293284767508 ], [ 3.058031368090035, 50.606081965189745 ], [ 3.060845931074288, 50.606252166944373 ], [ 3.06111118221637, 50.604463479068521 ], [ 3.058296725172674, 50.604293284767508 ] ] ] } },
{ "type": "Feature", "properties": { "idcar_200m": "CRS3035RES200mN3078000E3831200", "population": 175.0, "median_education": 20.44400176970224, "median_healthcare": 58.434216270609184, "median_services": 3.4920196051971129, "median_commerce": 60.745081346293432, "median_entertainment": 17.493441751863962, "PC1_pos": 1.5599449668640284, "nivvie": 24952.761142857144, "rel_education": 0.9125210561083632, "rel_sante": 1.0077730825216655, "rel_services": 1.2621539954797409, "rel_commerce": 0.4561943958752524, "rel_loisirs": 0.9133332830316796, "rel_pc1": 0.84119149948090743, "q_revenu": 3, "q_population": 2 }, "geometry": { "type": "Polygon", "coordinates": [ [ [ 3.069554665580608, 50.604973649244769 ], [ 3.06928973227638, 50.606762359463822 ], [ 3.072104370069159, 50.606932286053045 ], [ 3.072369197422039, 50.605143568392137 ], [ 3.069554665580608, 50.604973649244769 ] ] ] } },
{ "type": "Feature", "properties": { "idcar_200m": "CRS3035RES200mN3078200E3829000", "population": 2.0, "median_education": 15.766707139672048, "median_healthcare": 37.590341373053882, "median_services": 1.8931701255734055, "median_commerce": 56.697061068863107, "median_entertainment": 12.106766387964978, "PC1_pos": 0.917522141164266, "nivvie": 23318.1, "rel_education": 0.70374931544795871, "rel_sante": 0.64829369873174958, "rel_services": 0.68426655868688313, "rel_commerce": 0.42579384122909786, "rel_loisirs": 0.63209475007051952, "rel_pc1": 0.49476862461659921, "q_revenu": 3, "q_population": 1 }, "geometry": { "type": "Polygon", "coordinates": [ [ [ 3.038329951780872, 50.604888626842488 ], [ 3.038063827958508, 50.606677253310401 ], [ 3.040878365677937, 50.606847944051061 ], [ 3.04114438356882, 50.605059310108174 ], [ 3.038329951780872, 50.604888626842488 ] ] ] } },
{ "type": "Feature", "properties": { "idcar_200m": "CRS3035RES200mN3078200E3829200", "population": 348.0, "median_education": 17.61968383279924, "median_healthcare": 45.92582719880474, "median_services": 2.0594565678799195, "median_commerce": 69.620260887210662, "median_entertainment": 13.517183349645784, "PC1_pos": 1.2003923214276935, "nivvie": 15981.95316091954, "rel_education": 0.78645720541999298, "rel_sante": 0.79204985361933899, "rel_services": 0.74436905560268474, "rel_commerce": 0.52284682400966942, "rel_loisirs": 0.70573267520427652, "rel_pc1": 0.64730476925545544, "q_revenu": 1, "q_population": 4 }, "geometry": { "type": "Polygon", "coordinates": [ [ [ 3.04114438356882, 50.605059310108174 ], [ 3.040878365677937, 50.606847944051061 ], [ 3.043692922164323, 50.607018566003681 ], [ 3.043958834121018, 50.605229924588777 ], [ 3.04114438356882, 50.605059310108174 ] ] ] } },
{ "type": "Feature", "properties": { "idcar_200m": "CRS3035RES200mN3078200E3829400", "population": 312.0, "median_education": 19.333777782596758, "median_healthcare": 53.301237092027847, "median_services": 2.0813303196427086, "median_commerce": 76.440829601624586, "median_entertainment": 14.401547161657014, "PC1_pos": 1.2960876643310633, "nivvie": 17076.843589743592, "rel_education": 0.86296604351138051, "rel_sante": 0.91924826642140656, "rel_services": 0.75227509460156305, "rel_commerce": 0.57406916424261345, "rel_loisirs": 0.75190534466953851, "rel_pc1": 0.69890794161098491, "q_revenu": 1, "q_population": 4 }, "geometry": { "type": "Polygon", "coordinates": [ [ [ 3.043958834121018, 50.605229924588777 ], [ 3.043692922164323, 50.607018566003681 ], [ 3.046507497410362, 50.607189119167558 ], [ 3.046773303430164, 50.605400470283556 ], [ 3.043958834121018, 50.605229924588777 ] ] ] } },
{ "type": "Feature", "properties": { "idcar_200m": "CRS3035RES200mN3078200E3829600", "population": 150.0, "median_education": 19.53931308878737, "median_healthcare": 51.850135886172502, "median_services": 2.10437421139549, "median_commerce": 78.838466420472457, "median_entertainment": 14.238432166026628, "PC1_pos": 1.318564116508687, "nivvie": 19250.740666666668, "rel_education": 0.87214014243708926, "rel_sante": 0.89422216307634828, "rel_services": 0.76060406847212469, "rel_commerce": 0.59207537076766747, "rel_loisirs": 0.74338910432164218, "rel_pc1": 0.71102824130868203, "q_revenu": 2, "q_population": 2 }, "geometry": { "type": "Polygon", "coordinates": [ [ [ 3.046773303430164, 50.605400470283556 ], [ 3.046507497410362, 50.607189119167558 ], [ 3.049322091408739, 50.607359603541951 ], [ 3.049587791488944, 50.605570947191758 ], [ 3.046773303430164, 50.605400470283556 ] ] ] } },
{ "type": "Feature", "properties": { "idcar_200m": "CRS3035RES200mN3078200E3830000", "population": 101.0, "median_education": 21.96469752403172, "median_healthcare": 51.967657896592684, "median_services": 2.2570566367938083, "median_commerce": 79.754574400588254, "median_entertainment": 15.445862954407467, "PC1_pos": 1.3946744292041604, "nivvie": 23980.970297029704, "rel_education": 0.98039753701420751, "rel_sante": 0.89624898103103456, "rel_services": 0.81578953563537315, "rel_commerce": 0.59895532412821928, "rel_loisirs": 0.80642911335061984, "rel_pc1": 0.75207029690822846, "q_revenu": 3, "q_population": 2 }, "geometry": { "type": "Polygon", "coordinates": [ [ [ 3.052402298290054, 50.605741355312695 ], [ 3.052136704152149, 50.607530019126067 ], [ 3.054951335633285, 50.607700365919229 ], [ 3.055216823826188, 50.605911694645613 ], [ 3.052402298290054, 50.605741355312695 ] ] ] } },
{ "type": "Feature", "properties": { "idcar_200m": "CRS3035RES200mN3078200E3830200", "population": 251.0, "median_education": 23.001770930368892, "median_healthcare": 55.276144361510688, "median_services": 2.3675592382275061, "median_commerce": 82.222262648544884, "median_entertainment": 16.056410565065701, "PC1_pos": 1.4862557987827909, "nivvie": 18759.146613545818, "rel_education": 1.026687462571501, "rel_sante": 0.9533080778415558, "rel_services": 0.85572954619627439, "rel_commerce": 0.61748761554235743, "rel_loisirs": 0.83830582815605348, "rel_pc1": 0.80145503241927185, "q_revenu": 1, "q_population": 3 }, "geometry": { "type": "Polygon", "coordinates": [ [ [ 3.055216823826188, 50.605911694645613 ], [ 3.054951335633285, 50.607700365919229 ], [ 3.057765985844834, 50.607870643920656 ], [ 3.058031368090035, 50.606081965189745 ], [ 3.055216823826188, 50.605911694645613 ] ] ] } },
{ "type": "Feature", "properties": { "idcar_200m": "CRS3035RES200mN3078200E3830400", "population": 217.0, "median_education": 24.283346577832312, "median_healthcare": 59.898686304833966, "median_services": 2.6106317035468392, "median_commerce": 88.255841302049163, "median_entertainment": 17.240418529705231, "PC1_pos": 1.6221530365695285, "nivvie": 21162.115668202765, "rel_education": 1.083890781984201, "rel_sante": 1.0330297484760207, "rel_services": 0.94358554873340494, "rel_commerce": 0.66279967551162366, "rel_loisirs": 0.90012293063473836, "rel_pc1": 0.87473684918678818, "q_revenu": 2, "q_population": 3 }, "geometry": { "type": "Polygon", "coordinates": [ [ [ 3.058031368090035, 50.606081965189745 ], [ 3.057765985844834, 50.607870643920656 ], [ 3.060580654779491, 50.608040853129637 ], [ 3.060845931074288, 50.606252166944373 ], [ 3.058031368090035, 50.606081965189745 ] ] ] } },
{ "type": "Feature", "properties": { "idcar_200m": "CRS3035RES200mN3078200E3831000", "population": 531.0, "median_education": 22.336630732233942, "median_healthcare": 61.734835241294945, "median_services": 3.4291378828642025, "median_commerce": 73.67446279381295, "median_entertainment": 18.527388758639184, "PC1_pos": 1.6764131787035357, "nivvie": 19357.983050847459, "rel_education": 0.99699883101592524, "rel_sante": 1.0646964942931776, "rel_services": 1.239426054042353, "rel_commerce": 0.55329380257234739, "rel_loisirs": 0.96731569698850828, "rel_pc1": 0.90399632390755968, "q_revenu": 2, "q_population": 5 }, "geometry": { "type": "Polygon", "coordinates": [ [ [ 3.066475113174772, 50.606592364082161 ], [ 3.06621004878887, 50.608381065167322 ], [ 3.069024773848976, 50.608551067994497 ], [ 3.06928973227638, 50.606762359463822 ], [ 3.066475113174772, 50.606592364082161 ] ] ] } },
{ "type": "Feature", "properties": { "idcar_200m": "CRS3035RES200mN3078200E3831200", "population": 350.0, "median_education": 22.591761459686651, "median_healthcare": 65.469668574076763, "median_services": 3.5594664970967513, "median_commerce": 72.125168729428566, "median_entertainment": 19.951281171245682, "PC1_pos": 1.7528210814989218, "nivvie": 23237.283714285713, "rel_education": 1.0083866289374586, "rel_sante": 1.1291084902212434, "rel_services": 1.2865319697520285, "rel_commerce": 0.54165863386287172, "rel_loisirs": 1.041657175945971, "rel_pc1": 0.94519885328515185, "q_revenu": 3, "q_population": 4 }, "geometry": { "type": "Polygon", "coordinates": [ [ [ 3.06928973227638, 50.606762359463822 ], [ 3.069024773848976, 50.608551067994497 ], [ 3.071839517602946, 50.608721002026286 ], [ 3.072104370069159, 50.606932286053045 ], [ 3.06928973227638, 50.606762359463822 ] ] ] } },
{ "type": "Feature", "properties": { "idcar_200m": "CRS3035RES200mN3078200E3831400", "population": 265.5, "median_education": 21.857306437769402, "median_healthcare": 65.932365246602302, "median_services": 3.3876754535667515, "median_commerce": 68.672090381111559, "median_entertainment": 19.894579362933193, "PC1_pos": 1.6933660591164954, "nivvie": 24421.677212806026, "rel_education": 0.9756041199250961, "rel_sante": 1.1370882883892239, "rel_services": 1.2244398922458415, "rel_commerce": 0.5157260816939131, "rel_loisirs": 1.0386967723001668, "rel_pc1": 0.91313806877549963, "q_revenu": 3, "q_population": 3 }, "geometry": { "type": "Polygon", "coordinates": [ [ [ 3.072104370069159, 50.606932286053045 ], [ 3.071839517602946, 50.608721002026286 ], [ 3.074654280043464, 50.60889086726197 ], [ 3.074919026545792, 50.607102143849119 ], [ 3.072104370069159, 50.606932286053045 ] ] ] } },
{ "type": "Feature", "properties": { "idcar_200m": "CRS3035RES200mN3078400E3828400", "population": 2.0, "median_education": 11.356723471717141, "median_healthcare": 25.07886642436759, "median_services": 1.4470348138668749, "median_commerce": 38.427696494250171, "median_entertainment": 9.6677639361445031, "PC1_pos": 0.6202044636377444, "nivvie": 25435.3, "rel_education": 0.50690903929093623, "rel_sante": 0.43251724992067808, "rel_services": 0.52301561228413163, "rel_commerce": 0.28859126366355087, "rel_loisirs": 0.50475433597469688, "rel_pc1": 0.33444174880155292, "q_revenu": 4, "q_population": 1 }, "geometry": { "type": "Polygon", "coordinates": [ [ [ 3.029620327475032, 50.60616476836767 ], [ 3.029353860610044, 50.607953370694702 ], [ 3.03216844791796, 50.60812427527955 ], [ 3.032434808849746, 50.606335665467995 ], [ 3.029620327475032, 50.60616476836767 ] ] ] } },
{ "type": "Feature", "properties": { "idcar_200m": "CRS3035RES200mN3078400E3829000", "population": 1.0, "median_education": 18.240783696250478, "median_healthcare": 44.931573041407461, "median_services": 2.0227356966900936, "median_commerce": 70.783807944479307, "median_entertainment": 14.350122876491586, "PC1_pos": 1.1779481689392621, "nivvie": 23318.1, "rel_education": 0.81418009009442238, "rel_sante": 0.7749026641649609, "rel_services": 0.73109668043595943, "rel_commerce": 0.53158504009398266, "rel_loisirs": 0.74922048071515435, "rel_pc1": 0.63520188698245061, "q_revenu": 3, "q_population": 1 }, "geometry": { "type": "Polygon", "coordinates": [ [ [ 3.038063827958508, 50.606677253310401 ], [ 3.037797678901244, 50.608465878082242 ], [ 3.040612322561999, 50.608636576298622 ], [ 3.040878365677937, 50.606847944051061 ], [ 3.038063827958508, 50.606677253310401 ] ] ] } },
{ "type": "Feature", "properties": { "idcar_200m": "CRS3035RES200mN3078400E3829200", "population": 442.5, "median_education": 19.692705857320433, "median_healthcare": 50.650658826106898, "median_services": 2.0955413646431285, "median_commerce": 80.491796268720151, "median_entertainment": 15.522241767839159, "PC1_pos": 1.3809761275618981, "nivvie": 16664.058983050847, "rel_education": 0.87898685144826805, "rel_sante": 0.87353564118242277, "rel_services": 0.75741152831474379, "rel_commerce": 0.60449184621864493, "rel_loisirs": 0.81041685420888743, "rel_pc1": 0.7446835652327124, "q_revenu": 1, "q_population": 5 }, "geometry": { "type": "Polygon", "coordinates": [ [ [ 3.040878365677937, 50.606847944051061 ], [ 3.040612322561999, 50.608636576298622 ], [ 3.043426984992417, 50.608807205723998 ], [ 3.043692922164323, 50.607018566003681 ], [ 3.040878365677937, 50.606847944051061 ] ] ] } },
{ "type": "Feature", "properties": { "idcar_200m": "CRS3035RES200mN3078400E3829400", "population": 929.5, "median_education": 20.829571140398951, "median_healthcare": 55.538477676656193, "median_services": 2.3244890579281936, "median_commerce": 93.144166602317085, "median_entertainment": 16.287810067983234, "PC1_pos": 1.5000767308402561, "nivvie": 14723.969768692847, "rel_education": 0.92973100224878191, "rel_sante": 0.9578323526675927, "rel_services": 0.84016227960077616, "rel_commerce": 0.69951090476300248, "rel_loisirs": 0.8503872053195296, "rel_pc1": 0.80890789185252143, "q_revenu": 1, "q_population": 5 }, "geometry": { "type": "Polygon", "coordinates": [ [ [ 3.043692922164323, 50.607018566003681 ], [ 3.043426984992417, 50.608807205723998 ], [ 3.04624166618519, 50.608977766357718 ], [ 3.046507497410362, 50.607189119167558 ], [ 3.043692922164323, 50.607018566003681 ] ] ] } },
{ "type": "Feature", "properties": { "idcar_200m": "CRS3035RES200mN3078400E3829600", "population": 302.5, "median_education": 20.995085130714784, "median_healthcare": 55.101437835842347, "median_services": 2.3745948540404909, "median_commerce": 94.345596922533147, "median_entertainment": 15.917957655192437, "PC1_pos": 1.5046962637220445, "nivvie": 14446.218842975208, "rel_education": 0.93711874379493776, "rel_sante": 0.95029503950295502, "rel_services": 0.85827249601127631, "rel_commerce": 0.70853362342548432, "rel_loisirs": 0.83107719627711729, "rel_pc1": 0.81139894882842545, "q_revenu": 1, "q_population": 4 }, "geometry": { "type": "Polygon", "coordinates": [ [ [ 3.046507497410362, 50.607189119167558 ], [ 3.04624166618519, 50.608977766357718 ], [ 3.049056366133009, 50.609148258198957 ], [ 3.049322091408739, 50.607359603541951 ], [ 3.046507497410362, 50.607189119167558 ] ] ] } },
{ "type": "Feature", "properties": { "idcar_200m": "CRS3035RES200mN3078400E3830400", "population": 56.5, "median_education": 25.181315241958671, "median_healthcare": 64.324020334764754, "median_services": 2.7246942309869362, "median_commerce": 97.84525125491507, "median_entertainment": 18.658013652366783, "PC1_pos": 1.756582405877964, "nivvie": 19082.058407079647, "rel_education": 1.1239717467078083, "rel_sante": 1.1093503154513409, "rel_services": 0.98481225734889377, "rel_commerce": 0.73481596034148544, "rel_loisirs": 0.97413562783608898, "rel_pc1": 0.94722712618044591, "q_revenu": 1, "q_population": 1 }, "geometry": { "type": "Polygon", "coordinates": [ [ [ 3.057765985844834, 50.607870643920656 ], [ 3.057500578433642, 50.60965932096061 ], [ 3.060315353328548, 50.60982953762467 ], [ 3.060580654779491, 50.608040853129637 ], [ 3.057765985844834, 50.607870643920656 ] ] ] } },
{ "type": "Feature", "properties": { "idcar_200m": "CRS3035RES200mN3078400E3830600", "population": 107.0, "median_education": 24.868267271437755, "median_healthcare": 64.431547402569748, "median_services": 2.8247561504334295, "median_commerce": 96.972191564698747, "median_entertainment": 18.878496296607761, "PC1_pos": 1.7855990856795909, "nivvie": 19014.094392523366, "rel_education": 1.1099988040378621, "rel_sante": 1.1112047577882505, "rel_services": 1.0209785925082964, "rel_commerce": 0.72825929881245166, "rel_loisirs": 0.98564703537798459, "rel_pc1": 0.96287420662928813, "q_revenu": 1, "q_population": 2 }, "geometry": { "type": "Polygon", "coordinates": [ [ [ 3.060580654779491, 50.608040853129637 ], [ 3.060315353328548, 50.60982953762467 ], [ 3.063130146941945, 50.609999685492596 ], [ 3.063395342429937, 50.608210993545427 ], [ 3.060580654779491, 50.608040853129637 ] ] ] } },
{ "type": "Feature", "properties": { "idcar_200m": "CRS3035RES200mN3078400E3831000", "population": 283.0, "median_education": 24.01878264447565, "median_healthcare": 66.092175635042921, "median_services": 3.3353037249930479, "median_commerce": 84.834975245535546, "median_entertainment": 20.001850423920153, "PC1_pos": 1.8075875386404476, "nivvie": 21520.127561837453, "rel_education": 1.0720819315157675, "rel_sante": 1.1398444237163745, "rel_services": 1.2055106782256502, "rel_commerce": 0.63710903703630595, "rel_loisirs": 1.0442973986203175, "rel_pc1": 0.97473135550973367, "q_revenu": 2, "q_population": 3 }, "geometry": { "type": "Polygon", "coordinates": [ [ [ 3.06621004878887, 50.608381065167322 ], [ 3.065944959266524, 50.610169764563672 ], [ 3.068759790294971, 50.610339774837115 ], [ 3.069024773848976, 50.608551067994497 ], [ 3.06621004878887, 50.608381065167322 ] ] ] } },
{ "type": "Feature", "properties": { "idcar_200m": "CRS3035RES200mN3078400E3831200", "population": 507.5, "median_education": 21.913611500355412, "median_healthcare": 62.068865699985849, "median_services": 3.0388302239625764, "median_commerce": 72.960619063785657, "median_entertainment": 19.247179144443969, "PC1_pos": 1.6128209488644387, "nivvie": 14845.102463054187, "rel_education": 0.9781173047581837, "rel_sante": 1.0704572784106907, "rel_services": 1.0983534293595303, "rel_commerce": 0.54793284985071589, "rel_loisirs": 1.004895981388042, "rel_pc1": 0.86970457367920229, "q_revenu": 1, "q_population": 5 }, "geometry": { "type": "Polygon", "coordinates": [ [ [ 3.069024773848976, 50.608551067994497 ], [ 3.068759790294971, 50.610339774837115 ], [ 3.07157464001998, 50.61050971631218 ], [ 3.071839517602946, 50.608721002026286 ], [ 3.069024773848976, 50.608551067994497 ] ] ] } },
{ "type": "Feature", "properties": { "idcar_200m": "CRS3035RES200mN3078400E3831400", "population": 234.5, "median_education": 23.103014551344021, "median_healthcare": 71.513857570802699, "median_services": 3.4781117801291033, "median_commerce": 74.392716946705548, "median_entertainment": 21.602688891074777, "PC1_pos": 1.8265669087692302, "nivvie": 25956.013646055439, "rel_education": 1.0312064866342643, "rel_sante": 1.2333482895259142, "rel_services": 1.25712715744255, "rel_commerce": 0.5586878774851094, "rel_loisirs": 1.1278772380566562, "rel_pc1": 0.98496587349399878, "q_revenu": 4, "q_population": 3 }, "geometry": { "type": "Polygon", "coordinates": [ [ [ 3.071839517602946, 50.608721002026286 ], [ 3.07157464001998, 50.61050971631218 ], [ 3.074389508434233, 50.610679588988184 ], [ 3.074654280043464, 50.60889086726197 ], [ 3.071839517602946, 50.608721002026286 ] ] ] } },
{ "type": "Feature", "properties": { "idcar_200m": "CRS3035RES200mN3078400E3831600", "population": 333.5, "median_education": 23.351787872945785, "median_healthcare": 77.981209283095424, "median_services": 3.7323324974674499, "median_commerce": 74.400820253222804, "median_entertainment": 22.316527562395741, "PC1_pos": 1.8975700606459962, "nivvie": 26980.043478260868, "rel_education": 1.042310520801198, "rel_sante": 1.3448860731536754, "rel_services": 1.349012579175229, "rel_commerce": 0.55874873316163998, "rel_loisirs": 1.1651467832085174, "rel_pc1": 1.0232539215109475, "q_revenu": 4, "q_population": 4 }, "geometry": { "type": "Polygon", "coordinates": [ [ [ 3.074654280043464, 50.60889086726197 ], [ 3.074389508434233, 50.610679588988184 ], [ 3.07720439553042, 50.610849392864381 ], [ 3.077469061163221, 50.609060663700731 ], [ 3.074654280043464, 50.60889086726197 ] ] ] } },
{ "type": "Feature", "properties": { "idcar_200m": "CRS3035RES200mN3078600E3828200", "population": 163.5, "median_education": 12.269154749978618, "median_healthcare": 26.636511329764634, "median_services": 1.5177521989337954, "median_commerce": 42.458561532850879, "median_entertainment": 10.533250539807181, "PC1_pos": 0.69016675044320297, "nivvie": 27124.729051987768, "rel_education": 0.547635544945, "rel_sante": 0.45938083615441166, "rel_services": 0.54857567213581582, "rel_commerce": 0.31886298279511688, "rel_loisirs": 0.54994142564839954, "rel_pc1": 0.37216851621650027, "q_revenu": 4, "q_population": 2 }, "geometry": { "type": "Polygon", "coordinates": [ [ [ 3.026539292101022, 50.607782397321834 ], [ 3.026272694027841, 50.6095709904627 ], [ 3.029087368477192, 50.609741971323785 ], [ 3.029353860610044, 50.607953370694702 ], [ 3.026539292101022, 50.607782397321834 ] ] ] } },
{ "type": "Feature", "properties": { "idcar_200m": "CRS3035RES200mN3078600E3828400", "population": 12.0, "median_education": 12.83454333368036, "median_healthcare": 29.637830008838222, "median_services": 1.5352149222879028, "median_commerce": 45.9933967931577, "median_entertainment": 10.875495209490696, "PC1_pos": 0.75004898443880874, "nivvie": 25435.3, "rel_education": 0.57287174837146049, "rel_sante": 0.51114243012929583, "rel_services": 0.55488739101063012, "rel_commerce": 0.34540952780509582, "rel_loisirs": 0.56781003333555358, "rel_pc1": 0.40445967217201734, "q_revenu": 4, "q_population": 1 }, "geometry": { "type": "Polygon", "coordinates": [ [ [ 3.029353860610044, 50.607953370694702 ], [ 3.029087368477192, 50.609741971323785 ], [ 3.031902061728152, 50.609912883393932 ], [ 3.03216844791796, 50.60812427527955 ], [ 3.029353860610044, 50.607953370694702 ] ] ] } },
{ "type": "Feature", "properties": { "idcar_200m": "CRS3035RES200mN3078600E3829000", "population": 10.0, "median_education": 19.575357766415991, "median_healthcare": 47.639683494780591, "median_services": 2.1247214812367488, "median_commerce": 79.802901518834943, "median_entertainment": 15.601853246899962, "PC1_pos": 1.3166683052179082, "nivvie": 23318.09, "rel_education": 0.87374900197776384, "rel_sante": 0.82160750584138942, "rel_services": 0.76795837653185839, "rel_commerce": 0.59931825985938181, "rel_loisirs": 0.81457337266700414, "rel_pc1": 0.71000593579387339, "q_revenu": 3, "q_population": 1 }, "geometry": { "type": "Polygon", "coordinates": [ [ [ 3.037797678901244, 50.608465878082242 ], [ 3.037531504605649, 50.61025450115833 ], [ 3.040346254217573, 50.610425206851147 ], [ 3.040612322561999, 50.608636576298622 ], [ 3.037797678901244, 50.608465878082242 ] ] ] } },
{ "type": "Feature", "properties": { "idcar_200m": "CRS3035RES200mN3078600E3829200", "population": 938.0, "median_education": 19.455836012080034, "median_healthcare": 48.459802292328447, "median_services": 2.0777957229608819, "median_commerce": 84.657534190551189, "median_entertainment": 15.786430583345741, "PC1_pos": 1.3678653042665916, "nivvie": 15200.925479744135, "rel_education": 0.86841413071707918, "rel_sante": 0.83575150744502635, "rel_services": 0.75099755156665648, "rel_commerce": 0.6357764581165315, "rel_loisirs": 0.82421016267439662, "rel_pc1": 0.73761362793269381, "q_revenu": 1, "q_population": 5 }, "geometry": { "type": "Polygon", "coordinates": [ [ [ 3.040612322561999, 50.608636576298622 ], [ 3.040346254217573, 50.610425206851147 ], [ 3.043161022601867, 50.610595843750026 ], [ 3.043426984992417, 50.608807205723998 ], [ 3.040612322561999, 50.608636576298622 ] ] ] } },
{ "type": "Feature", "properties": { "idcar_200m": "CRS3035RES200mN3078600E3829400", "population": 459.0, "median_education": 22.265660531695882, "median_healthcare": 57.316719253698245, "median_services": 2.4981288239720141, "median_commerce": 107.16360376769646, "median_entertainment": 17.769465196311174, "PC1_pos": 1.6584412364367032, "nivvie": 17018.282788671022, "rel_education": 0.99383106557172585, "rel_sante": 0.98850041172505998, "rel_services": 0.90292255854084946, "rel_commerce": 0.80479660899494776, "rel_loisirs": 0.92774447794041293, "rel_pc1": 0.89430505569928909, "q_revenu": 1, "q_population": 5 }, "geometry": { "type": "Polygon", "coordinates": [ [ [ 3.043426984992417, 50.608807205723998 ], [ 3.043161022601867, 50.610595843750026 ], [ 3.045975809751225, 50.610766411854271 ], [ 3.04624166618519, 50.608977766357718 ], [ 3.043426984992417, 50.608807205723998 ] ] ] } },
{ "type": "Feature", "properties": { "idcar_200m": "CRS3035RES200mN3078600E3829600", "population": 38.0, "median_education": 22.2806368751598, "median_healthcare": 56.798126252672105, "median_services": 2.6249456268194482, "median_commerce": 107.12937297640691, "median_entertainment": 16.945071303127449, "PC1_pos": 1.6641588063287547, "nivvie": 23318.092105263157, "rel_education": 0.99449953688709181, "rel_sante": 0.97955660960751301, "rel_services": 0.94875916672301353, "rel_commerce": 0.80453953640887876, "rel_loisirs": 0.88470284029969348, "rel_pc1": 0.89738822292188047, "q_revenu": 3, "q_population": 1 }, "geometry": { "type": "Polygon", "coordinates": [ [ [ 3.04624166618519, 50.608977766357718 ], [ 3.045975809751225, 50.610766411854271 ], [ 3.04879061565833, 50.61093691116313 ], [ 3.049056366133009, 50.609148258198957 ], [ 3.04624166618519, 50.608977766357718 ] ] ] } },
{ "type": "Feature", "properties": { "idcar_200m": "CRS3035RES200mN3078600E3830000", "population": 182.0, "median_education": 20.352526719308241, "median_healthcare": 50.134352606099391, "median_services": 2.3360164780607939, "median_commerce": 91.20431112043191, "median_entertainment": 15.014232501327125, "PC1_pos": 1.4935571681258588, "nivvie": 20180.195604395605, "rel_education": 0.90843805364468688, "rel_sante": 0.86463127753951063, "rel_services": 0.84432874514875911, "rel_commerce": 0.68494262729870869, "rel_loisirs": 0.78389367039089963, "rel_pc1": 0.80539225453698937, "q_revenu": 2, "q_population": 3 }, "geometry": { "type": "Polygon", "coordinates": [ [ [ 3.051871084828565, 50.60931868124699 ], [ 3.051605440315875, 50.611107341675854 ], [ 3.054420283716551, 50.611277703391679 ], [ 3.054685822264548, 50.609489035501134 ], [ 3.051871084828565, 50.60931868124699 ] ] ] } },
{ "type": "Feature", "properties": { "idcar_200m": "CRS3035RES200mN3078600E3830200", "population": 80.0, "median_education": 24.099367190453336, "median_healthcare": 57.439305469585449, "median_services": 2.3812970907597344, "median_commerce": 95.509977744749222, "median_entertainment": 17.213456749565324, "PC1_pos": 1.6084093303807596, "nivvie": 17304.36125, "rel_education": 1.0756788346969512, "rel_sante": 0.99061456840489293, "rel_services": 0.86069494943658198, "rel_commerce": 0.71727810106856194, "rel_loisirs": 0.89871525503145488, "rel_pc1": 0.86732563336640134, "q_revenu": 1, "q_population": 2 }, "geometry": { "type": "Polygon", "coordinates": [ [ [ 3.054685822264548, 50.609489035501134 ], [ 3.054420283716551, 50.611277703391679 ], [ 3.057235145853043, 50.611447996309906 ], [ 3.057500578433642, 50.60965932096061 ], [ 3.054685822264548, 50.609489035501134 ] ] ] } },
{ "type": "Feature", "properties": { "idcar_200m": "CRS3035RES200mN3078600E3830400", "population": 248.0, "median_education": 26.488782319647395, "median_healthcare": 67.275109065504068, "median_services": 2.7450936640008976, "median_commerce": 107.23156788432003, "median_entertainment": 19.815059001722986, "PC1_pos": 1.841298151362007, "nivvie": 21410.777016129032, "rel_education": 1.1823307339549909, "rel_sante": 1.1602456294776191, "rel_services": 0.99218541924230752, "rel_commerce": 0.80530701820730077, "rel_loisirs": 1.0345450111086194, "rel_pc1": 0.99290961273420175, "q_revenu": 2, "q_population": 3 }, "geometry": { "type": "Polygon", "coordinates": [ [ [ 3.057500578433642, 50.60965932096061 ], [ 3.057235145853043, 50.611447996309906 ], [ 3.060050026718044, 50.611618220429797 ], [ 3.060315353328548, 50.60982953762467 ], [ 3.057500578433642, 50.60965932096061 ] ] ] } },
{ "type": "Feature", "properties": { "idcar_200m": "CRS3035RES200mN3078600E3830600", "population": 354.5, "median_education": 28.079933673430922, "median_healthcare": 73.867596073172507, "median_services": 3.0059156542896908, "median_commerce": 116.96803799363673, "median_entertainment": 21.407935840405219, "PC1_pos": 2.0910982877356945, "nivvie": 21845.919040902678, "rel_education": 1.2533520110092013, "rel_sante": 1.2739415319337228, "rel_services": 1.0864568021011092, "rel_commerce": 0.87842772199162811, "rel_loisirs": 1.1177091736087605, "rel_pc1": 1.1276129232677414, "q_revenu": 2, "q_population": 4 }, "geometry": { "type": "Polygon", "coordinates": [ [ [ 3.060315353328548, 50.60982953762467 ], [ 3.060050026718044, 50.611618220429797 ], [ 3.062864926304234, 50.611788375750571 ], [ 3.063130146941945, 50.609999685492596 ], [ 3.060315353328548, 50.60982953762467 ] ] ] } },
{ "type": "Feature", "properties": { "idcar_200m": "CRS3035RES200mN3078600E3830800", "population": 510.0, "median_education": 27.338218381351375, "median_healthcare": 74.455682957148085, "median_services": 3.2869177470940647, "median_commerce": 109.0291410191506, "median_entertainment": 22.253805680684106, "PC1_pos": 2.0882975152846144, "nivvie": 19984.520196078432, "rel_education": 1.2202454387595743, "rel_sante": 1.2840838452850309, "rel_services": 1.188022072136639, "rel_commerce": 0.81880675797406066, "rel_loisirs": 1.1618720712933788, "rel_pc1": 1.1261026225661948, "q_revenu": 2, "q_population": 5 }, "geometry": { "type": "Polygon", "coordinates": [ [ [ 3.063130146941945, 50.609999685492596 ], [ 3.062864926304234, 50.611788375750571 ], [ 3.065679844604309, 50.611958462271545 ], [ 3.065944959266524, 50.610169764563672 ], [ 3.063130146941945, 50.609999685492596 ] ] ] } },
{ "type": "Feature", "properties": { "idcar_200m": "CRS3035RES200mN3078600E3831000", "population": 484.5, "median_education": 25.848370522088338, "median_healthcare": 71.679545693194669, "median_services": 3.1705123671050419, "median_commerce": 97.241909577685433, "median_entertainment": 22.195919778231115, "PC1_pos": 1.9463956393766133, "nivvie": 19764.600825593396, "rel_education": 1.1537458582327189, "rel_sante": 1.2362057939214026, "rel_services": 1.1459485639496227, "rel_commerce": 0.7302848759170355, "rel_loisirs": 1.158849846045851, "rel_pc1": 1.049582838657299, "q_revenu": 2, "q_population": 5 }, "geometry": { "type": "Polygon", "coordinates": [ [ [ 3.065944959266524, 50.610169764563672 ], [ 3.065679844604309, 50.611958462271545 ], [ 3.068494781610948, 50.612128479991952 ], [ 3.068759790294971, 50.610339774837115 ], [ 3.065944959266524, 50.610169764563672 ] ] ] } },
{ "type": "Feature", "properties": { "idcar_200m": "CRS3035RES200mN3078600E3831200", "population": 208.0, "median_education": 25.151417362189843, "median_healthcare": 70.45899709879761, "median_services": 3.1348704826291502, "median_commerce": 85.88936300752691, "median_entertainment": 22.344192401588323, "PC1_pos": 1.8580946525931323, "nivvie": 24502.654326923075, "rel_education": 1.1226372504027609, "rel_sante": 1.2151558663644604, "rel_services": 1.1330661772554809, "rel_commerce": 0.64502746890666285, "rel_loisirs": 1.1665911655526386, "rel_pc1": 1.0019670310129036, "q_revenu": 3, "q_population": 3 }, "geometry": { "type": "Polygon", "coordinates": [ [ [ 3.068759790294971, 50.610339774837115 ], [ 3.068494781610948, 50.612128479991952 ], [ 3.071309737316847, 50.612298428911053 ], [ 3.07157464001998, 50.61050971631218 ], [ 3.068759790294971, 50.610339774837115 ] ] ] } },
{ "type": "Feature", "properties": { "idcar_200m": "CRS3035RES200mN3078600E3831400", "population": 336.0, "median_education": 25.335794862667235, "median_healthcare": 73.019617119632471, "median_services": 3.2265660231337083, "median_commerce": 84.732820608193322, "median_entertainment": 23.452953964277093, "PC1_pos": 1.9540945608058466, "nivvie": 26325.133333333335, "rel_education": 1.1308669675273011, "rel_sante": 1.2593170461707064, "rel_services": 1.1662085721730975, "rel_commerce": 0.6363418576690989, "rel_loisirs": 1.2244796504210875, "rel_pc1": 1.0537344384887095, "q_revenu": 4, "q_population": 4 }, "geometry": { "type": "Polygon", "coordinates": [ [ [ 3.07157464001998, 50.61050971631218 ], [ 3.071309737316847, 50.612298428911053 ], [ 3.074124711714684, 50.612468309028117 ], [ 3.074389508434233, 50.610679588988184 ], [ 3.07157464001998, 50.61050971631218 ] ] ] } },
{ "type": "Feature", "properties": { "idcar_200m": "CRS3035RES200mN3078600E3831600", "population": 291.5, "median_education": 25.52225730457851, "median_healthcare": 78.537395962636907, "median_services": 3.3938627658621581, "median_commerce": 85.129181950804423, "median_entertainment": 24.86204470014313, "PC1_pos": 2.0034753013848619, "nivvie": 23073.94408233276, "rel_education": 1.1391897463224772, "rel_sante": 1.3544782265232576, "rel_services": 1.2266762316189956, "rel_commerce": 0.63931852375025822, "rel_loisirs": 1.2980483332528079, "rel_pc1": 1.080362723521511, "q_revenu": 3, "q_population": 3 }, "geometry": { "type": "Polygon", "coordinates": [ [ [ 3.074389508434233, 50.610679588988184 ], [ 3.074124711714684, 50.612468309028117 ], [ 3.07693970479715, 50.612638120342403 ], [ 3.07720439553042, 50.610849392864381 ], [ 3.074389508434233, 50.610679588988184 ] ] ] } },
{ "type": "Feature", "properties": { "idcar_200m": "CRS3035RES200mN3078600E3831800", "population": 413.5, "median_education": 22.173777359385944, "median_healthcare": 64.422031669218541, "median_services": 2.6119975622061387, "median_commerce": 70.219523320552483, "median_entertainment": 22.695884412430164, "PC1_pos": 1.6767771779226122, "nivvie": 22817.683675937122, "rel_education": 0.98972984652570184, "rel_sante": 1.111040646749482, "rel_services": 0.94407922407289324, "rel_commerce": 0.52734727339075804, "rel_loisirs": 1.1849530192938538, "rel_pc1": 0.90419260842746829, "q_revenu": 3, "q_population": 4 }, "geometry": { "type": "Polygon", "coordinates": [ [ [ 3.07720439553042, 50.610849392864381 ], [ 3.07693970479715, 50.612638120342403 ], [ 3.07975471655693, 50.612807862853224 ], [ 3.080019301301226, 50.611019127939997 ], [ 3.07720439553042, 50.610849392864381 ] ] ] } },
{ "type": "Feature", "properties": { "idcar_200m": "CRS3035RES200mN3078800E3828000", "population": 185.0, "median_education": 14.479403669161458, "median_healthcare": 30.197391889307376, "median_services": 1.8687047093172107, "median_commerce": 51.926565747431042, "median_entertainment": 12.837236489731866, "PC1_pos": 0.89419521041304617, "nivvie": 27386.545945945945, "rel_education": 0.64629033380263512, "rel_sante": 0.52079279317225236, "rel_services": 0.67542378963917371, "rel_commerce": 0.38996751285890441, "rel_loisirs": 0.6702326228611698, "rel_pc1": 0.48218970915886161, "q_revenu": 4, "q_population": 3 }, "geometry": { "type": "Polygon", "coordinates": [ [ [ 3.023458038387405, 50.609399940811393 ], [ 3.023191309085622, 50.611188524762014 ], [ 3.026006070673517, 50.611359581905226 ], [ 3.026272694027841, 50.6095709904627 ], [ 3.023458038387405, 50.609399940811393 ] ] ] } },
{ "type": "Feature", "properties": { "idcar_200m": "CRS3035RES200mN3078800E3828200", "population": 40.0, "median_education": 13.466173755373724, "median_healthcare": 29.953050952862057, "median_services": 1.687315284456973, "median_commerce": 48.97738357839664, "median_entertainment": 11.789038645422934, "PC1_pos": 0.80933037102817429, "nivvie": 26283.6775, "rel_education": 0.60106466607742459, "rel_sante": 0.51657882001708266, "rel_services": 0.60986247750209643, "rel_commerce": 0.36781921133208773, "rel_loisirs": 0.61550617211528391, "rel_pc1": 0.43642682456244031, "q_revenu": 4, "q_population": 1 }, "geometry": { "type": "Polygon", "coordinates": [ [ [ 3.026272694027841, 50.6095709904627 ], [ 3.026006070673517, 50.611359581905226 ], [ 3.028820851073044, 50.611530570255269 ], [ 3.029087368477192, 50.609741971323785 ], [ 3.026272694027841, 50.6095709904627 ] ] ] } },
{ "type": "Feature", "properties": { "idcar_200m": "CRS3035RES200mN3078800E3828800", "population": 2.0, "median_education": 18.485837369350932, "median_healthcare": 43.818626359057454, "median_services": 2.0272387386959756, "median_commerce": 76.60739804362872, "median_entertainment": 14.978476191995943, "PC1_pos": 1.2110719137863108, "nivvie": 25435.3, "rel_education": 0.82511809719791696, "rel_sante": 0.75570846972997441, "rel_services": 0.73272425791321028, "rel_commerce": 0.57532009004743334, "rel_loisirs": 0.7820268320720728, "rel_pc1": 0.65306367902523399, "q_revenu": 4, "q_population": 1 }, "geometry": { "type": "Polygon", "coordinates": [ [ [ 3.034716773773407, 50.610083726672343 ], [ 3.034450468277739, 50.611872340572894 ], [ 3.037265305068289, 50.612043122539028 ], [ 3.037531504605649, 50.61025450115833 ], [ 3.034716773773407, 50.610083726672343 ] ] ] } },
{ "type": "Feature", "properties": { "idcar_200m": "CRS3035RES200mN3078800E3829000", "population": 44.0, "median_education": 19.009202000788211, "median_healthcare": 45.284698963727443, "median_services": 2.1006206641369234, "median_commerce": 79.595630011330115, "median_entertainment": 15.358373277591676, "PC1_pos": 1.2926735826177542, "nivvie": 29313.304545454543, "rel_education": 0.84847855527206362, "rel_sante": 0.78099277406917655, "rel_services": 0.75924738803923963, "rel_commerce": 0.59776165481329946, "rel_loisirs": 0.80186127387734796, "rel_pc1": 0.6970669173589934, "q_revenu": 5, "q_population": 1 }, "geometry": { "type": "Polygon", "coordinates": [ [ [ 3.037531504605649, 50.61025450115833 ], [ 3.037265305068289, 50.612043122539028 ], [ 3.040080160641228, 50.612213835709014 ], [ 3.040346254217573, 50.610425206851147 ], [ 3.037531504605649, 50.61025450115833 ] ] ] } },
{ "type": "Feature", "properties": { "idcar_200m": "CRS3035RES200mN3078800E3829200", "population": 301.5, "median_education": 20.842136015458202, "median_healthcare": 51.353103702041651, "median_services": 2.328313191654678, "median_commerce": 99.27809255692361, "median_entertainment": 16.530798738151198, "PC1_pos": 1.4712786072737587, "nivvie": 19066.492537313432, "rel_education": 0.93029183731366283, "rel_sante": 0.88565020492781465, "rel_services": 0.84154447277487732, "rel_commerce": 0.74557657103897668, "rel_loisirs": 0.86307365336171449, "rel_pc1": 0.79337866661719947, "q_revenu": 1, "q_population": 3 }, "geometry": { "type": "Polygon", "coordinates": [ [ [ 3.040346254217573, 50.610425206851147 ], [ 3.040080160641228, 50.612213835709014 ], [ 3.042895034989244, 50.612384480082127 ], [ 3.043161022601867, 50.610595843750026 ], [ 3.040346254217573, 50.610425206851147 ] ] ] } },
{ "type": "Feature", "properties": { "idcar_200m": "CRS3035RES200mN3078800E3829400", "population": 321.0, "median_education": 23.687677631398945, "median_healthcare": 59.566721435367612, "median_services": 2.751525585385362, "median_commerce": 119.06075418101715, "median_entertainment": 18.583881030590888, "PC1_pos": 1.8269055966172485, "nivvie": 19571.880062305296, "rel_education": 1.0573030100688277, "rel_sante": 1.027304588096668, "rel_services": 0.99451017001459163, "rel_commerce": 0.8941439804224619, "rel_loisirs": 0.97026516073266089, "rel_pc1": 0.9851485090002392, "q_revenu": 2, "q_population": 4 }, "geometry": { "type": "Polygon", "coordinates": [ [ [ 3.043161022601867, 50.610595843750026 ], [ 3.042895034989244, 50.612384480082127 ], [ 3.045709928105027, 50.612555055657644 ], [ 3.045975809751225, 50.610766411854271 ], [ 3.043161022601867, 50.610595843750026 ] ] ] } },
{ "type": "Feature", "properties": { "idcar_200m": "CRS3035RES200mN3078800E3829600", "population": 110.5, "median_education": 24.86104169338957, "median_healthcare": 62.991996035738921, "median_services": 2.9920311493914076, "median_commerce": 128.48706286723058, "median_entertainment": 19.013521610191461, "PC1_pos": 1.9641329807242016, "nivvie": 14564.530316742083, "rel_education": 1.1096762892882648, "rel_sante": 1.0863778462458591, "rel_services": 1.0814383928955753, "rel_commerce": 0.96493537786789763, "rel_loisirs": 0.99269671231960999, "rel_pc1": 1.059147599646898, "q_revenu": 1, "q_population": 2 }, "geometry": { "type": "Polygon", "coordinates": [ [ [ 3.045975809751225, 50.610766411854271 ], [ 3.045709928105027, 50.612555055657644 ], [ 3.048524839981268, 50.612725562434804 ], [ 3.04879061565833, 50.61093691116313 ], [ 3.045975809751225, 50.610766411854271 ] ] ] } },
{ "type": "Feature", "properties": { "idcar_200m": "CRS3035RES200mN3078800E3830000", "population": 364.0, "median_education": 26.679029862372314, "median_healthcare": 65.114600046349238, "median_services": 2.8208466663645724, "median_commerce": 117.97091095136003, "median_entertainment": 19.894912025720984, "PC1_pos": 1.8950829294496603, "nivvie": 18959.980494505497, "rel_education": 1.1908224612872904, "rel_sante": 1.1229848775926887, "rel_services": 1.0195655503448364, "rel_commerce": 0.88595927866993884, "rel_loisirs": 1.038714140637423, "rel_pc1": 1.0219127500818954, "q_revenu": 1, "q_population": 4 }, "geometry": { "type": "Polygon", "coordinates": [ [ [ 3.051605440315875, 50.611107341675854 ], [ 3.051339770610651, 50.61289600041291 ], [ 3.054154719985869, 50.613066369591188 ], [ 3.054420283716551, 50.611277703391679 ], [ 3.051605440315875, 50.611107341675854 ] ] ] } },
{ "type": "Feature", "properties": { "idcar_200m": "CRS3035RES200mN3078800E3830200", "population": 216.5, "median_education": 27.220211091988812, "median_healthcare": 65.619397555299884, "median_services": 2.7693221823786609, "median_commerce": 114.76759315152194, "median_entertainment": 20.057434400002194, "PC1_pos": 1.9027143917714486, "nivvie": 15930.198614318706, "rel_education": 1.2149781658679628, "rel_sante": 1.13169075873754, "rel_services": 1.0009425640273872, "rel_commerce": 0.86190242342987666, "rel_loisirs": 1.047199440201332, "rel_pc1": 1.0260279729712019, "q_revenu": 1, "q_population": 3 }, "geometry": { "type": "Polygon", "coordinates": [ [ [ 3.054420283716551, 50.611277703391679 ], [ 3.054154719985869, 50.613066369591188 ], [ 3.056969688099604, 50.613236669968899 ], [ 3.057235145853043, 50.611447996309906 ], [ 3.054420283716551, 50.611277703391679 ] ] ] } },
{ "type": "Feature", "properties": { "idcar_200m": "CRS3035RES200mN3078800E3830400", "population": 645.5, "median_education": 28.088927393477306, "median_healthcare": 70.735418777963986, "median_services": 2.9026639869353512, "median_commerce": 115.94140104837018, "median_entertainment": 21.043835882023934, "PC1_pos": 2.0083358463963248, "nivvie": 17272.997986057318, "rel_education": 1.2537534470395599, "rel_sante": 1.2199231131159058, "rel_services": 1.049137565892563, "rel_commerce": 0.87071769822263922, "rel_loisirs": 1.0986995004376909, "rel_pc1": 1.0829837449250457, "q_revenu": 1, "q_population": 5 }, "geometry": { "type": "Polygon", "coordinates": [ [ [ 3.057235145853043, 50.611447996309906 ], [ 3.056969688099604, 50.613236669968899 ], [ 3.059784674944548, 50.613406901545318 ], [ 3.060050026718044, 50.611618220429797 ], [ 3.057235145853043, 50.611447996309906 ] ] ] } },
{ "type": "Feature", "properties": { "idcar_200m": "CRS3035RES200mN3078800E3830600", "population": 172.5, "median_education": 30.277721510894505, "median_healthcare": 79.397362507756654, "median_services": 3.1730109272738982, "median_commerce": 130.31001493551855, "median_entertainment": 23.190824135727819, "PC1_pos": 2.2860712754111914, "nivvie": 19614.388985507248, "rel_education": 1.3514505976331055, "rel_sante": 1.3693094536937798, "rel_services": 1.1468516424132644, "rel_commerce": 0.97862571293817768, "rel_loisirs": 1.2107938417457347, "rel_pc1": 1.2327510039980722, "q_revenu": 2, "q_population": 2 }, "geometry": { "type": "Polygon", "coordinates": [ [ [ 3.060050026718044, 50.611618220429797 ], [ 3.059784674944548, 50.613406901545318 ], [ 3.062599680513386, 50.613577064319692 ], [ 3.062864926304234, 50.611788375750571 ], [ 3.060050026718044, 50.611618220429797 ] ] ] } },
{ "type": "Feature", "properties": { "idcar_200m": "CRS3035RES200mN3078800E3830800", "population": 261.5, "median_education": 29.8178290376182, "median_healthcare": 79.738424558231742, "median_services": 3.2489849833876434, "median_commerce": 127.81461740915734, "median_entertainment": 23.923402543555827, "PC1_pos": 2.2947299416101599, "nivvie": 24118.222944550667, "rel_education": 1.3309232287677637, "rel_sante": 1.3751915066393809, "rel_services": 1.1743116710837944, "rel_commerce": 0.95988532537465987, "rel_loisirs": 1.2490417892788943, "rel_pc1": 1.2374201407677221, "q_revenu": 3, "q_population": 3 }, "geometry": { "type": "Polygon", "coordinates": [ [ [ 3.062864926304234, 50.611788375750571 ], [ 3.062599680513386, 50.613577064319692 ], [ 3.065414704798803, 50.613747158291282 ], [ 3.065679844604309, 50.611958462271545 ], [ 3.062864926304234, 50.611788375750571 ] ] ] } },
{ "type": "Feature", "properties": { "idcar_200m": "CRS3035RES200mN3078800E3831000", "population": 89.0, "median_education": 26.990785238986099, "median_healthcare": 73.729301545558116, "median_services": 3.1759711181691568, "median_commerce": 107.2809688406078, "median_entertainment": 22.929240358852997, "PC1_pos": 2.0525168044776163, "nivvie": 24207.02359550562, "rel_education": 1.2047377088361668, "rel_sante": 1.2715564652504561, "rel_services": 1.1479215724790273, "rel_commerce": 0.80567801844155651, "rel_loisirs": 1.197136542449817, "rel_pc1": 1.1068080766587589, "q_revenu": 3, "q_population": 2 }, "geometry": { "type": "Polygon", "coordinates": [ [ [ 3.065679844604309, 50.611958462271545 ], [ 3.065414704798803, 50.613747158291282 ], [ 3.068229747793488, 50.613917183459378 ], [ 3.068494781610948, 50.612128479991952 ], [ 3.065679844604309, 50.611958462271545 ] ] ] } },
{ "type": "Feature", "properties": { "idcar_200m": "CRS3035RES200mN3078800E3831200", "population": 353.5, "median_education": 26.042663933799449, "median_healthcare": 70.985340933243606, "median_services": 3.0367302585871023, "median_commerce": 95.328668674412512, "median_entertainment": 23.093395510903498, "PC1_pos": 1.8895327406558375, "nivvie": 22254.864214992929, "rel_education": 1.162418173528263, "rel_sante": 1.2242333415555278, "rel_services": 1.0975944188187305, "rel_commerce": 0.71591647342767628, "rel_loisirs": 1.2057070894053854, "rel_pc1": 1.018919842169725, "q_revenu": 2, "q_population": 4 }, "geometry": { "type": "Polygon", "coordinates": [ [ [ 3.068494781610948, 50.612128479991952 ], [ 3.068229747793488, 50.613917183459378 ], [ 3.071044809490124, 50.614087139823226 ], [ 3.071309737316847, 50.612298428911053 ], [ 3.068494781610948, 50.612128479991952 ] ] ] } },
{ "type": "Feature", "properties": { "idcar_200m": "CRS3035RES200mN3078800E3831400", "population": 146.0, "median_education": 26.655109452210841, "median_healthcare": 73.408567027141743, "median_services": 2.8341696600339383, "median_commerce": 90.874193247701982, "median_entertainment": 24.886609377087773, "PC1_pos": 1.9619926983658793, "nivvie": 25555.993150684932, "rel_education": 1.1897547702261675, "rel_sante": 1.266024986693463, "rel_services": 1.0243810071843442, "rel_commerce": 0.68246344840586748, "rel_loisirs": 1.299330856003831, "rel_pc1": 1.0579934644917783, "q_revenu": 4, "q_population": 2 }, "geometry": { "type": "Polygon", "coordinates": [ [ [ 3.071309737316847, 50.612298428911053 ], [ 3.071044809490124, 50.614087139823226 ], [ 3.073859889881401, 50.614257027382067 ], [ 3.074124711714684, 50.612468309028117 ], [ 3.071309737316847, 50.612298428911053 ] ] ] } },
{ "type": "Feature", "properties": { "idcar_200m": "CRS3035RES200mN3078800E3831600", "population": 392.5, "median_education": 28.181875516158406, "median_healthcare": 78.83612237551165, "median_services": 3.119190300804636, "median_commerce": 94.664023619501194, "median_entertainment": 28.244309620999442, "PC1_pos": 2.1274132916297916, "nivvie": 21282.020127388536, "rel_education": 1.2579022003036076, "rel_sante": 1.3596301470442629, "rel_services": 1.1273987393893803, "rel_commerce": 0.71092500181257989, "rel_loisirs": 1.4746365180175025, "rel_pc1": 1.147195583700142, "q_revenu": 2, "q_population": 4 }, "geometry": { "type": "Polygon", "coordinates": [ [ [ 3.074124711714684, 50.612468309028117 ], [ 3.073859889881401, 50.614257027382067 ], [ 3.076674988959995, 50.614426846135224 ], [ 3.07693970479715, 50.612638120342403 ], [ 3.074124711714684, 50.612468309028117 ] ] ] } },
{ "type": "Feature", "properties": { "idcar_200m": "CRS3035RES200mN3078800E3831800", "population": 59.0, "median_education": 21.86699764907592, "median_healthcare": 60.431589646578907, "median_services": 2.3152017818880135, "median_commerce": 74.83873051629314, "median_entertainment": 24.298873706809694, "PC1_pos": 1.6458232671836854, "nivvie": 24946.38305084746, "rel_education": 0.97603668858146841, "rel_sante": 1.0422203507921248, "rel_services": 0.83680549072599686, "rel_commerce": 0.5620374308385776, "rel_loisirs": 1.2686451535043382, "rel_pc1": 0.88750088715372322, "q_revenu": 3, "q_population": 1 }, "geometry": { "type": "Polygon", "coordinates": [ [ [ 3.07693970479715, 50.612638120342403 ], [ 3.076674988959995, 50.614426846135224 ], [ 3.079490106718601, 50.61459659608191 ], [ 3.07975471655693, 50.612807862853224 ], [ 3.07693970479715, 50.612638120342403 ] ] ] } },
{ "type": "Feature", "properties": { "idcar_200m": "CRS3035RES200mN3078800E3833800", "population": 50.0, "median_education": 8.286264868694424, "median_healthcare": 12.363678154697803, "median_services": 0.95634234475075031, "median_commerce": 21.929796468776622, "median_entertainment": 5.7963521565924188, "PC1_pos": 0.36455152456756945, "nivvie": 29249.42, "rel_education": 0.36985866340417523, "rel_sante": 0.21322750334434643, "rel_services": 0.34565994694794655, "rel_commerce": 0.1646923508869618, "rel_loisirs": 0.30262777444719952, "rel_pc1": 0.19658234752058035, "q_revenu": 5, "q_population": 1 }, "geometry": { "type": "Polygon", "coordinates": [ [ [ 3.105090661666943, 50.614332449171229 ], [ 3.104827005939103, 50.616121249190257 ], [ 3.107642310095342, 50.616290311031939 ], [ 3.107905859797469, 50.614501503606526 ], [ 3.105090661666943, 50.614332449171229 ] ] ] } },
{ "type": "Feature", "properties": { "idcar_200m": "CRS3035RES200mN3079000E3828000", "population": 109.5, "median_education": 15.963077737045428, "median_healthcare": 33.506854970617219, "median_services": 2.0081284460410833, "median_commerce": 60.993274221878224, "median_entertainment": 14.333423632010827, "PC1_pos": 1.0206762084022711, "nivvie": 22499.852054794519, "rel_education": 0.71251434623412047, "rel_sante": 0.57786873298631602, "rel_services": 0.72581704233135569, "rel_commerce": 0.45805831961078058, "rel_loisirs": 0.74834861250293505, "rel_pc1": 0.55039387187896327, "q_revenu": 2, "q_population": 2 }, "geometry": { "type": "Polygon", "coordinates": [ [ [ 3.023191309085622, 50.611188524762014 ], [ 3.022924554489407, 50.612977107013897 ], [ 3.025739422034611, 50.613148171649733 ], [ 3.026006070673517, 50.611359581905226 ], [ 3.023191309085622, 50.611188524762014 ] ] ] } },
{ "type": "Feature", "properties": { "idcar_200m": "CRS3035RES200mN3079000E3828200", "population": 2.0, "median_education": 13.092099785667443, "median_healthcare": 28.942048158065901, "median_services": 1.615781015601754, "median_commerce": 50.042910417924809, "median_entertainment": 11.579749660406591, "PC1_pos": 0.79030275762496172, "nivvie": 16684.0, "rel_education": 0.5843678188679462, "rel_sante": 0.49914277880740188, "rel_services": 0.58400716354138338, "rel_commerce": 0.37582129746110859, "rel_loisirs": 0.60457918596248883, "rel_pc1": 0.42616629166532916, "q_revenu": 1, "q_population": 1 }, "geometry": { "type": "Polygon", "coordinates": [ [ [ 3.026006070673517, 50.611359581905226 ], [ 3.025739422034611, 50.613148171649733 ], [ 3.028554308394158, 50.613319167489458 ], [ 3.028820851073044, 50.611530570255269 ], [ 3.026006070673517, 50.611359581905226 ] ] ] } },
{ "type": "Feature", "properties": { "idcar_200m": "CRS3035RES200mN3079000E3828800", "population": 1.0, "median_education": 19.819493756426681, "median_healthcare": 46.197144118910828, "median_services": 2.2631845393110916, "median_commerce": 86.394749246451141, "median_entertainment": 16.445697570388706, "PC1_pos": 1.3797490290960595, "nivvie": 16684.0, "rel_education": 0.88464604816021775, "rel_sante": 0.79672906224685547, "rel_services": 0.81800440196504343, "rel_commerce": 0.6488229098681354, "rel_loisirs": 0.85863051804021229, "rel_pc1": 0.74402185932614784, "q_revenu": 1, "q_population": 1 }, "geometry": { "type": "Polygon", "coordinates": [ [ [ 3.034450468277739, 50.611872340572894 ], [ 3.034184137527026, 50.61366095277765 ], [ 3.036999080285728, 50.613831742224612 ], [ 3.037265305068289, 50.612043122539028 ], [ 3.034450468277739, 50.611872340572894 ] ] ] } },
{ "type": "Feature", "properties": { "idcar_200m": "CRS3035RES200mN3079000E3829000", "population": 125.5, "median_education": 20.157619340340624, "median_healthcare": 47.192050062513474, "median_services": 2.3110582289631862, "median_commerce": 90.952985457910913, "median_entertainment": 16.139410383507485, "PC1_pos": 1.4184063596516281, "nivvie": 28695.600796812749, "rel_education": 0.89973833382943891, "rel_sante": 0.81388749259116488, "rel_services": 0.8353078468205134, "rel_commerce": 0.68305517639337354, "rel_loisirs": 0.84263925194673728, "rel_pc1": 0.76486760616126825, "q_revenu": 4, "q_population": 2 }, "geometry": { "type": "Polygon", "coordinates": [ [ [ 3.037265305068289, 50.612043122539028 ], [ 3.036999080285728, 50.613831742224612 ], [ 3.039814041829526, 50.614002462872492 ], [ 3.040080160641228, 50.612213835709014 ], [ 3.037265305068289, 50.612043122539028 ] ] ] } },
{ "type": "Feature", "properties": { "idcar_200m": "CRS3035RES200mN3079000E3829200", "population": 275.0, "median_education": 21.675513791989204, "median_healthcare": 51.684153339917572, "median_services": 2.4717593059911946, "median_commerce": 103.42389475410832, "median_entertainment": 17.003120617931209, "PC1_pos": 1.574978895308343, "nivvie": 25438.415636363636, "rel_education": 0.96748977817396564, "rel_sante": 0.89135958096333623, "rel_services": 0.89339157182220885, "rel_commerce": 0.77671146602711838, "rel_loisirs": 0.88773359731249279, "rel_pc1": 0.84929846035439571, "q_revenu": 4, "q_population": 3 }, "geometry": { "type": "Polygon", "coordinates": [ [ [ 3.040080160641228, 50.612213835709014 ], [ 3.039814041829526, 50.614002462872492 ], [ 3.042629022151113, 50.614173114720593 ], [ 3.042895034989244, 50.612384480082127 ], [ 3.040080160641228, 50.612213835709014 ] ] ] } },
{ "type": "Feature", "properties": { "idcar_200m": "CRS3035RES200mN3079000E3829400", "population": 359.5, "median_education": 23.716086755923783, "median_healthcare": 58.536152105933255, "median_services": 2.8560585748681899, "median_commerce": 122.23619829736256, "median_entertainment": 18.543506969310464, "PC1_pos": 1.8182754320411338, "nivvie": 20450.24394993046, "rel_education": 1.0585710555623933, "rel_sante": 1.0095310968759306, "rel_services": 1.032292526716952, "rel_commerce": 0.91799150483408598, "rel_loisirs": 0.96815722940264448, "rel_pc1": 0.98049474156949257, "q_revenu": 2, "q_population": 4 }, "geometry": { "type": "Polygon", "coordinates": [ [ [ 3.042895034989244, 50.612384480082127 ], [ 3.042629022151113, 50.614173114720593 ], [ 3.045444021243176, 50.614343697768085 ], [ 3.045709928105027, 50.612555055657644 ], [ 3.042895034989244, 50.612384480082127 ] ] ] } },
{ "type": "Feature", "properties": { "idcar_200m": "CRS3035RES200mN3079000E3829600", "population": 288.5, "median_education": 27.708319973074179, "median_healthcare": 70.580188357480694, "median_services": 3.5080695672184925, "median_commerce": 148.98881941484268, "median_entertainment": 21.607183707205799, "PC1_pos": 2.2591563851485228, "nivvie": 16832.729982668978, "rel_education": 1.2367649782876322, "rel_sante": 1.2172459652163408, "rel_services": 1.2679550865338787, "rel_commerce": 1.1189031763354207, "rel_loisirs": 1.1281119125839334, "rel_pc1": 1.218237301669244, "q_revenu": 1, "q_population": 3 }, "geometry": { "type": "Polygon", "coordinates": [ [ [ 3.045709928105027, 50.612555055657644 ], [ 3.045444021243176, 50.614343697768085 ], [ 3.048259039098394, 50.614514212014328 ], [ 3.048524839981268, 50.612725562434804 ], [ 3.045709928105027, 50.612555055657644 ] ] ] } },
{ "type": "Feature", "properties": { "idcar_200m": "CRS3035RES200mN3079000E3829800", "population": 1002.0, "median_education": 28.323254649764113, "median_healthcare": 72.069477645216324, "median_services": 3.5170637137184722, "median_commerce": 149.49753142081704, "median_entertainment": 21.84965022469143, "PC1_pos": 2.287212132873599, "nivvie": 13488.339321357285, "rel_education": 1.2642126789350836, "rel_sante": 1.2429306710626093, "rel_services": 1.2712059267994902, "rel_commerce": 1.1227235937436546, "rel_loisirs": 1.1407710990140032, "rel_pc1": 1.233366204931363, "q_revenu": 1, "q_population": 5 }, "geometry": { "type": "Polygon", "coordinates": [ [ [ 3.048524839981268, 50.612725562434804 ], [ 3.048259039098394, 50.614514212014328 ], [ 3.051074075709464, 50.614684657458518 ], [ 3.051339770610651, 50.61289600041291 ], [ 3.048524839981268, 50.612725562434804 ] ] ] } },
{ "type": "Feature", "properties": { "idcar_200m": "CRS3035RES200mN3079000E3830000", "population": 231.0, "median_education": 28.353938008219867, "median_healthcare": 70.643627500200864, "median_services": 3.2672021552872157, "median_commerce": 138.88438977867972, "median_entertainment": 21.276891884677113, "PC1_pos": 2.1774785684771274, "nivvie": 21413.62943722944, "rel_education": 1.2655822351980111, "rel_sante": 1.2183400546812455, "rel_services": 1.1808960775015496, "rel_commerce": 1.043019103561607, "rel_loisirs": 1.1108673635176241, "rel_pc1": 1.1741930010435244, "q_revenu": 2, "q_population": 3 }, "geometry": { "type": "Polygon", "coordinates": [ [ [ 3.051339770610651, 50.61289600041291 ], [ 3.051074075709464, 50.614684657458518 ], [ 3.053889131069075, 50.614855034099925 ], [ 3.054154719985869, 50.613066369591188 ], [ 3.051339770610651, 50.61289600041291 ] ] ] } },
{ "type": "Feature", "properties": { "idcar_200m": "CRS3035RES200mN3079000E3830200", "population": 298.0, "median_education": 28.896741458302376, "median_healthcare": 68.811461647851502, "median_services": 2.9650619246841186, "median_commerce": 123.96945195852467, "median_entertainment": 21.067231709694823, "PC1_pos": 2.0736469148321377, "nivvie": 17266.808724832215, "rel_education": 1.2898103478301775, "rel_sante": 1.1867420022634236, "rel_services": 1.0716906484474524, "rel_commerce": 0.93100820658718464, "rel_loisirs": 1.0999209975220838, "rel_pc1": 1.1182023691439926, "q_revenu": 1, "q_population": 3 }, "geometry": { "type": "Polygon", "coordinates": [ [ [ 3.054154719985869, 50.613066369591188 ], [ 3.053889131069075, 50.614855034099925 ], [ 3.056704205169903, 50.615025341937873 ], [ 3.056969688099604, 50.613236669968899 ], [ 3.054154719985869, 50.613066369591188 ] ] ] } },
{ "type": "Feature", "properties": { "idcar_200m": "CRS3035RES200mN3079000E3830400", "population": 49.0, "median_education": 29.367697801745791, "median_healthcare": 72.451437526663398, "median_services": 2.9625753979541445, "median_commerce": 122.99740776195461, "median_entertainment": 21.816057566185197, "PC1_pos": 2.1221809368597326, "nivvie": 16538.920408163263, "rel_education": 1.3108315541840534, "rel_sante": 1.2495180596115192, "rel_services": 1.0707919193445479, "rel_commerce": 0.92370817331386701, "rel_loisirs": 1.1390172249899855, "rel_pc1": 1.1443740659874431, "q_revenu": 1, "q_population": 1 }, "geometry": { "type": "Polygon", "coordinates": [ [ [ 3.056969688099604, 50.613236669968899 ], [ 3.056704205169903, 50.615025341937873 ], [ 3.059519298004641, 50.615195580971545 ], [ 3.059784674944548, 50.613406901545318 ], [ 3.056969688099604, 50.613236669968899 ] ] ] } },
{ "type": "Feature", "properties": { "idcar_200m": "CRS3035RES200mN3079000E3830600", "population": 95.0, "median_education": 25.43619836417356, "median_healthcare": 62.961260456830175, "median_services": 2.5605759140606521, "median_commerce": 107.4946672291272, "median_entertainment": 19.053281159391577, "PC1_pos": 1.9153081127666884, "nivvie": 16159.314736842105, "rel_education": 1.1353484927327679, "rel_sante": 1.0858477717265653, "rel_services": 0.92549340669535418, "rel_commerce": 0.80728288924079661, "rel_loisirs": 0.99477255994970448, "rel_pc1": 1.0328190657809224, "q_revenu": 1, "q_population": 2 }, "geometry": { "type": "Polygon", "coordinates": [ [ [ 3.059784674944548, 50.613406901545318 ], [ 3.059519298004641, 50.615195580971545 ], [ 3.062334409565975, 50.615365751200237 ], [ 3.062599680513386, 50.613577064319692 ], [ 3.059784674944548, 50.613406901545318 ] ] ] } },
{ "type": "Feature", "properties": { "idcar_200m": "CRS3035RES200mN3079000E3831200", "population": 2.0, "median_education": 23.493587286277446, "median_healthcare": 66.662694785493017, "median_services": 2.3738780259578296, "median_commerce": 87.436068355007308, "median_entertainment": 21.356975187093632, "PC1_pos": 1.7381547316226147, "nivvie": 32714.05, "rel_education": 1.0486397586806779, "rel_sante": 1.1496837589480497, "rel_services": 0.85801340599149056, "rel_commerce": 0.65664319640183888, "rel_loisirs": 1.1150485158917305, "rel_pc1": 0.93729010707523652, "q_revenu": 5, "q_population": 1 }, "geometry": { "type": "Polygon", "coordinates": [ [ [ 3.068229747793488, 50.613917183459378 ], [ 3.067964688839167, 50.615705885239713 ], [ 3.070779856536395, 50.615875849049019 ], [ 3.071044809490124, 50.614087139823226 ], [ 3.068229747793488, 50.613917183459378 ] ] ] } },
{ "type": "Feature", "properties": { "idcar_200m": "CRS3035RES200mN3079000E3831400", "population": 18.0, "median_education": 27.764931084099786, "median_healthcare": 76.907686839344194, "median_services": 2.7758864020813334, "median_commerce": 100.58660082837608, "median_entertainment": 25.844466646883703, "PC1_pos": 2.0753201655742508, "nivvie": 32714.072222222225, "rel_education": 1.239291823638287, "rel_sante": 1.3263718003295952, "rel_services": 1.0033151326443002, "rel_commerce": 0.75540344306158613, "rel_loisirs": 1.3493406217953603, "rel_pc1": 1.1191046601418573, "q_revenu": 5, "q_population": 1 }, "geometry": { "type": "Polygon", "coordinates": [ [ [ 3.071044809490124, 50.614087139823226 ], [ 3.070779856536395, 50.615875849049019 ], [ 3.073595042930958, 50.616045744050396 ], [ 3.073859889881401, 50.614257027382067 ], [ 3.071044809490124, 50.614087139823226 ] ] ] } },
{ "type": "Feature", "properties": { "idcar_200m": "CRS3035RES200mN3079000E3831600", "population": 2.0, "median_education": 30.82281436716454, "median_healthcare": 83.88768669137427, "median_services": 3.1076957623044157, "median_commerce": 108.68813337290742, "median_entertainment": 30.210270685653711, "PC1_pos": 2.136724487019722, "nivvie": 32714.05, "rel_education": 1.3757808982505615, "rel_sante": 1.4467508593094476, "rel_services": 1.1232441585638153, "rel_commerce": 0.81624579709099077, "rel_loisirs": 1.5772794226535682, "rel_pc1": 1.1522165931449564, "q_revenu": 5, "q_population": 1 }, "geometry": { "type": "Polygon", "coordinates": [ [ [ 3.073859889881401, 50.614257027382067 ], [ 3.073595042930958, 50.616045744050396 ], [ 3.07641024801554, 50.616215570243121 ], [ 3.076674988959995, 50.614426846135224 ], [ 3.073859889881401, 50.614257027382067 ] ] ] } },
{ "type": "Feature", "properties": { "idcar_200m": "CRS3035RES200mN3079000E3831800", "population": 20.0, "median_education": 17.98844113907154, "median_healthcare": 49.678546573470747, "median_services": 1.9017334562511496, "median_commerce": 61.842423840420814, "median_entertainment": 20.218140592470846, "PC1_pos": 1.0707050761702968, "nivvie": 35631.22, "rel_education": 0.80291674256726331, "rel_sante": 0.85677031730335562, "rel_services": 0.6873616850754759, "rel_commerce": 0.46443541696011809, "rel_loisirs": 1.0555899168412577, "rel_pc1": 0.57737165583227734, "q_revenu": 5, "q_population": 1 }, "geometry": { "type": "Polygon", "coordinates": [ [ [ 3.076674988959995, 50.614426846135224 ], [ 3.07641024801554, 50.616215570243121 ], [ 3.079225471782825, 50.616385327626432 ], [ 3.079490106718601, 50.61459659608191 ], [ 3.076674988959995, 50.614426846135224 ] ] ] } },
{ "type": "Feature", "properties": { "idcar_200m": "CRS3035RES200mN3079000E3832000", "population": 11.0, "median_education": 15.664505678253656, "median_healthcare": 43.136670555062047, "median_services": 1.5982798631001558, "median_commerce": 52.477334366971796, "median_entertainment": 19.382118498051316, "PC1_pos": 1.0878419940561614, "nivvie": 26915.327272727271, "rel_education": 0.69918753803471567, "rel_sante": 0.74394726633583108, "rel_services": 0.57768155485278461, "rel_commerce": 0.39410377462841428, "rel_loisirs": 1.0119411703559156, "rel_pc1": 0.586612641866465, "q_revenu": 4, "q_population": 1 }, "geometry": { "type": "Polygon", "coordinates": [ [ [ 3.079490106718601, 50.61459659608191 ], [ 3.079225471782825, 50.616385327626432 ], [ 3.082040714225493, 50.616555016199584 ], [ 3.082305243149896, 50.61476627722142 ], [ 3.079490106718601, 50.61459659608191 ] ] ] } },
{ "type": "Feature", "properties": { "idcar_200m": "CRS3035RES200mN3079000E3832600", "population": 20.0, "median_education": 9.3778317548570911, "median_healthcare": 21.611385322865118, "median_services": 1.0616048618041747, "median_commerce": 42.840438102965656, "median_entertainment": 7.9905742011233443, "PC1_pos": 0.49774259319244241, "nivvie": 15818.115, "rel_education": 0.41858091352891597, "rel_sante": 0.37271608647109877, "rel_services": 0.38370598376730014, "rel_commerce": 0.32173086851263355, "rel_loisirs": 0.41718819383513261, "rel_pc1": 0.26840487787513173, "q_revenu": 1, "q_population": 1 }, "geometry": { "type": "Polygon", "coordinates": [ [ [ 3.087935572001293, 50.615105433075875 ], [ 3.087671255107709, 50.616894186912553 ], [ 3.090486553532625, 50.617063669050893 ], [ 3.090750764406763, 50.615274907789392 ], [ 3.087935572001293, 50.615105433075875 ] ] ] } },
{ "type": "Feature", "properties": { "idcar_200m": "CRS3035RES200mN3079000E3833600", "population": 2.0, "median_education": 10.297321087729484, "median_healthcare": 15.986263399595686, "median_services": 1.1964887399295849, "median_commerce": 29.6241698971224, "median_entertainment": 7.2470184060261289, "PC1_pos": 0.427112227023553, "nivvie": 21751.05, "rel_education": 0.45962245649906758, "rel_sante": 0.2757036368829846, "rel_services": 0.43245835200956817, "rel_commerce": 0.22247694776275442, "rel_loisirs": 0.37836711648018562, "rel_pc1": 0.23031785244247593, "q_revenu": 2, "q_population": 1 }, "geometry": { "type": "Polygon", "coordinates": [ [ [ 3.102011720389699, 50.615952118534743 ], [ 3.101747933620233, 50.617740909466036 ], [ 3.104563325202526, 50.617910047531588 ], [ 3.104827005939103, 50.616121249190257 ], [ 3.102011720389699, 50.615952118534743 ] ] ] } },
{ "type": "Feature", "properties": { "idcar_200m": "CRS3035RES200mN3079000E3833800", "population": 15.0, "median_education": 9.0538108133174209, "median_healthcare": 13.46992935430141, "median_services": 1.0457848149051387, "median_commerce": 23.941775223230454, "median_entertainment": 6.373918586867517, "PC1_pos": 0.3874857876406077, "nivvie": 21751.046666666669, "rel_education": 0.40411819066742638, "rel_sante": 0.23230622558312755, "rel_services": 0.37798799313157233, "rel_commerce": 0.1798022727449875, "rel_loisirs": 0.33278254052551204, "rel_pc1": 0.20894951915400134, "q_revenu": 2, "q_population": 1 }, "geometry": { "type": "Polygon", "coordinates": [ [ [ 3.104827005939103, 50.616121249190257 ], [ 3.104563325202526, 50.617910047531588 ], [ 3.10737873539433, 50.618079116780429 ], [ 3.107642310095342, 50.616290311031939 ], [ 3.104827005939103, 50.616121249190257 ] ] ] } },
{ "type": "Feature", "properties": { "idcar_200m": "CRS3035RES200mN3079000E3834000", "population": 180.0, "median_education": 14.505343780549092, "median_healthcare": 18.028263463915469, "median_services": 1.7176511553360982, "median_commerce": 25.660792414822314, "median_entertainment": 10.481758906133486, "PC1_pos": 0.60289979577046293, "nivvie": 25649.288333333334, "rel_education": 0.64744817452803027, "rel_sante": 0.31092054968966903, "rel_services": 0.62082706102833485, "rel_commerce": 0.19271205888465612, "rel_loisirs": 0.5472530454257456, "rel_pc1": 0.32511030453877182, "q_revenu": 4, "q_population": 2 }, "geometry": { "type": "Polygon", "coordinates": [ [ [ 3.107642310095342, 50.616290311031939 ], [ 3.10737873539433, 50.618079116780429 ], [ 3.11019416418833, 50.618248117211742 ], [ 3.110457632851086, 50.616459304059127 ], [ 3.107642310095342, 50.616290311031939 ] ] ] } },
{ "type": "Feature", "properties": { "idcar_200m": "CRS3035RES200mN3079000E3834200", "population": 233.0, "median_education": 14.059491926713903, "median_healthcare": 17.307419637652572, "median_services": 1.6590308709438848, "median_commerce": 23.520259295246397, "median_entertainment": 10.481549114058819, "PC1_pos": 0.57125113713489206, "nivvie": 26648.642489270387, "rel_education": 0.62754751079728732, "rel_sante": 0.29848867242369376, "rel_services": 0.59963937180354465, "rel_commerce": 0.17663669621011935, "rel_loisirs": 0.54724209217326225, "rel_pc1": 0.30804394439163479, "q_revenu": 4, "q_population": 3 }, "geometry": { "type": "Polygon", "coordinates": [ [ [ 3.110457632851086, 50.616459304059127 ], [ 3.11019416418833, 50.618248117211742 ], [ 3.113009611577206, 50.618417048824895 ], [ 3.113272974199032, 50.616628228271026 ], [ 3.110457632851086, 50.616459304059127 ] ] ] } },
{ "type": "Feature", "properties": { "idcar_200m": "CRS3035RES200mN3079000E3834600", "population": 37.0, "median_education": 16.142289635340155, "median_healthcare": 20.799283170121999, "median_services": 2.1042626820195616, "median_commerce": 27.126605047613118, "median_entertainment": 13.819436725268957, "PC1_pos": 0.77786771170128866, "nivvie": 22848.762162162162, "rel_education": 0.72051349593784664, "rel_sante": 0.35871034219958614, "rel_services": 0.7605637573446522, "rel_commerce": 0.20372028364396194, "rel_loisirs": 0.72151333585305399, "rel_pc1": 0.41946076349039818, "q_revenu": 3, "q_population": 1 }, "geometry": { "type": "Polygon", "coordinates": [ [ [ 3.116088334131839, 50.616797083666924 ], [ 3.11582507755363, 50.618585911619043 ], [ 3.118640562110286, 50.618754705593524 ], [ 3.118903712642204, 50.616965870246105 ], [ 3.116088334131839, 50.616797083666924 ] ] ] } },
{ "type": "Feature", "properties": { "idcar_200m": "CRS3035RES200mN3079000E3834800", "population": 10.0, "median_education": 16.57905678416698, "median_healthcare": 21.311847022632765, "median_services": 2.0301078560739159, "median_commerce": 26.582605259714388, "median_entertainment": 14.39157490155303, "PC1_pos": 0.78931526519447437, "nivvie": 19832.71, "rel_education": 0.74000866251093667, "rel_sante": 0.3675501639102397, "rel_services": 0.73376127040783612, "rel_commerce": 0.19963485567026362, "rel_loisirs": 0.75138469257664497, "rel_pc1": 0.42563379195798523, "q_revenu": 2, "q_population": 1 }, "geometry": { "type": "Polygon", "coordinates": [ [ [ 3.118903712642204, 50.616965870246105 ], [ 3.118640562110286, 50.618754705593524 ], [ 3.121456065239849, 50.618923430747607 ], [ 3.121719109722792, 50.617134588007801 ], [ 3.118903712642204, 50.616965870246105 ] ] ] } },
{ "type": "Feature", "properties": { "idcar_200m": "CRS3035RES200mN3079000E3835200", "population": 88.0, "median_education": 18.731244581228683, "median_healthcare": 23.775592040595388, "median_services": 2.1454468099259993, "median_commerce": 28.010377163882982, "median_entertainment": 17.87257426649148, "PC1_pos": 0.93946838109805797, "nivvie": 23741.875, "rel_education": 0.83607188455725723, "rel_sante": 0.41004060991538988, "rel_services": 0.7754493300115689, "rel_commerce": 0.21035739528720324, "rel_loisirs": 0.93312780655658345, "rel_pc1": 0.50660301036097999, "q_revenu": 3, "q_population": 2 }, "geometry": { "type": "Polygon", "coordinates": [ [ [ 3.124534525366288, 50.61730323695128 ], [ 3.124271586934998, 50.619092087080539 ], [ 3.127087127188408, 50.61926067459158 ], [ 3.127349959565367, 50.617471817075888 ], [ 3.124534525366288, 50.61730323695128 ] ] ] } },
{ "type": "Feature", "properties": { "idcar_200m": "CRS3035RES200mN3079200E3828000", "population": 136.0, "median_education": 17.064751572116304, "median_healthcare": 36.936524938600428, "median_services": 2.328635480819198, "median_commerce": 72.988153457342179, "median_entertainment": 14.986614563686089, "PC1_pos": 1.1796166567157917, "nivvie": 19005.986764705885, "rel_education": 0.7616877215248461, "rel_sante": 0.63701779489313004, "rel_services": 0.84166096082554387, "rel_commerce": 0.54813963261824072, "rel_loisirs": 0.78245173677863233, "rel_pc1": 0.63610160957806627, "q_revenu": 1, "q_population": 2 }, "geometry": { "type": "Polygon", "coordinates": [ [ [ 3.022924554489407, 50.612977107013897 ], [ 3.022657774595323, 50.614765687567342 ], [ 3.025472748107681, 50.614936759696562 ], [ 3.025739422034611, 50.613148171649733 ], [ 3.022924554489407, 50.612977107013897 ] ] ] } },
{ "type": "Feature", "properties": { "idcar_200m": "CRS3035RES200mN3079200E3828200", "population": 207.0, "median_education": 16.390335100901048, "median_healthcare": 34.517300086214753, "median_services": 2.0818576347220326, "median_commerce": 72.841872623044111, "median_entertainment": 14.371906593381924, "PC1_pos": 1.1150063316721037, "nivvie": 24125.44347826087, "rel_education": 0.73158504214226727, "rel_sante": 0.59529515630221952, "rel_services": 0.75246568712666084, "rel_commerce": 0.5470410663581956, "rel_loisirs": 0.75035780943218433, "rel_pc1": 0.6012608572695356, "q_revenu": 3, "q_population": 3 }, "geometry": { "type": "Polygon", "coordinates": [ [ [ 3.025739422034611, 50.613148171649733 ], [ 3.025472748107681, 50.614936759696562 ], [ 3.028287740437092, 50.615107763026721 ], [ 3.028554308394158, 50.613319167489458 ], [ 3.025739422034611, 50.613148171649733 ] ] ] } },
{ "type": "Feature", "properties": { "idcar_200m": "CRS3035RES200mN3079200E3828400", "population": 145.5, "median_education": 15.954058370906061, "median_healthcare": 33.616654699261119, "median_services": 1.9841294507752936, "median_commerce": 75.016856042363841, "median_entertainment": 14.014942823637732, "PC1_pos": 1.082154500731435, "nivvie": 24671.956013745705, "rel_education": 0.71211176548659194, "rel_sante": 0.57976237027723254, "rel_services": 0.71714285627663388, "rel_commerce": 0.56337515012308303, "rel_loisirs": 0.73172071695099261, "rel_pc1": 0.58354569326267414, "q_revenu": 3, "q_population": 2 }, "geometry": { "type": "Polygon", "coordinates": [ [ [ 3.028554308394158, 50.613319167489458 ], [ 3.028287740437092, 50.615107763026721 ], [ 3.031102751576243, 50.615278697557073 ], [ 3.031369213560732, 50.613490094532359 ], [ 3.028554308394158, 50.613319167489458 ] ] ] } },
{ "type": "Feature", "properties": { "idcar_200m": "CRS3035RES200mN3079200E3828600", "population": 25.0, "median_education": 13.988590300894833, "median_healthcare": 29.405634831085258, "median_services": 1.7370029239506222, "median_commerce": 68.465802052511577, "median_entertainment": 12.302926281450485, "PC1_pos": 0.9573695589505502, "nivvie": 16683.976, "rel_education": 0.6243828061958574, "rel_sante": 0.5071379261765584, "rel_services": 0.62782155557242891, "rel_commerce": 0.51417686030254972, "rel_loisirs": 0.64233626583725956, "rel_pc1": 0.51625611925909987, "q_revenu": 1, "q_population": 1 }, "geometry": { "type": "Polygon", "coordinates": [ [ [ 3.031369213560732, 50.613490094532359 ], [ 3.031102751576243, 50.615278697557073 ], [ 3.03391778151783, 50.615449563286901 ], [ 3.034184137527026, 50.61366095277765 ], [ 3.031369213560732, 50.613490094532359 ] ] ] } },
{ "type": "Feature", "properties": { "idcar_200m": "CRS3035RES200mN3079200E3828800", "population": 10.0, "median_education": 18.966879236139491, "median_healthcare": 43.594287405506982, "median_services": 2.2173773930061875, "median_commerce": 85.584776890567923, "median_entertainment": 16.014166867228749, "PC1_pos": 1.2708807338823871, "nivvie": 16683.98, "rel_education": 0.84658947238458748, "rel_sante": 0.75183945645011352, "rel_services": 0.80144788760750263, "rel_commerce": 0.6427400330099855, "rel_loisirs": 0.83610028302776507, "rel_pc1": 0.68531524695069879, "q_revenu": 1, "q_population": 1 }, "geometry": { "type": "Polygon", "coordinates": [ [ [ 3.034184137527026, 50.61366095277765 ], [ 3.03391778151783, 50.615449563286901 ], [ 3.03673283025453, 50.615620360215416 ], [ 3.036999080285728, 50.613831742224612 ], [ 3.034184137527026, 50.61366095277765 ] ] ] } },
{ "type": "Feature", "properties": { "idcar_200m": "CRS3035RES200mN3079200E3829000", "population": 30.0, "median_education": 20.351953080338923, "median_healthcare": 46.724455621947868, "median_services": 2.3369984699877886, "median_commerce": 92.966548624376813, "median_entertainment": 16.116116907230825, "PC1_pos": 1.3667596307593004, "nivvie": 24330.206666666665, "rel_education": 0.90841244918407271, "rel_sante": 0.80582322612515245, "rel_services": 0.84468367586917681, "rel_commerce": 0.6981769971552223, "rel_loisirs": 0.8414230986326694, "rel_pc1": 0.73701739974818015, "q_revenu": 3, "q_population": 1 }, "geometry": { "type": "Polygon", "coordinates": [ [ [ 3.036999080285728, 50.613831742224612 ], [ 3.03673283025453, 50.615620360215416 ], [ 3.039547897779041, 50.615791088341943 ], [ 3.039814041829526, 50.614002462872492 ], [ 3.036999080285728, 50.613831742224612 ] ] ] } },
{ "type": "Feature", "properties": { "idcar_200m": "CRS3035RES200mN3079200E3829400", "population": 92.0, "median_education": 23.465895408788352, "median_healthcare": 57.174754589734256, "median_services": 2.8799462730221723, "median_commerce": 125.13006290445139, "median_entertainment": 18.232447904211934, "PC1_pos": 1.7663162790960794, "nivvie": 22335.639130434782, "rel_education": 1.0474037276151054, "rel_sante": 0.9860520488284038, "rel_services": 1.0409264855936409, "rel_commerce": 0.93972437253163199, "rel_loisirs": 0.95191682335945216, "rel_pc1": 0.95247606225321257, "q_revenu": 2, "q_population": 2 }, "geometry": { "type": "Polygon", "coordinates": [ [ [ 3.042629022151113, 50.614173114720593 ], [ 3.042362984084041, 50.615961747665693 ], [ 3.045178089162229, 50.616132338185963 ], [ 3.045444021243176, 50.614343697768085 ], [ 3.042629022151113, 50.614173114720593 ] ] ] } },
{ "type": "Feature", "properties": { "idcar_200m": "CRS3035RES200mN3079200E3829600", "population": 63.0, "median_education": 27.482302937914596, "median_healthcare": 68.80071216667902, "median_services": 3.5409301680921814, "median_commerce": 159.76509496849104, "median_entertainment": 21.34720524773067, "PC1_pos": 2.3121245225389671, "nivvie": 19996.707936507937, "rel_education": 1.226676674346671, "rel_sante": 1.1865566136594843, "rel_services": 1.279832207333792, "rel_commerce": 1.199832799064156, "rel_loisirs": 1.1145384269726966, "rel_pc1": 1.2468000701403334, "q_revenu": 2, "q_population": 1 }, "geometry": { "type": "Polygon", "coordinates": [ [ [ 3.045444021243176, 50.614343697768085 ], [ 3.045178089162229, 50.616132338185963 ], [ 3.047993213006279, 50.616302859901964 ], [ 3.048259039098394, 50.614514212014328 ], [ 3.045444021243176, 50.614343697768085 ] ] ] } },
{ "type": "Feature", "properties": { "idcar_200m": "CRS3035RES200mN3079200E3829800", "population": 26.5, "median_education": 30.546464207912024, "median_healthcare": 76.829289937714847, "median_services": 3.9049377418657949, "median_commerce": 173.1575759531778, "median_entertainment": 23.56868828173841, "PC1_pos": 2.5915290912736531, "nivvie": 20043.037735849055, "rel_education": 1.3634459678383297, "rel_sante": 1.3250197451082284, "rel_services": 1.4113989410770635, "rel_commerce": 1.3004100744035489, "rel_loisirs": 1.2305221436951805, "rel_pc1": 1.3974674033657071, "q_revenu": 2, "q_population": 1 }, "geometry": { "type": "Polygon", "coordinates": [ [ [ 3.048259039098394, 50.614514212014328 ], [ 3.047993213006279, 50.616302859901964 ], [ 3.050808355608888, 50.616473312812985 ], [ 3.051074075709464, 50.614684657458518 ], [ 3.048259039098394, 50.614514212014328 ] ] ] } },
{ "type": "Feature", "properties": { "idcar_200m": "CRS3035RES200mN3079200E3830000", "population": 8.0, "median_education": 29.146318976735213, "median_healthcare": 71.301079947065062, "median_services": 3.3752091628863039, "median_commerce": 144.63853896645313, "median_entertainment": 21.561713112144577, "PC1_pos": 2.2559686345798191, "nivvie": 14237.925, "rel_education": 1.3009502774421358, "rel_sante": 1.2296786662221177, "rel_services": 1.2199340817493249, "rel_commerce": 1.0862326536024376, "rel_loisirs": 1.12573789102444, "rel_pc1": 1.2165183252067284, "q_revenu": 1, "q_population": 1 }, "geometry": { "type": "Polygon", "coordinates": [ [ [ 3.051074075709464, 50.614684657458518 ], [ 3.050808355608888, 50.616473312812985 ], [ 3.053623516962737, 50.616643696918331 ], [ 3.053889131069075, 50.614855034099925 ], [ 3.051074075709464, 50.614684657458518 ] ] ] } },
{ "type": "Feature", "properties": { "idcar_200m": "CRS3035RES200mN3079200E3831000", "population": 15.0, "median_education": 32.247551173270409, "median_healthcare": 86.648257815960619, "median_services": 2.989856159684944, "median_commerce": 156.20645815082969, "median_entertainment": 25.941026545868148, "PC1_pos": 2.1759736394156843, "nivvie": 32714.07333333333, "rel_education": 1.4393742372469864, "rel_sante": 1.4943604526145258, "rel_services": 1.0806522655943267, "rel_commerce": 1.1731075048149369, "rel_loisirs": 1.3543820179253856, "rel_pc1": 1.1733814765598416, "q_revenu": 5, "q_population": 1 }, "geometry": { "type": "Polygon", "coordinates": [ [ [ 3.065149539846589, 50.615535852623218 ], [ 3.064884349744241, 50.617324545267628 ], [ 3.067699604744564, 50.617494585333269 ], [ 3.067964688839167, 50.615705885239713 ], [ 3.065149539846589, 50.615535852623218 ] ] ] } },
{ "type": "Feature", "properties": { "idcar_200m": "CRS3035RES200mN3079200E3831400", "population": 110.0, "median_education": 31.785155324584178, "median_healthcare": 91.379625507650744, "median_services": 3.0512629837882637, "median_commerce": 128.40612298644729, "median_entertainment": 28.345894157804477, "PC1_pos": 2.4403229425616173, "nivvie": 19334.868181818183, "rel_education": 1.4187351298483262, "rel_sante": 1.5759589629995487, "rel_services": 1.1028471204789836, "rel_commerce": 0.96432752091556839, "rel_loisirs": 1.4799402506860901, "rel_pc1": 1.3159303429772831, "q_revenu": 2, "q_population": 2 }, "geometry": { "type": "Polygon", "coordinates": [ [ [ 3.070779856536395, 50.615875849049019 ], [ 3.07051487845224, 50.617664556588764 ], [ 3.073330170859946, 50.617834459033411 ], [ 3.073595042930958, 50.616045744050396 ], [ 3.070779856536395, 50.615875849049019 ] ] ] } },
{ "type": "Feature", "properties": { "idcar_200m": "CRS3035RES200mN3079200E3831600", "population": 116.0, "median_education": 32.481491111153929, "median_healthcare": 91.943604888310972, "median_services": 3.1841699903788174, "median_commerce": 130.48447772631877, "median_entertainment": 29.988862181730962, "PC1_pos": 2.5251132619527663, "nivvie": 14447.580172413793, "rel_education": 1.4498161811280401, "rel_sante": 1.5856855115048718, "rel_services": 1.1508849691628402, "rel_commerce": 0.97993592515104966, "rel_loisirs": 1.5657196759412124, "rel_pc1": 1.3616530430886149, "q_revenu": 1, "q_population": 2 }, "geometry": { "type": "Polygon", "coordinates": [ [ [ 3.073595042930958, 50.616045744050396 ], [ 3.073330170859946, 50.617834459033411 ], [ 3.076145481960366, 50.61800429266642 ], [ 3.07641024801554, 50.616215570243121 ], [ 3.073595042930958, 50.616045744050396 ] ] ] } },
{ "type": "Feature", "properties": { "idcar_200m": "CRS3035RES200mN3079200E3831800", "population": 139.0, "median_education": 28.712942782740967, "median_healthcare": 80.762319397622235, "median_services": 2.7599145178370281, "median_commerce": 123.1765658041285, "median_entertainment": 24.435609309711808, "PC1_pos": 2.1740377940541329, "nivvie": 14848.636690647481, "rel_education": 1.281606466641751, "rel_sante": 1.3928498877100206, "rel_services": 0.99754226198679075, "rel_commerce": 0.92505364677450463, "rel_loisirs": 1.2757841247186561, "rel_pc1": 1.1723375828988234, "q_revenu": 1, "q_population": 2 }, "geometry": { "type": "Polygon", "coordinates": [ [ [ 3.07641024801554, 50.616215570243121 ], [ 3.076145481960366, 50.61800429266642 ], [ 3.078960811746184, 50.618174057487067 ], [ 3.079225471782825, 50.616385327626432 ], [ 3.07641024801554, 50.616215570243121 ] ] ] } },
{ "type": "Feature", "properties": { "idcar_200m": "CRS3035RES200mN3079200E3832400", "population": 29.0, "median_education": 12.235950614490916, "median_healthcare": 29.279031011350984, "median_services": 1.3212443508448672, "median_commerce": 60.173810717418547, "median_entertainment": 10.382187960441913, "PC1_pos": 0.77442288424934724, "nivvie": 17279.589655172414, "rel_education": 0.54615347342477016, "rel_sante": 0.50495448076023297, "rel_services": 0.47754996390684773, "rel_commerce": 0.45190416440885312, "rel_loisirs": 0.54205444242851875, "rel_pc1": 0.41760315977276385, "q_revenu": 1, "q_population": 1 }, "geometry": { "type": "Polygon", "coordinates": [ [ [ 3.084855975336225, 50.616724635961873 ], [ 3.084591527344732, 50.618513380688363 ], [ 3.087406913142834, 50.618682939067547 ], [ 3.087671255107709, 50.616894186912553 ], [ 3.084855975336225, 50.616724635961873 ] ] ] } },
{ "type": "Feature", "properties": { "idcar_200m": "CRS3035RES200mN3079200E3832600", "population": 60.0, "median_education": 8.3116471281890139, "median_healthcare": 19.423573230449996, "median_services": 0.90885678395304814, "median_commerce": 38.818878340779342, "median_entertainment": 7.0321922553971214, "PC1_pos": 0.43798098755197823, "nivvie": 19297.211666666666, "rel_education": 0.3709916043274511, "rel_sante": 0.33498445803373195, "rel_services": 0.32849678721103759, "rel_commerce": 0.2915290318284729, "rel_loisirs": 0.36715103469261268, "rel_pc1": 0.23617877007778496, "q_revenu": 2, "q_population": 1 }, "geometry": { "type": "Polygon", "coordinates": [ [ [ 3.087671255107709, 50.616894186912553 ], [ 3.087406913142834, 50.618682939067547 ], [ 3.090222317597051, 50.618852428631421 ], [ 3.090486553532625, 50.617063669050893 ], [ 3.087671255107709, 50.616894186912553 ] ] ] } },
{ "type": "Feature", "properties": { "idcar_200m": "CRS3035RES200mN3079200E3832800", "population": 244.0, "median_education": 7.1472093142997704, "median_healthcare": 14.597274215546525, "median_services": 0.82626213964946249, "median_commerce": 27.581390189608584, "median_entertainment": 5.7528158718778029, "PC1_pos": 0.26466685873453644, "nivvie": 13542.7631147541, "rel_education": 0.31901674951808356, "rel_sante": 0.25174873509879603, "rel_services": 0.29864381612294594, "rel_commerce": 0.2071357113379825, "rel_loisirs": 0.30035474330710582, "rel_pc1": 0.14272010647232794, "q_revenu": 1, "q_population": 3 }, "geometry": { "type": "Polygon", "coordinates": [ [ [ 3.090486553532625, 50.617063669050893 ], [ 3.090222317597051, 50.618852428631421 ], [ 3.093037740700075, 50.619021849379237 ], [ 3.093301870603657, 50.617233082376117 ], [ 3.090486553532625, 50.617063669050893 ] ] ] } },
{ "type": "Feature", "properties": { "idcar_200m": "CRS3035RES200mN3079200E3833400", "population": 89.5, "median_education": 12.447624901398505, "median_healthcare": 21.860562004483864, "median_services": 1.4132193052512698, "median_commerce": 43.099828211322681, "median_entertainment": 9.1294249773884371, "PC1_pos": 0.61893057566408594, "nivvie": 26907.640223463684, "rel_education": 0.55560158666677517, "rel_sante": 0.377013458260335, "rel_services": 0.51079335005947368, "rel_commerce": 0.32367888325152849, "rel_loisirs": 0.4766476377297878, "rel_pc1": 0.33375481191756357, "q_revenu": 4, "q_population": 2 }, "geometry": { "type": "Polygon", "coordinates": [ [ [ 3.098932560654779, 50.617571702584414 ], [ 3.098668642823254, 50.619360484423879 ], [ 3.101484121828765, 50.619529698719212 ], [ 3.101747933620233, 50.617740909466036 ], [ 3.098932560654779, 50.617571702584414 ] ] ] } },
{ "type": "Feature", "properties": { "idcar_200m": "CRS3035RES200mN3079200E3833600", "population": 457.0, "median_education": 12.543781400690158, "median_healthcare": 19.556696392963691, "median_services": 1.4559449293736981, "median_commerce": 37.288014417492441, "median_entertainment": 8.9017924237487698, "PC1_pos": 0.56996508056449713, "nivvie": 17164.403282275711, "rel_education": 0.55989354629746446, "rel_sante": 0.33728033788638834, "rel_services": 0.52623608042537162, "rel_commerce": 0.28003227312516599, "rel_loisirs": 0.46476293313651074, "rel_pc1": 0.30735044566068753, "q_revenu": 1, "q_population": 5 }, "geometry": { "type": "Polygon", "coordinates": [ [ [ 3.101747933620233, 50.617740909466036 ], [ 3.101484121828765, 50.619529698719212 ], [ 3.104299619453798, 50.61969884419559 ], [ 3.104563325202526, 50.617910047531588 ], [ 3.101747933620233, 50.617740909466036 ] ] ] } },
{ "type": "Feature", "properties": { "idcar_200m": "CRS3035RES200mN3079200E3833800", "population": 291.5, "median_education": 10.659540587820549, "median_healthcare": 15.939952240362345, "median_services": 1.216277440389478, "median_commerce": 29.148069329286589, "median_entertainment": 7.5276818822685874, "PC1_pos": 0.43160683999180627, "nivvie": 16107.217152658661, "rel_education": 0.4757901776961958, "rel_sante": 0.27490494148370687, "rel_services": 0.43961077100333151, "rel_commerce": 0.21890144162948336, "rel_loisirs": 0.39302056763174614, "rel_pc1": 0.23274154706162134, "q_revenu": 1, "q_population": 3 }, "geometry": { "type": "Polygon", "coordinates": [ [ [ 3.104563325202526, 50.617910047531588 ], [ 3.104299619453798, 50.61969884419559 ], [ 3.107115135691033, 50.619867920852279 ], [ 3.10737873539433, 50.618079116780429 ], [ 3.104563325202526, 50.617910047531588 ] ] ] } },
{ "type": "Feature", "properties": { "idcar_200m": "CRS3035RES200mN3079200E3834000", "population": 14.0, "median_education": 12.46490993890286, "median_healthcare": 16.089962230634157, "median_services": 1.4254970047500704, "median_commerce": 24.093082789953865, "median_entertainment": 9.5665806482753357, "PC1_pos": 0.50669116596066077, "nivvie": 19832.714285714286, "rel_education": 0.55637310688361075, "rel_sante": 0.27749205636183188, "rel_services": 0.51523099624411928, "rel_commerce": 0.18093858966913878, "rel_loisirs": 0.49947155252885844, "rel_pc1": 0.27323034512237965, "q_revenu": 2, "q_population": 1 }, "geometry": { "type": "Polygon", "coordinates": [ [ [ 3.10737873539433, 50.618079116780429 ], [ 3.107115135691033, 50.619867920852279 ], [ 3.109930670533144, 50.620036928688492 ], [ 3.11019416418833, 50.618248117211742 ], [ 3.10737873539433, 50.618079116780429 ] ] ] } },
{ "type": "Feature", "properties": { "idcar_200m": "CRS3035RES200mN3079200E3834800", "population": 47.5, "median_education": 18.485954164290924, "median_healthcare": 24.139506006531004, "median_services": 2.0805897005985994, "median_commerce": 30.659712771316844, "median_entertainment": 16.017806066528316, "PC1_pos": 0.89698585082561677, "nivvie": 21412.89894736842, "rel_education": 0.82512331035741426, "rel_sante": 0.41631677348238688, "rel_services": 0.75200740558737211, "rel_commerce": 0.23025385488718422, "rel_loisirs": 0.83629028576656428, "rel_pc1": 0.48369454621595431, "q_revenu": 2, "q_population": 1 }, "geometry": { "type": "Polygon", "coordinates": [ [ [ 3.118640562110286, 50.618754705593524 ], [ 3.118377386615528, 50.62054353926721 ], [ 3.121192995803928, 50.620712271814376 ], [ 3.121456065239849, 50.618923430747607 ], [ 3.118640562110286, 50.618754705593524 ] ] ] } },
{ "type": "Feature", "properties": { "idcar_200m": "CRS3035RES200mN3079200E3835200", "population": 216.0, "median_education": 21.899149920441808, "median_healthcare": 26.398697147272433, "median_services": 2.0968706664402186, "median_commerce": 31.025791084328993, "median_entertainment": 19.404784413213992, "PC1_pos": 1.0378743255881073, "nivvie": 18690.847685185185, "rel_education": 0.97747180999035832, "rel_sante": 0.45527942525077847, "rel_services": 0.7578919905583974, "rel_commerce": 0.23300309599685637, "rel_loisirs": 1.013124558679499, "rel_pc1": 0.55966785928948382, "q_revenu": 1, "q_population": 3 }, "geometry": { "type": "Polygon", "coordinates": [ [ [ 3.124271586934998, 50.619092087080539 ], [ 3.12400862356059, 50.620880935537436 ], [ 3.126824269878195, 50.621049530435656 ], [ 3.127087127188408, 50.61926067459158 ], [ 3.124271586934998, 50.619092087080539 ] ] ] } },
{ "type": "Feature", "properties": { "idcar_200m": "CRS3035RES200mN3079400E3828000", "population": 427.5, "median_education": 16.706620176478367, "median_healthcare": 36.839394235015519, "median_services": 2.415651896919325, "median_commerce": 75.970731387053746, "median_entertainment": 14.076996418907232, "PC1_pos": 1.1546718800693181, "nivvie": 25071.627602339184, "rel_education": 0.74570247347730345, "rel_sante": 0.63534265120495337, "rel_services": 0.87311213512297559, "rel_commerce": 0.57053873566724267, "rel_loisirs": 0.73496053760465974, "rel_pc1": 0.6226502798727328, "q_revenu": 3, "q_population": 4 }, "geometry": { "type": "Polygon", "coordinates": [ [ [ 3.022657774595323, 50.614765687567342 ], [ 3.022390969399928, 50.616554266422725 ], [ 3.025206048889285, 50.616725346046046 ], [ 3.025472748107681, 50.614936759696562 ], [ 3.022657774595323, 50.614765687567342 ] ] ] } },
{ "type": "Feature", "properties": { "idcar_200m": "CRS3035RES200mN3079400E3828200", "population": 379.0, "median_education": 18.134223094939816, "median_healthcare": 37.593323357742989, "median_services": 2.3127542227309013, "median_commerce": 83.491152417858714, "median_entertainment": 15.42772993732312, "PC1_pos": 1.2663310358193358, "nivvie": 21206.325593667549, "rel_education": 0.80942374182450316, "rel_sante": 0.64834512688624479, "rel_services": 0.83592084604510086, "rel_commerce": 0.62701695337375263, "rel_loisirs": 0.80548238781428272, "rel_pc1": 0.68286184800577499, "q_revenu": 2, "q_population": 4 }, "geometry": { "type": "Polygon", "coordinates": [ [ [ 3.025472748107681, 50.614936759696562 ], [ 3.025206048889285, 50.616725346046046 ], [ 3.028021147198408, 50.616896356867343 ], [ 3.028287740437092, 50.615107763026721 ], [ 3.025472748107681, 50.614936759696562 ] ] ] } },
{ "type": "Feature", "properties": { "idcar_200m": "CRS3035RES200mN3079400E3828400", "population": 376.0, "median_education": 18.196862330015925, "median_healthcare": 38.225509990355192, "median_services": 2.2210296247061754, "median_commerce": 90.37813256138125, "median_entertainment": 15.453640392422749, "PC1_pos": 1.298447257005324, "nivvie": 22777.484042553191, "rel_education": 0.81221965338767765, "rel_sante": 0.65924799702188885, "rel_services": 0.80276794859046419, "rel_commerce": 0.67873804216559153, "rel_loisirs": 0.8068351736957956, "rel_pc1": 0.70018033861343543, "q_revenu": 3, "q_population": 4 }, "geometry": { "type": "Polygon", "coordinates": [ [ [ 3.028287740437092, 50.615107763026721 ], [ 3.028021147198408, 50.616896356867343 ], [ 3.030836264319987, 50.617067298885921 ], [ 3.031102751576243, 50.615278697557073 ], [ 3.028287740437092, 50.615107763026721 ] ] ] } },
{ "type": "Feature", "properties": { "idcar_200m": "CRS3035RES200mN3079400E3828600", "population": 215.0, "median_education": 15.136030369023013, "median_healthcare": 31.728569202154016, "median_services": 1.8274262256553675, "median_commerce": 75.417394446724884, "median_entertainment": 13.024571744866689, "PC1_pos": 1.0432014198780712, "nivvie": 19895.5888372093, "rel_education": 0.67559896409803066, "rel_sante": 0.54719991179105432, "rel_services": 0.66050411307046231, "rel_commerce": 0.56638318585787217, "rel_loisirs": 0.68001340391196752, "rel_pc1": 0.56254046475239283, "q_revenu": 2, "q_population": 3 }, "geometry": { "type": "Polygon", "coordinates": [ [ [ 3.031102751576243, 50.615278697557073 ], [ 3.030836264319987, 50.617067298885921 ], [ 3.033651400246708, 50.617238172100983 ], [ 3.03391778151783, 50.615449563286901 ], [ 3.031102751576243, 50.615278697557073 ] ] ] } },
{ "type": "Feature", "properties": { "idcar_200m": "CRS3035RES200mN3079400E3828800", "population": 18.0, "median_education": 21.480421736674767, "median_healthcare": 47.828903506250946, "median_services": 2.563143853823302, "median_commerce": 105.76230225073876, "median_entertainment": 17.656024747652054, "PC1_pos": 1.4212515129533616, "nivvie": 16683.977777777778, "rel_education": 0.95878181530254225, "rel_sante": 0.8248708478763227, "rel_services": 0.92642156168817158, "rel_commerce": 0.79427286147828402, "rel_loisirs": 0.92182174764685132, "rel_pc1": 0.76640183898548742, "q_revenu": 1, "q_population": 1 }, "geometry": { "type": "Polygon", "coordinates": [ [ [ 3.03391778151783, 50.615449563286901 ], [ 3.033651400246708, 50.617238172100983 ], [ 3.036466554971258, 50.617408976511825 ], [ 3.03673283025453, 50.615620360215416 ], [ 3.03391778151783, 50.615449563286901 ] ] ] } },
{ "type": "Feature", "properties": { "idcar_200m": "CRS3035RES200mN3079400E3829400", "population": 284.0, "median_education": 11.346130546212613, "median_healthcare": 25.588558820298132, "median_services": 1.3302454638588599, "median_commerce": 55.389758063881033, "median_entertainment": 9.2462297756817513, "PC1_pos": 0.8303583055869872, "nivvie": 11961.09014084507, "rel_education": 0.50643622248737896, "rel_sante": 0.44130754967597968, "rel_services": 0.48080332214615068, "rel_commerce": 0.41597602073456508, "rel_loisirs": 0.48274602085029172, "rel_pc1": 0.4477660193278003, "q_revenu": 1, "q_population": 3 }, "geometry": { "type": "Polygon", "coordinates": [ [ [ 3.042362984084041, 50.615961747665693 ], [ 3.042096920784598, 50.617750378917819 ], [ 3.04491213185876, 50.61792097691157 ], [ 3.045178089162229, 50.616132338185963 ], [ 3.042362984084041, 50.615961747665693 ] ] ] } },
{ "type": "Feature", "properties": { "idcar_200m": "CRS3035RES200mN3079400E3829600", "population": 178.0, "median_education": 30.725713890671017, "median_healthcare": 74.476122801235277, "median_services": 4.2360421662697414, "median_commerce": 188.8383531842961, "median_entertainment": 23.89094318981584, "PC1_pos": 2.6881315168780167, "nivvie": 12730.806741573035, "rel_education": 1.3714468040572314, "rel_sante": 1.2844363566387662, "rel_services": 1.5310731753111726, "rel_commerce": 1.4181724106662021, "rel_loisirs": 1.2473470851413697, "rel_pc1": 1.4495597149367925, "q_revenu": 1, "q_population": 2 }, "geometry": { "type": "Polygon", "coordinates": [ [ [ 3.045178089162229, 50.616132338185963 ], [ 3.04491213185876, 50.61792097691157 ], [ 3.047727361701495, 50.618091506098075 ], [ 3.047993213006279, 50.616302859901964 ], [ 3.045178089162229, 50.616132338185963 ] ] ] } },
{ "type": "Feature", "properties": { "idcar_200m": "CRS3035RES200mN3079400E3829800", "population": 162.0, "median_education": 35.942780066564644, "median_healthcare": 88.436473509611631, "median_services": 4.7071946749073863, "median_commerce": 229.63414168348984, "median_entertainment": 27.877715111150597, "PC1_pos": 3.1707123175847167, "nivvie": 13166.843827160495, "rel_education": 1.6043113278545706, "rel_sante": 1.5252005281185539, "rel_services": 1.7013663261205993, "rel_commerce": 1.7245479998690285, "rel_loisirs": 1.4554966042160371, "rel_pc1": 1.7097886819773649, "q_revenu": 1, "q_population": 2 }, "geometry": { "type": "Polygon", "coordinates": [ [ [ 3.047993213006279, 50.616302859901964 ], [ 3.047727361701495, 50.618091506098075 ], [ 3.050542610305488, 50.618261966476688 ], [ 3.050808355608888, 50.616473312812985 ], [ 3.047993213006279, 50.616302859901964 ] ] ] } },
{ "type": "Feature", "properties": { "idcar_200m": "CRS3035RES200mN3079400E3830200", "population": 6.0, "median_education": 35.462627087274832, "median_healthcare": 87.681062244192134, "median_services": 4.0956508928827944, "median_commerce": 227.71613641116105, "median_entertainment": 28.153586468136094, "PC1_pos": 2.9192676178005974, "nivvie": 14237.933333333334, "rel_education": 1.5828796282934579, "rel_sante": 1.5121724909836347, "rel_services": 1.4803302166026628, "rel_commerce": 1.7101438170594359, "rel_loisirs": 1.4698998586324026, "rel_pc1": 1.5741985499272986, "q_revenu": 1, "q_population": 1 }, "geometry": { "type": "Polygon", "coordinates": [ [ [ 3.053623516962737, 50.616643696918331 ], [ 3.053357877663433, 50.618432358046604 ], [ 3.056173163768003, 50.618602680807143 ], [ 3.056438697060511, 50.616814012217183 ], [ 3.053623516962737, 50.616643696918331 ] ] ] } },
{ "type": "Feature", "properties": { "idcar_200m": "CRS3035RES200mN3079400E3830400", "population": 226.5, "median_education": 36.029771363418746, "median_healthcare": 90.03553553858589, "median_services": 3.9010336294663039, "median_commerce": 221.42120581260838, "median_entertainment": 28.912619301358404, "PC1_pos": 3.0370790237674488, "nivvie": 15760.584988962473, "rel_education": 1.6081941973128968, "rel_sante": 1.5527784058232863, "rel_services": 1.4099878404473631, "rel_commerce": 1.6628690089953488, "rel_loisirs": 1.5095289927575901, "rel_pc1": 1.6377276841892816, "q_revenu": 1, "q_population": 3 }, "geometry": { "type": "Polygon", "coordinates": [ [ [ 3.056438697060511, 50.616814012217183 ], [ 3.056173163768003, 50.618602680807143 ], [ 3.058988468611889, 50.618772934757523 ], [ 3.059253895894897, 50.616984258708833 ], [ 3.056438697060511, 50.616814012217183 ] ] ] } },
{ "type": "Feature", "properties": { "idcar_200m": "CRS3035RES200mN3079400E3830600", "population": 311.0, "median_education": 39.128427242275812, "median_healthcare": 98.13857352119085, "median_services": 3.8904352679716729, "median_commerce": 221.92705914947595, "median_entertainment": 30.73837628234439, "PC1_pos": 3.2110465932200798, "nivvie": 18984.480064308682, "rel_education": 1.7465031627954517, "rel_sante": 1.6925256992190432, "rel_services": 1.4061571734356204, "rel_commerce": 1.6666679578534174, "rel_loisirs": 1.6048518366618927, "rel_pc1": 1.7315387119610472, "q_revenu": 1, "q_population": 4 }, "geometry": { "type": "Polygon", "coordinates": [ [ [ 3.059253895894897, 50.616984258708833 ], [ 3.058988468611889, 50.618772934757523 ], [ 3.06180379218777, 50.618943119897011 ], [ 3.062069113458577, 50.617154436392553 ], [ 3.059253895894897, 50.616984258708833 ] ] ] } },
{ "type": "Feature", "properties": { "idcar_200m": "CRS3035RES200mN3079400E3830800", "population": 505.0, "median_education": 39.141416408487217, "median_healthcare": 99.61991572691521, "median_services": 3.7339638097865642, "median_commerce": 204.50511148851632, "median_entertainment": 30.421888885831379, "PC1_pos": 3.1111669858538402, "nivvie": 16194.7500990099, "rel_education": 1.7470829361589408, "rel_sante": 1.7180733474328715, "rel_services": 1.3496021999661263, "rel_commerce": 1.535829465056721, "rel_loisirs": 1.5883280172216971, "rel_pc1": 1.6776791986623998, "q_revenu": 1, "q_population": 5 }, "geometry": { "type": "Polygon", "coordinates": [ [ [ 3.062069113458577, 50.617154436392553 ], [ 3.06180379218777, 50.618943119897011 ], [ 3.064619134488337, 50.619113236224891 ], [ 3.064884349744241, 50.617324545267628 ], [ 3.062069113458577, 50.617154436392553 ] ] ] } },
{ "type": "Feature", "properties": { "idcar_200m": "CRS3035RES200mN3079400E3831000", "population": 240.0, "median_education": 37.051203686382365, "median_healthcare": 98.792501739107436, "median_services": 3.4356138260218256, "median_commerce": 183.75609952519568, "median_entertainment": 29.314586458493967, "PC1_pos": 2.9284401812539631, "nivvie": 16139.000833333334, "rel_education": 1.6537859807902056, "rel_sante": 1.7038035309070019, "rel_services": 1.2417667160245278, "rel_commerce": 1.3800047831593607, "rel_loisirs": 1.5305157138674264, "rel_pc1": 1.5791448028844985, "q_revenu": 1, "q_population": 3 }, "geometry": { "type": "Polygon", "coordinates": [ [ [ 3.064884349744241, 50.617324545267628 ], [ 3.064619134488337, 50.619113236224891 ], [ 3.067434495506262, 50.619283283740437 ], [ 3.067699604744564, 50.617494585333269 ], [ 3.064884349744241, 50.617324545267628 ] ] ] } },
{ "type": "Feature", "properties": { "idcar_200m": "CRS3035RES200mN3079400E3831200", "population": 217.5, "median_education": 35.712090559739238, "median_healthcare": 98.90742902254776, "median_services": 3.3223893657863304, "median_commerce": 171.08990378664117, "median_entertainment": 28.845666541336783, "PC1_pos": 2.8333046159588613, "nivvie": 15108.016091954023, "rel_education": 1.594014467446673, "rel_sante": 1.705785599463584, "rel_services": 1.2008429180425286, "rel_commerce": 1.2848818960889306, "rel_loisirs": 1.5060333865192084, "rel_pc1": 1.5278434874378197, "q_revenu": 1, "q_population": 3 }, "geometry": { "type": "Polygon", "coordinates": [ [ [ 3.067699604744564, 50.617494585333269 ], [ 3.067434495506262, 50.619283283740437 ], [ 3.070249875234238, 50.619453262442853 ], [ 3.07051487845224, 50.617664556588764 ], [ 3.067699604744564, 50.617494585333269 ] ] ] } },
{ "type": "Feature", "properties": { "idcar_200m": "CRS3035RES200mN3079400E3831400", "population": 497.5, "median_education": 35.261616082290246, "median_healthcare": 102.64643005252962, "median_services": 3.3477832950216193, "median_commerce": 160.40800728978832, "median_entertainment": 29.274606937667734, "PC1_pos": 2.7995492120322649, "nivvie": 15402.60582914573, "rel_education": 1.5739074722242008, "rel_sante": 1.7702694726807171, "rel_services": 1.2100212884037798, "rel_commerce": 1.2046610582666251, "rel_loisirs": 1.5284283815100663, "rel_pc1": 1.5096410768093989, "q_revenu": 1, "q_population": 5 }, "geometry": { "type": "Polygon", "coordinates": [ [ [ 3.07051487845224, 50.617664556588764 ], [ 3.070249875234238, 50.619453262442853 ], [ 3.073065273664942, 50.61962317233143 ], [ 3.073330170859946, 50.617834459033411 ], [ 3.07051487845224, 50.617664556588764 ] ] ] } },
{ "type": "Feature", "properties": { "idcar_200m": "CRS3035RES200mN3079400E3831600", "population": 382.5, "median_education": 33.568041060338523, "median_healthcare": 96.662650240651061, "median_services": 3.2040108116295798, "median_commerce": 153.07394240176333, "median_entertainment": 28.300485539478061, "PC1_pos": 2.6722873729208625, "nivvie": 19886.172810457516, "rel_education": 1.4983144995254589, "rel_sante": 1.667071507327311, "rel_services": 1.1580562266718128, "rel_commerce": 1.1495823716182514, "rel_loisirs": 1.4775694649343625, "rel_pc1": 1.4410158499310268, "q_revenu": 2, "q_population": 4 }, "geometry": { "type": "Polygon", "coordinates": [ [ [ 3.073330170859946, 50.617834459033411 ], [ 3.073065273664942, 50.61962317233143 ], [ 3.075880690791058, 50.619793013405442 ], [ 3.076145481960366, 50.61800429266642 ], [ 3.073330170859946, 50.617834459033411 ] ] ] } },
{ "type": "Feature", "properties": { "idcar_200m": "CRS3035RES200mN3079400E3831800", "population": 545.0, "median_education": 29.391685009453504, "median_healthcare": 83.459431507039497, "median_services": 2.84096823940998, "median_commerce": 130.02514617560047, "median_entertainment": 24.039991076601378, "PC1_pos": 2.2736069947005508, "nivvie": 13719.855596330275, "rel_education": 1.311902226763576, "rel_sante": 1.4393650488242984, "rel_services": 1.0268382826561904, "rel_commerce": 0.97648635401471651, "rel_loisirs": 1.2551288811822925, "rel_pc1": 1.226029711129637, "q_revenu": 1, "q_population": 5 }, "geometry": { "type": "Polygon", "coordinates": [ [ [ 3.076145481960366, 50.61800429266642 ], [ 3.075880690791058, 50.619793013405442 ], [ 3.078696126605263, 50.619962785664164 ], [ 3.078960811746184, 50.618174057487067 ], [ 3.076145481960366, 50.61800429266642 ] ] ] } },
{ "type": "Feature", "properties": { "idcar_200m": "CRS3035RES200mN3079400E3832000", "population": 92.0, "median_education": 27.239118441746605, "median_healthcare": 77.243071051426199, "median_services": 2.6971521145805353, "median_commerce": 119.49542980626754, "median_entertainment": 22.076628110436349, "PC1_pos": 2.0713579653149941, "nivvie": 12166.220652173914, "rel_education": 1.2158220982332377, "rel_sante": 1.3321559316624043, "rel_services": 0.97485744718271639, "rel_commerce": 0.89740838603140916, "rel_loisirs": 1.1526216233707043, "rel_pc1": 1.1169680660644212, "q_revenu": 1, "q_population": 2 }, "geometry": { "type": "Polygon", "coordinates": [ [ [ 3.078960811746184, 50.618174057487067 ], [ 3.078696126605263, 50.619962785664164 ], [ 3.081511581100246, 50.620132489106851 ], [ 3.081776160210079, 50.618343753494628 ], [ 3.078960811746184, 50.618174057487067 ] ] ] } },
{ "type": "Feature", "properties": { "idcar_200m": "CRS3035RES200mN3079400E3832400", "population": 353.0, "median_education": 14.564547045924176, "median_healthcare": 35.042796803452717, "median_services": 1.5694019373806127, "median_commerce": 71.833522375092045, "median_entertainment": 12.298760090207413, "PC1_pos": 0.99375334911379709, "nivvie": 16337.482719546742, "rel_education": 0.65009072107315913, "rel_sante": 0.60435802186943144, "rel_services": 0.56724393036927856, "rel_commerce": 0.53946837533531622, "rel_loisirs": 0.64211874882832864, "rel_pc1": 0.53587587229804667, "q_revenu": 1, "q_population": 4 }, "geometry": { "type": "Polygon", "coordinates": [ [ [ 3.084591527344732, 50.618513380688363 ], [ 3.084327054268678, 50.62030212373277 ], [ 3.087142546103246, 50.620471689541134 ], [ 3.087406913142834, 50.618682939067547 ], [ 3.084591527344732, 50.618513380688363 ] ] ] } },
{ "type": "Feature", "properties": { "idcar_200m": "CRS3035RES200mN3079400E3832600", "population": 64.0, "median_education": 9.3441773588097696, "median_healthcare": 22.184773500764024, "median_services": 1.0191640664243649, "median_commerce": 45.202966587477633, "median_entertainment": 7.9061402321824525, "PC1_pos": 0.53204731760141821, "nivvie": 17991.4875, "rel_education": 0.41707874456171778, "rel_sante": 0.38260490176463602, "rel_services": 0.3683662017740254, "rel_commerce": 0.33947341212017096, "rel_loisirs": 0.41277989299039103, "rel_pc1": 0.28690350646641904, "q_revenu": 1, "q_population": 1 }, "geometry": { "type": "Polygon", "coordinates": [ [ [ 3.087406913142834, 50.618682939067547 ], [ 3.087142546103246, 50.620471689541134 ], [ 3.089958056596628, 50.620641186531273 ], [ 3.090222317597051, 50.618852428631421 ], [ 3.087406913142834, 50.618682939067547 ] ] ] } },
{ "type": "Feature", "properties": { "idcar_200m": "CRS3035RES200mN3079400E3833000", "population": 9.0, "median_education": 10.559105963380613, "median_healthcare": 20.641889166885591, "median_services": 1.167967739903774, "median_commerce": 41.227176120916063, "median_entertainment": 8.1192660600906539, "PC1_pos": 0.61327105275482241, "nivvie": 21751.044444444444, "rel_education": 0.47130726331396366, "rel_sante": 0.35599588053764786, "rel_services": 0.42214973458826849, "rel_commerce": 0.30961530196833864, "rel_loisirs": 0.42390720086172523, "rel_pc1": 0.33070294620209506, "q_revenu": 2, "q_population": 1 }, "geometry": { "type": "Polygon", "coordinates": [ [ [ 3.093037740700075, 50.619021849379237 ], [ 3.092773585741504, 50.620810614702421 ], [ 3.095589133530553, 50.62097997405386 ], [ 3.095853182444583, 50.619191201310294 ], [ 3.093037740700075, 50.619021849379237 ] ] ] } },
{ "type": "Feature", "properties": { "idcar_200m": "CRS3035RES200mN3079400E3833200", "population": 124.5, "median_education": 14.584185643401872, "median_healthcare": 28.437266106781188, "median_services": 1.6023555523294744, "median_commerce": 57.929135216264861, "median_entertainment": 11.233947642066642, "PC1_pos": 0.7838930495173142, "nivvie": 20580.592771084335, "rel_education": 0.65096729278904464, "rel_sante": 0.49043716424984563, "rel_services": 0.5791546701346868, "rel_commerce": 0.43504669444602345, "rel_loisirs": 0.5865248489618381, "rel_pc1": 0.4227098928250892, "q_revenu": 2, "q_population": 2 }, "geometry": { "type": "Polygon", "coordinates": [ [ [ 3.095853182444583, 50.619191201310294 ], [ 3.095589133530553, 50.62097997405386 ], [ 3.098404699956455, 50.621149264584851 ], [ 3.098668642823254, 50.619360484423879 ], [ 3.095853182444583, 50.619191201310294 ] ] ] } },
{ "type": "Feature", "properties": { "idcar_200m": "CRS3035RES200mN3079400E3833400", "population": 177.0, "median_education": 13.557113581859118, "median_healthcare": 24.84894333624662, "median_services": 1.5200350563212925, "median_commerce": 49.509055827704032, "median_entertainment": 10.110126855548478, "PC1_pos": 0.70766177312270351, "nivvie": 23395.024293785311, "rel_education": 0.60512377874242862, "rel_sante": 0.42855193107075085, "rel_services": 0.54940078708318085, "rel_commerce": 0.37181205972739606, "rel_loisirs": 0.52785012142398735, "rel_pc1": 0.38160260823501974, "q_revenu": 3, "q_population": 2 }, "geometry": { "type": "Polygon", "coordinates": [ [ [ 3.098668642823254, 50.619360484423879 ], [ 3.098404699956455, 50.621149264584851 ], [ 3.101220285011884, 50.621318486294676 ], [ 3.101484121828765, 50.619529698719212 ], [ 3.098668642823254, 50.619360484423879 ] ] ] } },
{ "type": "Feature", "properties": { "idcar_200m": "CRS3035RES200mN3079400E3833600", "population": 109.5, "median_education": 11.304754668360241, "median_healthcare": 18.604636563630653, "median_services": 1.2769649160280623, "median_commerce": 36.398346750630424, "median_entertainment": 8.2182468976442742, "PC1_pos": 0.50083253413194884, "nivvie": 21617.126027397258, "rel_education": 0.50458940403272534, "rel_sante": 0.32086084379223051, "rel_services": 0.46154562490243928, "rel_commerce": 0.27335088601004887, "rel_loisirs": 0.42907499428982182, "rel_pc1": 0.2700711110483674, "q_revenu": 2, "q_population": 2 }, "geometry": { "type": "Polygon", "coordinates": [ [ [ 3.101484121828765, 50.619529698719212 ], [ 3.101220285011884, 50.621318486294676 ], [ 3.104035888689522, 50.62148763918254 ], [ 3.104299619453798, 50.61969884419559 ], [ 3.101484121828765, 50.619529698719212 ] ] ] } },
{ "type": "Feature", "properties": { "idcar_200m": "CRS3035RES200mN3079400E3833800", "population": 94.0, "median_education": 10.109773015878348, "median_healthcare": 15.474689081392379, "median_services": 1.1257260092569492, "median_commerce": 28.919544836929685, "median_entertainment": 7.1828800605808691, "PC1_pos": 0.35212847778990319, "nivvie": 19893.539361702125, "rel_education": 0.45125122045024685, "rel_sante": 0.26688088096191348, "rel_services": 0.40688190246254952, "rel_commerce": 0.21718522707477492, "rel_loisirs": 0.3750184509377118, "rel_pc1": 0.18988328981725983, "q_revenu": 2, "q_population": 2 }, "geometry": { "type": "Polygon", "coordinates": [ [ [ 3.104299619453798, 50.61969884419559 ], [ 3.104035888689522, 50.62148763918254 ], [ 3.106851510982045, 50.621656723247767 ], [ 3.107115135691033, 50.619867920852279 ], [ 3.104299619453798, 50.61969884419559 ] ] ] } },
{ "type": "Feature", "properties": { "idcar_200m": "CRS3035RES200mN3079400E3834000", "population": 64.0, "median_education": 8.9734526335855485, "median_healthcare": 12.905356193453942, "median_services": 0.95594156993022317, "median_commerce": 22.957242066772309, "median_entertainment": 6.2571900285057165, "PC1_pos": 0.30814277477637053, "nivvie": 18086.675, "rel_education": 0.40053139137725285, "rel_sante": 0.22256943657612885, "rel_services": 0.34551509107707368, "rel_commerce": 0.17240844762243732, "rel_loisirs": 0.32668813789483597, "rel_pc1": 0.16616424827436641, "q_revenu": 1, "q_population": 1 }, "geometry": { "type": "Polygon", "coordinates": [ [ [ 3.107115135691033, 50.619867920852279 ], [ 3.106851510982045, 50.621656723247767 ], [ 3.10966715188213, 50.621825738489605 ], [ 3.109930670533144, 50.620036928688492 ], [ 3.107115135691033, 50.619867920852279 ] ] ] } },
{ "type": "Feature", "properties": { "idcar_200m": "CRS3035RES200mN3079400E3834400", "population": 17.0, "median_education": 14.950706377613381, "median_healthcare": 22.702112890408838, "median_services": 1.68807228404775, "median_commerce": 36.363690380837689, "median_entertainment": 13.458470472532426, "PC1_pos": 0.75985703307788, "nivvie": 19832.71176470588, "rel_education": 0.66732700021012115, "rel_sante": 0.39152708374441658, "rel_services": 0.61013608709370748, "rel_commerce": 0.27309061733758311, "rel_loisirs": 0.70266727357715153, "rel_pc1": 0.40974860692095783, "q_revenu": 2, "q_population": 1 }, "geometry": { "type": "Polygon", "coordinates": [ [ [ 3.112746223972813, 50.62020586770354 ], [ 3.112482811382457, 50.621994684907342 ], [ 3.115298489475696, 50.622163562500198 ], [ 3.115561796002714, 50.620374737896697 ], [ 3.112746223972813, 50.62020586770354 ] ] ] } },
{ "type": "Feature", "properties": { "idcar_200m": "CRS3035RES200mN3079400E3834800", "population": 251.5, "median_education": 16.994270069426936, "median_healthcare": 22.957926151285868, "median_services": 1.6130538790399744, "median_commerce": 31.668711941367285, "median_entertainment": 14.95298459540545, "PC1_pos": 0.78829529818740873, "nivvie": 27023.544731610338, "rel_education": 0.758541769181723, "rel_sante": 0.39593891186358021, "rel_services": 0.58302146852909131, "rel_commerce": 0.23783141930257665, "rel_loisirs": 0.78069591480982314, "rel_pc1": 0.42508378051891543, "q_revenu": 4, "q_population": 3 }, "geometry": { "type": "Polygon", "coordinates": [ [ [ 3.118377386615528, 50.62054353926721 ], [ 3.118114186154532, 50.62233237126749 ], [ 3.120929901411633, 50.62250111120845 ], [ 3.121192995803928, 50.620712271814376 ], [ 3.118377386615528, 50.62054353926721 ] ] ] } },
{ "type": "Feature", "properties": { "idcar_200m": "CRS3035RES200mN3079400E3835000", "population": 20.0, "median_education": 17.940147139572655, "median_healthcare": 24.321508203747648, "median_services": 1.7148794555785623, "median_commerce": 32.725902303964432, "median_entertainment": 15.704213809966717, "PC1_pos": 0.84015529902684416, "nivvie": 23758.165, "rel_education": 0.80076113272517613, "rel_sante": 0.41945563504365652, "rel_services": 0.61982525911461195, "rel_commerce": 0.24577089864973162, "rel_loisirs": 0.81991762169728821, "rel_pc1": 0.45304899262309872, "q_revenu": 3, "q_population": 1 }, "geometry": { "type": "Polygon", "coordinates": [ [ [ 3.121192995803928, 50.620712271814376 ], [ 3.120929901411633, 50.62250111120845 ], [ 3.123745635239675, 50.622669782322355 ], [ 3.12400862356059, 50.620880935537436 ], [ 3.121192995803928, 50.620712271814376 ] ] ] } },
{ "type": "Feature", "properties": { "idcar_200m": "CRS3035RES200mN3079600E3828000", "population": 140.5, "median_education": 17.687798064650359, "median_healthcare": 37.711112771856477, "median_services": 2.5136830824867236, "median_commerce": 83.145684561362174, "median_entertainment": 14.68972632683589, "PC1_pos": 1.2709775309387079, "nivvie": 21247.362989323843, "rel_education": 0.7894974942775741, "rel_sante": 0.65037655656093829, "rel_services": 0.90854448274249122, "rel_commerce": 0.6244224963972228, "rel_loisirs": 0.76695119023655545, "rel_pc1": 0.68536744421578277, "q_revenu": 2, "q_population": 2 }, "geometry": { "type": "Polygon", "coordinates": [ [ [ 3.022390969399928, 50.616554266422725 ], [ 3.022124138899779, 50.618342843580344 ], [ 3.024939324375981, 50.618513930698484 ], [ 3.025206048889285, 50.616725346046046 ], [ 3.022390969399928, 50.616554266422725 ] ] ] } },
{ "type": "Feature", "properties": { "idcar_200m": "CRS3035RES200mN3079600E3828200", "population": 282.0, "median_education": 19.246234498028816, "median_healthcare": 41.203110066739626, "median_services": 2.5569727308660233, "median_commerce": 94.128721942121658, "median_entertainment": 15.984815631442313, "PC1_pos": 1.4120476591609448, "nivvie": 23668.409929078014, "rel_education": 0.85905853599944493, "rel_sante": 0.71060053324139116, "rel_services": 0.92419107378210885, "rel_commerce": 0.7069048964820589, "rel_loisirs": 0.83456785385104193, "rel_pc1": 0.76143871288994935, "q_revenu": 3, "q_population": 3 }, "geometry": { "type": "Polygon", "coordinates": [ [ [ 3.025206048889285, 50.616725346046046 ], [ 3.024939324375981, 50.618513930698484 ], [ 3.027754528674667, 50.618684949011659 ], [ 3.028021147198408, 50.616896356867343 ], [ 3.025206048889285, 50.616725346046046 ] ] ] } },
{ "type": "Feature", "properties": { "idcar_200m": "CRS3035RES200mN3079600E3828400", "population": 135.0, "median_education": 21.440128151551995, "median_healthcare": 45.596841609865194, "median_services": 2.7529163714020339, "median_commerce": 109.05338225005124, "median_entertainment": 17.857911694809445, "PC1_pos": 1.5707874998213853, "nivvie": 18955.666666666668, "rel_education": 0.95698330514465746, "rel_sante": 0.78637607475773097, "rel_services": 0.99501285508691695, "rel_commerce": 0.81898880915319971, "rel_loisirs": 0.93236227311142172, "rel_pc1": 0.84703827404687537, "q_revenu": 1, "q_population": 2 }, "geometry": { "type": "Polygon", "coordinates": [ [ [ 3.028021147198408, 50.616896356867343 ], [ 3.027754528674667, 50.618684949011659 ], [ 3.03056975178852, 50.618855898519143 ], [ 3.030836264319987, 50.617067298885921 ], [ 3.028021147198408, 50.616896356867343 ] ] ] } },
{ "type": "Feature", "properties": { "idcar_200m": "CRS3035RES200mN3079600E3828800", "population": 86.0, "median_education": 25.622896179842186, "median_healthcare": 54.417661334752935, "median_services": 3.1762555895167224, "median_commerce": 135.25686713563564, "median_entertainment": 20.066829485417767, "PC1_pos": 1.9591387034695029, "nivvie": 12928.909302325581, "rel_education": 1.1436817774705701, "rel_sante": 0.93850243584985615, "rel_services": 1.1480243916749433, "rel_commerce": 1.015776478084931, "rel_loisirs": 1.0476899579810053, "rel_pc1": 1.056454463887661, "q_revenu": 1, "q_population": 2 }, "geometry": { "type": "Polygon", "coordinates": [ [ [ 3.033651400246708, 50.617238172100983 ], [ 3.033384993710226, 50.619026779220206 ], [ 3.03620025443248, 50.619197591114094 ], [ 3.036466554971258, 50.617408976511825 ], [ 3.033651400246708, 50.617238172100983 ] ] ] } },
{ "type": "Feature", "properties": { "idcar_200m": "CRS3035RES200mN3079600E3829200", "population": 523.5, "median_education": 27.62469189441282, "median_healthcare": 61.570832049983181, "median_services": 3.7349585157157006, "median_commerce": 158.25127198768328, "median_entertainment": 21.395972232136266, "PC1_pos": 2.2238219477510306, "nivvie": 12251.327029608405, "rel_education": 1.2330322265729716, "rel_sante": 1.0618680486974286, "rel_services": 1.3499617260297596, "rel_commerce": 1.1884640175120378, "rel_loisirs": 1.1170845531497235, "rel_pc1": 1.1991834061735183, "q_revenu": 1, "q_population": 5 }, "geometry": { "type": "Polygon", "coordinates": [ [ [ 3.039281728486328, 50.617579712117688 ], [ 3.039015533947955, 50.619368334200026 ], [ 3.041830832249344, 50.619539008477339 ], [ 3.042096920784598, 50.617750378917819 ], [ 3.039281728486328, 50.617579712117688 ] ] ] } },
{ "type": "Feature", "properties": { "idcar_200m": "CRS3035RES200mN3079600E3829400", "population": 242.0, "median_education": 30.878734075512778, "median_healthcare": 71.496344892654591, "median_services": 4.1774114281284236, "median_commerce": 187.5441774641512, "median_entertainment": 24.625027484404971, "PC1_pos": 2.6418007045992078, "nivvie": 13277.99876033058, "rel_education": 1.3782768827399987, "rel_sante": 1.233046260906949, "rel_services": 1.509881707688008, "rel_commerce": 1.4084531758290273, "rel_loisirs": 1.285673655081653, "rel_pc1": 1.4245760864878174, "q_revenu": 1, "q_population": 3 }, "geometry": { "type": "Polygon", "coordinates": [ [ [ 3.042096920784598, 50.617750378917819 ], [ 3.041830832249344, 50.619539008477339 ], [ 3.044646149329334, 50.619709613945233 ], [ 3.04491213185876, 50.61792097691157 ], [ 3.042096920784598, 50.617750378917819 ] ] ] } },
{ "type": "Feature", "properties": { "idcar_200m": "CRS3035RES200mN3079600E3829600", "population": 289.5, "median_education": 32.904258768497364, "median_healthcare": 78.804182191369904, "median_services": 4.3906987152919914, "median_commerce": 209.08019885439282, "median_entertainment": 25.858865418642068, "PC1_pos": 2.9027994272978224, "nivvie": 13313.274611398963, "rel_education": 1.4686864783190341, "rel_sante": 1.359079297561149, "rel_services": 1.5869721688291438, "rel_commerce": 1.5701882834284391, "rel_loisirs": 1.3500923822361146, "rel_pc1": 1.5653181713517548, "q_revenu": 1, "q_population": 3 }, "geometry": { "type": "Polygon", "coordinates": [ [ [ 3.04491213185876, 50.61792097691157 ], [ 3.044646149329334, 50.619709613945233 ], [ 3.047461485180604, 50.619880150602988 ], [ 3.047727361701495, 50.618091506098075 ], [ 3.04491213185876, 50.61792097691157 ] ] ] } },
{ "type": "Feature", "properties": { "idcar_200m": "CRS3035RES200mN3079600E3829800", "population": 238.0, "median_education": 37.824516408639035, "median_healthcare": 92.748065262498571, "median_services": 4.9146776295541477, "median_commerce": 252.98233864067018, "median_entertainment": 29.935947959146141, "PC1_pos": 3.4006419637550453, "nivvie": 18874.755462184872, "rel_education": 1.6883029090298358, "rel_sante": 1.5995594634940136, "rel_services": 1.7763588719275036, "rel_commerce": 1.8998925112202709, "rel_loisirs": 1.5629570222954645, "rel_pc1": 1.8337769430670858, "q_revenu": 1, "q_population": 3 }, "geometry": { "type": "Polygon", "coordinates": [ [ [ 3.047727361701495, 50.618091506098075 ], [ 3.047461485180604, 50.619880150602988 ], [ 3.050276839795841, 50.620050618449881 ], [ 3.050542610305488, 50.618261966476688 ], [ 3.047727361701495, 50.618091506098075 ] ] ] } },
{ "type": "Feature", "properties": { "idcar_200m": "CRS3035RES200mN3079600E3830000", "population": 247.0, "median_education": 38.849074342358399, "median_healthcare": 95.413761797036173, "median_services": 4.8401687086544793, "median_commerce": 268.3726392644333, "median_entertainment": 30.464644146387442, "PC1_pos": 3.5494362068133056, "nivvie": 20021.025101214575, "rel_education": 1.7340342046075614, "rel_sante": 1.6455328226854413, "rel_services": 1.7494284010697685, "rel_commerce": 2.0154733737327639, "rel_loisirs": 1.5905602710597038, "rel_pc1": 1.9140133969747668, "q_revenu": 2, "q_population": 3 }, "geometry": { "type": "Polygon", "coordinates": [ [ [ 3.050542610305488, 50.618261966476688 ], [ 3.050276839795841, 50.620050618449881 ], [ 3.05309221316773, 50.620221017485157 ], [ 3.053357877663433, 50.618432358046604 ], [ 3.050542610305488, 50.618261966476688 ] ] ] } },
{ "type": "Feature", "properties": { "idcar_200m": "CRS3035RES200mN3079600E3830200", "population": 432.0, "median_education": 38.70690131429933, "median_healthcare": 96.449369176722087, "median_services": 4.5280295927096148, "median_commerce": 269.72165993013687, "median_entertainment": 30.704040353748272, "PC1_pos": 3.4637065059903138, "nivvie": 25067.950462962963, "rel_education": 1.7276882903792203, "rel_sante": 1.6633932015510544, "rel_services": 1.6366089793949905, "rel_commerce": 2.0256044930592081, "rel_loisirs": 1.6030591564772003, "rel_pc1": 1.8677841407399678, "q_revenu": 3, "q_population": 4 }, "geometry": { "type": "Polygon", "coordinates": [ [ [ 3.053357877663433, 50.618432358046604 ], [ 3.05309221316773, 50.620221017485157 ], [ 3.055907605288948, 50.62039134770805 ], [ 3.056173163768003, 50.618602680807143 ], [ 3.053357877663433, 50.618432358046604 ] ] ] } },
{ "type": "Feature", "properties": { "idcar_200m": "CRS3035RES200mN3079600E3830400", "population": 365.0, "median_education": 38.475159685088322, "median_healthcare": 96.785492449347387, "median_services": 4.230210433556393, "median_commerce": 252.8622526116425, "median_entertainment": 30.309401689433937, "PC1_pos": 3.4059734756640783, "nivvie": 17137.904657534247, "rel_education": 1.7173444683323402, "rel_sante": 1.669190078931803, "rel_services": 1.528965356462227, "rel_commerce": 1.8989906674454138, "rel_loisirs": 1.5824550562662718, "rel_pc1": 1.8366519307060891, "q_revenu": 1, "q_population": 4 }, "geometry": { "type": "Polygon", "coordinates": [ [ [ 3.056173163768003, 50.618602680807143 ], [ 3.055907605288948, 50.62039134770805 ], [ 3.05872301615219, 50.620561609117907 ], [ 3.058988468611889, 50.618772934757523 ], [ 3.056173163768003, 50.618602680807143 ] ] ] } },
{ "type": "Feature", "properties": { "idcar_200m": "CRS3035RES200mN3079600E3830600", "population": 692.0, "median_education": 39.751394339533725, "median_healthcare": 99.934734891790228, "median_services": 3.9869483506980692, "median_commerce": 244.72598013421592, "median_entertainment": 30.835942240460991, "PC1_pos": 3.3764474927229684, "nivvie": 20327.481936416185, "rel_education": 1.7743093917282342, "rel_sante": 1.7235028081233981, "rel_services": 1.4410408186470889, "rel_commerce": 1.837887417186246, "rel_loisirs": 1.6099457591788422, "rel_pc1": 1.8207302114201775, "q_revenu": 2, "q_population": 5 }, "geometry": { "type": "Polygon", "coordinates": [ [ [ 3.058988468611889, 50.618772934757523 ], [ 3.05872301615219, 50.620561609117907 ], [ 3.061538445750128, 50.620731801713887 ], [ 3.06180379218777, 50.618943119897011 ], [ 3.058988468611889, 50.618772934757523 ] ] ] } },
{ "type": "Feature", "properties": { "idcar_200m": "CRS3035RES200mN3079600E3830800", "population": 830.5, "median_education": 40.573908268745583, "median_healthcare": 102.72165322393893, "median_services": 3.8901737214584875, "median_commerce": 234.50229714478462, "median_entertainment": 31.150927409558093, "PC1_pos": 3.3562219837515959, "nivvie": 16975.24996989765, "rel_education": 1.8110224231495369, "rel_sante": 1.7715667928497281, "rel_services": 1.4060626401815317, "rel_commerce": 1.7611077540165583, "rel_loisirs": 1.6263911472664718, "rel_pc1": 1.8098237201138874, "q_revenu": 1, "q_population": 5 }, "geometry": { "type": "Polygon", "coordinates": [ [ [ 3.06180379218777, 50.618943119897011 ], [ 3.061538445750128, 50.620731801713887 ], [ 3.06435389407545, 50.620901925495296 ], [ 3.064619134488337, 50.619113236224891 ], [ 3.06180379218777, 50.618943119897011 ] ] ] } },
{ "type": "Feature", "properties": { "idcar_200m": "CRS3035RES200mN3079600E3831000", "population": 716.0, "median_education": 40.334383380657357, "median_healthcare": 106.6325578525605, "median_services": 3.8049285249228242, "median_commerce": 215.25926793347136, "median_entertainment": 30.751957003535502, "PC1_pos": 3.2801495211813179, "nivvie": 17057.135893854749, "rel_education": 1.8003311941864075, "rel_sante": 1.8390153643302114, "rel_services": 1.3752516546868299, "rel_commerce": 1.6165929737033939, "rel_loisirs": 1.6055608866503028, "rel_pc1": 1.7688020749802518, "q_revenu": 1, "q_population": 5 }, "geometry": { "type": "Polygon", "coordinates": [ [ [ 3.064619134488337, 50.619113236224891 ], [ 3.06435389407545, 50.620901925495296 ], [ 3.067169361120834, 50.621071980461387 ], [ 3.067434495506262, 50.619283283740437 ], [ 3.064619134488337, 50.619113236224891 ] ] ] } },
{ "type": "Feature", "properties": { "idcar_200m": "CRS3035RES200mN3079600E3831200", "population": 332.5, "median_education": 39.594606919174076, "median_healthcare": 107.39976111321727, "median_services": 3.7696007105459137, "median_commerce": 198.94193327787107, "median_entertainment": 30.424846978202044, "PC1_pos": 3.175317164344563, "nivvie": 18496.881804511278, "rel_education": 1.7673111619284734, "rel_sante": 1.8522467695625877, "rel_services": 1.3624827853480028, "rel_commerce": 1.4940501033914735, "rel_loisirs": 1.5884824593409057, "rel_pc1": 1.7122718195450841, "q_revenu": 1, "q_population": 4 }, "geometry": { "type": "Polygon", "coordinates": [ [ [ 3.067434495506262, 50.619283283740437 ], [ 3.067169361120834, 50.621071980461387 ], [ 3.069984846878967, 50.621241966611507 ], [ 3.070249875234238, 50.619453262442853 ], [ 3.067434495506262, 50.619283283740437 ] ] ] } },
{ "type": "Feature", "properties": { "idcar_200m": "CRS3035RES200mN3079600E3831400", "population": 673.0, "median_education": 37.142360057092773, "median_healthcare": 103.75954512059562, "median_services": 3.5850467424727377, "median_commerce": 183.19392658444235, "median_entertainment": 29.065244445147659, "PC1_pos": 2.9834150719284533, "nivvie": 15393.391381872214, "rel_education": 1.6578547589388624, "rel_sante": 1.7894665711435642, "rel_services": 1.2957776821353733, "rel_commerce": 1.3757828751562691, "rel_loisirs": 1.5174975575276055, "rel_pc1": 1.6087897017127173, "q_revenu": 1, "q_population": 5 }, "geometry": { "type": "Polygon", "coordinates": [ [ [ 3.070249875234238, 50.619453262442853 ], [ 3.069984846878967, 50.621241966611507 ], [ 3.072800351342526, 50.621411883944802 ], [ 3.073065273664942, 50.61962317233143 ], [ 3.070249875234238, 50.619453262442853 ] ] ] } },
{ "type": "Feature", "properties": { "idcar_200m": "CRS3035RES200mN3079600E3831600", "population": 393.5, "median_education": 33.716494748909639, "median_healthcare": 95.980707021147921, "median_services": 3.313290290628697, "median_commerce": 169.38590790240863, "median_entertainment": 26.979505054752245, "PC1_pos": 2.6833576382339155, "nivvie": 22765.751207115627, "rel_education": 1.504940751968797, "rel_sante": 1.6553105209688939, "rel_services": 1.197554152410089, "rel_commerce": 1.2720849196794355, "rel_loisirs": 1.4086010217858407, "rel_pc1": 1.4469854278816252, "q_revenu": 3, "q_population": 4 }, "geometry": { "type": "Polygon", "coordinates": [ [ [ 3.073065273664942, 50.61962317233143 ], [ 3.072800351342526, 50.621411883944802 ], [ 3.075615874504193, 50.621581732460534 ], [ 3.075880690791058, 50.619793013405442 ], [ 3.073065273664942, 50.61962317233143 ] ] ] } },
{ "type": "Feature", "properties": { "idcar_200m": "CRS3035RES200mN3079600E3831800", "population": 56.5, "median_education": 29.043440470627608, "median_healthcare": 81.868775636269731, "median_services": 2.915706560358617, "median_commerce": 136.18115929544385, "median_entertainment": 22.970076016685432, "PC1_pos": 2.2786963913262337, "nivvie": 17190.477876106193, "rel_education": 1.2963582800386093, "rel_sante": 1.4119321461103607, "rel_services": 1.0538516677644463, "rel_commerce": 1.0227178944780078, "rel_loisirs": 1.199268573753999, "rel_pc1": 1.2287741394716303, "q_revenu": 1, "q_population": 1 }, "geometry": { "type": "Polygon", "coordinates": [ [ [ 3.075880690791058, 50.619793013405442 ], [ 3.075615874504193, 50.621581732460534 ], [ 3.078431416356647, 50.621751512158049 ], [ 3.078696126605263, 50.619962785664164 ], [ 3.075880690791058, 50.619793013405442 ] ] ] } },
{ "type": "Feature", "properties": { "idcar_200m": "CRS3035RES200mN3079600E3832000", "population": 399.0, "median_education": 27.750943610774048, "median_healthcare": 78.855322796451986, "median_services": 2.8950229856888945, "median_commerce": 126.99824675776972, "median_entertainment": 21.880004113820718, "PC1_pos": 2.1306846690534904, "nivvie": 18211.358145363411, "rel_education": 1.2386674906884434, "rel_sante": 1.3599612829545513, "rel_services": 1.0463758058387742, "rel_commerce": 0.95375439743998547, "rel_loisirs": 1.1423558767612567, "rel_pc1": 1.1489596554711745, "q_revenu": 1, "q_population": 4 }, "geometry": { "type": "Polygon", "coordinates": [ [ [ 3.078696126605263, 50.619962785664164 ], [ 3.078431416356647, 50.621751512158049 ], [ 3.081246976892571, 50.621921223036573 ], [ 3.081511581100246, 50.620132489106851 ], [ 3.078696126605263, 50.619962785664164 ] ] ] } },
{ "type": "Feature", "properties": { "idcar_200m": "CRS3035RES200mN3079600E3832200", "population": 2.0, "median_education": 16.636147325449461, "median_healthcare": 40.467762587145558, "median_services": 1.810760664207036, "median_commerce": 81.970715080416184, "median_entertainment": 13.423795299938769, "PC1_pos": 1.2363123310787418, "nivvie": 26915.35, "rel_education": 0.74255690730233037, "rel_sante": 0.69791852185266667, "rel_services": 0.65448052003632817, "rel_commerce": 0.61559849813016443, "rel_loisirs": 0.70085688144998315, "rel_pc1": 0.66667443127659498, "q_revenu": 4, "q_population": 1 }, "geometry": { "type": "Polygon", "coordinates": [ [ [ 3.081511581100246, 50.620132489106851 ], [ 3.081246976892571, 50.621921223036573 ], [ 3.084062556104639, 50.62209086509538 ], [ 3.084327054268678, 50.62030212373277 ], [ 3.081511581100246, 50.620132489106851 ] ] ] } },
{ "type": "Feature", "properties": { "idcar_200m": "CRS3035RES200mN3079600E3832400", "population": 47.0, "median_education": 21.222904206042958, "median_healthcare": 51.334052664356037, "median_services": 2.3016722041975735, "median_commerce": 103.89919317546664, "median_entertainment": 16.840554507743104, "PC1_pos": 1.4871851103113163, "nivvie": 26915.327659574465, "rel_education": 0.94728748206653124, "rel_sante": 0.88532164532354518, "rel_services": 0.8319153662508284, "rel_commerce": 0.7802809480557279, "rel_loisirs": 0.87924601429516169, "rel_pc1": 0.80195615840433565, "q_revenu": 4, "q_population": 1 }, "geometry": { "type": "Polygon", "coordinates": [ [ [ 3.084327054268678, 50.62030212373277 ], [ 3.084062556104639, 50.62209086509538 ], [ 3.086878153985539, 50.622260438333697 ], [ 3.087142546103246, 50.620471689541134 ], [ 3.084327054268678, 50.62030212373277 ] ] ] } },
{ "type": "Feature", "properties": { "idcar_200m": "CRS3035RES200mN3079600E3832600", "population": 5.0, "median_education": 15.312542243411366, "median_healthcare": 35.663939801626057, "median_services": 1.6293948805685363, "median_commerce": 74.444495075473299, "median_entertainment": 11.533195628812251, "PC1_pos": 1.0771472744568757, "nivvie": 26915.32, "rel_education": 0.68347759783358586, "rel_sante": 0.61507043035039777, "rel_services": 0.58892775277180276, "rel_commerce": 0.55907673023909776, "rel_loisirs": 0.60214859813891841, "rel_pc1": 0.58084557481772392, "q_revenu": 4, "q_population": 1 }, "geometry": { "type": "Polygon", "coordinates": [ [ [ 3.087142546103246, 50.620471689541134 ], [ 3.086878153985539, 50.622260438333697 ], [ 3.089693770527943, 50.622429942750827 ], [ 3.089958056596628, 50.620641186531273 ], [ 3.087142546103246, 50.620471689541134 ] ] ] } },
{ "type": "Feature", "properties": { "idcar_200m": "CRS3035RES200mN3079600E3832800", "population": 51.0, "median_education": 18.974732568372943, "median_healthcare": 42.084091453783074, "median_services": 1.999680662302779, "median_commerce": 89.282762288511805, "median_entertainment": 14.556422314163346, "PC1_pos": 1.1228919277013065, "nivvie": 27719.73333333333, "rel_education": 0.8469400070355021, "rel_sante": 0.72579418834157161, "rel_services": 0.72276367917658391, "rel_commerce": 0.67051183242454759, "rel_loisirs": 0.75999138248331333, "rel_pc1": 0.60551312032304616, "q_revenu": 4, "q_population": 1 }, "geometry": { "type": "Polygon", "coordinates": [ [ [ 3.089958056596628, 50.620641186531273 ], [ 3.089693770527943, 50.622429942750827 ], [ 3.092509405724531, 50.622599378346031 ], [ 3.092773585741504, 50.620810614702421 ], [ 3.089958056596628, 50.620641186531273 ] ] ] } },
{ "type": "Feature", "properties": { "idcar_200m": "CRS3035RES200mN3079600E3833000", "population": 570.5, "median_education": 17.588358015150106, "median_healthcare": 37.181356720324011, "median_services": 1.8670452519802154, "median_commerce": 79.227057115474111, "median_entertainment": 13.472774592902082, "PC1_pos": 1.1417700057504803, "nivvie": 19914.808939526731, "rel_education": 0.78505897289552662, "rel_sante": 0.64124023330531343, "rel_services": 0.67482399612567245, "rel_commerce": 0.5949936794343138, "rel_loisirs": 0.7034140922651726, "rel_pc1": 0.61569301712634561, "q_revenu": 2, "q_population": 5 }, "geometry": { "type": "Polygon", "coordinates": [ [ [ 3.092773585741504, 50.620810614702421 ], [ 3.092509405724531, 50.622599378346031 ], [ 3.095325059567983, 50.622768745118556 ], [ 3.095589133530553, 50.62097997405386 ], [ 3.092773585741504, 50.620810614702421 ] ] ] } },
{ "type": "Feature", "properties": { "idcar_200m": "CRS3035RES200mN3079600E3833200", "population": 543.0, "median_education": 16.159323172650058, "median_healthcare": 33.021406674094983, "median_services": 1.7291038980050424, "median_commerce": 69.537954561027149, "median_entertainment": 12.437604792517902, "PC1_pos": 0.99831725575551866, "nivvie": 24053.149171270717, "rel_education": 0.72127379040614048, "rel_sante": 0.5694965538519966, "rel_services": 0.62496653518744194, "rel_commerce": 0.52222870507859165, "rel_loisirs": 0.64936783620584726, "rel_pc1": 0.53833693313864694, "q_revenu": 3, "q_population": 5 }, "geometry": { "type": "Polygon", "coordinates": [ [ [ 3.095589133530553, 50.62097997405386 ], [ 3.095325059567983, 50.622768745118556 ], [ 3.098140732050974, 50.622938043067698 ], [ 3.098404699956455, 50.621149264584851 ], [ 3.095589133530553, 50.62097997405386 ] ] ] } },
{ "type": "Feature", "properties": { "idcar_200m": "CRS3035RES200mN3079600E3833400", "population": 443.0, "median_education": 14.938235017080164, "median_healthcare": 29.889960252278421, "median_services": 1.535968781689538, "median_commerce": 61.562444850407275, "median_entertainment": 11.916424964267069, "PC1_pos": 0.83554403650549491, "nivvie": 25465.65124153499, "rel_education": 0.66677033918000206, "rel_sante": 0.51549073988418281, "rel_services": 0.55515986561369013, "rel_commerce": 0.46233278011485879, "rel_loisirs": 0.62215701684061286, "rel_pc1": 0.45056239539227994, "q_revenu": 4, "q_population": 5 }, "geometry": { "type": "Polygon", "coordinates": [ [ [ 3.098404699956455, 50.621149264584851 ], [ 3.098140732050974, 50.622938043067698 ], [ 3.100956423166184, 50.623107272192698 ], [ 3.101220285011884, 50.621318486294676 ], [ 3.098404699956455, 50.621149264584851 ] ] ] } },
{ "type": "Feature", "properties": { "idcar_200m": "CRS3035RES200mN3079600E3833600", "population": 84.0, "median_education": 10.140652123813855, "median_healthcare": 17.938539262529854, "median_services": 1.0944130545270154, "median_commerce": 33.288741707747405, "median_entertainment": 8.8741556937033224, "PC1_pos": 0.55830382488398844, "nivvie": 26415.571428571428, "rel_education": 0.45262951402028323, "rel_sante": 0.30937314064103166, "rel_services": 0.39556416218874274, "rel_commerce": 0.24999781177739389, "rel_loisirs": 0.46332001837206888, "rel_pc1": 0.30106217949740283, "q_revenu": 4, "q_population": 2 }, "geometry": { "type": "Polygon", "coordinates": [ [ [ 3.101220285011884, 50.621318486294676 ], [ 3.100956423166184, 50.623107272192698 ], [ 3.10377213290629, 50.623276432492801 ], [ 3.104035888689522, 50.62148763918254 ], [ 3.101220285011884, 50.621318486294676 ] ] ] } },
{ "type": "Feature", "properties": { "idcar_200m": "CRS3035RES200mN3079600E3833800", "population": 10.0, "median_education": 13.233531559945378, "median_healthcare": 23.752362439186847, "median_services": 1.4327659589348429, "median_commerce": 44.685771917004438, "median_entertainment": 11.666909598393117, "PC1_pos": 0.73079962137451471, "nivvie": 21751.05, "rel_education": 0.59068064712364743, "rel_sante": 0.4096399856149146, "rel_services": 0.51785828377527043, "rel_commerce": 0.33558929006424065, "rel_loisirs": 0.60912980975849451, "rel_pc1": 0.39407956202450511, "q_revenu": 2, "q_population": 1 }, "geometry": { "type": "Polygon", "coordinates": [ [ [ 3.104035888689522, 50.62148763918254 ], [ 3.10377213290629, 50.623276432492801 ], [ 3.106587861263964, 50.623445523967312 ], [ 3.106851510982045, 50.621656723247767 ], [ 3.104035888689522, 50.62148763918254 ] ] ] } },
{ "type": "Feature", "properties": { "idcar_200m": "CRS3035RES200mN3079600E3834000", "population": 31.0, "median_education": 16.433858389377203, "median_healthcare": 29.528508233087912, "median_services": 1.7439738575047281, "median_commerce": 55.410545785691596, "median_entertainment": 14.494956149825812, "PC1_pos": 0.90768338081446798, "nivvie": 19832.712903225805, "rel_education": 0.73352771058912825, "rel_sante": 0.50925703574966685, "rel_services": 0.63034112666087416, "rel_commerce": 0.41613213612667282, "rel_loisirs": 0.75678223162174652, "rel_pc1": 0.48946312875137149, "q_revenu": 2, "q_population": 1 }, "geometry": { "type": "Polygon", "coordinates": [ [ [ 3.106851510982045, 50.621656723247767 ], [ 3.106587861263964, 50.623445523967312 ], [ 3.109403608231887, 50.623614546615471 ], [ 3.10966715188213, 50.621825738489605 ], [ 3.106851510982045, 50.621656723247767 ] ] ] } },
{ "type": "Feature", "properties": { "idcar_200m": "CRS3035RES200mN3079600E3834800", "population": 276.5, "median_education": 18.899268093835971, "median_healthcare": 25.776223174329353, "median_services": 1.6126059877896841, "median_commerce": 37.613661503130373, "median_entertainment": 17.176921243656828, "PC1_pos": 0.90150530317955702, "nivvie": 17628.175045207958, "rel_education": 0.84357163900370147, "rel_sante": 0.44454406240108663, "rel_services": 0.58285958291703666, "rel_commerce": 0.2824778764926919, "rel_loisirs": 0.89680773482862952, "rel_pc1": 0.48613163533332632, "q_revenu": 1, "q_population": 3 }, "geometry": { "type": "Polygon", "coordinates": [ [ [ 3.118114186154532, 50.62233237126749 ], [ 3.117850960723896, 50.624121201594654 ], [ 3.120666782059559, 50.624289948930148 ], [ 3.120929901411633, 50.62250111120845 ], [ 3.118114186154532, 50.62233237126749 ] ] ] } },
{ "type": "Feature", "properties": { "idcar_200m": "CRS3035RES200mN3079600E3835000", "population": 73.0, "median_education": 22.396469736340091, "median_healthcare": 30.227538679538455, "median_services": 1.8273250719294498, "median_commerce": 43.214455238742509, "median_entertainment": 19.756899722419504, "PC1_pos": 1.1338773653332435, "nivvie": 25378.545205479451, "rel_education": 0.99966975385375911, "rel_sante": 0.52131271327486173, "rel_services": 0.66046755211326302, "rel_commerce": 0.32453973002900927, "rel_loisirs": 1.0315085128449575, "rel_pc1": 0.6114369554264345, "q_revenu": 4, "q_population": 2 }, "geometry": { "type": "Polygon", "coordinates": [ [ [ 3.120929901411633, 50.62250111120845 ], [ 3.120666782059559, 50.624289948930148 ], [ 3.123482621968849, 50.624458627435629 ], [ 3.123745635239675, 50.622669782322355 ], [ 3.120929901411633, 50.62250111120845 ] ] ] } },
{ "type": "Feature", "properties": { "idcar_200m": "CRS3035RES200mN3079800E3828000", "population": 174.5, "median_education": 15.717444669815928, "median_healthcare": 32.098714567508665, "median_services": 2.2452285007916375, "median_commerce": 67.905001392712848, "median_entertainment": 13.066178060090838, "PC1_pos": 1.0461771296330968, "nivvie": 20164.346131805156, "rel_education": 0.70155047778760238, "rel_sante": 0.5535835438414457, "rel_services": 0.81151437947874694, "rel_commerce": 0.50996525810310789, "rel_loisirs": 0.68218567126893137, "rel_pc1": 0.56414509940555113, "q_revenu": 2, "q_population": 2 }, "geometry": { "type": "Polygon", "coordinates": [ [ [ 3.022124138899779, 50.618342843580344 ], [ 3.021857283091429, 50.620131419040533 ], [ 3.024672574564327, 50.620302513654224 ], [ 3.024939324375981, 50.618513930698484 ], [ 3.022124138899779, 50.618342843580344 ] ] ] } },
{ "type": "Feature", "properties": { "idcar_200m": "CRS3035RES200mN3079800E3828400", "population": 569.0, "median_education": 18.492262158237054, "median_healthcare": 38.497166715205807, "median_services": 2.2744797893476867, "median_commerce": 92.910876300303755, "median_entertainment": 15.404935669731252, "PC1_pos": 1.3189398299086565, "nivvie": 14228.028119507908, "rel_education": 0.82540486860430207, "rel_sante": 0.66393306601849555, "rel_services": 0.82208695205795057, "rel_commerce": 0.69775889906917821, "rel_loisirs": 0.80429229820531456, "rel_pc1": 0.71123084263437542, "q_revenu": 1, "q_population": 5 }, "geometry": { "type": "Polygon", "coordinates": [ [ [ 3.027754528674667, 50.618684949011659 ], [ 3.027487884862424, 50.620473539460001 ], [ 3.030303213978402, 50.62064449645716 ], [ 3.03056975178852, 50.618855898519143 ], [ 3.027754528674667, 50.618684949011659 ] ] ] } },
{ "type": "Feature", "properties": { "idcar_200m": "CRS3035RES200mN3079800E3828600", "population": 393.0, "median_education": 24.368022277860284, "median_healthcare": 52.998481296438896, "median_services": 3.0161781295060655, "median_commerce": 135.40380322822259, "median_entertainment": 20.115216768938843, "PC1_pos": 1.8967444322299776, "nivvie": 15011.0631043257, "rel_education": 1.0876702944341925, "rel_sante": 0.91402685402222217, "rel_services": 1.0901660665275121, "rel_commerce": 1.0168799653221583, "rel_loisirs": 1.050216259959893, "rel_pc1": 1.0228087060578146, "q_revenu": 1, "q_population": 4 }, "geometry": { "type": "Polygon", "coordinates": [ [ [ 3.03056975178852, 50.618855898519143 ], [ 3.030303213978402, 50.62064449645716 ], [ 3.03311856190495, 50.620815384644942 ], [ 3.033384993710226, 50.619026779220206 ], [ 3.03056975178852, 50.618855898519143 ] ] ] } },
{ "type": "Feature", "properties": { "idcar_200m": "CRS3035RES200mN3079800E3828800", "population": 566.5, "median_education": 27.52121911366639, "median_healthcare": 61.175518828262547, "median_services": 3.484228510432168, "median_commerce": 159.3805126449468, "median_entertainment": 23.020863220009876, "PC1_pos": 2.2477847999669298, "nivvie": 15170.868314210062, "rel_education": 1.2284137036326572, "rel_sante": 1.0550503646513203, "rel_services": 1.2593379856921381, "rel_commerce": 1.196944593190278, "rel_loisirs": 1.201920175640367, "rel_pc1": 1.2121052386839652, "q_revenu": 1, "q_population": 5 }, "geometry": { "type": "Polygon", "coordinates": [ [ [ 3.033384993710226, 50.619026779220206 ], [ 3.03311856190495, 50.620815384644942 ], [ 3.03593392863475, 50.62098620402255 ], [ 3.03620025443248, 50.619197591114094 ], [ 3.033384993710226, 50.619026779220206 ] ] ] } },
{ "type": "Feature", "properties": { "idcar_200m": "CRS3035RES200mN3079800E3829000", "population": 183.5, "median_education": 28.987022499936202, "median_healthcare": 65.12736875388967, "median_services": 3.7420173171401379, "median_commerce": 175.79135708946978, "median_entertainment": 23.572041473389987, "PC1_pos": 2.4477837686894319, "nivvie": 15384.063760217985, "rel_education": 1.2938400555354639, "rel_sante": 1.1232050903478021, "rel_services": 1.3525130560417367, "rel_commerce": 1.3201897202235751, "rel_loisirs": 1.2306972139634109, "rel_pc1": 1.3199535512642007, "q_revenu": 1, "q_population": 3 }, "geometry": { "type": "Polygon", "coordinates": [ [ [ 3.03620025443248, 50.619197591114094 ], [ 3.03593392863475, 50.62098620402255 ], [ 3.03874931416049, 50.621156954589324 ], [ 3.039015533947955, 50.619368334200026 ], [ 3.03620025443248, 50.619197591114094 ] ] ] } },
{ "type": "Feature", "properties": { "idcar_200m": "CRS3035RES200mN3079800E3829200", "population": 17.5, "median_education": 29.253810252922619, "median_healthcare": 66.506579212288671, "median_services": 3.8845603804399298, "median_commerce": 183.5297947215783, "median_entertainment": 23.466910590519518, "PC1_pos": 2.5134330474820206, "nivvie": 20043.04, "rel_education": 1.3057481665234376, "rel_sante": 1.1469913454533742, "rel_services": 1.4040337567285242, "rel_commerce": 1.3783052384245147, "rel_loisirs": 1.2252083264270359, "rel_pc1": 1.3553545535049363, "q_revenu": 2, "q_population": 1 }, "geometry": { "type": "Polygon", "coordinates": [ [ [ 3.039015533947955, 50.619368334200026 ], [ 3.03874931416049, 50.621156954589324 ], [ 3.041564718474851, 50.62132763634451 ], [ 3.041830832249344, 50.619539008477339 ], [ 3.039015533947955, 50.619368334200026 ] ] ] } },
{ "type": "Feature", "properties": { "idcar_200m": "CRS3035RES200mN3079800E3829400", "population": 193.5, "median_education": 32.040313796448572, "median_healthcare": 75.48626803222362, "median_services": 4.2807255697573705, "median_commerce": 221.64949592956546, "median_entertainment": 26.74898959524992, "PC1_pos": 2.9196639018367638, "nivvie": 18631.252713178295, "rel_education": 1.4301241661457968, "rel_sante": 1.3018576080595661, "rel_services": 1.5472235245702688, "rel_commerce": 1.6645834633952996, "rel_loisirs": 1.3965658005639001, "rel_pc1": 1.5744122438522024, "q_revenu": 1, "q_population": 3 }, "geometry": { "type": "Polygon", "coordinates": [ [ [ 3.041830832249344, 50.619539008477339 ], [ 3.041564718474851, 50.62132763634451 ], [ 3.044380141570518, 50.62149824928732 ], [ 3.044646149329334, 50.619709613945233 ], [ 3.041830832249344, 50.619539008477339 ] ] ] } },
{ "type": "Feature", "properties": { "idcar_200m": "CRS3035RES200mN3079800E3829600", "population": 104.5, "median_education": 36.507356948280091, "median_healthcare": 86.867107429375707, "median_services": 4.719093465911401, "median_commerce": 254.92459771774296, "median_entertainment": 29.778543884728649, "PC1_pos": 3.2719365667514348, "nivvie": 25395.114832535884, "rel_education": 1.6295113008422881, "rel_sante": 1.4981347951760591, "rel_services": 1.7056670197893131, "rel_commerce": 1.9144788396383248, "rel_loisirs": 1.5547389493690793, "rel_pc1": 1.764373285760892, "q_revenu": 4, "q_population": 2 }, "geometry": { "type": "Polygon", "coordinates": [ [ [ 3.044646149329334, 50.619709613945233 ], [ 3.044380141570518, 50.62149824928732 ], [ 3.047195583440177, 50.621668793417051 ], [ 3.047461485180604, 50.619880150602988 ], [ 3.044646149329334, 50.619709613945233 ] ] ] } },
{ "type": "Feature", "properties": { "idcar_200m": "CRS3035RES200mN3079800E3829800", "population": 542.0, "median_education": 37.07487915148657, "median_healthcare": 91.618073631618145, "median_services": 4.7809537077274689, "median_commerce": 283.02314033479962, "median_entertainment": 31.078909716587628, "PC1_pos": 3.5533733515651673, "nivvie": 18757.710147601476, "rel_education": 1.6548427386923088, "rel_sante": 1.5800713070378309, "rel_services": 1.7280257577681297, "rel_commerce": 2.1254983557879292, "rel_loisirs": 1.6226311006792944, "rel_pc1": 1.9161364800115677, "q_revenu": 1, "q_population": 5 }, "geometry": { "type": "Polygon", "coordinates": [ [ [ 3.047461485180604, 50.619880150602988 ], [ 3.047195583440177, 50.621668793417051 ], [ 3.05001104407651, 50.621839268732934 ], [ 3.050276839795841, 50.620050618449881 ], [ 3.047461485180604, 50.619880150602988 ] ] ] } },
{ "type": "Feature", "properties": { "idcar_200m": "CRS3035RES200mN3079800E3830000", "population": 866.0, "median_education": 38.158687799219038, "median_healthcare": 97.102026918965493, "median_services": 4.9072696883254476, "median_commerce": 314.32043920395182, "median_entertainment": 32.221024669568358, "PC1_pos": 3.8027739148795572, "nivvie": 16487.054734411086, "rel_education": 1.70321869869217, "rel_sante": 1.6746491222548816, "rel_services": 1.773681348981708, "rel_commerce": 2.3605404700415353, "rel_loisirs": 1.6822609673688675, "rel_pc1": 2.0506243230330843, "q_revenu": 1, "q_population": 5 }, "geometry": { "type": "Polygon", "coordinates": [ [ [ 3.050276839795841, 50.620050618449881 ], [ 3.05001104407651, 50.621839268732934 ], [ 3.052826523472199, 50.622009675234274 ], [ 3.05309221316773, 50.620221017485157 ], [ 3.050276839795841, 50.620050618449881 ] ] ] } },
{ "type": "Feature", "properties": { "idcar_200m": "CRS3035RES200mN3079800E3830200", "population": 771.0, "median_education": 37.949969011777398, "median_healthcare": 97.981828546704676, "median_services": 4.6311026631804388, "median_commerce": 295.20053095374021, "median_entertainment": 31.15782300935274, "PC1_pos": 3.6691641734750342, "nivvie": 22150.592088197147, "rel_education": 1.6939025046078904, "rel_sante": 1.6898224308911824, "rel_services": 1.6738636636262871, "rel_commerce": 2.2169503257848966, "rel_loisirs": 1.6267511668034074, "rel_pc1": 1.9785760257503486, "q_revenu": 2, "q_population": 5 }, "geometry": { "type": "Polygon", "coordinates": [ [ [ 3.05309221316773, 50.620221017485157 ], [ 3.052826523472199, 50.622009675234274 ], [ 3.055642021619925, 50.622180012920325 ], [ 3.055907605288948, 50.62039134770805 ], [ 3.05309221316773, 50.620221017485157 ] ] ] } },
{ "type": "Feature", "properties": { "idcar_200m": "CRS3035RES200mN3079800E3830400", "population": 512.5, "median_education": 39.406861827841894, "median_healthcare": 99.662577222965211, "median_services": 4.3921593430438843, "median_commerce": 273.3334295369358, "median_entertainment": 31.156573090620618, "PC1_pos": 3.5454420213500444, "nivvie": 17687.496, "rel_education": 1.7589311318858474, "rel_sante": 1.7188090997047971, "rel_services": 1.5875000974668343, "rel_commerce": 2.0527288135358122, "rel_loisirs": 1.6266859084971619, "rel_pc1": 1.911859555056997, "q_revenu": 1, "q_population": 5 }, "geometry": { "type": "Polygon", "coordinates": [ [ [ 3.055907605288948, 50.62039134770805 ], [ 3.055642021619925, 50.622180012920325 ], [ 3.058457538512371, 50.62235028179029 ], [ 3.05872301615219, 50.620561609117907 ], [ 3.055907605288948, 50.62039134770805 ] ] ] } },
{ "type": "Feature", "properties": { "idcar_200m": "CRS3035RES200mN3079800E3830600", "population": 431.0, "median_education": 41.212182143130164, "median_healthcare": 104.36436025693169, "median_services": 4.3559024025785185, "median_commerce": 274.35038171371781, "median_entertainment": 32.142705035103859, "PC1_pos": 3.6219060377809624, "nivvie": 20533.753364269141, "rel_education": 1.8395118723533106, "rel_sante": 1.7998973846840161, "rel_services": 1.5743954052124935, "rel_commerce": 2.0603661048792272, "rel_loisirs": 1.6781718961680172, "rel_pc1": 1.9530923433951406, "q_revenu": 2, "q_population": 4 }, "geometry": { "type": "Polygon", "coordinates": [ [ [ 3.05872301615219, 50.620561609117907 ], [ 3.058457538512371, 50.62235028179029 ], [ 3.061273074142223, 50.622520481843502 ], [ 3.061538445750128, 50.620731801713887 ], [ 3.05872301615219, 50.620561609117907 ] ] ] } },
{ "type": "Feature", "properties": { "idcar_200m": "CRS3035RES200mN3079800E3830800", "population": 513.5, "median_education": 41.737626440995875, "median_healthcare": 105.03128360526856, "median_services": 4.0671601686303314, "median_commerce": 251.16361466903658, "median_entertainment": 32.139817338941313, "PC1_pos": 3.5390903010672821, "nivvie": 19523.098149951315, "rel_education": 1.8629651566474412, "rel_sante": 1.8113993340803523, "rel_services": 1.4700325420432647, "rel_commerce": 1.8862339290747741, "rel_loisirs": 1.6780211294376077, "rel_pc1": 1.9084344258233157, "q_revenu": 2, "q_population": 5 }, "geometry": { "type": "Polygon", "coordinates": [ [ [ 3.061538445750128, 50.620731801713887 ], [ 3.061273074142223, 50.622520481843502 ], [ 3.064088628502158, 50.622690613079214 ], [ 3.06435389407545, 50.620901925495296 ], [ 3.061538445750128, 50.620731801713887 ] ] ] } },
{ "type": "Feature", "properties": { "idcar_200m": "CRS3035RES200mN3079800E3831000", "population": 982.5, "median_education": 41.850082552416907, "median_healthcare": 109.05711095551163, "median_services": 4.0832652939471235, "median_commerce": 239.1831381869693, "median_entertainment": 32.097436419728126, "PC1_pos": 3.5302762657652553, "nivvie": 18688.670941475826, "rel_education": 1.8679846518869614, "rel_sante": 1.8808298954429954, "rel_services": 1.4758535712940852, "rel_commerce": 1.7962607804690913, "rel_loisirs": 1.6758084199758601, "rel_pc1": 1.9036815071436941, "q_revenu": 1, "q_population": 5 }, "geometry": { "type": "Polygon", "coordinates": [ [ [ 3.06435389407545, 50.620901925495296 ], [ 3.064088628502158, 50.622690613079214 ], [ 3.066904201584857, 50.622860675496646 ], [ 3.067169361120834, 50.621071980461387 ], [ 3.06435389407545, 50.620901925495296 ] ] ] } },
{ "type": "Feature", "properties": { "idcar_200m": "CRS3035RES200mN3079800E3831200", "population": 435.0, "median_education": 41.787907537380612, "median_healthcare": 113.86540974967565, "median_services": 4.2237373619835292, "median_commerce": 225.9545473790335, "median_entertainment": 32.036146133507316, "PC1_pos": 3.4833005621133624, "nivvie": 21025.58183908046, "rel_education": 1.8652094608542273, "rel_sante": 1.9637551814610288, "rel_services": 1.5266257323843562, "rel_commerce": 1.6969143172138335, "rel_loisirs": 1.6726084517176962, "rel_pc1": 1.8783501246696412, "q_revenu": 2, "q_population": 4 }, "geometry": { "type": "Polygon", "coordinates": [ [ [ 3.067169361120834, 50.621071980461387 ], [ 3.066904201584857, 50.622860675496646 ], [ 3.069719793383005, 50.62303066909508 ], [ 3.069984846878967, 50.621241966611507 ], [ 3.067169361120834, 50.621071980461387 ] ] ] } },
{ "type": "Feature", "properties": { "idcar_200m": "CRS3035RES200mN3079800E3831400", "population": 554.0, "median_education": 38.408448336546741, "median_healthcare": 107.11970308091395, "median_services": 3.8448413674687671, "median_commerce": 205.43255632106931, "median_entertainment": 29.93233664648498, "PC1_pos": 3.1879649728145227, "nivvie": 20913.018411552344, "rel_education": 1.7143667973796897, "rel_sante": 1.8474168092326291, "rel_services": 1.3896777345448414, "rel_commerce": 1.5427945579616456, "rel_loisirs": 1.5627684755191551, "rel_pc1": 1.7190920787195991, "q_revenu": 2, "q_population": 5 }, "geometry": { "type": "Polygon", "coordinates": [ [ [ 3.069984846878967, 50.621241966611507 ], [ 3.069719793383005, 50.62303066909508 ], [ 3.072535403889275, 50.62320059387379 ], [ 3.072800351342526, 50.621411883944802 ], [ 3.069984846878967, 50.621241966611507 ] ] ] } },
{ "type": "Feature", "properties": { "idcar_200m": "CRS3035RES200mN3079800E3831600", "population": 969.0, "median_education": 34.456357871798879, "median_healthcare": 95.652041406201164, "median_services": 3.4744560583933213, "median_commerce": 181.88856325697557, "median_entertainment": 26.648184779988942, "PC1_pos": 2.8378805804929375, "nivvie": 15746.965944272446, "rel_education": 1.5379646523714605, "rel_sante": 1.6496422604696019, "rel_services": 1.2558058350226207, "rel_commerce": 1.3659796216026749, "rel_loisirs": 1.3913027771878452, "rel_pc1": 1.5303110504286661, "q_revenu": 1, "q_population": 5 }, "geometry": { "type": "Polygon", "coordinates": [ [ [ 3.072800351342526, 50.621411883944802 ], [ 3.072535403889275, 50.62320059387379 ], [ 3.07535103309635, 50.623370449832038 ], [ 3.075615874504193, 50.621581732460534 ], [ 3.072800351342526, 50.621411883944802 ] ] ] } },
{ "type": "Feature", "properties": { "idcar_200m": "CRS3035RES200mN3079800E3831800", "population": 77.0, "median_education": 31.965408590859273, "median_healthcare": 87.487458692870533, "median_services": 3.2710537912476649, "median_commerce": 159.9548635509683, "median_entertainment": 24.156358724653742, "PC1_pos": 2.5499070736366258, "nivvie": 17018.038961038961, "rel_education": 1.4267807611665595, "rel_sante": 1.5088335491759965, "rel_services": 1.1822882110707253, "rel_commerce": 1.2012579574789715, "rel_loisirs": 1.2612044406714946, "rel_pc1": 1.3750229657917989, "q_revenu": 1, "q_population": 2 }, "geometry": { "type": "Polygon", "coordinates": [ [ [ 3.075615874504193, 50.621581732460534 ], [ 3.07535103309635, 50.623370449832038 ], [ 3.078166680996911, 50.623540236969049 ], [ 3.078431416356647, 50.621751512158049 ], [ 3.075615874504193, 50.621581732460534 ] ] ] } },
{ "type": "Feature", "properties": { "idcar_200m": "CRS3035RES200mN3079800E3832000", "population": 583.0, "median_education": 30.01892101997457, "median_healthcare": 80.470285295670251, "median_services": 3.2840138041384699, "median_commerce": 148.68996396588827, "median_entertainment": 22.693896282573071, "PC1_pos": 2.3597775048087906, "nivvie": 22902.397770154374, "rel_education": 1.3398989992740402, "rel_sante": 1.3878133846830496, "rel_services": 1.1869724723008894, "rel_commerce": 1.1166587776455488, "rel_loisirs": 1.1848492189556912, "rel_pc1": 1.2724966712780479, "q_revenu": 3, "q_population": 5 }, "geometry": { "type": "Polygon", "coordinates": [ [ [ 3.078431416356647, 50.621751512158049 ], [ 3.078166680996911, 50.623540236969049 ], [ 3.080982347583639, 50.623709955284134 ], [ 3.081246976892571, 50.621921223036573 ], [ 3.078431416356647, 50.621751512158049 ] ] ] } },
{ "type": "Feature", "properties": { "idcar_200m": "CRS3035RES200mN3079800E3832200", "population": 243.0, "median_education": 26.584905831891025, "median_healthcare": 68.410408814945313, "median_services": 2.9612951010528055, "median_commerce": 132.1477466470761, "median_entertainment": 20.0961765139519, "PC1_pos": 2.0172274326553343, "nivvie": 20402.993415637862, "rel_education": 1.1866212212038911, "rel_sante": 1.1798253312534079, "rel_services": 1.0703291694083734, "rel_commerce": 0.99242704284595207, "rel_loisirs": 1.04922216749692, "rel_pc1": 1.0877784825195496, "q_revenu": 2, "q_population": 3 }, "geometry": { "type": "Polygon", "coordinates": [ [ [ 3.081246976892571, 50.621921223036573 ], [ 3.080982347583639, 50.623709955284134 ], [ 3.083798032849205, 50.623879604776533 ], [ 3.084062556104639, 50.62209086509538 ], [ 3.081246976892571, 50.621921223036573 ] ] ] } },
{ "type": "Feature", "properties": { "idcar_200m": "CRS3035RES200mN3079800E3832800", "population": 326.5, "median_education": 20.603356849308796, "median_healthcare": 45.20070272476913, "median_services": 2.0789297338175188, "median_commerce": 97.997789567880332, "median_entertainment": 15.478207130054951, "PC1_pos": 1.3970952149097517, "nivvie": 19932.48943338438, "rel_education": 0.91963389376005567, "rel_sante": 0.77954415108665487, "rel_services": 0.75140742794062965, "rel_commerce": 0.73596152014630845, "rel_loisirs": 0.80811780403539735, "rel_pc1": 0.75337569190668274, "q_revenu": 2, "q_population": 4 }, "geometry": { "type": "Polygon", "coordinates": [ [ [ 3.089693770527943, 50.622429942750827 ], [ 3.089429459387582, 50.624218697290388 ], [ 3.092245200645744, 50.624388140310366 ], [ 3.092509405724531, 50.622599378346031 ], [ 3.089693770527943, 50.622429942750827 ] ] ] } },
{ "type": "Feature", "properties": { "idcar_200m": "CRS3035RES200mN3079800E3833000", "population": 534.5, "median_education": 18.747678473787584, "median_healthcare": 39.90752794981583, "median_services": 1.9417836349865134, "median_commerce": 87.052101703868985, "median_entertainment": 14.237599914736691, "PC1_pos": 1.2344050736600651, "nivvie": 23823.760336763331, "rel_education": 0.8368054137930081, "rel_sante": 0.68825655625390569, "rel_services": 0.70183740366402136, "rel_commerce": 0.65375961421592121, "rel_loisirs": 0.74334565244900741, "rel_pc1": 0.66564595350206301, "q_revenu": 3, "q_population": 5 }, "geometry": { "type": "Polygon", "coordinates": [ [ [ 3.092509405724531, 50.622599378346031 ], [ 3.092245200645744, 50.624388140310366 ], [ 3.09506096055346, 50.624557514504694 ], [ 3.095325059567983, 50.622768745118556 ], [ 3.092509405724531, 50.622599378346031 ] ] ] } },
{ "type": "Feature", "properties": { "idcar_200m": "CRS3035RES200mN3079800E3833200", "population": 433.0, "median_education": 17.237748274855271, "median_healthcare": 35.970979216018009, "median_services": 1.8364397060199291, "median_commerce": 76.664837461273379, "median_entertainment": 13.236995511223595, "PC1_pos": 1.0928671540009527, "nivvie": 23468.935796766742, "rel_education": 0.7694094550516245, "rel_sante": 0.62036571925552264, "rel_services": 0.66376194135939237, "rel_commerce": 0.57575145897230895, "rel_loisirs": 0.69110405712205036, "rel_pc1": 0.58932243094164505, "q_revenu": 3, "q_population": 4 }, "geometry": { "type": "Polygon", "coordinates": [ [ [ 3.095325059567983, 50.622768745118556 ], [ 3.09506096055346, 50.624557514504694 ], [ 3.097876739103405, 50.624726819872691 ], [ 3.098140732050974, 50.622938043067698 ], [ 3.095325059567983, 50.622768745118556 ] ] ] } },
{ "type": "Feature", "properties": { "idcar_200m": "CRS3035RES200mN3079800E3833400", "population": 447.0, "median_education": 16.37225405655402, "median_healthcare": 33.314339213101761, "median_services": 1.7362947612049395, "median_commerce": 70.707998052253004, "median_entertainment": 12.631281179658938, "PC1_pos": 1.0427926561720628, "nivvie": 24607.601789709173, "rel_education": 0.73077799204175597, "rel_sante": 0.57454855157946916, "rel_services": 0.62756559754814323, "rel_commerce": 0.53101570925732788, "rel_loisirs": 0.65947968800850287, "rel_pc1": 0.56232004123611845, "q_revenu": 3, "q_population": 5 }, "geometry": { "type": "Polygon", "coordinates": [ [ [ 3.098140732050974, 50.622938043067698 ], [ 3.097876739103405, 50.624726819872691 ], [ 3.100692536288258, 50.624896056413583 ], [ 3.100956423166184, 50.623107272192698 ], [ 3.098140732050974, 50.622938043067698 ] ] ] } },
{ "type": "Feature", "properties": { "idcar_200m": "CRS3035RES200mN3079800E3833600", "population": 97.0, "median_education": 16.218524196946703, "median_healthcare": 31.941628959201879, "median_services": 1.7682600495639409, "median_commerce": 66.522902246733665, "median_entertainment": 12.847743855359225, "PC1_pos": 1.0082764039109553, "nivvie": 24977.084536082475, "rel_education": 0.72391623692040019, "rel_sante": 0.55087440084601291, "rel_services": 0.63911911699543689, "rel_commerce": 0.49958572002420876, "rel_loisirs": 0.67078121283451941, "rel_pc1": 0.54370734744708615, "q_revenu": 3, "q_population": 2 }, "geometry": { "type": "Polygon", "coordinates": [ [ [ 3.100956423166184, 50.623107272192698 ], [ 3.100692536288258, 50.624896056413583 ], [ 3.103508352100694, 50.625065224126672 ], [ 3.10377213290629, 50.623276432492801 ], [ 3.100956423166184, 50.623107272192698 ] ] ] } },
{ "type": "Feature", "properties": { "idcar_200m": "CRS3035RES200mN3079800E3833800", "population": 2.0, "median_education": 15.558180574154349, "median_healthcare": 30.157645135750737, "median_services": 1.7286704048920121, "median_commerce": 61.475977196024658, "median_entertainment": 12.921077199152855, "PC1_pos": 0.94074277301927656, "nivvie": 21751.05, "rel_education": 0.69444170121781024, "rel_sante": 0.52010730937682503, "rel_services": 0.62480985363164265, "rel_commerce": 0.46168340968881627, "rel_loisirs": 0.67460994960300524, "rel_pc1": 0.50729021899584059, "q_revenu": 2, "q_population": 1 }, "geometry": { "type": "Polygon", "coordinates": [ [ [ 3.10377213290629, 50.623276432492801 ], [ 3.103508352100694, 50.625065224126672 ], [ 3.106324186533382, 50.625234323011192 ], [ 3.106587861263964, 50.623445523967312 ], [ 3.10377213290629, 50.623276432492801 ] ] ] } },
{ "type": "Feature", "properties": { "idcar_200m": "CRS3035RES200mN3079800E3834000", "population": 191.0, "median_education": 17.745545139886126, "median_healthcare": 32.687938026637937, "median_services": 1.9687880871197467, "median_commerce": 63.701421883915785, "median_entertainment": 15.079144310159286, "PC1_pos": 1.0720975950374674, "nivvie": 27125.836125654452, "rel_education": 0.79207504355950598, "rel_sante": 0.56374545889051342, "rel_services": 0.71159788069713303, "rel_commerce": 0.47839645661287361, "rel_loisirs": 0.7872827184872746, "rel_pc1": 0.57812256375455207, "q_revenu": 4, "q_population": 3 }, "geometry": { "type": "Polygon", "coordinates": [ [ [ 3.106587861263964, 50.623445523967312 ], [ 3.106324186533382, 50.625234323011192 ], [ 3.109140039579007, 50.625403353066439 ], [ 3.109403608231887, 50.623614546615471 ], [ 3.106587861263964, 50.623445523967312 ] ] ] } },
{ "type": "Feature", "properties": { "idcar_200m": "CRS3035RES200mN3079800E3834200", "population": 514.0, "median_education": 18.576312707964966, "median_healthcare": 32.756520851962811, "median_services": 1.9188176760571558, "median_commerce": 61.244628973848322, "median_entertainment": 17.053054203571932, "PC1_pos": 1.1196348258629047, "nivvie": 23320.616147859921, "rel_education": 0.82915647737777953, "rel_sante": 0.56492825776584388, "rel_services": 0.69353659779810584, "rel_commerce": 0.45994598897732047, "rel_loisirs": 0.8903406317859649, "rel_pc1": 0.6037567465806345, "q_revenu": 3, "q_population": 5 }, "geometry": { "type": "Polygon", "coordinates": [ [ [ 3.109403608231887, 50.623614546615471 ], [ 3.109140039579007, 50.625403353066439 ], [ 3.111955911230237, 50.625572314291624 ], [ 3.112219373802732, 50.623783500436573 ], [ 3.109403608231887, 50.623614546615471 ] ] ] } },
{ "type": "Feature", "properties": { "idcar_200m": "CRS3035RES200mN3079800E3834400", "population": 313.5, "median_education": 18.933193404132467, "median_healthcare": 31.558844230474577, "median_services": 1.8357774251146732, "median_commerce": 56.490613337537233, "median_entertainment": 18.075231781626108, "PC1_pos": 1.1148018322015629, "nivvie": 24635.137161084531, "rel_education": 0.84508590026865804, "rel_sante": 0.54427278674674495, "rel_services": 0.66352256684687394, "rel_commerce": 0.42424342272632026, "rel_loisirs": 0.94370856340560261, "rel_pc1": 0.60115058208680716, "q_revenu": 3, "q_population": 4 }, "geometry": { "type": "Polygon", "coordinates": [ [ [ 3.112219373802732, 50.623783500436573 ], [ 3.111955911230237, 50.625572314291624 ], [ 3.11477180147975, 50.625741206686087 ], [ 3.115035157969175, 50.623952385429895 ], [ 3.112219373802732, 50.623783500436573 ] ] ] } },
{ "type": "Feature", "properties": { "idcar_200m": "CRS3035RES200mN3079800E3834600", "population": 228.5, "median_education": 20.126880556158468, "median_healthcare": 31.789858909428904, "median_services": 1.7583238709682592, "median_commerce": 52.960482756699271, "median_entertainment": 19.826669647711668, "PC1_pos": 1.1025901762402603, "nivvie": 22105.786433260393, "rel_education": 0.89836630363097958, "rel_sante": 0.54825693148207277, "rel_services": 0.63552778907285723, "rel_commerce": 0.39773220976892093, "rel_loisirs": 1.0351512033930985, "rel_pc1": 0.59456551568546878, "q_revenu": 2, "q_population": 3 }, "geometry": { "type": "Polygon", "coordinates": [ [ [ 3.115035157969175, 50.623952385429895 ], [ 3.11477180147975, 50.625741206686087 ], [ 3.117587710320219, 50.625910030249059 ], [ 3.117850960723896, 50.624121201594654 ], [ 3.115035157969175, 50.623952385429895 ] ] ] } },
{ "type": "Feature", "properties": { "idcar_200m": "CRS3035RES200mN3079800E3834800", "population": 41.0, "median_education": 20.517370576620156, "median_healthcare": 29.782037739691717, "median_services": 1.7221807802139442, "median_commerce": 47.354968438777931, "median_entertainment": 19.647635528092326, "PC1_pos": 1.0597348695014521, "nivvie": 28109.40243902439, "rel_education": 0.91579588370465925, "rel_sante": 0.51362947759430611, "rel_services": 0.62246424660687194, "rel_commerce": 0.35563490474999798, "rel_loisirs": 1.0258038249545933, "rel_pc1": 0.571456033939582, "q_revenu": 4, "q_population": 1 }, "geometry": { "type": "Polygon", "coordinates": [ [ [ 3.117850960723896, 50.624121201594654 ], [ 3.117587710320219, 50.625910030249059 ], [ 3.120403637744317, 50.626078784979775 ], [ 3.120666782059559, 50.624289948930148 ], [ 3.117850960723896, 50.624121201594654 ] ] ] } },
{ "type": "Feature", "properties": { "idcar_200m": "CRS3035RES200mN3079800E3835000", "population": 16.0, "median_education": 22.763581640941737, "median_healthcare": 28.616460407883011, "median_services": 1.6902301242316033, "median_commerce": 42.05885365418554, "median_entertainment": 21.920532381766144, "PC1_pos": 1.0942139040555294, "nivvie": 23758.16875, "rel_education": 1.0160558482530224, "rel_sante": 0.49352760003759372, "rel_services": 0.61091601587921718, "rel_commerce": 0.31586118429237375, "rel_loisirs": 1.144471859227328, "rel_pc1": 0.59004865829062192, "q_revenu": 3, "q_population": 1 }, "geometry": { "type": "Polygon", "coordinates": [ [ [ 3.120666782059559, 50.624289948930148 ], [ 3.120403637744317, 50.626078784979775 ], [ 3.123219583744716, 50.626247470877558 ], [ 3.123482621968849, 50.624458627435629 ], [ 3.120666782059559, 50.624289948930148 ] ] ] } },
{ "type": "Feature", "properties": { "idcar_200m": "CRS3035RES200mN3079800E3835200", "population": 746.0, "median_education": 24.561273882274463, "median_healthcare": 29.611968854214293, "median_services": 1.6277560474379258, "median_commerce": 40.921451810566879, "median_entertainment": 23.852089422374256, "PC1_pos": 1.178745153353197, "nivvie": 14676.969839142092, "rel_education": 1.0962961085062695, "rel_sante": 0.51069642131500403, "rel_services": 0.58833541366218078, "rel_commerce": 0.30731931826113046, "rel_loisirs": 1.2453185284125721, "rel_pc1": 0.63563165631948593, "q_revenu": 1, "q_population": 5 }, "geometry": { "type": "Polygon", "coordinates": [ [ [ 3.123482621968849, 50.624458627435629 ], [ 3.123219583744716, 50.626247470877558 ], [ 3.126035548314091, 50.626416087941656 ], [ 3.126298480444434, 50.624627237110396 ], [ 3.123482621968849, 50.624458627435629 ] ] ] } },
{ "type": "Feature", "properties": { "idcar_200m": "CRS3035RES200mN3080000E3827800", "population": 169.5, "median_education": 14.305981497544733, "median_healthcare": 28.755556272251926, "median_services": 2.0760887658063196, "median_commerce": 57.852759483624752, "median_entertainment": 11.48187322197508, "PC1_pos": 0.9127176385402116, "nivvie": 22436.036578171093, "rel_education": 0.63854960940929117, "rel_sante": 0.49592648680201812, "rel_services": 0.75038058974045785, "rel_commerce": 0.43447311415871331, "rel_loisirs": 0.59946905325606614, "rel_pc1": 0.49217782375346814, "q_revenu": 2, "q_population": 2 }, "geometry": { "type": "Polygon", "coordinates": [ [ [ 3.01904201045104, 50.619960255619652 ], [ 3.018775023327214, 50.621748821883486 ], [ 3.021590401971437, 50.621919992803562 ], [ 3.021857283091429, 50.620131419040533 ], [ 3.01904201045104, 50.619960255619652 ] ] ] } },
{ "type": "Feature", "properties": { "idcar_200m": "CRS3035RES200mN3080000E3828000", "population": 16.0, "median_education": 15.133108400833553, "median_healthcare": 30.28756254366872, "median_services": 2.046842487186642, "median_commerce": 64.01101447055855, "median_entertainment": 12.217671631511962, "PC1_pos": 0.97132716455143764, "nivvie": 23463.175, "rel_education": 0.67546854161381265, "rel_sante": 0.5223479018756515, "rel_services": 0.73980982795040306, "rel_commerce": 0.48072149100085659, "rel_loisirs": 0.63788511720530028, "rel_pc1": 0.52378267912753973, "q_revenu": 3, "q_population": 1 }, "geometry": { "type": "Polygon", "coordinates": [ [ [ 3.021857283091429, 50.620131419040533 ], [ 3.021590401971437, 50.621919992803562 ], [ 3.02440579945088, 50.622091094913557 ], [ 3.024672574564327, 50.620302513654224 ], [ 3.021857283091429, 50.620131419040533 ] ] ] } },
{ "type": "Feature", "properties": { "idcar_200m": "CRS3035RES200mN3080000E3828600", "population": 320.5, "median_education": 22.083347758023329, "median_healthcare": 48.887558654240252, "median_services": 2.7868783712900109, "median_commerce": 124.76461604092587, "median_entertainment": 18.593682393624725, "PC1_pos": 1.7793042982749503, "nivvie": 17155.16755070203, "rel_education": 0.98569350783485099, "rel_sante": 0.84312871509705978, "rel_services": 1.0072880650511729, "rel_commerce": 0.93697987359549373, "rel_loisirs": 0.97077689028278935, "rel_pc1": 0.95947977812809038, "q_revenu": 1, "q_population": 4 }, "geometry": { "type": "Polygon", "coordinates": [ [ [ 3.030303213978402, 50.62064449645716 ], [ 3.030036650886198, 50.622433092700234 ], [ 3.032852104827433, 50.622603988375445 ], [ 3.03311856190495, 50.620815384644942 ], [ 3.030303213978402, 50.62064449645716 ] ] ] } },
{ "type": "Feature", "properties": { "idcar_200m": "CRS3035RES200mN3080000E3828800", "population": 492.5, "median_education": 26.416330795760906, "median_healthcare": 61.818126552756141, "median_services": 3.4856935897662966, "median_commerce": 161.44218289270452, "median_entertainment": 23.268257331441568, "PC1_pos": 2.2726843719247789, "nivvie": 22586.580304568528, "rel_education": 1.179096849423072, "rel_sante": 1.0661329598959641, "rel_services": 1.2598675233077097, "rel_commerce": 1.2124276972099783, "rel_loisirs": 1.2148366319444865, "rel_pc1": 1.2255321920166602, "q_revenu": 3, "q_population": 5 }, "geometry": { "type": "Polygon", "coordinates": [ [ [ 3.03311856190495, 50.620815384644942 ], [ 3.032852104827433, 50.622603988375445 ], [ 3.035667577574638, 50.622774815237555 ], [ 3.03593392863475, 50.62098620402255 ], [ 3.03311856190495, 50.620815384644942 ] ] ] } },
{ "type": "Feature", "properties": { "idcar_200m": "CRS3035RES200mN3080000E3829000", "population": 443.5, "median_education": 29.617156723253714, "median_healthcare": 68.75737691978884, "median_services": 3.8477536535205514, "median_commerce": 196.83092499662837, "median_entertainment": 25.682821113463845, "PC1_pos": 2.6437217298674143, "nivvie": 24713.401352874858, "rel_education": 1.3219661902046498, "rel_sante": 1.1858092416892998, "rel_services": 1.3907303499055252, "rel_commerce": 1.4781964716865597, "rel_loisirs": 1.3409011021273662, "rel_pc1": 1.4256119884973297, "q_revenu": 3, "q_population": 5 }, "geometry": { "type": "Polygon", "coordinates": [ [ [ 3.03593392863475, 50.62098620402255 ], [ 3.035667577574638, 50.622774815237555 ], [ 3.038483069120492, 50.622945573285882 ], [ 3.03874931416049, 50.621156954589324 ], [ 3.03593392863475, 50.62098620402255 ] ] ] } },
{ "type": "Feature", "properties": { "idcar_200m": "CRS3035RES200mN3080000E3829200", "population": 119.0, "median_education": 31.603900539458714, "median_healthcare": 75.873793044923772, "median_services": 4.2291225429481418, "median_commerce": 229.28245066949302, "median_entertainment": 27.914964435675309, "PC1_pos": 2.9825291676335297, "nivvie": 23050.181512605042, "rel_education": 1.4106447955874233, "rel_sante": 1.3085409744419354, "rel_services": 1.5285721497700866, "rel_commerce": 1.721906807099026, "rel_loisirs": 1.4574413929169365, "rel_pc1": 1.6083119828328383, "q_revenu": 3, "q_population": 2 }, "geometry": { "type": "Polygon", "coordinates": [ [ [ 3.03874931416049, 50.621156954589324 ], [ 3.038483069120492, 50.622945573285882 ], [ 3.041298579457676, 50.62311626251963 ], [ 3.041564718474851, 50.62132763634451 ], [ 3.03874931416049, 50.621156954589324 ] ] ] } },
{ "type": "Feature", "properties": { "idcar_200m": "CRS3035RES200mN3080000E3829400", "population": 568.5, "median_education": 33.011676587172673, "median_healthcare": 81.022920093038579, "median_services": 4.4313613224609014, "median_commerce": 250.59227317165255, "median_entertainment": 29.146365694060737, "PC1_pos": 3.2364166553819622, "nivvie": 20240.433597185576, "rel_education": 1.4734810886133707, "rel_sante": 1.39734428128434, "rel_services": 1.6016692432752553, "rel_commerce": 1.8819431653872303, "rel_loisirs": 1.521732901129188, "rel_pc1": 1.7452193744749178, "q_revenu": 2, "q_population": 5 }, "geometry": { "type": "Polygon", "coordinates": [ [ [ 3.041564718474851, 50.62132763634451 ], [ 3.041298579457676, 50.62311626251963 ], [ 3.044114108578878, 50.623286882938118 ], [ 3.044380141570518, 50.62149824928732 ], [ 3.041564718474851, 50.62132763634451 ] ] ] } },
{ "type": "Feature", "properties": { "idcar_200m": "CRS3035RES200mN3080000E3829600", "population": 741.0, "median_education": 36.554389285473675, "median_healthcare": 90.089801070998249, "median_services": 4.8784977918878365, "median_commerce": 284.67638738035851, "median_entertainment": 32.036758586130837, "PC1_pos": 3.6169080523528852, "nivvie": 16778.938326585696, "rel_education": 1.6316105961999485, "rel_sante": 1.5537142846005532, "rel_services": 1.7632820476741742, "rel_commerce": 2.1379142093923016, "rel_loisirs": 1.6726404278932983, "rel_pc1": 1.9503972080243845, "q_revenu": 1, "q_population": 5 }, "geometry": { "type": "Polygon", "coordinates": [ [ [ 3.044380141570518, 50.62149824928732 ], [ 3.044114108578878, 50.623286882938118 ], [ 3.046929656476781, 50.623457434540512 ], [ 3.047195583440177, 50.621668793417051 ], [ 3.044380141570518, 50.62149824928732 ] ] ] } },
{ "type": "Feature", "properties": { "idcar_200m": "CRS3035RES200mN3080000E3829800", "population": 748.0, "median_education": 37.376701464576612, "median_healthcare": 94.481344340010025, "median_services": 4.9786211396649289, "median_commerce": 329.209759953088, "median_entertainment": 33.786350056427068, "PC1_pos": 3.9095969561502661, "nivvie": 16576.948529411766, "rel_education": 1.6683146224751679, "rel_sante": 1.6294520865203037, "rel_services": 1.7994705854617596, "rel_commerce": 2.4723589833039186, "rel_loisirs": 1.7639866674838931, "rel_pc1": 2.1082280437888636, "q_revenu": 1, "q_population": 5 }, "geometry": { "type": "Polygon", "coordinates": [ [ [ 3.047195583440177, 50.621668793417051 ], [ 3.046929656476781, 50.623457434540512 ], [ 3.049745223144065, 50.623627917326182 ], [ 3.05001104407651, 50.621839268732934 ], [ 3.047195583440177, 50.621668793417051 ] ] ] } },
{ "type": "Feature", "properties": { "idcar_200m": "CRS3035RES200mN3080000E3830000", "population": 466.0, "median_education": 38.2667095710311, "median_healthcare": 99.837784298934423, "median_services": 5.0845357596719074, "median_commerce": 350.57019905070786, "median_entertainment": 33.974602786069894, "PC1_pos": 4.0711981828990647, "nivvie": 18778.736909871244, "rel_education": 1.7080402665244876, "rel_sante": 1.7218307706759866, "rel_services": 1.8377523180793462, "rel_commerce": 2.6327754712532494, "rel_loisirs": 1.7738153499148983, "rel_pc1": 2.1953705912083743, "q_revenu": 1, "q_population": 5 }, "geometry": { "type": "Polygon", "coordinates": [ [ [ 3.05001104407651, 50.621839268732934 ], [ 3.049745223144065, 50.623627917326182 ], [ 3.052560808573407, 50.623798331294303 ], [ 3.052826523472199, 50.622009675234274 ], [ 3.05001104407651, 50.621839268732934 ] ] ] } },
{ "type": "Feature", "properties": { "idcar_200m": "CRS3035RES200mN3080000E3830200", "population": 602.0, "median_education": 39.970153689547786, "median_healthcare": 108.36303727721123, "median_services": 5.1926659436214564, "median_commerce": 351.72736808859293, "median_entertainment": 34.611845611774427, "PC1_pos": 4.1824621065273835, "nivvie": 21248.499833887043, "rel_education": 1.7840737478145385, "rel_sante": 1.8688597037484804, "rel_services": 1.8768348431318307, "rel_commerce": 2.6414657885343167, "rel_loisirs": 1.8070858229495765, "rel_pc1": 2.2553690326554392, "q_revenu": 2, "q_population": 5 }, "geometry": { "type": "Polygon", "coordinates": [ [ [ 3.052826523472199, 50.622009675234274 ], [ 3.052560808573407, 50.623798331294303 ], [ 3.055376412757495, 50.623968676444193 ], [ 3.055642021619925, 50.622180012920325 ], [ 3.052826523472199, 50.622009675234274 ] ] ] } },
{ "type": "Feature", "properties": { "idcar_200m": "CRS3035RES200mN3080000E3830400", "population": 544.5, "median_education": 39.499844164774331, "median_healthcare": 106.30078894543979, "median_services": 4.6750312585108391, "median_commerce": 320.19062125792755, "median_entertainment": 33.391127914821467, "PC1_pos": 3.9386800843613488, "nivvie": 21559.801469237835, "rel_education": 1.7630814123080862, "rel_sante": 1.8332935835731032, "rel_services": 1.6897411953645283, "rel_commerce": 2.4046254246821404, "rel_loisirs": 1.743352103900601, "rel_pc1": 2.1239109561666361, "q_revenu": 2, "q_population": 5 }, "geometry": { "type": "Polygon", "coordinates": [ [ [ 3.055642021619925, 50.622180012920325 ], [ 3.055376412757495, 50.623968676444193 ], [ 3.058192035689012, 50.624138952775077 ], [ 3.058457538512371, 50.62235028179029 ], [ 3.055642021619925, 50.622180012920325 ] ] ] } },
{ "type": "Feature", "properties": { "idcar_200m": "CRS3035RES200mN3080000E3830600", "population": 525.0, "median_education": 41.323465831417877, "median_healthcare": 109.70555212840885, "median_services": 4.4978449104949583, "median_commerce": 299.93991971982655, "median_entertainment": 33.766179838532786, "PC1_pos": 3.8774844953054313, "nivvie": 20292.649523809523, "rel_education": 1.8444790363121024, "rel_sante": 1.8920130959948489, "rel_services": 1.6256990414316368, "rel_commerce": 2.252543044521039, "rel_loisirs": 1.7629335796130121, "rel_pc1": 2.0909115809238994, "q_revenu": 2, "q_population": 5 }, "geometry": { "type": "Polygon", "coordinates": [ [ [ 3.058457538512371, 50.62235028179029 ], [ 3.058192035689012, 50.624138952775077 ], [ 3.06100767736063, 50.624309160286231 ], [ 3.061273074142223, 50.622520481843502 ], [ 3.058457538512371, 50.62235028179029 ] ] ] } },
{ "type": "Feature", "properties": { "idcar_200m": "CRS3035RES200mN3080000E3830800", "population": 419.0, "median_education": 41.80163123201946, "median_healthcare": 111.04979708120385, "median_services": 4.3991578830146718, "median_commerce": 279.03429097723568, "median_entertainment": 33.807003355083168, "PC1_pos": 3.7787960099973601, "nivvie": 23549.294988066824, "rel_education": 1.8658220200031954, "rel_sante": 1.9151963260645191, "rel_services": 1.5900296466061081, "rel_commerce": 2.0955421736151267, "rel_loisirs": 1.7650649770203797, "rel_pc1": 2.0376943734574824, "q_revenu": 3, "q_population": 4 }, "geometry": { "type": "Polygon", "coordinates": [ [ [ 3.061273074142223, 50.622520481843502 ], [ 3.06100767736063, 50.624309160286231 ], [ 3.063823337765038, 50.624479298976915 ], [ 3.064088628502158, 50.622690613079214 ], [ 3.061273074142223, 50.622520481843502 ] ] ] } },
{ "type": "Feature", "properties": { "idcar_200m": "CRS3035RES200mN3080000E3831000", "population": 419.5, "median_education": 42.427106261359143, "median_healthcare": 115.49814976193736, "median_services": 4.3868649913454654, "median_commerce": 265.5191883329021, "median_entertainment": 33.470237214252101, "PC1_pos": 3.7708153738155481, "nivvie": 26512.199761620977, "rel_education": 1.8937401908570208, "rel_sante": 1.9919138792262805, "rel_services": 1.5855865093702242, "rel_commerce": 1.9940440119635581, "rel_loisirs": 1.7474824035404428, "rel_pc1": 2.0333908605392761, "q_revenu": 4, "q_population": 4 }, "geometry": { "type": "Polygon", "coordinates": [ [ [ 3.064088628502158, 50.622690613079214 ], [ 3.063823337765038, 50.624479298976915 ], [ 3.066639016894911, 50.624649368846406 ], [ 3.066904201584857, 50.622860675496646 ], [ 3.064088628502158, 50.622690613079214 ] ] ] } },
{ "type": "Feature", "properties": { "idcar_200m": "CRS3035RES200mN3080000E3831200", "population": 203.5, "median_education": 42.936673662750025, "median_healthcare": 122.38891889400907, "median_services": 4.5554455088971553, "median_commerce": 265.99353366992517, "median_entertainment": 34.453826168242962, "PC1_pos": 3.8299404553684528, "nivvie": 23846.202457002459, "rel_education": 1.9164848075183594, "rel_sante": 2.1107540398782829, "rel_services": 1.6465181758108247, "rel_commerce": 1.9976063363470891, "rel_loisirs": 1.7988356215775079, "rel_pc1": 2.0652737263229346, "q_revenu": 3, "q_population": 3 }, "geometry": { "type": "Polygon", "coordinates": [ [ [ 3.066904201584857, 50.622860675496646 ], [ 3.066639016894911, 50.624649368846406 ], [ 3.069454714742929, 50.624819369893935 ], [ 3.069719793383005, 50.62303066909508 ], [ 3.066904201584857, 50.622860675496646 ] ] ] } },
{ "type": "Feature", "properties": { "idcar_200m": "CRS3035RES200mN3080000E3831400", "population": 606.0, "median_education": 38.835106901235868, "median_healthcare": 109.84433938075215, "median_services": 4.1438884440890043, "median_commerce": 228.2382806055316, "median_entertainment": 30.703148519136043, "PC1_pos": 3.4232348135557191, "nivvie": 22377.822937293728, "rel_education": 1.7334107657980837, "rel_sante": 1.8944066603486684, "rel_services": 1.4977651754145964, "rel_commerce": 1.714065109944908, "rel_loisirs": 1.6030125937569615, "rel_pc1": 1.845960009524604, "q_revenu": 2, "q_population": 5 }, "geometry": { "type": "Polygon", "coordinates": [ [ [ 3.069719793383005, 50.62303066909508 ], [ 3.069454714742929, 50.624819369893935 ], [ 3.072270431301771, 50.62498930211877 ], [ 3.072535403889275, 50.62320059387379 ], [ 3.069719793383005, 50.62303066909508 ] ] ] } },
{ "type": "Feature", "properties": { "idcar_200m": "CRS3035RES200mN3080000E3831600", "population": 244.5, "median_education": 35.067243880655802, "median_healthcare": 97.917674024527727, "median_services": 3.7592637264152753, "median_commerce": 199.3999343013065, "median_entertainment": 27.213964128492464, "PC1_pos": 2.9962602123091298, "nivvie": 24531.128425357874, "rel_education": 1.5652316401287238, "rel_sante": 1.6887160037890792, "rel_services": 1.3587465904531406, "rel_commerce": 1.4974896822934305, "rel_loisirs": 1.4208421392625032, "rel_pc1": 1.6157163710038691, "q_revenu": 3, "q_population": 3 }, "geometry": { "type": "Polygon", "coordinates": [ [ [ 3.072535403889275, 50.62320059387379 ], [ 3.072270431301771, 50.62498930211877 ], [ 3.075086166564117, 50.625159165520223 ], [ 3.07535103309635, 50.623370449832038 ], [ 3.072535403889275, 50.62320059387379 ] ] ] } },
{ "type": "Feature", "properties": { "idcar_200m": "CRS3035RES200mN3080000E3831800", "population": 92.5, "median_education": 32.059606021602271, "median_healthcare": 82.67685224850851, "median_services": 3.4792223743424255, "median_commerce": 170.57651482599437, "median_entertainment": 24.025117373060219, "PC1_pos": 2.5770580296235437, "nivvie": 29528.775135135136, "rel_education": 1.4309852774815444, "rel_sante": 1.4258684647675364, "rel_services": 1.2575285701154957, "rel_commerce": 1.2810263548408063, "rel_loisirs": 1.2543523245344483, "rel_pc1": 1.3896639652271121, "q_revenu": 5, "q_population": 2 }, "geometry": { "type": "Polygon", "coordinates": [ [ [ 3.07535103309635, 50.623370449832038 ], [ 3.075086166564117, 50.625159165520223 ], [ 3.077901920522646, 50.625328960097484 ], [ 3.078166680996911, 50.623540236969049 ], [ 3.07535103309635, 50.623370449832038 ] ] ] } },
{ "type": "Feature", "properties": { "idcar_200m": "CRS3035RES200mN3080000E3832000", "population": 86.0, "median_education": 30.957156840979419, "median_healthcare": 79.438566721099036, "median_services": 3.4826659572140772, "median_commerce": 158.23783474993684, "median_entertainment": 22.939253300706312, "PC1_pos": 2.4402582301791056, "nivvie": 17325.606976744184, "rel_education": 1.3817772945269227, "rel_sante": 1.3700200732544261, "rel_services": 1.2587732171597885, "rel_commerce": 1.1883631041142759, "rel_loisirs": 1.1976593185384459, "rel_pc1": 1.3158954471910622, "q_revenu": 1, "q_population": 2 }, "geometry": { "type": "Polygon", "coordinates": [ [ [ 3.078166680996911, 50.623540236969049 ], [ 3.077901920522646, 50.625328960097484 ], [ 3.080717693170034, 50.625498685849863 ], [ 3.080982347583639, 50.623709955284134 ], [ 3.078166680996911, 50.623540236969049 ] ] ] } },
{ "type": "Feature", "properties": { "idcar_200m": "CRS3035RES200mN3080000E3832200", "population": 429.5, "median_education": 28.587706198983398, "median_healthcare": 72.018764919099084, "median_services": 3.2105145330117004, "median_commerce": 144.79266969458286, "median_entertainment": 21.291008208675237, "PC1_pos": 2.0720287872086529, "nivvie": 18656.087543655412, "rel_education": 1.2760165131208496, "rel_sante": 1.2420560649913039, "rel_services": 1.1604069288029559, "rel_commerce": 1.0873901724146047, "rel_loisirs": 1.1116043773496891, "rel_pc1": 1.1173298029760417, "q_revenu": 1, "q_population": 4 }, "geometry": { "type": "Polygon", "coordinates": [ [ [ 3.080982347583639, 50.623709955284134 ], [ 3.080717693170034, 50.625498685849863 ], [ 3.083533484498959, 50.625668342776628 ], [ 3.083798032849205, 50.623879604776533 ], [ 3.080982347583639, 50.623709955284134 ] ] ] } },
{ "type": "Feature", "properties": { "idcar_200m": "CRS3035RES200mN3080000E3832600", "population": 28.0, "median_education": 13.38155002965294, "median_healthcare": 31.025501023914458, "median_services": 1.3791006281077216, "median_commerce": 70.610031808396513, "median_entertainment": 9.8417908799240763, "PC1_pos": 0.96850759724812607, "nivvie": 17708.346428571429, "rel_education": 0.59728747350835554, "rel_sante": 0.5350745983971662, "rel_services": 0.49846151073843353, "rel_commerce": 0.53027998464486903, "rel_loisirs": 0.51384028956534644, "rel_pc1": 0.52226224340824123, "q_revenu": 1, "q_population": 1 }, "geometry": { "type": "Polygon", "coordinates": [ [ [ 3.086613736786295, 50.624049185445557 ], [ 3.086349294502099, 50.625837930877012 ], [ 3.089165123172131, 50.626007450150297 ], [ 3.089429459387582, 50.624218697290388 ], [ 3.086613736786295, 50.624049185445557 ] ] ] } },
{ "type": "Feature", "properties": { "idcar_200m": "CRS3035RES200mN3080000E3832800", "population": 374.5, "median_education": 19.689026557545048, "median_healthcare": 41.823704891308928, "median_services": 1.8781965800410285, "median_commerce": 96.966065659904203, "median_entertainment": 14.350127345992259, "PC1_pos": 1.3083878406961031, "nivvie": 18442.424833110814, "rel_education": 0.8788226253562047, "rel_sante": 0.72130348776476283, "rel_services": 0.67885452712438543, "rel_commerce": 0.7282132933849339, "rel_loisirs": 0.74922071406796065, "rel_pc1": 0.70554074213931883, "q_revenu": 1, "q_population": 4 }, "geometry": { "type": "Polygon", "coordinates": [ [ [ 3.089429459387582, 50.624218697290388 ], [ 3.089165123172131, 50.626007450150297 ], [ 3.091980970501732, 50.626176900595731 ], [ 3.092245200645744, 50.624388140310366 ], [ 3.089429459387582, 50.624218697290388 ] ] ] } },
{ "type": "Feature", "properties": { "idcar_200m": "CRS3035RES200mN3080000E3833000", "population": 154.5, "median_education": 17.816087567589243, "median_healthcare": 37.328495599601347, "median_services": 1.7866357166754301, "median_commerce": 84.74305946533218, "median_entertainment": 13.398874938166594, "PC1_pos": 1.150640981854425, "nivvie": 20928.75857605178, "rel_education": 0.79522371529966862, "rel_sante": 0.64377783218815632, "rel_services": 0.64576080985130002, "rel_commerce": 0.63641875128983982, "rel_loisirs": 0.69955578838010213, "rel_pc1": 0.62047664081131304, "q_revenu": 2, "q_population": 2 }, "geometry": { "type": "Polygon", "coordinates": [ [ [ 3.092245200645744, 50.624388140310366 ], [ 3.091980970501732, 50.626176900595731 ], [ 3.094796836483576, 50.626346282212623 ], [ 3.09506096055346, 50.624557514504694 ], [ 3.092245200645744, 50.624388140310366 ] ] ] } },
{ "type": "Feature", "properties": { "idcar_200m": "CRS3035RES200mN3080000E3833200", "population": 235.0, "median_education": 16.389427658858914, "median_healthcare": 33.939433803897913, "median_services": 1.7142800783541223, "median_commerce": 72.981097932198537, "median_entertainment": 12.576489439506116, "PC1_pos": 1.0251283277712397, "nivvie": 21049.828510638297, "rel_education": 0.73154453833190891, "rel_sante": 0.58532911034861468, "rel_services": 0.61960862048019516, "rel_commerce": 0.54808664575973054, "rel_loisirs": 0.65661900909656357, "rel_pc1": 0.5527946520650614, "q_revenu": 2, "q_population": 3 }, "geometry": { "type": "Polygon", "coordinates": [ [ [ 3.09506096055346, 50.624557514504694 ], [ 3.094796836483576, 50.626346282212623 ], [ 3.09761272111034, 50.626515595000185 ], [ 3.097876739103405, 50.624726819872691 ], [ 3.09506096055346, 50.624557514504694 ] ] ] } },
{ "type": "Feature", "properties": { "idcar_200m": "CRS3035RES200mN3080000E3833400", "population": 220.0, "median_education": 17.966263639119482, "median_healthcare": 37.429048904947983, "median_services": 1.9076190645991684, "median_commerce": 80.350404286398629, "median_entertainment": 13.879387087279621, "PC1_pos": 1.138464080698202, "nivvie": 21427.943636363634, "rel_education": 0.80192684656226076, "rel_sante": 0.6455120030379482, "rel_services": 0.68948897670958509, "rel_commerce": 0.60342999514317996, "rel_loisirs": 0.72464334661541885, "rel_pc1": 0.61391031574202182, "q_revenu": 2, "q_population": 3 }, "geometry": { "type": "Polygon", "coordinates": [ [ [ 3.097876739103405, 50.624726819872691 ], [ 3.09761272111034, 50.626515595000185 ], [ 3.100428624374698, 50.626684838957722 ], [ 3.100692536288258, 50.624896056413583 ], [ 3.097876739103405, 50.624726819872691 ] ] ] } },
{ "type": "Feature", "properties": { "idcar_200m": "CRS3035RES200mN3080000E3833600", "population": 433.5, "median_education": 18.13207391661718, "median_healthcare": 36.857742894417626, "median_services": 1.9866723873694576, "median_commerce": 78.044009141464016, "median_entertainment": 14.4793659793548, "PC1_pos": 1.1708110041971818, "nivvie": 22990.075201845444, "rel_education": 0.80932781293079492, "rel_sante": 0.63565909739394943, "rel_services": 0.71806197413547945, "rel_commerce": 0.5861090118392821, "rel_loisirs": 0.75596826820726881, "rel_pc1": 0.63135321126698474, "q_revenu": 3, "q_population": 4 }, "geometry": { "type": "Polygon", "coordinates": [ [ [ 3.100692536288258, 50.624896056413583 ], [ 3.100428624374698, 50.626684838957722 ], [ 3.103244546269325, 50.626854014084479 ], [ 3.103508352100694, 50.625065224126672 ], [ 3.100692536288258, 50.624896056413583 ] ] ] } },
{ "type": "Feature", "properties": { "idcar_200m": "CRS3035RES200mN3080000E3833800", "population": 366.0, "median_education": 18.701899437525185, "median_healthcare": 36.820413447705775, "median_services": 2.2074631603470207, "median_commerce": 75.267407856089577, "median_entertainment": 15.321136824527681, "PC1_pos": 1.2125108771728956, "nivvie": 22527.864480874319, "rel_education": 0.83476205970859907, "rel_sante": 0.63501530315860932, "rel_services": 0.79786449181434616, "rel_commerce": 0.56525678943880742, "rel_loisirs": 0.7999171571959196, "rel_pc1": 0.65383963189188721, "q_revenu": 3, "q_population": 4 }, "geometry": { "type": "Polygon", "coordinates": [ [ [ 3.103508352100694, 50.625065224126672 ], [ 3.103244546269325, 50.626854014084479 ], [ 3.106060486786898, 50.627023120379754 ], [ 3.106324186533382, 50.625234323011192 ], [ 3.103508352100694, 50.625065224126672 ] ] ] } },
{ "type": "Feature", "properties": { "idcar_200m": "CRS3035RES200mN3080000E3834000", "population": 293.5, "median_education": 19.811712016956228, "median_healthcare": 37.07505092856595, "median_services": 2.3217199187091735, "median_commerce": 73.339251147969605, "median_entertainment": 16.568538032261397, "PC1_pos": 1.2615348639467914, "nivvie": 24283.485860306642, "rel_education": 0.88429870906291541, "rel_sante": 0.63940685344181358, "rel_services": 0.83916140316694277, "rel_commerce": 0.5507763695411183, "rel_loisirs": 0.8650440233939749, "rel_pc1": 0.68027553945327235, "q_revenu": 3, "q_population": 3 }, "geometry": { "type": "Polygon", "coordinates": [ [ [ 3.106324186533382, 50.625234323011192 ], [ 3.106060486786898, 50.627023120379754 ], [ 3.108876445920087, 50.62719215784275 ], [ 3.109140039579007, 50.625403353066439 ], [ 3.106324186533382, 50.625234323011192 ] ] ] } },
{ "type": "Feature", "properties": { "idcar_200m": "CRS3035RES200mN3080000E3834200", "population": 352.0, "median_education": 21.50415530798697, "median_healthcare": 39.126340158549446, "median_services": 2.1708655063499509, "median_commerce": 73.943586599625419, "median_entertainment": 19.07179571198154, "PC1_pos": 1.334364646674975, "nivvie": 21480.44744318182, "rel_education": 0.95984116678387166, "rel_sante": 0.67478396983660849, "rel_services": 0.78463665221435075, "rel_commerce": 0.55531491719244919, "rel_loisirs": 0.99573920546982064, "rel_pc1": 0.71954858782442654, "q_revenu": 2, "q_population": 4 }, "geometry": { "type": "Polygon", "coordinates": [ [ [ 3.109140039579007, 50.625403353066439 ], [ 3.108876445920087, 50.62719215784275 ], [ 3.11169242366157, 50.627361126472792 ], [ 3.111955911230237, 50.625572314291624 ], [ 3.109140039579007, 50.625403353066439 ] ] ] } },
{ "type": "Feature", "properties": { "idcar_200m": "CRS3035RES200mN3080000E3834400", "population": 477.5, "median_education": 20.653878396414306, "median_healthcare": 36.256900390994048, "median_services": 1.998916597074635, "median_commerce": 66.727870232398146, "median_entertainment": 20.543926563688551, "PC1_pos": 1.2774315624180483, "nivvie": 23572.66617801047, "rel_education": 0.92188893052048448, "rel_sante": 0.62529679700848551, "rel_services": 0.7224875157841808, "rel_commerce": 0.50112502566544948, "rel_loisirs": 1.0725992152331094, "rel_pc1": 0.68884774418349093, "q_revenu": 3, "q_population": 5 }, "geometry": { "type": "Polygon", "coordinates": [ [ [ 3.111955911230237, 50.625572314291624 ], [ 3.11169242366157, 50.627361126472792 ], [ 3.114508420004018, 50.627530026269106 ], [ 3.11477180147975, 50.625741206686087 ], [ 3.111955911230237, 50.625572314291624 ] ] ] } },
{ "type": "Feature", "properties": { "idcar_200m": "CRS3035RES200mN3080000E3834600", "population": 181.5, "median_education": 19.775210115835044, "median_healthcare": 31.643028710466169, "median_services": 1.7678433298849052, "median_commerce": 56.514318371347699, "median_entertainment": 21.830776461223866, "PC1_pos": 1.1339233211701003, "nivvie": 23205.70303030303, "rel_education": 0.88266944128372604, "rel_sante": 0.54572465618756572, "rel_services": 0.63896849802207623, "rel_commerce": 0.42442144707559587, "rel_loisirs": 1.1397856990798159, "rel_pc1": 0.61146173685150829, "q_revenu": 3, "q_population": 3 }, "geometry": { "type": "Polygon", "coordinates": [ [ [ 3.11477180147975, 50.625741206686087 ], [ 3.114508420004018, 50.627530026269106 ], [ 3.117324434940104, 50.627698857230996 ], [ 3.117587710320219, 50.625910030249059 ], [ 3.11477180147975, 50.625741206686087 ] ] ] } },
{ "type": "Feature", "properties": { "idcar_200m": "CRS3035RES200mN3080200E3828400", "population": 4.0, "median_education": 10.882004934116294, "median_healthcare": 24.651649412331171, "median_services": 1.5509600332208544, "median_commerce": 53.44883697178139, "median_entertainment": 9.9755665700560527, "PC1_pos": 0.95670908961929424, "nivvie": 23463.175, "rel_education": 0.48571990684193955, "rel_sante": 0.42514934404971005, "rel_services": 0.56057829682448068, "rel_commerce": 0.40139974055799799, "rel_loisirs": 0.52082472361732757, "rel_pc1": 0.51589996490819523, "q_revenu": 3, "q_population": 1 }, "geometry": { "type": "Polygon", "coordinates": [ [ [ 3.027221215758242, 50.622262128212697 ], [ 3.026954521358672, 50.624050715270037 ], [ 3.029770062508459, 50.624221687248692 ], [ 3.030036650886198, 50.622433092700234 ], [ 3.027221215758242, 50.622262128212697 ] ] ] } },
{ "type": "Feature", "properties": { "idcar_200m": "CRS3035RES200mN3080200E3828600", "population": 361.5, "median_education": 20.27803763484097, "median_healthcare": 48.014993015633237, "median_services": 2.7106865684420689, "median_commerce": 121.58509224292411, "median_entertainment": 18.578552252278833, "PC1_pos": 1.6871180088249358, "nivvie": 24927.841217150759, "rel_education": 0.90511322229354929, "rel_sante": 0.82808020038353625, "rel_services": 0.9797493340989718, "rel_commerce": 0.91310171085287506, "rel_loisirs": 0.9699869450070574, "rel_pc1": 0.9097688429981603, "q_revenu": 3, "q_population": 4 }, "geometry": { "type": "Polygon", "coordinates": [ [ [ 3.030036650886198, 50.622433092700234 ], [ 3.029770062508459, 50.624221687248692 ], [ 3.032585622474241, 50.624392590412079 ], [ 3.032852104827433, 50.622603988375445 ], [ 3.030036650886198, 50.622433092700234 ] ] ] } },
{ "type": "Feature", "properties": { "idcar_200m": "CRS3035RES200mN3080200E3828800", "population": 427.0, "median_education": 25.435275411616168, "median_healthcare": 60.340873999241609, "median_services": 3.3942224857002987, "median_commerce": 156.32384335958318, "median_entertainment": 22.982398589423958, "PC1_pos": 2.0880684326866419, "nivvie": 28305.515690866509, "rel_education": 1.1353072966082567, "rel_sante": 1.040655842985146, "rel_services": 1.2268062485955002, "rel_commerce": 1.1739890654813339, "rel_loisirs": 1.1999119357621342, "rel_pc1": 1.1259790910710543, "q_revenu": 4, "q_population": 4 }, "geometry": { "type": "Polygon", "coordinates": [ [ [ 3.032852104827433, 50.622603988375445 ], [ 3.032585622474241, 50.624392590412079 ], [ 3.035401201248701, 50.624563424759437 ], [ 3.035667577574638, 50.622774815237555 ], [ 3.032852104827433, 50.622603988375445 ] ] ] } },
{ "type": "Feature", "properties": { "idcar_200m": "CRS3035RES200mN3080200E3829000", "population": 348.5, "median_education": 28.962426233357917, "median_healthcare": 70.684823900657847, "median_services": 3.9359730185994701, "median_commerce": 195.82338727600066, "median_entertainment": 26.950164966506559, "PC1_pos": 2.640262860354778, "nivvie": 28734.919942611188, "rel_education": 1.2927421975227729, "rel_sante": 1.2190505394986524, "rel_services": 1.4226163175407951, "rel_commerce": 1.4706298827283026, "rel_loisirs": 1.4070691746226591, "rel_pc1": 1.4237468126778954, "q_revenu": 4, "q_population": 4 }, "geometry": { "type": "Polygon", "coordinates": [ [ [ 3.035667577574638, 50.622774815237555 ], [ 3.035401201248701, 50.624563424759437 ], [ 3.038216798824525, 50.624734190289999 ], [ 3.038483069120492, 50.622945573285882 ], [ 3.035667577574638, 50.622774815237555 ] ] ] } },
{ "type": "Feature", "properties": { "idcar_200m": "CRS3035RES200mN3080200E3829200", "population": 564.5, "median_education": 31.809579793203969, "median_healthcare": 80.087360640512415, "median_services": 4.4637996716311452, "median_commerce": 230.68773610704517, "median_entertainment": 30.574685477039992, "PC1_pos": 3.0688829067157357, "nivvie": 27135.834720992028, "rel_education": 1.4198253196336181, "rel_sante": 1.3812093573728372, "rel_services": 1.6133937456093936, "rel_commerce": 1.7324604737829461, "rel_loisirs": 1.5963055332682317, "rel_pc1": 1.6548777481690173, "q_revenu": 4, "q_population": 5 }, "geometry": { "type": "Polygon", "coordinates": [ [ [ 3.038483069120492, 50.622945573285882 ], [ 3.038216798824525, 50.624734190289999 ], [ 3.041032415194388, 50.62490488700309 ], [ 3.041298579457676, 50.62311626251963 ], [ 3.038483069120492, 50.622945573285882 ] ] ] } },
{ "type": "Feature", "properties": { "idcar_200m": "CRS3035RES200mN3080200E3829400", "population": 360.5, "median_education": 35.447925674515872, "median_healthcare": 92.649802174055566, "median_services": 5.0048468454624455, "median_commerce": 289.84462331085257, "median_entertainment": 34.366040248227961, "PC1_pos": 3.6449181679972074, "nivvie": 26854.001386962551, "rel_education": 1.5822234285509509, "rel_sante": 1.5978647903751049, "rel_services": 1.8089495927695503, "rel_commerce": 2.1767275621082476, "rel_loisirs": 1.7942523152351344, "rel_pc1": 1.9655015044450765, "q_revenu": 4, "q_population": 4 }, "geometry": { "type": "Polygon", "coordinates": [ [ [ 3.041298579457676, 50.62311626251963 ], [ 3.041032415194388, 50.62490488700309 ], [ 3.043848050350983, 50.625075514897937 ], [ 3.044114108578878, 50.623286882938118 ], [ 3.041298579457676, 50.62311626251963 ] ] ] } },
{ "type": "Feature", "properties": { "idcar_200m": "CRS3035RES200mN3080200E3829600", "population": 502.5, "median_education": 36.503188835186883, "median_healthcare": 96.238290320505669, "median_services": 5.0462915318210468, "median_commerce": 336.52077536316506, "median_entertainment": 35.666614984113622, "PC1_pos": 3.9652466191984264, "nivvie": 21632.934925373134, "rel_education": 1.6293252564951668, "rel_sante": 1.6597528756741871, "rel_services": 1.8239293415662243, "rel_commerce": 2.5272645688149709, "rel_loisirs": 1.8621553734328125, "rel_pc1": 2.1382368098027027, "q_revenu": 2, "q_population": 5 }, "geometry": { "type": "Polygon", "coordinates": [ [ [ 3.044114108578878, 50.623286882938118 ], [ 3.043848050350983, 50.625075514897937 ], [ 3.046663704286984, 50.625246073973798 ], [ 3.046929656476781, 50.623457434540512 ], [ 3.044114108578878, 50.623286882938118 ] ] ] } },
{ "type": "Feature", "properties": { "idcar_200m": "CRS3035RES200mN3080200E3829800", "population": 339.5, "median_education": 37.129421535110993, "median_healthcare": 99.591926919577219, "median_services": 5.1626765989086039, "median_commerce": 370.40407810690863, "median_entertainment": 36.313210568978477, "PC1_pos": 4.2439471863248457, "nivvie": 20570.738733431517, "rel_education": 1.657277246088086, "rel_sante": 1.71759064451586, "rel_services": 1.8659955078672712, "rel_commerce": 2.7817275225695561, "rel_loisirs": 1.89591415439171, "rel_pc1": 2.2885245141430359, "q_revenu": 2, "q_population": 4 }, "geometry": { "type": "Polygon", "coordinates": [ [ [ 3.046929656476781, 50.623457434540512 ], [ 3.046663704286984, 50.625246073973798 ], [ 3.049479376995071, 50.625416564229909 ], [ 3.049745223144065, 50.623627917326182 ], [ 3.046929656476781, 50.623457434540512 ] ] ] } },
{ "type": "Feature", "properties": { "idcar_200m": "CRS3035RES200mN3080200E3830000", "population": 365.5, "median_education": 38.262606359259188, "median_healthcare": 104.80801039871611, "median_services": 5.2522513969180773, "median_commerce": 389.0221966732243, "median_entertainment": 36.025445026794742, "PC1_pos": 4.3696787102274675, "nivvie": 24098.269220246239, "rel_education": 1.7078571190574838, "rel_sante": 1.8075487009757711, "rel_services": 1.8983713825713211, "rel_commerce": 2.9215492359240063, "rel_loisirs": 1.8808899040975644, "rel_pc1": 2.3563245272013718, "q_revenu": 3, "q_population": 4 }, "geometry": { "type": "Polygon", "coordinates": [ [ [ 3.049745223144065, 50.623627917326182 ], [ 3.049479376995071, 50.625416564229909 ], [ 3.052295068467929, 50.625586985665578 ], [ 3.052560808573407, 50.623798331294303 ], [ 3.049745223144065, 50.623627917326182 ] ] ] } },
{ "type": "Feature", "properties": { "idcar_200m": "CRS3035RES200mN3080200E3830200", "population": 578.0, "median_education": 38.98968245189117, "median_healthcare": 111.45486007951942, "median_services": 5.1659780803771547, "median_commerce": 370.03644302668556, "median_entertainment": 35.854343759660836, "PC1_pos": 4.3251871308036778, "nivvie": 27722.237370242212, "rel_education": 1.7403102684650003, "rel_sante": 1.9221821575256193, "rel_services": 1.8671887938443408, "rel_commerce": 2.7789665901679874, "rel_loisirs": 1.8719567001998443, "rel_pc1": 2.3323326946657601, "q_revenu": 4, "q_population": 5 }, "geometry": { "type": "Polygon", "coordinates": [ [ [ 3.052560808573407, 50.623798331294303 ], [ 3.052295068467929, 50.625586985665578 ], [ 3.055110778698238, 50.625757338280032 ], [ 3.055376412757495, 50.623968676444193 ], [ 3.052560808573407, 50.623798331294303 ] ] ] } },
{ "type": "Feature", "properties": { "idcar_200m": "CRS3035RES200mN3080200E3830400", "population": 599.0, "median_education": 39.920675795913333, "median_healthcare": 114.54595013255118, "median_services": 4.9338524120505154, "median_commerce": 355.62174794089435, "median_entertainment": 35.73486448678716, "PC1_pos": 4.2773539230582927, "nivvie": 25410.654257095161, "rel_education": 1.7818652946818334, "rel_sante": 1.9754919741007189, "rel_services": 1.7832893966886552, "rel_commerce": 2.6707125065344366, "rel_loisirs": 1.8657186826561367, "rel_pc1": 2.3065389079598031, "q_revenu": 4, "q_population": 5 }, "geometry": { "type": "Polygon", "coordinates": [ [ [ 3.055376412757495, 50.623968676444193 ], [ 3.055110778698238, 50.625757338280032 ], [ 3.057926507678675, 50.625927622072538 ], [ 3.058192035689012, 50.624138952775077 ], [ 3.055376412757495, 50.623968676444193 ] ] ] } },
{ "type": "Feature", "properties": { "idcar_200m": "CRS3035RES200mN3080200E3830600", "population": 523.0, "median_education": 40.641358482876036, "median_healthcare": 114.76976066167302, "median_services": 4.6499205179579519, "median_commerce": 331.17638803565694, "median_entertainment": 35.296480716678985, "PC1_pos": 4.1081622253833325, "nivvie": 30159.350669216063, "rel_education": 1.814033073477511, "rel_sante": 1.9793518740228706, "rel_services": 1.6806651805932731, "rel_commerce": 2.4871283224858733, "rel_loisirs": 1.8428306487483415, "rel_pc1": 2.2153032420292078, "q_revenu": 5, "q_population": 5 }, "geometry": { "type": "Polygon", "coordinates": [ [ [ 3.058192035689012, 50.624138952775077 ], [ 3.057926507678675, 50.625927622072538 ], [ 3.060742255401923, 50.626097837042366 ], [ 3.06100767736063, 50.624309160286231 ], [ 3.058192035689012, 50.624138952775077 ] ] ] } },
{ "type": "Feature", "properties": { "idcar_200m": "CRS3035RES200mN3080200E3830800", "population": 441.0, "median_education": 40.064943558753676, "median_healthcare": 111.03553565774519, "median_services": 4.3575078322588201, "median_commerce": 298.10860210995872, "median_entertainment": 34.010822389837571, "PC1_pos": 3.8610210564717278, "nivvie": 29183.273696145123, "rel_education": 1.7883047077083263, "rel_sante": 1.9149503695069172, "rel_services": 1.5749756709940599, "rel_commerce": 2.2387898843939378, "rel_loisirs": 1.7757063768545063, "rel_pc1": 2.0820337646590246, "q_revenu": 5, "q_population": 5 }, "geometry": { "type": "Polygon", "coordinates": [ [ [ 3.06100767736063, 50.624309160286231 ], [ 3.060742255401923, 50.626097837042366 ], [ 3.063558021860661, 50.626267983188754 ], [ 3.063823337765038, 50.624479298976915 ], [ 3.06100767736063, 50.624309160286231 ] ] ] } },
{ "type": "Feature", "properties": { "idcar_200m": "CRS3035RES200mN3080200E3831000", "population": 477.0, "median_education": 42.470188849025483, "median_healthcare": 124.55179687698465, "median_services": 4.6972952649206903, "median_commerce": 313.90069247855098, "median_entertainment": 37.258082311969901, "PC1_pos": 4.1304709989650696, "nivvie": 26584.910691823901, "rel_education": 1.8956631885577662, "rel_sante": 2.1480556475857844, "rel_services": 1.6977882878275139, "rel_commerce": 2.3573881801841354, "rel_loisirs": 1.9452459453172017, "rel_pc1": 2.2273331219925545, "q_revenu": 4, "q_population": 5 }, "geometry": { "type": "Polygon", "coordinates": [ [ [ 3.063823337765038, 50.624479298976915 ], [ 3.063558021860661, 50.626267983188754 ], [ 3.066373807047563, 50.62643806051102 ], [ 3.066639016894911, 50.624649368846406 ], [ 3.063823337765038, 50.624479298976915 ] ] ] } },
{ "type": "Feature", "properties": { "idcar_200m": "CRS3035RES200mN3080200E3831200", "population": 149.5, "median_education": 41.524607337837054, "median_healthcare": 121.25296016139606, "median_services": 4.6031376976290419, "median_commerce": 276.10616615064862, "median_entertainment": 34.768589149729998, "PC1_pos": 3.8843844989447236, "nivvie": 31364.102341137124, "rel_education": 1.8534570173322795, "rel_sante": 2.0911629730916372, "rel_services": 1.6637560190553293, "rel_commerce": 2.0735520123262288, "rel_loisirs": 1.8152694092412627, "rel_pc1": 2.0946323688561996, "q_revenu": 5, "q_population": 2 }, "geometry": { "type": "Polygon", "coordinates": [ [ [ 3.066639016894911, 50.624649368846406 ], [ 3.066373807047563, 50.62643806051102 ], [ 3.069189610955317, 50.626608069008348 ], [ 3.069454714742929, 50.624819369893935 ], [ 3.066639016894911, 50.624649368846406 ] ] ] } },
{ "type": "Feature", "properties": { "idcar_200m": "CRS3035RES200mN3080200E3831400", "population": 10.0, "median_education": 41.091558478226816, "median_healthcare": 118.15682582610766, "median_services": 4.5468304818945491, "median_commerce": 256.49778466157954, "median_entertainment": 33.226652105158848, "PC1_pos": 3.5641838463158866, "nivvie": 17484.16, "rel_education": 1.8341278171507529, "rel_sante": 2.0377661613927329, "rel_services": 1.6434043643258254, "rel_commerce": 1.9262934434142429, "rel_loisirs": 1.7347648153984714, "rel_pc1": 1.9219659781558318, "q_revenu": 1, "q_population": 1 }, "geometry": { "type": "Polygon", "coordinates": [ [ [ 3.069454714742929, 50.624819369893935 ], [ 3.069189610955317, 50.626608069008348 ], [ 3.072005433576592, 50.626778008680084 ], [ 3.072270431301771, 50.62498930211877 ], [ 3.069454714742929, 50.624819369893935 ] ] ] } },
{ "type": "Feature", "properties": { "idcar_200m": "CRS3035RES200mN3080200E3832000", "population": 122.5, "median_education": 30.129767557245167, "median_healthcare": 76.027270126616742, "median_services": 3.3344754336091285, "median_commerce": 164.1160086525521, "median_entertainment": 22.764587131799171, "PC1_pos": 2.4041536718697554, "nivvie": 24014.936326530613, "rel_education": 1.3448466509322405, "rel_sante": 1.311187883762972, "rel_services": 1.2052113009603909, "rel_commerce": 1.2325080773848873, "rel_loisirs": 1.1885399909787031, "rel_pc1": 1.2964262683498413, "q_revenu": 3, "q_population": 2 }, "geometry": { "type": "Polygon", "coordinates": [ [ [ 3.077901920522646, 50.625328960097484 ], [ 3.077637134930425, 50.62711768154368 ], [ 3.080453013648339, 50.627287414734077 ], [ 3.080717693170034, 50.625498685849863 ], [ 3.077901920522646, 50.625328960097484 ] ] ] } },
{ "type": "Feature", "properties": { "idcar_200m": "CRS3035RES200mN3080200E3832200", "population": 111.5, "median_education": 25.59690891363579, "median_healthcare": 63.620716456567102, "median_services": 2.8359657233060709, "median_commerce": 138.1652189197444, "median_entertainment": 19.177641606294802, "PC1_pos": 1.9686886889632738, "nivvie": 20120.193721973093, "rel_education": 1.1425218319828341, "rel_sante": 1.0972209371090633, "rel_services": 1.0250301754855997, "rel_commerce": 1.0376181442040457, "rel_loisirs": 1.0012654237817922, "rel_pc1": 1.0616042395452443, "q_revenu": 2, "q_population": 2 }, "geometry": { "type": "Polygon", "coordinates": [ [ [ 3.080717693170034, 50.625498685849863 ], [ 3.080453013648339, 50.627287414734077 ], [ 3.083268911050485, 50.627457079095883 ], [ 3.083533484498959, 50.625668342776628 ], [ 3.080717693170034, 50.625498685849863 ] ] ] } },
{ "type": "Feature", "properties": { "idcar_200m": "CRS3035RES200mN3080200E3832600", "population": 170.5, "median_education": 20.570197727487599, "median_healthcare": 43.643013648897472, "median_services": 1.9179197329849662, "median_commerce": 110.14825097007052, "median_entertainment": 14.919154137089031, "PC1_pos": 1.3854099661539518, "nivvie": 21178.618181818183, "rel_education": 0.91815383143151752, "rel_sante": 0.75267980307637672, "rel_services": 0.6932120456579659, "rel_commerce": 0.82721125224195824, "rel_loisirs": 0.7789296252483473, "rel_pc1": 0.74707448761326523, "q_revenu": 2, "q_population": 2 }, "geometry": { "type": "Polygon", "coordinates": [ [ [ 3.086349294502099, 50.625837930877012 ], [ 3.086084827129543, 50.627626674628402 ], [ 3.088900761878182, 50.627796201330845 ], [ 3.089165123172131, 50.626007450150297 ], [ 3.086349294502099, 50.625837930877012 ] ] ] } },
{ "type": "Feature", "properties": { "idcar_200m": "CRS3035RES200mN3080200E3832800", "population": 319.0, "median_education": 20.352130037117828, "median_healthcare": 42.708964891524367, "median_services": 1.8780758851427788, "median_commerce": 106.71512519626953, "median_entertainment": 14.616048689257022, "PC1_pos": 1.3826960039592262, "nivvie": 20265.53354231975, "rel_education": 0.90842034767618751, "rel_sante": 0.73657093304235044, "rel_services": 0.67881090321464765, "rel_commerce": 0.80142854352494264, "rel_loisirs": 0.76310447787597857, "rel_pc1": 0.74561099885141147, "q_revenu": 2, "q_population": 4 }, "geometry": { "type": "Polygon", "coordinates": [ [ [ 3.089165123172131, 50.626007450150297 ], [ 3.088900761878182, 50.627796201330845 ], [ 3.091716715289082, 50.627965659202509 ], [ 3.091980970501732, 50.626176900595731 ], [ 3.089165123172131, 50.626007450150297 ] ] ] } },
{ "type": "Feature", "properties": { "idcar_200m": "CRS3035RES200mN3080200E3833200", "population": 209.5, "median_education": 19.058431958585889, "median_healthcare": 39.881071399609468, "median_services": 1.7818535914577951, "median_commerce": 95.571908859069225, "median_entertainment": 13.778964577054676, "PC1_pos": 1.2551239253999587, "nivvie": 18051.311217183771, "rel_education": 0.85067594175186145, "rel_sante": 0.68780027907837415, "rel_services": 0.64403236066351777, "rel_commerce": 0.71774320254932267, "rel_loisirs": 0.71940028340035667, "rel_pc1": 0.6768184771056619, "q_revenu": 1, "q_population": 3 }, "geometry": { "type": "Polygon", "coordinates": [ [ [ 3.094796836483576, 50.626346282212623 ], [ 3.094532687354916, 50.628135048242655 ], [ 3.097348678068364, 50.628304368450529 ], [ 3.09761272111034, 50.626515595000185 ], [ 3.094796836483576, 50.626346282212623 ] ] ] } },
{ "type": "Feature", "properties": { "idcar_200m": "CRS3035RES200mN3080200E3833400", "population": 241.5, "median_education": 18.875568521128372, "median_healthcare": 38.770450072805708, "median_services": 1.8539204704760577, "median_commerce": 88.325065681378291, "median_entertainment": 13.853199879696215, "PC1_pos": 1.2122271896016299, "nivvie": 21350.041407867495, "rel_education": 0.8425138050551394, "rel_sante": 0.66864618838527656, "rel_services": 0.67008018100200673, "rel_commerce": 0.66331954927272474, "rel_loisirs": 0.72327611147582516, "rel_pc1": 0.65368665497377398, "q_revenu": 2, "q_population": 3 }, "geometry": { "type": "Polygon", "coordinates": [ [ [ 3.09761272111034, 50.626515595000185 ], [ 3.097348678068364, 50.628304368450529 ], [ 3.100164687422094, 50.628473619825435 ], [ 3.100428624374698, 50.626684838957722 ], [ 3.09761272111034, 50.626515595000185 ] ] ] } },
{ "type": "Feature", "properties": { "idcar_200m": "CRS3035RES200mN3080200E3833600", "population": 272.0, "median_education": 19.299457725503217, "median_healthcare": 38.675321939155253, "median_services": 2.0072245367621377, "median_commerce": 84.251765139311459, "median_entertainment": 15.058736924656204, "PC1_pos": 1.2136904866565394, "nivvie": 19685.467647058824, "rel_education": 0.86143416266449513, "rel_sante": 0.66700558158669321, "rel_services": 0.72549033376812921, "rel_commerce": 0.63272914032400251, "rel_loisirs": 0.78621724808619486, "rel_pc1": 0.65447572963342671, "q_revenu": 2, "q_population": 3 }, "geometry": { "type": "Polygon", "coordinates": [ [ [ 3.100428624374698, 50.626684838957722 ], [ 3.100164687422094, 50.628473619825435 ], [ 3.102980715408783, 50.628642802366585 ], [ 3.103244546269325, 50.626854014084479 ], [ 3.100428624374698, 50.626684838957722 ] ] ] } },
{ "type": "Feature", "properties": { "idcar_200m": "CRS3035RES200mN3080200E3833800", "population": 387.5, "median_education": 20.662893684675602, "median_healthcare": 40.432726077270658, "median_services": 2.1970248375665116, "median_commerce": 83.698083883391291, "median_entertainment": 16.240311634598498, "PC1_pos": 1.3414994740447668, "nivvie": 23136.802838709675, "rel_education": 0.92229132925131962, "rel_sante": 0.69731427225695186, "rel_services": 0.7940916691234543, "rel_commerce": 0.62857100471114491, "rel_loisirs": 0.8479073102412773, "rel_pc1": 0.72339600312510732, "q_revenu": 3, "q_population": 4 }, "geometry": { "type": "Polygon", "coordinates": [ [ [ 3.103244546269325, 50.626854014084479 ], [ 3.102980715408783, 50.628642802366585 ], [ 3.1057967620211, 50.628811916073296 ], [ 3.106060486786898, 50.627023120379754 ], [ 3.103244546269325, 50.626854014084479 ] ] ] } },
{ "type": "Feature", "properties": { "idcar_200m": "CRS3035RES200mN3080200E3834000", "population": 148.0, "median_education": 22.316845772360814, "median_healthcare": 41.00980952723053, "median_services": 2.3321379295292699, "median_commerce": 81.583502463381961, "median_entertainment": 18.462457984828518, "PC1_pos": 1.4024553054449425, "nivvie": 21401.366216216218, "rel_education": 0.99611572639277624, "rel_sante": 0.70726681726149254, "rel_services": 0.8429268843119988, "rel_commerce": 0.61269053880262325, "rel_loisirs": 0.96392565872985836, "rel_pc1": 0.75626609040818549, "q_revenu": 2, "q_population": 2 }, "geometry": { "type": "Polygon", "coordinates": [ [ [ 3.106060486786898, 50.627023120379754 ], [ 3.1057967620211, 50.628811916073296 ], [ 3.108612827251723, 50.628980960944794 ], [ 3.108876445920087, 50.62719215784275 ], [ 3.106060486786898, 50.627023120379754 ] ] ] } },
{ "type": "Feature", "properties": { "idcar_200m": "CRS3035RES200mN3080200E3834200", "population": 175.0, "median_education": 21.879256824970788, "median_healthcare": 37.938389198043772, "median_services": 2.2511312754587305, "median_commerce": 74.204146332453575, "median_entertainment": 19.40277053011237, "PC1_pos": 1.3634512248564095, "nivvie": 20854.309714285715, "rel_education": 0.97658387871873309, "rel_sante": 0.65429623032780415, "rel_services": 0.81364787569950126, "rel_commerce": 0.55727171578868995, "rel_loisirs": 1.013019413763425, "rel_pc1": 0.73523336057919653, "q_revenu": 2, "q_population": 2 }, "geometry": { "type": "Polygon", "coordinates": [ [ [ 3.108876445920087, 50.62719215784275 ], [ 3.108612827251723, 50.628980960944794 ], [ 3.111428911093326, 50.629149936980369 ], [ 3.11169242366157, 50.627361126472792 ], [ 3.108876445920087, 50.62719215784275 ] ] ] } },
{ "type": "Feature", "properties": { "idcar_200m": "CRS3035RES200mN3080200E3834400", "population": 434.5, "median_education": 21.641352896664234, "median_healthcare": 35.038634495830067, "median_services": 1.9971523225854677, "median_commerce": 65.538066874320378, "median_entertainment": 21.946244998705644, "PC1_pos": 1.3119964231415107, "nivvie": 23878.309090909093, "rel_education": 0.96596500153626519, "rel_sante": 0.60428623753054589, "rel_services": 0.72184983720634255, "rel_commerce": 0.4921896252656317, "rel_loisirs": 1.1458143159707066, "rel_pc1": 0.70748664981089204, "q_revenu": 3, "q_population": 4 }, "geometry": { "type": "Polygon", "coordinates": [ [ [ 3.11169242366157, 50.627361126472792 ], [ 3.111428911093326, 50.629149936980369 ], [ 3.114245013538576, 50.629318844179302 ], [ 3.114508420004018, 50.627530026269106 ], [ 3.11169242366157, 50.627361126472792 ] ] ] } },
{ "type": "Feature", "properties": { "idcar_200m": "CRS3035RES200mN3080200E3834600", "population": 307.0, "median_education": 20.910221149277341, "median_healthcare": 31.363605765329737, "median_services": 1.8050755317656515, "median_commerce": 56.308402457493166, "median_entertainment": 23.584595043483162, "PC1_pos": 1.2397692871585788, "nivvie": 25978.69641693811, "rel_education": 0.93333082737626372, "rel_sante": 0.54090564875118019, "rel_services": 0.65242568832374404, "rel_commerce": 0.42287502251182824, "rel_loisirs": 1.2313526363525324, "rel_pc1": 0.66853857528821592, "q_revenu": 4, "q_population": 4 }, "geometry": { "type": "Polygon", "coordinates": [ [ [ 3.114508420004018, 50.627530026269106 ], [ 3.114245013538576, 50.629318844179302 ], [ 3.117061134580148, 50.629487682540827 ], [ 3.117324434940104, 50.627698857230996 ], [ 3.114508420004018, 50.627530026269106 ] ] ] } },
{ "type": "Feature", "properties": { "idcar_200m": "CRS3035RES200mN3080200E3834800", "population": 124.0, "median_education": 20.619917864907563, "median_healthcare": 28.857901283232785, "median_services": 1.638486903076702, "median_commerce": 48.247955305440833, "median_entertainment": 24.067919713824079, "PC1_pos": 1.1419699316617289, "nivvie": 26977.160483870968, "rel_education": 0.92037309715157622, "rel_sante": 0.49769155791581982, "rel_services": 0.5922139692977908, "rel_commerce": 0.36234121899196048, "rel_loisirs": 1.2565870364319587, "rel_pc1": 0.61580082604309627, "q_revenu": 4, "q_population": 2 }, "geometry": { "type": "Polygon", "coordinates": [ [ [ 3.117324434940104, 50.627698857230996 ], [ 3.117061134580148, 50.629487682540827 ], [ 3.119877274210714, 50.629656452064218 ], [ 3.1201404684625, 50.627867619357716 ], [ 3.117324434940104, 50.627698857230996 ] ] ] } },
{ "type": "Feature", "properties": { "idcar_200m": "CRS3035RES200mN3080200E3835000", "population": 9.0, "median_education": 21.854042664067663, "median_healthcare": 27.393286246550531, "median_services": 1.7013513722061107, "median_commerce": 43.923844499351659, "median_entertainment": 23.010463312546484, "PC1_pos": 1.1192045683384317, "nivvie": 23435.466666666667, "rel_education": 0.9754584409010596, "rel_sante": 0.4724323912079188, "rel_services": 0.61493567474506505, "rel_commerce": 0.32986722977074318, "rel_loisirs": 1.2013771960619914, "rel_pc1": 0.60352473264433393, "q_revenu": 3, "q_population": 1 }, "geometry": { "type": "Polygon", "coordinates": [ [ [ 3.1201404684625, 50.627867619357716 ], [ 3.119877274210714, 50.629656452064218 ], [ 3.122693432422944, 50.629825152748801 ], [ 3.12295652056388, 50.628036312648504 ], [ 3.1201404684625, 50.627867619357716 ] ] ] } },
{ "type": "Feature", "properties": { "idcar_200m": "CRS3035RES200mN3080400E3828600", "population": 435.5, "median_education": 19.733469065000413, "median_healthcare": 47.226088800717108, "median_services": 2.7171603241765641, "median_commerce": 117.00037126416444, "median_entertainment": 18.82613911602137, "PC1_pos": 1.6176864578522596, "nivvie": 24797.195177956371, "rel_education": 0.88080632327875996, "rel_sante": 0.81447453433338257, "rel_services": 0.98208920545991496, "rel_commerce": 0.87867054423316848, "rel_loisirs": 0.98291346491691989, "rel_pc1": 0.87232827187890916, "q_revenu": 3, "q_population": 4 }, "geometry": { "type": "Polygon", "coordinates": [ [ [ 3.029770062508459, 50.624221687248692 ], [ 3.029503448841747, 50.626010280102875 ], [ 3.032319114841927, 50.626181190755169 ], [ 3.032585622474241, 50.624392590412079 ], [ 3.029770062508459, 50.624221687248692 ] ] ] } },
{ "type": "Feature", "properties": { "idcar_200m": "CRS3035RES200mN3080400E3828800", "population": 303.0, "median_education": 24.376093138594673, "median_healthcare": 59.906674647565538, "median_services": 3.357361036530611, "median_commerce": 153.97407737691992, "median_entertainment": 23.226546606756873, "PC1_pos": 2.1993822809223276, "nivvie": 30661.108580858086, "rel_education": 1.0880305385020619, "rel_sante": 1.0331675177025565, "rel_services": 1.2134830629869622, "rel_commerce": 1.1563423680179072, "rel_loisirs": 1.2126589133654744, "rel_pc1": 1.1860044540802408, "q_revenu": 5, "q_population": 4 }, "geometry": { "type": "Polygon", "coordinates": [ [ [ 3.032585622474241, 50.624392590412079 ], [ 3.032319114841927, 50.626181190755169 ], [ 3.035134799653501, 50.626352032588471 ], [ 3.035401201248701, 50.624563424759437 ], [ 3.032585622474241, 50.624392590412079 ] ] ] } },
{ "type": "Feature", "properties": { "idcar_200m": "CRS3035RES200mN3080400E3829000", "population": 216.0, "median_education": 27.770144103116969, "median_healthcare": 71.021088302132156, "median_services": 3.9389011495750905, "median_commerce": 191.77963328125665, "median_entertainment": 27.517340982314934, "PC1_pos": 2.6696066027228551, "nivvie": 35720.508333333331, "rel_education": 1.2395245075165542, "rel_sante": 1.2248498508275956, "rel_services": 1.4236746598836236, "rel_commerce": 1.4402613677832989, "rel_loisirs": 1.4366814567523261, "rel_pc1": 1.4395702597656512, "q_revenu": 5, "q_population": 3 }, "geometry": { "type": "Polygon", "coordinates": [ [ [ 3.035401201248701, 50.624563424759437 ], [ 3.035134799653501, 50.626352032588471 ], [ 3.03795050326915, 50.626522805602072 ], [ 3.038216798824525, 50.624734190289999 ], [ 3.035401201248701, 50.624563424759437 ] ] ] } },
{ "type": "Feature", "properties": { "idcar_200m": "CRS3035RES200mN3080400E3829200", "population": 227.0, "median_education": 33.311103957328193, "median_healthcare": 87.793029938556614, "median_services": 4.8443273098361308, "median_commerce": 248.28023858020885, "median_entertainment": 33.536901113094203, "PC1_pos": 3.3352366102416449, "nivvie": 28367.348898678414, "rel_education": 1.4868460737625597, "rel_sante": 1.5141035176268258, "rel_services": 1.7509314840104302, "rel_commerce": 1.8645798299482088, "rel_loisirs": 1.7509629283252617, "rel_pc1": 1.7985074761533777, "q_revenu": 4, "q_population": 3 }, "geometry": { "type": "Polygon", "coordinates": [ [ [ 3.038216798824525, 50.624734190289999 ], [ 3.03795050326915, 50.626522805602072 ], [ 3.040766225681551, 50.626693509795189 ], [ 3.041032415194388, 50.62490488700309 ], [ 3.038216798824525, 50.624734190289999 ] ] ] } },
{ "type": "Feature", "properties": { "idcar_200m": "CRS3035RES200mN3080400E3829400", "population": 469.0, "median_education": 34.620792536813177, "median_healthcare": 92.328235437507772, "median_services": 5.0754834983342434, "median_commerce": 290.68621889771975, "median_entertainment": 35.301364685384065, "PC1_pos": 3.6922775091336417, "nivvie": 28003.014925373136, "rel_education": 1.5453042180724399, "rel_sante": 1.5923189591479614, "rel_services": 1.8344804728129407, "rel_commerce": 2.1830479288245823, "rel_loisirs": 1.8430856409468412, "rel_pc1": 1.9910397612626054, "q_revenu": 4, "q_population": 5 }, "geometry": { "type": "Polygon", "coordinates": [ [ [ 3.041032415194388, 50.62490488700309 ], [ 3.040766225681551, 50.626693509795189 ], [ 3.04358196688339, 50.62686414516714 ], [ 3.043848050350983, 50.625075514897937 ], [ 3.041032415194388, 50.62490488700309 ] ] ] } },
{ "type": "Feature", "properties": { "idcar_200m": "CRS3035RES200mN3080400E3829600", "population": 578.5, "median_education": 35.366243004691754, "median_healthcare": 97.125598265082644, "median_services": 5.0764063449955437, "median_commerce": 347.89036751027618, "median_entertainment": 36.912869881655141, "PC1_pos": 4.0606426454638607, "nivvie": 25393.007433016424, "rel_education": 1.5785775104487465, "rel_sante": 1.6750556403816186, "rel_services": 1.834814026095128, "rel_commerce": 2.6126499877813392, "rel_loisirs": 1.9272223907305734, "rel_pc1": 2.1896785773543241, "q_revenu": 4, "q_population": 5 }, "geometry": { "type": "Polygon", "coordinates": [ [ [ 3.043848050350983, 50.625075514897937 ], [ 3.04358196688339, 50.62686414516714 ], [ 3.046397726867348, 50.627034711717123 ], [ 3.046663704286984, 50.625246073973798 ], [ 3.043848050350983, 50.625075514897937 ] ] ] } },
{ "type": "Feature", "properties": { "idcar_200m": "CRS3035RES200mN3080400E3829800", "population": 485.0, "median_education": 37.66326125998031, "median_healthcare": 106.84728121088204, "median_services": 5.3735343422428024, "median_commerce": 416.64096103694646, "median_entertainment": 39.326558704728512, "PC1_pos": 4.5730995430866344, "nivvie": 26173.806804123713, "rel_education": 1.6811052615137296, "rel_sante": 1.8427185443250111, "rel_services": 1.9422078357794674, "rel_commerce": 3.1289656265927794, "rel_loisirs": 2.0532411792722609, "rel_pc1": 2.4660180606613715, "q_revenu": 4, "q_population": 5 }, "geometry": { "type": "Polygon", "coordinates": [ [ [ 3.046663704286984, 50.625246073973798 ], [ 3.046397726867348, 50.627034711717123 ], [ 3.049213505626099, 50.627205209444462 ], [ 3.049479376995071, 50.625416564229909 ], [ 3.046663704286984, 50.625246073973798 ] ] ] } },
{ "type": "Feature", "properties": { "idcar_200m": "CRS3035RES200mN3080400E3830000", "population": 277.5, "median_education": 38.036787970257585, "median_healthcare": 113.08469950206006, "median_services": 5.3697185140069665, "median_commerce": 420.22972661820705, "median_entertainment": 38.215334790457639, "PC1_pos": 4.6479097288336249, "nivvie": 21532.881081081083, "rel_education": 1.6977776817172945, "rel_sante": 1.9502908308971016, "rel_services": 1.9408286445381706, "rel_commerce": 3.1559171872787863, "rel_loisirs": 1.9952241349307043, "rel_pc1": 2.5063590301581766, "q_revenu": 2, "q_population": 3 }, "geometry": { "type": "Polygon", "coordinates": [ [ [ 3.049479376995071, 50.625416564229909 ], [ 3.049213505626099, 50.627205209444462 ], [ 3.05202930315233, 50.627375638348369 ], [ 3.052295068467929, 50.625586985665578 ], [ 3.049479376995071, 50.625416564229909 ] ] ] } },
{ "type": "Feature", "properties": { "idcar_200m": "CRS3035RES200mN3080400E3830200", "population": 371.5, "median_education": 38.227447803765429, "median_healthcare": 115.82251202333116, "median_services": 5.1344473274585916, "median_commerce": 398.28815849221627, "median_entertainment": 37.293235871850996, "PC1_pos": 4.5053967623908369, "nivvie": 22324.110632570657, "rel_education": 1.7062878117099392, "rel_sante": 1.9975079228685317, "rel_services": 1.855792332691196, "rel_commerce": 2.991136431471916, "rel_loisirs": 1.9470813140634939, "rel_pc1": 2.4295097191350585, "q_revenu": 2, "q_population": 4 }, "geometry": { "type": "Polygon", "coordinates": [ [ [ 3.052295068467929, 50.625586985665578 ], [ 3.05202930315233, 50.627375638348369 ], [ 3.054845119438717, 50.627545998428126 ], [ 3.055110778698238, 50.625757338280032 ], [ 3.052295068467929, 50.625586985665578 ] ] ] } },
{ "type": "Feature", "properties": { "idcar_200m": "CRS3035RES200mN3080400E3830400", "population": 815.0, "median_education": 39.938089153866017, "median_healthcare": 123.50041428555166, "median_services": 5.0792312827770001, "median_commerce": 385.14220406037782, "median_entertainment": 38.214613441045486, "PC1_pos": 4.527345630244243, "nivvie": 17754.0381595092, "rel_education": 1.7826425425009431, "rel_sante": 2.1299232049400021, "rel_services": 1.8358350703362716, "rel_commerce": 2.8924105658162587, "rel_loisirs": 1.9951864732494777, "rel_pc1": 2.4413455219702263, "q_revenu": 1, "q_population": 5 }, "geometry": { "type": "Polygon", "coordinates": [ [ [ 3.055110778698238, 50.625757338280032 ], [ 3.054845119438717, 50.627545998428126 ], [ 3.057660954477941, 50.627716289682972 ], [ 3.057926507678675, 50.625927622072538 ], [ 3.055110778698238, 50.625757338280032 ] ] ] } },
{ "type": "Feature", "properties": { "idcar_200m": "CRS3035RES200mN3080400E3830600", "population": 436.0, "median_education": 39.902568417279888, "median_healthcare": 121.22588198028586, "median_services": 4.8670541713291353, "median_commerce": 355.25683232778772, "median_entertainment": 37.256030014522182, "PC1_pos": 4.3375656529463624, "nivvie": 29065.933944954126, "rel_education": 1.7810570691465357, "rel_sante": 2.0906959750930652, "rel_services": 1.7591458706064904, "rel_commerce": 2.6679719972787557, "rel_loisirs": 1.9451387947866046, "rel_pc1": 2.3390077427115226, "q_revenu": 4, "q_population": 5 }, "geometry": { "type": "Polygon", "coordinates": [ [ [ 3.057926507678675, 50.625927622072538 ], [ 3.057660954477941, 50.627716289682972 ], [ 3.060476808262674, 50.627886512112205 ], [ 3.060742255401923, 50.626097837042366 ], [ 3.057926507678675, 50.625927622072538 ] ] ] } },
{ "type": "Feature", "properties": { "idcar_200m": "CRS3035RES200mN3080400E3830800", "population": 294.0, "median_education": 41.052570893594606, "median_healthcare": 127.09262812318322, "median_services": 4.9791316977447915, "median_commerce": 350.47948715900708, "median_entertainment": 38.065760501537255, "PC1_pos": 4.326295154290956, "nivvie": 30492.753741496599, "rel_education": 1.8323876005187811, "rel_sante": 2.1918755445668752, "rel_services": 1.7996551213445089, "rel_commerce": 2.6320942266863483, "rel_loisirs": 1.9874148554135831, "rel_pc1": 2.3329301900636894, "q_revenu": 5, "q_population": 3 }, "geometry": { "type": "Polygon", "coordinates": [ [ [ 3.060742255401923, 50.626097837042366 ], [ 3.060476808262674, 50.627886512112205 ], [ 3.063292680785604, 50.628056665715057 ], [ 3.063558021860661, 50.626267983188754 ], [ 3.060742255401923, 50.626097837042366 ] ] ] } },
{ "type": "Feature", "properties": { "idcar_200m": "CRS3035RES200mN3080400E3831000", "population": 275.5, "median_education": 40.689771240650813, "median_healthcare": 124.8577129601011, "median_services": 4.8091839840792936, "median_commerce": 323.25462712725312, "median_entertainment": 37.33175462696618, "PC1_pos": 4.1709623929694262, "nivvie": 31049.425771324866, "rel_education": 1.8161939841128851, "rel_sante": 2.1533315632008323, "rel_services": 1.7382292961554642, "rel_commerce": 2.4276360499959297, "rel_loisirs": 1.949092379785532, "rel_pc1": 2.2491678771679697, "q_revenu": 5, "q_population": 3 }, "geometry": { "type": "Polygon", "coordinates": [ [ [ 3.063558021860661, 50.626267983188754 ], [ 3.063292680785604, 50.628056665715057 ], [ 3.066108572039399, 50.628226750490811 ], [ 3.066373807047563, 50.62643806051102 ], [ 3.063558021860661, 50.626267983188754 ] ] ] } },
{ "type": "Feature", "properties": { "idcar_200m": "CRS3035RES200mN3080400E3831200", "population": 250.0, "median_education": 40.784257964358851, "median_healthcare": 122.44765491922868, "median_services": 4.7602757106903626, "median_commerce": 293.40671566768543, "median_entertainment": 35.699641055113183, "PC1_pos": 3.9986432007466659, "nivvie": 30911.7328, "rel_education": 1.8204114130623414, "rel_sante": 2.111767018043619, "rel_services": 1.7205519118194819, "rel_commerce": 2.2034788073903711, "rel_loisirs": 1.8638796659007857, "rel_pc1": 2.1562457274932902, "q_revenu": 5, "q_population": 3 }, "geometry": { "type": "Polygon", "coordinates": [ [ [ 3.066373807047563, 50.62643806051102 ], [ 3.066108572039399, 50.628226750490811 ], [ 3.068924482016744, 50.628396766438719 ], [ 3.069189610955317, 50.626608069008348 ], [ 3.066373807047563, 50.62643806051102 ] ] ] } },
{ "type": "Feature", "properties": { "idcar_200m": "CRS3035RES200mN3080400E3831400", "population": 90.0, "median_education": 40.398103235702592, "median_healthcare": 118.85841743391381, "median_services": 4.6825447372899474, "median_commerce": 276.33595514619213, "median_entertainment": 34.336977582150396, "PC1_pos": 3.7399712639744296, "nivvie": 27593.226666666666, "rel_education": 1.8031753393824388, "rel_sante": 2.0498660094337473, "rel_services": 1.692456863755075, "rel_commerce": 2.0752777232756165, "rel_loisirs": 1.7927349522942799, "rel_pc1": 2.0167583487785805, "q_revenu": 4, "q_population": 2 }, "geometry": { "type": "Polygon", "coordinates": [ [ [ 3.069189610955317, 50.626608069008348 ], [ 3.068924482016744, 50.628396766438719 ], [ 3.071740410710315, 50.628566713558037 ], [ 3.072005433576592, 50.626778008680084 ], [ 3.069189610955317, 50.626608069008348 ] ] ] } },
{ "type": "Feature", "properties": { "idcar_200m": "CRS3035RES200mN3080400E3831800", "population": 186.5, "median_education": 33.217301233745985, "median_healthcare": 83.338625988445244, "median_services": 3.7470357067395956, "median_commerce": 199.27037927430629, "median_entertainment": 25.939185835657128, "PC1_pos": 2.8147982535754847, "nivvie": 12920.805361930295, "rel_education": 1.4826591752603335, "rel_sante": 1.4372816025554966, "rel_services": 1.3543269005214191, "rel_commerce": 1.4965167265254065, "rel_loisirs": 1.3542859143727521, "rel_pc1": 1.5178640362046747, "q_revenu": 1, "q_population": 3 }, "geometry": { "type": "Polygon", "coordinates": [ [ [ 3.07482127490407, 50.626947879525446 ], [ 3.074556358112783, 50.628736591848018 ], [ 3.077372324216833, 50.628906401307965 ], [ 3.077637134930425, 50.62711768154368 ], [ 3.07482127490407, 50.626947879525446 ] ] ] } },
{ "type": "Feature", "properties": { "idcar_200m": "CRS3035RES200mN3080400E3832000", "population": 523.0, "median_education": 30.534194112866487, "median_healthcare": 75.354321482229054, "median_services": 3.3976974506209645, "median_commerce": 176.29373538508113, "median_entertainment": 23.316920229444875, "PC1_pos": 2.4706723100833146, "nivvie": 24237.370936902487, "rel_education": 1.3628982903231528, "rel_sante": 1.2995820204004398, "rel_services": 1.2280622383534738, "rel_commerce": 1.3239625715884575, "rel_loisirs": 1.2173773237663494, "rel_pc1": 1.3322960677407636, "q_revenu": 3, "q_population": 5 }, "geometry": { "type": "Polygon", "coordinates": [ [ [ 3.077637134930425, 50.62711768154368 ], [ 3.077372324216833, 50.628906401307965 ], [ 3.080188309015134, 50.629076141937098 ], [ 3.080453013648339, 50.627287414734077 ], [ 3.077637134930425, 50.62711768154368 ] ] ] } },
{ "type": "Feature", "properties": { "idcar_200m": "CRS3035RES200mN3080400E3832200", "population": 164.0, "median_education": 26.38908685797286, "median_healthcare": 64.302990823047054, "median_services": 2.9103009017167176, "median_commerce": 147.94583929185231, "median_entertainment": 19.780153134061756, "PC1_pos": 2.0717710375502163, "nivvie": 25470.551829268294, "rel_education": 1.1778808122126008, "rel_sante": 1.1089876345222509, "rel_services": 1.0518978489362478, "rel_commerce": 1.1110704156151732, "rel_loisirs": 1.0327225743828845, "rel_pc1": 1.1171908129307027, "q_revenu": 4, "q_population": 2 }, "geometry": { "type": "Polygon", "coordinates": [ [ [ 3.080453013648339, 50.627287414734077 ], [ 3.080188309015134, 50.629076141937098 ], [ 3.083004312500366, 50.629245813734713 ], [ 3.083268911050485, 50.627457079095883 ], [ 3.080453013648339, 50.627287414734077 ] ] ] } },
{ "type": "Feature", "properties": { "idcar_200m": "CRS3035RES200mN3080400E3832400", "population": 13.0, "median_education": 18.498315625810363, "median_healthcare": 40.462806760603023, "median_services": 1.7550001346609685, "median_commerce": 108.1194896229449, "median_entertainment": 13.617579097994145, "PC1_pos": 1.3032750879565833, "nivvie": 17708.346153846152, "rel_education": 0.82567506602872709, "rel_sante": 0.69783305226121906, "rel_services": 0.63432645931688314, "rel_commerce": 0.8119752934348422, "rel_loisirs": 0.71097434118070801, "rel_pc1": 0.702783719145054, "q_revenu": 1, "q_population": 1 }, "geometry": { "type": "Polygon", "coordinates": [ [ [ 3.083268911050485, 50.627457079095883 ], [ 3.083004312500366, 50.629245813734713 ], [ 3.0858203346652, 50.629415416700077 ], [ 3.086084827129543, 50.627626674628402 ], [ 3.083268911050485, 50.627457079095883 ] ] ] } },
{ "type": "Feature", "properties": { "idcar_200m": "CRS3035RES200mN3080400E3832600", "population": 333.5, "median_education": 21.204876830580147, "median_healthcare": 45.514001020329687, "median_services": 2.0040702855298811, "median_commerce": 121.78051461798745, "median_entertainment": 15.820440559865499, "PC1_pos": 1.4776147070579797, "nivvie": 17248.64647676162, "rel_education": 0.94648282748463985, "rel_sante": 0.78494738243322892, "rel_services": 0.72435026262144542, "rel_commerce": 0.9145693291415774, "rel_loisirs": 0.82598582488834094, "rel_pc1": 0.79679537258540045, "q_revenu": 1, "q_population": 4 }, "geometry": { "type": "Polygon", "coordinates": [ [ [ 3.086084827129543, 50.627626674628402 ], [ 3.0858203346652, 50.629415416700077 ], [ 3.088636375502314, 50.629584950832381 ], [ 3.088900761878182, 50.627796201330845 ], [ 3.086084827129543, 50.627626674628402 ] ] ] } },
{ "type": "Feature", "properties": { "idcar_200m": "CRS3035RES200mN3080400E3832800", "population": 316.5, "median_education": 22.543718263897098, "median_healthcare": 48.092431280759371, "median_services": 2.1415562361705902, "median_commerce": 127.62031983983157, "median_entertainment": 16.418904707844526, "PC1_pos": 1.6256648614894098, "nivvie": 25150.908372827806, "rel_education": 1.0062422137561962, "rel_sante": 0.82941572268762409, "rel_services": 0.77404312278329612, "rel_commerce": 0.95842615435547396, "rel_loisirs": 0.85723166163125641, "rel_pc1": 0.87663058091003487, "q_revenu": 3, "q_population": 4 }, "geometry": { "type": "Polygon", "coordinates": [ [ [ 3.088900761878182, 50.627796201330845 ], [ 3.088636375502314, 50.629584950832381 ], [ 3.091452435004381, 50.629754416130986 ], [ 3.091716715289082, 50.627965659202509 ], [ 3.088900761878182, 50.627796201330845 ] ] ] } },
{ "type": "Feature", "properties": { "idcar_200m": "CRS3035RES200mN3080400E3833000", "population": 253.0, "median_education": 21.454279031543315, "median_healthcare": 45.184133225807614, "median_services": 1.9929437443131055, "median_commerce": 116.171786537793, "median_entertainment": 15.455222329734649, "PC1_pos": 1.5047476720962347, "nivvie": 22581.89604743083, "rel_education": 0.95761493177529489, "rel_sante": 0.77925838880369791, "rel_services": 0.7203286905684928, "rel_commerce": 0.87244788882962032, "rel_loisirs": 0.80691776670517146, "rel_pc1": 0.81142667050341366, "q_revenu": 3, "q_population": 3 }, "geometry": { "type": "Polygon", "coordinates": [ [ [ 3.091716715289082, 50.627965659202509 ], [ 3.091452435004381, 50.629754416130986 ], [ 3.094268513164073, 50.629923812595116 ], [ 3.094532687354916, 50.628135048242655 ], [ 3.091716715289082, 50.627965659202509 ] ] ] } },
{ "type": "Feature", "properties": { "idcar_200m": "CRS3035RES200mN3080400E3833200", "population": 178.5, "median_education": 22.032310256110851, "median_healthcare": 46.916253388007576, "median_services": 2.0410894187259125, "median_commerce": 114.58165498025507, "median_entertainment": 15.686822937939237, "PC1_pos": 1.5162417293636599, "nivvie": 22563.595518207283, "rel_education": 0.98341544135496406, "rel_sante": 0.80913102484752497, "rel_services": 0.73773044147354272, "rel_commerce": 0.86050603132978754, "rel_loisirs": 0.81900964358360739, "rel_pc1": 0.81762477586820859, "q_revenu": 3, "q_population": 2 }, "geometry": { "type": "Polygon", "coordinates": [ [ [ 3.094532687354916, 50.628135048242655 ], [ 3.094268513164073, 50.629923812595116 ], [ 3.09708460997407, 50.630093140224048 ], [ 3.097348678068364, 50.628304368450529 ], [ 3.094532687354916, 50.628135048242655 ] ] ] } },
{ "type": "Feature", "properties": { "idcar_200m": "CRS3035RES200mN3080400E3833400", "population": 506.0, "median_education": 22.484409562502222, "median_healthcare": 47.684910246591571, "median_services": 2.1353964959684926, "median_commerce": 113.84087482433398, "median_entertainment": 16.192943076938811, "PC1_pos": 1.5552707438612656, "nivvie": 18042.535375494073, "rel_education": 1.0035949610586605, "rel_sante": 0.82238749924241183, "rel_services": 0.77181674905514641, "rel_commerce": 0.85494278656630984, "rel_loisirs": 0.84543419597974612, "rel_pc1": 0.83867095116662527, "q_revenu": 1, "q_population": 5 }, "geometry": { "type": "Polygon", "coordinates": [ [ [ 3.097348678068364, 50.628304368450529 ], [ 3.09708460997407, 50.630093140224048 ], [ 3.099900725427037, 50.630262399016992 ], [ 3.100164687422094, 50.628473619825435 ], [ 3.097348678068364, 50.628304368450529 ] ] ] } },
{ "type": "Feature", "properties": { "idcar_200m": "CRS3035RES200mN3080400E3833600", "population": 745.0, "median_education": 22.656009150299052, "median_healthcare": 45.636469261473991, "median_services": 2.128708465994551, "median_commerce": 102.28097543812684, "median_entertainment": 16.439216763117532, "PC1_pos": 1.4641379064784259, "nivvie": 19048.979597315436, "rel_education": 1.0112543341524443, "rel_sante": 0.78705950448715445, "rel_services": 0.76939943050947279, "rel_commerce": 0.76812816388425043, "rel_loisirs": 0.85829215483726817, "rel_pc1": 0.78952808410501907, "q_revenu": 1, "q_population": 5 }, "geometry": { "type": "Polygon", "coordinates": [ [ [ 3.100164687422094, 50.628473619825435 ], [ 3.099900725427037, 50.630262399016992 ], [ 3.102716859515653, 50.630431588973273 ], [ 3.102980715408783, 50.628642802366585 ], [ 3.100164687422094, 50.628473619825435 ] ] ] } },
{ "type": "Feature", "properties": { "idcar_200m": "CRS3035RES200mN3080400E3833800", "population": 466.0, "median_education": 22.721159070203569, "median_healthcare": 42.095286760852176, "median_services": 2.1020763480168316, "median_commerce": 88.905895109949995, "median_entertainment": 16.769730089672514, "PC1_pos": 1.3852479257887917, "nivvie": 23380.846566523604, "rel_education": 1.0141623105059168, "rel_sante": 0.72598726578548833, "rel_services": 0.7597735297660636, "rel_commerce": 0.66768156714151805, "rel_loisirs": 0.87554826863751678, "rel_pc1": 0.74698710826294146, "q_revenu": 3, "q_population": 5 }, "geometry": { "type": "Polygon", "coordinates": [ [ [ 3.102980715408783, 50.628642802366585 ], [ 3.102716859515653, 50.630431588973273 ], [ 3.105533012232588, 50.63060071009216 ], [ 3.1057967620211, 50.628811916073296 ], [ 3.102980715408783, 50.628642802366585 ] ] ] } },
{ "type": "Feature", "properties": { "idcar_200m": "CRS3035RES200mN3080400E3834000", "population": 291.0, "median_education": 22.868550698714252, "median_healthcare": 39.052964389338626, "median_services": 2.1193546416631839, "median_commerce": 78.913251568102211, "median_entertainment": 17.852559230468007, "PC1_pos": 1.3351538971284036, "nivvie": 19276.529209621993, "rel_education": 1.02074115774068, "rel_sante": 0.67351851049036626, "rel_services": 0.76601858845025872, "rel_commerce": 0.5926370057920558, "rel_loisirs": 0.93208282073729098, "rel_pc1": 0.71997418666700641, "q_revenu": 2, "q_population": 3 }, "geometry": { "type": "Polygon", "coordinates": [ [ [ 3.1057967620211, 50.628811916073296 ], [ 3.105533012232588, 50.63060071009216 ], [ 3.108349183570511, 50.6307697623729 ], [ 3.108612827251723, 50.628980960944794 ], [ 3.1057967620211, 50.628811916073296 ] ] ] } },
{ "type": "Feature", "properties": { "idcar_200m": "CRS3035RES200mN3080400E3834200", "population": 275.0, "median_education": 22.803559929367388, "median_healthcare": 37.814018263244925, "median_services": 2.2108491545043538, "median_commerce": 74.189620057455556, "median_entertainment": 20.198237159983158, "PC1_pos": 1.3844289772731757, "nivvie": 21051.214909090908, "rel_education": 1.0178402850959913, "rel_sante": 0.65215129387896242, "rel_services": 0.79908832401963759, "rel_commerce": 0.55716262374205561, "rel_loisirs": 1.0545507578469653, "rel_pc1": 0.74654549490831545, "q_revenu": 2, "q_population": 3 }, "geometry": { "type": "Polygon", "coordinates": [ [ [ 3.108612827251723, 50.628980960944794 ], [ 3.108349183570511, 50.6307697623729 ], [ 3.111165373522103, 50.630938745814731 ], [ 3.111428911093326, 50.629149936980369 ], [ 3.108612827251723, 50.628980960944794 ] ] ] } },
{ "type": "Feature", "properties": { "idcar_200m": "CRS3035RES200mN3080400E3834400", "population": 364.0, "median_education": 22.176933787237722, "median_healthcare": 35.133608628835432, "median_services": 2.0881414999437613, "median_commerce": 66.254312964070877, "median_entertainment": 22.205760431982476, "PC1_pos": 1.3432512752597916, "nivvie": 23991.502747252747, "rel_education": 0.98987073415177818, "rel_sante": 0.60592418839028528, "rel_services": 0.75473692454607777, "rel_commerce": 0.49756861966270938, "rel_loisirs": 1.1593636269658891, "rel_pc1": 0.72434065202116515, "q_revenu": 3, "q_population": 4 }, "geometry": { "type": "Polygon", "coordinates": [ [ [ 3.111428911093326, 50.629149936980369 ], [ 3.111165373522103, 50.630938745814731 ], [ 3.113981582080025, 50.631107660416973 ], [ 3.114245013538576, 50.629318844179302 ], [ 3.111428911093326, 50.629149936980369 ] ] ] } },
{ "type": "Feature", "properties": { "idcar_200m": "CRS3035RES200mN3080400E3834600", "population": 198.0, "median_education": 21.079602365554084, "median_healthcare": 31.557910204556332, "median_services": 1.8900984659208566, "median_commerce": 58.047022291353002, "median_entertainment": 23.070106323859108, "PC1_pos": 1.2449549219866209, "nivvie": 26650.706565656568, "rel_education": 0.94089118312769171, "rel_sante": 0.54425667827060098, "rel_services": 0.68315633940362119, "rel_commerce": 0.43593202411896853, "rel_loisirs": 1.2044911600323032, "rel_pc1": 0.67133489953645542, "q_revenu": 4, "q_population": 3 }, "geometry": { "type": "Polygon", "coordinates": [ [ [ 3.114245013538576, 50.629318844179302 ], [ 3.113981582080025, 50.631107660416973 ], [ 3.116797809236952, 50.631276506178885 ], [ 3.117061134580148, 50.629487682540827 ], [ 3.114245013538576, 50.629318844179302 ] ] ] } },
{ "type": "Feature", "properties": { "idcar_200m": "CRS3035RES200mN3080400E3834800", "population": 79.0, "median_education": 19.283064350229438, "median_healthcare": 27.339166354420584, "median_services": 1.6220101417133537, "median_commerce": 47.247128759268868, "median_entertainment": 24.078829094120259, "PC1_pos": 1.1208659267993235, "nivvie": 24791.85316455696, "rel_education": 0.86070244192378476, "rel_sante": 0.47149902418430789, "rel_services": 0.58625861608145557, "rel_commerce": 0.35482503082515188, "rel_loisirs": 1.2571566156070053, "rel_pc1": 0.60442061079681919, "q_revenu": 3, "q_population": 2 }, "geometry": { "type": "Polygon", "coordinates": [ [ [ 3.117061134580148, 50.629487682540827 ], [ 3.116797809236952, 50.631276506178885 ], [ 3.119614054985559, 50.631445283099694 ], [ 3.119877274210714, 50.629656452064218 ], [ 3.117061134580148, 50.629487682540827 ] ] ] } },
{ "type": "Feature", "properties": { "idcar_200m": "CRS3035RES200mN3080600E3827400", "population": 3.0, "median_education": 14.800918580887277, "median_healthcare": 27.326979272405261, "median_services": 2.3831205435377694, "median_commerce": 43.424709059636939, "median_entertainment": 9.4924600244693327, "PC1_pos": 0.78793342956807955, "nivvie": 24828.266666666666, "rel_education": 0.66064119965109291, "rel_sante": 0.47128884230811652, "rel_services": 0.86135401738853168, "rel_commerce": 0.32611873219144938, "rel_loisirs": 0.49560171183991109, "rel_pc1": 0.42488864491286865, "q_revenu": 3, "q_population": 1 }, "geometry": { "type": "Polygon", "coordinates": [ [ [ 3.012609848289671, 50.624983371032314 ], [ 3.012342573122061, 50.626771917192812 ], [ 3.015158232128175, 50.626943248250697 ], [ 3.015425401267837, 50.625154694582847 ], [ 3.012609848289671, 50.624983371032314 ] ] ] } },
{ "type": "Feature", "properties": { "idcar_200m": "CRS3035RES200mN3080600E3828200", "population": 104.0, "median_education": 16.029706455621664, "median_healthcare": 34.835455301790667, "median_services": 3.4360227908041971, "median_commerce": 69.765928569567578, "median_entertainment": 13.410151044895951, "PC1_pos": 1.0348428388849522, "nivvie": 12327.384615384615, "rel_education": 0.71548832898599246, "rel_sante": 0.60078215147019531, "rel_services": 1.2419145320715261, "rel_commerce": 0.52394078551039613, "rel_loisirs": 0.70014451435667224, "rel_pc1": 0.55803314723255149, "q_revenu": 1, "q_population": 2 }, "geometry": { "type": "Polygon", "coordinates": [ [ [ 3.02387217330483, 50.62566825234439 ], [ 3.02360532226534, 50.627456828516515 ], [ 3.026421056659607, 50.627627884300047 ], [ 3.026687801660275, 50.625839300632379 ], [ 3.02387217330483, 50.62566825234439 ] ] ] } },
{ "type": "Feature", "properties": { "idcar_200m": "CRS3035RES200mN3080600E3828600", "population": 215.0, "median_education": 16.831170198856142, "median_healthcare": 42.411807553091435, "median_services": 2.5253541696078972, "median_commerce": 101.00760306852874, "median_entertainment": 16.681261410010855, "PC1_pos": 1.4444573031782828, "nivvie": 22413.223255813955, "rel_education": 0.75126178222902351, "rel_sante": 0.73144607322460842, "rel_services": 0.91276287522220645, "rel_commerce": 0.75856516181069256, "rel_loisirs": 0.87092931538709351, "rel_pc1": 0.77891543009965547, "q_revenu": 2, "q_population": 3 }, "geometry": { "type": "Polygon", "coordinates": [ [ [ 3.029503448841747, 50.626010280102875 ], [ 3.02923680988262, 50.627798871263124 ], [ 3.032052581927054, 50.627969789405043 ], [ 3.032319114841927, 50.626181190755169 ], [ 3.029503448841747, 50.626010280102875 ] ] ] } },
{ "type": "Feature", "properties": { "idcar_200m": "CRS3035RES200mN3080600E3828800", "population": 462.0, "median_education": 23.342790860253441, "median_healthcare": 56.792402898236652, "median_services": 3.2318729642750963, "median_commerce": 139.39658501755787, "median_entertainment": 22.515780786053753, "PC1_pos": 2.0596806142163269, "nivvie": 23296.135064935064, "rel_education": 1.0419089378030981, "rel_sante": 0.97945790301213276, "rel_services": 1.1681267105923119, "rel_commerce": 1.0468656799821432, "rel_loisirs": 1.175549801865428, "rel_pc1": 1.1106711205379389, "q_revenu": 3, "q_population": 5 }, "geometry": { "type": "Polygon", "coordinates": [ [ [ 3.032319114841927, 50.626181190755169 ], [ 3.032052581927054, 50.627969789405043 ], [ 3.034868372785596, 50.628140638725021 ], [ 3.035134799653501, 50.626352032588471 ], [ 3.032319114841927, 50.626181190755169 ] ] ] } },
{ "type": "Feature", "properties": { "idcar_200m": "CRS3035RES200mN3080600E3829000", "population": 419.0, "median_education": 27.544542052638924, "median_healthcare": 70.58875498030217, "median_services": 3.9519055246063646, "median_commerce": 178.98266077738197, "median_entertainment": 27.679072741575386, "PC1_pos": 2.6080411224901741, "nivvie": 28043.186634844868, "rel_education": 1.2294547264785027, "rel_sante": 1.2173937076254735, "rel_services": 1.428374955345886, "rel_commerce": 1.3441563497134934, "rel_loisirs": 1.4451254782748546, "rel_pc1": 1.4063714227981512, "q_revenu": 4, "q_population": 4 }, "geometry": { "type": "Polygon", "coordinates": [ [ [ 3.035134799653501, 50.626352032588471 ], [ 3.034868372785596, 50.628140638725021 ], [ 3.037684182450928, 50.628311419222364 ], [ 3.03795050326915, 50.626522805602072 ], [ 3.035134799653501, 50.626352032588471 ] ] ] } },
{ "type": "Feature", "properties": { "idcar_200m": "CRS3035RES200mN3080600E3829200", "population": 341.5, "median_education": 31.792503430501352, "median_healthcare": 85.402344795996427, "median_services": 4.6565007515234171, "median_commerce": 237.94365389084211, "median_entertainment": 32.964230355410685, "PC1_pos": 3.2352691634935589, "nivvie": 32230.600585651537, "rel_education": 1.4190631136475584, "rel_sante": 1.4728730829736203, "rel_services": 1.683043537253551, "rel_commerce": 1.7869522771773576, "rel_loisirs": 1.7210637655058241, "rel_pc1": 1.7446005959649371, "q_revenu": 5, "q_population": 4 }, "geometry": { "type": "Polygon", "coordinates": [ [ [ 3.03795050326915, 50.626522805602072 ], [ 3.037684182450928, 50.628311419222364 ], [ 3.040500010915723, 50.628482130896252 ], [ 3.040766225681551, 50.626693509795189 ], [ 3.03795050326915, 50.626522805602072 ] ] ] } },
{ "type": "Feature", "properties": { "idcar_200m": "CRS3035RES200mN3080600E3829400", "population": 306.5, "median_education": 33.414390157847706, "median_healthcare": 92.768787429555118, "median_services": 4.9375056099325985, "median_commerce": 284.85723997063286, "median_entertainment": 35.871589476776698, "PC1_pos": 3.6450150470168121, "nivvie": 33020.722675367047, "rel_education": 1.4914562686667279, "rel_sante": 1.5999168438698264, "rel_services": 1.7846098068880387, "rel_commerce": 2.1392724088766739, "rel_loisirs": 1.872857099769871, "rel_pc1": 1.9655537459083978, "q_revenu": 5, "q_population": 4 }, "geometry": { "type": "Polygon", "coordinates": [ [ [ 3.040766225681551, 50.626693509795189 ], [ 3.040500010915723, 50.628482130896252 ], [ 3.04331585817267, 50.62865277374604 ], [ 3.04358196688339, 50.62686414516714 ], [ 3.040766225681551, 50.626693509795189 ] ] ] } },
{ "type": "Feature", "properties": { "idcar_200m": "CRS3035RES200mN3080600E3829600", "population": 659.5, "median_education": 34.722455958740987, "median_healthcare": 98.661149059607595, "median_services": 5.1134871275315099, "median_commerce": 337.9635030299662, "median_entertainment": 38.719223943343039, "PC1_pos": 4.0606765265692486, "nivvie": 28666.958908263834, "rel_education": 1.5498419800130909, "rel_sante": 1.7015381853070195, "rel_services": 1.8482164874569229, "rel_commerce": 2.5380994259224434, "rel_loisirs": 2.0215322074539306, "rel_pc1": 2.1896968475487544, "q_revenu": 4, "q_population": 5 }, "geometry": { "type": "Polygon", "coordinates": [ [ [ 3.04358196688339, 50.62686414516714 ], [ 3.04331585817267, 50.62865277374604 ], [ 3.04613172421444, 50.628823347770918 ], [ 3.046397726867348, 50.627034711717123 ], [ 3.04358196688339, 50.62686414516714 ] ] ] } },
{ "type": "Feature", "properties": { "idcar_200m": "CRS3035RES200mN3080600E3829800", "population": 327.0, "median_education": 36.653223467527354, "median_healthcare": 107.82220709220539, "median_services": 5.3880125291691527, "median_commerce": 391.28153689389296, "median_entertainment": 39.931022896640073, "PC1_pos": 4.4413469056504917, "nivvie": 27499.228440366969, "rel_education": 1.6360220745985117, "rel_sante": 1.8595323928431702, "rel_services": 1.9474408251502027, "rel_commerce": 2.9385168376491375, "rel_loisirs": 2.0848002785452699, "rel_pc1": 2.3949711961887905, "q_revenu": 4, "q_population": 4 }, "geometry": { "type": "Polygon", "coordinates": [ [ [ 3.046397726867348, 50.627034711717123 ], [ 3.04613172421444, 50.628823347770918 ], [ 3.048947609033718, 50.628993852970176 ], [ 3.049213505626099, 50.627205209444462 ], [ 3.046397726867348, 50.627034711717123 ] ] ] } },
{ "type": "Feature", "properties": { "idcar_200m": "CRS3035RES200mN3080600E3830000", "population": 313.5, "median_education": 37.651794997812551, "median_healthcare": 116.96847462653531, "median_services": 5.3222206140525961, "median_commerce": 425.5472844594633, "median_entertainment": 39.161189861864678, "PC1_pos": 4.695094575342063, "nivvie": 25731.991387559807, "rel_education": 1.680593463198468, "rel_sante": 2.017271519247362, "rel_services": 1.9236610249420252, "rel_commerce": 3.1958519446806979, "rel_loisirs": 2.0446072654715142, "rel_pc1": 2.5318031917345953, "q_revenu": 4, "q_population": 4 }, "geometry": { "type": "Polygon", "coordinates": [ [ [ 3.049213505626099, 50.627205209444462 ], [ 3.048947609033718, 50.628993852970176 ], [ 3.051763512623178, 50.629164289343066 ], [ 3.05202930315233, 50.627375638348369 ], [ 3.049213505626099, 50.627205209444462 ] ] ] } },
{ "type": "Feature", "properties": { "idcar_200m": "CRS3035RES200mN3080600E3830200", "population": 468.5, "median_education": 37.623367469398801, "median_healthcare": 122.15414252517385, "median_services": 5.1077819951095922, "median_commerce": 409.20322721763682, "median_entertainment": 38.400495912966029, "PC1_pos": 4.6280991731480841, "nivvie": 24637.607470651012, "rel_education": 1.6793245962445866, "rel_sante": 2.1067050199713742, "rel_services": 1.8461544269603702, "rel_commerce": 3.0731083882587336, "rel_loisirs": 2.0048914044314246, "rel_pc1": 2.4956763000640687, "q_revenu": 3, "q_population": 5 }, "geometry": { "type": "Polygon", "coordinates": [ [ [ 3.05202930315233, 50.627375638348369 ], [ 3.051763512623178, 50.629164289343066 ], [ 3.054579434975503, 50.62933465688883 ], [ 3.054845119438717, 50.627545998428126 ], [ 3.05202930315233, 50.627375638348369 ] ] ] } },
{ "type": "Feature", "properties": { "idcar_200m": "CRS3035RES200mN3080600E3830400", "population": 747.5, "median_education": 38.134399941307976, "median_healthcare": 127.08289934019319, "median_services": 5.0981531899315771, "median_commerce": 398.34114695114829, "median_entertainment": 38.689401673161427, "PC1_pos": 4.5937833340888634, "nivvie": 27044.521739130436, "rel_education": 1.7021346065461569, "rel_sante": 2.1917077592135534, "rel_services": 1.8426741959476232, "rel_commerce": 2.9915343737822249, "rel_loisirs": 2.0199751855528789, "rel_pc1": 2.4771716779605075, "q_revenu": 4, "q_population": 5 }, "geometry": { "type": "Polygon", "coordinates": [ [ [ 3.054845119438717, 50.627545998428126 ], [ 3.054579434975503, 50.62933465688883 ], [ 3.057395376083367, 50.629504955606777 ], [ 3.057660954477941, 50.627716289682972 ], [ 3.054845119438717, 50.627545998428126 ] ] ] } },
{ "type": "Feature", "properties": { "idcar_200m": "CRS3035RES200mN3080600E3830600", "population": 324.0, "median_education": 39.449399340258402, "median_healthcare": 133.51209929164256, "median_services": 5.2350911663375923, "median_commerce": 390.68519203225401, "median_entertainment": 40.013981212700344, "PC1_pos": 4.645321401431814, "nivvie": 27890.209876543209, "rel_education": 1.7608298000718412, "rel_sante": 2.3025875667430182, "rel_services": 1.8921689965485513, "rel_commerce": 2.9340382991755809, "rel_loisirs": 2.08913153549498, "rel_pc1": 2.5049632892477431, "q_revenu": 4, "q_population": 4 }, "geometry": { "type": "Polygon", "coordinates": [ [ [ 3.057660954477941, 50.627716289682972 ], [ 3.057395376083367, 50.629504955606777 ], [ 3.060211335939453, 50.629675185496119 ], [ 3.060476808262674, 50.627886512112205 ], [ 3.057660954477941, 50.627716289682972 ] ] ] } },
{ "type": "Feature", "properties": { "idcar_200m": "CRS3035RES200mN3080600E3830800", "population": 575.0, "median_education": 39.982779843940584, "median_healthcare": 129.96588427452164, "median_services": 5.1367922352294277, "median_commerce": 362.17046148269469, "median_entertainment": 39.175020774753904, "PC1_pos": 4.4708420643900411, "nivvie": 31811.379652173913, "rel_education": 1.784637318091576, "rel_sante": 2.2414285358331423, "rel_services": 1.8566398751012063, "rel_commerce": 2.7198932196349879, "rel_loisirs": 2.0453293779783399, "rel_pc1": 2.4108762936983692, "q_revenu": 5, "q_population": 5 }, "geometry": { "type": "Polygon", "coordinates": [ [ [ 3.060476808262674, 50.627886512112205 ], [ 3.060211335939453, 50.629675185496119 ], [ 3.063027314536434, 50.629845346556166 ], [ 3.063292680785604, 50.628056665715057 ], [ 3.060476808262674, 50.627886512112205 ] ] ] } },
{ "type": "Feature", "properties": { "idcar_200m": "CRS3035RES200mN3080600E3831000", "population": 410.0, "median_education": 40.245808769964249, "median_healthcare": 129.56049130130327, "median_services": 5.1021903251544662, "median_commerce": 339.93641457232667, "median_entertainment": 38.909105554625874, "PC1_pos": 4.4073332083517354, "nivvie": 26550.688780487806, "rel_education": 1.7963776532796638, "rel_sante": 2.2344370135311928, "rel_services": 1.8441333762867822, "rel_commerce": 2.5529159537669215, "rel_loisirs": 2.0314459338595316, "rel_pc1": 2.3766295023204811, "q_revenu": 4, "q_population": 4 }, "geometry": { "type": "Polygon", "coordinates": [ [ [ 3.063292680785604, 50.628056665715057 ], [ 3.063027314536434, 50.629845346556166 ], [ 3.065843311866984, 50.630015438786117 ], [ 3.066108572039399, 50.628226750490811 ], [ 3.063292680785604, 50.628056665715057 ] ] ] } },
{ "type": "Feature", "properties": { "idcar_200m": "CRS3035RES200mN3080600E3831200", "population": 301.5, "median_education": 39.013360019322533, "median_healthcare": 122.8037526568728, "median_services": 4.9603971988284474, "median_commerce": 311.20280564726897, "median_entertainment": 36.540773758181587, "PC1_pos": 4.0928435962456904, "nivvie": 29964.976782752903, "rel_education": 1.7413671202047887, "rel_sante": 2.1179083807185743, "rel_services": 1.7928837324824927, "rel_commerce": 2.3371271018242235, "rel_loisirs": 1.9077952374650218, "rel_pc1": 2.2070427579172653, "q_revenu": 5, "q_population": 3 }, "geometry": { "type": "Polygon", "coordinates": [ [ [ 3.066108572039399, 50.628226750490811 ], [ 3.065843311866984, 50.630015438786117 ], [ 3.068659327923791, 50.630185462185302 ], [ 3.068924482016744, 50.628396766438719 ], [ 3.066108572039399, 50.628226750490811 ] ] ] } },
{ "type": "Feature", "properties": { "idcar_200m": "CRS3035RES200mN3080600E3831400", "population": 203.0, "median_education": 39.970482295640352, "median_healthcare": 115.68844549032809, "median_services": 4.890680475663137, "median_commerce": 292.96292415099566, "median_entertainment": 34.950994171697452, "PC1_pos": 3.8510191895893273, "nivvie": 30717.095566502467, "rel_education": 1.7840884151962972, "rel_sante": 1.9951957733806049, "rel_services": 1.7676853514184536, "rel_commerce": 2.2001459416115483, "rel_loisirs": 1.8247927826241619, "rel_pc1": 2.0766403145187105, "q_revenu": 5, "q_population": 3 }, "geometry": { "type": "Polygon", "coordinates": [ [ [ 3.068924482016744, 50.628396766438719 ], [ 3.068659327923791, 50.630185462185302 ], [ 3.071475362699517, 50.630355416752941 ], [ 3.071740410710315, 50.628566713558037 ], [ 3.068924482016744, 50.628396766438719 ] ] ] } },
{ "type": "Feature", "properties": { "idcar_200m": "CRS3035RES200mN3080600E3831600", "population": 355.5, "median_education": 37.900690497006131, "median_healthcare": 99.141169061746751, "median_services": 4.4573738651784076, "median_commerce": 247.80933388363445, "median_entertainment": 30.711407534744581, "PC1_pos": 3.4404738453794139, "nivvie": 27261.192405063292, "rel_education": 1.6917029507803629, "rel_sante": 1.7098167465353857, "rel_services": 1.6110712050152824, "rel_commerce": 1.8610433447084589, "rel_loisirs": 1.6034437972872531, "rel_pc1": 1.8552560599221544, "q_revenu": 4, "q_population": 4 }, "geometry": { "type": "Polygon", "coordinates": [ [ [ 3.071740410710315, 50.628566713558037 ], [ 3.071475362699517, 50.630355416752941 ], [ 3.074291416186843, 50.630525302488309 ], [ 3.074556358112783, 50.628736591848018 ], [ 3.071740410710315, 50.628566713558037 ] ] ] } },
{ "type": "Feature", "properties": { "idcar_200m": "CRS3035RES200mN3080600E3831800", "population": 847.5, "median_education": 36.221790226369947, "median_healthcare": 88.549381511425125, "median_services": 4.0751097714299735, "median_commerce": 225.09090880018124, "median_entertainment": 28.206532533049046, "PC1_pos": 3.0680637557757144, "nivvie": 14786.214985250737, "rel_education": 1.6167649877866401, "rel_sante": 1.5271477715709518, "rel_services": 1.4729058429036359, "rel_commerce": 1.6904284080504555, "rel_loisirs": 1.4726641747673566, "rel_pc1": 1.6544360256581758, "q_revenu": 1, "q_population": 5 }, "geometry": { "type": "Polygon", "coordinates": [ [ [ 3.074556358112783, 50.628736591848018 ], [ 3.074291416186843, 50.630525302488309 ], [ 3.077107488378445, 50.630695119390673 ], [ 3.077372324216833, 50.628906401307965 ], [ 3.074556358112783, 50.628736591848018 ] ] ] } },
{ "type": "Feature", "properties": { "idcar_200m": "CRS3035RES200mN3080600E3832000", "population": 114.5, "median_education": 33.819999043003165, "median_healthcare": 81.871054593543633, "median_services": 3.7720119845058906, "median_commerce": 206.19633768844432, "median_entertainment": 26.012482890015992, "PC1_pos": 2.7993009698437148, "nivvie": 14177.151965065501, "rel_education": 1.5095606815120408, "rel_sante": 1.4119714496544729, "rel_services": 1.3633543151235663, "rel_commerce": 1.5485305413820001, "rel_loisirs": 1.3581127564684192, "rel_pc1": 1.5095072136134167, "q_revenu": 1, "q_population": 2 }, "geometry": { "type": "Polygon", "coordinates": [ [ [ 3.077372324216833, 50.628906401307965 ], [ 3.077107488378445, 50.630695119390673 ], [ 3.079923579267002, 50.630864867459266 ], [ 3.080188309015134, 50.629076141937098 ], [ 3.077372324216833, 50.628906401307965 ] ] ] } },
{ "type": "Feature", "properties": { "idcar_200m": "CRS3035RES200mN3080600E3832400", "population": 355.5, "median_education": 21.582155651273371, "median_healthcare": 48.003203475881783, "median_services": 2.0867526586459619, "median_commerce": 133.26067780132959, "median_entertainment": 15.937676441699587, "PC1_pos": 1.6189908667519277, "nivvie": 15147.967369901547, "rel_education": 0.96332272369402627, "rel_sante": 0.82787687463408477, "rel_services": 0.75423494237206712, "rel_commerce": 1.0007851344693885, "rel_loisirs": 0.83210671489749155, "rel_pc1": 0.87303166699960622, "q_revenu": 1, "q_population": 4 }, "geometry": { "type": "Polygon", "coordinates": [ [ [ 3.083004312500366, 50.629245813734713 ], [ 3.08273968884518, 50.631034546693378 ], [ 3.085555817105662, 50.631204157092306 ], [ 3.0858203346652, 50.629415416700077 ], [ 3.083004312500366, 50.629245813734713 ] ] ] } },
{ "type": "Feature", "properties": { "idcar_200m": "CRS3035RES200mN3080600E3832600", "population": 513.0, "median_education": 22.515352483124055, "median_healthcare": 49.92267185605094, "median_services": 2.1926699407921832, "median_commerce": 138.42274305171259, "median_entertainment": 16.698628629734774, "PC1_pos": 1.7102716465410244, "nivvie": 18158.653606237818, "rel_education": 1.0049761029174311, "rel_sante": 0.86098057123074612, "rel_services": 0.79251763719206425, "rel_commerce": 1.0395521454960484, "rel_loisirs": 0.87183605861307356, "rel_pc1": 0.92225431116694334, "q_revenu": 1, "q_population": 5 }, "geometry": { "type": "Polygon", "coordinates": [ [ [ 3.0858203346652, 50.629415416700077 ], [ 3.085555817105662, 50.631204157092306 ], [ 3.088371964041114, 50.631373698655224 ], [ 3.088636375502314, 50.629584950832381 ], [ 3.0858203346652, 50.629415416700077 ] ] ] } },
{ "type": "Feature", "properties": { "idcar_200m": "CRS3035RES200mN3080600E3832800", "population": 377.5, "median_education": 23.859757034942952, "median_healthcare": 53.169032270911032, "median_services": 2.3511814353967875, "median_commerce": 145.82031683012292, "median_entertainment": 17.518122219245136, "PC1_pos": 1.8093165459302347, "nivvie": 19329.495629139074, "rel_education": 1.0649837998097669, "rel_sante": 0.91696822454518589, "rel_services": 0.84980996050746382, "rel_commerce": 1.095107782693173, "rel_loisirs": 0.91462185120595563, "rel_pc1": 0.97566371291054199, "q_revenu": 2, "q_population": 4 }, "geometry": { "type": "Polygon", "coordinates": [ [ [ 3.088636375502314, 50.629584950832381 ], [ 3.088371964041114, 50.631373698655224 ], [ 3.091188129644213, 50.631543171381502 ], [ 3.091452435004381, 50.629754416130986 ], [ 3.088636375502314, 50.629584950832381 ] ] ] } },
{ "type": "Feature", "properties": { "idcar_200m": "CRS3035RES200mN3080600E3833000", "population": 479.0, "median_education": 23.391576590955943, "median_healthcare": 50.272352085822973, "median_services": 2.2106671390954906, "median_commerce": 135.73012844635608, "median_entertainment": 16.873310148551599, "PC1_pos": 1.7081174621968658, "nivvie": 15882.756784968684, "rel_education": 1.0440864961405092, "rel_sante": 0.86701125574309224, "rel_services": 0.79902253645212395, "rel_commerce": 1.0193306614517199, "rel_loisirs": 0.88095618759220551, "rel_pc1": 0.92109267944459883, "q_revenu": 1, "q_population": 5 }, "geometry": { "type": "Polygon", "coordinates": [ [ [ 3.091452435004381, 50.629754416130986 ], [ 3.091188129644213, 50.631543171381502 ], [ 3.094004313907632, 50.631712575270342 ], [ 3.094268513164073, 50.629923812595116 ], [ 3.091452435004381, 50.629754416130986 ] ] ] } },
{ "type": "Feature", "properties": { "idcar_200m": "CRS3035RES200mN3080600E3833200", "population": 444.5, "median_education": 24.617513520669192, "median_healthcare": 53.214583119406356, "median_services": 2.2533526869611489, "median_commerce": 136.76314421352305, "median_entertainment": 16.917633406495106, "PC1_pos": 1.7671263111833926, "nivvie": 17208.574353205848, "rel_education": 1.0988063731208599, "rel_sante": 0.91775380740963342, "rel_services": 0.81445078167380025, "rel_commerce": 1.0270885900508411, "rel_loisirs": 0.88327030663558304, "rel_pc1": 0.95291286747431247, "q_revenu": 1, "q_population": 5 }, "geometry": { "type": "Polygon", "coordinates": [ [ [ 3.094268513164073, 50.629923812595116 ], [ 3.094004313907632, 50.631712575270342 ], [ 3.096820516824043, 50.631881910320992 ], [ 3.09708460997407, 50.630093140224048 ], [ 3.094268513164073, 50.629923812595116 ] ] ] } },
{ "type": "Feature", "properties": { "idcar_200m": "CRS3035RES200mN3080600E3833400", "population": 411.0, "median_education": 23.083577796730705, "median_healthcare": 49.781511685719877, "median_services": 2.1098304551928289, "median_commerce": 117.65512548720264, "median_entertainment": 15.76546844590316, "PC1_pos": 1.5963517401220566, "nivvie": 19824.4399026764, "rel_education": 1.0303389242046157, "rel_sante": 0.85854608285966871, "rel_services": 0.76257617077615347, "rel_commerce": 0.88358773589059481, "rel_loisirs": 0.82311572865270088, "rel_pc1": 0.8608236460237102, "q_revenu": 2, "q_population": 4 }, "geometry": { "type": "Polygon", "coordinates": [ [ [ 3.09708460997407, 50.630093140224048 ], [ 3.096820516824043, 50.631881910320992 ], [ 3.099636738386118, 50.632051176532777 ], [ 3.099900725427037, 50.630262399016992 ], [ 3.09708460997407, 50.630093140224048 ] ] ] } },
{ "type": "Feature", "properties": { "idcar_200m": "CRS3035RES200mN3080600E3833600", "population": 291.5, "median_education": 22.165238907874041, "median_healthcare": 45.108928885720516, "median_services": 2.031905730508722, "median_commerce": 99.138860138544572, "median_entertainment": 15.623060526007986, "PC1_pos": 1.4322033573266824, "nivvie": 24761.846655231559, "rel_education": 0.9893487314740137, "rel_sante": 0.77796139340501569, "rel_services": 0.73441109333491372, "rel_commerce": 0.74453093824730121, "rel_loisirs": 0.81568060554471022, "rel_pc1": 0.7723075591141888, "q_revenu": 3, "q_population": 3 }, "geometry": { "type": "Polygon", "coordinates": [ [ [ 3.099900725427037, 50.630262399016992 ], [ 3.099636738386118, 50.632051176532777 ], [ 3.102452978586529, 50.632220373904936 ], [ 3.102716859515653, 50.630431588973273 ], [ 3.099900725427037, 50.630262399016992 ] ] ] } },
{ "type": "Feature", "properties": { "idcar_200m": "CRS3035RES200mN3080600E3833800", "population": 353.0, "median_education": 23.092537999666114, "median_healthcare": 42.694900851519748, "median_services": 2.1342137194838209, "median_commerce": 89.785767436047323, "median_entertainment": 17.206926274128872, "PC1_pos": 1.430545156152663, "nivvie": 22453.495184135976, "rel_education": 1.0307388641937465, "rel_sante": 0.73632838061583161, "rel_services": 0.77138924685450982, "rel_commerce": 0.67428939143535804, "rel_loisirs": 0.89837429865164486, "rel_pc1": 0.77141338351079014, "q_revenu": 2, "q_population": 4 }, "geometry": { "type": "Polygon", "coordinates": [ [ [ 3.102716859515653, 50.630431588973273 ], [ 3.102452978586529, 50.632220373904936 ], [ 3.105269237417947, 50.632389502436702 ], [ 3.105533012232588, 50.63060071009216 ], [ 3.102716859515653, 50.630431588973273 ] ] ] } },
{ "type": "Feature", "properties": { "idcar_200m": "CRS3035RES200mN3080600E3834000", "population": 283.5, "median_education": 22.704752267461071, "median_healthcare": 39.060949637030767, "median_services": 2.148296181899652, "median_commerce": 78.585589560230417, "median_entertainment": 18.441032111701762, "PC1_pos": 1.3659943104119689, "nivvie": 22765.190476190477, "rel_education": 1.0134299904281454, "rel_sante": 0.67365622633897349, "rel_services": 0.77647920573614992, "rel_commerce": 0.590176270397198, "rel_loisirs": 0.96280701304982264, "rel_pc1": 0.73660470507995146, "q_revenu": 3, "q_population": 3 }, "geometry": { "type": "Polygon", "coordinates": [ [ [ 3.105533012232588, 50.63060071009216 ], [ 3.105269237417947, 50.632389502436702 ], [ 3.108085514873044, 50.632558562127372 ], [ 3.108349183570511, 50.6307697623729 ], [ 3.105533012232588, 50.63060071009216 ] ] ] } },
{ "type": "Feature", "properties": { "idcar_200m": "CRS3035RES200mN3080600E3834200", "population": 152.0, "median_education": 22.676743810207864, "median_healthcare": 36.667301152369689, "median_services": 2.2548597400957395, "median_commerce": 73.132999487649982, "median_entertainment": 19.653784425901033, "PC1_pos": 1.3651714411980282, "nivvie": 16624.501973684208, "rel_education": 1.0121798287777715, "rel_sante": 0.63237468504664152, "rel_services": 0.8149954902809321, "rel_commerce": 0.54922742352783727, "rel_loisirs": 1.026124859151426, "rel_pc1": 0.73616097751093157, "q_revenu": 1, "q_population": 2 }, "geometry": { "type": "Polygon", "coordinates": [ [ [ 3.108349183570511, 50.6307697623729 ], [ 3.108085514873044, 50.632558562127372 ], [ 3.110901810944493, 50.632727552976206 ], [ 3.111165373522103, 50.630938745814731 ], [ 3.108349183570511, 50.6307697623729 ] ] ] } },
{ "type": "Feature", "properties": { "idcar_200m": "CRS3035RES200mN3080600E3834400", "population": 394.0, "median_education": 22.626682341536359, "median_healthcare": 36.006570398959838, "median_services": 2.2445932440030081, "median_commerce": 70.239390230124926, "median_entertainment": 21.896455966298642, "PC1_pos": 1.380416501124929, "nivvie": 25452.186294416246, "rel_education": 1.0099453276865928, "rel_sante": 0.62097953490041424, "rel_services": 0.81128477255078735, "rel_commerce": 0.52749647350061779, "rel_loisirs": 1.1432148286272619, "rel_pc1": 0.74438178984212944, "q_revenu": 4, "q_population": 4 }, "geometry": { "type": "Polygon", "coordinates": [ [ [ 3.111165373522103, 50.630938745814731 ], [ 3.110901810944493, 50.632727552976206 ], [ 3.113718125624958, 50.632896474982495 ], [ 3.113981582080025, 50.631107660416973 ], [ 3.111165373522103, 50.630938745814731 ] ] ] } },
{ "type": "Feature", "properties": { "idcar_200m": "CRS3035RES200mN3080600E3834600", "population": 230.5, "median_education": 21.333642270452291, "median_healthcare": 32.314958630068155, "median_services": 1.9873283829869344, "median_commerce": 61.322518533870159, "median_entertainment": 22.297890248343126, "PC1_pos": 1.278954804108936, "nivvie": 23800.622993492405, "rel_education": 0.95223029202245468, "rel_sante": 0.55731295033324102, "rel_services": 0.71829907689640993, "rel_commerce": 0.46053093807923356, "rel_loisirs": 1.1641737283075999, "rel_pc1": 0.68966914364901544, "q_revenu": 3, "q_population": 3 }, "geometry": { "type": "Polygon", "coordinates": [ [ [ 3.113981582080025, 50.631107660416973 ], [ 3.113718125624958, 50.632896474982495 ], [ 3.116534458907114, 50.633065328145463 ], [ 3.116797809236952, 50.631276506178885 ], [ 3.113981582080025, 50.631107660416973 ] ] ] } },
{ "type": "Feature", "properties": { "idcar_200m": "CRS3035RES200mN3080600E3834800", "population": 265.5, "median_education": 21.234716980359892, "median_healthcare": 31.079145799253588, "median_services": 1.9662367006805321, "median_commerce": 58.669680109415836, "median_entertainment": 22.611001455658993, "PC1_pos": 1.2660899993969961, "nivvie": 25369.858757062146, "rel_education": 0.94781474700304835, "rel_sante": 0.53599977142172317, "rel_services": 0.71067570873009278, "rel_commerce": 0.44060817239060979, "rel_loisirs": 1.1805212767768052, "rel_pc1": 0.68273187047846184, "q_revenu": 4, "q_population": 3 }, "geometry": { "type": "Polygon", "coordinates": [ [ [ 3.116797809236952, 50.631276506178885 ], [ 3.116534458907114, 50.633065328145463 ], [ 3.119350810783628, 50.633234112464415 ], [ 3.119614054985559, 50.631445283099694 ], [ 3.116797809236952, 50.631276506178885 ] ] ] } },
{ "type": "Feature", "properties": { "idcar_200m": "CRS3035RES200mN3080600E3835000", "population": 27.0, "median_education": 23.093977540318434, "median_healthcare": 31.005959537061305, "median_services": 2.1450267118237241, "median_commerce": 57.526505360636264, "median_entertainment": 24.318314183116357, "PC1_pos": 1.3141020689119116, "nivvie": 24286.15185185185, "rel_education": 1.030803118304618, "rel_sante": 0.53473758036732111, "rel_services": 0.77529748994243208, "rel_commerce": 0.43202295195232715, "rel_loisirs": 1.2696601415381807, "rel_pc1": 0.70862210738189857, "q_revenu": 3, "q_population": 1 }, "geometry": { "type": "Polygon", "coordinates": [ [ [ 3.119614054985559, 50.631445283099694 ], [ 3.119350810783628, 50.633234112464415 ], [ 3.122167181247168, 50.633402827938596 ], [ 3.122430319318508, 50.631613991178696 ], [ 3.119614054985559, 50.631445283099694 ] ] ] } },
{ "type": "Feature", "properties": { "idcar_200m": "CRS3035RES200mN3080800E3826800", "population": 95.5, "median_education": 11.243660045355643, "median_healthcare": 17.629883826479528, "median_services": 1.4051065944740846, "median_commerce": 26.343171427228238, "median_entertainment": 6.1297017989222287, "PC1_pos": 0.42849196534300016, "nivvie": 23809.849214659687, "rel_education": 0.501862436458827, "rel_sante": 0.30404998136761879, "rel_services": 0.50786109552506131, "rel_commerce": 0.19783671218041579, "rel_loisirs": 0.32003197240579051, "rel_pc1": 0.23106186852668451, "q_revenu": 3, "q_population": 2 }, "geometry": { "type": "Polygon", "coordinates": [ [ [ 3.003895709324964, 50.626257511121821 ], [ 3.00362809070528, 50.628046033042423 ], [ 3.006443799123091, 50.628217578065168 ], [ 3.006711311713138, 50.626429048627621 ], [ 3.003895709324964, 50.626257511121821 ] ] ] } },
{ "type": "Feature", "properties": { "idcar_200m": "CRS3035RES200mN3080800E3827000", "population": 55.0, "median_education": 13.629325106235365, "median_healthcare": 22.050848947882013, "median_services": 1.6859471253813421, "median_commerce": 33.093955503675069, "median_entertainment": 7.3286100592720294, "PC1_pos": 0.59061177401666698, "nivvie": 23041.421818181818, "rel_education": 0.6083469508605539, "rel_sante": 0.38029520090618324, "rel_services": 0.609367970701164, "rel_commerce": 0.24853497112063289, "rel_loisirs": 0.38262701991051662, "rel_pc1": 0.31848405831579812, "q_revenu": 3, "q_population": 1 }, "geometry": { "type": "Polygon", "coordinates": [ [ [ 3.006711311713138, 50.626429048627621 ], [ 3.006443799123091, 50.628217578065168 ], [ 3.00925952642359, 50.628389054269718 ], [ 3.009526932981278, 50.626600517318209 ], [ 3.006711311713138, 50.626429048627621 ] ] ] } },
{ "type": "Feature", "properties": { "idcar_200m": "CRS3035RES200mN3080800E3827200", "population": 95.0, "median_education": 14.006202935507449, "median_healthcare": 22.893726766846246, "median_services": 1.8022675522935452, "median_commerce": 34.759055810404789, "median_entertainment": 7.6688408620945889, "PC1_pos": 0.61360111629723213, "nivvie": 23314.457894736843, "rel_education": 0.62516894875828732, "rel_sante": 0.39483171105415904, "rel_services": 0.6514107734863045, "rel_commerce": 0.26103984248906364, "rel_loisirs": 0.40039048352952239, "rel_pc1": 0.33088093110031991, "q_revenu": 3, "q_population": 2 }, "geometry": { "type": "Polygon", "coordinates": [ [ [ 3.009526932981278, 50.626600517318209 ], [ 3.00925952642359, 50.628389054269718 ], [ 3.012075272599459, 50.628560461655319 ], [ 3.012342573122061, 50.626771917192812 ], [ 3.009526932981278, 50.626600517318209 ] ] ] } },
{ "type": "Feature", "properties": { "idcar_200m": "CRS3035RES200mN3080800E3827400", "population": 150.0, "median_education": 16.164801971874333, "median_healthcare": 28.389335171322053, "median_services": 2.3632699653329272, "median_commerce": 45.256797883821555, "median_entertainment": 9.5231459664142619, "PC1_pos": 0.84115917109977856, "nivvie": 22684.442666666666, "rel_education": 0.72151833742343474, "rel_sante": 0.48961053372994434, "rel_services": 0.85417923333046497, "rel_commerce": 0.33987768412327851, "rel_loisirs": 0.49720382607775088, "rel_pc1": 0.45359032495998003, "q_revenu": 3, "q_population": 2 }, "geometry": { "type": "Polygon", "coordinates": [ [ [ 3.012342573122061, 50.626771917192812 ], [ 3.012075272599459, 50.628560461655319 ], [ 3.014891037643377, 50.62873180022126 ], [ 3.015158232128175, 50.626943248250697 ], [ 3.012342573122061, 50.626771917192812 ] ] ] } },
{ "type": "Feature", "properties": { "idcar_200m": "CRS3035RES200mN3080800E3827600", "population": 14.0, "median_education": 16.849350030060677, "median_healthcare": 30.482388429479748, "median_services": 2.7316759758144911, "median_commerce": 51.05295323796026, "median_entertainment": 10.586447721731531, "PC1_pos": 0.92147286913370596, "nivvie": 24828.264285714286, "rel_education": 0.75207324169559531, "rel_sante": 0.52570792441089931, "rel_services": 0.98733573605915181, "rel_commerce": 0.38340669966787222, "rel_loisirs": 0.5527188526124116, "rel_pc1": 0.49689903232664506, "q_revenu": 3, "q_population": 1 }, "geometry": { "type": "Polygon", "coordinates": [ [ [ 3.015158232128175, 50.626943248250697 ], [ 3.014891037643377, 50.62873180022126 ], [ 3.017706821548033, 50.628903069966768 ], [ 3.017973909992304, 50.62711451049109 ], [ 3.015158232128175, 50.626943248250697 ] ] ] } },
{ "type": "Feature", "properties": { "idcar_200m": "CRS3035RES200mN3080800E3827800", "population": 20.5, "median_education": 11.546987337621763, "median_healthcare": 21.138301381272612, "median_services": 1.8586049720792173, "median_commerce": 33.500872110244373, "median_entertainment": 7.1665609653879647, "PC1_pos": 0.71498550985103337, "nivvie": 24828.263414634148, "rel_education": 0.51540149521078693, "rel_sante": 0.36455714651197796, "rel_services": 0.6717733451544815, "rel_commerce": 0.25159090703167791, "rel_loisirs": 0.37416643033478764, "rel_pc1": 0.38555189183871769, "q_revenu": 3, "q_population": 1 }, "geometry": { "type": "Polygon", "coordinates": [ [ [ 3.017973909992304, 50.62711451049109 ], [ 3.017706821548033, 50.628903069966768 ], [ 3.020522624306104, 50.629074270891117 ], [ 3.020789606707134, 50.627285703913273 ], [ 3.017973909992304, 50.62711451049109 ] ] ] } },
{ "type": "Feature", "properties": { "idcar_200m": "CRS3035RES200mN3080800E3828000", "population": 338.0, "median_education": 17.526495320057954, "median_healthcare": 36.236849402834565, "median_services": 3.8083708683704853, "median_commerce": 68.922187271180277, "median_entertainment": 13.139337806200317, "PC1_pos": 1.3067623548593803, "nivvie": 16902.096449704142, "rel_education": 0.78229772230989714, "rel_sante": 0.62495099197447068, "rel_services": 1.3764958537542729, "rel_commerce": 0.51760430454169826, "rel_loisirs": 0.68600534449548867, "rel_pc1": 0.70466420809650143, "q_revenu": 1, "q_population": 4 }, "geometry": { "type": "Polygon", "coordinates": [ [ [ 3.020789606707134, 50.627285703913273 ], [ 3.020522624306104, 50.629074270891117 ], [ 3.023338445910271, 50.629245402993561 ], [ 3.02360532226534, 50.627456828516515 ], [ 3.020789606707134, 50.627285703913273 ] ] ] } },
{ "type": "Feature", "properties": { "idcar_200m": "CRS3035RES200mN3080800E3828200", "population": 586.5, "median_education": 18.054374633011648, "median_healthcare": 38.826485061389334, "median_services": 3.9177299271655373, "median_commerce": 77.066554578190036, "median_entertainment": 14.775165082291878, "PC1_pos": 1.4638424517955837, "nivvie": 14915.331457800512, "rel_education": 0.80585969386422063, "rel_sante": 0.66961258370599874, "rel_services": 1.4160225427781987, "rel_commerce": 0.57876834681578404, "rel_loisirs": 0.7714119510248344, "rel_pc1": 0.78936876183854943, "q_revenu": 1, "q_population": 5 }, "geometry": { "type": "Polygon", "coordinates": [ [ [ 3.02360532226534, 50.627456828516515 ], [ 3.023338445910271, 50.629245402993561 ], [ 3.026154286353222, 50.629416466273355 ], [ 3.026421056659607, 50.627627884300047 ], [ 3.02360532226534, 50.627456828516515 ] ] ] } },
{ "type": "Feature", "properties": { "idcar_200m": "CRS3035RES200mN3080800E3828400", "population": 17.0, "median_education": 18.662787096732451, "median_healthcare": 44.489561440415571, "median_services": 3.5352887646698958, "median_commerce": 90.284261531323807, "median_entertainment": 17.511755506726367, "PC1_pos": 1.5664757202411987, "nivvie": 23463.176470588234, "rel_education": 0.83301627456686866, "rel_sante": 0.7672796066128742, "rel_services": 1.2777931810182026, "rel_commerce": 0.67803307253022116, "rel_loisirs": 0.91428944489452946, "rel_pc1": 0.84471317129803947, "q_revenu": 3, "q_population": 1 }, "geometry": { "type": "Polygon", "coordinates": [ [ [ 3.026421056659607, 50.627627884300047 ], [ 3.026154286353222, 50.629416466273355 ], [ 3.028970145627629, 50.629587460729738 ], [ 3.02923680988262, 50.627798871263124 ], [ 3.026421056659607, 50.627627884300047 ] ] ] } },
{ "type": "Feature", "properties": { "idcar_200m": "CRS3035RES200mN3080800E3828800", "population": 318.0, "median_education": 24.298825801384311, "median_healthcare": 60.023662556428825, "median_services": 3.4644665816009295, "median_commerce": 144.95005639802071, "median_entertainment": 23.865573870211911, "PC1_pos": 2.0353060652963344, "nivvie": 19754.762264150944, "rel_education": 1.0845816994270052, "rel_sante": 1.035185124390168, "rel_services": 1.2521952430237944, "rel_commerce": 1.0885721435388891, "rel_loisirs": 1.2460225519654058, "rel_pc1": 1.0975272829085911, "q_revenu": 2, "q_population": 4 }, "geometry": { "type": "Polygon", "coordinates": [ [ [ 3.032052581927054, 50.627969789405043 ], [ 3.03178602372618, 50.62975838636202 ], [ 3.034601920641549, 50.629929243169393 ], [ 3.034868372785596, 50.628140638725021 ], [ 3.032052581927054, 50.627969789405043 ] ] ] } },
{ "type": "Feature", "properties": { "idcar_200m": "CRS3035RES200mN3080800E3829000", "population": 454.0, "median_education": 28.951683767439032, "median_healthcare": 73.020419155925197, "median_services": 4.1809982779097705, "median_commerce": 179.53347869409444, "median_entertainment": 29.144605969647756, "PC1_pos": 2.6884758562673481, "nivvie": 23743.994493392071, "rel_education": 1.2922627059606053, "rel_sante": 1.2593308783162986, "rel_services": 1.5111781370597033, "rel_commerce": 1.3482929817038174, "rel_loisirs": 1.5216410258482607, "rel_pc1": 1.4497453980047177, "q_revenu": 3, "q_population": 5 }, "geometry": { "type": "Polygon", "coordinates": [ [ [ 3.034868372785596, 50.628140638725021 ], [ 3.034601920641549, 50.629929243169393 ], [ 3.03741783636642, 50.630100031151201 ], [ 3.037684182450928, 50.628311419222364 ], [ 3.034868372785596, 50.628140638725021 ] ] ] } },
{ "type": "Feature", "properties": { "idcar_200m": "CRS3035RES200mN3080800E3829200", "population": 93.5, "median_education": 29.701763308752241, "median_healthcare": 75.696615876991757, "median_services": 4.1757804810865125, "median_commerce": 198.58950118612333, "median_entertainment": 31.022824870643802, "PC1_pos": 2.8244368343876443, "nivvie": 27325.06631016043, "rel_education": 1.3257426177173521, "rel_sante": 1.3054853267054718, "rel_services": 1.5092922189227387, "rel_commerce": 1.491403345141775, "rel_loisirs": 1.6197029086630639, "rel_pc1": 1.5230615863865555, "q_revenu": 4, "q_population": 2 }, "geometry": { "type": "Polygon", "coordinates": [ [ [ 3.037684182450928, 50.628311419222364 ], [ 3.03741783636642, 50.630100031151201 ], [ 3.040233770893469, 50.630270750306636 ], [ 3.040500010915723, 50.628482130896252 ], [ 3.037684182450928, 50.628311419222364 ] ] ] } },
{ "type": "Feature", "properties": { "idcar_200m": "CRS3035RES200mN3080800E3829400", "population": 186.5, "median_education": 33.549358697504921, "median_healthcare": 94.697074452560031, "median_services": 4.9430810099795632, "median_commerce": 298.36624368062718, "median_entertainment": 36.770670027747329, "PC1_pos": 3.7237053866304075, "nivvie": 32529.473458445038, "rel_education": 1.4974806094849689, "rel_sante": 1.6331726292843318, "rel_services": 1.7866249769733387, "rel_commerce": 2.2407247676483268, "rel_loisirs": 1.9197981307559799, "rel_pc1": 2.0079870664295005, "q_revenu": 5, "q_population": 3 }, "geometry": { "type": "Polygon", "coordinates": [ [ [ 3.040500010915723, 50.628482130896252 ], [ 3.040233770893469, 50.630270750306636 ], [ 3.043049724215379, 50.630441400634929 ], [ 3.04331585817267, 50.62865277374604 ], [ 3.040500010915723, 50.628482130896252 ] ] ] } },
{ "type": "Feature", "properties": { "idcar_200m": "CRS3035RES200mN3080800E3829600", "population": 287.0, "median_education": 34.157238791013732, "median_healthcare": 97.703686353499236, "median_services": 5.0534628400637427, "median_commerce": 314.83067553260764, "median_entertainment": 37.337109491182588, "PC1_pos": 3.8949756994304892, "nivvie": 27639.883275261323, "rel_education": 1.5246134277641168, "rel_sante": 1.6850255116661876, "rel_services": 1.8265213359919901, "rel_commerce": 2.3643723350838721, "rel_loisirs": 1.9493719574572295, "rel_pc1": 2.1003436138085356, "q_revenu": 4, "q_population": 3 }, "geometry": { "type": "Polygon", "coordinates": [ [ [ 3.04331585817267, 50.62865277374604 ], [ 3.043049724215379, 50.630441400634929 ], [ 3.045865696324827, 50.630611982135434 ], [ 3.04613172421444, 50.628823347770918 ], [ 3.04331585817267, 50.62865277374604 ] ] ] } },
{ "type": "Feature", "properties": { "idcar_200m": "CRS3035RES200mN3080800E3829800", "population": 333.5, "median_education": 35.327658470170988, "median_healthcare": 108.64278254914763, "median_services": 5.2644643294201803, "median_commerce": 359.90252882986675, "median_entertainment": 38.505772260603095, "PC1_pos": 4.2979137404237697, "nivvie": 27445.160719640178, "rel_education": 1.5768552840183754, "rel_sante": 1.8736842701243623, "rel_services": 1.9027856194018109, "rel_commerce": 2.7028610889091356, "rel_loisirs": 2.0103878866889939, "rel_pc1": 2.317625673176583, "q_revenu": 4, "q_population": 4 }, "geometry": { "type": "Polygon", "coordinates": [ [ [ 3.04613172421444, 50.628823347770918 ], [ 3.045865696324827, 50.630611982135434 ], [ 3.048681687214485, 50.630782494807335 ], [ 3.048947609033718, 50.628993852970176 ], [ 3.04613172421444, 50.628823347770918 ] ] ] } },
{ "type": "Feature", "properties": { "idcar_200m": "CRS3035RES200mN3080800E3830000", "population": 674.0, "median_education": 35.454275962793851, "median_healthcare": 115.62395175832656, "median_services": 5.0379335574748172, "median_commerce": 373.5428421701987, "median_entertainment": 38.342360720074488, "PC1_pos": 4.3338795221825039, "nivvie": 25092.81691394659, "rel_education": 1.582506874611624, "rel_sante": 1.9940834961695695, "rel_services": 1.8209084390777299, "rel_commerce": 2.8052995804862246, "rel_loisirs": 2.0018561637202787, "rel_pc1": 2.3370200175478804, "q_revenu": 3, "q_population": 5 }, "geometry": { "type": "Polygon", "coordinates": [ [ [ 3.048947609033718, 50.628993852970176 ], [ 3.048681687214485, 50.630782494807335 ], [ 3.051497696877041, 50.630952938649941 ], [ 3.051763512623178, 50.629164289343066 ], [ 3.048947609033718, 50.628993852970176 ] ] ] } },
{ "type": "Feature", "properties": { "idcar_200m": "CRS3035RES200mN3080800E3830200", "population": 711.0, "median_education": 36.237900211476301, "median_healthcare": 123.94258114602094, "median_services": 5.0509813832444825, "median_commerce": 392.07745445300009, "median_entertainment": 38.643278965017373, "PC1_pos": 4.5639551976689257, "nivvie": 23780.055555555555, "rel_education": 1.6174840593651276, "rel_sante": 2.1375489401411119, "rel_services": 1.8256244393553336, "rel_commerce": 2.944494163253057, "rel_loisirs": 2.0175671171436402, "rel_pc1": 2.4610870241202827, "q_revenu": 3, "q_population": 5 }, "geometry": { "type": "Polygon", "coordinates": [ [ [ 3.051763512623178, 50.629164289343066 ], [ 3.051497696877041, 50.630952938649941 ], [ 3.054313725305168, 50.631123313662464 ], [ 3.054579434975503, 50.62933465688883 ], [ 3.051763512623178, 50.629164289343066 ] ] ] } },
{ "type": "Feature", "properties": { "idcar_200m": "CRS3035RES200mN3080800E3830400", "population": 341.0, "median_education": 38.345296476771431, "median_healthcare": 135.55164868761537, "median_services": 5.3589662442398662, "median_commerce": 418.94068578297123, "median_entertainment": 40.70825493411872, "PC1_pos": 4.8556860251640357, "nivvie": 24449.728445747802, "rel_education": 1.7115480047369118, "rel_sante": 2.337762214627678, "rel_services": 1.9369423489896507, "rel_commerce": 3.1462365153287961, "rel_loisirs": 2.1253795938416515, "rel_pc1": 2.6184012226581648, "q_revenu": 3, "q_population": 4 }, "geometry": { "type": "Polygon", "coordinates": [ [ [ 3.054579434975503, 50.62933465688883 ], [ 3.054313725305168, 50.631123313662464 ], [ 3.057129772491538, 50.631293619844207 ], [ 3.057395376083367, 50.629504955606777 ], [ 3.054579434975503, 50.62933465688883 ] ] ] } },
{ "type": "Feature", "properties": { "idcar_200m": "CRS3035RES200mN3080800E3830600", "population": 529.0, "median_education": 37.871724307019278, "median_healthcare": 135.90942039994403, "median_services": 5.4478515791166968, "median_commerce": 406.56664955106004, "median_entertainment": 40.259462323784746, "PC1_pos": 4.7657883911748034, "nivvie": 28509.247069943289, "rel_education": 1.6904100405871436, "rel_sante": 2.3439324471452627, "rel_services": 1.9690690244491413, "rel_commerce": 3.0533077405499038, "rel_loisirs": 2.1019481139756038, "rel_pc1": 2.5699244320395764, "q_revenu": 4, "q_population": 5 }, "geometry": { "type": "Polygon", "coordinates": [ [ [ 3.057395376083367, 50.629504955606777 ], [ 3.057129772491538, 50.631293619844207 ], [ 3.059945838428834, 50.63146385719444 ], [ 3.060211335939453, 50.629675185496119 ], [ 3.057395376083367, 50.629504955606777 ] ] ] } },
{ "type": "Feature", "properties": { "idcar_200m": "CRS3035RES200mN3080800E3830800", "population": 320.5, "median_education": 38.332386130957353, "median_healthcare": 136.37716751546287, "median_services": 5.5701958805701617, "median_commerce": 388.05860797135222, "median_entertainment": 40.400860801946735, "PC1_pos": 4.6956312673784204, "nivvie": 28622.56349453978, "rel_education": 1.7109717495335668, "rel_sante": 2.3519993466868612, "rel_services": 2.0132890937390879, "rel_commerce": 2.9143127032537022, "rel_loisirs": 2.1093305340909367, "rel_pc1": 2.5320925998793777, "q_revenu": 4, "q_population": 4 }, "geometry": { "type": "Polygon", "coordinates": [ [ [ 3.060211335939453, 50.629675185496119 ], [ 3.059945838428834, 50.63146385719444 ], [ 3.06276192310973, 50.63163402571238 ], [ 3.063027314536434, 50.629845346556166 ], [ 3.060211335939453, 50.629675185496119 ] ] ] } },
{ "type": "Feature", "properties": { "idcar_200m": "CRS3035RES200mN3080800E3831000", "population": 445.0, "median_education": 39.734114549817612, "median_healthcare": 133.43004349278672, "median_services": 5.4021094671959498, "median_commerce": 366.50291101600664, "median_entertainment": 40.646099634684248, "PC1_pos": 4.5857375859898486, "nivvie": 28358.059101123596, "rel_education": 1.7735381057472064, "rel_sante": 2.3011724091413699, "rel_services": 1.9525360160901595, "rel_commerce": 2.752429832537719, "rel_loisirs": 2.1221344632095245, "rel_pc1": 2.4728330538092584, "q_revenu": 4, "q_population": 5 }, "geometry": { "type": "Polygon", "coordinates": [ [ [ 3.063027314536434, 50.629845346556166 ], [ 3.06276192310973, 50.63163402571238 ], [ 3.065578026526899, 50.631804125397295 ], [ 3.065843311866984, 50.630015438786117 ], [ 3.063027314536434, 50.629845346556166 ] ] ] } },
{ "type": "Feature", "properties": { "idcar_200m": "CRS3035RES200mN3080800E3831200", "population": 408.5, "median_education": 40.492852498618532, "median_healthcare": 127.64192077548437, "median_services": 5.3711470414769105, "median_commerce": 358.39286573224484, "median_entertainment": 39.670476205850676, "PC1_pos": 4.478045980318857, "nivvie": 21813.485924112607, "rel_education": 1.807404486808442, "rel_sante": 2.2013488015855454, "rel_services": 1.9413449708643913, "rel_commerce": 2.6915235479999602, "rel_loisirs": 2.0711971255547295, "rel_pc1": 2.4147609646137012, "q_revenu": 2, "q_population": 4 }, "geometry": { "type": "Polygon", "coordinates": [ [ [ 3.065843311866984, 50.630015438786117 ], [ 3.065578026526899, 50.631804125397295 ], [ 3.068394148673022, 50.631974156248454 ], [ 3.068659327923791, 50.630185462185302 ], [ 3.065843311866984, 50.630015438786117 ] ] ] } },
{ "type": "Feature", "properties": { "idcar_200m": "CRS3035RES200mN3080800E3831400", "population": 374.5, "median_education": 40.257623145204597, "median_healthcare": 117.32838053867987, "median_services": 5.2351280595432739, "median_commerce": 315.6571882323081, "median_entertainment": 36.43655705940737, "PC1_pos": 4.1549766567974267, "nivvie": 33391.513484646195, "rel_education": 1.7969049896736353, "rel_sante": 2.0234785587808437, "rel_services": 1.8921823312122192, "rel_commerce": 2.3705794296068605, "rel_loisirs": 1.9023540795163272, "rel_pc1": 2.2405476593612716, "q_revenu": 5, "q_population": 4 }, "geometry": { "type": "Polygon", "coordinates": [ [ [ 3.068659327923791, 50.630185462185302 ], [ 3.068394148673022, 50.631974156248454 ], [ 3.071210289540772, 50.632144118265153 ], [ 3.071475362699517, 50.630355416752941 ], [ 3.068659327923791, 50.630185462185302 ] ] ] } },
{ "type": "Feature", "properties": { "idcar_200m": "CRS3035RES200mN3080800E3831600", "population": 50.5, "median_education": 39.245478673194569, "median_healthcare": 101.77414943625331, "median_services": 4.8985659068463567, "median_commerce": 273.86153155171598, "median_entertainment": 32.76940399150299, "PC1_pos": 3.6908344136064546, "nivvie": 17484.158415841583, "rel_education": 1.7517277708034236, "rel_sante": 1.7552258735432231, "rel_services": 1.7705354581186477, "rel_commerce": 2.0566948495382951, "rel_loisirs": 1.7108918733708771, "rel_pc1": 1.9902615801625061, "q_revenu": 1, "q_population": 1 }, "geometry": { "type": "Polygon", "coordinates": [ [ [ 3.071475362699517, 50.630355416752941 ], [ 3.071210289540772, 50.632144118265153 ], [ 3.074026449122821, 50.63231401144661 ], [ 3.074291416186843, 50.630525302488309 ], [ 3.071475362699517, 50.630355416752941 ] ] ] } },
{ "type": "Feature", "properties": { "idcar_200m": "CRS3035RES200mN3080800E3831800", "population": 101.5, "median_education": 36.7039040932208, "median_healthcare": 88.472612261562361, "median_services": 4.222431294888862, "median_commerce": 237.62764815872472, "median_entertainment": 28.878432805790794, "PC1_pos": 3.2200848504282553, "nivvie": 23740.239408866993, "rel_education": 1.6382842118553453, "rel_sante": 1.5258237872940208, "rel_services": 1.5261536680810956, "rel_commerce": 1.7845790801898584, "rel_loisirs": 1.5077441144772032, "rel_pc1": 1.736412541035238, "q_revenu": 3, "q_population": 2 }, "geometry": { "type": "Polygon", "coordinates": [ [ [ 3.074291416186843, 50.630525302488309 ], [ 3.074026449122821, 50.63231401144661 ], [ 3.076842627411846, 50.632483835792101 ], [ 3.077107488378445, 50.630695119390673 ], [ 3.074291416186843, 50.630525302488309 ] ] ] } },
{ "type": "Feature", "properties": { "idcar_200m": "CRS3035RES200mN3080800E3832400", "population": 112.0, "median_education": 22.34013129107673, "median_healthcare": 52.492011620543352, "median_services": 2.2571655830496464, "median_commerce": 149.22045074754246, "median_entertainment": 16.354646558768621, "PC1_pos": 1.7501846507516317, "nivvie": 19489.980357142857, "rel_education": 0.99715507897990863, "rel_sante": 0.90529213421153276, "rel_services": 0.81582891312108197, "rel_commerce": 1.1206427232015177, "rel_loisirs": 0.85387674113650691, "rel_pc1": 0.94377717291776764, "q_revenu": 2, "q_population": 2 }, "geometry": { "type": "Polygon", "coordinates": [ [ [ 3.08273968884518, 50.631034546693378 ], [ 3.082475040081514, 50.632823277972264 ], [ 3.085291274447506, 50.632992895805451 ], [ 3.085555817105662, 50.631204157092306 ], [ 3.08273968884518, 50.631034546693378 ] ] ] } },
{ "type": "Feature", "properties": { "idcar_200m": "CRS3035RES200mN3080800E3832600", "population": 513.0, "median_education": 25.120160034083241, "median_healthcare": 58.738029436698831, "median_services": 2.5750519584603428, "median_commerce": 168.65936756572322, "median_entertainment": 18.556337940388946, "PC1_pos": 1.9907407424796384, "nivvie": 20014.571345029239, "rel_education": 1.1212420749192, "rel_sante": 1.0130127306326786, "rel_services": 0.93072562167221728, "rel_commerce": 1.2666286156853108, "rel_loisirs": 0.96882713490813743, "rel_pc1": 1.0734956846654879, "q_revenu": 2, "q_population": 5 }, "geometry": { "type": "Polygon", "coordinates": [ [ [ 3.085555817105662, 50.631204157092306 ], [ 3.085291274447506, 50.632992895805451 ], [ 3.088107527491165, 50.633162444799737 ], [ 3.088371964041114, 50.631373698655224 ], [ 3.085555817105662, 50.631204157092306 ] ] ] } },
{ "type": "Feature", "properties": { "idcar_200m": "CRS3035RES200mN3080800E3832800", "population": 400.0, "median_education": 26.134116620606637, "median_healthcare": 62.051693149576991, "median_services": 2.7312280156581199, "median_commerce": 174.81454124310531, "median_entertainment": 19.042768586707133, "PC1_pos": 2.1342631919925332, "nivvie": 20467.7995, "rel_education": 1.1665001777899198, "rel_sante": 1.0701611157312745, "rel_services": 0.98717382554171429, "rel_commerce": 1.3128538519518174, "rel_loisirs": 0.99422369811569911, "rel_pc1": 1.1508893537239735, "q_revenu": 2, "q_population": 4 }, "geometry": { "type": "Polygon", "coordinates": [ [ [ 3.088371964041114, 50.631373698655224 ], [ 3.088107527491165, 50.633162444799737 ], [ 3.090923799205167, 50.633331924954376 ], [ 3.091188129644213, 50.631543171381502 ], [ 3.088371964041114, 50.631373698655224 ] ] ] } },
{ "type": "Feature", "properties": { "idcar_200m": "CRS3035RES200mN3080800E3833000", "population": 416.5, "median_education": 25.065725087720551, "median_healthcare": 58.355797630387201, "median_services": 2.4870206583785341, "median_commerce": 158.67017038177161, "median_entertainment": 17.762958375973398, "PC1_pos": 1.9681765543217442, "nivvie": 19842.396158463387, "rel_education": 1.1188123630015607, "rel_sante": 1.0064206523903587, "rel_services": 0.89890762816491587, "rel_commerce": 1.1916099364175508, "rel_loisirs": 0.92740475659423671, "rel_pc1": 1.0613280738367126, "q_revenu": 2, "q_population": 4 }, "geometry": { "type": "Polygon", "coordinates": [ [ [ 3.091188129644213, 50.631543171381502 ], [ 3.090923799205167, 50.633331924954376 ], [ 3.093740089582177, 50.633501336268644 ], [ 3.094004313907632, 50.631712575270342 ], [ 3.091188129644213, 50.631543171381502 ] ] ] } },
{ "type": "Feature", "properties": { "idcar_200m": "CRS3035RES200mN3080800E3833200", "population": 676.5, "median_education": 24.857323159445773, "median_healthcare": 54.427124115378298, "median_services": 2.2819609138335317, "median_commerce": 139.41039294170673, "median_entertainment": 16.908042304228218, "PC1_pos": 1.8007596226508591, "nivvie": 18421.735994087216, "rel_education": 1.1095103119732659, "rel_sante": 0.93866563365088229, "rel_services": 0.82479092632729245, "rel_commerce": 1.0469693772276778, "rel_loisirs": 0.88276955480838037, "rel_pc1": 0.97104944043476915, "q_revenu": 1, "q_population": 5 }, "geometry": { "type": "Polygon", "coordinates": [ [ [ 3.094004313907632, 50.631712575270342 ], [ 3.093740089582177, 50.633501336268644 ], [ 3.096556398614875, 50.633670678741815 ], [ 3.096820516824043, 50.631881910320992 ], [ 3.094004313907632, 50.631712575270342 ] ] ] } },
{ "type": "Feature", "properties": { "idcar_200m": "CRS3035RES200mN3080800E3833400", "population": 426.5, "median_education": 24.498536443424051, "median_healthcare": 52.253027050453724, "median_services": 2.2084195018629327, "median_commerce": 121.8670519338684, "median_entertainment": 16.532224553147877, "PC1_pos": 1.66202240841163, "nivvie": 19399.499648300116, "rel_education": 1.0934958136030399, "rel_sante": 0.90117053847113648, "rel_services": 0.79821015146171903, "rel_commerce": 0.91521922272413625, "rel_loisirs": 0.86314809521886204, "rel_pc1": 0.89623618242970415, "q_revenu": 2, "q_population": 4 }, "geometry": { "type": "Polygon", "coordinates": [ [ [ 3.096820516824043, 50.631881910320992 ], [ 3.096556398614875, 50.633670678741815 ], [ 3.099372726295924, 50.633839952373087 ], [ 3.099636738386118, 50.632051176532777 ], [ 3.096820516824043, 50.631881910320992 ] ] ] } },
{ "type": "Feature", "properties": { "idcar_200m": "CRS3035RES200mN3080800E3833600", "population": 465.0, "median_education": 23.992484912549386, "median_healthcare": 48.390705925001264, "median_services": 2.1928790380199192, "median_commerce": 106.19196997270741, "median_entertainment": 16.602858563659559, "PC1_pos": 1.5539175758629877, "nivvie": 21369.757204301073, "rel_education": 1.0709081283445032, "rel_sante": 0.8345598518785361, "rel_services": 0.79259321320001053, "rel_commerce": 0.7974996578296325, "rel_loisirs": 0.86683589969035524, "rel_pc1": 0.83794126297781091, "q_revenu": 2, "q_population": 5 }, "geometry": { "type": "Polygon", "coordinates": [ [ [ 3.099636738386118, 50.632051176532777 ], [ 3.099372726295924, 50.633839952373087 ], [ 3.102189072618004, 50.634009157161813 ], [ 3.102452978586529, 50.632220373904936 ], [ 3.099636738386118, 50.632051176532777 ] ] ] } },
{ "type": "Feature", "properties": { "idcar_200m": "CRS3035RES200mN3080800E3833800", "population": 208.5, "median_education": 23.648154383137388, "median_healthcare": 45.256145266471016, "median_services": 2.2341414522528358, "median_commerce": 98.41280025359255, "median_entertainment": 17.225708370358422, "PC1_pos": 1.5098509164614107, "nivvie": 23549.599040767389, "rel_education": 1.0555388840111828, "rel_sante": 0.78050032890026655, "rel_services": 0.80750708164155838, "rel_commerce": 0.73907824243647979, "rel_loisirs": 0.89935491263572409, "rel_pc1": 0.81417856616059814, "q_revenu": 3, "q_population": 3 }, "geometry": { "type": "Polygon", "coordinates": [ [ [ 3.102452978586529, 50.632220373904936 ], [ 3.102189072618004, 50.634009157161813 ], [ 3.105005437573776, 50.63417829310719 ], [ 3.105269237417947, 50.632389502436702 ], [ 3.102452978586529, 50.632220373904936 ] ] ] } },
{ "type": "Feature", "properties": { "idcar_200m": "CRS3035RES200mN3080800E3834000", "population": 196.0, "median_education": 22.335257641845754, "median_healthcare": 38.401648121823065, "median_services": 2.1846845661350756, "median_commerce": 79.636604255685739, "median_entertainment": 17.83172853611239, "PC1_pos": 1.3629057580266739, "nivvie": 19532.398469387757, "rel_education": 0.99693754292246495, "rel_sante": 0.66228572524052276, "rel_services": 0.78963140696762024, "rel_commerce": 0.59806937060256149, "rel_loisirs": 0.93099524936434397, "rel_pc1": 0.73493922067671991, "q_revenu": 2, "q_population": 3 }, "geometry": { "type": "Polygon", "coordinates": [ [ [ 3.105269237417947, 50.632389502436702 ], [ 3.105005437573776, 50.63417829310719 ], [ 3.107821821155916, 50.634347360208558 ], [ 3.108085514873044, 50.632558562127372 ], [ 3.105269237417947, 50.632389502436702 ] ] ] } },
{ "type": "Feature", "properties": { "idcar_200m": "CRS3035RES200mN3080800E3834200", "population": 479.0, "median_education": 24.555284946747292, "median_healthcare": 40.49123602719812, "median_services": 2.4800378658040323, "median_commerce": 82.530036250529818, "median_entertainment": 20.382301795564569, "PC1_pos": 1.4760381976208727, "nivvie": 16069.498747390397, "rel_education": 1.0960287914793105, "rel_sante": 0.69832335146361946, "rel_services": 0.89638377075747266, "rel_commerce": 0.61979898939044653, "rel_loisirs": 1.0641607797220309, "rel_pc1": 0.79594524878903883, "q_revenu": 1, "q_population": 5 }, "geometry": { "type": "Polygon", "coordinates": [ [ [ 3.108085514873044, 50.632558562127372 ], [ 3.107821821155916, 50.634347360208558 ], [ 3.110638223357092, 50.634516358465099 ], [ 3.110901810944493, 50.632727552976206 ], [ 3.108085514873044, 50.632558562127372 ] ] ] } },
{ "type": "Feature", "properties": { "idcar_200m": "CRS3035RES200mN3080800E3834400", "population": 557.0, "median_education": 24.018134783241912, "median_healthcare": 39.035914789942325, "median_services": 2.5477390247417824, "median_commerce": 77.508921049551319, "median_entertainment": 21.330112389591889, "PC1_pos": 1.4892343137976702, "nivvie": 19198.851166965887, "rel_education": 1.0720530141333546, "rel_sante": 0.67322446825901672, "rel_services": 0.92085364719365237, "rel_commerce": 0.58209051053152072, "rel_loisirs": 1.1136460081758852, "rel_pc1": 0.80306117979293823, "q_revenu": 2, "q_population": 5 }, "geometry": { "type": "Polygon", "coordinates": [ [ [ 3.110901810944493, 50.632727552976206 ], [ 3.110638223357092, 50.634516358465099 ], [ 3.113454644169972, 50.634685287876138 ], [ 3.113718125624958, 50.632896474982495 ], [ 3.110901810944493, 50.632727552976206 ] ] ] } },
{ "type": "Feature", "properties": { "idcar_200m": "CRS3035RES200mN3080800E3834600", "population": 208.5, "median_education": 22.340112406021525, "median_healthcare": 34.757594840608718, "median_services": 2.1929690985517216, "median_commerce": 67.604616006437183, "median_entertainment": 21.943459376782293, "PC1_pos": 1.3269195642731169, "nivvie": 24683.710791366906, "rel_education": 0.99715423604266407, "rel_sante": 0.59943934785307285, "rel_services": 0.79262576463811818, "rel_commerce": 0.50770936961329616, "rel_loisirs": 1.1456688785403468, "rel_pc1": 0.71553386925267592, "q_revenu": 3, "q_population": 3 }, "geometry": { "type": "Polygon", "coordinates": [ [ [ 3.113718125624958, 50.632896474982495 ], [ 3.113454644169972, 50.634685287876138 ], [ 3.116271083587226, 50.634854148440908 ], [ 3.116534458907114, 50.633065328145463 ], [ 3.113718125624958, 50.632896474982495 ] ] ] } },
{ "type": "Feature", "properties": { "idcar_200m": "CRS3035RES200mN3080800E3834800", "population": 128.5, "median_education": 22.003714606709419, "median_healthcare": 32.655183377469044, "median_services": 2.2876773258438905, "median_commerce": 62.284003319218371, "median_entertainment": 22.174749186960824, "PC1_pos": 1.2890815833954357, "nivvie": 24454.617120622566, "rel_education": 0.98213907029582193, "rel_sante": 0.56318056291232521, "rel_services": 0.82685706371321799, "rel_commerce": 0.46775167037679494, "rel_loisirs": 1.1577445286415982, "rel_pc1": 0.69512995209666706, "q_revenu": 3, "q_population": 2 }, "geometry": { "type": "Polygon", "coordinates": [ [ [ 3.116534458907114, 50.633065328145463 ], [ 3.116271083587226, 50.634854148440908 ], [ 3.119087541601521, 50.635022940158727 ], [ 3.119350810783628, 50.633234112464415 ], [ 3.116534458907114, 50.633065328145463 ] ] ] } },
{ "type": "Feature", "properties": { "idcar_200m": "CRS3035RES200mN3080800E3835000", "population": 34.0, "median_education": 21.203995485491493, "median_healthcare": 30.926397496681414, "median_services": 2.2589299152204778, "median_commerce": 59.637707294165338, "median_entertainment": 22.065491414444367, "PC1_pos": 1.2822107451661926, "nivvie": 20026.817647058826, "rel_education": 0.94644348851567706, "rel_sante": 0.5333654308322946, "rel_services": 0.81646661254735498, "rel_commerce": 0.44787803798219755, "rel_loisirs": 1.1520401760342245, "rel_pc1": 0.69142489144676056, "q_revenu": 2, "q_population": 1 }, "geometry": { "type": "Polygon", "coordinates": [ [ [ 3.119350810783628, 50.633234112464415 ], [ 3.119087541601521, 50.635022940158727 ], [ 3.12190401820553, 50.635191663028792 ], [ 3.122167181247168, 50.633402827938596 ], [ 3.119350810783628, 50.633234112464415 ] ] ] } },
{ "type": "Feature", "properties": { "idcar_200m": "CRS3035RES200mN3081000E3826000", "population": 3.0, "median_education": 6.8272079305426345, "median_healthcare": 12.1746288493142, "median_services": 1.1736655450086699, "median_commerce": 14.621783130323625, "median_entertainment": 3.925070341510061, "PC1_pos": 0.16434421048943726, "nivvie": 20757.2, "rel_education": 0.30473344021535442, "rel_sante": 0.20996710535504645, "rel_services": 0.42420914670265242, "rel_commerce": 0.10980931087622881, "rel_loisirs": 0.2049280771612414, "rel_pc1": 0.088621685885836535, "q_revenu": 2, "q_population": 1 }, "geometry": { "type": "Polygon", "coordinates": [ [ [ 2.992365446007213, 50.627359164784473 ], [ 2.992097377868818, 50.629147654905182 ], [ 2.994913116711312, 50.629319482722664 ], [ 2.995181078821121, 50.627530985072539 ], [ 2.992365446007213, 50.627359164784473 ] ] ] } },
{ "type": "Feature", "properties": { "idcar_200m": "CRS3035RES200mN3081000E3826200", "population": 33.0, "median_education": 8.0115397556124215, "median_healthcare": 13.685720930009916, "median_services": 1.1758232745046702, "median_commerce": 17.595660302209271, "median_entertainment": 4.3770909184012403, "PC1_pos": 0.23906924604731983, "nivvie": 20757.184848484849, "rel_education": 0.35759626716917775, "rel_sante": 0.23602782835823569, "rel_services": 0.42498903548119421, "rel_commerce": 0.13214307140083068, "rel_loisirs": 0.22852808928840929, "rel_pc1": 0.12891673862482098, "q_revenu": 2, "q_population": 1 }, "geometry": { "type": "Polygon", "coordinates": [ [ [ 2.995181078821121, 50.627530985072539 ], [ 2.994913116711312, 50.629319482722664 ], [ 2.997728874468479, 50.629491241721986 ], [ 2.997996730546978, 50.627702736545366 ], [ 2.995181078821121, 50.627530985072539 ] ] ] } },
{ "type": "Feature", "properties": { "idcar_200m": "CRS3035RES200mN3081000E3826400", "population": 125.5, "median_education": 10.218677543747102, "median_healthcare": 16.264862312381698, "median_services": 1.2292012564308707, "median_commerce": 22.455747308774296, "median_entertainment": 5.3211727375894204, "PC1_pos": 0.30474936733052593, "nivvie": 18054.260557768925, "rel_education": 0.4561121902302952, "rel_sante": 0.28050843282352261, "rel_services": 0.44428194926052467, "rel_commerce": 0.16864223160808556, "rel_loisirs": 0.27781863826101411, "rel_pc1": 0.16433437250416014, "q_revenu": 1, "q_population": 2 }, "geometry": { "type": "Polygon", "coordinates": [ [ [ 2.997996730546978, 50.627702736545366 ], [ 2.997728874468479, 50.629491241721986 ], [ 3.000544651133009, 50.629662931902402 ], [ 3.000812401177469, 50.627874419202257 ], [ 2.997996730546978, 50.627702736545366 ] ] ] } },
{ "type": "Feature", "properties": { "idcar_200m": "CRS3035RES200mN3081000E3826600", "population": 228.0, "median_education": 12.096452432842783, "median_healthcare": 18.856748848961601, "median_services": 1.3551721294498045, "median_commerce": 27.614767275299741, "median_entertainment": 6.2061156060189706, "PC1_pos": 0.44153749843615486, "nivvie": 15108.250877192982, "rel_education": 0.53992695136335067, "rel_sante": 0.32520884383646731, "rel_services": 0.48981280494595364, "rel_commerce": 0.20738637261138093, "rel_loisirs": 0.32402154028468894, "rel_pc1": 0.23809659845450964, "q_revenu": 1, "q_population": 3 }, "geometry": { "type": "Polygon", "coordinates": [ [ [ 3.000812401177469, 50.627874419202257 ], [ 3.000544651133009, 50.629662931902402 ], [ 3.003360446697588, 50.629834553263187 ], [ 3.00362809070528, 50.628046033042423 ], [ 3.000812401177469, 50.627874419202257 ] ] ] } },
{ "type": "Feature", "properties": { "idcar_200m": "CRS3035RES200mN3081000E3826800", "population": 333.5, "median_education": 13.01438202147961, "median_healthcare": 20.074463290463001, "median_services": 1.3930599506173453, "median_commerce": 29.691411169039721, "median_entertainment": 6.5879007431234484, "PC1_pos": 0.48418272494208514, "nivvie": 20807.108545727137, "rel_education": 0.58089887491783554, "rel_sante": 0.34620989278799152, "rel_services": 0.50350696198775935, "rel_commerce": 0.22298192842522707, "rel_loisirs": 0.34395455733361691, "rel_pc1": 0.26109279562314558, "q_revenu": 2, "q_population": 4 }, "geometry": { "type": "Polygon", "coordinates": [ [ [ 3.00362809070528, 50.628046033042423 ], [ 3.003360446697588, 50.629834553263187 ], [ 3.00617626115489, 50.630006105803538 ], [ 3.006443799123091, 50.628217578065168 ], [ 3.00362809070528, 50.628046033042423 ] ] ] } },
{ "type": "Feature", "properties": { "idcar_200m": "CRS3035RES200mN3081000E3827000", "population": 463.5, "median_education": 14.849003094380087, "median_healthcare": 23.951635396917052, "median_services": 1.6159845855078558, "median_commerce": 35.216791650191745, "median_entertainment": 7.6259965863750736, "PC1_pos": 0.61800269211011338, "nivvie": 16788.055663430419, "rel_education": 0.66278745905417824, "rel_sante": 0.41307670361494681, "rel_services": 0.58408074175668423, "rel_commerce": 0.26447742986690659, "rel_loisirs": 0.39815358220632507, "rel_pc1": 0.33325445595969988, "q_revenu": 1, "q_population": 5 }, "geometry": { "type": "Polygon", "coordinates": [ [ [ 3.006443799123091, 50.628217578065168 ], [ 3.00617626115489, 50.630006105803538 ], [ 3.008992094497602, 50.630177589522795 ], [ 3.00925952642359, 50.628389054269718 ], [ 3.006443799123091, 50.628217578065168 ] ] ] } },
{ "type": "Feature", "properties": { "idcar_200m": "CRS3035RES200mN3081000E3827200", "population": 345.0, "median_education": 17.169491110449925, "median_healthcare": 28.617078648621117, "median_services": 2.0262467352674083, "median_commerce": 43.531774099097476, "median_entertainment": 8.9727240600310338, "PC1_pos": 0.8189497516696036, "nivvie": 20955.825217391306, "rel_education": 0.76636278637825184, "rel_sante": 0.49353826239287363, "rel_services": 0.73236570864016715, "rel_commerce": 0.32692278858438789, "rel_loisirs": 0.46846627666121116, "rel_pc1": 0.44161402116086163, "q_revenu": 2, "q_population": 4 }, "geometry": { "type": "Polygon", "coordinates": [ [ [ 3.00925952642359, 50.628389054269718 ], [ 3.008992094497602, 50.630177589522795 ], [ 3.011807946718409, 50.63034900442014 ], [ 3.012075272599459, 50.628560461655319 ], [ 3.00925952642359, 50.628389054269718 ] ] ] } },
{ "type": "Feature", "properties": { "idcar_200m": "CRS3035RES200mN3081000E3827400", "population": 174.0, "median_education": 18.006929115482855, "median_healthcare": 29.498073601577087, "median_services": 2.2441699508864552, "median_commerce": 48.692288107627014, "median_entertainment": 9.6565066369703985, "PC1_pos": 0.89299448951780702, "nivvie": 25087.599425287357, "rel_education": 0.80374195614091704, "rel_sante": 0.50873215145463258, "rel_services": 0.81113177767712707, "rel_commerce": 0.36567814981447966, "rel_loisirs": 0.5041665919413274, "rel_pc1": 0.48154222720803691, "q_revenu": 3, "q_population": 2 }, "geometry": { "type": "Polygon", "coordinates": [ [ [ 3.012075272599459, 50.628560461655319 ], [ 3.011807946718409, 50.63034900442014 ], [ 3.01462381780999, 50.630520350494869 ], [ 3.014891037643377, 50.62873180022126 ], [ 3.012075272599459, 50.628560461655319 ] ] ] } },
{ "type": "Feature", "properties": { "idcar_200m": "CRS3035RES200mN3081000E3827600", "population": 90.0, "median_education": 17.810607376943018, "median_healthcare": 30.477112071715847, "median_services": 2.6588803760310649, "median_commerce": 52.762839192073784, "median_entertainment": 10.432419560933075, "PC1_pos": 1.022270327797133, "nivvie": 24946.913333333334, "rel_education": 0.79497910617604883, "rel_sante": 0.52561692684701333, "rel_services": 0.96102452721506249, "rel_commerce": 0.39624791038920737, "rel_loisirs": 0.54467703626907271, "rel_pc1": 0.55125349174543281, "q_revenu": 3, "q_population": 2 }, "geometry": { "type": "Polygon", "coordinates": [ [ [ 3.014891037643377, 50.62873180022126 ], [ 3.01462381780999, 50.630520350494869 ], [ 3.017439707765024, 50.630691627746224 ], [ 3.017706821548033, 50.628903069966768 ], [ 3.014891037643377, 50.62873180022126 ] ] ] } },
{ "type": "Feature", "properties": { "idcar_200m": "CRS3035RES200mN3081000E3827800", "population": 18.0, "median_education": 18.650099017069483, "median_healthcare": 36.820644546576311, "median_services": 3.5280758647371679, "median_commerce": 67.384218735158655, "median_entertainment": 12.78753476882274, "PC1_pos": 1.2899645905283468, "nivvie": 24946.911111111112, "rel_education": 0.83244994024619778, "rel_sante": 0.63501928875533664, "rel_services": 1.2751861537106985, "rel_commerce": 0.50605419033301358, "rel_loisirs": 0.66763769405446882, "rel_pc1": 0.69560610869831885, "q_revenu": 3, "q_population": 1 }, "geometry": { "type": "Polygon", "coordinates": [ [ [ 3.017706821548033, 50.628903069966768 ], [ 3.017439707765024, 50.630691627746224 ], [ 3.020255616576198, 50.630862836173449 ], [ 3.020522624306104, 50.629074270891117 ], [ 3.017706821548033, 50.628903069966768 ] ] ] } },
{ "type": "Feature", "properties": { "idcar_200m": "CRS3035RES200mN3081000E3828000", "population": 450.5, "median_education": 18.95205795297473, "median_healthcare": 38.951158218515523, "median_services": 3.9670802517788357, "median_commerce": 73.450943311891265, "median_entertainment": 13.691058757797826, "PC1_pos": 1.4343130119326151, "nivvie": 22335.871920088794, "rel_education": 0.84592792220870994, "rel_sante": 0.67176273236689488, "rel_services": 1.4338597019098929, "rel_commerce": 0.55161517555001593, "rel_loisirs": 0.71481071711384281, "rel_pc1": 0.7734451784270796, "q_revenu": 2, "q_population": 5 }, "geometry": { "type": "Polygon", "coordinates": [ [ [ 3.020522624306104, 50.629074270891117 ], [ 3.020255616576198, 50.630862836173449 ], [ 3.023071544236185, 50.631033975775836 ], [ 3.023338445910271, 50.629245402993561 ], [ 3.020522624306104, 50.629074270891117 ] ] ] } },
{ "type": "Feature", "properties": { "idcar_200m": "CRS3035RES200mN3081000E3828200", "population": 562.5, "median_education": 20.473128494971171, "median_healthcare": 44.814355508812874, "median_services": 4.910107162718174, "median_commerce": 87.394995640215086, "median_entertainment": 16.547804691251024, "PC1_pos": 1.7613278360583466, "nivvie": 19438.630755555558, "rel_education": 0.91382113181774671, "rel_sante": 0.77288109732129218, "rel_services": 1.7747069244499905, "rel_commerce": 0.6563347411014866, "rel_loisirs": 0.86396153484301819, "rel_pc1": 0.94978607256247294, "q_revenu": 2, "q_population": 5 }, "geometry": { "type": "Polygon", "coordinates": [ [ [ 3.023338445910271, 50.629245402993561 ], [ 3.023071544236185, 50.631033975775836 ], [ 3.025887490737675, 50.631205046552623 ], [ 3.026154286353222, 50.629416466273355 ], [ 3.023338445910271, 50.629245402993561 ] ] ] } },
{ "type": "Feature", "properties": { "idcar_200m": "CRS3035RES200mN3081000E3828400", "population": 424.5, "median_education": 22.121839969827736, "median_healthcare": 51.387054109979935, "median_services": 4.8817438292322377, "median_commerce": 101.25528438969532, "median_entertainment": 19.479300075764137, "PC1_pos": 1.9576396909394411, "nivvie": 23119.470906949355, "rel_education": 0.98741161342706241, "rel_sante": 0.88623572330120037, "rel_services": 1.7644552939519484, "rel_commerce": 0.7604252437823511, "rel_loisirs": 1.0170150243568408, "rel_pc1": 1.0556461298600586, "q_revenu": 3, "q_population": 4 }, "geometry": { "type": "Polygon", "coordinates": [ [ [ 3.026154286353222, 50.629416466273355 ], [ 3.025887490737675, 50.631205046552623 ], [ 3.028703456073338, 50.631376048503071 ], [ 3.028970145627629, 50.629587460729738 ], [ 3.026154286353222, 50.629416466273355 ] ] ] } },
{ "type": "Feature", "properties": { "idcar_200m": "CRS3035RES200mN3081000E3828600", "population": 10.0, "median_education": 23.999961732354929, "median_healthcare": 59.059840326618968, "median_services": 4.4597662802585862, "median_commerce": 120.84661211785979, "median_entertainment": 22.630457153586573, "PC1_pos": 2.1166675778529949, "nivvie": 24966.7, "rel_education": 1.0712418573072642, "rel_sante": 1.0185627725981936, "rel_services": 1.611935918445814, "rel_commerce": 0.90755573927701927, "rel_loisirs": 1.1815370595320753, "rel_pc1": 1.1414010183296288, "q_revenu": 3, "q_population": 1 }, "geometry": { "type": "Polygon", "coordinates": [ [ [ 3.028970145627629, 50.629587460729738 ], [ 3.028703456073338, 50.631376048503071 ], [ 3.031519440235861, 50.631546981626421 ], [ 3.03178602372618, 50.62975838636202 ], [ 3.028970145627629, 50.629587460729738 ] ] ] } },
{ "type": "Feature", "properties": { "idcar_200m": "CRS3035RES200mN3081000E3829000", "population": 89.0, "median_education": 28.206761741595482, "median_healthcare": 71.472687847549409, "median_services": 4.1205383267070124, "median_commerce": 171.9032607280345, "median_entertainment": 28.282303018566644, "PC1_pos": 2.5810486644121813, "nivvie": 23292.505617977527, "rel_education": 1.2590130006730365, "rel_sante": 1.2326382647911356, "rel_services": 1.4893255194903456, "rel_commerce": 1.290990191119348, "rel_loisirs": 1.4766201548012639, "rel_pc1": 1.3918158924636754, "q_revenu": 3, "q_population": 2 }, "geometry": { "type": "Polygon", "coordinates": [ [ [ 3.034601920641549, 50.629929243169393 ], [ 3.034335443217917, 50.631717845921969 ], [ 3.03715146501219, 50.631888641388926 ], [ 3.03741783636642, 50.630100031151201 ], [ 3.034601920641549, 50.629929243169393 ] ] ] } },
{ "type": "Feature", "properties": { "idcar_200m": "CRS3035RES200mN3081000E3829200", "population": 187.0, "median_education": 29.61311136261385, "median_healthcare": 75.972651333175932, "median_services": 4.1075071239468128, "median_commerce": 205.85403547620737, "median_entertainment": 31.528962304826862, "PC1_pos": 2.8859041413933797, "nivvie": 19234.390909090911, "rel_education": 1.3217856249315192, "rel_sante": 1.3102459125457224, "rel_services": 1.4846155274258068, "rel_commerce": 1.5459598583331455, "rel_loisirs": 1.6461283640414139, "rel_pc1": 1.5562074839967466, "q_revenu": 2, "q_population": 3 }, "geometry": { "type": "Polygon", "coordinates": [ [ [ 3.03741783636642, 50.630100031151201 ], [ 3.03715146501219, 50.631888641388926 ], [ 3.03996750561135, 50.632059368026589 ], [ 3.040233770893469, 50.630270750306636 ], [ 3.03741783636642, 50.630100031151201 ] ] ] } },
{ "type": "Feature", "properties": { "idcar_200m": "CRS3035RES200mN3081000E3829400", "population": 313.5, "median_education": 30.209157555243806, "median_healthcare": 82.023234095653578, "median_services": 4.2702016705132166, "median_commerce": 246.22033995725502, "median_entertainment": 32.418595164507771, "PC1_pos": 3.2004968440433013, "nivvie": 24016.479106858056, "rel_education": 1.3483902352869201, "rel_sante": 1.4145959805496546, "rel_services": 1.5434197711608475, "rel_commerce": 1.8491100307968076, "rel_loisirs": 1.6925761306930878, "rel_pc1": 1.7258498193926115, "q_revenu": 3, "q_population": 4 }, "geometry": { "type": "Polygon", "coordinates": [ [ [ 3.040233770893469, 50.630270750306636 ], [ 3.03996750561135, 50.632059368026589 ], [ 3.042783565008087, 50.632230025834211 ], [ 3.043049724215379, 50.630441400634929 ], [ 3.040233770893469, 50.630270750306636 ] ] ] } },
{ "type": "Feature", "properties": { "idcar_200m": "CRS3035RES200mN3081000E3829600", "population": 215.0, "median_education": 32.977170058896803, "median_healthcare": 95.46005128814366, "median_services": 4.7587713470652959, "median_commerce": 305.84095061627619, "median_entertainment": 35.245457131658867, "PC1_pos": 3.6762860657714422, "nivvie": 26784.541395348839, "rel_education": 1.4719408845975603, "rel_sante": 1.6463311443900692, "rel_services": 1.7200081753074627, "rel_commerce": 2.2968596733769702, "rel_loisirs": 1.8401667053643298, "rel_pc1": 1.9824164658858749, "q_revenu": 4, "q_population": 3 }, "geometry": { "type": "Polygon", "coordinates": [ [ [ 3.043049724215379, 50.630441400634929 ], [ 3.042783565008087, 50.632230025834211 ], [ 3.045599643195069, 50.632400614811019 ], [ 3.045865696324827, 50.630611982135434 ], [ 3.043049724215379, 50.630441400634929 ] ] ] } },
{ "type": "Feature", "properties": { "idcar_200m": "CRS3035RES200mN3081000E3829800", "population": 143.5, "median_education": 33.46652851451362, "median_healthcare": 99.850566930559395, "median_services": 4.7050738890534705, "median_commerce": 309.93356920617299, "median_entertainment": 35.250836320637433, "PC1_pos": 3.8365848208006348, "nivvie": 26620.781881533101, "rel_education": 1.4937834719620751, "rel_sante": 1.7220512235698147, "rel_services": 1.7005997902354362, "rel_commerce": 2.327595160494393, "rel_loisirs": 1.8404475530328179, "rel_pc1": 2.0688566627980798, "q_revenu": 4, "q_population": 2 }, "geometry": { "type": "Polygon", "coordinates": [ [ [ 3.045865696324827, 50.630611982135434 ], [ 3.045599643195069, 50.632400614811019 ], [ 3.048415740164977, 50.632571134956329 ], [ 3.048681687214485, 50.630782494807335 ], [ 3.045865696324827, 50.630611982135434 ] ] ] } },
{ "type": "Feature", "properties": { "idcar_200m": "CRS3035RES200mN3081000E3830000", "population": 428.0, "median_education": 34.448697824823341, "median_healthcare": 116.0899758471908, "median_services": 4.9662143394641012, "median_commerce": 352.58663501922695, "median_entertainment": 37.350853568838147, "PC1_pos": 4.1500551389954943, "nivvie": 24681.500700934583, "rel_education": 1.5376227450367468, "rel_sante": 2.0021206799043378, "rel_services": 1.7949862771774396, "rel_commerce": 2.6479188667034199, "rel_loisirs": 1.9500895362930841, "rel_pc1": 2.2378937587253716, "q_revenu": 3, "q_population": 4 }, "geometry": { "type": "Polygon", "coordinates": [ [ [ 3.048681687214485, 50.630782494807335 ], [ 3.048415740164977, 50.632571134956329 ], [ 3.051231855910486, 50.632741586269368 ], [ 3.051497696877041, 50.630952938649941 ], [ 3.048681687214485, 50.630782494807335 ] ] ] } },
{ "type": "Feature", "properties": { "idcar_200m": "CRS3035RES200mN3081000E3830200", "population": 317.5, "median_education": 34.976467447498507, "median_healthcare": 127.19424359078174, "median_services": 5.0168946483414159, "median_commerce": 365.98120383854018, "median_entertainment": 38.325493896023488, "PC1_pos": 4.3817573716166889, "nivvie": 27530.096062992125, "rel_education": 1.5611798205491929, "rel_sante": 2.1936280337683973, "rel_services": 1.8133041452233263, "rel_commerce": 2.7485118216408151, "rel_loisirs": 2.0009755461720955, "rel_pc1": 2.3628378770320051, "q_revenu": 4, "q_population": 4 }, "geometry": { "type": "Polygon", "coordinates": [ [ [ 3.051497696877041, 50.630952938649941 ], [ 3.051231855910486, 50.632741586269368 ], [ 3.054047990424273, 50.632911968749376 ], [ 3.054313725305168, 50.631123313662464 ], [ 3.051497696877041, 50.630952938649941 ] ] ] } },
{ "type": "Feature", "properties": { "idcar_200m": "CRS3035RES200mN3081000E3830400", "population": 355.5, "median_education": 35.803161609324043, "median_healthcare": 135.48803026487522, "median_services": 5.3030868045581965, "median_commerce": 393.30783805501505, "median_entertainment": 39.236928938189379, "PC1_pos": 4.6554996551477421, "nivvie": 24988.968495077359, "rel_education": 1.5980794372742135, "rel_sante": 2.3366650332486532, "rel_services": 1.9167453094442763, "rel_commerce": 2.9537343205065509, "rel_loisirs": 2.0485616056302232, "rel_pc1": 2.5104518549902965, "q_revenu": 3, "q_population": 4 }, "geometry": { "type": "Polygon", "coordinates": [ [ [ 3.054313725305168, 50.631123313662464 ], [ 3.054047990424273, 50.632911968749376 ], [ 3.056864143699015, 50.633082282395655 ], [ 3.057129772491538, 50.631293619844207 ], [ 3.054313725305168, 50.631123313662464 ] ] ] } },
{ "type": "Feature", "properties": { "idcar_200m": "CRS3035RES200mN3081000E3830600", "population": 252.5, "median_education": 36.951350206936162, "median_healthcare": 138.21013704002365, "median_services": 5.5603641486681621, "median_commerce": 404.36577993373544, "median_entertainment": 40.11634187936852, "PC1_pos": 4.7904347647858048, "nivvie": 31614.660594059405, "rel_education": 1.6493290059011023, "rel_sante": 2.3836112594637937, "rel_services": 2.0097355169824955, "rel_commerce": 3.0367792519344734, "rel_loisirs": 2.0944757899342985, "rel_pc1": 2.5832148495959624, "q_revenu": 5, "q_population": 3 }, "geometry": { "type": "Polygon", "coordinates": [ [ [ 3.057129772491538, 50.631293619844207 ], [ 3.056864143699015, 50.633082282395655 ], [ 3.059680315727383, 50.633252527207439 ], [ 3.059945838428834, 50.63146385719444 ], [ 3.057129772491538, 50.631293619844207 ] ] ] } },
{ "type": "Feature", "properties": { "idcar_200m": "CRS3035RES200mN3081000E3830800", "population": 208.0, "median_education": 38.528176094525165, "median_healthcare": 140.73901325093976, "median_services": 5.794059337189573, "median_commerce": 413.04888116585562, "median_entertainment": 41.818202297907021, "PC1_pos": 4.9405409255786985, "nivvie": 33243.770673076921, "rel_education": 1.7197108636435594, "rel_sante": 2.4272249765125236, "rel_services": 2.0942022008114485, "rel_commerce": 3.1019891756537117, "rel_loisirs": 2.1833299894322225, "rel_pc1": 2.664158747721121, "q_revenu": 5, "q_population": 3 }, "geometry": { "type": "Polygon", "coordinates": [ [ [ 3.059945838428834, 50.63146385719444 ], [ 3.059680315727383, 50.633252527207439 ], [ 3.062496506502059, 50.633422703183996 ], [ 3.06276192310973, 50.63163402571238 ], [ 3.059945838428834, 50.63146385719444 ] ] ] } },
{ "type": "Feature", "properties": { "idcar_200m": "CRS3035RES200mN3081000E3831000", "population": 602.5, "median_education": 38.438948639163932, "median_healthcare": 134.33508238942818, "median_services": 5.646681861925698, "median_commerce": 408.23827585135751, "median_entertainment": 41.118448452316663, "PC1_pos": 4.8209936052502238, "nivvie": 30049.053775933608, "rel_education": 1.7157281829180686, "rel_sante": 2.3167809668816939, "rel_services": 2.0409341524387599, "rel_commerce": 3.0658616220048658, "rel_loisirs": 2.1467958135866385, "rel_pc1": 2.5996935314589122, "q_revenu": 5, "q_population": 5 }, "geometry": { "type": "Polygon", "coordinates": [ [ [ 3.06276192310973, 50.63163402571238 ], [ 3.062496506502059, 50.633422703183996 ], [ 3.065312716015712, 50.633592810324593 ], [ 3.065578026526899, 50.631804125397295 ], [ 3.06276192310973, 50.63163402571238 ] ] ] } },
{ "type": "Feature", "properties": { "idcar_200m": "CRS3035RES200mN3081000E3831200", "population": 641.5, "median_education": 40.098492523044015, "median_healthcare": 128.80987079520838, "median_services": 5.5976888875680544, "median_commerce": 376.19135135590886, "median_entertainment": 40.457002155726968, "PC1_pos": 4.6682128212744303, "nivvie": 29034.210288386592, "rel_education": 1.7898021707133887, "rel_sante": 2.2214915991916206, "rel_services": 2.0232261538227423, "rel_commerce": 2.8251898336749108, "rel_loisirs": 2.1122616763835325, "rel_pc1": 2.5173073579115037, "q_revenu": 4, "q_population": 5 }, "geometry": { "type": "Polygon", "coordinates": [ [ [ 3.065578026526899, 50.631804125397295 ], [ 3.065312716015712, 50.633592810324593 ], [ 3.068128944261022, 50.6337628486285 ], [ 3.068394148673022, 50.631974156248454 ], [ 3.065578026526899, 50.631804125397295 ] ] ] } },
{ "type": "Feature", "properties": { "idcar_200m": "CRS3035RES200mN3081000E3831400", "population": 696.0, "median_education": 41.20980102626536, "median_healthcare": 115.91667414014422, "median_services": 5.563976764098701, "median_commerce": 335.36589709817042, "median_entertainment": 37.512135759168672, "PC1_pos": 4.2952411855058781, "nivvie": 18999.187212643679, "rel_education": 1.8394055908483165, "rel_sante": 1.9991318694664977, "rel_services": 2.0110412590788456, "rel_commerce": 2.5185914551943762, "rel_loisirs": 1.95851008580407, "rel_pc1": 2.31618451305454, "q_revenu": 1, "q_population": 5 }, "geometry": { "type": "Polygon", "coordinates": [ [ [ 3.068394148673022, 50.631974156248454 ], [ 3.068128944261022, 50.6337628486285 ], [ 3.070945191230658, 50.633932818094941 ], [ 3.071210289540772, 50.632144118265153 ], [ 3.068394148673022, 50.631974156248454 ] ] ] } },
{ "type": "Feature", "properties": { "idcar_200m": "CRS3035RES200mN3081000E3831600", "population": 188.5, "median_education": 39.32407044682224, "median_healthcare": 103.75425475263749, "median_services": 5.1474419983943349, "median_commerce": 307.7697538571777, "median_entertainment": 34.137360252324505, "PC1_pos": 3.9106544572089961, "nivvie": 28062.84456233422, "rel_education": 1.7552357262947225, "rel_sante": 1.7893753319558912, "rel_services": 1.8604891207095344, "rel_commerce": 2.3113449487234488, "rel_loisirs": 1.7823129236400002, "rel_pc1": 2.10879829525298, "q_revenu": 4, "q_population": 3 }, "geometry": { "type": "Polygon", "coordinates": [ [ [ 3.071210289540772, 50.632144118265153 ], [ 3.070945191230658, 50.633932818094941 ], [ 3.073761456917295, 50.634102718723256 ], [ 3.074026449122821, 50.63231401144661 ], [ 3.071210289540772, 50.632144118265153 ] ] ] } },
{ "type": "Feature", "properties": { "idcar_200m": "CRS3035RES200mN3081000E3831800", "population": 31.0, "median_education": 38.005177081188691, "median_healthcare": 94.870600493373161, "median_services": 4.6630236933785163, "median_commerce": 276.20451393177439, "median_entertainment": 31.226717731109197, "PC1_pos": 3.5850366993200597, "nivvie": 26821.732258064516, "rel_education": 1.6963667249876575, "rel_sante": 1.6361653086459953, "rel_services": 1.6854011864238025, "rel_commerce": 2.0742906022762626, "rel_loisirs": 1.6303481629404697, "rel_pc1": 1.933210761183209, "q_revenu": 4, "q_population": 1 }, "geometry": { "type": "Polygon", "coordinates": [ [ [ 3.074026449122821, 50.63231401144661 ], [ 3.073761456917295, 50.634102718723256 ], [ 3.076577741313608, 50.63427255051262 ], [ 3.076842627411846, 50.632483835792101 ], [ 3.074026449122821, 50.63231401144661 ] ] ] } },
{ "type": "Feature", "properties": { "idcar_200m": "CRS3035RES200mN3081000E3832400", "population": 61.0, "median_education": 30.273362117870775, "median_healthcare": 72.896241014052904, "median_services": 3.1362474052851783, "median_commerce": 208.63425169109942, "median_entertainment": 22.042777516754764, "PC1_pos": 2.3390561947459489, "nivvie": 14996.598360655738, "rel_education": 1.3512560154778692, "rel_sante": 1.2571892668289995, "rel_services": 1.1335638515609703, "rel_commerce": 1.5668392287849666, "rel_loisirs": 1.15085428254102, "rel_pc1": 1.2613228220377048, "q_revenu": 1, "q_population": 1 }, "geometry": { "type": "Polygon", "coordinates": [ [ [ 3.082475040081514, 50.632823277972264 ], [ 3.082210366205946, 50.634612007571654 ], [ 3.085026706687318, 50.634781632839868 ], [ 3.085291274447506, 50.632992895805451 ], [ 3.082475040081514, 50.632823277972264 ] ] ] } },
{ "type": "Feature", "properties": { "idcar_200m": "CRS3035RES200mN3081000E3832600", "population": 380.5, "median_education": 28.676164053427453, "median_healthcare": 68.426007636973281, "median_services": 2.9224014762092101, "median_commerce": 190.48541995085282, "median_entertainment": 20.548282792059091, "PC1_pos": 2.3642951598925581, "nivvie": 17076.961892247044, "rel_education": 1.279964842595072, "rel_sante": 1.1800943529664061, "rel_services": 1.0562714751382798, "rel_commerce": 1.4305418504938006, "rel_loisirs": 1.0728266540879521, "rel_pc1": 1.2749327912276456, "q_revenu": 1, "q_population": 4 }, "geometry": { "type": "Polygon", "coordinates": [ [ [ 3.085291274447506, 50.632992895805451 ], [ 3.085026706687318, 50.634781632839868 ], [ 3.087843065849053, 50.634951189266211 ], [ 3.088107527491165, 50.633162444799737 ], [ 3.085291274447506, 50.632992895805451 ] ] ] } },
{ "type": "Feature", "properties": { "idcar_200m": "CRS3035RES200mN3081000E3832800", "population": 275.5, "median_education": 27.956457133201347, "median_healthcare": 67.559852298322213, "median_services": 2.9169910174141989, "median_commerce": 185.32669580310272, "median_entertainment": 19.962768783175189, "PC1_pos": 2.3080638513271587, "nivvie": 28030.304174228673, "rel_education": 1.2478406172926404, "rel_sante": 1.1651563921057242, "rel_services": 1.0543159213448994, "rel_commerce": 1.3917999310838345, "rel_loisirs": 1.0422569446173733, "rel_pc1": 1.2446103761587395, "q_revenu": 4, "q_population": 3 }, "geometry": { "type": "Polygon", "coordinates": [ [ [ 3.088107527491165, 50.633162444799737 ], [ 3.087843065849053, 50.634951189266211 ], [ 3.090659443683824, 50.635120676849972 ], [ 3.090923799205167, 50.633331924954376 ], [ 3.088107527491165, 50.633162444799737 ] ] ] } },
{ "type": "Feature", "properties": { "idcar_200m": "CRS3035RES200mN3081000E3833000", "population": 538.5, "median_education": 26.152487828078403, "median_healthcare": 63.337527743462864, "median_services": 2.6167598523265472, "median_commerce": 160.88604503087279, "median_entertainment": 18.363527263030132, "PC1_pos": 2.0570985058375353, "nivvie": 20499.681337047354, "rel_education": 1.1673201793646097, "rel_sante": 1.0923369841692521, "rel_services": 0.94580050407205518, "rel_commerce": 1.2082511125338404, "rel_loisirs": 0.95876048184731688, "rel_pc1": 1.1092787332004905, "q_revenu": 2, "q_population": 5 }, "geometry": { "type": "Polygon", "coordinates": [ [ [ 3.090923799205167, 50.633331924954376 ], [ 3.090659443683824, 50.635120676849972 ], [ 3.093475840184299, 50.635290095590364 ], [ 3.093740089582177, 50.633501336268644 ], [ 3.090923799205167, 50.633331924954376 ] ] ] } },
{ "type": "Feature", "properties": { "idcar_200m": "CRS3035RES200mN3081000E3833200", "population": 385.5, "median_education": 25.861019769532295, "median_healthcare": 58.180886545756849, "median_services": 2.417911821110962, "median_commerce": 142.13887530432544, "median_entertainment": 17.695466628156829, "PC1_pos": 1.8847715894750303, "nivvie": 20681.985214007782, "rel_education": 1.1543104592715254, "rel_sante": 1.0034040861698275, "rel_services": 0.87392896110634377, "rel_commerce": 1.067460227441134, "rel_loisirs": 0.92388100978184717, "rel_pc1": 1.0163524183271455, "q_revenu": 2, "q_population": 4 }, "geometry": { "type": "Polygon", "coordinates": [ [ [ 3.093740089582177, 50.633501336268644 ], [ 3.093475840184299, 50.635290095590364 ], [ 3.096292255343151, 50.635459445486738 ], [ 3.096556398614875, 50.633670678741815 ], [ 3.093740089582177, 50.633501336268644 ] ] ] } },
{ "type": "Feature", "properties": { "idcar_200m": "CRS3035RES200mN3081000E3833400", "population": 278.5, "median_education": 25.571045000050852, "median_healthcare": 56.496168759945256, "median_services": 2.3830188903045149, "median_commerce": 130.28926699721691, "median_entertainment": 17.486700212266829, "PC1_pos": 1.7878831603050527, "nivvie": 23742.543985637341, "rel_education": 1.1413673923576821, "rel_sante": 0.97434896496611634, "rel_services": 0.86131727588962526, "rel_commerce": 0.97846989631945891, "rel_loisirs": 0.91298130698372537, "rel_pc1": 0.96410588095109506, "q_revenu": 3, "q_population": 3 }, "geometry": { "type": "Polygon", "coordinates": [ [ [ 3.096556398614875, 50.633670678741815 ], [ 3.096292255343151, 50.635459445486738 ], [ 3.099108689153049, 50.635628726538258 ], [ 3.099372726295924, 50.633839952373087 ], [ 3.096556398614875, 50.633670678741815 ] ] ] } },
{ "type": "Feature", "properties": { "idcar_200m": "CRS3035RES200mN3081000E3833600", "population": 469.0, "median_education": 25.56840910534482, "median_healthcare": 53.41836600175666, "median_services": 2.4225615102789715, "median_commerce": 113.76540539638947, "median_entertainment": 17.845251119195439, "PC1_pos": 1.7130605067730227, "nivvie": 23961.768230277186, "rel_education": 1.1412497388058953, "rel_sante": 0.92126830484997324, "rel_services": 0.87560954266791569, "rel_commerce": 0.8543760126098815, "rel_loisirs": 0.93170126395984187, "rel_pc1": 0.92375818827173217, "q_revenu": 3, "q_population": 5 }, "geometry": { "type": "Polygon", "coordinates": [ [ [ 3.099372726295924, 50.633839952373087 ], [ 3.099108689153049, 50.635628726538258 ], [ 3.101925141606663, 50.63579793874429 ], [ 3.102189072618004, 50.634009157161813 ], [ 3.099372726295924, 50.633839952373087 ] ] ] } },
{ "type": "Feature", "properties": { "idcar_200m": "CRS3035RES200mN3081000E3833800", "population": 307.0, "median_education": 25.526342573764325, "median_healthcare": 49.318323416333655, "median_services": 2.4479740021989684, "median_commerce": 104.58901307768357, "median_entertainment": 18.490113430066902, "PC1_pos": 1.6541186187539805, "nivvie": 22315.460260586318, "rel_education": 1.139372092919485, "rel_sante": 0.85055780647267099, "rel_services": 0.88479462231757877, "rel_commerce": 0.78546148229125878, "rel_loisirs": 0.96536955061526075, "rel_pc1": 0.89197410856496673, "q_revenu": 2, "q_population": 4 }, "geometry": { "type": "Polygon", "coordinates": [ [ [ 3.102189072618004, 50.634009157161813 ], [ 3.101925141606663, 50.63579793874429 ], [ 3.104741612696662, 50.635967082104031 ], [ 3.105005437573776, 50.63417829310719 ], [ 3.102189072618004, 50.634009157161813 ] ] ] } },
{ "type": "Feature", "properties": { "idcar_200m": "CRS3035RES200mN3081000E3834000", "population": 82.0, "median_education": 25.132340077215435, "median_healthcare": 44.801362281149245, "median_services": 2.56428727242014, "median_commerce": 92.021795759459678, "median_entertainment": 19.279185874509849, "PC1_pos": 1.5752316870783101, "nivvie": 25173.303658536584, "rel_education": 1.121785732953847, "rel_sante": 0.7726570124283958, "rel_services": 0.9268348383915318, "rel_commerce": 0.69108192125919532, "rel_loisirs": 1.0065670540257099, "rel_pc1": 0.84943477688642222, "q_revenu": 3, "q_population": 2 }, "geometry": { "type": "Polygon", "coordinates": [ [ [ 3.105005437573776, 50.63417829310719 ], [ 3.104741612696662, 50.635967082104031 ], [ 3.107558102415715, 50.636136156616743 ], [ 3.107821821155916, 50.634347360208558 ], [ 3.105005437573776, 50.63417829310719 ] ] ] } },
{ "type": "Feature", "properties": { "idcar_200m": "CRS3035RES200mN3081000E3834200", "population": 334.5, "median_education": 25.040580959085439, "median_healthcare": 42.215852841796703, "median_services": 2.6769776358666237, "median_commerce": 85.491498616935445, "median_entertainment": 20.500535441878363, "PC1_pos": 1.5648648003956949, "nivvie": 18417.753363228701, "rel_education": 1.1176900510845738, "rel_sante": 0.72806658264460966, "rel_services": 0.96756559267033404, "rel_commerce": 0.64203951496399814, "rel_loisirs": 1.0703337630539747, "rel_pc1": 0.84384449188359378, "q_revenu": 1, "q_population": 4 }, "geometry": { "type": "Polygon", "coordinates": [ [ [ 3.107821821155916, 50.634347360208558 ], [ 3.107558102415715, 50.636136156616743 ], [ 3.110374610756494, 50.636305162281737 ], [ 3.110638223357092, 50.634516358465099 ], [ 3.107821821155916, 50.634347360208558 ] ] ] } },
{ "type": "Feature", "properties": { "idcar_200m": "CRS3035RES200mN3081000E3834400", "population": 364.5, "median_education": 24.400535879268197, "median_healthcare": 40.960284272273128, "median_services": 2.8381743329074438, "median_commerce": 81.409287735847542, "median_entertainment": 21.092120502869449, "PC1_pos": 1.5591349386289708, "nivvie": 19331.029080932785, "rel_education": 1.0891215438631867, "rel_sante": 0.70641269065491741, "rel_services": 1.0258284543465428, "rel_commerce": 0.6113821895401198, "rel_loisirs": 1.1012204423942431, "rel_pc1": 0.84075469633711464, "q_revenu": 2, "q_population": 4 }, "geometry": { "type": "Polygon", "coordinates": [ [ [ 3.110638223357092, 50.634516358465099 ], [ 3.110374610756494, 50.636305162281737 ], [ 3.113191137711662, 50.636474099098244 ], [ 3.113454644169972, 50.634685287876138 ], [ 3.110638223357092, 50.634516358465099 ] ] ] } },
{ "type": "Feature", "properties": { "idcar_200m": "CRS3035RES200mN3081000E3834600", "population": 256.0, "median_education": 23.154583143142617, "median_healthcare": 38.170255443801842, "median_services": 2.6313249935769134, "median_commerce": 74.444891111435737, "median_entertainment": 21.529464698073273, "PC1_pos": 1.4767304354745332, "nivvie": 21577.5125, "rel_education": 1.0335082583901156, "rel_sante": 0.65829506142597816, "rel_services": 0.95106492217455285, "rel_commerce": 0.55907970446158006, "rel_loisirs": 1.1240542000553273, "rel_pc1": 0.79631853413594988, "q_revenu": 2, "q_population": 3 }, "geometry": { "type": "Polygon", "coordinates": [ [ [ 3.113454644169972, 50.634685287876138 ], [ 3.113191137711662, 50.636474099098244 ], [ 3.11600768327389, 50.636642967065583 ], [ 3.116271083587226, 50.634854148440908 ], [ 3.113454644169972, 50.634685287876138 ] ] ] } },
{ "type": "Feature", "properties": { "idcar_200m": "CRS3035RES200mN3081000E3834800", "population": 32.5, "median_education": 21.876237864284903, "median_healthcare": 34.38403582525396, "median_services": 2.6239157866852345, "median_commerce": 66.911986719063606, "median_entertainment": 21.529375844153602, "PC1_pos": 1.3912217414706314, "nivvie": 31039.126153846155, "rel_education": 0.97644912696002817, "rel_sante": 0.59299684302568845, "rel_services": 0.94838694176809957, "rel_commerce": 0.50250773694912032, "rel_loisirs": 1.1240495609886809, "rel_pc1": 0.75020845457821006, "q_revenu": 5, "q_population": 1 }, "geometry": { "type": "Polygon", "coordinates": [ [ [ 3.116271083587226, 50.634854148440908 ], [ 3.11600768327389, 50.636642967065583 ], [ 3.118824247435842, 50.636811766182937 ], [ 3.119087541601521, 50.635022940158727 ], [ 3.116271083587226, 50.634854148440908 ] ] ] } },
{ "type": "Feature", "properties": { "idcar_200m": "CRS3035RES200mN3081200E3826400", "population": 144.0, "median_education": 9.5773839582809206, "median_healthcare": 15.776191123824997, "median_services": 1.1599960885239542, "median_commerce": 21.944152229589932, "median_entertainment": 5.0468114620376987, "PC1_pos": 0.31188220113257481, "nivvie": 15544.02986111111, "rel_education": 0.42748795577379223, "rel_sante": 0.27208067077823939, "rel_services": 0.41926846449899496, "rel_commerce": 0.16480016237533932, "rel_loisirs": 0.26349422525579674, "rel_pc1": 0.16818071278471222, "q_revenu": 1, "q_population": 2 }, "geometry": { "type": "Polygon", "coordinates": [ [ [ 2.997728874468479, 50.629491241721986 ], [ 2.997460992978806, 50.631279745197581 ], [ 3.000276875687227, 50.631451442902268 ], [ 3.000544651133009, 50.629662931902402 ], [ 2.997728874468479, 50.629491241721986 ] ] ] } },
{ "type": "Feature", "properties": { "idcar_200m": "CRS3035RES200mN3081200E3826600", "population": 352.5, "median_education": 12.479439738804938, "median_healthcare": 20.110610283250235, "median_services": 1.379702173253899, "median_commerce": 29.521338742065911, "median_entertainment": 6.4513390742704289, "PC1_pos": 0.48249636917738137, "nivvie": 18560.074609929077, "rel_education": 0.55702164666075638, "rel_sante": 0.34683329408726421, "rel_services": 0.49867893294550802, "rel_commerce": 0.22170468776048821, "rel_loisirs": 0.33682466722285448, "rel_pc1": 0.26018343781597808, "q_revenu": 1, "q_population": 4 }, "geometry": { "type": "Polygon", "coordinates": [ [ [ 3.000544651133009, 50.629662931902402 ], [ 3.000276875687227, 50.631451442902268 ], [ 3.003092777298427, 50.631623071784347 ], [ 3.003360446697588, 50.629834553263187 ], [ 3.000544651133009, 50.629662931902402 ] ] ] } },
{ "type": "Feature", "properties": { "idcar_200m": "CRS3035RES200mN3081200E3826800", "population": 397.5, "median_education": 14.972546046404252, "median_healthcare": 23.722490354477571, "median_services": 1.4984945138891241, "median_commerce": 35.065643736225283, "median_entertainment": 7.3232412720674942, "PC1_pos": 0.6165669896960575, "nivvie": 22268.878742138368, "rel_education": 0.66830181707105674, "rel_sante": 0.40912480316171967, "rel_services": 0.54161518311489287, "rel_commerce": 0.263342311931898, "rel_loisirs": 0.38234671531906056, "rel_pc1": 0.33248026155403704, "q_revenu": 2, "q_population": 4 }, "geometry": { "type": "Polygon", "coordinates": [ [ [ 3.003360446697588, 50.629834553263187 ], [ 3.003092777298427, 50.631623071784347 ], [ 3.005908697805074, 50.6317946318431 ], [ 3.00617626115489, 50.630006105803538 ], [ 3.003360446697588, 50.629834553263187 ] ] ] } },
{ "type": "Feature", "properties": { "idcar_200m": "CRS3035RES200mN3081200E3827000", "population": 478.5, "median_education": 16.87260266825054, "median_healthcare": 27.963621982001872, "median_services": 1.7214835190587965, "median_commerce": 40.987646903362652, "median_entertainment": 8.2185303438084727, "PC1_pos": 0.73564068064964405, "nivvie": 17799.511598746081, "rel_education": 0.75311112665556257, "rel_sante": 0.48226856321245637, "rel_services": 0.62221222884856586, "rel_commerce": 0.30781644213846504, "rel_loisirs": 0.42908979302522121, "rel_pc1": 0.39669007585494398, "q_revenu": 1, "q_population": 5 }, "geometry": { "type": "Polygon", "coordinates": [ [ [ 3.00617626115489, 50.630006105803538 ], [ 3.005908697805074, 50.6317946318431 ], [ 3.008724637199861, 50.631966123077774 ], [ 3.008992094497602, 50.630177589522795 ], [ 3.00617626115489, 50.630006105803538 ] ] ] } },
{ "type": "Feature", "properties": { "idcar_200m": "CRS3035RES200mN3081200E3827200", "population": 168.5, "median_education": 17.598326078201907, "median_healthcare": 28.986663122171322, "median_services": 1.9598818142063952, "median_commerce": 44.870144491839696, "median_entertainment": 9.0040325105759926, "PC1_pos": 0.81465214955451137, "nivvie": 23625.185163204747, "rel_education": 0.78550389887067817, "rel_sante": 0.49991222114397565, "rel_services": 0.70837880142114906, "rel_commerce": 0.33697392456515513, "rel_loisirs": 0.47010089209758266, "rel_pc1": 0.43929656352988239, "q_revenu": 3, "q_population": 2 }, "geometry": { "type": "Polygon", "coordinates": [ [ [ 3.008992094497602, 50.630177589522795 ], [ 3.008724637199861, 50.631966123077774 ], [ 3.011540595475461, 50.632137545487588 ], [ 3.011807946718409, 50.63034900442014 ], [ 3.008992094497602, 50.630177589522795 ] ] ] } },
{ "type": "Feature", "properties": { "idcar_200m": "CRS3035RES200mN3081200E3827400", "population": 229.0, "median_education": 19.229946771988111, "median_healthcare": 31.513321029283993, "median_services": 2.3724545589016937, "median_commerce": 53.130151349790566, "median_entertainment": 10.326798562963862, "PC1_pos": 0.98956063576384268, "nivvie": 22225.269868995634, "rel_education": 0.85833153092794789, "rel_sante": 0.54348768069556364, "rel_services": 0.8574989086989605, "rel_commerce": 0.39900641764894729, "rel_loisirs": 0.53916255980408412, "rel_pc1": 0.53361497534035984, "q_revenu": 2, "q_population": 3 }, "geometry": { "type": "Polygon", "coordinates": [ [ [ 3.011807946718409, 50.63034900442014 ], [ 3.011540595475461, 50.632137545487588 ], [ 3.01435657262456, 50.632308899071838 ], [ 3.01462381780999, 50.630520350494869 ], [ 3.011807946718409, 50.63034900442014 ] ] ] } },
{ "type": "Feature", "properties": { "idcar_200m": "CRS3035RES200mN3081200E3827600", "population": 182.0, "median_education": 19.221118896675261, "median_healthcare": 33.428080947024668, "median_services": 2.7279897871471861, "median_commerce": 60.396612340257185, "median_entertainment": 11.204917129701467, "PC1_pos": 1.1239239744082266, "nivvie": 28017.067582417581, "rel_education": 0.85793749740190839, "rel_sante": 0.57651017381251179, "rel_services": 0.98600340168519618, "rel_commerce": 0.45357740032323879, "rel_loisirs": 0.58500916476757414, "rel_pc1": 0.60606964567193311, "q_revenu": 4, "q_population": 3 }, "geometry": { "type": "Polygon", "coordinates": [ [ [ 3.01462381780999, 50.630520350494869 ], [ 3.01435657262456, 50.632308899071838 ], [ 3.017172568639832, 50.632480183829763 ], [ 3.017439707765024, 50.630691627746224 ], [ 3.01462381780999, 50.630520350494869 ] ] ] } },
{ "type": "Feature", "properties": { "idcar_200m": "CRS3035RES200mN3081200E3827800", "population": 253.5, "median_education": 19.602075552866449, "median_healthcare": 37.246137574093723, "median_services": 3.4247320705003936, "median_commerce": 69.958583963340274, "median_entertainment": 12.725609235297195, "PC1_pos": 1.3177186988306329, "nivvie": 21085.146745562131, "rel_education": 0.87494155434511789, "rel_sante": 0.64235746229987289, "rel_services": 1.2378336192032018, "rel_commerce": 0.5253876238226739, "rel_loisirs": 0.66440455950949873, "rel_pc1": 0.71057235460793533, "q_revenu": 2, "q_population": 3 }, "geometry": { "type": "Polygon", "coordinates": [ [ [ 3.017439707765024, 50.630691627746224 ], [ 3.017172568639832, 50.632480183829763 ], [ 3.019988583513967, 50.632651399760618 ], [ 3.020255616576198, 50.630862836173449 ], [ 3.017439707765024, 50.630691627746224 ] ] ] } },
{ "type": "Feature", "properties": { "idcar_200m": "CRS3035RES200mN3081200E3828200", "population": 468.0, "median_education": 21.392019754156173, "median_healthcare": 46.879852666968276, "median_services": 4.1615752519460205, "median_commerce": 89.221699446376888, "median_entertainment": 16.225764167351667, "PC1_pos": 1.7158246785110363, "nivvie": 21780.845940170941, "rel_education": 0.9548359796800131, "rel_sante": 0.80850324767878701, "rel_services": 1.5041578872913546, "rel_commerce": 0.67005325165124408, "rel_loisirs": 0.84714778640321209, "rel_pc1": 0.92524875224579128, "q_revenu": 2, "q_population": 5 }, "geometry": { "type": "Polygon", "coordinates": [ [ [ 3.023071544236185, 50.631033975775836 ], [ 3.022804617239633, 50.632822546863672 ], [ 3.025620669809521, 50.632993625138184 ], [ 3.025887490737675, 50.631205046552623 ], [ 3.023071544236185, 50.631033975775836 ] ] ] } },
{ "type": "Feature", "properties": { "idcar_200m": "CRS3035RES200mN3081200E3828400", "population": 451.0, "median_education": 23.406326007420464, "median_healthcare": 55.419488742537268, "median_services": 4.7854812956794071, "median_commerce": 106.81808930287461, "median_entertainment": 19.814987914460758, "PC1_pos": 2.0020276591953006, "nivvie": 23679.78115299335, "rel_education": 1.0447448385355453, "rel_sante": 0.95578023573035731, "rel_services": 1.729662207121083, "rel_commerce": 0.80220180199078883, "rel_loisirs": 1.034541299639858, "rel_pc1": 1.0795820906594447, "q_revenu": 3, "q_population": 5 }, "geometry": { "type": "Polygon", "coordinates": [ [ [ 3.025887490737675, 50.631205046552623 ], [ 3.025620669809521, 50.632993625138184 ], [ 3.028436741216299, 50.63316463458338 ], [ 3.028703456073338, 50.631376048503071 ], [ 3.025887490737675, 50.631205046552623 ] ] ] } },
{ "type": "Feature", "properties": { "idcar_200m": "CRS3035RES200mN3081200E3828600", "population": 285.0, "median_education": 24.61556434034123, "median_healthcare": 61.940756155828076, "median_services": 4.5489250203536651, "median_commerce": 122.27462291889906, "median_entertainment": 22.180655080463577, "PC1_pos": 2.1785880479104303, "nivvie": 23729.373684210525, "rel_education": 1.0987193711673553, "rel_sante": 1.0682478648435021, "rel_services": 1.6441614133644176, "rel_commerce": 0.91828007300487569, "rel_loisirs": 1.158052875574044, "rel_pc1": 1.1747912815521113, "q_revenu": 3, "q_population": 3 }, "geometry": { "type": "Polygon", "coordinates": [ [ [ 3.028703456073338, 50.631376048503071 ], [ 3.028436741216299, 50.63316463458338 ], [ 3.031252831452652, 50.633335575198558 ], [ 3.031519440235861, 50.631546981626421 ], [ 3.028703456073338, 50.631376048503071 ] ] ] } },
{ "type": "Feature", "properties": { "idcar_200m": "CRS3035RES200mN3081200E3828800", "population": 119.0, "median_education": 25.085087129030725, "median_healthcare": 64.740327893904222, "median_services": 4.1846837846555385, "median_commerce": 136.28824817145164, "median_entertainment": 23.942032667176758, "PC1_pos": 2.240406514282328, "nivvie": 26582.902521008404, "rel_education": 1.1196765905918242, "rel_sante": 1.1165300738005954, "rel_services": 1.5125102249602451, "rel_commerce": 1.0235221298829591, "rel_loisirs": 1.2500144687670902, "rel_pc1": 1.2081265398641563, "q_revenu": 4, "q_population": 2 }, "geometry": { "type": "Polygon", "coordinates": [ [ [ 3.031519440235861, 50.631546981626421 ], [ 3.031252831452652, 50.633335575198558 ], [ 3.034068940511256, 50.633506446982985 ], [ 3.034335443217917, 50.631717845921969 ], [ 3.031519440235861, 50.631546981626421 ] ] ] } },
{ "type": "Feature", "properties": { "idcar_200m": "CRS3035RES200mN3081200E3829200", "population": 621.5, "median_education": 26.879524725211059, "median_healthcare": 71.362115378384644, "median_services": 3.8322583698058579, "median_commerce": 190.89056513151618, "median_entertainment": 28.302592954782636, "PC1_pos": 2.6152055806677708, "nivvie": 16142.427835880933, "rel_education": 1.1997715792751911, "rel_sante": 1.2307313005978253, "rel_services": 1.3851297415290758, "rel_commerce": 1.4335844830302664, "rel_loisirs": 1.4776794931704376, "rel_pc1": 1.4102348163443328, "q_revenu": 1, "q_population": 5 }, "geometry": { "type": "Polygon", "coordinates": [ [ [ 3.03715146501219, 50.631888641388926 ], [ 3.03688506838479, 50.63367724993585 ], [ 3.039701215065927, 50.633847984056487 ], [ 3.03996750561135, 50.632059368026589 ], [ 3.03715146501219, 50.631888641388926 ] ] ] } },
{ "type": "Feature", "properties": { "idcar_200m": "CRS3035RES200mN3081200E3829400", "population": 417.0, "median_education": 29.495369621371751, "median_healthcare": 81.118523431366356, "median_services": 4.1363587282602881, "median_commerce": 235.58775220780871, "median_entertainment": 31.000157380240889, "PC1_pos": 3.0652637313156981, "nivvie": 21743.302877697843, "rel_education": 1.3165302048197138, "rel_sante": 1.3989930835976929, "rel_services": 1.4950436383121424, "rel_commerce": 1.7692595007218281, "rel_loisirs": 1.6185194380961256, "rel_pc1": 1.6529261283065793, "q_revenu": 2, "q_population": 4 }, "geometry": { "type": "Polygon", "coordinates": [ [ [ 3.03996750561135, 50.632059368026589 ], [ 3.039701215065927, 50.633847984056487 ], [ 3.042517380547349, 50.634018649344121 ], [ 3.042783565008087, 50.632230025834211 ], [ 3.03996750561135, 50.632059368026589 ] ] ] } },
{ "type": "Feature", "properties": { "idcar_200m": "CRS3035RES200mN3081200E3829600", "population": 198.0, "median_education": 31.344037316710438, "median_healthcare": 90.643501793138242, "median_services": 4.2964139419408705, "median_commerce": 268.04905047970556, "median_entertainment": 32.741115583309863, "PC1_pos": 3.3774014578033213, "nivvie": 26211.019696969699, "rel_education": 1.3990457620353227, "rel_sante": 1.5632635644430579, "rel_services": 1.5528939227560374, "rel_commerce": 2.0130432281655968, "rel_loisirs": 1.7094149344646714, "rel_pc1": 1.8212446316936104, "q_revenu": 4, "q_population": 3 }, "geometry": { "type": "Polygon", "coordinates": [ [ [ 3.042783565008087, 50.632230025834211 ], [ 3.042517380547349, 50.634018649344121 ], [ 3.045333564821731, 50.634189245798019 ], [ 3.045599643195069, 50.632400614811019 ], [ 3.042783565008087, 50.632230025834211 ] ] ] } },
{ "type": "Feature", "properties": { "idcar_200m": "CRS3035RES200mN3081200E3829800", "population": 68.0, "median_education": 32.546561585324184, "median_healthcare": 100.118344670406, "median_services": 4.5019275084692696, "median_commerce": 299.89749881284217, "median_entertainment": 34.3610171105774, "PC1_pos": 3.6334689904148174, "nivvie": 28978.776470588236, "rel_education": 1.4527206114093616, "rel_sante": 1.7266693944898486, "rel_services": 1.627174653807222, "rel_commerce": 2.2522244643231808, "rel_loisirs": 1.7939900570205085, "rel_pc1": 1.9593276001965729, "q_revenu": 4, "q_population": 2 }, "geometry": { "type": "Polygon", "coordinates": [ [ [ 3.045599643195069, 50.632400614811019 ], [ 3.045333564821731, 50.634189245798019 ], [ 3.048149767881748, 50.634359773417415 ], [ 3.048415740164977, 50.632571134956329 ], [ 3.045599643195069, 50.632400614811019 ] ] ] } },
{ "type": "Feature", "properties": { "idcar_200m": "CRS3035RES200mN3081200E3830000", "population": 156.0, "median_education": 32.873607606407894, "median_healthcare": 111.25452382929123, "median_services": 4.5650774810860835, "median_commerce": 308.92069525209467, "median_entertainment": 35.009277014014877, "PC1_pos": 3.8267611214699651, "nivvie": 30067.620512820511, "rel_education": 1.4673183591456989, "rel_sante": 1.9187271016813119, "rel_services": 1.6499995515065717, "rel_commerce": 2.3199884965252662, "rel_loisirs": 1.8278357321176497, "rel_pc1": 2.0635592885022236, "q_revenu": 5, "q_population": 2 }, "geometry": { "type": "Polygon", "coordinates": [ [ [ 3.048415740164977, 50.632571134956329 ], [ 3.048149767881748, 50.634359773417415 ], [ 3.050965989720075, 50.634530232201605 ], [ 3.051231855910486, 50.632741586269368 ], [ 3.048415740164977, 50.632571134956329 ] ] ] } },
{ "type": "Feature", "properties": { "idcar_200m": "CRS3035RES200mN3081200E3830200", "population": 628.0, "median_education": 32.224714036214209, "median_healthcare": 119.74771492854553, "median_services": 4.7422543155683892, "median_commerce": 333.570996336159, "median_entertainment": 35.113620496397644, "PC1_pos": 4.0692711936805113, "nivvie": 19084.148089171973, "rel_education": 1.4383548982418459, "rel_sante": 2.0652030864862305, "rel_services": 1.7140382668721665, "rel_commerce": 2.5051117848962345, "rel_loisirs": 1.8332835094435413, "rel_pc1": 2.1943314731723724, "q_revenu": 1, "q_population": 5 }, "geometry": { "type": "Polygon", "coordinates": [ [ [ 3.051231855910486, 50.632741586269368 ], [ 3.050965989720075, 50.634530232201605 ], [ 3.053782230329389, 50.634700622149865 ], [ 3.054047990424273, 50.632911968749376 ], [ 3.051231855910486, 50.632741586269368 ] ] ] } },
{ "type": "Feature", "properties": { "idcar_200m": "CRS3035RES200mN3081200E3830400", "population": 464.5, "median_education": 35.201825390778716, "median_healthcare": 136.67493003561344, "median_services": 5.4372449667884108, "median_commerce": 388.72634247643117, "median_entertainment": 39.051476806262656, "PC1_pos": 4.6196879171036009, "nivvie": 30926.59935414424, "rel_education": 1.5712387058262047, "rel_sante": 2.3571346436403089, "rel_services": 1.9652353752597935, "rel_commerce": 2.9193273765803043, "rel_loisirs": 2.0388791425163073, "rel_pc1": 2.4911405778207385, "q_revenu": 5, "q_population": 5 }, "geometry": { "type": "Polygon", "coordinates": [ [ [ 3.054047990424273, 50.632911968749376 ], [ 3.053782230329389, 50.634700622149865 ], [ 3.056598489702364, 50.634870943261369 ], [ 3.056864143699015, 50.633082282395655 ], [ 3.054047990424273, 50.632911968749376 ] ] ] } },
{ "type": "Feature", "properties": { "idcar_200m": "CRS3035RES200mN3081200E3830600", "population": 278.0, "median_education": 35.146458652205489, "median_healthcare": 136.13029517010128, "median_services": 5.4884541136956857, "median_commerce": 387.46530378208041, "median_entertainment": 38.723727704377829, "PC1_pos": 4.6170531951859219, "nivvie": 32792.046402877699, "rel_education": 1.5687674032248231, "rel_sante": 2.3477417161348875, "rel_services": 1.983744386285371, "rel_commerce": 2.9098570001713053, "rel_loisirs": 2.0217673489949859, "rel_pc1": 2.4897198189300558, "q_revenu": 5, "q_population": 3 }, "geometry": { "type": "Polygon", "coordinates": [ [ [ 3.056864143699015, 50.633082282395655 ], [ 3.056598489702364, 50.634870943261369 ], [ 3.059414767831673, 50.635041195535493 ], [ 3.059680315727383, 50.633252527207439 ], [ 3.056864143699015, 50.633082282395655 ] ] ] } },
{ "type": "Feature", "properties": { "idcar_200m": "CRS3035RES200mN3081200E3830800", "population": 274.0, "median_education": 36.556828244510555, "median_healthcare": 136.92445744151058, "median_services": 5.6157832474800671, "median_commerce": 422.61819277850839, "median_entertainment": 40.896399983057478, "PC1_pos": 4.8610637214782457, "nivvie": 32843.382116788322, "rel_education": 1.6317194594988862, "rel_sante": 2.3614380641200166, "rel_services": 2.0297661711309516, "rel_commerce": 3.1738545223340409, "rel_loisirs": 2.1352026542588551, "rel_pc1": 2.6213011149764158, "q_revenu": 5, "q_population": 3 }, "geometry": { "type": "Polygon", "coordinates": [ [ [ 3.059680315727383, 50.633252527207439 ], [ 3.059414767831673, 50.635041195535493 ], [ 3.062231064709995, 50.635211378971398 ], [ 3.062496506502059, 50.633422703183996 ], [ 3.059680315727383, 50.633252527207439 ] ] ] } },
{ "type": "Feature", "properties": { "idcar_200m": "CRS3035RES200mN3081200E3831000", "population": 235.0, "median_education": 37.312184205221165, "median_healthcare": 134.28195467670753, "median_services": 5.7290618150386452, "median_commerce": 431.59862759402995, "median_entertainment": 41.612819197438306, "PC1_pos": 4.9650407042463449, "nivvie": 30562.29574468085, "rel_education": 1.6654348850192897, "rel_sante": 2.3158647112658421, "rel_services": 2.0707095256394701, "rel_commerce": 3.2412974155620358, "rel_loisirs": 2.1726069296655344, "rel_pc1": 2.6773701147835234, "q_revenu": 5, "q_population": 3 }, "geometry": { "type": "Polygon", "coordinates": [ [ [ 3.062496506502059, 50.633422703183996 ], [ 3.062231064709995, 50.635211378971398 ], [ 3.065047380329999, 50.635381493568396 ], [ 3.065312716015712, 50.633592810324593 ], [ 3.062496506502059, 50.633422703183996 ] ] ] } },
{ "type": "Feature", "properties": { "idcar_200m": "CRS3035RES200mN3081200E3831200", "population": 381.5, "median_education": 39.679092918061848, "median_healthcare": 130.43151921232518, "median_services": 5.8381988481298821, "median_commerce": 417.06435183276744, "median_entertainment": 41.471054736311189, "PC1_pos": 4.909102334284027, "nivvie": 30543.872346002623, "rel_education": 1.7710822070398906, "rel_sante": 2.2494590081582428, "rel_services": 2.1101559657928703, "rel_commerce": 3.1321452833491445, "rel_loisirs": 2.1652054015651734, "rel_pc1": 2.6472056651993086, "q_revenu": 5, "q_population": 4 }, "geometry": { "type": "Polygon", "coordinates": [ [ [ 3.065312716015712, 50.633592810324593 ], [ 3.065047380329999, 50.635381493568396 ], [ 3.067863714684359, 50.63555153932576 ], [ 3.068128944261022, 50.6337628486285 ], [ 3.065312716015712, 50.633592810324593 ] ] ] } },
{ "type": "Feature", "properties": { "idcar_200m": "CRS3035RES200mN3081200E3831400", "population": 418.5, "median_education": 40.144143681990734, "median_healthcare": 120.33878629830603, "median_services": 5.8562056192507193, "median_commerce": 385.84362966200359, "median_entertainment": 38.677924981531078, "PC1_pos": 4.596297830649883, "nivvie": 30731.469295101553, "rel_education": 1.7918398169748153, "rel_sante": 2.0753968711266424, "rel_services": 2.1166643250477923, "rel_commerce": 2.8976782586317631, "rel_loisirs": 2.0193759870307257, "rel_pc1": 2.4785276060076717, "q_revenu": 5, "q_population": 4 }, "geometry": { "type": "Polygon", "coordinates": [ [ [ 3.068128944261022, 50.6337628486285 ], [ 3.067863714684359, 50.63555153932576 ], [ 3.070680067765752, 50.635721516242718 ], [ 3.070945191230658, 50.633932818094941 ], [ 3.068128944261022, 50.6337628486285 ] ] ] } },
{ "type": "Feature", "properties": { "idcar_200m": "CRS3035RES200mN3081200E3831600", "population": 164.5, "median_education": 37.949487934369238, "median_healthcare": 102.83237757837695, "median_services": 5.248139373313502, "median_commerce": 329.43313723780261, "median_entertainment": 33.996893252955154, "PC1_pos": 4.0725936071235118, "nivvie": 16163.976291793313, "rel_education": 1.6938810316463093, "rel_sante": 1.7734763764995793, "rel_services": 1.8968851346091684, "rel_commerce": 2.4740365424279518, "rel_loisirs": 1.7749791360691267, "rel_pc1": 2.1961230658281261, "q_revenu": 1, "q_population": 2 }, "geometry": { "type": "Polygon", "coordinates": [ [ [ 3.070945191230658, 50.633932818094941 ], [ 3.070680067765752, 50.635721516242718 ], [ 3.073496439566844, 50.635891424318537 ], [ 3.073761456917295, 50.634102718723256 ], [ 3.070945191230658, 50.633932818094941 ] ] ] } },
{ "type": "Feature", "properties": { "idcar_200m": "CRS3035RES200mN3081200E3831800", "population": 215.5, "median_education": 35.239055535063514, "median_healthcare": 89.664648483949165, "median_services": 4.4060378501467987, "median_commerce": 275.946272949307, "median_entertainment": 29.057380729494298, "PC1_pos": 3.4188619654649637, "nivvie": 18780.219025522041, "rel_education": 1.5729004788471883, "rel_sante": 1.5463819823889802, "rel_services": 1.5925163388319077, "rel_commerce": 2.0723512174507595, "rel_loisirs": 1.5170869926235468, "rel_pc1": 1.8436019759268807, "q_revenu": 1, "q_population": 3 }, "geometry": { "type": "Polygon", "coordinates": [ [ [ 3.073761456917295, 50.634102718723256 ], [ 3.073496439566844, 50.635891424318537 ], [ 3.076312830080311, 50.63606126355252 ], [ 3.076577741313608, 50.63427255051262 ], [ 3.073761456917295, 50.634102718723256 ] ] ] } },
{ "type": "Feature", "properties": { "idcar_200m": "CRS3035RES200mN3081200E3832200", "population": 203.5, "median_education": 30.901268178461269, "median_healthcare": 75.441724563746661, "median_services": 3.3938056844418223, "median_commerce": 225.82781808650654, "median_entertainment": 23.315828292160628, "PC1_pos": 2.7124996364763163, "nivvie": 28835.906633906634, "rel_education": 1.3792826957727233, "rel_sante": 1.3010893987568977, "rel_services": 1.2266556001361033, "rel_commerce": 1.6959625826575084, "rel_loisirs": 1.2173203136777213, "rel_pc1": 1.4627000855907852, "q_revenu": 4, "q_population": 3 }, "geometry": { "type": "Polygon", "coordinates": [ [ [ 3.079394044412268, 50.634442313462316 ], [ 3.079129239298826, 50.636231033943858 ], [ 3.081945667215055, 50.636400735491911 ], [ 3.082210366205946, 50.634612007571654 ], [ 3.079394044412268, 50.634442313462316 ] ] ] } },
{ "type": "Feature", "properties": { "idcar_200m": "CRS3035RES200mN3081200E3832400", "population": 450.0, "median_education": 29.627741357736848, "median_healthcare": 70.532890432232392, "median_services": 2.9842255658198629, "median_commerce": 199.76416516995283, "median_entertainment": 21.030703754089554, "PC1_pos": 2.4561703905311667, "nivvie": 21260.730222222221, "rel_education": 1.3224386369372354, "rel_sante": 1.216430251770239, "rel_services": 1.0786171462802314, "rel_commerce": 1.5002250491313476, "rel_loisirs": 1.0980138715208871, "rel_pc1": 1.3244759896530436, "q_revenu": 2, "q_population": 5 }, "geometry": { "type": "Polygon", "coordinates": [ [ [ 3.082210366205946, 50.634612007571654 ], [ 3.081945667215055, 50.636400735491911 ], [ 3.084762113821677, 50.636570368195834 ], [ 3.085026706687318, 50.634781632839868 ], [ 3.082210366205946, 50.634612007571654 ] ] ] } },
{ "type": "Feature", "properties": { "idcar_200m": "CRS3035RES200mN3081200E3832600", "population": 392.0, "median_education": 30.28145900442474, "median_healthcare": 73.091386697306163, "median_services": 2.9843667478993696, "median_commerce": 196.70488432460738, "median_entertainment": 20.873050055271648, "PC1_pos": 2.458448482060632, "nivvie": 18295.168367346938, "rel_education": 1.3516174212120617, "rel_sante": 1.2605548046817225, "rel_services": 1.0786681750675482, "rel_commerce": 1.4772499086570274, "rel_loisirs": 1.0897827656947223, "rel_pc1": 1.325704437624178, "q_revenu": 1, "q_population": 4 }, "geometry": { "type": "Polygon", "coordinates": [ [ [ 3.085026706687318, 50.634781632839868 ], [ 3.084762113821677, 50.636570368195834 ], [ 3.087578579111358, 50.636739932054986 ], [ 3.087843065849053, 50.634951189266211 ], [ 3.085026706687318, 50.634781632839868 ] ] ] } },
{ "type": "Feature", "properties": { "idcar_200m": "CRS3035RES200mN3081200E3832800", "population": 272.5, "median_education": 27.907748060794741, "median_healthcare": 68.693792051366643, "median_services": 2.7233164250433219, "median_commerce": 170.7433663686341, "median_entertainment": 19.395008311375744, "PC1_pos": 2.2266988433009285, "nivvie": 15281.934678899082, "rel_education": 1.2456664806096547, "rel_sante": 1.1847126389975682, "rel_services": 0.98431426378833642, "rel_commerce": 1.28227940672597, "rel_loisirs": 1.0126141480173874, "rel_pc1": 1.2007347558255086, "q_revenu": 1, "q_population": 3 }, "geometry": { "type": "Polygon", "coordinates": [ [ [ 3.087843065849053, 50.634951189266211 ], [ 3.087578579111358, 50.636739932054986 ], [ 3.090395063076768, 50.636909427068552 ], [ 3.090659443683824, 50.635120676849972 ], [ 3.087843065849053, 50.634951189266211 ] ] ] } },
{ "type": "Feature", "properties": { "idcar_200m": "CRS3035RES200mN3081200E3833000", "population": 356.0, "median_education": 27.262887729928707, "median_healthcare": 67.438588189752025, "median_services": 2.6698468720136255, "median_commerce": 161.97479413999034, "median_entertainment": 18.761656714653533, "PC1_pos": 2.1042167775533391, "nivvie": 21220.0154494382, "rel_education": 1.2168830439423612, "rel_sante": 1.1630650368640096, "rel_services": 0.96498825259054477, "rel_commerce": 1.2164275974620955, "rel_loisirs": 0.979546836201174, "rel_pc1": 1.1346869946965645, "q_revenu": 2, "q_population": 4 }, "geometry": { "type": "Polygon", "coordinates": [ [ [ 3.090659443683824, 50.635120676849972 ], [ 3.090395063076768, 50.636909427068552 ], [ 3.093211565710578, 50.637078853235835 ], [ 3.093475840184299, 50.635290095590364 ], [ 3.090659443683824, 50.635120676849972 ] ] ] } },
{ "type": "Feature", "properties": { "idcar_200m": "CRS3035RES200mN3081200E3833200", "population": 526.0, "median_education": 26.019709559094188, "median_healthcare": 60.513363503624007, "median_services": 2.4771646037167878, "median_commerce": 140.9563979246642, "median_entertainment": 17.610777757492414, "PC1_pos": 1.8716163082816157, "nivvie": 16672.85855513308, "rel_education": 1.1613936016032402, "rel_sante": 1.0436306459452658, "rel_services": 0.89534526020098015, "rel_commerce": 1.0585798449987189, "rel_loisirs": 0.91945940050807839, "rel_pc1": 1.0092585073570504, "q_revenu": 1, "q_population": 5 }, "geometry": { "type": "Polygon", "coordinates": [ [ [ 3.093475840184299, 50.635290095590364 ], [ 3.093211565710578, 50.637078853235835 ], [ 3.096028087005459, 50.637248210556102 ], [ 3.096292255343151, 50.635459445486738 ], [ 3.093475840184299, 50.635290095590364 ] ] ] } },
{ "type": "Feature", "properties": { "idcar_200m": "CRS3035RES200mN3081200E3833400", "population": 380.0, "median_education": 25.880679470786404, "median_healthcare": 58.930062840188555, "median_services": 2.4993963678387585, "median_commerce": 125.63144455515888, "median_entertainment": 17.368690658183247, "PC1_pos": 1.8066607831542489, "nivvie": 22475.382631578948, "rel_education": 1.1551879729576062, "rel_sante": 1.0163245932250637, "rel_services": 0.9033806990259361, "rel_commerce": 0.94348973911240108, "rel_loisirs": 0.90682002351594937, "rel_pc1": 0.97423160785603602, "q_revenu": 2, "q_population": 4 }, "geometry": { "type": "Polygon", "coordinates": [ [ [ 3.096292255343151, 50.635459445486738 ], [ 3.096028087005459, 50.637248210556102 ], [ 3.098844626954075, 50.637417499028643 ], [ 3.099108689153049, 50.635628726538258 ], [ 3.096292255343151, 50.635459445486738 ] ] ] } },
{ "type": "Feature", "properties": { "idcar_200m": "CRS3035RES200mN3081200E3833600", "population": 449.0, "median_education": 25.864695204237641, "median_healthcare": 55.380061017978349, "median_services": 2.6315998080998684, "median_commerce": 109.73555413454427, "median_entertainment": 17.749884090348555, "PC1_pos": 1.7234658484675984, "nivvie": 26392.066369710468, "rel_education": 1.1544745128456133, "rel_sante": 0.95510025399959275, "rel_services": 0.95116425101212498, "rel_commerce": 0.82411190692230607, "rel_loisirs": 0.92672214762669269, "rel_pc1": 0.92936920992223782, "q_revenu": 4, "q_population": 5 }, "geometry": { "type": "Polygon", "coordinates": [ [ [ 3.099108689153049, 50.635628726538258 ], [ 3.098844626954075, 50.637417499028643 ], [ 3.101661185549097, 50.637586718652642 ], [ 3.101925141606663, 50.63579793874429 ], [ 3.099108689153049, 50.635628726538258 ] ] ] } },
{ "type": "Feature", "properties": { "idcar_200m": "CRS3035RES200mN3081400E3825600", "population": 112.5, "median_education": 4.6984813521305462, "median_healthcare": 10.270027264167247, "median_services": 0.96443570116704791, "median_commerce": 10.955180081500838, "median_entertainment": 4.0173483097853158, "PC1_pos": 0.10200253068976561, "nivvie": 27956.623111111112, "rel_education": 0.20971741314880848, "rel_sante": 0.17711980572582897, "rel_services": 0.34858520605086474, "rel_commerce": 0.082273192301681314, "rel_loisirs": 0.20974591352025013, "rel_pc1": 0.055004287692445399, "q_revenu": 4, "q_population": 2 }, "geometry": { "type": "Polygon", "coordinates": [ [ [ 2.986197651319173, 50.630592266167682 ], [ 2.985929320227155, 50.632380737813058 ], [ 2.988745233294154, 50.632552718337529 ], [ 2.989013458343336, 50.630764239155354 ], [ 2.986197651319173, 50.630592266167682 ] ] ] } },
{ "type": "Feature", "properties": { "idcar_200m": "CRS3035RES200mN3081400E3825800", "population": 15.0, "median_education": 6.5676093031531435, "median_healthcare": 15.222837985683881, "median_services": 1.1079975855120758, "median_commerce": 15.5371509622679, "median_entertainment": 5.1971323823400253, "PC1_pos": 0.20449451466522084, "nivvie": 28082.78, "rel_education": 0.29314621691640097, "rel_sante": 0.26253738546805383, "rel_services": 0.40047414895800215, "rel_commerce": 0.11668370573820784, "rel_loisirs": 0.27134248642678321, "rel_pc1": 0.11027251030058387, "q_revenu": 4, "q_population": 1 }, "geometry": { "type": "Polygon", "coordinates": [ [ [ 2.989013458343336, 50.630764239155354 ], [ 2.988745233294154, 50.632552718337529 ], [ 2.991561165295916, 50.632724630039384 ], [ 2.991829284299541, 50.630936143323346 ], [ 2.989013458343336, 50.630764239155354 ] ] ] } },
{ "type": "Feature", "properties": { "idcar_200m": "CRS3035RES200mN3081400E3826600", "population": 147.0, "median_education": 12.943006617581339, "median_healthcare": 21.814389796371753, "median_services": 1.3581930524829873, "median_commerce": 32.880432335608425, "median_entertainment": 6.6988257512912117, "PC1_pos": 0.52018401056485231, "nivvie": 23008.180272108842, "rel_education": 0.57771302316145701, "rel_sante": 0.37621715925154042, "rel_services": 0.49090468600833193, "rel_commerce": 0.24693141622363254, "rel_loisirs": 0.3497459563800272, "rel_pc1": 0.28050628525229326, "q_revenu": 3, "q_population": 2 }, "geometry": { "type": "Polygon", "coordinates": [ [ [ 3.000276875687227, 50.631451442902268 ], [ 3.000009074836671, 50.633239952202132 ], [ 3.002825082504344, 50.633411588606307 ], [ 3.003092777298427, 50.631623071784347 ], [ 3.000276875687227, 50.631451442902268 ] ] ] } },
{ "type": "Feature", "properties": { "idcar_200m": "CRS3035RES200mN3081400E3826800", "population": 325.5, "median_education": 15.427606462948896, "median_healthcare": 26.917739116865278, "median_services": 1.6100011109033756, "median_commerce": 40.214315684296075, "median_entertainment": 7.9925161647755543, "PC1_pos": 0.703669010853472, "nivvie": 21658.559447004609, "rel_education": 0.68861350636634078, "rel_sante": 0.46423097040768324, "rel_services": 0.58191807738685752, "rel_commerce": 0.30200873951506446, "rel_loisirs": 0.41728958383391956, "rel_pc1": 0.37944953376658025, "q_revenu": 2, "q_population": 4 }, "geometry": { "type": "Polygon", "coordinates": [ [ [ 3.003092777298427, 50.631623071784347 ], [ 3.002825082504344, 50.633411588606307 ], [ 3.005641109070194, 50.633583156184152 ], [ 3.005908697805074, 50.6317946318431 ], [ 3.003092777298427, 50.631623071784347 ] ] ] } },
{ "type": "Feature", "properties": { "idcar_200m": "CRS3035RES200mN3081400E3827000", "population": 426.0, "median_education": 17.64332079305186, "median_healthcare": 30.533902582623753, "median_services": 1.7886346389722316, "median_commerce": 45.41471650241489, "median_entertainment": 8.7802531374819672, "PC1_pos": 0.81774196544053801, "nivvie": 23946.273708920187, "rel_education": 0.78751224465232561, "rel_sante": 0.52659635212022304, "rel_services": 0.64648329942719096, "rel_commerce": 0.34106364992017896, "rel_loisirs": 0.45841736221239243, "rel_pc1": 0.44096272926873642, "q_revenu": 3, "q_population": 4 }, "geometry": { "type": "Polygon", "coordinates": [ [ [ 3.005908697805074, 50.6317946318431 ], [ 3.005641109070194, 50.633583156184152 ], [ 3.008457154526911, 50.633754654934982 ], [ 3.008724637199861, 50.631966123077774 ], [ 3.005908697805074, 50.6317946318431 ] ] ] } },
{ "type": "Feature", "properties": { "idcar_200m": "CRS3035RES200mN3081400E3827200", "population": 399.0, "median_education": 19.077594360311679, "median_healthcare": 31.791108048999302, "median_services": 1.9843589036707121, "median_commerce": 50.952552868284002, "median_entertainment": 9.4660752403948294, "PC1_pos": 0.92505415948741954, "nivvie": 24423.881203007517, "rel_education": 0.85153125839961807, "rel_sante": 0.54827847449771838, "rel_services": 0.7172257896279518, "rel_commerce": 0.38265269481719127, "rel_loisirs": 0.49422416122393353, "rel_pc1": 0.49883022289215134, "q_revenu": 3, "q_population": 4 }, "geometry": { "type": "Polygon", "coordinates": [ [ [ 3.008724637199861, 50.631966123077774 ], [ 3.008457154526911, 50.633754654934982 ], [ 3.011273218867164, 50.633926084858011 ], [ 3.011540595475461, 50.632137545487588 ], [ 3.008724637199861, 50.631966123077774 ] ] ] } },
{ "type": "Feature", "properties": { "idcar_200m": "CRS3035RES200mN3081400E3827400", "population": 538.0, "median_education": 18.257475321049032, "median_healthcare": 32.143115489857031, "median_services": 2.3321375868506125, "median_commerce": 56.28483278899639, "median_entertainment": 9.9580484323816165, "PC1_pos": 0.99163784169309976, "nivvie": 21779.889219330857, "rel_education": 0.8149251232469783, "rel_sante": 0.55434929475311356, "rel_services": 0.84292676045437898, "rel_commerce": 0.42269801475346225, "rel_loisirs": 0.51991010095920542, "rel_pc1": 0.53473509688790077, "q_revenu": 2, "q_population": 5 }, "geometry": { "type": "Polygon", "coordinates": [ [ [ 3.011540595475461, 50.632137545487588 ], [ 3.011273218867164, 50.633926084858011 ], [ 3.014089302083636, 50.634097445952499 ], [ 3.01435657262456, 50.632308899071838 ], [ 3.011540595475461, 50.632137545487588 ] ] ] } },
{ "type": "Feature", "properties": { "idcar_200m": "CRS3035RES200mN3081400E3827600", "population": 448.5, "median_education": 19.756372736873271, "median_healthcare": 35.757271277228547, "median_services": 2.8039973463582197, "median_commerce": 65.401231880197983, "median_entertainment": 11.650242575885621, "PC1_pos": 1.1748334689591937, "nivvie": 21087.69453734671, "rel_education": 0.88182863207532602, "rel_sante": 0.61668005147423799, "rel_services": 1.0134755397001411, "rel_commerce": 0.49116199708414321, "rel_loisirs": 0.60825962385676868, "rel_pc1": 0.63352230263664255, "q_revenu": 2, "q_population": 5 }, "geometry": { "type": "Polygon", "coordinates": [ [ [ 3.01435657262456, 50.632308899071838 ], [ 3.014089302083636, 50.634097445952499 ], [ 3.016905404169011, 50.63426873821772 ], [ 3.017172568639832, 50.632480183829763 ], [ 3.01435657262456, 50.632308899071838 ] ] ] } },
{ "type": "Feature", "properties": { "idcar_200m": "CRS3035RES200mN3081400E3827800", "population": 157.5, "median_education": 21.092186403788261, "median_healthcare": 40.559856017142295, "median_services": 3.4482343001986848, "median_commerce": 77.534617935320085, "median_entertainment": 13.630936187714928, "PC1_pos": 1.4135450204884346, "nivvie": 25999.529523809524, "rel_education": 0.94145287354373242, "rel_sante": 0.69950679129052495, "rel_services": 1.2463282545346395, "rel_commerce": 0.58228349365080123, "rel_loisirs": 0.7116717153612423, "rel_pc1": 0.76224615651590488, "q_revenu": 4, "q_population": 2 }, "geometry": { "type": "Polygon", "coordinates": [ [ [ 3.017172568639832, 50.632480183829763 ], [ 3.016905404169011, 50.63426873821772 ], [ 3.019721525115959, 50.634439961652923 ], [ 3.019988583513967, 50.632651399760618 ], [ 3.017172568639832, 50.632480183829763 ] ] ] } },
{ "type": "Feature", "properties": { "idcar_200m": "CRS3035RES200mN3081400E3828000", "population": 46.0, "median_education": 21.683062018631009, "median_healthcare": 44.720995615303345, "median_services": 3.7401435638644247, "median_commerce": 87.27964833683896, "median_entertainment": 14.837659648124118, "PC1_pos": 1.5706897346527922, "nivvie": 24966.704347826086, "rel_education": 0.96782669439147118, "rel_sante": 0.77127098609415978, "rel_services": 1.3518358075005301, "rel_commerce": 0.65546848506538824, "rel_loisirs": 0.77467479476895462, "rel_pc1": 0.84698555473272463, "q_revenu": 3, "q_population": 1 }, "geometry": { "type": "Polygon", "coordinates": [ [ [ 3.019988583513967, 50.632651399760618 ], [ 3.019721525115959, 50.634439961652923 ], [ 3.022537664917166, 50.634611116257382 ], [ 3.022804617239633, 50.632822546863672 ], [ 3.019988583513967, 50.632651399760618 ] ] ] } },
{ "type": "Feature", "properties": { "idcar_200m": "CRS3035RES200mN3081400E3828200", "population": 321.5, "median_education": 22.260172762506119, "median_healthcare": 48.037420311472751, "median_services": 3.7504050846901733, "median_commerce": 92.597522638775388, "median_entertainment": 16.135805355676595, "PC1_pos": 1.6867782430684422, "nivvie": 25889.775116640747, "rel_education": 0.99358611817868936, "rel_sante": 0.82846698789440387, "rel_services": 1.3555447269724143, "rel_commerce": 0.69540561908093845, "rel_loisirs": 0.84245103330166382, "rel_pc1": 0.90958562623587169, "q_revenu": 4, "q_population": 4 }, "geometry": { "type": "Polygon", "coordinates": [ [ [ 3.022804617239633, 50.632822546863672 ], [ 3.022537664917166, 50.634611116257382 ], [ 3.025353823565313, 50.634782202030351 ], [ 3.025620669809521, 50.632993625138184 ], [ 3.022804617239633, 50.632822546863672 ] ] ] } },
{ "type": "Feature", "properties": { "idcar_200m": "CRS3035RES200mN3081400E3828400", "population": 450.0, "median_education": 23.975427476991676, "median_healthcare": 56.224737289204143, "median_services": 4.1175433476644612, "median_commerce": 107.40335804812358, "median_entertainment": 18.998386956249039, "PC1_pos": 1.9196307205658121, "nivvie": 24256.678, "rel_education": 1.0701467671743683, "rel_sante": 0.96966778076582871, "rel_services": 1.4882430156122723, "rel_commerce": 0.80659715904268636, "rel_loisirs": 0.99190653144103547, "rel_pc1": 1.0351500075855697, "q_revenu": 3, "q_population": 5 }, "geometry": { "type": "Polygon", "coordinates": [ [ [ 3.025620669809521, 50.632993625138184 ], [ 3.025353823565313, 50.634782202030351 ], [ 3.028170001053068, 50.634953218971056 ], [ 3.028436741216299, 50.63316463458338 ], [ 3.025620669809521, 50.632993625138184 ] ] ] } },
{ "type": "Feature", "properties": { "idcar_200m": "CRS3035RES200mN3081400E3828600", "population": 405.0, "median_education": 26.341169696387222, "median_healthcare": 67.748842696740766, "median_services": 4.1985889920596904, "median_commerce": 131.33672074568204, "median_entertainment": 22.856198526166324, "PC1_pos": 2.2199954489254514, "nivvie": 22589.461728395061, "rel_education": 1.1757420225867536, "rel_sante": 1.168415774168782, "rel_services": 1.5175361168701889, "rel_commerce": 0.98633625388122181, "rel_loisirs": 1.1933230254877099, "rel_pc1": 1.1971199883265915, "q_revenu": 3, "q_population": 4 }, "geometry": { "type": "Polygon", "coordinates": [ [ [ 3.028436741216299, 50.63316463458338 ], [ 3.028170001053068, 50.634953218971056 ], [ 3.030986197373113, 50.635124167078786 ], [ 3.031252831452652, 50.633335575198558 ], [ 3.028436741216299, 50.63316463458338 ] ] ] } },
{ "type": "Feature", "properties": { "idcar_200m": "CRS3035RES200mN3081400E3828800", "population": 145.0, "median_education": 24.154906689556036, "median_healthcare": 64.214264467470684, "median_services": 3.9378579303570636, "median_commerce": 130.06428752114081, "median_entertainment": 22.735192159536865, "PC1_pos": 2.1560383629103397, "nivvie": 32256.16827586207, "rel_education": 1.078157848490231, "rel_sante": 1.1074574346057151, "rel_services": 1.4232975991986738, "rel_commerce": 0.97678030476902911, "rel_loisirs": 1.1870052783188518, "rel_pc1": 1.1626314914691438, "q_revenu": 5, "q_population": 2 }, "geometry": { "type": "Polygon", "coordinates": [ [ [ 3.031252831452652, 50.633335575198558 ], [ 3.030986197373113, 50.635124167078786 ], [ 3.033802412518127, 50.635295046352795 ], [ 3.034068940511256, 50.633506446982985 ], [ 3.031252831452652, 50.633335575198558 ] ] ] } },
{ "type": "Feature", "properties": { "idcar_200m": "CRS3035RES200mN3081400E3829000", "population": 80.5, "median_education": 23.016808147111611, "median_healthcare": 63.854142862452797, "median_services": 3.7992754874213492, "median_commerce": 136.33392945677417, "median_entertainment": 23.28756917216241, "PC1_pos": 2.1508501096259298, "nivvie": 29316.863354037268, "rel_education": 1.0273586509747095, "rel_sante": 1.1012466751717076, "rel_services": 1.3732084233548909, "rel_commerce": 1.0238651954596056, "rel_loisirs": 1.2158449039093258, "rel_pc1": 1.1598337552331195, "q_revenu": 5, "q_population": 2 }, "geometry": { "type": "Polygon", "coordinates": [ [ [ 3.034068940511256, 50.633506446982985 ], [ 3.033802412518127, 50.635295046352795 ], [ 3.036618646480785, 50.635465856792337 ], [ 3.03688506838479, 50.63367724993585 ], [ 3.034068940511256, 50.633506446982985 ] ] ] } },
{ "type": "Feature", "properties": { "idcar_200m": "CRS3035RES200mN3081400E3829200", "population": 25.0, "median_education": 24.539407846187441, "median_healthcare": 66.306604491194875, "median_services": 3.5344418849076313, "median_commerce": 179.55377518255747, "median_entertainment": 25.513042888360459, "PC1_pos": 2.4318747247104122, "nivvie": 24333.608, "rel_education": 1.095320114737153, "rel_sante": 1.1435425246431519, "rel_services": 1.2774870851778348, "rel_commerce": 1.3484454079429067, "rel_loisirs": 1.3320369743061817, "rel_pc1": 1.3113746892887539, "q_revenu": 3, "q_population": 1 }, "geometry": { "type": "Polygon", "coordinates": [ [ [ 3.03688506838479, 50.63367724993585 ], [ 3.036618646480785, 50.635465856792337 ], [ 3.039434899253761, 50.635636598396673 ], [ 3.039701215065927, 50.633847984056487 ], [ 3.03688506838479, 50.63367724993585 ] ] ] } },
{ "type": "Feature", "properties": { "idcar_200m": "CRS3035RES200mN3081400E3829400", "population": 62.5, "median_education": 27.950631084374844, "median_healthcare": 76.028648898653032, "median_services": 3.8710398987630379, "median_commerce": 213.62395498221386, "median_entertainment": 29.111014425404349, "PC1_pos": 2.8038780939125281, "nivvie": 19280.7184, "rel_education": 1.2475805707377641, "rel_sante": 1.3112116624569254, "rel_services": 1.3991469199124014, "rel_commerce": 1.6043118048032652, "rel_loisirs": 1.519887209999949, "rel_pc1": 1.511975401876811, "q_revenu": 2, "q_population": 1 }, "geometry": { "type": "Polygon", "coordinates": [ [ [ 3.039701215065927, 50.633847984056487 ], [ 3.039434899253761, 50.635636598396673 ], [ 3.042251170829733, 50.635807271165028 ], [ 3.042517380547349, 50.634018649344121 ], [ 3.039701215065927, 50.633847984056487 ] ] ] } },
{ "type": "Feature", "properties": { "idcar_200m": "CRS3035RES200mN3081400E3829600", "population": 871.0, "median_education": 29.53708197280292, "median_healthcare": 84.552228995569067, "median_services": 3.9521370729629957, "median_commerce": 241.4555328844807, "median_entertainment": 30.300635849138438, "PC1_pos": 3.0448586463171425, "nivvie": 17018.102066590127, "rel_education": 1.318392041822543, "rel_sante": 1.4582117445425622, "rel_services": 1.4284586460797621, "rel_commerce": 1.8133264210649385, "rel_loisirs": 1.581997391399107, "rel_pc1": 1.6419228016434109, "q_revenu": 1, "q_population": 5 }, "geometry": { "type": "Polygon", "coordinates": [ [ [ 3.042517380547349, 50.634018649344121 ], [ 3.042251170829733, 50.635807271165028 ], [ 3.045067461201376, 50.635977875096721 ], [ 3.045333564821731, 50.634189245798019 ], [ 3.042517380547349, 50.634018649344121 ] ] ] } },
{ "type": "Feature", "properties": { "idcar_200m": "CRS3035RES200mN3081400E3829800", "population": 400.0, "median_education": 30.479287215805599, "median_healthcare": 94.756886989233038, "median_services": 4.104655088517049, "median_commerce": 262.44988134744864, "median_entertainment": 31.988968672235725, "PC1_pos": 3.2964643007047569, "nivvie": 23964.432, "rel_education": 1.3604475128159874, "rel_sante": 1.6342041732718007, "rel_services": 1.4835846890228468, "rel_commerce": 1.9709935753693189, "rel_loisirs": 1.670145314606116, "rel_pc1": 1.7775997275529647, "q_revenu": 3, "q_population": 4 }, "geometry": { "type": "Polygon", "coordinates": [ [ [ 3.045333564821731, 50.634189245798019 ], [ 3.045067461201376, 50.635977875096721 ], [ 3.047883770361367, 50.636148410190977 ], [ 3.048149767881748, 50.634359773417415 ], [ 3.045333564821731, 50.634189245798019 ] ] ] } },
{ "type": "Feature", "properties": { "idcar_200m": "CRS3035RES200mN3081400E3830000", "population": 220.5, "median_education": 31.506340847064166, "median_healthcare": 106.194204886948, "median_services": 4.4360470349038508, "median_commerce": 295.41583309150377, "median_entertainment": 33.894406104081575, "PC1_pos": 3.6460134847067285, "nivvie": 32596.080725623582, "rel_education": 1.4062902042241308, "rel_sante": 1.8314554046425171, "rel_services": 1.6033628450731192, "rel_commerce": 2.2185672407102017, "rel_loisirs": 1.7696282779888814, "rel_pc1": 1.9660921477849764, "q_revenu": 5, "q_population": 3 }, "geometry": { "type": "Polygon", "coordinates": [ [ [ 3.048149767881748, 50.634359773417415 ], [ 3.047883770361367, 50.636148410190977 ], [ 3.050700098302377, 50.636318876447049 ], [ 3.050965989720075, 50.634530232201605 ], [ 3.048149767881748, 50.634359773417415 ] ] ] } },
{ "type": "Feature", "properties": { "idcar_200m": "CRS3035RES200mN3081400E3830200", "population": 527.5, "median_education": 31.243759854949435, "median_healthcare": 114.4410525783165, "median_services": 4.5731538354334447, "median_commerce": 309.92823859136513, "median_entertainment": 33.749239640835427, "PC1_pos": 3.8274806264645207, "nivvie": 31506.66805687204, "rel_education": 1.3945698626326124, "rel_sante": 1.9736828811013278, "rel_services": 1.6529186653893406, "rel_commerce": 2.3275551276794224, "rel_loisirs": 1.7620491312238618, "rel_pc1": 2.0639472775006245, "q_revenu": 5, "q_population": 5 }, "geometry": { "type": "Polygon", "coordinates": [ [ [ 3.050965989720075, 50.634530232201605 ], [ 3.050700098302377, 50.636318876447049 ], [ 3.053516445017082, 50.636489273864242 ], [ 3.053782230329389, 50.634700622149865 ], [ 3.050965989720075, 50.634530232201605 ] ] ] } },
{ "type": "Feature", "properties": { "idcar_200m": "CRS3035RES200mN3081400E3830400", "population": 514.0, "median_education": 32.346867614390817, "median_healthcare": 123.68982150059583, "median_services": 5.0040577076549635, "median_commerce": 362.28120382644693, "median_entertainment": 36.058416177440748, "PC1_pos": 4.2737165576295828, "nivvie": 34097.336575875488, "rel_education": 1.4438072413506364, "rel_sante": 2.1331897755409139, "rel_services": 1.8086643671553484, "rel_commerce": 2.7207248925126297, "rel_loisirs": 1.8826113291717148, "rel_pc1": 2.3045774792272962, "q_revenu": 5, "q_population": 5 }, "geometry": { "type": "Polygon", "coordinates": [ [ [ 3.053782230329389, 50.634700622149865 ], [ 3.053516445017082, 50.636489273864242 ], [ 3.056332810498157, 50.63665960244176 ], [ 3.056598489702364, 50.634870943261369 ], [ 3.053782230329389, 50.634700622149865 ] ] ] } },
{ "type": "Feature", "properties": { "idcar_200m": "CRS3035RES200mN3081400E3830600", "population": 151.0, "median_education": 32.971057378430316, "median_healthcare": 128.62711230374654, "median_services": 5.1784562759141872, "median_commerce": 386.3118979440485, "median_entertainment": 37.571252280973368, "PC1_pos": 4.4997448926931725, "nivvie": 30985.664900662254, "rel_education": 1.4716680441968519, "rel_sante": 2.2183396943650959, "rel_services": 1.8716989072268668, "rel_commerce": 2.9011949444489606, "rel_loisirs": 1.9615965617364317, "rel_pc1": 2.4264619803706542, "q_revenu": 5, "q_population": 2 }, "geometry": { "type": "Polygon", "coordinates": [ [ [ 3.056598489702364, 50.634870943261369 ], [ 3.056332810498157, 50.63665960244176 ], [ 3.059149194738273, 50.636829862178899 ], [ 3.059414767831673, 50.635041195535493 ], [ 3.056598489702364, 50.634870943261369 ] ] ] } },
{ "type": "Feature", "properties": { "idcar_200m": "CRS3035RES200mN3081400E3830800", "population": 372.0, "median_education": 34.921115569006062, "median_healthcare": 130.19958355895247, "median_services": 5.5444848109692479, "median_commerce": 421.87845431640392, "median_entertainment": 39.764732239021214, "PC1_pos": 4.793888050821093, "nivvie": 20368.958333333332, "rel_education": 1.5587091812297245, "rel_sante": 2.2454589800366427, "rel_services": 2.0039960963067269, "rel_commerce": 3.1682991006711472, "rel_loisirs": 2.0761182367598479, "rel_pc1": 2.5850770145568198, "q_revenu": 2, "q_population": 4 }, "geometry": { "type": "Polygon", "coordinates": [ [ [ 3.059414767831673, 50.635041195535493 ], [ 3.059149194738273, 50.636829862178899 ], [ 3.06196559773011, 50.637000053074892 ], [ 3.062231064709995, 50.635211378971398 ], [ 3.059414767831673, 50.635041195535493 ] ] ] } },
{ "type": "Feature", "properties": { "idcar_200m": "CRS3035RES200mN3081400E3831000", "population": 76.0, "median_education": 36.828879342544333, "median_healthcare": 130.51019438675422, "median_services": 5.7611203166651777, "median_commerce": 441.33134629511187, "median_entertainment": 41.314527823773957, "PC1_pos": 4.9713064177353337, "nivvie": 32304.614473684214, "rel_education": 1.6438625006749601, "rel_sante": 2.2508158625513111, "rel_services": 2.0822967360482552, "rel_commerce": 3.3143899463424686, "rel_loisirs": 2.1570331252951132, "rel_pc1": 2.6807488653401639, "q_revenu": 5, "q_population": 2 }, "geometry": { "type": "Polygon", "coordinates": [ [ [ 3.062231064709995, 50.635211378971398 ], [ 3.06196559773011, 50.637000053074892 ], [ 3.064782019466326, 50.637170175129029 ], [ 3.065047380329999, 50.635381493568396 ], [ 3.062231064709995, 50.635211378971398 ] ] ] } },
{ "type": "Feature", "properties": { "idcar_200m": "CRS3035RES200mN3081400E3831200", "population": 270.0, "median_education": 39.046436197639615, "median_healthcare": 127.50940249238195, "median_services": 5.8840736080656129, "median_commerce": 429.66029909903801, "median_entertainment": 41.575925732075333, "PC1_pos": 4.8899156701780884, "nivvie": 31370.68888888889, "rel_education": 1.7428434803376986, "rel_sante": 2.1990633536549331, "rel_services": 2.1267369183907263, "rel_commerce": 3.2267406057400243, "rel_loisirs": 2.1706807203854885, "rel_pc1": 2.6368593651104302, "q_revenu": 5, "q_population": 3 }, "geometry": { "type": "Polygon", "coordinates": [ [ [ 3.065047380329999, 50.635381493568396 ], [ 3.064782019466326, 50.637170175129029 ], [ 3.067598459939607, 50.637340228340555 ], [ 3.067863714684359, 50.63555153932576 ], [ 3.065047380329999, 50.635381493568396 ] ] ] } },
{ "type": "Feature", "properties": { "idcar_200m": "CRS3035RES200mN3081400E3831400", "population": 216.0, "median_education": 39.707603298938224, "median_healthcare": 120.00323250696044, "median_services": 5.8372512522010718, "median_commerce": 397.35883968773203, "median_entertainment": 38.89413219328199, "PC1_pos": 4.7094916722258109, "nivvie": 22337.815740740742, "rel_education": 1.7723547721257495, "rel_sante": 2.0696098151817122, "rel_services": 2.1098134671465663, "rel_commerce": 2.9841572650737289, "rel_loisirs": 2.0306641740738813, "rel_pc1": 2.5395667447913151, "q_revenu": 2, "q_population": 3 }, "geometry": { "type": "Polygon", "coordinates": [ [ [ 3.067863714684359, 50.63555153932576 ], [ 3.067598459939607, 50.637340228340555 ], [ 3.070414919142624, 50.637510212708747 ], [ 3.070680067765752, 50.635721516242718 ], [ 3.067863714684359, 50.63555153932576 ] ] ] } },
{ "type": "Feature", "properties": { "idcar_200m": "CRS3035RES200mN3081400E3831800", "population": 326.0, "median_education": 35.031720157766586, "median_healthcare": 92.051981503802452, "median_services": 4.3885011161629368, "median_commerce": 296.60492054037292, "median_entertainment": 29.292746351763036, "PC1_pos": 3.4084005182284653, "nivvie": 22059.037730061351, "rel_education": 1.5636460334802345, "rel_sante": 1.5875546053823582, "rel_services": 1.5861778695883633, "rel_commerce": 2.2274972646455931, "rel_loisirs": 1.5293754410345974, "rel_pc1": 1.8379606996802569, "q_revenu": 2, "q_population": 4 }, "geometry": { "type": "Polygon", "coordinates": [ [ [ 3.073496439566844, 50.635891424318537 ], [ 3.073231397068042, 50.637680128232859 ], [ 3.076047893708533, 50.637849974912143 ], [ 3.076312830080311, 50.63606126355252 ], [ 3.073496439566844, 50.635891424318537 ] ] ] } },
{ "type": "Feature", "properties": { "idcar_200m": "CRS3035RES200mN3081400E3832200", "population": 7.0, "median_education": 32.466331729933458, "median_healthcare": 78.285244475599441, "median_services": 3.4345379833956207, "median_commerce": 223.92320558472846, "median_entertainment": 23.273929789559944, "PC1_pos": 2.7502960315782645, "nivvie": 31808.057142857142, "rel_education": 1.4491395398952187, "rel_sante": 1.3501295503952613, "rel_services": 1.2413778639495991, "rel_commerce": 1.6816589792978907, "rel_loisirs": 1.2151327912063177, "rel_pc1": 1.4830815778524618, "q_revenu": 5, "q_population": 1 }, "geometry": { "type": "Polygon", "coordinates": [ [ [ 3.079129239298826, 50.636231033943858 ], [ 3.078864409056774, 50.638019752745855 ], [ 3.081680943105428, 50.63818946173329 ], [ 3.081945667215055, 50.636400735491911 ], [ 3.079129239298826, 50.636231033943858 ] ] ] } },
{ "type": "Feature", "properties": { "idcar_200m": "CRS3035RES200mN3081400E3832400", "population": 1083.5, "median_education": 30.727149626535248, "median_healthcare": 74.091300213955449, "median_services": 3.0662423712500906, "median_commerce": 202.4919037359937, "median_entertainment": 21.04258221852799, "PC1_pos": 2.5103524238200765, "nivvie": 15443.237748038762, "rel_education": 1.3715108883408214, "rel_sante": 1.2777995970523797, "rel_services": 1.108261263545834, "rel_commerce": 1.5207103134467699, "rel_loisirs": 1.0986340466171787, "rel_pc1": 1.3536933446209225, "q_revenu": 1, "q_population": 5 }, "geometry": { "type": "Polygon", "coordinates": [ [ [ 3.081945667215055, 50.636400735491911 ], [ 3.081680943105428, 50.63818946173329 ], [ 3.084497495847167, 50.638359101873696 ], [ 3.084762113821677, 50.636570368195834 ], [ 3.081945667215055, 50.636400735491911 ] ] ] } },
{ "type": "Feature", "properties": { "idcar_200m": "CRS3035RES200mN3081400E3832600", "population": 588.0, "median_education": 30.539976360796576, "median_healthcare": 73.820035740916978, "median_services": 2.9745531397827705, "median_commerce": 193.00653972675664, "median_entertainment": 20.388243131464744, "PC1_pos": 2.4551637634893972, "nivvie": 18784.130612244899, "rel_education": 1.3631563818185108, "rel_sante": 1.2731212929418803, "rel_services": 1.0751211489637991, "rel_commerce": 1.4494754116580542, "rel_loisirs": 1.0644709771034424, "rel_pc1": 1.3239331717148015, "q_revenu": 1, "q_population": 5 }, "geometry": { "type": "Polygon", "coordinates": [ [ [ 3.084762113821677, 50.636570368195834 ], [ 3.084497495847167, 50.638359101873696 ], [ 3.087314067274665, 50.638528673166348 ], [ 3.087578579111358, 50.636739932054986 ], [ 3.084762113821677, 50.636570368195834 ] ] ] } },
{ "type": "Feature", "properties": { "idcar_200m": "CRS3035RES200mN3081400E3832800", "population": 243.0, "median_education": 28.095338600851335, "median_healthcare": 69.000678877248774, "median_services": 2.7054288851572519, "median_commerce": 172.24010136586841, "median_entertainment": 18.733756714101492, "PC1_pos": 2.1975460564026799, "nivvie": 19734.260082304529, "rel_education": 1.254039612233135, "rel_sante": 1.1900052963179348, "rel_services": 0.97784899941728132, "rel_commerce": 1.2935198578491838, "rel_loisirs": 0.97809017607321114, "rel_pc1": 1.1850142803947092, "q_revenu": 2, "q_population": 3 }, "geometry": { "type": "Polygon", "coordinates": [ [ [ 3.087578579111358, 50.636739932054986 ], [ 3.087314067274665, 50.638528673166348 ], [ 3.090130657380588, 50.638698175610457 ], [ 3.090395063076768, 50.636909427068552 ], [ 3.087578579111358, 50.636739932054986 ] ] ] } },
{ "type": "Feature", "properties": { "idcar_200m": "CRS3035RES200mN3081400E3833000", "population": 351.0, "median_education": 24.776368057845595, "median_healthcare": 64.736205513515046, "median_services": 2.4655352343999888, "median_commerce": 143.60322960272393, "median_entertainment": 16.477835492746358, "PC1_pos": 1.9091228952704808, "nivvie": 22969.791737891737, "rel_education": 1.1058968689868232, "rel_sante": 1.1164589780581131, "rel_services": 0.89114194618571452, "rel_commerce": 1.0784575001371233, "rel_loisirs": 0.86030844023260222, "rel_pc1": 1.02948372223306, "q_revenu": 3, "q_population": 4 }, "geometry": { "type": "Polygon", "coordinates": [ [ [ 3.090395063076768, 50.636909427068552 ], [ 3.090130657380588, 50.638698175610457 ], [ 3.092947266157605, 50.638867609205377 ], [ 3.093211565710578, 50.637078853235835 ], [ 3.090395063076768, 50.636909427068552 ] ] ] } },
{ "type": "Feature", "properties": { "idcar_200m": "CRS3035RES200mN3081400E3833400", "population": 152.5, "median_education": 23.901347115731337, "median_healthcare": 57.783088780431754, "median_services": 2.4714070480073644, "median_commerce": 110.97527002120589, "median_entertainment": 15.409372565901824, "PC1_pos": 1.6640417017192548, "nivvie": 20600.912786885248, "rel_education": 1.066840179244291, "rel_sante": 0.9965435529793869, "rel_services": 0.89326425185497005, "rel_commerce": 0.83342214945451165, "rel_loisirs": 0.80452394872917488, "rel_pc1": 0.89732507492361535, "q_revenu": 2, "q_population": 2 }, "geometry": { "type": "Polygon", "coordinates": [ [ [ 3.096028087005459, 50.637248210556102 ], [ 3.095763893598383, 50.639036973950311 ], [ 3.098580539695592, 50.639206269844529 ], [ 3.098844626954075, 50.637417499028643 ], [ 3.096028087005459, 50.637248210556102 ] ] ] } },
{ "type": "Feature", "properties": { "idcar_200m": "CRS3035RES200mN3081600E3825200", "population": 8.0, "median_education": 4.8030613127436403, "median_healthcare": 11.658938192619113, "median_services": 0.94305968446419519, "median_commerce": 12.805122433900706, "median_entertainment": 5.3046202972578502, "PC1_pos": 0.13565815168183648, "nivvie": 28082.775, "rel_education": 0.2143853552269519, "rel_sante": 0.20107335789177083, "rel_services": 0.34085906818818107, "rel_commerce": 0.096166223887992563, "rel_loisirs": 0.27695443469920744, "rel_pc1": 0.073152890937850074, "q_revenu": 4, "q_population": 1 }, "geometry": { "type": "Polygon", "coordinates": [ [ [ 2.980297550926746, 50.632036570299412 ], [ 2.980028982280041, 50.633825025157563 ], [ 2.982844963502763, 50.633997150868332 ], [ 2.98311342610225, 50.632208688466783 ], [ 2.980297550926746, 50.632036570299412 ] ] ] } },
{ "type": "Feature", "properties": { "idcar_200m": "CRS3035RES200mN3081600E3825400", "population": 139.0, "median_education": 5.0990802033420861, "median_healthcare": 12.038183343594435, "median_services": 0.91751720540626025, "median_commerce": 13.355329342773311, "median_entertainment": 5.019022943971664, "PC1_pos": 0.1368520507402593, "nivvie": 27071.961151079136, "rel_education": 0.22759820238475442, "rel_sante": 0.20761392742828788, "rel_services": 0.33162700604584655, "rel_commerce": 0.10029826722115774, "rel_loisirs": 0.26204338563282015, "rel_pc1": 0.073796694251759595, "q_revenu": 4, "q_population": 2 }, "geometry": { "type": "Polygon", "coordinates": [ [ [ 2.98311342610225, 50.632208688466783 ], [ 2.982844963502763, 50.633997150868332 ], [ 2.98566096367762, 50.634169207755114 ], [ 2.985929320227155, 50.632380737813058 ], [ 2.98311342610225, 50.632208688466783 ] ] ] } },
{ "type": "Feature", "properties": { "idcar_200m": "CRS3035RES200mN3081600E3825600", "population": 68.0, "median_education": 5.5409910261155897, "median_healthcare": 12.615757898305926, "median_services": 0.91134586806823248, "median_commerce": 14.076174052101425, "median_entertainment": 4.8992684540414544, "PC1_pos": 0.1508598286172198, "nivvie": 26466.725, "rel_education": 0.2473229576085878, "rel_sante": 0.2175749421647932, "rel_services": 0.32939644065410228, "rel_commerce": 0.10571179716306597, "rel_loisirs": 0.2557909989957487, "rel_pc1": 0.08135030923627011, "q_revenu": 4, "q_population": 2 }, "geometry": { "type": "Polygon", "coordinates": [ [ [ 2.985929320227155, 50.632380737813058 ], [ 2.98566096367762, 50.634169207755114 ], [ 2.988476982797303, 50.634341195817115 ], [ 2.988745233294154, 50.632552718337529 ], [ 2.985929320227155, 50.632380737813058 ] ] ] } },
{ "type": "Feature", "properties": { "idcar_200m": "CRS3035RES200mN3081600E3825800", "population": 8.0, "median_education": 6.7145789520447146, "median_healthcare": 15.768010924757998, "median_services": 1.0432987104671385, "median_commerce": 16.612367846073006, "median_entertainment": 5.5012448911801872, "PC1_pos": 0.23820148096131977, "nivvie": 28082.775, "rel_education": 0.29970622902817673, "rel_sante": 0.2719395927428771, "rel_services": 0.37708941666168888, "rel_commerce": 0.1247585639139023, "rel_loisirs": 0.28722021249406154, "rel_pc1": 0.12844880121074861, "q_revenu": 4, "q_population": 1 }, "geometry": { "type": "Polygon", "coordinates": [ [ [ 2.988745233294154, 50.632552718337529 ], [ 2.988476982797303, 50.634341195817115 ], [ 2.991293020854483, 50.634513115053565 ], [ 2.991561165295916, 50.632724630039384 ], [ 2.988745233294154, 50.632552718337529 ] ] ] } },
{ "type": "Feature", "properties": { "idcar_200m": "CRS3035RES200mN3081600E3826800", "population": 181.0, "median_education": 15.587718778767176, "median_healthcare": 28.515858850984241, "median_services": 1.6336486296127544, "median_commerce": 42.123571962621099, "median_entertainment": 8.3266329221927542, "PC1_pos": 0.72268365647264887, "nivvie": 23020.594475138121, "rel_education": 0.69576014336883707, "rel_sante": 0.49179259702783579, "rel_services": 0.59046522591311545, "rel_commerce": 0.31634721754748651, "rel_loisirs": 0.43473383290144424, "rel_pc1": 0.38970307385950304, "q_revenu": 3, "q_population": 3 }, "geometry": { "type": "Polygon", "coordinates": [ [ [ 3.002825082504344, 50.633411588606307 ], [ 3.002557362311879, 50.635200103729325 ], [ 3.005373494946793, 50.635371678827013 ], [ 3.005641109070194, 50.633583156184152 ], [ 3.002825082504344, 50.633411588606307 ] ] ] } },
{ "type": "Feature", "properties": { "idcar_200m": "CRS3035RES200mN3081600E3827000", "population": 349.5, "median_education": 17.983967208167723, "median_healthcare": 31.573754802972651, "median_services": 1.9663450014387707, "median_commerce": 50.582423478958226, "median_entertainment": 9.3814318327908648, "PC1_pos": 0.88886250130168509, "nivvie": 23458.894420600856, "rel_education": 0.80271704799673371, "rel_sante": 0.54452993871296551, "rel_services": 0.71071485290743963, "rel_commerce": 0.37987303020209978, "rel_loisirs": 0.48980492557834193, "rel_pc1": 0.47931407593527475, "q_revenu": 3, "q_population": 4 }, "geometry": { "type": "Polygon", "coordinates": [ [ [ 3.005641109070194, 50.633583156184152 ], [ 3.005373494946793, 50.635371678827013 ], [ 3.008189646475295, 50.635543185094733 ], [ 3.008457154526911, 50.633754654934982 ], [ 3.005641109070194, 50.633583156184152 ] ] ] } },
{ "type": "Feature", "properties": { "idcar_200m": "CRS3035RES200mN3081600E3827200", "population": 425.5, "median_education": 19.790340992262742, "median_healthcare": 34.689046662810796, "median_services": 2.299469237314856, "median_commerce": 59.465035794509831, "median_entertainment": 10.447474884826107, "PC1_pos": 1.0155410470782236, "nivvie": 23627.921974148063, "rel_education": 0.88334481020088729, "rel_sante": 0.59825714651882811, "rel_services": 0.83111912689157819, "rel_commerce": 0.44658127833146705, "rel_loisirs": 0.54546307532264338, "rel_pc1": 0.54762476518224701, "q_revenu": 3, "q_population": 4 }, "geometry": { "type": "Polygon", "coordinates": [ [ [ 3.008457154526911, 50.633754654934982 ], [ 3.008189646475295, 50.635543185094733 ], [ 3.011005816890059, 50.63571462253168 ], [ 3.011273218867164, 50.633926084858011 ], [ 3.008457154526911, 50.633754654934982 ] ] ] } },
{ "type": "Feature", "properties": { "idcar_200m": "CRS3035RES200mN3081600E3827400", "population": 406.0, "median_education": 20.179039162524301, "median_healthcare": 36.313647203407172, "median_services": 2.525108806947034, "median_commerce": 65.16327309215049, "median_entertainment": 11.151648804971583, "PC1_pos": 1.1466831732901079, "nivvie": 22589.979802955666, "rel_education": 0.90069441077469081, "rel_sante": 0.62627546864504879, "rel_services": 0.91267419145242201, "rel_commerce": 0.48937493114973968, "rel_loisirs": 0.58222802343488245, "rel_pc1": 0.61834241493053144, "q_revenu": 3, "q_population": 4 }, "geometry": { "type": "Polygon", "coordinates": [ [ [ 3.011273218867164, 50.633926084858011 ], [ 3.011005816890059, 50.63571462253168 ], [ 3.01382200618377, 50.635885991137165 ], [ 3.014089302083636, 50.634097445952499 ], [ 3.011273218867164, 50.633926084858011 ] ] ] } },
{ "type": "Feature", "properties": { "idcar_200m": "CRS3035RES200mN3081600E3827600", "population": 137.5, "median_education": 20.570488796847322, "median_healthcare": 39.145518666732514, "median_services": 2.9195546300544972, "median_commerce": 73.472914201509525, "median_entertainment": 12.34852601752678, "PC1_pos": 1.2292944826484118, "nivvie": 20900.582545454545, "rel_education": 0.91816682335562938, "rel_sante": 0.67511472783326432, "rel_services": 1.0552425123445601, "rel_commerce": 0.55178017650966737, "rel_loisirs": 0.64471702985423762, "rel_pc1": 0.6628900962073222, "q_revenu": 2, "q_population": 2 }, "geometry": { "type": "Polygon", "coordinates": [ [ [ 3.014089302083636, 50.634097445952499 ], [ 3.01382200618377, 50.635885991137165 ], [ 3.016638214349099, 50.636057290910422 ], [ 3.016905404169011, 50.63426873821772 ], [ 3.014089302083636, 50.634097445952499 ] ] ] } },
{ "type": "Feature", "properties": { "idcar_200m": "CRS3035RES200mN3081600E3827800", "population": 655.5, "median_education": 22.208083864645992, "median_healthcare": 44.608699906374781, "median_services": 3.4191378657850442, "median_commerce": 88.120511623817464, "median_entertainment": 14.338558875089262, "PC1_pos": 1.5091682693290105, "nivvie": 23056.901296720062, "rel_education": 0.99126112248448606, "rel_sante": 0.7693343024186774, "rel_services": 1.2358116523670186, "rel_commerce": 0.66178335222360374, "rel_loisirs": 0.74861672374636679, "rel_pc1": 0.81381045255587625, "q_revenu": 3, "q_population": 5 }, "geometry": { "type": "Polygon", "coordinates": [ [ [ 3.016905404169011, 50.63426873821772 ], [ 3.016638214349099, 50.636057290910422 ], [ 3.019454441378732, 50.63622852185074 ], [ 3.019721525115959, 50.634439961652923 ], [ 3.016905404169011, 50.63426873821772 ] ] ] } },
{ "type": "Feature", "properties": { "idcar_200m": "CRS3035RES200mN3081600E3828000", "population": 468.0, "median_education": 23.421985800171459, "median_healthcare": 48.172776023199631, "median_services": 3.5522078640900459, "median_commerce": 96.859169047607395, "median_entertainment": 15.823271700421223, "PC1_pos": 1.6690686201981186, "nivvie": 26901.16581196581, "rel_education": 1.0454438157113717, "rel_sante": 0.83080137092458284, "rel_services": 1.2839084127028357, "rel_commerce": 0.7274105018767647, "rel_loisirs": 0.82613363884829016, "rel_pc1": 0.90003581227834684, "q_revenu": 4, "q_population": 5 }, "geometry": { "type": "Polygon", "coordinates": [ [ [ 3.019721525115959, 50.634439961652923 ], [ 3.019454441378732, 50.63622852185074 ], [ 3.022270687265339, 50.636399683957329 ], [ 3.022537664917166, 50.634611116257382 ], [ 3.019721525115959, 50.634439961652923 ] ] ] } },
{ "type": "Feature", "properties": { "idcar_200m": "CRS3035RES200mN3081600E3828200", "population": 326.0, "median_education": 24.467632194285486, "median_healthcare": 52.47148254184718, "median_services": 3.5190503627725707, "median_commerce": 105.36235181380501, "median_entertainment": 17.600756251564036, "PC1_pos": 1.8001836549982571, "nivvie": 32625.356134969323, "rel_education": 1.0921163978516701, "rel_sante": 0.90493808389239849, "rel_services": 1.2719239803400586, "rel_commerce": 0.79126924136759713, "rel_loisirs": 0.91893617728875321, "rel_pc1": 0.97073885313609098, "q_revenu": 5, "q_population": 4 }, "geometry": { "type": "Polygon", "coordinates": [ [ [ 3.022537664917166, 50.634611116257382 ], [ 3.022270687265339, 50.636399683957329 ], [ 3.025086952001602, 50.636570777229458 ], [ 3.025353823565313, 50.634782202030351 ], [ 3.022537664917166, 50.634611116257382 ] ] ] } },
{ "type": "Feature", "properties": { "idcar_200m": "CRS3035RES200mN3081600E3828400", "population": 437.5, "median_education": 25.358439804609574, "median_healthcare": 59.49766334244196, "median_services": 3.8282219104024868, "median_commerce": 117.92327684872635, "median_entertainment": 19.886976802095944, "PC1_pos": 1.9926149202576617, "nivvie": 27745.618057142859, "rel_education": 1.1318777278749821, "rel_sante": 1.0261135926213723, "rel_services": 1.3836708054578193, "rel_commerce": 0.88560154747273867, "rel_loisirs": 1.0382998422993457, "rel_pc1": 1.0745063244309141, "q_revenu": 4, "q_population": 5 }, "geometry": { "type": "Polygon", "coordinates": [ [ [ 3.025353823565313, 50.634782202030351 ], [ 3.025086952001602, 50.636570777229458 ], [ 3.027903235580197, 50.63674180166641 ], [ 3.028170001053068, 50.634953218971056 ], [ 3.025353823565313, 50.634782202030351 ] ] ] } },
{ "type": "Feature", "properties": { "idcar_200m": "CRS3035RES200mN3081600E3828600", "population": 188.5, "median_education": 25.42517384577393, "median_healthcare": 63.276082161210198, "median_services": 3.8579106986739826, "median_commerce": 124.65739075819597, "median_entertainment": 21.299584309186585, "PC1_pos": 2.0922238351954565, "nivvie": 23977.814323607428, "rel_education": 1.1348564117162212, "rel_sante": 1.0912772762141161, "rel_services": 1.3944015077373977, "rel_commerce": 0.93617461377867561, "rel_loisirs": 1.1120521358952482, "rel_pc1": 1.128219868368707, "q_revenu": 3, "q_population": 3 }, "geometry": { "type": "Polygon", "coordinates": [ [ [ 3.028170001053068, 50.634953218971056 ], [ 3.027903235580197, 50.63674180166641 ], [ 3.030719537993799, 50.63691275726741 ], [ 3.030986197373113, 50.635124167078786 ], [ 3.028170001053068, 50.634953218971056 ] ] ] } },
{ "type": "Feature", "properties": { "idcar_200m": "CRS3035RES200mN3081600E3828800", "population": 512.5, "median_education": 22.183060399311042, "median_healthcare": 59.411216854183472, "median_services": 3.4706900914147973, "median_commerce": 122.31503787715526, "median_entertainment": 20.839309416553402, "PC1_pos": 1.9316910636569977, "nivvie": 25393.511609756097, "rel_education": 0.99014419639182738, "rel_sante": 1.0246227119438256, "rel_services": 1.2544446656117403, "rel_commerce": 0.91858358856625766, "rel_loisirs": 1.0880211656180057, "rel_pc1": 1.0416534793776058, "q_revenu": 4, "q_population": 5 }, "geometry": { "type": "Polygon", "coordinates": [ [ [ 3.030986197373113, 50.635124167078786 ], [ 3.030719537993799, 50.63691275726741 ], [ 3.033535859235083, 50.637083644031755 ], [ 3.033802412518127, 50.635295046352795 ], [ 3.030986197373113, 50.635124167078786 ] ] ] } },
{ "type": "Feature", "properties": { "idcar_200m": "CRS3035RES200mN3081600E3829000", "population": 29.0, "median_education": 22.254391425894152, "median_healthcare": 61.9079084817634, "median_services": 3.6174703482642121, "median_commerce": 139.92157485638339, "median_entertainment": 23.434172996851064, "PC1_pos": 2.1683018565787782, "nivvie": 28668.075862068963, "rel_education": 0.99332806736015111, "rel_sante": 1.0676813645315526, "rel_services": 1.3074968556293203, "rel_commerce": 1.0508083436028952, "rel_loisirs": 1.2234990953718847, "rel_pc1": 1.1692445110608327, "q_revenu": 4, "q_population": 1 }, "geometry": { "type": "Polygon", "coordinates": [ [ [ 3.033802412518127, 50.635295046352795 ], [ 3.033535859235083, 50.637083644031755 ], [ 3.036352199296728, 50.637254461958655 ], [ 3.036618646480785, 50.635465856792337 ], [ 3.033802412518127, 50.635295046352795 ] ] ] } },
{ "type": "Feature", "properties": { "idcar_200m": "CRS3035RES200mN3081600E3829400", "population": 2.0, "median_education": 26.055950707225215, "median_healthcare": 72.930903428102852, "median_services": 3.4972446747313795, "median_commerce": 198.12650971452354, "median_entertainment": 26.708846778521863, "PC1_pos": 2.6166368162469542, "nivvie": 24333.6, "rel_education": 1.163011230633977, "rel_sante": 1.2577870646619163, "rel_services": 1.2640425422621013, "rel_commerce": 1.4879262880698159, "rel_loisirs": 1.3944699425210727, "rel_pc1": 1.4110066020345575, "q_revenu": 3, "q_population": 1 }, "geometry": { "type": "Polygon", "coordinates": [ [ [ 3.039434899253761, 50.635636598396673 ], [ 3.039168558171406, 50.637425211047422 ], [ 3.041984935851796, 50.637595891297281 ], [ 3.042251170829733, 50.635807271165028 ], [ 3.039434899253761, 50.635636598396673 ] ] ] } },
{ "type": "Feature", "properties": { "idcar_200m": "CRS3035RES200mN3081600E3829600", "population": 111.0, "median_education": 27.804284978295918, "median_healthcare": 79.850486555858083, "median_services": 3.6575384013434644, "median_commerce": 216.78412059803856, "median_entertainment": 28.282722524736208, "PC1_pos": 2.7325768222534679, "nivvie": 27934.186486486487, "rel_education": 1.2410483905520628, "rel_sante": 1.3771241596633976, "rel_services": 1.3219790347126814, "rel_commerce": 1.6280445879690064, "rel_loisirs": 1.4766420572349035, "rel_pc1": 1.4735265944535885, "q_revenu": 4, "q_population": 2 }, "geometry": { "type": "Polygon", "coordinates": [ [ [ 3.042251170829733, 50.635807271165028 ], [ 3.041984935851796, 50.637595891297281 ], [ 3.044801332330568, 50.637766502707485 ], [ 3.045067461201376, 50.635977875096721 ], [ 3.042251170829733, 50.635807271165028 ] ] ] } },
{ "type": "Feature", "properties": { "idcar_200m": "CRS3035RES200mN3081600E3829800", "population": 58.0, "median_education": 26.951694807188673, "median_healthcare": 84.625818436196667, "median_services": 3.6504064718150055, "median_commerce": 233.89175380496755, "median_entertainment": 28.485891371014574, "PC1_pos": 2.9211316930723052, "nivvie": 30720.498275862068, "rel_education": 1.2029929016056966, "rel_sante": 1.4594808889267168, "rel_services": 1.319401273311678, "rel_commerce": 1.7565225852441979, "rel_loisirs": 1.4872495107030814, "rel_pc1": 1.5752037419733393, "q_revenu": 5, "q_population": 1 }, "geometry": { "type": "Polygon", "coordinates": [ [ [ 3.045067461201376, 50.635977875096721 ], [ 3.044801332330568, 50.637766502707485 ], [ 3.047617747600393, 50.63793704527729 ], [ 3.047883770361367, 50.636148410190977 ], [ 3.045067461201376, 50.635977875096721 ] ] ] } },
{ "type": "Feature", "properties": { "idcar_200m": "CRS3035RES200mN3081600E3830200", "population": 353.0, "median_education": 30.72756014742399, "median_healthcare": 106.1361844059917, "median_services": 4.4436761329541756, "median_commerce": 303.00569435286093, "median_entertainment": 33.826749196324769, "PC1_pos": 3.6938768144945087, "nivvie": 33132.534560906512, "rel_education": 1.3715292120016764, "rel_sante": 1.8304547669566802, "rel_services": 1.6061203028410518, "rel_commerce": 2.2755669532163583, "rel_loisirs": 1.7660959081695056, "rel_pc1": 1.9919021776319086, "q_revenu": 5, "q_population": 4 }, "geometry": { "type": "Polygon", "coordinates": [ [ [ 3.050700098302377, 50.636318876447049 ], [ 3.050434181653957, 50.638107519006006 ], [ 3.05325063448392, 50.638277923892851 ], [ 3.053516445017082, 50.636489273864242 ], [ 3.050700098302377, 50.636318876447049 ] ] ] } },
{ "type": "Feature", "properties": { "idcar_200m": "CRS3035RES200mN3081600E3830400", "population": 538.5, "median_education": 30.383836992189433, "median_healthcare": 112.65008247253544, "median_services": 4.5412632809630811, "median_commerce": 329.4868217585406, "median_entertainment": 33.768100870639827, "PC1_pos": 3.8975215304276336, "nivvie": 32457.641968430824, "rel_education": 1.3561870779049963, "rel_sante": 1.9427953022237627, "rel_services": 1.6413921577251427, "rel_commerce": 2.4744397121490738, "rel_loisirs": 1.7630338767750013, "rel_pc1": 2.1017164387731353, "q_revenu": 5, "q_population": 5 }, "geometry": { "type": "Polygon", "coordinates": [ [ [ 3.053516445017082, 50.636489273864242 ], [ 3.05325063448392, 50.638277923892851 ], [ 3.056067106082961, 50.638448259937071 ], [ 3.056332810498157, 50.63665960244176 ], [ 3.053516445017082, 50.636489273864242 ] ] ] } },
{ "type": "Feature", "properties": { "idcar_200m": "CRS3035RES200mN3081600E3830600", "population": 400.5, "median_education": 32.048844956185256, "median_healthcare": 121.83977443922674, "median_services": 4.9159722389052067, "median_commerce": 384.96734206466806, "median_entertainment": 37.602907205327497, "PC1_pos": 4.3188102198067471, "nivvie": 30733.502122347065, "rel_education": 1.4305049557280147, "rel_sante": 2.1012833387160939, "rel_services": 1.7768267949490675, "rel_commerce": 2.8910973555821724, "rel_loisirs": 1.9632492665840295, "rel_pc1": 2.328893981481956, "q_revenu": 5, "q_population": 4 }, "geometry": { "type": "Polygon", "coordinates": [ [ [ 3.056332810498157, 50.63665960244176 ], [ 3.056067106082961, 50.638448259937071 ], [ 3.058883596443753, 50.638618527137979 ], [ 3.059149194738273, 50.636829862178899 ], [ 3.056332810498157, 50.63665960244176 ] ] ] } },
{ "type": "Feature", "properties": { "idcar_200m": "CRS3035RES200mN3081600E3830800", "population": 276.5, "median_education": 33.020071962016246, "median_healthcare": 121.28625058233757, "median_services": 5.1478747970262795, "median_commerce": 412.40443355781059, "median_entertainment": 38.458586335477037, "PC1_pos": 4.5492870946286654, "nivvie": 34298.756238698006, "rel_education": 1.4738558174167127, "rel_sante": 2.0917371091419148, "rel_services": 1.8606455512524025, "rel_commerce": 3.0971493864772128, "rel_loisirs": 2.0079243076792386, "rel_pc1": 2.4531773325266228, "q_revenu": 5, "q_population": 3 }, "geometry": { "type": "Polygon", "coordinates": [ [ [ 3.059149194738273, 50.636829862178899 ], [ 3.058883596443753, 50.638618527137979 ], [ 3.061700105558964, 50.638788725494777 ], [ 3.06196559773011, 50.637000053074892 ], [ 3.059149194738273, 50.636829862178899 ] ] ] } },
{ "type": "Feature", "properties": { "idcar_200m": "CRS3035RES200mN3081600E3831000", "population": 217.5, "median_education": 36.109359605408216, "median_healthcare": 124.45667232690968, "median_services": 5.5519825913281018, "median_commerce": 438.36193373944474, "median_entertainment": 41.025938095403347, "PC1_pos": 4.8792820611579764, "nivvie": 30395.678160919539, "rel_education": 1.6117466303175578, "rel_sante": 2.1464151025905611, "rel_services": 2.006706090667318, "rel_commerce": 3.2920897150000403, "rel_loisirs": 2.1419658442076814, "rel_pc1": 2.6311252515958334, "q_revenu": 5, "q_population": 3 }, "geometry": { "type": "Polygon", "coordinates": [ [ [ 3.06196559773011, 50.637000053074892 ], [ 3.061700105558964, 50.638788725494777 ], [ 3.064516633421271, 50.638958855006798 ], [ 3.064782019466326, 50.637170175129029 ], [ 3.06196559773011, 50.637000053074892 ] ] ] } },
{ "type": "Feature", "properties": { "idcar_200m": "CRS3035RES200mN3081600E3831200", "population": 226.0, "median_education": 37.69226498360856, "median_healthcare": 120.5995722527572, "median_services": 5.5054946843592889, "median_commerce": 413.82349242618295, "median_entertainment": 40.040870083002247, "PC1_pos": 4.7358118879878619, "nivvie": 29705.582743362833, "rel_education": 1.6823998470266084, "rel_sante": 2.0798944597308688, "rel_services": 1.9899035224816031, "rel_commerce": 3.1078064913624308, "rel_loisirs": 2.0905354044727491, "rel_pc1": 2.5537597722594887, "q_revenu": 5, "q_population": 3 }, "geometry": { "type": "Polygon", "coordinates": [ [ [ 3.064782019466326, 50.637170175129029 ], [ 3.064516633421271, 50.638958855006798 ], [ 3.067333180023343, 50.639128915673226 ], [ 3.067598459939607, 50.637340228340555 ], [ 3.064782019466326, 50.637170175129029 ] ] ] } },
{ "type": "Feature", "properties": { "idcar_200m": "CRS3035RES200mN3081600E3831400", "population": 668.5, "median_education": 37.688274230446794, "median_healthcare": 112.05577909340521, "median_services": 5.284453616509448, "median_commerce": 372.88355082063379, "median_entertainment": 36.782213600795238, "PC1_pos": 4.3669362969708896, "nivvie": 24632.553477935679, "rel_education": 1.6822217191663751, "rel_sante": 1.9325457774322348, "rel_services": 1.9100105383366766, "rel_commerce": 2.8003483150956008, "rel_loisirs": 1.9204008211595787, "rel_pc1": 2.354845696365349, "q_revenu": 3, "q_population": 5 }, "geometry": { "type": "Polygon", "coordinates": [ [ [ 3.067598459939607, 50.637340228340555 ], [ 3.067333180023343, 50.639128915673226 ], [ 3.070149745357849, 50.639298907493355 ], [ 3.070414919142624, 50.637510212708747 ], [ 3.067598459939607, 50.637340228340555 ] ] ] } },
{ "type": "Feature", "properties": { "idcar_200m": "CRS3035RES200mN3081600E3831600", "population": 15.0, "median_education": 36.309719284599382, "median_healthcare": 104.95165077050477, "median_services": 4.9611156285077556, "median_commerce": 342.65577615277243, "median_entertainment": 33.735340587007585, "PC1_pos": 3.9977293226173254, "nivvie": 26821.733333333334, "rel_education": 1.6206897143632661, "rel_sante": 1.8100259636052836, "rel_services": 1.7931434013826502, "rel_commerce": 2.5733383070811873, "rel_loisirs": 1.7613234610759467, "rel_pc1": 2.1557529238814368, "q_revenu": 4, "q_population": 1 }, "geometry": { "type": "Polygon", "coordinates": [ [ [ 3.070414919142624, 50.637510212708747 ], [ 3.070149745357849, 50.639298907493355 ], [ 3.072966329417461, 50.639468830466463 ], [ 3.073231397068042, 50.637680128232859 ], [ 3.070414919142624, 50.637510212708747 ] ] ] } },
{ "type": "Feature", "properties": { "idcar_200m": "CRS3035RES200mN3081600E3832000", "population": 34.0, "median_education": 32.968880446568555, "median_healthcare": 83.766303646808922, "median_services": 3.7299726699997788, "median_commerce": 248.50176456771575, "median_entertainment": 25.046948528135673, "PC1_pos": 3.0474513443458293, "nivvie": 31808.058823529413, "rel_education": 1.4715708765198017, "rel_sante": 1.4446574528637961, "rel_services": 1.348159644196705, "rel_commerce": 1.8662434858657186, "rel_loisirs": 1.3077021693967192, "rel_pc1": 1.6433208993896644, "q_revenu": 5, "q_population": 1 }, "geometry": { "type": "Polygon", "coordinates": [ [ [ 3.076047893708533, 50.637849974912143 ], [ 3.075782932194849, 50.639638684591802 ], [ 3.078599553682686, 50.639808469868633 ], [ 3.078864409056774, 50.638019752745855 ], [ 3.076047893708533, 50.637849974912143 ] ] ] } },
{ "type": "Feature", "properties": { "idcar_200m": "CRS3035RES200mN3081600E3832200", "population": 734.0, "median_education": 32.905472969993674, "median_healthcare": 81.535644691715873, "median_services": 3.5416705176294707, "median_commerce": 224.68805704443494, "median_entertainment": 23.383248745675427, "PC1_pos": 2.8247924707728451, "nivvie": 28118.96607629428, "rel_education": 1.4687406743832012, "rel_sante": 1.4061868752690152, "rel_services": 1.2800997989375591, "rel_commerce": 1.687402999091131, "rel_loisirs": 1.2208403382118067, "rel_pc1": 1.5232533612956016, "q_revenu": 4, "q_population": 5 }, "geometry": { "type": "Polygon", "coordinates": [ [ [ 3.078864409056774, 50.638019752745855 ], [ 3.078599553682686, 50.639808469868633 ], [ 3.081416193873632, 50.639978186296197 ], [ 3.081680943105428, 50.63818946173329 ], [ 3.078864409056774, 50.638019752745855 ] ] ] } },
{ "type": "Feature", "properties": { "idcar_200m": "CRS3035RES200mN3081600E3832400", "population": 353.0, "median_education": 30.995689771661567, "median_healthcare": 74.978947282396604, "median_services": 3.1170675040173403, "median_commerce": 194.40255143394882, "median_entertainment": 20.592749992081735, "PC1_pos": 2.4119768978361051, "nivvie": 30226.610481586402, "rel_education": 1.3834972176122911, "rel_sante": 1.2931082103862457, "rel_services": 1.1266314766733607, "rel_commerce": 1.4599594328048324, "rel_loisirs": 1.075148288352952, "rel_pc1": 1.3006448986997574, "q_revenu": 5, "q_population": 4 }, "geometry": { "type": "Polygon", "coordinates": [ [ [ 3.081680943105428, 50.63818946173329 ], [ 3.081416193873632, 50.639978186296197 ], [ 3.084232852760369, 50.640147833873776 ], [ 3.084497495847167, 50.638359101873696 ], [ 3.081680943105428, 50.63818946173329 ] ] ] } },
{ "type": "Feature", "properties": { "idcar_200m": "CRS3035RES200mN3081600E3832600", "population": 515.5, "median_education": 31.456641132964986, "median_healthcare": 76.990683104293666, "median_services": 3.1573291036222786, "median_commerce": 186.35914974629284, "median_entertainment": 20.445529909748217, "PC1_pos": 2.4718932213549514, "nivvie": 24765.834335596508, "rel_education": 1.4040718501020295, "rel_sante": 1.3278031774764807, "rel_services": 1.1411836111259135, "rel_commerce": 1.3995536403956648, "rel_loisirs": 1.0674619220544768, "rel_pc1": 1.332954437237853, "q_revenu": 3, "q_population": 5 }, "geometry": { "type": "Polygon", "coordinates": [ [ [ 3.084497495847167, 50.638359101873696 ], [ 3.084232852760369, 50.640147833873776 ], [ 3.087049530335552, 50.640317412600652 ], [ 3.087314067274665, 50.638528673166348 ], [ 3.084497495847167, 50.638359101873696 ] ] ] } },
{ "type": "Feature", "properties": { "idcar_200m": "CRS3035RES200mN3081600E3832800", "population": 251.5, "median_education": 27.899177886115954, "median_healthcare": 68.185170367460984, "median_services": 2.7727996123363021, "median_commerce": 164.53385494667918, "median_entertainment": 18.247045147683451, "PC1_pos": 2.1317085725240812, "nivvie": 35245.806759443345, "rel_education": 1.2452839495897001, "rel_sante": 1.1759408050458091, "rel_services": 1.0021994447472165, "rel_commerce": 1.23564609503987, "rel_loisirs": 0.95267894601616909, "rel_pc1": 1.1495117896259335, "q_revenu": 5, "q_population": 3 }, "geometry": { "type": "Polygon", "coordinates": [ [ [ 3.087314067274665, 50.638528673166348 ], [ 3.087049530335552, 50.640317412600652 ], [ 3.089866226591861, 50.640486922476079 ], [ 3.090130657380588, 50.638698175610457 ], [ 3.087314067274665, 50.638528673166348 ] ] ] } },
{ "type": "Feature", "properties": { "idcar_200m": "CRS3035RES200mN3081600E3833000", "population": 239.0, "median_education": 23.18253571290342, "median_healthcare": 62.437893055937636, "median_services": 2.4283307504486507, "median_commerce": 127.71442720433615, "median_entertainment": 14.788433831069412, "PC1_pos": 1.7414641305332985, "nivvie": 23817.118828451883, "rel_education": 1.0347559254939638, "rel_sante": 1.076821628953532, "rel_services": 0.87769477423998521, "rel_commerce": 0.95913289885800967, "rel_loisirs": 0.7721047129212415, "rel_pc1": 0.93907468171805553, "q_revenu": 3, "q_population": 3 }, "geometry": { "type": "Polygon", "coordinates": [ [ [ 3.090130657380588, 50.638698175610457 ], [ 3.089866226591861, 50.640486922476079 ], [ 3.092682941521958, 50.640656363499303 ], [ 3.092947266157605, 50.638867609205377 ], [ 3.090130657380588, 50.638698175610457 ] ] ] } },
{ "type": "Feature", "properties": { "idcar_200m": "CRS3035RES200mN3081600E3833200", "population": 250.0, "median_education": 24.535979615148253, "median_healthcare": 67.326552922129267, "median_services": 2.6994097762620406, "median_commerce": 116.79146390629147, "median_entertainment": 14.914252318323827, "PC1_pos": 1.7785880771421203, "nivvie": 31861.4432, "rel_education": 1.0951670951354282, "rel_sante": 1.1611328448332232, "rel_services": 0.97567345540544015, "rel_commerce": 0.87710165398219553, "rel_loisirs": 0.77867370109750533, "rel_pc1": 0.95909355993354961, "q_revenu": 5, "q_population": 3 }, "geometry": { "type": "Polygon", "coordinates": [ [ [ 3.092947266157605, 50.638867609205377 ], [ 3.092682941521958, 50.640656363499303 ], [ 3.09549967511851, 50.640825735669587 ], [ 3.095763893598383, 50.639036973950311 ], [ 3.092947266157605, 50.638867609205377 ] ] ] } },
{ "type": "Feature", "properties": { "idcar_200m": "CRS3035RES200mN3081600E3833400", "population": 105.0, "median_education": 23.769030219926947, "median_healthcare": 59.251872980208027, "median_services": 2.8245038204049582, "median_commerce": 101.02202796255079, "median_entertainment": 14.566509607359965, "PC1_pos": 1.6484069657920128, "nivvie": 30016.390476190478, "rel_education": 1.0609341949433435, "rel_sante": 1.0218746222575787, "rel_services": 1.0208873904562974, "rel_commerce": 0.75867349248814187, "rel_loisirs": 0.76051804045850513, "rel_pc1": 0.88889413201345358, "q_revenu": 5, "q_population": 2 }, "geometry": { "type": "Polygon", "coordinates": [ [ [ 3.095763893598383, 50.639036973950311 ], [ 3.09549967511851, 50.640825735669587 ], [ 3.098316427374188, 50.64099503898624 ], [ 3.098580539695592, 50.639206269844529 ], [ 3.095763893598383, 50.639036973950311 ] ] ] } },
{ "type": "Feature", "properties": { "idcar_200m": "CRS3035RES200mN3081800E3825600", "population": 18.0, "median_education": 5.0946661339149184, "median_healthcare": 14.790281678956411, "median_services": 0.78204403163472569, "median_commerce": 14.932353071696838, "median_entertainment": 6.1865586251282281, "PC1_pos": 0.15913254881891681, "nivvie": 28082.777777777777, "rel_education": 0.22740117974012797, "rel_sante": 0.25507739660508716, "rel_services": 0.28266164305029373, "rel_commerce": 0.11214168517949263, "rel_loisirs": 0.3230004695419218, "rel_pc1": 0.08581132681001255, "q_revenu": 4, "q_population": 1 }, "geometry": { "type": "Polygon", "coordinates": [ [ [ 2.98566096367762, 50.634169207755114 ], [ 2.985392581667103, 50.635957675994177 ], [ 2.988208706849325, 50.636129671594432 ], [ 2.988476982797303, 50.634341195817115 ], [ 2.98566096367762, 50.634169207755114 ] ] ] } },
{ "type": "Feature", "properties": { "idcar_200m": "CRS3035RES200mN3081800E3825800", "population": 142.0, "median_education": 6.1871166942456117, "median_healthcare": 16.816463576438402, "median_services": 0.88749843348480806, "median_commerce": 16.747666183339689, "median_entertainment": 6.1736280054122803, "PC1_pos": 0.23563277029618357, "nivvie": 22033.462676056341, "rel_education": 0.27616287279263529, "rel_sante": 0.29002150481591399, "rel_services": 0.32077703462424645, "rel_commerce": 0.12577465183187603, "rel_loisirs": 0.32232536137714096, "rel_pc1": 0.12706363851460403, "q_revenu": 2, "q_population": 2 }, "geometry": { "type": "Polygon", "coordinates": [ [ [ 2.988476982797303, 50.634341195817115 ], [ 2.988208706849325, 50.636129671594432 ], [ 2.991024850971781, 50.636301598366188 ], [ 2.991293020854483, 50.634513115053565 ], [ 2.988476982797303, 50.634341195817115 ] ] ] } },
{ "type": "Feature", "properties": { "idcar_200m": "CRS3035RES200mN3081800E3826000", "population": 25.0, "median_education": 6.9312039365016851, "median_healthcare": 18.160311294693436, "median_services": 0.94595674295786036, "median_commerce": 18.342241535874859, "median_entertainment": 6.1826032693768891, "PC1_pos": 0.24613876722697059, "nivvie": 20757.188, "rel_education": 0.30937531739076357, "rel_sante": 0.31319788406593835, "rel_services": 0.34190617970710724, "rel_commerce": 0.1377498821469102, "rel_loisirs": 0.32279396026232027, "rel_pc1": 0.13272893793187565, "q_revenu": 2, "q_population": 1 }, "geometry": { "type": "Polygon", "coordinates": [ [ [ 2.991293020854483, 50.634513115053565 ], [ 2.991024850971781, 50.636301598366188 ], [ 2.993841014027158, 50.636473456308806 ], [ 2.994109077841854, 50.634684965463762 ], [ 2.991293020854483, 50.634513115053565 ] ] ] } },
{ "type": "Feature", "properties": { "idcar_200m": "CRS3035RES200mN3081800E3826800", "population": 16.0, "median_education": 11.442501032902596, "median_healthcare": 21.142338779342168, "median_services": 1.2137739052103058, "median_commerce": 30.372329587987121, "median_entertainment": 6.490091409131721, "PC1_pos": 0.5001297496699264, "nivvie": 20757.1875, "rel_education": 0.51073773347738227, "rel_sante": 0.36462677662525067, "rel_services": 0.43870589437419877, "rel_commerce": 0.22809561269212608, "rel_loisirs": 0.33884792815263898, "rel_pc1": 0.26969213850255447, "q_revenu": 2, "q_population": 1 }, "geometry": { "type": "Polygon", "coordinates": [ [ [ 3.002557362311879, 50.635200103729325 ], [ 3.002289616717579, 50.636988617153769 ], [ 3.005105855431411, 50.637160199772026 ], [ 3.005373494946793, 50.635371678827013 ], [ 3.002557362311879, 50.635200103729325 ] ] ] } },
{ "type": "Feature", "properties": { "idcar_200m": "CRS3035RES200mN3081800E3827000", "population": 185.5, "median_education": 16.542867205424791, "median_healthcare": 30.609228645972006, "median_services": 1.8547519790848492, "median_commerce": 48.560433226751663, "median_entertainment": 9.0393894412562972, "PC1_pos": 0.83461831794851604, "nivvie": 23144.133153638813, "rel_education": 0.7383933352875317, "rel_sante": 0.52789544679282285, "rel_services": 0.67038072109957658, "rel_commerce": 0.36468792218796248, "rel_loisirs": 0.47194687884131337, "rel_pc1": 0.45006320689679868, "q_revenu": 3, "q_population": 3 }, "geometry": { "type": "Polygon", "coordinates": [ [ [ 3.005373494946793, 50.635371678827013 ], [ 3.005105855431411, 50.637160199772026 ], [ 3.007922113041562, 50.637331713557344 ], [ 3.008189646475295, 50.635543185094733 ], [ 3.005373494946793, 50.635371678827013 ] ] ] } },
{ "type": "Feature", "properties": { "idcar_200m": "CRS3035RES200mN3081800E3827200", "population": 461.5, "median_education": 18.456709092302688, "median_healthcare": 34.557901240361325, "median_services": 2.2341524311214291, "median_commerce": 59.178089536301968, "median_entertainment": 10.292811957531681, "PC1_pos": 1.0208029067333735, "nivvie": 17376.691440953411, "rel_education": 0.82381795222463328, "rel_sante": 0.59599537533277414, "rel_services": 0.80751104983888478, "rel_commerce": 0.44442631743569422, "rel_loisirs": 0.53738811779554285, "rel_pc1": 0.55046219323733525, "q_revenu": 1, "q_population": 5 }, "geometry": { "type": "Polygon", "coordinates": [ [ [ 3.008189646475295, 50.635543185094733 ], [ 3.007922113041562, 50.637331713557344 ], [ 3.010738389540699, 50.637503158508956 ], [ 3.011005816890059, 50.63571462253168 ], [ 3.008189646475295, 50.635543185094733 ] ] ] } },
{ "type": "Feature", "properties": { "idcar_200m": "CRS3035RES200mN3081800E3827400", "population": 390.0, "median_education": 19.244937670596325, "median_healthcare": 38.959867696134239, "median_services": 2.717743768432062, "median_commerce": 72.034229651723408, "median_entertainment": 11.827229069186169, "PC1_pos": 1.2139814748067588, "nivvie": 23260.067692307694, "rel_education": 0.85900065191434183, "rel_sante": 0.67191293849041545, "rel_services": 0.98230008528920354, "rel_commerce": 0.5409756831334348, "rel_loisirs": 0.61750009564450192, "rel_pc1": 0.65463264334744464, "q_revenu": 3, "q_population": 4 }, "geometry": { "type": "Polygon", "coordinates": [ [ [ 3.011005816890059, 50.63571462253168 ], [ 3.010738389540699, 50.637503158508956 ], [ 3.013554684921503, 50.637674534626157 ], [ 3.01382200618377, 50.635885991137165 ], [ 3.011005816890059, 50.63571462253168 ] ] ] } },
{ "type": "Feature", "properties": { "idcar_200m": "CRS3035RES200mN3081800E3827600", "population": 316.0, "median_education": 18.304474033743862, "median_healthcare": 39.81421883746318, "median_services": 2.8028310839105037, "median_commerce": 76.255104805655108, "median_entertainment": 11.93361948495575, "PC1_pos": 1.2327825218066593, "nivvie": 20790.357594936708, "rel_education": 0.81702291777014147, "rel_sante": 0.68664732081302093, "rel_services": 1.0130540063255944, "rel_commerce": 0.57267437458691539, "rel_loisirs": 0.62305474344315959, "rel_pc1": 0.66477100159315305, "q_revenu": 2, "q_population": 4 }, "geometry": { "type": "Polygon", "coordinates": [ [ [ 3.01382200618377, 50.635885991137165 ], [ 3.013554684921503, 50.637674534626157 ], [ 3.016370999176655, 50.637845841908209 ], [ 3.016638214349099, 50.636057290910422 ], [ 3.01382200618377, 50.635885991137165 ] ] ] } },
{ "type": "Feature", "properties": { "idcar_200m": "CRS3035RES200mN3081800E3827800", "population": 627.0, "median_education": 20.646717173744161, "median_healthcare": 46.163171178990886, "median_services": 3.3032227475339697, "median_commerce": 94.320684587972096, "median_entertainment": 14.303755487615685, "PC1_pos": 1.5244539689607577, "nivvie": 23205.05933014354, "rel_education": 0.92156928828274642, "rel_sante": 0.7961431552805176, "rel_services": 1.1939153441620587, "rel_commerce": 0.70834653227072675, "rel_loisirs": 0.74679963751526657, "rel_pc1": 0.82205317961803226, "q_revenu": 3, "q_population": 5 }, "geometry": { "type": "Polygon", "coordinates": [ [ [ 3.016638214349099, 50.636057290910422 ], [ 3.016370999176655, 50.637845841908209 ], [ 3.019187332298827, 50.638017080354324 ], [ 3.019454441378732, 50.63622852185074 ], [ 3.016638214349099, 50.636057290910422 ] ] ] } },
{ "type": "Feature", "properties": { "idcar_200m": "CRS3035RES200mN3081800E3828000", "population": 582.0, "median_education": 21.543696586968522, "median_healthcare": 48.306728014925177, "median_services": 3.2682092507471516, "median_commerce": 100.13796948172048, "median_entertainment": 15.123741124420942, "PC1_pos": 1.6100516690224171, "nivvie": 25028.613573883162, "rel_education": 0.96160609764538207, "rel_sante": 0.83311154500112072, "rel_services": 1.1812600816316225, "rel_commerce": 0.75203423025254379, "rel_loisirs": 0.78961111991679966, "rel_pc1": 0.86821125518895104, "q_revenu": 3, "q_population": 5 }, "geometry": { "type": "Polygon", "coordinates": [ [ [ 3.019454441378732, 50.63622852185074 ], [ 3.019187332298827, 50.638017080354324 ], [ 3.022003684280698, 50.638188249963768 ], [ 3.022270687265339, 50.636399683957329 ], [ 3.019454441378732, 50.63622852185074 ] ] ] } },
{ "type": "Feature", "properties": { "idcar_200m": "CRS3035RES200mN3081800E3828200", "population": 341.0, "median_education": 25.423982200941552, "median_healthcare": 58.206673850582611, "median_services": 3.679792893547071, "median_commerce": 121.42290748588105, "median_entertainment": 18.94311527876793, "PC1_pos": 1.9391895499000733, "nivvie": 25654.795601173024, "rel_education": 1.1348032224720999, "rel_sante": 1.0038488213495351, "rel_services": 1.3300226883652413, "rel_commerce": 0.91188370643803796, "rel_loisirs": 0.98902079498227879, "rel_pc1": 1.0456969956686515, "q_revenu": 4, "q_population": 4 }, "geometry": { "type": "Polygon", "coordinates": [ [ [ 3.022270687265339, 50.636399683957329 ], [ 3.022003684280698, 50.638188249963768 ], [ 3.024820055114944, 50.63835935073584 ], [ 3.025086952001602, 50.636570777229458 ], [ 3.022270687265339, 50.636399683957329 ] ] ] } },
{ "type": "Feature", "properties": { "idcar_200m": "CRS3035RES200mN3081800E3828400", "population": 93.0, "median_education": 25.183938125970908, "median_healthcare": 55.506313795511758, "median_services": 3.4729331558926568, "median_commerce": 114.663150681953, "median_entertainment": 19.228392726106122, "PC1_pos": 1.8831823939842605, "nivvie": 25942.748387096774, "rel_education": 1.1240888195253445, "rel_sante": 0.95727764524246561, "rel_services": 1.2552553978277439, "rel_commerce": 0.86111806248652556, "rel_loisirs": 1.0039151417465184, "rel_pc1": 1.0154954536481053, "q_revenu": 4, "q_population": 2 }, "geometry": { "type": "Polygon", "coordinates": [ [ [ 3.025086952001602, 50.636570777229458 ], [ 3.024820055114944, 50.63835935073584 ], [ 3.02763644479424, 50.638530382669742 ], [ 3.027903235580197, 50.63674180166641 ], [ 3.025086952001602, 50.636570777229458 ] ] ] } },
{ "type": "Feature", "properties": { "idcar_200m": "CRS3035RES200mN3081800E3828800", "population": 203.5, "median_education": 23.197562012200144, "median_healthcare": 59.037413006794019, "median_services": 3.5325295881978462, "median_commerce": 125.72216212594309, "median_entertainment": 21.022755299889674, "PC1_pos": 1.9713723938612993, "nivvie": 31390.048157248155, "rel_education": 1.0354266265953485, "rel_sante": 1.0181759846736662, "rel_services": 1.2767959055151532, "rel_commerce": 0.94417102632910999, "rel_loisirs": 1.0975988824139764, "rel_pc1": 1.0630514122310042, "q_revenu": 5, "q_population": 3 }, "geometry": { "type": "Polygon", "coordinates": [ [ [ 3.030719537993799, 50.63691275726741 ], [ 3.030452853311261, 50.63870134576478 ], [ 3.033269280658685, 50.638872240020156 ], [ 3.033535859235083, 50.637083644031755 ], [ 3.030719537993799, 50.63691275726741 ] ] ] } },
{ "type": "Feature", "properties": { "idcar_200m": "CRS3035RES200mN3081800E3829000", "population": 161.5, "median_education": 22.005468269624298, "median_healthcare": 59.010668257395757, "median_services": 3.394147430088446, "median_commerce": 133.52682919698867, "median_entertainment": 22.389889406638094, "PC1_pos": 2.047571058291477, "nivvie": 31064.534365325075, "rel_education": 0.98221734530054805, "rel_sante": 1.0177147371330553, "rel_services": 1.2267791205289102, "rel_commerce": 1.0027839263462466, "rel_loisirs": 1.168977007986554, "rel_pc1": 1.1041411110037243, "q_revenu": 5, "q_population": 2 }, "geometry": { "type": "Polygon", "coordinates": [ [ [ 3.033535859235083, 50.637083644031755 ], [ 3.033269280658685, 50.638872240020156 ], [ 3.036085726829182, 50.639043065435203 ], [ 3.036352199296728, 50.637254461958655 ], [ 3.033535859235083, 50.637083644031755 ] ] ] } },
{ "type": "Feature", "properties": { "idcar_200m": "CRS3035RES200mN3081800E3829200", "population": 2.0, "median_education": 20.984956307379012, "median_healthcare": 58.962810823947926, "median_services": 3.2570560053173767, "median_commerce": 148.69670389671816, "median_entertainment": 21.965585591858911, "PC1_pos": 2.0540827984887282, "nivvie": 24333.6, "rel_education": 0.9366666422606289, "rel_sante": 1.0168893742497072, "rel_services": 1.1772288576199343, "rel_commerce": 1.1167093943968156, "rel_loisirs": 1.1468240891011754, "rel_pc1": 1.1076525300711337, "q_revenu": 3, "q_population": 1 }, "geometry": { "type": "Polygon", "coordinates": [ [ [ 3.036352199296728, 50.637254461958655 ], [ 3.036085726829182, 50.639043065435203 ], [ 3.038902191815427, 50.639213822009083 ], [ 3.039168558171406, 50.637425211047422 ], [ 3.036352199296728, 50.637254461958655 ] ] ] } },
{ "type": "Feature", "properties": { "idcar_200m": "CRS3035RES200mN3081800E3830400", "population": 541.0, "median_education": 28.579527075120044, "median_healthcare": 96.527549241002745, "median_services": 4.1181941544871385, "median_commerce": 296.73488874009877, "median_entertainment": 33.223336745080886, "PC1_pos": 3.5769912664532058, "nivvie": 28672.425693160814, "rel_education": 1.2756514367121354, "rel_sante": 1.6647415171339486, "rel_services": 1.4884782429375443, "rel_commerce": 2.2284733233328624, "rel_loisirs": 1.73459172031819, "rel_pc1": 1.9288723070191194, "q_revenu": 4, "q_population": 5 }, "geometry": { "type": "Polygon", "coordinates": [ [ [ 3.05325063448392, 50.638277923892851 ], [ 3.052984798726466, 50.640066572236009 ], [ 3.055801376453343, 50.640236915747707 ], [ 3.056067106082961, 50.638448259937071 ], [ 3.05325063448392, 50.638277923892851 ] ] ] } },
{ "type": "Feature", "properties": { "idcar_200m": "CRS3035RES200mN3081800E3830600", "population": 479.0, "median_education": 30.420210099652039, "median_healthcare": 105.87660463494463, "median_services": 4.5286325423418399, "median_commerce": 352.8386755611541, "median_entertainment": 36.654521927048449, "PC1_pos": 4.0157774622657332, "nivvie": 29424.46680584551, "rel_education": 1.3578105969601018, "rel_sante": 1.8259779805338603, "rel_services": 1.6368269092388703, "rel_commerce": 2.6498116863393846, "rel_loisirs": 1.9137340338427524, "rel_pc1": 2.165485281096708, "q_revenu": 5, "q_population": 5 }, "geometry": { "type": "Polygon", "coordinates": [ [ [ 3.056067106082961, 50.638448259937071 ], [ 3.055801376453343, 50.640236915747707 ], [ 3.058617972944678, 50.640407190413065 ], [ 3.058883596443753, 50.638618527137979 ], [ 3.056067106082961, 50.638448259937071 ] ] ] } },
{ "type": "Feature", "properties": { "idcar_200m": "CRS3035RES200mN3081800E3830800", "population": 696.5, "median_education": 32.132123047790074, "median_healthcare": 110.24672618573382, "median_services": 4.8014633156947859, "median_commerce": 383.82189477656482, "median_entertainment": 38.676069882358469, "PC1_pos": 4.2975861163122993, "nivvie": 27080.456855707107, "rel_education": 1.4342220857184131, "rel_sante": 1.9013463374197954, "rel_services": 1.7354387412471304, "rel_commerce": 2.8824950684171542, "rel_loisirs": 2.0192791322298409, "rel_pc1": 2.3174490037276936, "q_revenu": 4, "q_population": 5 }, "geometry": { "type": "Polygon", "coordinates": [ [ [ 3.058883596443753, 50.638618527137979 ], [ 3.058617972944678, 50.640407190413065 ], [ 3.061434588193142, 50.640577396231436 ], [ 3.061700105558964, 50.638788725494777 ], [ 3.058883596443753, 50.638618527137979 ] ] ] } },
{ "type": "Feature", "properties": { "idcar_200m": "CRS3035RES200mN3081800E3831000", "population": 166.0, "median_education": 33.274848238020851, "median_healthcare": 111.97640036380059, "median_services": 4.9392140696465781, "median_commerce": 394.46457287404451, "median_entertainment": 39.232437712374107, "PC1_pos": 4.3978630637216751, "nivvie": 29610.403614457831, "rel_education": 1.4852277943452035, "rel_sante": 1.9311767893268783, "rel_services": 1.7852273117986373, "rel_commerce": 2.9624213768123404, "rel_loisirs": 2.0483271185534724, "rel_pc1": 2.3715227803970302, "q_revenu": 5, "q_population": 2 }, "geometry": { "type": "Polygon", "coordinates": [ [ [ 3.061700105558964, 50.638788725494777 ], [ 3.061434588193142, 50.640577396231436 ], [ 3.064251222191402, 50.64074753320201 ], [ 3.064516633421271, 50.638958855006798 ], [ 3.061700105558964, 50.638788725494777 ] ] ] } },
{ "type": "Feature", "properties": { "idcar_200m": "CRS3035RES200mN3081800E3831200", "population": 169.5, "median_education": 35.08478262996038, "median_healthcare": 109.24110395005977, "median_services": 4.9685331993101709, "median_commerce": 377.65487118138481, "median_entertainment": 38.002935068736036, "PC1_pos": 4.280033053822585, "nivvie": 25028.116224188791, "rel_education": 1.5660144848094533, "rel_sante": 1.8840030908602057, "rel_services": 1.795824404837238, "rel_commerce": 2.8361808394952561, "rel_loisirs": 1.984134737091978, "rel_pc1": 2.3079836140698213, "q_revenu": 3, "q_population": 2 }, "geometry": { "type": "Polygon", "coordinates": [ [ [ 3.064516633421271, 50.638958855006798 ], [ 3.064251222191402, 50.64074753320201 ], [ 3.067067874932133, 50.640917601324077 ], [ 3.067333180023343, 50.639128915673226 ], [ 3.064516633421271, 50.638958855006798 ] ] ] } },
{ "type": "Feature", "properties": { "idcar_200m": "CRS3035RES200mN3081800E3831400", "population": 465.0, "median_education": 35.831549681230847, "median_healthcare": 104.51706202802016, "median_services": 4.8296378756961076, "median_commerce": 345.86417993657523, "median_entertainment": 35.062333741861472, "PC1_pos": 4.0617393729707061, "nivvie": 29273.073763440862, "rel_education": 1.5993465430810456, "rel_sante": 1.8025309227782671, "rel_services": 1.7456221415417987, "rel_commerce": 2.5974333579632796, "rel_loisirs": 1.8306058259687288, "rel_pc1": 2.1902699814587008, "q_revenu": 5, "q_population": 5 }, "geometry": { "type": "Polygon", "coordinates": [ [ [ 3.067333180023343, 50.639128915673226 ], [ 3.067067874932133, 50.640917601324077 ], [ 3.069884546408002, 50.641087600596876 ], [ 3.070149745357849, 50.639298907493355 ], [ 3.067333180023343, 50.639128915673226 ] ] ] } },
{ "type": "Feature", "properties": { "idcar_200m": "CRS3035RES200mN3081800E3831600", "population": 141.0, "median_education": 33.736176440201248, "median_healthcare": 96.438454128661874, "median_services": 4.4192215537479189, "median_commerce": 309.92415632769109, "median_entertainment": 31.326548628387229, "PC1_pos": 3.6205648709147353, "nivvie": 30917.832624113478, "rel_education": 1.5058192471834684, "rel_sante": 1.663204957533567, "rel_services": 1.5972814507317978, "rel_commerce": 2.3275244699575244, "rel_loisirs": 1.6355603380202666, "rel_pc1": 1.9523691267488996, "q_revenu": 5, "q_population": 2 }, "geometry": { "type": "Polygon", "coordinates": [ [ [ 3.070149745357849, 50.639298907493355 ], [ 3.069884546408002, 50.641087600596876 ], [ 3.072701236611682, 50.641257531019718 ], [ 3.072966329417461, 50.639468830466463 ], [ 3.070149745357849, 50.639298907493355 ] ] ] } },
{ "type": "Feature", "properties": { "idcar_200m": "CRS3035RES200mN3081800E3832000", "population": 90.0, "median_education": 29.960883063155524, "median_healthcare": 81.133010802787197, "median_services": 3.4176958862861975, "median_commerce": 224.48719174109922, "median_entertainment": 23.725078717466214, "PC1_pos": 2.4548813085029297, "nivvie": 31165.991111111114, "rel_education": 1.3373084664494259, "rel_sante": 1.3992429369179944, "rel_services": 1.2352904639455216, "rel_commerce": 1.6858945045154936, "rel_loisirs": 1.2386872945056442, "rel_pc1": 1.3237808594610685, "q_revenu": 5, "q_population": 2 }, "geometry": { "type": "Polygon", "coordinates": [ [ [ 3.075782932194849, 50.639638684591802 ], [ 3.075517945535836, 50.641427392591801 ], [ 3.07833467317314, 50.64159718531247 ], [ 3.078599553682686, 50.639808469868633 ], [ 3.075782932194849, 50.639638684591802 ] ] ] } },
{ "type": "Feature", "properties": { "idcar_200m": "CRS3035RES200mN3081800E3832200", "population": 221.5, "median_education": 26.327317513967941, "median_healthcare": 69.243363834736599, "median_services": 2.8466366949266417, "median_commerce": 167.23174730031329, "median_entertainment": 17.57033784206806, "PC1_pos": 2.2377502128700395, "nivvie": 23864.044243792323, "rel_education": 1.175123728366618, "rel_sante": 1.1941907099898925, "rel_services": 1.0288870866686037, "rel_commerce": 1.2559072148725405, "rel_loisirs": 0.9173480309306129, "rel_pc1": 1.206694144353071, "q_revenu": 3, "q_population": 3 }, "geometry": { "type": "Polygon", "coordinates": [ [ [ 3.078599553682686, 50.639808469868633 ], [ 3.07833467317314, 50.64159718531247 ], [ 3.081151419516254, 50.641766909180909 ], [ 3.081416193873632, 50.639978186296197 ], [ 3.078599553682686, 50.639808469868633 ] ] ] } },
{ "type": "Feature", "properties": { "idcar_200m": "CRS3035RES200mN3081800E3832400", "population": 337.0, "median_education": 32.114019146814819, "median_healthcare": 81.828639109662163, "median_services": 3.4581746826987407, "median_commerce": 203.39870549528717, "median_entertainment": 21.345145997794273, "PC1_pos": 2.66200021458328, "nivvie": 29525.002373887244, "rel_education": 1.4334140154089055, "rel_sante": 1.4112399401782454, "rel_services": 1.2499211019145253, "rel_commerce": 1.5275203772674308, "rel_loisirs": 1.1144309134523915, "rel_pc1": 1.4354685579872701, "q_revenu": 5, "q_population": 4 }, "geometry": { "type": "Polygon", "coordinates": [ [ [ 3.081416193873632, 50.639978186296197 ], [ 3.081151419516254, 50.641766909180909 ], [ 3.083968184557855, 50.641936564196421 ], [ 3.084232852760369, 50.640147833873776 ], [ 3.081416193873632, 50.639978186296197 ] ] ] } },
{ "type": "Feature", "properties": { "idcar_200m": "CRS3035RES200mN3081800E3832600", "population": 304.5, "median_education": 32.360768228318214, "median_healthcare": 81.415130854849082, "median_services": 3.4001239969034289, "median_commerce": 192.7624727925197, "median_entertainment": 20.525956047741438, "PC1_pos": 2.5892466289967251, "nivvie": 29351.984236453198, "rel_education": 1.4444276973183316, "rel_sante": 1.40410845942609, "rel_services": 1.2289392881504082, "rel_commerce": 1.4476424736629165, "rel_loisirs": 1.0716609738875491, "rel_pc1": 1.3962365984937266, "q_revenu": 5, "q_population": 4 }, "geometry": { "type": "Polygon", "coordinates": [ [ [ 3.084232852760369, 50.640147833873776 ], [ 3.083968184557855, 50.641936564196421 ], [ 3.086784968290605, 50.642106150358245 ], [ 3.087049530335552, 50.640317412600652 ], [ 3.084232852760369, 50.640147833873776 ] ] ] } },
{ "type": "Feature", "properties": { "idcar_200m": "CRS3035RES200mN3081800E3832800", "population": 258.0, "median_education": 28.936913629805595, "median_healthcare": 73.053279110854575, "median_services": 3.1010780090234906, "median_commerce": 161.03876671058228, "median_entertainment": 17.861208836528782, "PC1_pos": 2.2314140238392706, "nivvie": 37723.765116279072, "rel_education": 1.2916034386731163, "rel_sante": 1.2598975904275271, "rel_services": 1.120852240794457, "rel_commerce": 1.2093980494193957, "rel_loisirs": 0.93253441701048168, "rel_pc1": 1.2032773902591738, "q_revenu": 5, "q_population": 3 }, "geometry": { "type": "Polygon", "coordinates": [ [ [ 3.087049530335552, 50.640317412600652 ], [ 3.086784968290605, 50.642106150358245 ], [ 3.089601770707174, 50.642275667665679 ], [ 3.089866226591861, 50.640486922476079 ], [ 3.087049530335552, 50.640317412600652 ] ] ] } },
{ "type": "Feature", "properties": { "idcar_200m": "CRS3035RES200mN3081800E3833000", "population": 118.0, "median_education": 28.298548427383224, "median_healthcare": 74.639181578706072, "median_services": 3.2693111698644222, "median_commerce": 137.3619285287883, "median_entertainment": 16.748200860020454, "PC1_pos": 2.0707961928942686, "nivvie": 25232.352542372882, "rel_education": 1.2631099130288084, "rel_sante": 1.287248514605307, "rel_services": 1.1816583587817533, "rel_commerce": 1.0315854487743445, "rel_loisirs": 0.87442422670922304, "rel_pc1": 1.1166651334642366, "q_revenu": 3, "q_population": 2 }, "geometry": { "type": "Polygon", "coordinates": [ [ [ 3.089866226591861, 50.640486922476079 ], [ 3.089601770707174, 50.642275667665679 ], [ 3.092418591800224, 50.642445116117955 ], [ 3.092682941521958, 50.640656363499303 ], [ 3.089866226591861, 50.640486922476079 ] ] ] } },
{ "type": "Feature", "properties": { "idcar_200m": "CRS3035RES200mN3081800E3833200", "population": 315.5, "median_education": 27.325084853960952, "median_healthcare": 72.603719694339233, "median_services": 3.2415877955293646, "median_commerce": 123.68353233913008, "median_entertainment": 16.328400322537366, "PC1_pos": 1.9615077077227676, "nivvie": 31745.086529318545, "rel_education": 1.2196592218134137, "rel_sante": 1.2521443611061958, "rel_services": 1.1716380348313675, "rel_commerce": 0.92886095572920946, "rel_loisirs": 0.85250642410888344, "rel_pc1": 1.0577319360308524, "q_revenu": 5, "q_population": 4 }, "geometry": { "type": "Polygon", "coordinates": [ [ [ 3.092682941521958, 50.640656363499303 ], [ 3.092418591800224, 50.642445116117955 ], [ 3.095235431562429, 50.642614495714326 ], [ 3.09549967511851, 50.640825735669587 ], [ 3.092682941521958, 50.640656363499303 ] ] ] } },
{ "type": "Feature", "properties": { "idcar_200m": "CRS3035RES200mN3081800E3833400", "population": 99.0, "median_education": 26.056129004201676, "median_healthcare": 63.043274296139288, "median_services": 3.250836193589234, "median_commerce": 106.7206344580531, "median_entertainment": 15.878040981080874, "PC1_pos": 1.8090845061813972, "nivvie": 30837.693939393943, "rel_education": 1.1630191889460089, "rel_sante": 1.0872622056819592, "rel_services": 1.1749807716664296, "rel_commerce": 0.80146991797527456, "rel_loisirs": 0.82899314514920619, "rel_pc1": 0.97553858678852479, "q_revenu": 5, "q_population": 2 }, "geometry": { "type": "Polygon", "coordinates": [ [ [ 3.09549967511851, 50.640825735669587 ], [ 3.095235431562429, 50.642614495714326 ], [ 3.098052289986446, 50.642783806454112 ], [ 3.098316427374188, 50.64099503898624 ], [ 3.09549967511851, 50.640825735669587 ] ] ] } },
{ "type": "Feature", "properties": { "idcar_200m": "CRS3035RES200mN3082000E3825400", "population": 47.0, "median_education": 5.2849868829431408, "median_healthcare": 15.709053336926074, "median_services": 0.88484430388399304, "median_commerce": 15.938538425201605, "median_entertainment": 6.9847964733045318, "PC1_pos": 0.22813399177805493, "nivvie": 21266.20425531915, "rel_education": 0.23589617464665097, "rel_sante": 0.27092279344583059, "rel_services": 0.31981772721508867, "rel_commerce": 0.1196981178865935, "rel_loisirs": 0.36467649904236726, "rel_pc1": 0.12301996461588909, "q_revenu": 2, "q_population": 1 }, "geometry": { "type": "Polygon", "coordinates": [ [ [ 2.982576475432431, 50.635785611566185 ], [ 2.982307961887793, 50.637574070560603 ], [ 2.985124174192126, 50.637746142530567 ], [ 2.985392581667103, 50.635957675994177 ], [ 2.982576475432431, 50.635785611566185 ] ] ] } },
{ "type": "Feature", "properties": { "idcar_200m": "CRS3035RES200mN3082000E3825600", "population": 143.0, "median_education": 5.8073632407597646, "median_healthcare": 17.805742272486608, "median_services": 0.84431327045563476, "median_commerce": 17.362247949401791, "median_entertainment": 7.1418796881499631, "PC1_pos": 0.24733908031800955, "nivvie": 22559.96223776224, "rel_education": 0.2592125209809239, "rel_sante": 0.30708288605139678, "rel_services": 0.3051682087225836, "rel_commerce": 0.13039014910788313, "rel_loisirs": 0.37287781987785473, "rel_pc1": 0.13337619997659214, "q_revenu": 3, "q_population": 2 }, "geometry": { "type": "Polygon", "coordinates": [ [ [ 2.985392581667103, 50.635957675994177 ], [ 2.985124174192126, 50.637746142530567 ], [ 2.987940405446752, 50.637918145669822 ], [ 2.988208706849325, 50.636129671594432 ], [ 2.985392581667103, 50.635957675994177 ] ] ] } },
{ "type": "Feature", "properties": { "idcar_200m": "CRS3035RES200mN3082000E3825800", "population": 251.0, "median_education": 6.4600824502839744, "median_healthcare": 18.423487919069022, "median_services": 0.89442277161552508, "median_commerce": 17.542727531282278, "median_entertainment": 6.6456156316144916, "PC1_pos": 0.26686905207138922, "nivvie": 19849.835059760953, "rel_education": 0.28834673986462356, "rel_sante": 0.31773670284236177, "rel_services": 0.32327976428381944, "rel_commerce": 0.13174554730637134, "rel_loisirs": 0.34696785393545426, "rel_pc1": 0.14390762677241781, "q_revenu": 2, "q_population": 3 }, "geometry": { "type": "Polygon", "coordinates": [ [ [ 2.988208706849325, 50.636129671594432 ], [ 2.987940405446752, 50.637918145669822 ], [ 2.990756655644342, 50.638090079977658 ], [ 2.991024850971781, 50.636301598366188 ], [ 2.988208706849325, 50.636129671594432 ] ] ] } },
{ "type": "Feature", "properties": { "idcar_200m": "CRS3035RES200mN3082000E3826000", "population": 186.5, "median_education": 7.360208933245163, "median_healthcare": 21.299580740599872, "median_services": 0.94223673298492228, "median_commerce": 20.465396788123353, "median_entertainment": 6.3987417864650693, "PC1_pos": 0.31079714916734136, "nivvie": 19255.930294906168, "rel_education": 0.32852401915248447, "rel_sante": 0.36733861612806151, "rel_services": 0.34056162097565557, "rel_commerce": 0.1536947373711097, "rel_loisirs": 0.33407856075442821, "rel_pc1": 0.16759560465010648, "q_revenu": 2, "q_population": 3 }, "geometry": { "type": "Polygon", "coordinates": [ [ [ 2.991024850971781, 50.636301598366188 ], [ 2.990756655644342, 50.638090079977658 ], [ 2.993572924777581, 50.63826194545333 ], [ 2.993841014027158, 50.636473456308806 ], [ 2.991024850971781, 50.636301598366188 ] ] ] } },
{ "type": "Feature", "properties": { "idcar_200m": "CRS3035RES200mN3082000E3827000", "population": 127.5, "median_education": 16.085165091561397, "median_healthcare": 33.358333443092505, "median_services": 1.977614533692714, "median_commerce": 52.86324914313407, "median_entertainment": 9.795920590987782, "PC1_pos": 0.86260082536112193, "nivvie": 18867.280784313723, "rel_education": 0.71796373343998021, "rel_sante": 0.57530728855928281, "rel_services": 0.71478810757655231, "rel_commerce": 0.39700198719589858, "rel_loisirs": 0.51144539997288907, "rel_pc1": 0.46515261573470501, "q_revenu": 1, "q_population": 2 }, "geometry": { "type": "Polygon", "coordinates": [ [ [ 3.005105855431411, 50.637160199772026 ], [ 3.004838190520593, 50.638948719019474 ], [ 3.00765455422225, 50.639120240323159 ], [ 3.007922113041562, 50.637331713557344 ], [ 3.005105855431411, 50.637160199772026 ] ] ] } },
{ "type": "Feature", "properties": { "idcar_200m": "CRS3035RES200mN3082000E3827200", "population": 276.0, "median_education": 16.756480968118474, "median_healthcare": 34.391122079979382, "median_services": 2.1483862400261327, "median_commerce": 56.677758485820291, "median_entertainment": 10.21125199962707, "PC1_pos": 0.96947418813703368, "nivvie": 14794.051086956522, "rel_education": 0.74792801731937342, "rel_sante": 0.59311905458637915, "rel_services": 0.77651175630487923, "rel_commerce": 0.42564887920065225, "rel_loisirs": 0.53312986918022931, "rel_pc1": 0.52278347207751874, "q_revenu": 1, "q_population": 3 }, "geometry": { "type": "Polygon", "coordinates": [ [ [ 3.007922113041562, 50.637331713557344 ], [ 3.00765455422225, 50.639120240323159 ], [ 3.010470936815622, 50.639291692790188 ], [ 3.010738389540699, 50.637503158508956 ], [ 3.007922113041562, 50.637331713557344 ] ] ] } },
{ "type": "Feature", "properties": { "idcar_200m": "CRS3035RES200mN3082000E3827400", "population": 270.0, "median_education": 18.04515152694653, "median_healthcare": 39.934198429227877, "median_services": 2.6761859325469244, "median_commerce": 70.271303533827421, "median_entertainment": 11.939877919000306, "PC1_pos": 1.1961398393524167, "nivvie": 17598.547407407408, "rel_education": 0.80544801915483888, "rel_sante": 0.68871652291325025, "rel_services": 0.96727943977855013, "rel_commerce": 0.52773614179935546, "rel_loisirs": 0.62338149653118136, "rel_pc1": 0.64501164235072306, "q_revenu": 1, "q_population": 3 }, "geometry": { "type": "Polygon", "coordinates": [ [ [ 3.010738389540699, 50.637503158508956 ], [ 3.010470936815622, 50.639291692790188 ], [ 3.013287338293387, 50.639463076419837 ], [ 3.013554684921503, 50.637674534626157 ], [ 3.010738389540699, 50.637503158508956 ] ] ] } },
{ "type": "Feature", "properties": { "idcar_200m": "CRS3035RES200mN3082000E3827600", "population": 304.5, "median_education": 19.002043022200958, "median_healthcare": 43.620630970569565, "median_services": 3.054203188097711, "median_commerce": 83.956931407649876, "median_entertainment": 12.994150458311363, "PC1_pos": 1.4025875368502903, "nivvie": 22671.389819376025, "rel_education": 0.84815901319929887, "rel_sante": 0.75229378505178046, "rel_services": 1.1039098266021601, "rel_commerce": 0.63051494465386682, "rel_loisirs": 0.67842510734244521, "rel_pc1": 0.75633739544554623, "q_revenu": 3, "q_population": 4 }, "geometry": { "type": "Polygon", "coordinates": [ [ [ 3.013554684921503, 50.637674534626157 ], [ 3.013287338293387, 50.639463076419837 ], [ 3.016103758648217, 50.639634391211388 ], [ 3.016370999176655, 50.637845841908209 ], [ 3.013554684921503, 50.637674534626157 ] ] ] } },
{ "type": "Feature", "properties": { "idcar_200m": "CRS3035RES200mN3082000E3827800", "population": 373.5, "median_education": 20.610283742849166, "median_healthcare": 50.10655649415191, "median_services": 3.2945411364118975, "median_commerce": 101.67204471285808, "median_entertainment": 14.919216509136357, "PC1_pos": 1.6128242167408604, "nivvie": 22637.363319946449, "rel_education": 0.91994307668227482, "rel_sante": 0.8641518979019075, "rel_services": 1.1907774665428676, "rel_commerce": 0.76355510581621955, "rel_loisirs": 0.77893288169539543, "rel_pc1": 0.86970633586307777, "q_revenu": 3, "q_population": 4 }, "geometry": { "type": "Polygon", "coordinates": [ [ [ 3.016370999176655, 50.637845841908209 ], [ 3.016103758648217, 50.639634391211388 ], [ 3.018920197872797, 50.639805637164038 ], [ 3.019187332298827, 50.638017080354324 ], [ 3.016370999176655, 50.637845841908209 ] ] ] } },
{ "type": "Feature", "properties": { "idcar_200m": "CRS3035RES200mN3082000E3828000", "population": 366.0, "median_education": 22.132129587702689, "median_healthcare": 56.102122921291389, "median_services": 3.3679873573573849, "median_commerce": 117.61539620283342, "median_entertainment": 16.952941434677157, "PC1_pos": 1.7824031808016434, "nivvie": 24609.163661202187, "rel_education": 0.98787089204951484, "rel_sante": 0.96755313856817116, "rel_services": 1.2173238356071392, "rel_commerce": 0.8832893697269536, "rel_loisirs": 0.88511374017795341, "rel_pc1": 0.96115083300163795, "q_revenu": 3, "q_population": 4 }, "geometry": { "type": "Polygon", "coordinates": [ [ [ 3.019187332298827, 50.638017080354324 ], [ 3.018920197872797, 50.639805637164038 ], [ 3.021736655959794, 50.639976814277098 ], [ 3.022003684280698, 50.638188249963768 ], [ 3.019187332298827, 50.638017080354324 ] ] ] } },
{ "type": "Feature", "properties": { "idcar_200m": "CRS3035RES200mN3082000E3828200", "population": 381.5, "median_education": 22.680325735301981, "median_healthcare": 54.424210582216446, "median_services": 3.4439273729656072, "median_commerce": 112.87684509549715, "median_entertainment": 17.499141717237567, "PC1_pos": 1.8074711596582849, "nivvie": 24977.776933158584, "rel_education": 1.0123397085364705, "rel_sante": 0.93861538603085859, "rel_services": 1.2447715606926637, "rel_commerce": 0.8477029417919586, "rel_loisirs": 0.91363087844838975, "rel_pc1": 0.97466859880190537, "q_revenu": 3, "q_population": 4 }, "geometry": { "type": "Polygon", "coordinates": [ [ [ 3.022003684280698, 50.638188249963768 ], [ 3.021736655959794, 50.639976814277098 ], [ 3.024553132901887, 50.640147922549794 ], [ 3.024820055114944, 50.63835935073584 ], [ 3.022003684280698, 50.638188249963768 ] ] ] } },
{ "type": "Feature", "properties": { "idcar_200m": "CRS3035RES200mN3082000E3830400", "population": 456.5, "median_education": 26.666996777322364, "median_healthcare": 87.711995197945811, "median_services": 3.8538753465515176, "median_commerce": 272.96384041990092, "median_entertainment": 31.962648200963702, "PC1_pos": 3.221077082438458, "nivvie": 25966.851259583789, "rel_education": 1.1902853627484762, "rel_sante": 1.5127059694855365, "rel_services": 1.3929429718812538, "rel_commerce": 2.049953206355263, "rel_loisirs": 1.6687711217640897, "rel_pc1": 1.7369475965341337, "q_revenu": 4, "q_population": 5 }, "geometry": { "type": "Polygon", "coordinates": [ [ [ 3.052984798726466, 50.640066572236009 ], [ 3.052718937741285, 50.641855218894051 ], [ 3.055535621605869, 50.642025569873923 ], [ 3.055801376453343, 50.640236915747707 ], [ 3.052984798726466, 50.640066572236009 ] ] ] } },
{ "type": "Feature", "properties": { "idcar_200m": "CRS3035RES200mN3082000E3830600", "population": 197.5, "median_education": 28.007700073416437, "median_healthcare": 92.567020205579695, "median_services": 4.1802851361230156, "median_commerce": 300.72466052316025, "median_entertainment": 35.252756158174336, "PC1_pos": 3.5375912624268455, "nivvie": 32938.73113924051, "rel_education": 1.250127853541684, "rel_sante": 1.596437109046039, "rel_services": 1.5109203794130517, "rel_commerce": 2.2584364329034603, "rel_loisirs": 1.8405477878262528, "rel_pc1": 1.9076260777158414, "q_revenu": 5, "q_population": 3 }, "geometry": { "type": "Polygon", "coordinates": [ [ [ 3.055801376453343, 50.640236915747707 ], [ 3.055535621605869, 50.642025569873923 ], [ 3.058352324237614, 50.642195852004527 ], [ 3.058617972944678, 50.640407190413065 ], [ 3.055801376453343, 50.640236915747707 ] ] ] } },
{ "type": "Feature", "properties": { "idcar_200m": "CRS3035RES200mN3082000E3830800", "population": 455.0, "median_education": 30.409936798163592, "median_healthcare": 99.945634099849016, "median_services": 4.4937556502460652, "median_commerce": 342.04466264098573, "median_entertainment": 37.836890937820911, "PC1_pos": 3.9002400571757851, "nivvie": 26418.074285714287, "rel_education": 1.3573520466219851, "rel_sante": 1.7236907789597242, "rel_services": 1.6242210210465235, "rel_commerce": 2.5687488563282703, "rel_loisirs": 1.9754655664754699, "rel_pc1": 2.1031823889446044, "q_revenu": 4, "q_population": 5 }, "geometry": { "type": "Polygon", "coordinates": [ [ [ 3.058617972944678, 50.640407190413065 ], [ 3.058352324237614, 50.642195852004527 ], [ 3.061169045629202, 50.642366065285145 ], [ 3.061434588193142, 50.640577396231436 ], [ 3.058617972944678, 50.640407190413065 ] ] ] } },
{ "type": "Feature", "properties": { "idcar_200m": "CRS3035RES200mN3082000E3831000", "population": 122.5, "median_education": 31.636344207245791, "median_healthcare": 100.35969506389412, "median_services": 4.6389286400875465, "median_commerce": 345.12310979358244, "median_entertainment": 38.319607527238645, "PC1_pos": 3.9945011159648738, "nivvie": 29748.971428571429, "rel_education": 1.4120929235188622, "rel_sante": 1.730831791892202, "rel_services": 1.6766922811996643, "rel_commerce": 2.5918679354024552, "rel_loisirs": 2.000668218625941, "rel_pc1": 2.1540121317046017, "q_revenu": 5, "q_population": 2 }, "geometry": { "type": "Polygon", "coordinates": [ [ [ 3.061434588193142, 50.640577396231436 ], [ 3.061169045629202, 50.642366065285145 ], [ 3.063985785773285, 50.64253620971504 ], [ 3.064251222191402, 50.64074753320201 ], [ 3.061434588193142, 50.640577396231436 ] ] ] } },
{ "type": "Feature", "properties": { "idcar_200m": "CRS3035RES200mN3082000E3831200", "population": 456.5, "median_education": 31.872707748526377, "median_healthcare": 97.694121814666531, "median_services": 4.537622001118101, "median_commerce": 333.06703248762233, "median_entertainment": 36.379201688233735, "PC1_pos": 3.8667739825542577, "nivvie": 27908.881708652792, "rel_education": 1.4226430452975893, "rel_sante": 1.6848605589142298, "rel_services": 1.6400760551757294, "rel_commerce": 2.5013270260592924, "rel_loisirs": 1.8993595533277952, "rel_pc1": 2.0851359975073374, "q_revenu": 4, "q_population": 5 }, "geometry": { "type": "Polygon", "coordinates": [ [ [ 3.064251222191402, 50.64074753320201 ], [ 3.063985785773285, 50.64253620971504 ], [ 3.06680254466255, 50.642706285293471 ], [ 3.067067874932133, 50.640917601324077 ], [ 3.064251222191402, 50.64074753320201 ] ] ] } },
{ "type": "Feature", "properties": { "idcar_200m": "CRS3035RES200mN3082000E3831400", "population": 340.0, "median_education": 32.213240061795702, "median_healthcare": 92.946864507460418, "median_services": 4.2241336695540346, "median_commerce": 304.88823610459451, "median_entertainment": 32.078417188459859, "PC1_pos": 3.522069798358153, "nivvie": 22503.699117647058, "rel_education": 1.4378427556891265, "rel_sante": 1.6029880117091619, "rel_services": 1.5267689736143903, "rel_commerce": 2.2897048056664389, "rel_loisirs": 1.6748154251620675, "rel_pc1": 1.8992562160146749, "q_revenu": 2, "q_population": 4 }, "geometry": { "type": "Polygon", "coordinates": [ [ [ 3.067067874932133, 50.640917601324077 ], [ 3.06680254466255, 50.642706285293471 ], [ 3.069619322289655, 50.642876292019686 ], [ 3.069884546408002, 50.641087600596876 ], [ 3.067067874932133, 50.640917601324077 ] ] ] } },
{ "type": "Feature", "properties": { "idcar_200m": "CRS3035RES200mN3082000E3831600", "population": 65.0, "median_education": 31.571779775289187, "median_healthcare": 89.674987801159176, "median_services": 3.9535989147747728, "median_commerce": 277.82503776285284, "median_entertainment": 29.289187072249078, "PC1_pos": 3.3034950179229234, "nivvie": 28950.126153846155, "rel_education": 1.4092110805069236, "rel_sante": 1.5465602971887826, "rel_services": 1.4289870135267111, "rel_commerce": 2.0864607051674886, "rel_loisirs": 1.5291896109109533, "rel_pc1": 1.7813910020432855, "q_revenu": 4, "q_population": 2 }, "geometry": { "type": "Polygon", "coordinates": [ [ [ 3.069884546408002, 50.641087600596876 ], [ 3.069619322289655, 50.642876292019686 ], [ 3.072436118647271, 50.643046229892967 ], [ 3.072701236611682, 50.641257531019718 ], [ 3.069884546408002, 50.641087600596876 ] ] ] } },
{ "type": "Feature", "properties": { "idcar_200m": "CRS3035RES200mN3082000E3832400", "population": 305.0, "median_education": 27.89854682901942, "median_healthcare": 73.768577049177139, "median_services": 2.9281177889266203, "median_commerce": 169.52247280256609, "median_entertainment": 18.251292413697584, "PC1_pos": 2.2609395464024278, "nivvie": 28310.31606557377, "rel_education": 1.2452557822624477, "rel_sante": 1.2722338217356777, "rel_services": 1.0583375766358065, "rel_commerce": 1.2731105194604273, "rel_loisirs": 0.95290069594209104, "rel_pc1": 1.2191988612888787, "q_revenu": 4, "q_population": 4 }, "geometry": { "type": "Polygon", "coordinates": [ [ [ 3.081151419516254, 50.641766909180909 ], [ 3.080886620029871, 50.64355563038778 ], [ 3.083703491236215, 50.643725292841914 ], [ 3.083968184557855, 50.641936564196421 ], [ 3.081151419516254, 50.641766909180909 ] ] ] } },
{ "type": "Feature", "properties": { "idcar_200m": "CRS3035RES200mN3082000E3832600", "population": 511.5, "median_education": 31.007229848535019, "median_healthcare": 80.722750046481622, "median_services": 3.3344655980346616, "median_commerce": 176.89313053686038, "median_entertainment": 19.318417425232091, "PC1_pos": 2.3468513970457137, "nivvie": 27769.758944281522, "rel_education": 1.384012310657907, "rel_sante": 1.3921674634470222, "rel_services": 1.2052077459947794, "rel_commerce": 1.3284640176824658, "rel_loisirs": 1.0086153348344737, "rel_pc1": 1.2655263407839323, "q_revenu": 4, "q_population": 5 }, "geometry": { "type": "Polygon", "coordinates": [ [ [ 3.083968184557855, 50.641936564196421 ], [ 3.083703491236215, 50.643725292841914 ], [ 3.0865203811364, 50.643894886439448 ], [ 3.086784968290605, 50.642106150358245 ], [ 3.083968184557855, 50.641936564196421 ] ] ] } },
{ "type": "Feature", "properties": { "idcar_200m": "CRS3035RES200mN3082000E3832800", "population": 646.5, "median_education": 29.830681970100812, "median_healthcare": 76.79890478090816, "median_services": 3.3450900544131579, "median_commerce": 154.33649459994214, "median_entertainment": 17.610120053411521, "PC1_pos": 2.2439669668294249, "nivvie": 21659.523124516625, "rel_education": 1.3314969213185295, "rel_sante": 1.3244957140679869, "rel_services": 1.2090478447296096, "rel_commerce": 1.1590641144119715, "rel_loisirs": 0.91942506175210414, "rel_pc1": 1.2100464937603146, "q_revenu": 2, "q_population": 5 }, "geometry": { "type": "Polygon", "coordinates": [ [ [ 3.086784968290605, 50.642106150358245 ], [ 3.0865203811364, 50.643894886439448 ], [ 3.089337289723103, 50.644064411179592 ], [ 3.089601770707174, 50.642275667665679 ], [ 3.086784968290605, 50.642106150358245 ] ] ] } },
{ "type": "Feature", "properties": { "idcar_200m": "CRS3035RES200mN3082000E3833000", "population": 625.5, "median_education": 27.064885638373674, "median_healthcare": 70.227805172267608, "median_services": 2.9812330226094863, "median_commerce": 130.25252849775416, "median_entertainment": 15.610868228108098, "PC1_pos": 1.9644726553912832, "nivvie": 19552.020303756992, "rel_education": 1.2080451911710299, "rel_sante": 1.2111686647671243, "rel_services": 1.0775355228082437, "rel_commerce": 0.97819399089310466, "rel_loisirs": 0.81504404519103257, "rel_pc1": 1.0593307672897363, "q_revenu": 2, "q_population": 5 }, "geometry": { "type": "Polygon", "coordinates": [ [ [ 3.089601770707174, 50.642275667665679 ], [ 3.089337289723103, 50.644064411179592 ], [ 3.092154216988987, 50.644233867061644 ], [ 3.092418591800224, 50.642445116117955 ], [ 3.089601770707174, 50.642275667665679 ] ] ] } },
{ "type": "Feature", "properties": { "idcar_200m": "CRS3035RES200mN3082000E3833200", "population": 22.0, "median_education": 24.365830848650983, "median_healthcare": 63.764214901162362, "median_services": 2.7273512222453187, "median_commerce": 115.47216350933527, "median_entertainment": 14.096661634555282, "PC1_pos": 1.7515321451336336, "nivvie": 29640.995454545457, "rel_education": 1.0875724796658812, "rel_sante": 1.0996957520219068, "rel_services": 0.98577259907427561, "rel_commerce": 0.86719373330403626, "rel_loisirs": 0.73598725928836994, "rel_pc1": 0.94450380164109815, "q_revenu": 5, "q_population": 1 }, "geometry": { "type": "Polygon", "coordinates": [ [ [ 3.092418591800224, 50.642445116117955 ], [ 3.092154216988987, 50.644233867061644 ], [ 3.094971162926714, 50.644403254084828 ], [ 3.095235431562429, 50.642614495714326 ], [ 3.092418591800224, 50.642445116117955 ] ] ] } },
{ "type": "Feature", "properties": { "idcar_200m": "CRS3035RES200mN3082200E3825200", "population": 6.0, "median_education": 3.4000472519587257, "median_healthcare": 10.518165479832387, "median_services": 0.65092128274637273, "median_commerce": 13.066662870584494, "median_entertainment": 6.5470703645453954, "PC1_pos": 0.12866312889186826, "nivvie": 29098.85, "rel_education": 0.15176161419501299, "rel_sante": 0.18139926783642224, "rel_services": 0.23526869566780625, "rel_commerce": 0.098130387551380108, "rel_loisirs": 0.34182280165951429, "rel_pc1": 0.069380864466028147, "q_revenu": 5, "q_population": 1 }, "geometry": { "type": "Polygon", "coordinates": [ [ [ 2.979491768541068, 50.637401929760763 ], [ 2.979223123441862, 50.639190379506459 ], [ 2.982039422865377, 50.639362527851944 ], [ 2.982307961887793, 50.637574070560603 ], [ 2.979491768541068, 50.637401929760763 ] ] ] } },
{ "type": "Feature", "properties": { "idcar_200m": "CRS3035RES200mN3082200E3825400", "population": 135.5, "median_education": 5.9091804888018586, "median_healthcare": 19.326616628604828, "median_services": 0.93019425594770677, "median_commerce": 18.838209341002255, "median_entertainment": 8.2358452979809584, "PC1_pos": 0.30698178209729887, "nivvie": 30036.239852398525, "rel_education": 0.26375714897303798, "rel_sante": 0.33331231695358404, "rel_services": 0.33620899349172806, "rel_commerce": 0.14147459085120553, "rel_loisirs": 0.42999380746470189, "rel_pc1": 0.16553818953938554, "q_revenu": 5, "q_population": 2 }, "geometry": { "type": "Polygon", "coordinates": [ [ [ 2.982307961887793, 50.637574070560603 ], [ 2.982039422865377, 50.639362527851944 ], [ 2.984855741249235, 50.639534607364581 ], [ 2.985124174192126, 50.637746142530567 ], [ 2.982307961887793, 50.637574070560603 ] ] ] } },
{ "type": "Feature", "properties": { "idcar_200m": "CRS3035RES200mN3082200E3825600", "population": 103.5, "median_education": 6.4552471385625605, "median_healthcare": 20.471835850760229, "median_services": 0.91351692437250154, "median_commerce": 19.571792423912981, "median_entertainment": 7.7711971047632584, "PC1_pos": 0.31840635944817386, "nivvie": 25679.351690821255, "rel_education": 0.28813091500761456, "rel_sante": 0.35306309277181136, "rel_services": 0.3301811462682307, "rel_commerce": 0.14698378573440876, "rel_loisirs": 0.40573450699165226, "rel_pc1": 0.17169882825219715, "q_revenu": 4, "q_population": 2 }, "geometry": { "type": "Polygon", "coordinates": [ [ [ 2.985124174192126, 50.637746142530567 ], [ 2.984855741249235, 50.639534607364581 ], [ 2.987672078586117, 50.63970661804359 ], [ 2.987940405446752, 50.637918145669822 ], [ 2.985124174192126, 50.637746142530567 ] ] ] } },
{ "type": "Feature", "properties": { "idcar_200m": "CRS3035RES200mN3082200E3825800", "population": 144.5, "median_education": 7.3536222581572908, "median_healthcare": 22.487283704034258, "median_services": 0.96477193491323221, "median_commerce": 21.170822380214467, "median_entertainment": 7.5947477987830858, "PC1_pos": 0.35300138444087281, "nivvie": 20676.345328719723, "rel_education": 0.3282300219314348, "rel_sante": 0.38782207860897122, "rel_services": 0.3487067342248561, "rel_commerce": 0.15899247003829273, "rel_loisirs": 0.39652208177507869, "rel_pc1": 0.19035399979115855, "q_revenu": 2, "q_population": 2 }, "geometry": { "type": "Polygon", "coordinates": [ [ [ 2.987940405446752, 50.637918145669822 ], [ 2.987672078586117, 50.63970661804359 ], [ 2.990488434868702, 50.639878559888203 ], [ 2.990756655644342, 50.638090079977658 ], [ 2.987940405446752, 50.637918145669822 ] ] ] } },
{ "type": "Feature", "properties": { "idcar_200m": "CRS3035RES200mN3082200E3826000", "population": 113.5, "median_education": 8.0535294100311745, "median_healthcare": 23.971541305961743, "median_services": 0.99498022245472395, "median_commerce": 22.763221235416744, "median_entertainment": 7.3236624121774447, "PC1_pos": 0.38171146978495951, "nivvie": 19664.39207048458, "rel_education": 0.35947048163205314, "rel_sante": 0.41342000657336186, "rel_services": 0.35962520408692394, "rel_commerce": 0.17095135490010008, "rel_loisirs": 0.38236870306079218, "rel_pc1": 0.20583575091303782, "q_revenu": 2, "q_population": 2 }, "geometry": { "type": "Polygon", "coordinates": [ [ [ 2.990756655644342, 50.638090079977658 ], [ 2.990488434868702, 50.639878559888203 ], [ 2.993304810089667, 50.640050432897731 ], [ 2.993572924777581, 50.63826194545333 ], [ 2.990756655644342, 50.638090079977658 ] ] ] } },
{ "type": "Feature", "properties": { "idcar_200m": "CRS3035RES200mN3082200E3826200", "population": 51.0, "median_education": 8.0452303855901359, "median_healthcare": 24.249126980608668, "median_services": 0.98946595907349655, "median_commerce": 24.294284008438353, "median_entertainment": 6.9436962880459516, "PC1_pos": 0.38721798511571293, "nivvie": 26311.031372549023, "rel_education": 0.35910005344324181, "rel_sante": 0.41820732792130799, "rel_services": 0.35763213121059029, "rel_commerce": 0.18244960696110094, "rel_loisirs": 0.36253065675084506, "rel_pc1": 0.20880510815728914, "q_revenu": 4, "q_population": 1 }, "geometry": { "type": "Polygon", "coordinates": [ [ [ 2.993572924777581, 50.63826194545333 ], [ 2.993304810089667, 50.640050432897731 ], [ 2.996121204241688, 50.640222237071391 ], [ 2.996389212839149, 50.638433742096097 ], [ 2.993572924777581, 50.63826194545333 ] ] ] } },
{ "type": "Feature", "properties": { "idcar_200m": "CRS3035RES200mN3082200E3827000", "population": 1.0, "median_education": 14.397432064833188, "median_healthcare": 33.179231511239209, "median_services": 1.9455978624443862, "median_commerce": 53.616202936125944, "median_entertainment": 9.6590083844022949, "PC1_pos": 0.68670290227430453, "nivvie": 26229.2, "rel_education": 0.64263151906591442, "rel_sante": 0.57221844579781733, "rel_services": 0.70321601632085129, "rel_commerce": 0.40265665574029863, "rel_loisirs": 0.50429720827330482, "rel_pc1": 0.37030065568483844, "q_revenu": 4, "q_population": 1 }, "geometry": { "type": "Polygon", "coordinates": [ [ [ 3.004838190520593, 50.638948719019474 ], [ 3.004570500210879, 50.640737236569734 ], [ 3.007386970013909, 50.640908765392489 ], [ 3.00765455422225, 50.639120240323159 ], [ 3.004838190520593, 50.638948719019474 ] ] ] } },
{ "type": "Feature", "properties": { "idcar_200m": "CRS3035RES200mN3082200E3827200", "population": 180.5, "median_education": 14.824588917041833, "median_healthcare": 34.80446796189095, "median_services": 2.0354534637194033, "median_commerce": 56.30077145254122, "median_entertainment": 10.105862984881867, "PC1_pos": 0.93257481987134416, "nivvie": 19886.153462603877, "rel_education": 0.66169772862176668, "rel_sante": 0.60024773500937945, "rel_services": 0.73569338443090104, "rel_commerce": 0.42281771381099487, "rel_loisirs": 0.52762750456850527, "rel_pc1": 0.50288569646322101, "q_revenu": 2, "q_population": 3 }, "geometry": { "type": "Polygon", "coordinates": [ [ [ 3.00765455422225, 50.639120240323159 ], [ 3.007386970013909, 50.640908765392489 ], [ 3.010203458711378, 50.641080225375667 ], [ 3.010470936815622, 50.639291692790188 ], [ 3.00765455422225, 50.639120240323159 ] ] ] } },
{ "type": "Feature", "properties": { "idcar_200m": "CRS3035RES200mN3082200E3827400", "population": 246.0, "median_education": 17.505512053369706, "median_healthcare": 43.787667980259769, "median_services": 2.8086185262595809, "median_commerce": 76.08877884587848, "median_entertainment": 12.802239350606532, "PC1_pos": 1.2624994439368504, "nivvie": 20669.897154471546, "rel_education": 0.78136113108403749, "rel_sante": 0.7551745527405459, "rel_services": 1.0151458168851986, "rel_commerce": 0.57142526981897346, "rel_loisirs": 0.66840542084869836, "rel_pc1": 0.68079568375672062, "q_revenu": 2, "q_population": 3 }, "geometry": { "type": "Polygon", "coordinates": [ [ [ 3.010470936815622, 50.639291692790188 ], [ 3.010203458711378, 50.641080225375667 ], [ 3.013019966295964, 50.641251616518502 ], [ 3.013287338293387, 50.639463076419837 ], [ 3.010470936815622, 50.639291692790188 ] ] ] } },
{ "type": "Feature", "properties": { "idcar_200m": "CRS3035RES200mN3082200E3827600", "population": 356.0, "median_education": 18.928688473678111, "median_healthcare": 47.68373005105552, "median_services": 3.1932888868374483, "median_commerce": 87.041333771060238, "median_entertainment": 14.022978113352554, "PC1_pos": 1.4614571761398953, "nivvie": 23812.237359550563, "rel_education": 0.84488482202858484, "rel_sante": 0.82236714525515486, "rel_services": 1.1541808989973972, "rel_commerce": 0.65367874724704667, "rel_loisirs": 0.73214023974355957, "rel_pc1": 0.78808251543364094, "q_revenu": 3, "q_population": 4 }, "geometry": { "type": "Polygon", "coordinates": [ [ [ 3.013287338293387, 50.639463076419837 ], [ 3.013019966295964, 50.641251616518502 ], [ 3.015836492760342, 50.641422938820256 ], [ 3.016103758648217, 50.639634391211388 ], [ 3.013287338293387, 50.639463076419837 ] ] ] } },
{ "type": "Feature", "properties": { "idcar_200m": "CRS3035RES200mN3082200E3827800", "population": 253.0, "median_education": 20.583721703805097, "median_healthcare": 55.846592199835285, "median_services": 3.2912256258499877, "median_commerce": 107.26900230584391, "median_entertainment": 16.456768505037576, "PC1_pos": 1.6845790215143279, "nivvie": 21919.188142292489, "rel_education": 0.91875747612354242, "rel_sante": 0.96314618320407008, "rel_services": 1.1895791098966042, "rel_commerce": 0.80558814999498707, "rel_loisirs": 0.85920853197437741, "rel_pc1": 0.90839970845281359, "q_revenu": 2, "q_population": 3 }, "geometry": { "type": "Polygon", "coordinates": [ [ [ 3.016103758648217, 50.639634391211388 ], [ 3.015836492760342, 50.641422938820256 ], [ 3.01865303809719, 50.641594192280195 ], [ 3.018920197872797, 50.639805637164038 ], [ 3.016103758648217, 50.639634391211388 ] ] ] } },
{ "type": "Feature", "properties": { "idcar_200m": "CRS3035RES200mN3082200E3828000", "population": 467.5, "median_education": 21.055675575023187, "median_healthcare": 55.349103185771312, "median_services": 3.2593672562471108, "median_commerce": 109.15524162076032, "median_entertainment": 16.598663110510842, "PC1_pos": 1.7204703747366317, "nivvie": 26631.896898395724, "rel_education": 0.93982320727783175, "rel_sante": 0.9545663464368217, "rel_services": 1.1780642351164348, "rel_commerce": 0.81975377107365477, "rel_loisirs": 0.86661685491617779, "rel_pc1": 0.92775391765684911, "q_revenu": 4, "q_population": 5 }, "geometry": { "type": "Polygon", "coordinates": [ [ [ 3.018920197872797, 50.639805637164038 ], [ 3.01865303809719, 50.641594192280195 ], [ 3.021469602299179, 50.641765376897588 ], [ 3.021736655959794, 50.639976814277098 ], [ 3.018920197872797, 50.639805637164038 ] ] ] } },
{ "type": "Feature", "properties": { "idcar_200m": "CRS3035RES200mN3082200E3830400", "population": 177.5, "median_education": 24.093631235367422, "median_healthcare": 78.63119015754009, "median_services": 3.5847074702429107, "median_commerce": 238.92931695859409, "median_entertainment": 29.697448182033863, "PC1_pos": 2.8843266730093973, "nivvie": 35275.276619718308, "rel_education": 1.0754228094895701, "rel_sante": 1.3560958278355173, "rel_services": 1.2956550557332207, "rel_commerce": 1.7943545879120537, "rel_loisirs": 1.5505049395365604, "rel_pc1": 1.5553568430937066, "q_revenu": 5, "q_population": 2 }, "geometry": { "type": "Polygon", "coordinates": [ [ [ 3.052718937741285, 50.641855218894051 ], [ 3.052453051524942, 50.643643863867325 ], [ 3.055269841537102, 50.643814222316067 ], [ 3.055535621605869, 50.642025569873923 ], [ 3.052718937741285, 50.641855218894051 ] ] ] } },
{ "type": "Feature", "properties": { "idcar_200m": "CRS3035RES200mN3082200E3830600", "population": 368.0, "median_education": 27.216268985264211, "median_healthcare": 88.113758324994166, "median_services": 4.1138711605559619, "median_commerce": 280.21160750458057, "median_entertainment": 34.809302019025935, "PC1_pos": 3.3966461290111636, "nivvie": 35557.707608695651, "rel_education": 1.2148022093486792, "rel_sante": 1.5196348904299715, "rel_services": 1.4869157419554337, "rel_commerce": 2.1043837981556268, "rel_loisirs": 1.8173950297511166, "rel_pc1": 1.8316222117840706, "q_revenu": 5, "q_population": 4 }, "geometry": { "type": "Polygon", "coordinates": [ [ [ 3.055535621605869, 50.642025569873923 ], [ 3.055269841537102, 50.643814222316067 ], [ 3.058086650319134, 50.643984511912635 ], [ 3.058352324237614, 50.642195852004527 ], [ 3.055535621605869, 50.642025569873923 ] ] ] } },
{ "type": "Feature", "properties": { "idcar_200m": "CRS3035RES200mN3082200E3830800", "population": 391.5, "median_education": 28.517771212224151, "median_healthcare": 88.761152964503651, "median_services": 4.2866736591377128, "median_commerce": 289.39327029505995, "median_entertainment": 36.593023101887191, "PC1_pos": 3.4704077185936617, "nivvie": 33365.421966794376, "rel_education": 1.2728949545974568, "rel_sante": 1.5308000421699226, "rel_services": 1.5493733993205987, "rel_commerce": 2.1733379096161856, "rel_loisirs": 1.9105231777582923, "rel_pc1": 1.8713977317306056, "q_revenu": 5, "q_population": 4 }, "geometry": { "type": "Polygon", "coordinates": [ [ [ 3.058352324237614, 50.642195852004527 ], [ 3.058086650319134, 50.643984511912635 ], [ 3.06090347786371, 50.64415473265624 ], [ 3.061169045629202, 50.642366065285145 ], [ 3.058352324237614, 50.642195852004527 ] ] ] } },
{ "type": "Feature", "properties": { "idcar_200m": "CRS3035RES200mN3082200E3831000", "population": 401.5, "median_education": 28.719695145176665, "median_healthcare": 88.657648972724687, "median_services": 4.2521810145430194, "median_commerce": 294.08253505245602, "median_entertainment": 36.395395734641014, "PC1_pos": 3.4496819795759408, "nivvie": 29151.940224159403, "rel_education": 1.2819078593421851, "rel_sante": 1.529014982944257, "rel_services": 1.5369063933722178, "rel_commerce": 2.2085541980083967, "rel_loisirs": 1.9002050451286954, "rel_pc1": 1.8602214942013964, "q_revenu": 5, "q_population": 4 }, "geometry": { "type": "Polygon", "coordinates": [ [ [ 3.061169045629202, 50.642366065285145 ], [ 3.06090347786371, 50.64415473265624 ], [ 3.063720324163497, 50.644324884546172 ], [ 3.063985785773285, 50.64253620971504 ], [ 3.061169045629202, 50.642366065285145 ] ] ] } },
{ "type": "Feature", "properties": { "idcar_200m": "CRS3035RES200mN3082200E3831200", "population": 396.5, "median_education": 27.842302334550812, "median_healthcare": 80.867111956691289, "median_services": 3.8601095421400311, "median_commerce": 259.75357500290579, "median_entertainment": 31.820005425577843, "PC1_pos": 2.93740536509226, "nivvie": 25131.308953341741, "rel_education": 1.2427453008962781, "rel_sante": 1.3946571699329786, "rel_services": 1.3951962567307816, "rel_commerce": 1.9507443664345054, "rel_loisirs": 1.661323736841678, "rel_pc1": 1.583979227557325, "q_revenu": 3, "q_population": 4 }, "geometry": { "type": "Polygon", "coordinates": [ [ [ 3.063985785773285, 50.64253620971504 ], [ 3.063720324163497, 50.644324884546172 ], [ 3.066537189211163, 50.644494967581664 ], [ 3.06680254466255, 50.642706285293471 ], [ 3.063985785773285, 50.64253620971504 ] ] ] } },
{ "type": "Feature", "properties": { "idcar_200m": "CRS3035RES200mN3082200E3831400", "population": 204.0, "median_education": 27.761850280181385, "median_healthcare": 79.247076528448488, "median_services": 3.6697095780171702, "median_commerce": 259.81661725250848, "median_entertainment": 29.091733481381986, "PC1_pos": 3.0184022426431523, "nivvie": 18902.163235294116, "rel_education": 1.2391543114977115, "rel_sante": 1.366717579030384, "rel_services": 1.326378179335336, "rel_commerce": 1.9512178125199287, "rel_loisirs": 1.5188805511529546, "rel_pc1": 1.627656335614077, "q_revenu": 1, "q_population": 3 }, "geometry": { "type": "Polygon", "coordinates": [ [ [ 3.06680254466255, 50.642706285293471 ], [ 3.066537189211163, 50.644494967581664 ], [ 3.06935407299938, 50.644664981762013 ], [ 3.069619322289655, 50.642876292019686 ], [ 3.06680254466255, 50.642706285293471 ] ] ] } },
{ "type": "Feature", "properties": { "idcar_200m": "CRS3035RES200mN3082200E3832000", "population": 197.5, "median_education": 28.269291780317403, "median_healthcare": 76.823344480810775, "median_services": 3.071018285544711, "median_commerce": 201.45447808450871, "median_entertainment": 22.997871691809916, "PC1_pos": 2.410827079119001, "nivvie": 33592.859240506332, "rel_education": 1.2618040382407198, "rel_sante": 1.3249172080706224, "rel_services": 1.1099874678603954, "rel_commerce": 1.5129192667009979, "rel_loisirs": 1.2007197870472792, "rel_pc1": 1.3000248654605615, "q_revenu": 5, "q_population": 3 }, "geometry": { "type": "Polygon", "coordinates": [ [ [ 3.075252933728071, 50.643216098912568 ], [ 3.074987896768122, 50.645004803554315 ], [ 3.077804836733986, 50.645174611164769 ], [ 3.078069767524715, 50.643385899077764 ], [ 3.075252933728071, 50.643216098912568 ] ] ] } },
{ "type": "Feature", "properties": { "idcar_200m": "CRS3035RES200mN3082200E3832200", "population": 14.5, "median_education": 23.609283239729898, "median_healthcare": 62.695843625123814, "median_services": 2.4118404104824807, "median_commerce": 137.44600037501323, "median_entertainment": 15.077770699879967, "PC1_pos": 1.8129550058373582, "nivvie": 36271.862068965514, "rel_education": 1.0538038647505745, "rel_sante": 1.0812703176985494, "rel_services": 0.87173451317955342, "rel_commerce": 1.0322168267270722, "rel_loisirs": 0.78721100224047702, "rel_pc1": 0.97762573183434232, "q_revenu": 5, "q_population": 1 }, "geometry": { "type": "Polygon", "coordinates": [ [ [ 3.078069767524715, 50.643385899077764 ], [ 3.077804836733986, 50.645174611164769 ], [ 3.080621795411058, 50.645344349917124 ], [ 3.080886620029871, 50.64355563038778 ], [ 3.078069767524715, 50.643385899077764 ] ] ] } },
{ "type": "Feature", "properties": { "idcar_200m": "CRS3035RES200mN3082200E3832400", "population": 101.0, "median_education": 26.668074811772843, "median_healthcare": 70.990664549288653, "median_services": 2.7169808566403026, "median_commerce": 151.58597589306612, "median_entertainment": 16.93625626052097, "PC1_pos": 2.0574729769670461, "nivvie": 28727.870297029702, "rel_education": 1.190333480976324, "rel_sante": 1.2243251541491464, "rel_services": 0.9820243387943286, "rel_commerce": 1.1384077716757797, "rel_loisirs": 0.8842426065779343, "rel_pc1": 1.109480664638866, "q_revenu": 4, "q_population": 2 }, "geometry": { "type": "Polygon", "coordinates": [ [ [ 3.080886620029871, 50.64355563038778 ], [ 3.080621795411058, 50.645344349917124 ], [ 3.083438772792017, 50.645514019810619 ], [ 3.083703491236215, 50.643725292841914 ], [ 3.080886620029871, 50.64355563038778 ] ] ] } },
{ "type": "Feature", "properties": { "idcar_200m": "CRS3035RES200mN3082200E3832600", "population": 400.5, "median_education": 28.727652206404279, "median_healthcare": 76.063291409789471, "median_services": 2.8833203076418008, "median_commerce": 144.88949762417369, "median_entertainment": 16.866519063251793, "PC1_pos": 2.0832637086641959, "nivvie": 29365.030711610489, "rel_education": 1.2822630239521637, "rel_sante": 1.3118091170385457, "rel_services": 1.0421459951490033, "rel_commerce": 1.0881173483087601, "rel_loisirs": 0.88060162476116288, "rel_pc1": 1.1233881708200928, "q_revenu": 5, "q_population": 4 }, "geometry": { "type": "Polygon", "coordinates": [ [ [ 3.083703491236215, 50.643725292841914 ], [ 3.083438772792017, 50.645514019810619 ], [ 3.086255768869522, 50.645683620844558 ], [ 3.0865203811364, 50.643894886439448 ], [ 3.083703491236215, 50.643725292841914 ] ] ] } },
{ "type": "Feature", "properties": { "idcar_200m": "CRS3035RES200mN3082200E3832800", "population": 347.5, "median_education": 28.01848106754268, "median_healthcare": 72.461201315988205, "median_services": 2.9008162354339593, "median_commerce": 136.10480093333993, "median_entertainment": 15.790283245716516, "PC1_pos": 1.9999762775150409, "nivvie": 29109.649208633091, "rel_education": 1.2506090648161106, "rel_sante": 1.2496864486940282, "rel_services": 1.0484697154209721, "rel_commerce": 1.0221444446430912, "rel_loisirs": 0.82441131032855319, "rel_pc1": 1.0784758946920996, "q_revenu": 5, "q_population": 4 }, "geometry": { "type": "Polygon", "coordinates": [ [ [ 3.0865203811364, 50.643894886439448 ], [ 3.086255768869522, 50.645683620844558 ], [ 3.089072783636235, 50.645853153018152 ], [ 3.089337289723103, 50.644064411179592 ], [ 3.0865203811364, 50.643894886439448 ] ] ] } },
{ "type": "Feature", "properties": { "idcar_200m": "CRS3035RES200mN3082200E3833000", "population": 138.0, "median_education": 25.85595169062362, "median_healthcare": 67.002409381506766, "median_services": 2.6435856062065923, "median_commerce": 117.1669637039832, "median_entertainment": 14.230089969146743, "PC1_pos": 1.7655949962505502, "nivvie": 30346.307971014492, "rel_education": 1.1540842448165336, "rel_sante": 1.1555425733114859, "rel_services": 0.95549639248890839, "rel_commerce": 0.87992165026111591, "rel_loisirs": 0.74295355789389639, "rel_pc1": 0.95208711455873063, "q_revenu": 5, "q_population": 2 }, "geometry": { "type": "Polygon", "coordinates": [ [ [ 3.089337289723103, 50.644064411179592 ], [ 3.089072783636235, 50.645853153018152 ], [ 3.091889817084825, 50.646022616330711 ], [ 3.092154216988987, 50.644233867061644 ], [ 3.089337289723103, 50.644064411179592 ] ] ] } },
{ "type": "Feature", "properties": { "idcar_200m": "CRS3035RES200mN3082200E3833200", "population": 183.0, "median_education": 23.863400054082735, "median_healthcare": 61.287818456826479, "median_services": 2.4467607912869447, "median_commerce": 102.76638487427054, "median_entertainment": 13.221620478151618, "PC1_pos": 1.5947768908003139, "nivvie": 23589.942622950821, "rel_education": 1.0651464065102705, "rel_sante": 1.056987115925947, "rel_services": 0.88435611991120877, "rel_commerce": 0.77177357943997815, "rel_loisirs": 0.69030132603965177, "rel_pc1": 0.85997441743516811, "q_revenu": 3, "q_population": 3 }, "geometry": { "type": "Polygon", "coordinates": [ [ [ 3.092154216988987, 50.644233867061644 ], [ 3.091889817084825, 50.646022616330711 ], [ 3.094706869207961, 50.646192010781455 ], [ 3.094971162926714, 50.644403254084828 ], [ 3.092154216988987, 50.644233867061644 ] ] ] } },
{ "type": "Feature", "properties": { "idcar_200m": "CRS3035RES200mN3082200E3833400", "population": 24.0, "median_education": 22.264662266784761, "median_healthcare": 51.342810786296099, "median_services": 2.5360760745837636, "median_commerce": 79.645764476780201, "median_entertainment": 12.739170996660107, "PC1_pos": 1.396852931738954, "nivvie": 29640.995833333334, "rel_education": 0.99378650786911782, "rel_sante": 0.8854726903808412, "rel_services": 0.91663819573423999, "rel_commerce": 0.59813816368729622, "rel_loisirs": 0.66511261960453172, "rel_pc1": 0.75324504207731602, "q_revenu": 5, "q_population": 1 }, "geometry": { "type": "Polygon", "coordinates": [ [ [ 3.094971162926714, 50.644403254084828 ], [ 3.094706869207961, 50.646192010781455 ], [ 3.097523939998295, 50.646361336369701 ], [ 3.097788127528951, 50.644572572248492 ], [ 3.094971162926714, 50.644403254084828 ] ] ] } },
{ "type": "Feature", "properties": { "idcar_200m": "CRS3035RES200mN3082400E3825200", "population": 169.5, "median_education": 5.0535692847365619, "median_healthcare": 18.762324170875484, "median_services": 0.91335514887471225, "median_commerce": 19.674354355202912, "median_entertainment": 9.323820194003007, "PC1_pos": 0.26850550416931052, "nivvie": 28195.811799410028, "rel_education": 0.22556681577179094, "rel_sante": 0.32358036903224846, "rel_services": 0.3301226742050723, "rel_commerce": 0.14775402387135159, "rel_loisirs": 0.48679701964757544, "rel_pc1": 0.14479007430955523, "q_revenu": 4, "q_population": 2 }, "geometry": { "type": "Polygon", "coordinates": [ [ [ 2.979223123441862, 50.639190379506459 ], [ 2.978954452851549, 50.640978827548658 ], [ 2.981770858361713, 50.641150983440546 ], [ 2.982039422865377, 50.639362527851944 ], [ 2.979223123441862, 50.639190379506459 ] ] ] } },
{ "type": "Feature", "properties": { "idcar_200m": "CRS3035RES200mN3082400E3825400", "population": 143.0, "median_education": 6.4571571127530731, "median_healthcare": 22.832006699126541, "median_services": 1.0018226077261305, "median_commerce": 21.46840571895947, "median_entertainment": 8.7764884317139025, "PC1_pos": 0.37443980768962604, "nivvie": 29726.083916083917, "rel_education": 0.28821616698934982, "rel_sante": 0.39376726924473554, "rel_services": 0.36209831274188814, "rel_commerce": 0.16122731520488992, "rel_loisirs": 0.45822080677592841, "rel_pc1": 0.20191454826062066, "q_revenu": 5, "q_population": 2 }, "geometry": { "type": "Polygon", "coordinates": [ [ [ 2.982039422865377, 50.639362527851944 ], [ 2.981770858361713, 50.641150983440546 ], [ 2.984587282834956, 50.641323070496597 ], [ 2.984855741249235, 50.639534607364581 ], [ 2.982039422865377, 50.639362527851944 ] ] ] } },
{ "type": "Feature", "properties": { "idcar_200m": "CRS3035RES200mN3082400E3825600", "population": 124.5, "median_education": 7.2415961054073463, "median_healthcare": 24.759260085921397, "median_services": 1.0288803582928674, "median_commerce": 22.774462382160348, "median_entertainment": 8.5483803148373951, "PC1_pos": 0.39436317755740058, "nivvie": 24227.120481927712, "rel_education": 0.32322971796107247, "rel_sante": 0.42700522827572646, "rel_services": 0.37187805393683293, "rel_commerce": 0.1710357756965496, "rel_loisirs": 0.44631127300732076, "rel_pc1": 0.2126581127643592, "q_revenu": 3, "q_population": 2 }, "geometry": { "type": "Polygon", "coordinates": [ [ [ 2.984855741249235, 50.639534607364581 ], [ 2.984587282834956, 50.641323070496597 ], [ 2.98740372626396, 50.641495088716063 ], [ 2.987672078586117, 50.63970661804359 ], [ 2.984855741249235, 50.639534607364581 ] ] ] } },
{ "type": "Feature", "properties": { "idcar_200m": "CRS3035RES200mN3082400E3825800", "population": 98.0, "median_education": 8.9114354870118593, "median_healthcare": 28.106623027864298, "median_services": 1.1022520028137623, "median_commerce": 25.260762068339627, "median_entertainment": 8.3431689798201472, "PC1_pos": 0.46089663884961984, "nivvie": 22392.731632653064, "rel_education": 0.39776324682679998, "rel_sante": 0.4847347998455484, "rel_services": 0.39839746813174248, "rel_commerce": 0.18970783865478935, "rel_loisirs": 0.43559718112162049, "rel_pc1": 0.24853590541660167, "q_revenu": 2, "q_population": 2 }, "geometry": { "type": "Polygon", "coordinates": [ [ [ 2.987672078586117, 50.63970661804359 ], [ 2.98740372626396, 50.641495088716063 ], [ 2.990220188641394, 50.641667038098227 ], [ 2.990488434868702, 50.639878559888203 ], [ 2.987672078586117, 50.63970661804359 ] ] ] } },
{ "type": "Feature", "properties": { "idcar_200m": "CRS3035RES200mN3082400E3826000", "population": 35.5, "median_education": 9.2260390648978792, "median_healthcare": 27.817224160663173, "median_services": 1.0793497005932444, "median_commerce": 26.023234471880983, "median_entertainment": 7.9211713555314613, "PC1_pos": 0.46655828223999229, "nivvie": 27682.839436619721, "rel_education": 0.41180562426258527, "rel_sante": 0.47974374482519988, "rel_services": 0.39011967031803879, "rel_commerce": 0.19543399178185769, "rel_loisirs": 0.41356466853260482, "rel_pc1": 0.25158891458951355, "q_revenu": 4, "q_population": 1 }, "geometry": { "type": "Polygon", "coordinates": [ [ [ 2.990488434868702, 50.639878559888203 ], [ 2.990220188641394, 50.641667038098227 ], [ 2.993036669959948, 50.641838918642335 ], [ 2.993304810089667, 50.640050432897731 ], [ 2.990488434868702, 50.639878559888203 ] ] ] } },
{ "type": "Feature", "properties": { "idcar_200m": "CRS3035RES200mN3082400E3826200", "population": 132.5, "median_education": 9.7871305587458544, "median_healthcare": 29.868979765378011, "median_services": 1.0698607900648298, "median_commerce": 29.154724934049479, "median_entertainment": 7.8558557362930745, "PC1_pos": 0.4940320069940265, "nivvie": 22870.739622641511, "rel_education": 0.43685002644505633, "rel_sante": 0.51512890445100934, "rel_services": 0.3866900027645222, "rel_commerce": 0.21895142509360421, "rel_loisirs": 0.41015453747901232, "rel_pc1": 0.2664039652567376, "q_revenu": 3, "q_population": 2 }, "geometry": { "type": "Polygon", "coordinates": [ [ [ 2.993304810089667, 50.640050432897731 ], [ 2.993036669959948, 50.641838918642335 ], [ 2.995853170212287, 50.642010730347593 ], [ 2.996121204241688, 50.640222237071391 ], [ 2.993304810089667, 50.640050432897731 ] ] ] } },
{ "type": "Feature", "properties": { "idcar_200m": "CRS3035RES200mN3082400E3826400", "population": 6.0, "median_education": 6.6019678694110588, "median_healthcare": 20.032905347061707, "median_services": 0.72948432696166654, "median_commerce": 20.080814809050828, "median_entertainment": 5.1783140146382483, "PC1_pos": 0.27287426237185963, "nivvie": 29148.266666666666, "rel_education": 0.29467981662555903, "rel_sante": 0.3454931726983298, "rel_services": 0.26366448703329814, "rel_commerce": 0.15080653408420761, "rel_loisirs": 0.27035997870771011, "rel_pc1": 0.14714590245819795, "q_revenu": 5, "q_population": 1 }, "geometry": { "type": "Polygon", "coordinates": [ [ [ 2.996121204241688, 50.640222237071391 ], [ 2.995853170212287, 50.642010730347593 ], [ 2.998669689391094, 50.642182473213317 ], [ 2.998937617317448, 50.640393972408447 ], [ 2.996121204241688, 50.640222237071391 ] ] ] } },
{ "type": "Feature", "properties": { "idcar_200m": "CRS3035RES200mN3082400E3827400", "population": 229.0, "median_education": 15.397279211542218, "median_healthcare": 41.34586144627653, "median_services": 2.4704337624349928, "median_commerce": 71.761071891435293, "median_entertainment": 11.973364223441726, "PC1_pos": 1.1499209595859776, "nivvie": 17563.158078602621, "rel_education": 0.68725984499445136, "rel_sante": 0.71306246405815621, "rel_services": 0.89291246795545143, "rel_commerce": 0.53892427359258843, "rel_loisirs": 0.6251298178052852, "rel_pc1": 0.62008837287589191, "q_revenu": 1, "q_population": 3 }, "geometry": { "type": "Polygon", "coordinates": [ [ [ 3.010203458711378, 50.641080225375667 ], [ 3.009935955224508, 50.642868756265713 ], [ 3.012752568925781, 50.643040154922446 ], [ 3.013019966295964, 50.641251616518502 ], [ 3.010203458711378, 50.641080225375667 ] ] ] } },
{ "type": "Feature", "properties": { "idcar_200m": "CRS3035RES200mN3082400E3827600", "population": 408.5, "median_education": 17.042009790378174, "median_healthcare": 50.143793653203403, "median_services": 2.8065908947768756, "median_commerce": 85.618203951698845, "median_entertainment": 14.245747139025177, "PC1_pos": 1.4064513359485629, "nivvie": 21001.080783353733, "rel_education": 0.76067263871849367, "rel_sante": 0.86479410051805772, "rel_services": 1.0144129506740673, "rel_commerce": 0.64299106959797814, "rel_loisirs": 0.74377101935007506, "rel_pc1": 0.75842092725353227, "q_revenu": 2, "q_population": 4 }, "geometry": { "type": "Polygon", "coordinates": [ [ [ 3.013019966295964, 50.641251616518502 ], [ 3.012752568925781, 50.643040154922446 ], [ 3.015569201509574, 50.643211484735197 ], [ 3.015836492760342, 50.641422938820256 ], [ 3.013019966295964, 50.641251616518502 ] ] ] } },
{ "type": "Feature", "properties": { "idcar_200m": "CRS3035RES200mN3082400E3827800", "population": 293.5, "median_education": 18.725425901272853, "median_healthcare": 57.281017228446117, "median_services": 3.0847905875936998, "median_commerce": 96.042991206095294, "median_entertainment": 16.195643851910219, "PC1_pos": 1.6034306200747674, "nivvie": 29163.321976149913, "rel_education": 0.83581216691301796, "rel_sante": 0.98788468446221822, "rel_services": 1.1149653225185465, "rel_commerce": 0.72128102194055754, "rel_loisirs": 0.84557520354740245, "rel_pc1": 0.8646408919961992, "q_revenu": 5, "q_population": 3 }, "geometry": { "type": "Polygon", "coordinates": [ [ [ 3.015836492760342, 50.641422938820256 ], [ 3.015569201509574, 50.643211484735197 ], [ 3.018385852968557, 50.643382745703128 ], [ 3.01865303809719, 50.641594192280195 ], [ 3.015836492760342, 50.641422938820256 ] ] ] } },
{ "type": "Feature", "properties": { "idcar_200m": "CRS3035RES200mN3082400E3829200", "population": 49.0, "median_education": 17.431155127251028, "median_healthcare": 48.433610874485368, "median_services": 3.0092613926257941, "median_commerce": 97.639734232444525, "median_entertainment": 19.742842186647803, "PC1_pos": 1.5947173690944927, "nivvie": 35551.820408163265, "rel_education": 0.77804219864042246, "rel_sante": 0.8352998028174996, "rel_services": 1.0876660842604813, "rel_commerce": 0.73327253144436122, "rel_loisirs": 1.0307745683485101, "rel_pc1": 0.85994232069199128, "q_revenu": 5, "q_population": 1 }, "geometry": { "type": "Polygon", "coordinates": [ [ [ 3.035552706029839, 50.642620267320055 ], [ 3.035286157691158, 50.644408865729048 ], [ 3.038102941071311, 50.644579644762821 ], [ 3.03836938326882, 50.642791038866463 ], [ 3.035552706029839, 50.642620267320055 ] ] ] } },
{ "type": "Feature", "properties": { "idcar_200m": "CRS3035RES200mN3082400E3830000", "population": 6.0, "median_education": 16.925852118692934, "median_healthcare": 53.80639916431295, "median_services": 2.6553672394031818, "median_commerce": 149.13348605709953, "median_entertainment": 19.934773000472518, "PC1_pos": 1.8361781192090829, "nivvie": 35114.066666666666, "rel_education": 0.75548792378668472, "rel_sante": 0.92796043492901847, "rel_services": 0.95975474069240108, "rel_commerce": 1.119989620044195, "rel_loisirs": 1.0407952836995527, "rel_pc1": 0.99014866435743498, "q_revenu": 5, "q_population": 1 }, "geometry": { "type": "Polygon", "coordinates": [ [ [ 3.046819527839568, 50.643302940416184 ], [ 3.046553404081863, 50.645091568756847 ], [ 3.04937026268431, 50.645262072383318 ], [ 3.049636280289989, 50.643473436567128 ], [ 3.046819527839568, 50.643302940416184 ] ] ] } },
{ "type": "Feature", "properties": { "idcar_200m": "CRS3035RES200mN3082400E3830200", "population": 41.5, "median_education": 19.249443141052424, "median_healthcare": 62.446285733875769, "median_services": 2.9848046475235961, "median_commerce": 181.64072933055292, "median_entertainment": 23.084517741606547, "PC1_pos": 2.230637026240573, "nivvie": 30705.636144578311, "rel_education": 0.85920175425747292, "rel_sante": 1.0769663714598259, "rel_services": 1.0788264493107724, "rel_commerce": 1.36411839356847, "rel_loisirs": 1.2052435807206454, "rel_pc1": 1.2028583986991987, "q_revenu": 5, "q_population": 1 }, "geometry": { "type": "Polygon", "coordinates": [ [ [ 3.049636280289989, 50.643473436567128 ], [ 3.04937026268431, 50.645262072383318 ], [ 3.052187140074001, 50.645432507156109 ], [ 3.052453051524942, 50.643643863867325 ], [ 3.049636280289989, 50.643473436567128 ] ] ] } },
{ "type": "Feature", "properties": { "idcar_200m": "CRS3035RES200mN3082400E3830400", "population": 215.5, "median_education": 21.891308387903067, "median_healthcare": 70.941155493988617, "median_services": 3.3790031155636893, "median_commerce": 215.82673874876488, "median_entertainment": 27.38858874427774, "PC1_pos": 2.6207883248357517, "nivvie": 32792.614849187936, "rel_education": 0.97712180202057008, "rel_sante": 1.2234713069264611, "rel_services": 1.2213053662986146, "rel_commerce": 1.6208546686426741, "rel_loisirs": 1.4299592973321162, "rel_pc1": 1.4132452795578672, "q_revenu": 5, "q_population": 3 }, "geometry": { "type": "Polygon", "coordinates": [ [ [ 3.052453051524942, 50.643643863867325 ], [ 3.052187140074001, 50.645432507156109 ], [ 3.055004036243606, 50.645602873074502 ], [ 3.055269841537102, 50.643814222316067 ], [ 3.052453051524942, 50.643643863867325 ] ] ] } },
{ "type": "Feature", "properties": { "idcar_200m": "CRS3035RES200mN3082400E3830600", "population": 475.5, "median_education": 23.999780671533156, "median_healthcare": 76.2956769054814, "median_services": 3.7639043436797444, "median_commerce": 237.45127821431041, "median_entertainment": 30.89116990379102, "PC1_pos": 2.9229091367250515, "nivvie": 32687.722607781281, "rel_education": 1.0712337756305863, "rel_sante": 1.3158169032684874, "rel_services": 1.3604238930699772, "rel_commerce": 1.783254545289922, "rel_loisirs": 1.612829197657037, "rel_pc1": 1.5761622184088908, "q_revenu": 5, "q_population": 5 }, "geometry": { "type": "Polygon", "coordinates": [ [ [ 3.055269841537102, 50.643814222316067 ], [ 3.055004036243606, 50.645602873074502 ], [ 3.057820951185796, 50.645773170137716 ], [ 3.058086650319134, 50.643984511912635 ], [ 3.055269841537102, 50.643814222316067 ] ] ] } },
{ "type": "Feature", "properties": { "idcar_200m": "CRS3035RES200mN3082400E3830800", "population": 650.5, "median_education": 26.355743291889453, "median_healthcare": 79.993351263351244, "median_services": 4.1773423162141414, "median_commerce": 244.90350367805951, "median_entertainment": 33.686572093730966, "PC1_pos": 3.1470113656639365, "nivvie": 30998.316525749422, "rel_education": 1.1763925171870182, "rel_sante": 1.3795880449662685, "rel_services": 1.5098567279087947, "rel_commerce": 1.8392206155957713, "rel_loisirs": 1.7587772561207042, "rel_pc1": 1.6970080777196097, "q_revenu": 5, "q_population": 5 }, "geometry": { "type": "Polygon", "coordinates": [ [ [ 3.058086650319134, 50.643984511912635 ], [ 3.057820951185796, 50.645773170137716 ], [ 3.06063788489324, 50.645943398345032 ], [ 3.06090347786371, 50.64415473265624 ], [ 3.058086650319134, 50.643984511912635 ] ] ] } },
{ "type": "Feature", "properties": { "idcar_200m": "CRS3035RES200mN3082400E3831000", "population": 279.5, "median_education": 27.688772797047463, "median_healthcare": 82.038025759762945, "median_services": 4.1982230964189826, "median_commerce": 251.64829929371106, "median_entertainment": 34.391044591652971, "PC1_pos": 3.1457386582564517, "nivvie": 25562.87656529517, "rel_education": 1.2358924871817925, "rel_sante": 1.4148510817880471, "rel_services": 1.5174038677143822, "rel_commerce": 1.8898739013102692, "rel_loisirs": 1.7955577929904185, "rel_pc1": 1.6963217774492516, "q_revenu": 4, "q_population": 3 }, "geometry": { "type": "Polygon", "coordinates": [ [ [ 3.06090347786371, 50.64415473265624 ], [ 3.06063788489324, 50.645943398345032 ], [ 3.063454837358601, 50.646113557695735 ], [ 3.063720324163497, 50.644324884546172 ], [ 3.06090347786371, 50.64415473265624 ] ] ] } },
{ "type": "Feature", "properties": { "idcar_200m": "CRS3035RES200mN3082400E3831200", "population": 345.5, "median_education": 25.637835508900743, "median_healthcare": 73.635583435358896, "median_services": 3.5988459847964895, "median_commerce": 220.21051970076226, "median_entertainment": 30.143102797224266, "PC1_pos": 2.7717550047686799, "nivvie": 16147.404052098407, "rel_education": 1.1443485966424538, "rel_sante": 1.2699401761166, "rel_services": 1.3007652740743174, "rel_commerce": 1.6537767795152429, "rel_loisirs": 1.573772584552539, "rel_pc1": 1.4946532077617236, "q_revenu": 1, "q_population": 4 }, "geometry": { "type": "Polygon", "coordinates": [ [ [ 3.063720324163497, 50.644324884546172 ], [ 3.063454837358601, 50.646113557695735 ], [ 3.066271808574547, 50.646283648189041 ], [ 3.066537189211163, 50.644494967581664 ], [ 3.063720324163497, 50.644324884546172 ] ] ] } },
{ "type": "Feature", "properties": { "idcar_200m": "CRS3035RES200mN3082400E3832200", "population": 742.0, "median_education": 24.84316732310506, "median_healthcare": 69.490724020710431, "median_services": 2.5647536074005703, "median_commerce": 150.86092237129051, "median_entertainment": 17.768128881519527, "PC1_pos": 1.9620164543184253, "nivvie": 29480.1, "rel_education": 1.1088784641152369, "rel_sante": 1.198456753979557, "rel_services": 0.92700339029711276, "rel_commerce": 1.132962633633112, "rel_loisirs": 0.92767470889249593, "rel_pc1": 1.0580062747548122, "q_revenu": 5, "q_population": 5 }, "geometry": { "type": "Polygon", "coordinates": [ [ [ 3.077804836733986, 50.645174611164769 ], [ 3.077539880797524, 50.646963321573864 ], [ 3.080356945656392, 50.647133067769275 ], [ 3.080621795411058, 50.645344349917124 ], [ 3.077804836733986, 50.645174611164769 ] ] ] } },
{ "type": "Feature", "properties": { "idcar_200m": "CRS3035RES200mN3082400E3832400", "population": 17.0, "median_education": 26.603142316282693, "median_healthcare": 74.762586247691615, "median_services": 2.5958256446613999, "median_commerce": 139.47878924687652, "median_entertainment": 16.697977929964303, "PC1_pos": 1.9673593425450138, "nivvie": 36271.864705882348, "rel_education": 1.1874352093938867, "rel_sante": 1.2893767865596222, "rel_services": 0.93823405346924504, "rel_commerce": 1.0474830321677238, "rel_loisirs": 0.87180208555242256, "rel_pc1": 1.0608873970087067, "q_revenu": 5, "q_population": 1 }, "geometry": { "type": "Polygon", "coordinates": [ [ [ 3.080621795411058, 50.645344349917124 ], [ 3.080356945656392, 50.647133067769275 ], [ 3.083174029221845, 50.64730274510287 ], [ 3.083438772792017, 50.645514019810619 ], [ 3.080621795411058, 50.645344349917124 ] ] ] } },
{ "type": "Feature", "properties": { "idcar_200m": "CRS3035RES200mN3082400E3832600", "population": 35.0, "median_education": 27.3260212509208, "median_healthcare": 77.622879628369986, "median_services": 2.641707338743712, "median_commerce": 136.29550442101365, "median_entertainment": 16.484008531981612, "PC1_pos": 2.0271121173593301, "nivvie": 37693.285714285717, "rel_education": 1.2197010180308256, "rel_sante": 1.3387062182031229, "rel_services": 0.95481751234192247, "rel_commerce": 1.0235766241780013, "rel_loisirs": 0.86063073485426611, "rel_pc1": 1.0931087428330053, "q_revenu": 5, "q_population": 1 }, "geometry": { "type": "Polygon", "coordinates": [ [ [ 3.083438772792017, 50.645514019810619 ], [ 3.083174029221845, 50.64730274510287 ], [ 3.085991131486543, 50.647472353573889 ], [ 3.086255768869522, 50.645683620844558 ], [ 3.083438772792017, 50.645514019810619 ] ] ] } },
{ "type": "Feature", "properties": { "idcar_200m": "CRS3035RES200mN3082400E3832800", "population": 310.5, "median_education": 24.394670950346736, "median_healthcare": 67.490825057275941, "median_services": 2.3046501682395459, "median_commerce": 115.4051533644741, "median_entertainment": 13.939124526406257, "PC1_pos": 1.6981092065081849, "nivvie": 29536.8115942029, "rel_education": 1.0888597618894957, "rel_sante": 1.1639659287106987, "rel_services": 0.83299172023474555, "rel_commerce": 0.86669048840132246, "rel_loisirs": 0.72776224066562034, "rel_pc1": 0.91569578417663666, "q_revenu": 5, "q_population": 4 }, "geometry": { "type": "Polygon", "coordinates": [ [ [ 3.086255768869522, 50.645683620844558 ], [ 3.085991131486543, 50.647472353573889 ], [ 3.088808252443147, 50.647641893181714 ], [ 3.089072783636235, 50.645853153018152 ], [ 3.086255768869522, 50.645683620844558 ] ] ] } },
{ "type": "Feature", "properties": { "idcar_200m": "CRS3035RES200mN3082400E3833000", "population": 167.5, "median_education": 23.006235166067707, "median_healthcare": 64.085179255091276, "median_services": 2.1738281716735584, "median_commerce": 102.46147845620142, "median_entertainment": 13.040789867215967, "PC1_pos": 1.5675189360196422, "nivvie": 32136.933731343284, "rel_education": 1.026886724395115, "rel_sante": 1.1052311943873965, "rel_services": 0.78570747663638296, "rel_commerce": 0.76948373808810677, "rel_loisirs": 0.680860152718748, "rel_pc1": 0.84527571950556701, "q_revenu": 5, "q_population": 2 }, "geometry": { "type": "Polygon", "coordinates": [ [ [ 3.089072783636235, 50.645853153018152 ], [ 3.088808252443147, 50.647641893181714 ], [ 3.091625392084327, 50.647811363925463 ], [ 3.091889817084825, 50.646022616330711 ], [ 3.089072783636235, 50.645853153018152 ] ] ] } },
{ "type": "Feature", "properties": { "idcar_200m": "CRS3035RES200mN3082400E3833200", "population": 424.5, "median_education": 22.704677877770742, "median_healthcare": 58.237569659694742, "median_services": 2.1968353829771257, "median_commerce": 92.091812190323452, "median_entertainment": 12.282765342399774, "PC1_pos": 1.447911396542962, "nivvie": 22587.187750294463, "rel_education": 1.0134266700332664, "rel_sante": 1.0043816592444039, "rel_services": 0.7940231927418786, "rel_commerce": 0.69160774331213082, "rel_loisirs": 0.64128366241516699, "rel_pc1": 0.78077803040832061, "q_revenu": 3, "q_population": 4 }, "geometry": { "type": "Polygon", "coordinates": [ [ [ 3.091889817084825, 50.646022616330711 ], [ 3.091625392084327, 50.647811363925463 ], [ 3.094442550402743, 50.647980765804483 ], [ 3.094706869207961, 50.646192010781455 ], [ 3.091889817084825, 50.646022616330711 ] ] ] } },
{ "type": "Feature", "properties": { "idcar_200m": "CRS3035RES200mN3082400E3833400", "population": 91.5, "median_education": 23.923983736376705, "median_healthcare": 56.396676596803303, "median_services": 2.4801820543594788, "median_commerce": 89.353902443416985, "median_entertainment": 13.146107818259191, "PC1_pos": 1.499206256222325, "nivvie": 26066.084153005468, "rel_education": 1.0678505681696455, "rel_sante": 0.972633094876031, "rel_services": 0.89643588620410086, "rel_commerce": 0.671046093623482, "rel_loisirs": 0.68635880709179198, "rel_pc1": 0.80843849333868179, "q_revenu": 4, "q_population": 2 }, "geometry": { "type": "Polygon", "coordinates": [ [ [ 3.094706869207961, 50.646192010781455 ], [ 3.094442550402743, 50.647980765804483 ], [ 3.097259727391059, 50.648150098818043 ], [ 3.097523939998295, 50.646361336369701 ], [ 3.094706869207961, 50.646192010781455 ] ] ] } },
{ "type": "Feature", "properties": { "idcar_200m": "CRS3035RES200mN3082400E3833600", "population": 149.5, "median_education": 22.604980708691382, "median_healthcare": 50.273315762694402, "median_services": 2.4674797322985009, "median_commerce": 76.588638100648652, "median_entertainment": 12.771908676211385, "PC1_pos": 1.3173556590734194, "nivvie": 26379.19331103679, "rel_education": 1.0089766720806086, "rel_sante": 0.86702787558799232, "rel_services": 0.89184476463156637, "rel_commerce": 0.57517920323545157, "rel_loisirs": 0.66682185514362868, "rel_pc1": 0.71037658747240917, "q_revenu": 4, "q_population": 2 }, "geometry": { "type": "Polygon", "coordinates": [ [ [ 3.097523939998295, 50.646361336369701 ], [ 3.097259727391059, 50.648150098818043 ], [ 3.100076923041934, 50.648319362965367 ], [ 3.100341029448502, 50.646530593094639 ], [ 3.097523939998295, 50.646361336369701 ] ] ] } },
{ "type": "Feature", "properties": { "idcar_200m": "CRS3035RES200mN3082600E3824600", "population": 55.0, "median_education": 3.3780886951005025, "median_healthcare": 13.782643902005063, "median_services": 0.93577979987634918, "median_commerce": 20.219850944035059, "median_entertainment": 8.572240663027948, "PC1_pos": 0.23678331052645385, "nivvie": 26575.345454545455, "rel_education": 0.15078149074752939, "rel_sante": 0.23769938944844302, "rel_services": 0.33822782997705919, "rel_commerce": 0.15185069279135258, "rel_loisirs": 0.44755702272634534, "rel_pc1": 0.1276840608256935, "q_revenu": 4, "q_population": 1 }, "geometry": { "type": "Polygon", "coordinates": [ [ [ 2.970505350172755, 50.640461946865535 ], [ 2.970236335814767, 50.642250370545526 ], [ 2.973052790480053, 50.642422740496364 ], [ 2.973321698749748, 50.640634309260406 ], [ 2.970505350172755, 50.640461946865535 ] ] ] } },
{ "type": "Feature", "properties": { "idcar_200m": "CRS3035RES200mN3082600E3824800", "population": 69.5, "median_education": 3.9707454119348613, "median_healthcare": 15.763156894676733, "median_services": 0.94424594352380575, "median_commerce": 20.787499845920102, "median_entertainment": 10.618940229660664, "PC1_pos": 0.31200182637643836, "nivvie": 29475.09496402878, "rel_education": 0.17723481134726055, "rel_sante": 0.27185587876209921, "rel_services": 0.34128782912913713, "rel_commerce": 0.15611372515751962, "rel_loisirs": 0.55441528773145754, "rel_pc1": 0.16824522002079995, "q_revenu": 5, "q_population": 2 }, "geometry": { "type": "Polygon", "coordinates": [ [ [ 2.973321698749748, 50.640634309260406 ], [ 2.973052790480053, 50.642422740496364 ], [ 2.975869264133126, 50.642595041610669 ], [ 2.976138066311787, 50.640806602821698 ], [ 2.973321698749748, 50.640634309260406 ] ] ] } },
{ "type": "Feature", "properties": { "idcar_200m": "CRS3035RES200mN3082600E3825000", "population": 78.5, "median_education": 4.5141304219315401, "median_healthcare": 17.850218501182212, "median_services": 0.90127168043484607, "median_commerce": 20.288820872222697, "median_entertainment": 11.051581739192383, "PC1_pos": 0.32695478033570113, "nivvie": 34617.584713375792, "rel_education": 0.20148888199259118, "rel_sante": 0.30784993571770763, "rel_services": 0.32575523080700763, "rel_commerce": 0.15236865562926125, "rel_loisirs": 0.5770035179883356, "rel_pc1": 0.17630851586125992, "q_revenu": 5, "q_population": 2 }, "geometry": { "type": "Polygon", "coordinates": [ [ [ 2.976138066311787, 50.640806602821698 ], [ 2.975869264133126, 50.642595041610669 ], [ 2.978685756766661, 50.642767273887678 ], [ 2.978954452851549, 50.640978827548658 ], [ 2.976138066311787, 50.640806602821698 ] ] ] } },
{ "type": "Feature", "properties": { "idcar_200m": "CRS3035RES200mN3082600E3825200", "population": 183.0, "median_education": 5.7339834950744635, "median_healthcare": 23.887413412466412, "median_services": 1.077171548162174, "median_commerce": 24.283883230504117, "median_entertainment": 10.536561388421305, "PC1_pos": 0.43098212839945704, "nivvie": 26816.968852459016, "rel_education": 0.2559372051311205, "rel_sante": 0.41196911303931977, "rel_services": 0.38933239988303092, "rel_commerce": 0.18237149731829227, "rel_loisirs": 0.55011428518497629, "rel_pc1": 0.23240467486915689, "q_revenu": 4, "q_population": 3 }, "geometry": { "type": "Polygon", "coordinates": [ [ [ 2.978954452851549, 50.640978827548658 ], [ 2.978685756766661, 50.642767273887678 ], [ 2.981502268373332, 50.642939437326689 ], [ 2.981770858361713, 50.641150983440546 ], [ 2.978954452851549, 50.640978827548658 ] ] ] } },
{ "type": "Feature", "properties": { "idcar_200m": "CRS3035RES200mN3082600E3825400", "population": 135.5, "median_education": 6.9470206574019304, "median_healthcare": 27.30928622028744, "median_services": 1.1831106252027868, "median_commerce": 25.965772031749999, "median_entertainment": 9.9330276348967352, "PC1_pos": 0.48131810754689974, "nivvie": 33396.002952029521, "rel_education": 0.31008129907784465, "rel_sante": 0.47098370290846381, "rel_services": 0.42762297223985418, "rel_commerce": 0.19500244995855137, "rel_loisirs": 0.51860376413680731, "rel_pc1": 0.25954806689663201, "q_revenu": 5, "q_population": 2 }, "geometry": { "type": "Polygon", "coordinates": [ [ [ 2.981770858361713, 50.641150983440546 ], [ 2.981502268373332, 50.642939437326689 ], [ 2.984318798945822, 50.643111531926891 ], [ 2.984587282834956, 50.641323070496597 ], [ 2.981770858361713, 50.641150983440546 ] ] ] } },
{ "type": "Feature", "properties": { "idcar_200m": "CRS3035RES200mN3082600E3825600", "population": 118.0, "median_education": 7.7448439638307427, "median_healthcare": 28.51354728286049, "median_services": 1.1379653209025453, "median_commerce": 25.776903081282235, "median_entertainment": 9.1666303492906138, "PC1_pos": 0.47773748381824355, "nivvie": 32542.899152542373, "rel_education": 0.34569226088323923, "rel_sante": 0.49175273106774925, "rel_services": 0.41130567375879884, "rel_commerce": 0.19358404776287313, "rel_loisirs": 0.47859013166253317, "rel_pc1": 0.25761723580491713, "q_revenu": 5, "q_population": 2 }, "geometry": { "type": "Polygon", "coordinates": [ [ [ 2.984587282834956, 50.641323070496597 ], [ 2.984318798945822, 50.643111531926891 ], [ 2.987135348476807, 50.643283557687589 ], [ 2.98740372626396, 50.641495088716063 ], [ 2.984587282834956, 50.641323070496597 ] ] ] } },
{ "type": "Feature", "properties": { "idcar_200m": "CRS3035RES200mN3082600E3825800", "population": 49.0, "median_education": 9.4450554960234712, "median_healthcare": 30.53655618560385, "median_services": 1.1783710557515235, "median_commerce": 27.253141633675583, "median_entertainment": 8.7228555058933051, "PC1_pos": 0.5221528425318831, "nivvie": 29098.848979591839, "rel_education": 0.42158145520249424, "rel_sante": 0.52664211691054141, "rel_services": 0.4259099043891289, "rel_commerce": 0.20467057097843441, "rel_loisirs": 0.45542062960592689, "rel_pc1": 0.28156796675372597, "q_revenu": 4, "q_population": 1 }, "geometry": { "type": "Polygon", "coordinates": [ [ [ 2.98740372626396, 50.641495088716063 ], [ 2.987135348476807, 50.643283557687589 ], [ 2.989951916958958, 50.643455514607993 ], [ 2.990220188641394, 50.641667038098227 ], [ 2.98740372626396, 50.641495088716063 ] ] ] } },
{ "type": "Feature", "properties": { "idcar_200m": "CRS3035RES200mN3082600E3826000", "population": 32.0, "median_education": 9.7703224627300873, "median_healthcare": 31.653171572680964, "median_services": 1.1870794223567755, "median_commerce": 28.352192719878754, "median_entertainment": 8.5842680576225447, "PC1_pos": 0.54578579645827396, "nivvie": 29576.340625000001, "rel_education": 0.43609979458241732, "rel_sante": 0.54589958286874951, "rel_services": 0.42905745249812666, "rel_commerce": 0.21292442355702001, "rel_loisirs": 0.44818497347195718, "rel_pc1": 0.29431190347764036, "q_revenu": 5, "q_population": 1 }, "geometry": { "type": "Polygon", "coordinates": [ [ [ 2.990220188641394, 50.641667038098227 ], [ 2.989951916958958, 50.643455514607993 ], [ 2.992768504384958, 50.643627402687393 ], [ 2.993036669959948, 50.641838918642335 ], [ 2.990220188641394, 50.641667038098227 ] ] ] } },
{ "type": "Feature", "properties": { "idcar_200m": "CRS3035RES200mN3082600E3826200", "population": 259.0, "median_education": 10.007608113519156, "median_healthcare": 32.482190461803668, "median_services": 1.1069367455210659, "median_commerce": 30.842066884726304, "median_entertainment": 8.0743941163582349, "PC1_pos": 0.53247672538382229, "nivvie": 22472.396525096527, "rel_education": 0.44669107485604231, "rel_sante": 0.56019707797830731, "rel_services": 0.40009071942879071, "rel_commerce": 0.23162333078150321, "rel_loisirs": 0.42156443491169276, "rel_pc1": 0.28713506218411555, "q_revenu": 2, "q_population": 3 }, "geometry": { "type": "Polygon", "coordinates": [ [ [ 2.993036669959948, 50.641838918642335 ], [ 2.992768504384958, 50.643627402687393 ], [ 2.99558511074748, 50.643799221925029 ], [ 2.995853170212287, 50.642010730347593 ], [ 2.993036669959948, 50.641838918642335 ] ] ] } },
{ "type": "Feature", "properties": { "idcar_200m": "CRS3035RES200mN3082600E3826400", "population": 24.0, "median_education": 9.8886920677157146, "median_healthcare": 30.722311436625695, "median_services": 1.1055812445345974, "median_commerce": 33.808856312793637, "median_entertainment": 8.025702456507263, "PC1_pos": 0.4816904354363476, "nivvie": 29148.2625, "rel_education": 0.44138323948568919, "rel_sante": 0.52984570470317904, "rel_services": 0.39960078776191182, "rel_commerce": 0.25390386248596603, "rel_loisirs": 0.41902224143263017, "rel_pc1": 0.25974884260492692, "q_revenu": 5, "q_population": 1 }, "geometry": { "type": "Polygon", "coordinates": [ [ [ 2.995853170212287, 50.642010730347593 ], [ 2.99558511074748, 50.643799221925029 ], [ 2.9984017360392, 50.643970972320176 ], [ 2.998669689391094, 50.642182473213317 ], [ 2.995853170212287, 50.642010730347593 ] ] ] } },
{ "type": "Feature", "properties": { "idcar_200m": "CRS3035RES200mN3082600E3827400", "population": 28.5, "median_education": 13.648052156253824, "median_healthcare": 37.714596862477698, "median_services": 2.2313718342829105, "median_commerce": 64.847884954467816, "median_entertainment": 11.148717735563148, "PC1_pos": 0.97399320965900116, "nivvie": 25336.79298245614, "rel_education": 0.60918283552017871, "rel_sante": 0.65043664417688007, "rel_services": 0.80650603216821326, "rel_commerce": 0.48700637228460042, "rel_loisirs": 0.58207499218559644, "rel_pc1": 0.52522032887118641, "q_revenu": 4, "q_population": 1 }, "geometry": { "type": "Polygon", "coordinates": [ [ [ 3.009935955224508, 50.642868756265713 ], [ 3.009668426351555, 50.644657285460639 ], [ 3.012485146179381, 50.64482869163205 ], [ 3.012752568925781, 50.643040154922446 ], [ 3.009935955224508, 50.642868756265713 ] ] ] } },
{ "type": "Feature", "properties": { "idcar_200m": "CRS3035RES200mN3082600E3827600", "population": 363.5, "median_education": 16.299966726453839, "median_healthcare": 49.667528107246156, "median_services": 2.6896334825830097, "median_commerce": 81.760009303569348, "median_entertainment": 14.379237611158063, "PC1_pos": 1.3668811141417136, "nivvie": 23280.912517193945, "rel_education": 0.72755143632388131, "rel_sante": 0.85658028970684619, "rel_services": 0.97213991621522255, "rel_commerce": 0.61401610178718991, "rel_loisirs": 0.75074056215908724, "rel_pc1": 0.7370829089749702, "q_revenu": 3, "q_population": 4 }, "geometry": { "type": "Polygon", "coordinates": [ [ [ 3.012752568925781, 50.643040154922446 ], [ 3.012485146179381, 50.64482869163205 ], [ 3.015301884892454, 50.645000028956474 ], [ 3.015569201509574, 50.643211484735197 ], [ 3.012752568925781, 50.643040154922446 ] ] ] } },
{ "type": "Feature", "properties": { "idcar_200m": "CRS3035RES200mN3082600E3827800", "population": 369.0, "median_education": 15.962969327902218, "median_healthcare": 49.347746733913212, "median_services": 2.7893516063562096, "median_commerce": 79.828058850241945, "median_entertainment": 14.810655180361607, "PC1_pos": 1.3499544219522936, "nivvie": 29107.297289972899, "rel_education": 0.71250950737590835, "rel_sante": 0.8510652493605475, "rel_services": 1.0081819900211006, "rel_commerce": 0.59950719093575355, "rel_loisirs": 0.77326489044321323, "rel_pc1": 0.72795528595843906, "q_revenu": 5, "q_population": 4 }, "geometry": { "type": "Polygon", "coordinates": [ [ [ 3.015569201509574, 50.643211484735197 ], [ 3.015301884892454, 50.645000028956474 ], [ 3.018118642483438, 50.645171297433166 ], [ 3.018385852968557, 50.643382745703128 ], [ 3.015569201509574, 50.643211484735197 ] ] ] } },
{ "type": "Feature", "properties": { "idcar_200m": "CRS3035RES200mN3082600E3830200", "population": 33.5, "median_education": 18.06293528177293, "median_healthcare": 57.298420980841527, "median_services": 2.8120867849606315, "median_commerce": 169.1503337874654, "median_entertainment": 22.012477050608418, "PC1_pos": 2.0296472027446284, "nivvie": 35114.074626865673, "rel_education": 0.80624179969343235, "rel_sante": 0.98818483451672989, "rel_services": 1.0163993827501707, "rel_commerce": 1.2703157625943089, "rel_loisirs": 1.1492722940098101, "rel_pc1": 1.0944757732872001, "q_revenu": 5, "q_population": 1 }, "geometry": { "type": "Polygon", "coordinates": [ [ [ 3.04937026268431, 50.645262072383318 ], [ 3.049104219830718, 50.647050706514655 ], [ 3.051921203385022, 50.64722114876075 ], [ 3.052187140074001, 50.645432507156109 ], [ 3.04937026268431, 50.645262072383318 ] ] ] } },
{ "type": "Feature", "properties": { "idcar_200m": "CRS3035RES200mN3082600E3830400", "population": 455.0, "median_education": 19.893580408187738, "median_healthcare": 63.142836329655367, "median_services": 3.1648254303846048, "median_commerce": 192.90984820496297, "median_entertainment": 25.173596415375968, "PC1_pos": 2.3279146912153865, "nivvie": 30845.05956043956, "rel_education": 0.88795291686772904, "rel_sante": 1.0889792807763521, "rel_services": 1.1438930800992293, "rel_commerce": 1.448749260183839, "rel_loisirs": 1.3143144605789208, "rel_pc1": 1.2553148292812768, "q_revenu": 5, "q_population": 5 }, "geometry": { "type": "Polygon", "coordinates": [ [ [ 3.052187140074001, 50.645432507156109 ], [ 3.051921203385022, 50.64722114876075 ], [ 3.05473820572195, 50.647391522149483 ], [ 3.055004036243606, 50.645602873074502 ], [ 3.052187140074001, 50.645432507156109 ] ] ] } },
{ "type": "Feature", "properties": { "idcar_200m": "CRS3035RES200mN3082600E3830600", "population": 553.5, "median_education": 20.936164278181728, "median_healthcare": 64.690503812491585, "median_services": 3.3706118448293774, "median_commerce": 197.60020591747792, "median_entertainment": 26.199846625627515, "PC1_pos": 2.4449633934861237, "nivvie": 31491.872809394765, "rel_education": 0.9344888027889674, "rel_sante": 1.1156707935481402, "rel_services": 1.2182724291785876, "rel_commerce": 1.4839737566480313, "rel_loisirs": 1.3678950244860275, "rel_pc1": 1.3184326798893988, "q_revenu": 5, "q_population": 5 }, "geometry": { "type": "Polygon", "coordinates": [ [ [ 3.055004036243606, 50.645602873074502 ], [ 3.05473820572195, 50.647391522149483 ], [ 3.057555226834173, 50.647561826680089 ], [ 3.057820951185796, 50.645773170137716 ], [ 3.055004036243606, 50.645602873074502 ] ] ] } },
{ "type": "Feature", "properties": { "idcar_200m": "CRS3035RES200mN3082600E3830800", "population": 661.5, "median_education": 23.357372209521113, "median_healthcare": 69.779033986262448, "median_services": 3.8394312759432361, "median_commerce": 210.53086052828837, "median_entertainment": 29.04076132491808, "PC1_pos": 2.7052892457274198, "nivvie": 30112.178080120939, "rel_education": 1.042559778493835, "rel_sante": 1.20342902949294, "rel_services": 1.3877223134971768, "rel_commerce": 1.5810827247770232, "rel_loisirs": 1.5162192928558889, "rel_pc1": 1.45881192316535, "q_revenu": 5, "q_population": 5 }, "geometry": { "type": "Polygon", "coordinates": [ [ [ 3.057820951185796, 50.645773170137716 ], [ 3.057555226834173, 50.647561826680089 ], [ 3.060372266714356, 50.647732062351892 ], [ 3.06063788489324, 50.645943398345032 ], [ 3.057820951185796, 50.645773170137716 ] ] ] } },
{ "type": "Feature", "properties": { "idcar_200m": "CRS3035RES200mN3082600E3831000", "population": 384.0, "median_education": 24.059436047349351, "median_healthcare": 69.8407927383968, "median_services": 3.7513660699046043, "median_commerce": 207.35511730362387, "median_entertainment": 28.996657122032829, "PC1_pos": 2.6920470137506771, "nivvie": 29619.088802083334, "rel_education": 1.0738965021924187, "rel_sante": 1.2044941384647605, "rel_services": 1.3558920650360913, "rel_commerce": 1.5572329540676593, "rel_loisirs": 1.5139166106857329, "rel_pc1": 1.4516711244771863, "q_revenu": 5, "q_population": 4 }, "geometry": { "type": "Polygon", "coordinates": [ [ [ 3.06063788489324, 50.645943398345032 ], [ 3.060372266714356, 50.647732062351892 ], [ 3.063189325355165, 50.647902229164067 ], [ 3.063454837358601, 50.646113557695735 ], [ 3.06063788489324, 50.645943398345032 ] ] ] } },
{ "type": "Feature", "properties": { "idcar_200m": "CRS3035RES200mN3082600E3832400", "population": 266.0, "median_education": 26.663380674083733, "median_healthcare": 74.742599315400682, "median_services": 2.6867416452009678, "median_commerce": 147.80239908782718, "median_entertainment": 18.184093254749737, "PC1_pos": 1.9806783272781465, "nivvie": 29283.316165413533, "rel_education": 1.1901239574432194, "rel_sante": 1.2890320862513009, "rel_services": 0.97109469181253316, "rel_commerce": 1.109993182433997, "rel_loisirs": 0.94939222520606414, "rel_pc1": 1.0680695841865984, "q_revenu": 5, "q_population": 3 }, "geometry": { "type": "Polygon", "coordinates": [ [ [ 3.080356945656392, 50.647133067769275 ], [ 3.080092070762449, 50.648921783944552 ], [ 3.082909260522274, 50.649091468718936 ], [ 3.083174029221845, 50.64730274510287 ], [ 3.080356945656392, 50.647133067769275 ] ] ] } },
{ "type": "Feature", "properties": { "idcar_200m": "CRS3035RES200mN3082600E3832600", "population": 211.0, "median_education": 25.706033236542158, "median_healthcare": 75.106819111513346, "median_services": 2.3870650150008412, "median_commerce": 122.49333926848998, "median_entertainment": 15.478942166761701, "PC1_pos": 1.86933861894541, "nivvie": 32513.361137440759, "rel_education": 1.1473926123470388, "rel_sante": 1.2953135242523526, "rel_services": 0.86277970538002025, "rel_commerce": 0.91992262859552287, "rel_loisirs": 0.80815618033081404, "rel_pc1": 1.008030276266356, "q_revenu": 5, "q_population": 3 }, "geometry": { "type": "Polygon", "coordinates": [ [ [ 3.083174029221845, 50.64730274510287 ], [ 3.082909260522274, 50.649091468718936 ], [ 3.085726468984044, 50.649261084627838 ], [ 3.085991131486543, 50.647472353573889 ], [ 3.083174029221845, 50.64730274510287 ] ] ] } },
{ "type": "Feature", "properties": { "idcar_200m": "CRS3035RES200mN3082600E3832800", "population": 519.0, "median_education": 26.50350055441983, "median_healthcare": 77.029949902889612, "median_services": 2.4467685176694292, "median_commerce": 123.10699389954459, "median_entertainment": 15.433636906810953, "PC1_pos": 1.900496803772489, "nivvie": 27706.245472061659, "rel_education": 1.1829876845505682, "rel_sante": 1.3284803838324029, "rel_services": 0.88435891253141885, "rel_commerce": 0.9245311631054054, "rel_loisirs": 0.80579079092395189, "rel_pc1": 1.0248321511866514, "q_revenu": 4, "q_population": 5 }, "geometry": { "type": "Polygon", "coordinates": [ [ [ 3.085991131486543, 50.647472353573889 ], [ 3.085726468984044, 50.649261084627838 ], [ 3.08854369614042, 50.649430631670533 ], [ 3.088808252443147, 50.647641893181714 ], [ 3.085991131486543, 50.647472353573889 ] ] ] } },
{ "type": "Feature", "properties": { "idcar_200m": "CRS3035RES200mN3082600E3833000", "population": 384.5, "median_education": 23.906880639752409, "median_healthcare": 66.274124923479903, "median_services": 2.2102101488353498, "median_commerce": 100.38860692739887, "median_entertainment": 13.159793585429513, "PC1_pos": 1.5772022569641733, "nivvie": 31327.25513654096, "rel_education": 1.0670871689110202, "rel_sante": 1.1429823727978099, "rel_services": 0.79885736209804148, "rel_commerce": 0.75391651266259019, "rel_loisirs": 0.68707334153491528, "rel_pc1": 0.85049739555075465, "q_revenu": 5, "q_population": 4 }, "geometry": { "type": "Polygon", "coordinates": [ [ [ 3.088808252443147, 50.647641893181714 ], [ 3.08854369614042, 50.649430631670533 ], [ 3.091360941984068, 50.649600109846254 ], [ 3.091625392084327, 50.647811363925463 ], [ 3.088808252443147, 50.647641893181714 ] ] ] } },
{ "type": "Feature", "properties": { "idcar_200m": "CRS3035RES200mN3082600E3833200", "population": 393.5, "median_education": 23.740676551882384, "median_healthcare": 59.700511901128976, "median_services": 2.2485174336999214, "median_commerce": 89.896988188812287, "median_entertainment": 12.670361908621885, "PC1_pos": 1.4697105022028767, "nivvie": 27371.52630241423, "rel_education": 1.0596686247580136, "rel_sante": 1.0296119764505725, "rel_services": 0.81270312990983773, "rel_commerce": 0.67512465715551007, "rel_loisirs": 0.66152009440727211, "rel_pc1": 0.7925330748277849, "q_revenu": 4, "q_population": 4 }, "geometry": { "type": "Polygon", "coordinates": [ [ [ 3.091625392084327, 50.647811363925463 ], [ 3.091360941984068, 50.649600109846254 ], [ 3.094178206507647, 50.64976951915429 ], [ 3.094442550402743, 50.647980765804483 ], [ 3.091625392084327, 50.647811363925463 ] ] ] } },
{ "type": "Feature", "properties": { "idcar_200m": "CRS3035RES200mN3082600E3833400", "population": 505.0, "median_education": 23.033006137909361, "median_healthcare": 53.785043490726693, "median_services": 2.2936840673383756, "median_commerce": 81.675742065317138, "median_entertainment": 12.339445183691364, "PC1_pos": 1.3721105735319359, "nivvie": 24620.649306930693, "rel_education": 1.0280816507003063, "rel_sante": 0.92759212891975018, "rel_services": 0.82902813765730332, "rel_commerce": 0.61338325644408476, "rel_loisirs": 0.64424291916194454, "rel_pc1": 0.73990286537046979, "q_revenu": 3, "q_population": 5 }, "geometry": { "type": "Polygon", "coordinates": [ [ [ 3.094442550402743, 50.647980765804483 ], [ 3.094178206507647, 50.64976951915429 ], [ 3.096995489703822, 50.649938859593874 ], [ 3.097259727391059, 50.648150098818043 ], [ 3.094442550402743, 50.647980765804483 ] ] ] } },
{ "type": "Feature", "properties": { "idcar_200m": "CRS3035RES200mN3082600E3833600", "population": 115.5, "median_education": 17.923608491662161, "median_healthcare": 41.041786592558203, "median_services": 1.7425478983083114, "median_commerce": 60.621507953160133, "median_entertainment": 9.3719362437235478, "PC1_pos": 1.0010254656066706, "nivvie": 17434.578354978355, "rel_education": 0.80002292771874461, "rel_sante": 0.70781830280800906, "rel_services": 0.62982572861028185, "rel_commerce": 0.45526636206284665, "rel_loisirs": 0.48930916049905165, "rel_pc1": 0.53979731998176694, "q_revenu": 1, "q_population": 2 }, "geometry": { "type": "Polygon", "coordinates": [ [ [ 3.097259727391059, 50.648150098818043 ], [ 3.096995489703822, 50.649938859593874 ], [ 3.099812791565254, 50.650108131164252 ], [ 3.100076923041934, 50.648319362965367 ], [ 3.097259727391059, 50.648150098818043 ] ] ] } },
{ "type": "Feature", "properties": { "idcar_200m": "CRS3035RES200mN3082600E3833800", "population": 206.5, "median_education": 17.341646944282054, "median_healthcare": 37.550425436136464, "median_services": 2.1140267489334068, "median_commerce": 55.829532234765296, "median_entertainment": 10.283837989823287, "PC1_pos": 1.0071544316716552, "nivvie": 26515.110411622274, "rel_education": 0.77404698759645574, "rel_sante": 0.64760529715205317, "rel_services": 0.7640928772983604, "rel_commerce": 0.41927871632343727, "rel_loisirs": 0.53691958658795158, "rel_pc1": 0.54310233026353116, "q_revenu": 4, "q_population": 3 }, "geometry": { "type": "Polygon", "coordinates": [ [ [ 3.100076923041934, 50.648319362965367 ], [ 3.099812791565254, 50.650108131164252 ], [ 3.102630112084599, 50.650277333864778 ], [ 3.102894137348035, 50.648488558245724 ], [ 3.100076923041934, 50.648319362965367 ] ] ] } },
{ "type": "Feature", "properties": { "idcar_200m": "CRS3035RES200mN3082800E3824600", "population": 3.0, "median_education": 2.5222710668921358, "median_healthcare": 10.525935961117071, "median_services": 0.68371108832064009, "median_commerce": 15.145404751169529, "median_entertainment": 6.5452245926112003, "PC1_pos": 0.11169649203314669, "nivvie": 28081.4, "rel_education": 0.1125819437739905, "rel_sante": 0.18153327976259709, "rel_services": 0.24712022824653854, "rel_commerce": 0.11374169920619512, "rel_loisirs": 0.34172643383411444, "rel_pc1": 0.060231701512525021, "q_revenu": 4, "q_population": 1 }, "geometry": { "type": "Polygon", "coordinates": [ [ [ 2.970236335814767, 50.642250370545526 ], [ 2.969967295929143, 50.644038792520433 ], [ 2.972783856692586, 50.644211170027965 ], [ 2.973052790480053, 50.642422740496364 ], [ 2.970236335814767, 50.642250370545526 ] ] ] } },
{ "type": "Feature", "properties": { "idcar_200m": "CRS3035RES200mN3082800E3824800", "population": 188.5, "median_education": 4.2342413298528756, "median_healthcare": 18.782711791907154, "median_services": 1.1169814044639264, "median_commerce": 25.665798748235535, "median_entertainment": 7.771881482561815, "PC1_pos": 0.32497272399977528, "nivvie": 26746.838196286473, "rel_education": 0.18899599078792789, "rel_sante": 0.32393197973234278, "rel_services": 0.40372125643926288, "rel_commerce": 0.19274965635257246, "rel_loisirs": 0.40577023838347642, "rel_pc1": 0.17523970319370483, "q_revenu": 4, "q_population": 3 }, "geometry": { "type": "Polygon", "coordinates": [ [ [ 2.973052790480053, 50.642422740496364 ], [ 2.972783856692586, 50.644211170027965 ], [ 2.975600436446555, 50.644383478696035 ], [ 2.975869264133126, 50.642595041610669 ], [ 2.973052790480053, 50.642422740496364 ] ] ] } },
{ "type": "Feature", "properties": { "idcar_200m": "CRS3035RES200mN3082800E3825000", "population": 137.5, "median_education": 5.1537592536700432, "median_healthcare": 23.049621345611012, "median_services": 1.085332038977542, "median_commerce": 24.76090481837598, "median_entertainment": 8.670104366950671, "PC1_pos": 0.38518907804156188, "nivvie": 30432.560727272728, "rel_education": 0.23003880991914696, "rel_sante": 0.39752031321599218, "rel_services": 0.39228192401295375, "rel_commerce": 0.18595392029436977, "rel_loisirs": 0.45266649056356251, "rel_pc1": 0.20771103149415945, "q_revenu": 5, "q_population": 2 }, "geometry": { "type": "Polygon", "coordinates": [ [ [ 2.975869264133126, 50.642595041610669 ], [ 2.975600436446555, 50.644383478696035 ], [ 2.978417035183722, 50.644555718523861 ], [ 2.978685756766661, 50.642767273887678 ], [ 2.975869264133126, 50.642595041610669 ] ] ] } },
{ "type": "Feature", "properties": { "idcar_200m": "CRS3035RES200mN3082800E3825200", "population": 432.5, "median_education": 6.1214693728786491, "median_healthcare": 27.308398566624795, "median_services": 1.2024126368813457, "median_commerce": 26.694185929891709, "median_entertainment": 9.2512527744129756, "PC1_pos": 0.4621579759813419, "nivvie": 18149.482080924856, "rel_education": 0.27323269485099355, "rel_sante": 0.4709683941814044, "rel_services": 0.43459948265939252, "rel_commerce": 0.20047282436327954, "rel_loisirs": 0.48300827181193362, "rel_pc1": 0.24921607433007123, "q_revenu": 1, "q_population": 4 }, "geometry": { "type": "Polygon", "coordinates": [ [ [ 2.978685756766661, 50.642767273887678 ], [ 2.978417035183722, 50.644555718523861 ], [ 2.981233652896766, 50.644727889510698 ], [ 2.981502268373332, 50.642939437326689 ], [ 2.978685756766661, 50.642767273887678 ] ] ] } },
{ "type": "Feature", "properties": { "idcar_200m": "CRS3035RES200mN3082800E3825400", "population": 153.5, "median_education": 6.9191925094933708, "median_healthcare": 30.40051847541033, "median_services": 1.2342493265539982, "median_commerce": 27.33561530951166, "median_entertainment": 9.1637273151824772, "PC1_pos": 0.50470637684761654, "nivvie": 33070.285993485348, "rel_education": 0.30883918556185525, "rel_sante": 0.52429597194119637, "rel_services": 0.44610652145533275, "rel_commerce": 0.20528994670219325, "rel_loisirs": 0.47843856413738017, "rel_pc1": 0.27216005882022154, "q_revenu": 5, "q_population": 2 }, "geometry": { "type": "Polygon", "coordinates": [ [ [ 2.981502268373332, 50.642939437326689 ], [ 2.981233652896766, 50.644727889510698 ], [ 2.984050289578365, 50.644899991655784 ], [ 2.984318798945822, 50.643111531926891 ], [ 2.981502268373332, 50.642939437326689 ] ] ] } },
{ "type": "Feature", "properties": { "idcar_200m": "CRS3035RES200mN3082800E3825600", "population": 247.5, "median_education": 8.3368733496082754, "median_healthcare": 32.812421340463736, "median_services": 1.3089974462143856, "median_commerce": 29.167524268964744, "median_entertainment": 9.2893907866753445, "PC1_pos": 0.57132428638316357, "nivvie": 24894.956767676766, "rel_education": 0.37211758046805399, "rel_sante": 0.56589233345995704, "rel_services": 0.47312344820555652, "rel_commerce": 0.21904754785333824, "rel_loisirs": 0.48499945893462665, "rel_pc1": 0.30808338970999311, "q_revenu": 3, "q_population": 3 }, "geometry": { "type": "Polygon", "coordinates": [ [ [ 2.984318798945822, 50.643111531926891 ], [ 2.984050289578365, 50.644899991655784 ], [ 2.986866945221189, 50.645072024958431 ], [ 2.987135348476807, 50.643283557687589 ], [ 2.984318798945822, 50.643111531926891 ] ] ] } },
{ "type": "Feature", "properties": { "idcar_200m": "CRS3035RES200mN3082800E3825800", "population": 229.5, "median_education": 10.02293813665711, "median_healthcare": 36.00146470383514, "median_services": 1.3484107834078272, "median_commerce": 31.448887986870634, "median_entertainment": 9.318183447949, "PC1_pos": 0.63175492972797276, "nivvie": 24752.085403050107, "rel_education": 0.44737533271620072, "rel_sante": 0.62089148063285293, "rel_services": 0.48736898707362497, "rel_commerce": 0.23618054562033031, "rel_loisirs": 0.48650272491403207, "rel_pc1": 0.34067027230496538, "q_revenu": 3, "q_population": 3 }, "geometry": { "type": "Polygon", "coordinates": [ [ [ 2.987135348476807, 50.643283557687589 ], [ 2.986866945221189, 50.645072024958431 ], [ 2.989683619817921, 50.645243989417843 ], [ 2.989951916958958, 50.643455514607993 ], [ 2.987135348476807, 50.643283557687589 ] ] ] } },
{ "type": "Feature", "properties": { "idcar_200m": "CRS3035RES200mN3082800E3826000", "population": 141.5, "median_education": 10.272702579060251, "median_healthcare": 36.462833627842642, "median_services": 1.2593125009638535, "median_commerce": 32.045691267092842, "median_entertainment": 8.8204665833442188, "PC1_pos": 0.61972192304967577, "nivvie": 20655.286219081274, "rel_education": 0.45852360570734274, "rel_sante": 0.62884838007296062, "rel_services": 0.45516534394124453, "rel_commerce": 0.24066252680865499, "rel_loisirs": 0.46051690780509852, "rel_pc1": 0.33418154151894996, "q_revenu": 2, "q_population": 2 }, "geometry": { "type": "Polygon", "coordinates": [ [ [ 2.989951916958958, 50.643455514607993 ], [ 2.989683619817921, 50.645243989417843 ], [ 2.992500313361233, 50.645415885033266 ], [ 2.992768504384958, 50.643627402687393 ], [ 2.989951916958958, 50.643455514607993 ] ] ] } },
{ "type": "Feature", "properties": { "idcar_200m": "CRS3035RES200mN3082800E3826200", "population": 245.0, "median_education": 10.622683259250598, "median_healthcare": 35.927892213573038, "median_services": 1.233710528667199, "median_commerce": 36.028987928140296, "median_entertainment": 8.7463650587961119, "PC1_pos": 0.62167117776570935, "nivvie": 25459.744897959183, "rel_education": 0.47414504536002922, "rel_sante": 0.61962262857951356, "rel_services": 0.44591177858946579, "rel_commerce": 0.27057700833711429, "rel_loisirs": 0.45664806428915838, "rel_pc1": 0.33523266609852204, "q_revenu": 4, "q_population": 3 }, "geometry": { "type": "Polygon", "coordinates": [ [ [ 2.992768504384958, 50.643627402687393 ], [ 2.992500313361233, 50.645415885033266 ], [ 2.995317025843802, 50.645587711803998 ], [ 2.99558511074748, 50.643799221925029 ], [ 2.992768504384958, 50.643627402687393 ] ] ] } },
{ "type": "Feature", "properties": { "idcar_200m": "CRS3035RES200mN3082800E3826400", "population": 55.0, "median_education": 10.668656411003603, "median_healthcare": 34.771292886043902, "median_services": 1.2575885728790148, "median_commerce": 40.410757806150528, "median_entertainment": 8.5536203437537175, "PC1_pos": 0.63772684155766801, "nivvie": 26945.270909090908, "rel_education": 0.47619706381819882, "rel_sante": 0.59967558823334599, "rel_services": 0.45454224814964, "rel_commerce": 0.30348401608261022, "rel_loisirs": 0.44658485512347673, "rel_pc1": 0.34389059197873434, "q_revenu": 4, "q_population": 1 }, "geometry": { "type": "Polygon", "coordinates": [ [ [ 2.99558511074748, 50.643799221925029 ], [ 2.995317025843802, 50.645587711803998 ], [ 2.9981337572583, 50.645759469729278 ], [ 2.9984017360392, 50.643970972320176 ], [ 2.99558511074748, 50.643799221925029 ] ] ] } },
{ "type": "Feature", "properties": { "idcar_200m": "CRS3035RES200mN3082800E3826600", "population": 57.0, "median_education": 11.432526833729849, "median_healthcare": 35.012103448843611, "median_services": 1.3904685831725738, "median_commerce": 46.491131235327273, "median_entertainment": 9.1982983342164992, "PC1_pos": 0.64729324013602696, "nivvie": 21612.678947368418, "rel_education": 0.51029253361556071, "rel_sante": 0.60382867556239617, "rel_services": 0.50257033930405315, "rel_commerce": 0.3491475039196954, "rel_loisirs": 0.48024351840309693, "rel_pc1": 0.34904921829934044, "q_revenu": 2, "q_population": 1 }, "geometry": { "type": "Polygon", "coordinates": [ [ [ 2.9984017360392, 50.643970972320176 ], [ 2.9981337572583, 50.645759469729278 ], [ 3.000950507597403, 50.645931158808338 ], [ 3.001218380252794, 50.644142653872024 ], [ 2.9984017360392, 50.643970972320176 ] ] ] } },
{ "type": "Feature", "properties": { "idcar_200m": "CRS3035RES200mN3082800E3826800", "population": 104.0, "median_education": 11.992844040860433, "median_healthcare": 35.44480839836654, "median_services": 1.4907758416229546, "median_commerce": 50.304873081212179, "median_entertainment": 9.5519521775334386, "PC1_pos": 0.53813490115278695, "nivvie": 29377.626923076925, "rel_education": 0.53530237539537462, "rel_sante": 0.61129122796121105, "rel_services": 0.53882534968267348, "rel_commerce": 0.37778863203819113, "rel_loisirs": 0.49870779949512473, "rel_pc1": 0.29018620146179802, "q_revenu": 5, "q_population": 2 }, "geometry": { "type": "Polygon", "coordinates": [ [ [ 3.001218380252794, 50.644142653872024 ], [ 3.000950507597403, 50.645931158808338 ], [ 3.003767276853779, 50.646102779040461 ], [ 3.004035043380933, 50.644314266579883 ], [ 3.001218380252794, 50.644142653872024 ] ] ] } },
{ "type": "Feature", "properties": { "idcar_200m": "CRS3035RES200mN3082800E3827000", "population": 72.0, "median_education": 12.411792479294274, "median_healthcare": 34.799308878226142, "median_services": 1.6556320737513923, "median_commerce": 51.489332159210676, "median_entertainment": 9.8694695570805724, "PC1_pos": 0.79177342205821799, "nivvie": 24891.025, "rel_education": 0.55400220118296395, "rel_sante": 0.60015875998789903, "rel_services": 0.59841091207498376, "rel_commerce": 0.38668389699711203, "rel_loisirs": 0.51528539439010868, "rel_pc1": 0.42695933914208151, "q_revenu": 3, "q_population": 2 }, "geometry": { "type": "Polygon", "coordinates": [ [ [ 3.004035043380933, 50.644314266579883 ], [ 3.003767276853779, 50.646102779040461 ], [ 3.006584065020111, 50.646274330424866 ], [ 3.006851725416296, 50.644485810443015 ], [ 3.004035043380933, 50.644314266579883 ] ] ] } },
{ "type": "Feature", "properties": { "idcar_200m": "CRS3035RES200mN3082800E3827200", "population": 29.0, "median_education": 12.56717045907028, "median_healthcare": 37.327119467354386, "median_services": 1.8664207678095921, "median_commerce": 59.531811341630856, "median_entertainment": 10.781021278159047, "PC1_pos": 0.89874835676453735, "nivvie": 26229.248275862068, "rel_education": 0.56093752039289024, "rel_sante": 0.64375409902075909, "rel_services": 0.67459828284791967, "rel_commerce": 0.4470827614096517, "rel_loisirs": 0.56287754565885895, "rel_pc1": 0.48464496757382125, "q_revenu": 4, "q_population": 1 }, "geometry": { "type": "Polygon", "coordinates": [ [ [ 3.006851725416296, 50.644485810443015 ], [ 3.006584065020111, 50.646274330424866 ], [ 3.009400872089061, 50.646445812960827 ], [ 3.009668426351555, 50.644657285460639 ], [ 3.006851725416296, 50.644485810443015 ] ] ] } },
{ "type": "Feature", "properties": { "idcar_200m": "CRS3035RES200mN3082800E3827400", "population": 170.0, "median_education": 13.783904844727335, "median_healthcare": 40.754424451731268, "median_services": 2.1200443128670128, "median_commerce": 66.570754727335924, "median_entertainment": 12.066945084612879, "PC1_pos": 0.9892137045530025, "nivvie": 22853.261176470587, "rel_education": 0.61524664045218225, "rel_sante": 0.70286237374891014, "rel_services": 0.76626786289997384, "rel_commerce": 0.49994509123576464, "rel_loisirs": 0.63001567825371718, "rel_pc1": 0.53342789464734663, "q_revenu": 3, "q_population": 2 }, "geometry": { "type": "Polygon", "coordinates": [ [ [ 3.009668426351555, 50.644657285460639 ], [ 3.009400872089061, 50.646445812960827 ], [ 3.01221769805331, 50.646617226647614 ], [ 3.012485146179381, 50.64482869163205 ], [ 3.009668426351555, 50.644657285460639 ] ] ] } },
{ "type": "Feature", "properties": { "idcar_200m": "CRS3035RES200mN3082800E3827600", "population": 292.5, "median_education": 14.902574645612226, "median_healthcare": 44.63059046680754, "median_services": 2.5036286289191771, "median_commerce": 73.52538199295455, "median_entertainment": 13.378088354491867, "PC1_pos": 1.2023546857823968, "nivvie": 18725.327521367522, "rel_education": 0.66517863320190118, "rel_sante": 0.76971183323834791, "rel_services": 0.90491040556727798, "rel_commerce": 0.55217420861713495, "rel_loisirs": 0.69847052002754195, "rel_pc1": 0.64836296313352482, "q_revenu": 1, "q_population": 3 }, "geometry": { "type": "Polygon", "coordinates": [ [ [ 3.012485146179381, 50.64482869163205 ], [ 3.01221769805331, 50.646617226647614 ], [ 3.015034542905528, 50.646788571484436 ], [ 3.015301884892454, 50.645000028956474 ], [ 3.012485146179381, 50.64482869163205 ] ] ] } },
{ "type": "Feature", "properties": { "idcar_200m": "CRS3035RES200mN3082800E3830600", "population": 510.5, "median_education": 17.700416164245272, "median_healthcare": 52.110320823619922, "median_services": 2.7551342904372942, "median_commerce": 152.81443990845034, "median_entertainment": 21.034100402261558, "PC1_pos": 1.8759175495403388, "nivvie": 30954.079333986287, "rel_education": 0.79006070502751125, "rel_sante": 0.89870938637070741, "rel_services": 0.99581449874545713, "rel_commerce": 1.1476335128704926, "rel_loisirs": 1.098191210655761, "rel_pc1": 1.0115779273756476, "q_revenu": 5, "q_population": 5 }, "geometry": { "type": "Polygon", "coordinates": [ [ [ 3.05473820572195, 50.647391522149483 ], [ 3.054472349968697, 50.64918016954141 ], [ 3.057289477260826, 50.649350481540154 ], [ 3.057555226834173, 50.647561826680089 ], [ 3.05473820572195, 50.647391522149483 ] ] ] } },
{ "type": "Feature", "properties": { "idcar_200m": "CRS3035RES200mN3082800E3830800", "population": 801.0, "median_education": 21.57912476996772, "median_healthcare": 61.789536170500782, "median_services": 3.3732164601216188, "median_commerce": 180.47526263442631, "median_entertainment": 25.610066017861001, "PC1_pos": 2.2825270201119414, "nivvie": 25436.416479400752, "rel_education": 0.9631874398566872, "rel_sante": 1.0656398820471482, "rel_services": 1.2192138401583248, "rel_commerce": 1.3553657610331504, "rel_loisirs": 1.3371025557197018, "rel_pc1": 1.2308397843761951, "q_revenu": 4, "q_population": 5 }, "geometry": { "type": "Polygon", "coordinates": [ [ [ 3.057555226834173, 50.647561826680089 ], [ 3.057289477260826, 50.649350481540154 ], [ 3.060106623323624, 50.649520724677089 ], [ 3.060372266714356, 50.647732062351892 ], [ 3.057555226834173, 50.647561826680089 ] ] ] } },
{ "type": "Feature", "properties": { "idcar_200m": "CRS3035RES200mN3082800E3831000", "population": 832.5, "median_education": 22.468179630767445, "median_healthcare": 63.379546667422076, "median_services": 3.3228583336658168, "median_commerce": 180.7950692410821, "median_entertainment": 26.031445113581526, "PC1_pos": 2.3642614411752643, "nivvie": 17184.188948948951, "rel_education": 1.0028705356445944, "rel_sante": 1.0930616544604821, "rel_services": 1.2010124215819602, "rel_commerce": 1.3577675025155356, "rel_loisirs": 1.3591027749078064, "rel_pc1": 1.2749146086000764, "q_revenu": 1, "q_population": 5 }, "geometry": { "type": "Polygon", "coordinates": [ [ [ 3.060372266714356, 50.647732062351892 ], [ 3.060106623323624, 50.649520724677089 ], [ 3.062923788149757, 50.649690898951505 ], [ 3.063189325355165, 50.647902229164067 ], [ 3.060372266714356, 50.647732062351892 ] ] ] } },
{ "type": "Feature", "properties": { "idcar_200m": "CRS3035RES200mN3082800E3831600", "population": 391.0, "median_education": 26.525871427825024, "median_healthcare": 68.498556914311777, "median_services": 3.1360602692307573, "median_commerce": 170.58767195613393, "median_entertainment": 25.068388088281736, "PC1_pos": 2.3302277567171679, "nivvie": 27888.295140664963, "rel_education": 1.1839862118083788, "rel_sante": 1.1813455583991881, "rel_services": 1.1334962131896296, "rel_commerce": 1.2811101446741708, "rel_loisirs": 1.3088215296765724, "rel_pc1": 1.2565621367691509, "q_revenu": 4, "q_population": 4 }, "geometry": { "type": "Polygon", "coordinates": [ [ [ 3.068823498889327, 50.648242356206744 ], [ 3.068558174062689, 50.650031040909752 ], [ 3.071375395134816, 50.650201008592113 ], [ 3.071640613768009, 50.648412316435724 ], [ 3.068823498889327, 50.648242356206744 ] ] ] } },
{ "type": "Feature", "properties": { "idcar_200m": "CRS3035RES200mN3082800E3832400", "population": 121.0, "median_education": 24.302104704926663, "median_healthcare": 70.962572942313471, "median_services": 2.2706102043253704, "median_commerce": 118.90122139897879, "median_entertainment": 15.373067938612312, "PC1_pos": 1.7404063956122027, "nivvie": 34546.019008264462, "rel_education": 1.0847280537737249, "rel_sante": 1.2238406783204083, "rel_services": 0.82068833098792671, "rel_commerce": 0.89294589228904753, "rel_loisirs": 0.80262848270814224, "rel_pc1": 0.93850430414498087, "q_revenu": 5, "q_population": 2 }, "geometry": { "type": "Polygon", "coordinates": [ [ [ 3.080092070762449, 50.648921783944552 ], [ 3.079827170725806, 50.650710498443246 ], [ 3.082644466689885, 50.65088019065918 ], [ 3.082909260522274, 50.649091468718936 ], [ 3.080092070762449, 50.648921783944552 ] ] ] } },
{ "type": "Feature", "properties": { "idcar_200m": "CRS3035RES200mN3082800E3832600", "population": 346.0, "median_education": 25.782310092493962, "median_healthcare": 75.368365689542841, "median_services": 2.3436034689912502, "median_commerce": 118.26807104070849, "median_entertainment": 15.305606733825719, "PC1_pos": 1.7992612915728312, "nivvie": 33068.108959537567, "rel_education": 1.150797241143976, "rel_sante": 1.2998242307867423, "rel_services": 0.84707098373822531, "rel_commerce": 0.88819094524168563, "rel_loisirs": 0.79910633054855107, "rel_pc1": 0.97024147387632131, "q_revenu": 5, "q_population": 4 }, "geometry": { "type": "Polygon", "coordinates": [ [ [ 3.082909260522274, 50.649091468718936 ], [ 3.082644466689885, 50.65088019065918 ], [ 3.085461781358605, 50.651049814006683 ], [ 3.085726468984044, 50.649261084627838 ], [ 3.082909260522274, 50.649091468718936 ] ] ] } },
{ "type": "Feature", "properties": { "idcar_200m": "CRS3035RES200mN3082800E3832800", "population": 293.5, "median_education": 25.305159654057629, "median_healthcare": 72.429275512206829, "median_services": 2.2775450299957134, "median_commerce": 108.18419282141983, "median_entertainment": 14.245728404810995, "PC1_pos": 1.7094257617310999, "nivvie": 29590.706303236799, "rel_education": 1.1294995604399094, "rel_sante": 1.2491358472186918, "rel_services": 0.82319485125910508, "rel_commerce": 0.81246121321444043, "rel_loisirs": 0.74377004123601453, "rel_pc1": 0.92179817256797802, "q_revenu": 5, "q_population": 3 }, "geometry": { "type": "Polygon", "coordinates": [ [ [ 3.085726468984044, 50.649261084627838 ], [ 3.085461781358605, 50.651049814006683 ], [ 3.088279114724632, 50.651219368484995 ], [ 3.08854369614042, 50.649430631670533 ], [ 3.085726468984044, 50.649261084627838 ] ] ] } },
{ "type": "Feature", "properties": { "idcar_200m": "CRS3035RES200mN3082800E3833000", "population": 210.0, "median_education": 24.866272638515834, "median_healthcare": 66.390273983149854, "median_services": 2.2303660367343321, "median_commerce": 97.870976553909415, "median_entertainment": 13.286752286351701, "PC1_pos": 1.5975559666710608, "nivvie": 31864.443809523811, "rel_education": 1.1099097733010739, "rel_sante": 1.1449855124540949, "rel_services": 0.80614249715463748, "rel_commerce": 0.73500915684354517, "rel_loisirs": 0.69370186031169312, "rel_pc1": 0.86147301837849777, "q_revenu": 5, "q_population": 3 }, "geometry": { "type": "Polygon", "coordinates": [ [ [ 3.08854369614042, 50.649430631670533 ], [ 3.088279114724632, 50.651219368484995 ], [ 3.091096466780627, 50.651388854093398 ], [ 3.091360941984068, 50.649600109846254 ], [ 3.08854369614042, 50.649430631670533 ] ] ] } },
{ "type": "Feature", "properties": { "idcar_200m": "CRS3035RES200mN3082800E3833200", "population": 459.0, "median_education": 23.298505443674969, "median_healthcare": 57.983273465445734, "median_services": 2.1565103956035387, "median_commerce": 82.72003168390134, "median_entertainment": 12.19553294633595, "PC1_pos": 1.4034389749357212, "nivvie": 30032.213507625271, "rel_education": 1.0399322516551701, "rel_sante": 0.99999599488698265, "rel_services": 0.77944814744273583, "rel_commerce": 0.62122585145112708, "rel_loisirs": 0.63672925558009108, "rel_pc1": 0.75679652861691615, "q_revenu": 5, "q_population": 5 }, "geometry": { "type": "Polygon", "coordinates": [ [ [ 3.091360941984068, 50.649600109846254 ], [ 3.091096466780627, 50.651388854093398 ], [ 3.093913837519253, 50.651558270831124 ], [ 3.094178206507647, 50.64976951915429 ], [ 3.091360941984068, 50.649600109846254 ] ] ] } },
{ "type": "Feature", "properties": { "idcar_200m": "CRS3035RES200mN3082800E3833400", "population": 244.5, "median_education": 22.74198980774166, "median_healthcare": 52.20648435642628, "median_services": 2.1856075053720687, "median_commerce": 76.554832091151113, "median_entertainment": 11.847330839447087, "PC1_pos": 1.3102823139463406, "nivvie": 27801.44989775051, "rel_education": 1.0150920935704999, "rel_sante": 0.90036784995706987, "rel_services": 0.78996499371032414, "rel_commerce": 0.57492532075249358, "rel_loisirs": 0.61854960986174834, "rel_pc1": 0.70656232612333425, "q_revenu": 4, "q_population": 3 }, "geometry": { "type": "Polygon", "coordinates": [ [ [ 3.094178206507647, 50.64976951915429 ], [ 3.093913837519253, 50.651558270831124 ], [ 3.096731226933171, 50.651727618697471 ], [ 3.096995489703822, 50.649938859593874 ], [ 3.094178206507647, 50.64976951915429 ] ] ] } },
{ "type": "Feature", "properties": { "idcar_200m": "CRS3035RES200mN3082800E3833600", "population": 195.5, "median_education": 20.225425349374536, "median_healthcare": 46.044123892488514, "median_services": 1.9715229380610819, "median_commerce": 68.110473286031862, "median_entertainment": 10.553512104578449, "PC1_pos": 1.1397181956776081, "nivvie": 21526.824552429669, "rel_education": 0.90276486511578502, "rel_sante": 0.79409003198151173, "rel_services": 0.71258636399130193, "rel_commerce": 0.51150834808116963, "rel_loisirs": 0.55099928274332655, "rel_pc1": 0.61458659015070738, "q_revenu": 2, "q_population": 3 }, "geometry": { "type": "Polygon", "coordinates": [ [ [ 3.096995489703822, 50.649938859593874 ], [ 3.096731226933171, 50.651727618697471 ], [ 3.099548635015037, 50.651896897691721 ], [ 3.099812791565254, 50.650108131164252 ], [ 3.096995489703822, 50.649938859593874 ] ] ] } },
{ "type": "Feature", "properties": { "idcar_200m": "CRS3035RES200mN3082800E3834000", "population": 1.0, "median_education": 13.971311829567419, "median_healthcare": 29.304608721982234, "median_services": 1.8767987795906, "median_commerce": 44.183660723279424, "median_entertainment": 9.0668692823243084, "PC1_pos": 0.77113344885884127, "nivvie": 36194.3, "rel_education": 0.62361157906130504, "rel_sante": 0.50539560121896099, "rel_services": 0.67834930675827809, "rel_commerce": 0.3318184446294018, "rel_loisirs": 0.47338160242606253, "rel_pc1": 0.41582935034527624, "q_revenu": 5, "q_population": 1 }, "geometry": { "type": "Polygon", "coordinates": [ [ [ 3.102630112084599, 50.650277333864778 ], [ 3.102366061757513, 50.65206610781307 ], [ 3.105183507153261, 50.652235249060816 ], [ 3.105447451254522, 50.650446467694643 ], [ 3.102630112084599, 50.650277333864778 ] ] ] } },
{ "type": "Feature", "properties": { "idcar_200m": "CRS3035RES200mN3083000E3824800", "population": 128.0, "median_education": 4.8015565777247247, "median_healthcare": 20.314651849468571, "median_services": 1.2026855696716108, "median_commerce": 28.387568673424216, "median_entertainment": 7.3454766991582972, "PC1_pos": 0.33875136336563605, "nivvie": 26927.721875, "rel_education": 0.21431819115584236, "rel_sante": 0.35035225286302907, "rel_services": 0.43469813136434765, "rel_commerce": 0.21319009628966781, "rel_loisirs": 0.38350762784345216, "rel_pc1": 0.18266975653223735, "q_revenu": 4, "q_population": 2 }, "geometry": { "type": "Polygon", "coordinates": [ [ [ 2.972783856692586, 50.644211170027965 ], [ 2.972514897383873, 50.645999597855585 ], [ 2.975331583248596, 50.646171914078138 ], [ 2.975600436446555, 50.644383478696035 ], [ 2.972783856692586, 50.644211170027965 ] ] ] } },
{ "type": "Feature", "properties": { "idcar_200m": "CRS3035RES200mN3083000E3825000", "population": 350.5, "median_education": 5.4841876847350246, "median_healthcare": 24.837478743655808, "median_services": 1.2201295326321169, "median_commerce": 27.694991808695598, "median_entertainment": 8.1806973233473634, "PC1_pos": 0.40975589044143579, "nivvie": 25046.784878744649, "rel_education": 0.24478753202748191, "rel_sante": 0.42835420945228003, "rel_services": 0.44100306949093659, "rel_commerce": 0.20798885731855024, "rel_loisirs": 0.42711452953648732, "rel_pc1": 0.22095854611748614, "q_revenu": 3, "q_population": 4 }, "geometry": { "type": "Polygon", "coordinates": [ [ [ 2.975600436446555, 50.644383478696035 ], [ 2.975331583248596, 50.646171914078138 ], [ 2.978148288099261, 50.646344161457485 ], [ 2.978417035183722, 50.644555718523861 ], [ 2.975600436446555, 50.644383478696035 ] ] ] } },
{ "type": "Feature", "properties": { "idcar_200m": "CRS3035RES200mN3083000E3825200", "population": 179.5, "median_education": 6.721396165352612, "median_healthcare": 28.839159450649625, "median_services": 1.1763688298179868, "median_commerce": 26.747476227791573, "median_entertainment": 7.8312713872576794, "PC1_pos": 0.46055404226879504, "nivvie": 27143.105849582174, "rel_education": 0.30001051635692549, "rel_sante": 0.49736833095052657, "rel_services": 0.42518622074826234, "rel_commerce": 0.20087303347844807, "rel_loisirs": 0.40887098764735602, "rel_pc1": 0.24835116214830522, "q_revenu": 4, "q_population": 2 }, "geometry": { "type": "Polygon", "coordinates": [ [ [ 2.978417035183722, 50.644555718523861 ], [ 2.978148288099261, 50.646344161457485 ], [ 2.98096501192854, 50.646516339992928 ], [ 2.981233652896766, 50.644727889510698 ], [ 2.978417035183722, 50.644555718523861 ] ] ] } },
{ "type": "Feature", "properties": { "idcar_200m": "CRS3035RES200mN3083000E3825400", "population": 114.5, "median_education": 7.0833384473498571, "median_healthcare": 29.459422954178404, "median_services": 1.1859819289804223, "median_commerce": 26.988110915505597, "median_entertainment": 7.65482994695068, "PC1_pos": 0.4817163044193371, "nivvie": 28203.691703056771, "rel_education": 0.31616586388325318, "rel_sante": 0.50806557141717568, "rel_services": 0.42866077498580246, "rel_commerce": 0.20268019536802595, "rel_loisirs": 0.39965897309788873, "rel_pc1": 0.25976279230767496, "q_revenu": 4, "q_population": 2 }, "geometry": { "type": "Polygon", "coordinates": [ [ [ 2.981233652896766, 50.644727889510698 ], [ 2.98096501192854, 50.646516339992928 ], [ 2.98378175472911, 50.646688449683658 ], [ 2.984050289578365, 50.644899991655784 ], [ 2.981233652896766, 50.644727889510698 ] ] ] } },
{ "type": "Feature", "properties": { "idcar_200m": "CRS3035RES200mN3083000E3825600", "population": 191.0, "median_education": 9.5683790820826697, "median_healthcare": 40.204074876709441, "median_services": 1.5159657539938012, "median_commerce": 34.3046961790183, "median_entertainment": 8.8793619050905015, "PC1_pos": 0.66866895238673174, "nivvie": 25586.053403141363, "rel_education": 0.42708602178693794, "rel_sante": 0.69337088874095265, "rel_services": 0.54792998028020246, "rel_commerce": 0.25762761037155557, "rel_loisirs": 0.46359183487369598, "rel_pc1": 0.36057595021783256, "q_revenu": 4, "q_population": 3 }, "geometry": { "type": "Polygon", "coordinates": [ [ [ 2.984050289578365, 50.644899991655784 ], [ 2.98378175472911, 50.646688449683658 ], [ 2.986598516493645, 50.646860490528979 ], [ 2.986866945221189, 50.645072024958431 ], [ 2.984050289578365, 50.644899991655784 ] ] ] } },
{ "type": "Feature", "properties": { "idcar_200m": "CRS3035RES200mN3083000E3825800", "population": 259.5, "median_education": 10.752428028346168, "median_healthcare": 41.401311667652038, "median_services": 1.5359677720531657, "median_commerce": 36.293535057427768, "median_entertainment": 9.305060463591218, "PC1_pos": 0.72696368802083988, "nivvie": 26357.015799614641, "rel_education": 0.4799362224032187, "rel_sante": 0.7140187743175993, "rel_services": 0.55515950069117381, "rel_commerce": 0.27256375220428991, "rel_loisirs": 0.48581757338372272, "rel_pc1": 0.39201105666166958, "q_revenu": 4, "q_population": 3 }, "geometry": { "type": "Polygon", "coordinates": [ [ [ 2.986866945221189, 50.645072024958431 ], [ 2.986598516493645, 50.646860490528979 ], [ 2.98941529721482, 50.647032462528117 ], [ 2.989683619817921, 50.645243989417843 ], [ 2.986866945221189, 50.645072024958431 ] ] ] } },
{ "type": "Feature", "properties": { "idcar_200m": "CRS3035RES200mN3083000E3826000", "population": 207.5, "median_education": 11.146301599100772, "median_healthcare": 42.110458286701004, "median_services": 1.4430442255472899, "median_commerce": 38.212902076785184, "median_entertainment": 9.2156032521847635, "PC1_pos": 0.72314702025479494, "nivvie": 22402.980722891567, "rel_education": 0.49751682774687583, "rel_sante": 0.72624891822727722, "rel_services": 0.52157325583676717, "rel_commerce": 0.28697816170795037, "rel_loisirs": 0.48114700885195982, "rel_pc1": 0.38995294015798676, "q_revenu": 2, "q_population": 3 }, "geometry": { "type": "Polygon", "coordinates": [ [ [ 2.989683619817921, 50.645243989417843 ], [ 2.98941529721482, 50.647032462528117 ], [ 2.992232096885315, 50.647204365680338 ], [ 2.992500313361233, 50.645415885033266 ], [ 2.989683619817921, 50.645243989417843 ] ] ] } },
{ "type": "Feature", "properties": { "idcar_200m": "CRS3035RES200mN3083000E3826200", "population": 94.0, "median_education": 11.051746719352023, "median_healthcare": 38.702936343266373, "median_services": 1.3647535280185874, "median_commerce": 40.53661779609282, "median_entertainment": 9.1617393750998044, "PC1_pos": 0.69571183658145297, "nivvie": 25311.661702127662, "rel_education": 0.49329635664241728, "rel_sante": 0.6674818274393659, "rel_services": 0.49327590133518212, "rel_commerce": 0.30442922219319668, "rel_loisirs": 0.4783347737073475, "rel_pc1": 0.3751586725505166, "q_revenu": 4, "q_population": 2 }, "geometry": { "type": "Polygon", "coordinates": [ [ [ 2.992500313361233, 50.645415885033266 ], [ 2.992232096885315, 50.647204365680338 ], [ 2.99504891549779, 50.647376199984883 ], [ 2.995317025843802, 50.645587711803998 ], [ 2.992500313361233, 50.645415885033266 ] ] ] } },
{ "type": "Feature", "properties": { "idcar_200m": "CRS3035RES200mN3083000E3826400", "population": 219.5, "median_education": 11.207654243748491, "median_healthcare": 37.308319495975311, "median_services": 1.3489180968576353, "median_commerce": 44.992017362725797, "median_entertainment": 9.2703220719831432, "PC1_pos": 0.71788501816070394, "nivvie": 19585.38314350797, "rel_education": 0.50025531215514607, "rel_sante": 0.64342986937728675, "rel_services": 0.48755235021874677, "rel_commerce": 0.33788918748809893, "rel_loisirs": 0.48400388058932092, "rel_pc1": 0.38711543529350528, "q_revenu": 2, "q_population": 3 }, "geometry": { "type": "Polygon", "coordinates": [ [ [ 2.995317025843802, 50.645587711803998 ], [ 2.99504891549779, 50.647376199984883 ], [ 2.997865753044932, 50.647547965441021 ], [ 2.9981337572583, 50.645759469729278 ], [ 2.995317025843802, 50.645587711803998 ] ] ] } },
{ "type": "Feature", "properties": { "idcar_200m": "CRS3035RES200mN3083000E3826600", "population": 321.0, "median_education": 11.517780189610187, "median_healthcare": 36.324028849427876, "median_services": 1.3897088481078312, "median_commerce": 51.087127382778533, "median_entertainment": 9.7242877821474707, "PC1_pos": 0.75755909094259333, "nivvie": 21721.242990654206, "rel_education": 0.51409782982033803, "rel_sante": 0.62645451345953695, "rel_services": 0.50229574100396224, "rel_commerce": 0.38366334684002845, "rel_loisirs": 0.50770544820130981, "rel_pc1": 0.40850945462291999, "q_revenu": 2, "q_population": 4 }, "geometry": { "type": "Polygon", "coordinates": [ [ [ 2.9981337572583, 50.645759469729278 ], [ 2.997865753044932, 50.647547965441021 ], [ 3.00068260951941, 50.647719662048004 ], [ 3.000950507597403, 50.645931158808338 ], [ 2.9981337572583, 50.645759469729278 ] ] ] } },
{ "type": "Feature", "properties": { "idcar_200m": "CRS3035RES200mN3083000E3826800", "population": 461.0, "median_education": 11.865533229413206, "median_healthcare": 36.428515577667916, "median_services": 1.4670936359639921, "median_commerce": 54.243492951310067, "median_entertainment": 10.081548408040952, "PC1_pos": 0.80123205035254497, "nivvie": 22305.762255965292, "rel_education": 0.52961983841340254, "rel_sante": 0.62825652123719644, "rel_services": 0.53026566392095931, "rel_commerce": 0.40736759172347942, "rel_loisirs": 0.52635803955375071, "rel_pc1": 0.43205985094663096, "q_revenu": 2, "q_population": 5 }, "geometry": { "type": "Polygon", "coordinates": [ [ [ 3.000950507597403, 50.645931158808338 ], [ 3.00068260951941, 50.647719662048004 ], [ 3.003499484913893, 50.647891289805081 ], [ 3.003767276853779, 50.646102779040461 ], [ 3.000950507597403, 50.645931158808338 ] ] ] } },
{ "type": "Feature", "properties": { "idcar_200m": "CRS3035RES200mN3083000E3827000", "population": 414.5, "median_education": 12.114499042740878, "median_healthcare": 36.996078215037151, "median_services": 1.6045774232788077, "median_commerce": 58.875355191182472, "median_entertainment": 10.547926015088121, "PC1_pos": 0.85334452613750411, "nivvie": 23869.068033775631, "rel_education": 0.54073246447711831, "rel_sante": 0.63804486760496326, "rel_services": 0.57995774217127216, "rel_commerce": 0.4421527883100162, "rel_loisirs": 0.55070763279096846, "rel_pc1": 0.4601612087370518, "q_revenu": 3, "q_population": 4 }, "geometry": { "type": "Polygon", "coordinates": [ [ [ 3.003767276853779, 50.646102779040461 ], [ 3.003499484913893, 50.647891289805081 ], [ 3.006316379221056, 50.648062848711511 ], [ 3.006584065020111, 50.646274330424866 ], [ 3.003767276853779, 50.646102779040461 ] ] ] } },
{ "type": "Feature", "properties": { "idcar_200m": "CRS3035RES200mN3083000E3827200", "population": 294.0, "median_education": 13.142780657199324, "median_healthcare": 38.889835475968979, "median_services": 1.8504083662580268, "median_commerce": 62.252779099203885, "median_entertainment": 11.306945068438598, "PC1_pos": 0.93120847547455465, "nivvie": 20860.927210884354, "rel_education": 0.5866299670978149, "rel_sante": 0.67070514294020322, "rel_services": 0.66881076763309788, "rel_commerce": 0.46751717708333829, "rel_loisirs": 0.59033604746850454, "rel_pc1": 0.50214890297604231, "q_revenu": 2, "q_population": 3 }, "geometry": { "type": "Polygon", "coordinates": [ [ [ 3.006584065020111, 50.646274330424866 ], [ 3.006316379221056, 50.648062848711511 ], [ 3.009133292433573, 50.648234338766557 ], [ 3.009400872089061, 50.646445812960827 ], [ 3.006584065020111, 50.646274330424866 ] ] ] } },
{ "type": "Feature", "properties": { "idcar_200m": "CRS3035RES200mN3083000E3827400", "population": 95.0, "median_education": 12.998176459995992, "median_healthcare": 37.015683647676653, "median_services": 1.9573031830278214, "median_commerce": 58.356283129474193, "median_entertainment": 11.359620240281121, "PC1_pos": 0.93443131125286771, "nivvie": 21674.82210526316, "rel_education": 0.5801755372735502, "rel_sante": 0.63838298846199304, "rel_services": 0.7074467821277689, "rel_commerce": 0.43825456708191707, "rel_loisirs": 0.59308622026557944, "rel_pc1": 0.5038867989393786, "q_revenu": 2, "q_population": 2 }, "geometry": { "type": "Polygon", "coordinates": [ [ [ 3.009400872089061, 50.646445812960827 ], [ 3.009133292433573, 50.648234338766557 ], [ 3.01195022454411, 50.648405759969449 ], [ 3.01221769805331, 50.646617226647614 ], [ 3.009400872089061, 50.646445812960827 ] ] ] } },
{ "type": "Feature", "properties": { "idcar_200m": "CRS3035RES200mN3083000E3830200", "population": 3.0, "median_education": 14.756716650642332, "median_healthcare": 41.502159160463108, "median_services": 2.3144694226249554, "median_commerce": 102.25930258704636, "median_entertainment": 16.132572830613007, "PC1_pos": 1.2039557979524365, "nivvie": 23421.8, "rel_education": 0.65866823992806445, "rel_sante": 0.71575801880791878, "rel_services": 0.836540787123354, "rel_commerce": 0.76796540118830159, "rel_loisirs": 0.84228226304074627, "rel_pc1": 0.64922635381445404, "q_revenu": 3, "q_population": 1 }, "geometry": { "type": "Polygon", "coordinates": [ [ [ 3.048838151725779, 50.648839338961437 ], [ 3.048572058366052, 50.650627969723992 ], [ 3.051389254279203, 50.650798426918904 ], [ 3.051655241454569, 50.649009788681568 ], [ 3.048838151725779, 50.648839338961437 ] ] ] } },
{ "type": "Feature", "properties": { "idcar_200m": "CRS3035RES200mN3083000E3831400", "population": 595.5, "median_education": 24.720407013039392, "median_healthcare": 58.707796603065091, "median_services": 2.7891567146907672, "median_commerce": 135.74326795288934, "median_entertainment": 21.655240192322701, "PC1_pos": 1.9637716555482849, "nivvie": 25992.094542401344, "rel_education": 1.1033990394384436, "rel_sante": 1.0124913266011204, "rel_services": 1.0081115484652006, "rel_commerce": 1.019429338893781, "rel_loisirs": 1.1306209435651071, "rel_pc1": 1.0589527570896373, "q_revenu": 4, "q_population": 5 }, "geometry": { "type": "Polygon", "coordinates": [ [ [ 3.065740971731892, 50.649861004362656 ], [ 3.065475515518992, 50.65164967992947 ], [ 3.068292824050406, 50.651819723933649 ], [ 3.068558174062689, 50.650031040909752 ], [ 3.065740971731892, 50.649861004362656 ] ] ] } },
{ "type": "Feature", "properties": { "idcar_200m": "CRS3035RES200mN3083000E3832600", "population": 321.5, "median_education": 25.068474442726938, "median_healthcare": 70.204063911071785, "median_services": 2.2568438221280949, "median_commerce": 111.70325519614224, "median_entertainment": 15.195704712483122, "PC1_pos": 1.762884250191767, "nivvie": 29154.517573872476, "rel_education": 1.1189350808707093, "rel_sante": 1.2107592162367038, "rel_services": 0.81571261599831635, "rel_commerce": 0.83888930415619012, "rel_loisirs": 0.79336834168458392, "rel_pc1": 0.95062536007999165, "q_revenu": 5, "q_population": 4 }, "geometry": { "type": "Polygon", "coordinates": [ [ [ 3.082644466689885, 50.65088019065918 ], [ 3.082379647721244, 50.65266891092395 ], [ 3.0851970686068, 50.652838541710764 ], [ 3.085461781358605, 50.651049814006683 ], [ 3.082644466689885, 50.65088019065918 ] ] ] } },
{ "type": "Feature", "properties": { "idcar_200m": "CRS3035RES200mN3083000E3832800", "population": 165.0, "median_education": 23.85071891856941, "median_healthcare": 64.161909992196897, "median_services": 2.1231461226591923, "median_commerce": 95.12655947171524, "median_entertainment": 13.179781485322236, "PC1_pos": 1.5436633910139004, "nivvie": 30922.622424242425, "rel_education": 1.0645803821427504, "rel_sante": 1.1065545144623845, "rel_services": 0.76738897963614316, "rel_commerce": 0.7143986371916905, "rel_loisirs": 0.68811691057575219, "rel_pc1": 0.8324117518012093, "q_revenu": 5, "q_population": 2 }, "geometry": { "type": "Polygon", "coordinates": [ [ [ 3.085461781358605, 50.651049814006683 ], [ 3.0851970686068, 50.652838541710764 ], [ 3.088014508192361, 50.653008103625417 ], [ 3.088279114724632, 50.651219368484995 ], [ 3.085461781358605, 50.651049814006683 ] ] ] } },
{ "type": "Feature", "properties": { "idcar_200m": "CRS3035RES200mN3083000E3833000", "population": 372.5, "median_education": 24.873226658554586, "median_healthcare": 64.052673564344744, "median_services": 2.1946523219916578, "median_commerce": 92.92507962176964, "median_entertainment": 13.318261986766961, "PC1_pos": 1.5181694014565377, "nivvie": 29046.987382550338, "rel_education": 1.1102201670185781, "rel_sante": 1.1046705920168363, "rel_services": 0.7932341481611771, "rel_commerce": 0.69786556574098024, "rel_loisirs": 0.69534698301172138, "rel_pc1": 0.81866426214032706, "q_revenu": 4, "q_population": 4 }, "geometry": { "type": "Polygon", "coordinates": [ [ [ 3.088279114724632, 50.651219368484995 ], [ 3.088014508192361, 50.653008103625417 ], [ 3.090831966470588, 50.653177596667213 ], [ 3.091096466780627, 50.651388854093398 ], [ 3.088279114724632, 50.651219368484995 ] ] ] } },
{ "type": "Feature", "properties": { "idcar_200m": "CRS3035RES200mN3083000E3834000", "population": 2.0, "median_education": 11.121258522488434, "median_healthcare": 22.052212962287552, "median_services": 1.248111027681678, "median_commerce": 34.328447102874065, "median_entertainment": 5.9584030102291425, "PC1_pos": 0.4724003195204014, "nivvie": 36988.6, "rel_education": 0.49639902630193761, "rel_sante": 0.38031872508584724, "rel_services": 0.45111668847627634, "rel_commerce": 0.25780597935419125, "rel_loisirs": 0.31108845589968415, "rel_pc1": 0.25473920014722129, "q_revenu": 5, "q_population": 1 }, "geometry": { "type": "Polygon", "coordinates": [ [ [ 3.102366061757513, 50.65206610781307 ], [ 3.102101986363366, 50.653854880090897 ], [ 3.104919537994822, 50.654024028757291 ], [ 3.105183507153261, 50.652235249060816 ], [ 3.102366061757513, 50.65206610781307 ] ] ] } },
{ "type": "Feature", "properties": { "idcar_200m": "CRS3035RES200mN3083200E3824800", "population": 9.0, "median_education": 4.7193462721018697, "median_healthcare": 18.943457111216539, "median_services": 1.0270266887629189, "median_commerce": 25.073126137477331, "median_entertainment": 6.4543512187729064, "PC1_pos": 0.27043483745630037, "nivvie": 30855.07777777778, "rel_education": 0.21064872195137693, "rel_sante": 0.32670423914267094, "rel_services": 0.37120806445566235, "rel_commerce": 0.1882986964127, "rel_loisirs": 0.33698193140599447, "rel_pc1": 0.14583045637120196, "q_revenu": 5, "q_population": 1 }, "geometry": { "type": "Polygon", "coordinates": [ [ [ 2.972514897383873, 50.645999597855585 ], [ 2.972245912550435, 50.647788023979523 ], [ 2.975062704535782, 50.647960347757277 ], [ 2.975331583248596, 50.646171914078138 ], [ 2.972514897383873, 50.645999597855585 ] ] ] } },
{ "type": "Feature", "properties": { "idcar_200m": "CRS3035RES200mN3083200E3825000", "population": 84.0, "median_education": 5.460000819902759, "median_healthcare": 21.751552402973296, "median_services": 1.0933197311226412, "median_commerce": 26.168747532258884, "median_entertainment": 6.8203885746171764, "PC1_pos": 0.32230789771210322, "nivvie": 28750.532142857144, "rel_education": 0.2437079477225442, "rel_sante": 0.37513344772626678, "rel_services": 0.39516899186921511, "rel_commerce": 0.19652679207448759, "rel_loisirs": 0.35609275617493169, "rel_pc1": 0.17380271069179024, "q_revenu": 4, "q_population": 2 }, "geometry": { "type": "Polygon", "coordinates": [ [ [ 2.975331583248596, 50.646171914078138 ], [ 2.975062704535782, 50.647960347757277 ], [ 2.977879515509806, 50.648132602688939 ], [ 2.978148288099261, 50.646344161457485 ], [ 2.975331583248596, 50.646171914078138 ] ] ] } },
{ "type": "Feature", "properties": { "idcar_200m": "CRS3035RES200mN3083200E3825200", "population": 133.5, "median_education": 6.7000565632997153, "median_healthcare": 26.668273217677839, "median_services": 1.1376216490677089, "median_commerce": 26.213023354882612, "median_entertainment": 7.317980539267265, "PC1_pos": 0.4126326028308771, "nivvie": 25937.295880149813, "rel_education": 0.29905802004912829, "rel_sante": 0.45992861069015223, "rel_services": 0.41118145716539051, "rel_commerce": 0.19685930265322177, "rel_loisirs": 0.38207205225231017, "rel_pc1": 0.2225097970012363, "q_revenu": 4, "q_population": 2 }, "geometry": { "type": "Polygon", "coordinates": [ [ [ 2.978148288099261, 50.646344161457485 ], [ 2.977879515509806, 50.648132602688939 ], [ 2.980696345465184, 50.648304788773672 ], [ 2.98096501192854, 50.646516339992928 ], [ 2.978148288099261, 50.646344161457485 ] ] ] } },
{ "type": "Feature", "properties": { "idcar_200m": "CRS3035RES200mN3083200E3825400", "population": 267.0, "median_education": 7.7144998711583952, "median_healthcare": 30.032502686293597, "median_services": 1.1983138320825941, "median_commerce": 27.6375637244786, "median_entertainment": 7.2708587829234297, "PC1_pos": 0.4649952249250997, "nivvie": 26547.591011235956, "rel_education": 0.34433784779895471, "rel_sante": 0.51794906716716327, "rel_services": 0.43311801249647119, "rel_commerce": 0.20755757350749901, "rel_loisirs": 0.37961182349720268, "rel_pc1": 0.25074604477396334, "q_revenu": 4, "q_population": 3 }, "geometry": { "type": "Polygon", "coordinates": [ [ [ 2.98096501192854, 50.646516339992928 ], [ 2.980696345465184, 50.648304788773672 ], [ 2.983513194394589, 50.648476906010764 ], [ 2.98378175472911, 50.646688449683658 ], [ 2.98096501192854, 50.646516339992928 ] ] ] } },
{ "type": "Feature", "properties": { "idcar_200m": "CRS3035RES200mN3083200E3825600", "population": 141.5, "median_education": 9.1965073867989915, "median_healthcare": 32.979950711893011, "median_services": 1.2420014803037209, "median_commerce": 29.133789191962698, "median_entertainment": 7.4593625478319581, "PC1_pos": 0.53428759287416838, "nivvie": 24657.018374558305, "rel_education": 0.41048747342347769, "rel_sante": 0.56878159255904959, "rel_services": 0.44890845641990851, "rel_commerce": 0.21879419807206096, "rel_loisirs": 0.38945361248931987, "rel_pc1": 0.28811156223502932, "q_revenu": 3, "q_population": 2 }, "geometry": { "type": "Polygon", "coordinates": [ [ [ 2.98378175472911, 50.646688449683658 ], [ 2.983513194394589, 50.648476906010764 ], [ 2.986330062290699, 50.648648954399498 ], [ 2.986598516493645, 50.646860490528979 ], [ 2.98378175472911, 50.646688449683658 ] ] ] } },
{ "type": "Feature", "properties": { "idcar_200m": "CRS3035RES200mN3083200E3825800", "population": 270.5, "median_education": 10.701761966556296, "median_healthcare": 33.788729356772237, "median_services": 1.2047075053725997, "median_commerce": 30.125149706666129, "median_entertainment": 8.190547623930172, "PC1_pos": 0.59048002987853287, "nivvie": 23261.612199630312, "rel_education": 0.47767473520838466, "rel_sante": 0.5827300186704405, "rel_services": 0.43542893889469719, "rel_commerce": 0.22623929652409072, "rel_loisirs": 0.42762881411797554, "rel_pc1": 0.31841301603452604, "q_revenu": 3, "q_population": 3 }, "geometry": { "type": "Polygon", "coordinates": [ [ [ 2.986598516493645, 50.646860490528979 ], [ 2.986330062290699, 50.648648954399498 ], [ 2.989146949146187, 50.64882093393912 ], [ 2.98941529721482, 50.647032462528117 ], [ 2.986598516493645, 50.646860490528979 ] ] ] } },
{ "type": "Feature", "properties": { "idcar_200m": "CRS3035RES200mN3083200E3826000", "population": 26.0, "median_education": 10.033774824229923, "median_healthcare": 33.514587274154678, "median_services": 1.1773314801316124, "median_commerce": 32.261341029682129, "median_entertainment": 8.6607386661939749, "PC1_pos": 0.5726096886539056, "nivvie": 31378.023076923077, "rel_education": 0.4478590298758886, "rel_sante": 0.57800208648822415, "rel_services": 0.42553416064464322, "rel_commerce": 0.24228205238973421, "rel_loisirs": 0.45217750695808678, "rel_pc1": 0.30877653561355362, "q_revenu": 5, "q_population": 1 }, "geometry": { "type": "Polygon", "coordinates": [ [ [ 2.98941529721482, 50.647032462528117 ], [ 2.989146949146187, 50.64882093393912 ], [ 2.991963854953724, 50.648992844628843 ], [ 2.992232096885315, 50.647204365680338 ], [ 2.98941529721482, 50.647032462528117 ] ] ] } },
{ "type": "Feature", "properties": { "idcar_200m": "CRS3035RES200mN3083200E3826200", "population": 8.0, "median_education": 10.051708192247455, "median_healthcare": 32.496480125260483, "median_services": 1.1403214924589435, "median_commerce": 34.328938317847964, "median_entertainment": 8.7375349505105646, "PC1_pos": 0.58015089316871693, "nivvie": 31378.025, "rel_education": 0.44865948842149445, "rel_sante": 0.56044352157093424, "rel_services": 0.41215728734639662, "rel_commerce": 0.2578096683692242, "rel_loisirs": 0.45618704398770143, "rel_pc1": 0.31284308749099515, "q_revenu": 5, "q_population": 1 }, "geometry": { "type": "Polygon", "coordinates": [ [ [ 2.992232096885315, 50.647204365680338 ], [ 2.991963854953724, 50.648992844628843 ], [ 2.994780779705981, 50.649164686467962 ], [ 2.99504891549779, 50.647376199984883 ], [ 2.992232096885315, 50.647204365680338 ] ] ] } },
{ "type": "Feature", "properties": { "idcar_200m": "CRS3035RES200mN3083200E3826400", "population": 55.5, "median_education": 9.8429777201838515, "median_healthcare": 30.956355220711576, "median_services": 1.1240320483170272, "median_commerce": 37.553278570620655, "median_entertainment": 9.1399846637334896, "PC1_pos": 0.56553832729510356, "nivvie": 24214.246846846847, "rel_education": 0.4393427727923776, "rel_sante": 0.53388209024552946, "rel_services": 0.40626963798232518, "rel_commerce": 0.28202440182763366, "rel_loisirs": 0.4771989593698695, "rel_pc1": 0.30496334400030073, "q_revenu": 3, "q_population": 1 }, "geometry": { "type": "Polygon", "coordinates": [ [ [ 2.99504891549779, 50.647376199984883 ], [ 2.994780779705981, 50.649164686467962 ], [ 2.997597723395632, 50.649336459455689 ], [ 2.997865753044932, 50.647547965441021 ], [ 2.99504891549779, 50.647376199984883 ] ] ] } },
{ "type": "Feature", "properties": { "idcar_200m": "CRS3035RES200mN3083200E3826600", "population": 251.0, "median_education": 10.518452675159224, "median_healthcare": 31.270065224043847, "median_services": 1.1760937176009332, "median_commerce": 42.837012971672905, "median_entertainment": 9.4963216492592117, "PC1_pos": 0.64470235362479977, "nivvie": 25674.811155378484, "rel_education": 0.46949269775483538, "rel_sante": 0.53929242202121308, "rel_services": 0.42508678431226904, "rel_commerce": 0.32170514584231591, "rel_loisirs": 0.49580332742232219, "rel_pc1": 0.34765209740363001, "q_revenu": 4, "q_population": 3 }, "geometry": { "type": "Polygon", "coordinates": [ [ [ 2.997865753044932, 50.647547965441021 ], [ 2.997597723395632, 50.649336459455689 ], [ 3.000414686015352, 50.649508163591342 ], [ 3.00068260951941, 50.647719662048004 ], [ 2.997865753044932, 50.647547965441021 ] ] ] } },
{ "type": "Feature", "properties": { "idcar_200m": "CRS3035RES200mN3083200E3826800", "population": 136.5, "median_education": 10.899922068181713, "median_healthcare": 32.411973891008969, "median_services": 1.2937735803058186, "median_commerce": 47.431738244761192, "median_entertainment": 9.5649141580093762, "PC1_pos": 0.69495324914887502, "nivvie": 26095.445421245418, "rel_education": 0.48651964078268112, "rel_sante": 0.55898610306480501, "rel_services": 0.46762094095887652, "rel_commerce": 0.3562114445205572, "rel_loisirs": 0.4993845450064201, "rel_pc1": 0.37474960856848366, "q_revenu": 4, "q_population": 2 }, "geometry": { "type": "Polygon", "coordinates": [ [ [ 3.00068260951941, 50.647719662048004 ], [ 3.000414686015352, 50.649508163591342 ], [ 3.003231667557812, 50.649679798874118 ], [ 3.003499484913893, 50.647891289805081 ], [ 3.00068260951941, 50.647719662048004 ] ] ] } },
{ "type": "Feature", "properties": { "idcar_200m": "CRS3035RES200mN3083200E3827000", "population": 266.5, "median_education": 10.943701133160037, "median_healthcare": 32.242571957494782, "median_services": 1.4367758415793186, "median_commerce": 49.631859331333644, "median_entertainment": 9.7422709815553326, "PC1_pos": 0.71987439434730804, "nivvie": 20073.527204502814, "rel_education": 0.488473725851714, "rel_sante": 0.55606454922839987, "rel_services": 0.51930761395474523, "rel_commerce": 0.37273431168439491, "rel_loisirs": 0.50864435175085554, "rel_pc1": 0.38818819514913355, "q_revenu": 2, "q_population": 3 }, "geometry": { "type": "Polygon", "coordinates": [ [ [ 3.003499484913893, 50.647891289805081 ], [ 3.003231667557812, 50.649679798874118 ], [ 3.006048668015679, 50.649851365303313 ], [ 3.006316379221056, 50.648062848711511 ], [ 3.003499484913893, 50.647891289805081 ] ] ] } },
{ "type": "Feature", "properties": { "idcar_200m": "CRS3035RES200mN3083200E3827200", "population": 166.0, "median_education": 11.366720614000673, "median_healthcare": 31.968932092108833, "median_services": 1.6029347458345571, "median_commerce": 49.668877739569083, "median_entertainment": 10.044663296898381, "PC1_pos": 0.75132007531019696, "nivvie": 24057.759638554217, "rel_education": 0.50735526322191604, "rel_sante": 0.55134527842713288, "rel_services": 0.57936401357465728, "rel_commerce": 0.37301231922026368, "rel_loisirs": 0.52443226644788132, "rel_pc1": 0.40514510073442939, "q_revenu": 3, "q_population": 2 }, "geometry": { "type": "Polygon", "coordinates": [ [ [ 3.006316379221056, 50.648062848711511 ], [ 3.006048668015679, 50.649851365303313 ], [ 3.008865687381626, 50.650022862878117 ], [ 3.009133292433573, 50.648234338766557 ], [ 3.006316379221056, 50.648062848711511 ] ] ] } },
{ "type": "Feature", "properties": { "idcar_200m": "CRS3035RES200mN3083200E3827400", "population": 105.0, "median_education": 12.385071855620527, "median_healthcare": 33.413033195452741, "median_services": 1.8251532334192679, "median_commerce": 50.339599960031734, "median_entertainment": 11.138118371836399, "PC1_pos": 0.83224897153089294, "nivvie": 25306.198095238095, "rel_education": 0.55280952217572688, "rel_sante": 0.57625065601704017, "rel_services": 0.65968256377898127, "rel_commerce": 0.37804943023209603, "rel_loisirs": 0.58152159898785327, "rel_pc1": 0.44878555024341255, "q_revenu": 4, "q_population": 2 }, "geometry": { "type": "Polygon", "coordinates": [ [ [ 3.009133292433573, 50.648234338766557 ], [ 3.008865687381626, 50.650022862878117 ], [ 3.011682725648326, 50.650194291597863 ], [ 3.01195022454411, 50.648405759969449 ], [ 3.009133292433573, 50.648234338766557 ] ] ] } },
{ "type": "Feature", "properties": { "idcar_200m": "CRS3035RES200mN3083200E3832600", "population": 1348.0, "median_education": 25.058107844012866, "median_healthcare": 65.149027314199913, "median_services": 2.1979916718241093, "median_commerce": 109.15855302501119, "median_entertainment": 15.603166849161639, "PC1_pos": 1.6748771196446015, "nivvie": 31409.452002967359, "rel_education": 1.1184723661970666, "rel_sante": 1.1235786200274978, "rel_services": 0.79444112126266275, "rel_commerce": 0.81977863965606912, "rel_loisirs": 0.8146419558928365, "rel_pc1": 0.90316801274881819, "q_revenu": 5, "q_population": 5 }, "geometry": { "type": "Polygon", "coordinates": [ [ [ 3.082379647721244, 50.65266891092395 ], [ 3.082114803612935, 50.654457629513516 ], [ 3.084932330725206, 50.654627267740388 ], [ 3.0851970686068, 50.652838541710764 ], [ 3.082379647721244, 50.65266891092395 ] ] ] } },
{ "type": "Feature", "properties": { "idcar_200m": "CRS3035RES200mN3083200E3832800", "population": 422.5, "median_education": 22.815125395040976, "median_healthcare": 58.397541172871342, "median_services": 1.9839155672102515, "median_commerce": 96.047324447977914, "median_entertainment": 13.811610522120191, "PC1_pos": 1.4579461109547749, "nivvie": 34026.147218934908, "rel_education": 1.0183565113744732, "rel_sante": 1.0071405733744925, "rel_services": 0.71706555029708452, "rel_commerce": 0.72131356450398831, "rel_loisirs": 0.72110472947833792, "rel_pc1": 0.7861891933930667, "q_revenu": 5, "q_population": 4 }, "geometry": { "type": "Polygon", "coordinates": [ [ [ 3.0851970686068, 50.652838541710764 ], [ 3.084932330725206, 50.654627267740388 ], [ 3.087749876540189, 50.654796837092107 ], [ 3.088014508192361, 50.653008103625417 ], [ 3.0851970686068, 50.652838541710764 ] ] ] } },
{ "type": "Feature", "properties": { "idcar_200m": "CRS3035RES200mN3083200E3833000", "population": 273.0, "median_education": 23.520139974705899, "median_healthcare": 55.868413057466839, "median_services": 2.0011879578006355, "median_commerce": 82.299569968160668, "median_entertainment": 12.866932097219417, "PC1_pos": 1.3563902618549266, "nivvie": 29453.330769230768, "rel_education": 1.0498249418732932, "rel_sante": 0.96352251190944327, "rel_services": 0.7233084753833855, "rel_commerce": 0.61806819202998786, "rel_loisirs": 0.67178303169797482, "rel_pc1": 0.73142577622130922, "q_revenu": 5, "q_population": 3 }, "geometry": { "type": "Polygon", "coordinates": [ [ [ 3.088014508192361, 50.653008103625417 ], [ 3.087749876540189, 50.654796837092107 ], [ 3.090567441050531, 50.654966337568048 ], [ 3.090831966470588, 50.653177596667213 ], [ 3.088014508192361, 50.653008103625417 ] ] ] } },
{ "type": "Feature", "properties": { "idcar_200m": "CRS3035RES200mN3083400E3824800", "population": 53.0, "median_education": 3.4725263684996124, "median_healthcare": 14.013701429039783, "median_services": 0.77080840263196571, "median_commerce": 18.707622025607208, "median_entertainment": 4.8716978379264626, "PC1_pos": 0.13922719403935302, "nivvie": 32966.052830188681, "rel_education": 0.15499673032915989, "rel_sante": 0.24168427315392932, "rel_services": 0.27860064235703985, "rel_commerce": 0.14049388261713466, "rel_loisirs": 0.25435153604222049, "rel_pc1": 0.075077476840688467, "q_revenu": 5, "q_population": 1 }, "geometry": { "type": "Polygon", "coordinates": [ [ [ 2.972245912550435, 50.647788023979523 ], [ 2.971976902188803, 50.649576448400104 ], [ 2.974793800304631, 50.649748779733841 ], [ 2.975062704535782, 50.647960347757277 ], [ 2.972245912550435, 50.647788023979523 ] ] ] } },
{ "type": "Feature", "properties": { "idcar_200m": "CRS3035RES200mN3083400E3825000", "population": 1.0, "median_education": 4.3548308171831405, "median_healthcare": 15.765874666072488, "median_services": 0.84740109841606248, "median_commerce": 21.645675267545613, "median_entertainment": 5.5204140025279331, "PC1_pos": 0.19539158856991579, "nivvie": 28663.2, "rel_education": 0.19437852046943371, "rel_sante": 0.27190275021913057, "rel_services": 0.30628427187177315, "rel_commerce": 0.16255860611490314, "rel_loisirs": 0.28822103255270842, "rel_pc1": 0.10536380889481115, "q_revenu": 4, "q_population": 1 }, "geometry": { "type": "Polygon", "coordinates": [ [ [ 2.975062704535782, 50.647960347757277 ], [ 2.974793800304631, 50.649748779733841 ], [ 2.977610717411881, 50.649921042218466 ], [ 2.977879515509806, 50.648132602688939 ], [ 2.975062704535782, 50.647960347757277 ] ] ] } },
{ "type": "Feature", "properties": { "idcar_200m": "CRS3035RES200mN3083400E3825400", "population": 1.0, "median_education": 6.5635294798849735, "median_healthcare": 20.389771687326537, "median_services": 0.80992514286011652, "median_commerce": 21.657497378863578, "median_entertainment": 5.4505212937772738, "PC1_pos": 0.26348511603927371, "nivvie": 28663.2, "rel_education": 0.29296411339873624, "rel_sante": 0.35164779091227855, "rel_services": 0.29273897935137549, "rel_commerce": 0.16264738994416369, "rel_loisirs": 0.28457193147536242, "rel_pc1": 0.14208285840848947, "q_revenu": 4, "q_population": 1 }, "geometry": { "type": "Polygon", "coordinates": [ [ [ 2.980696345465184, 50.648304788773672 ], [ 2.980427653503225, 50.650093235853269 ], [ 2.983244608571336, 50.650265360637476 ], [ 2.983513194394589, 50.648476906010764 ], [ 2.980696345465184, 50.648304788773672 ] ] ] } },
{ "type": "Feature", "properties": { "idcar_200m": "CRS3035RES200mN3083400E3825600", "population": 29.0, "median_education": 9.3432464094167571, "median_healthcare": 28.985178809292879, "median_services": 1.0983412636446599, "median_commerce": 26.783817667294915, "median_entertainment": 7.093801261265372, "PC1_pos": 0.4680761249605232, "nivvie": 28663.227586206896, "rel_education": 0.41703719149726082, "rel_sante": 0.49988662226269676, "rel_services": 0.39698397232541438, "rel_commerce": 0.20114595699212243, "rel_loisirs": 0.37036764331612559, "rel_pc1": 0.25240740269081258, "q_revenu": 4, "q_population": 1 }, "geometry": { "type": "Polygon", "coordinates": [ [ [ 2.983513194394589, 50.648476906010764 ], [ 2.983244608571336, 50.650265360637476 ], [ 2.986061582608887, 50.650437416570362 ], [ 2.986330062290699, 50.648648954399498 ], [ 2.983513194394589, 50.648476906010764 ] ] ] } },
{ "type": "Feature", "properties": { "idcar_200m": "CRS3035RES200mN3083400E3825800", "population": 280.0, "median_education": 10.244058902544989, "median_healthcare": 30.24835323604858, "median_services": 1.0923630355382716, "median_commerce": 27.675088300534213, "median_entertainment": 7.5077536246064387, "PC1_pos": 0.49346288922892834, "nivvie": 19989.9975, "rel_education": 0.45724509095083993, "rel_sante": 0.52167168702541888, "rel_services": 0.39482320424749823, "rel_commerce": 0.20783938235398944, "rel_loisirs": 0.39198011251411718, "rel_pc1": 0.26609707172114927, "q_revenu": 2, "q_population": 3 }, "geometry": { "type": "Polygon", "coordinates": [ [ [ 2.986330062290699, 50.648648954399498 ], [ 2.986061582608887, 50.650437416570362 ], [ 2.988878575608549, 50.650609403651188 ], [ 2.989146949146187, 50.64882093393912 ], [ 2.986330062290699, 50.648648954399498 ] ] ] } },
{ "type": "Feature", "properties": { "idcar_200m": "CRS3035RES200mN3083400E3826000", "population": 47.0, "median_education": 8.3876106047439691, "median_healthcare": 27.887676097443347, "median_services": 0.97397870629899974, "median_commerce": 26.659968576298503, "median_entertainment": 7.3890595296246335, "PC1_pos": 0.42744807052592204, "nivvie": 16117.555319148936, "rel_education": 0.37438224538845505, "rel_sante": 0.48095877892730504, "rel_services": 0.35203442553355341, "rel_commerce": 0.20021585269405229, "rel_loisirs": 0.38578308913907688, "rel_pc1": 0.23049895415141422, "q_revenu": 1, "q_population": 1 }, "geometry": { "type": "Polygon", "coordinates": [ [ [ 2.989146949146187, 50.64882093393912 ], [ 2.988878575608549, 50.650609403651188 ], [ 2.991695587562998, 50.65078132187913 ], [ 2.991963854953724, 50.648992844628843 ], [ 2.989146949146187, 50.64882093393912 ] ] ] } },
{ "type": "Feature", "properties": { "idcar_200m": "CRS3035RES200mN3083400E3826200", "population": 5.0, "median_education": 8.5704623965689102, "median_healthcare": 27.529077652720126, "median_services": 0.9899014759445296, "median_commerce": 29.228496833032956, "median_entertainment": 7.991797475002361, "PC1_pos": 0.46017176779317426, "nivvie": 31378.02, "rel_education": 0.38254386228063714, "rel_sante": 0.47477428834814478, "rel_services": 0.35778954423257192, "rel_commerce": 0.21950545064009219, "rel_loisirs": 0.41725206101254786, "rel_pc1": 0.2481450227996799, "q_revenu": 5, "q_population": 1 }, "geometry": { "type": "Polygon", "coordinates": [ [ [ 2.991963854953724, 50.648992844628843 ], [ 2.991695587562998, 50.65078132187913 ], [ 2.994512618464904, 50.650953171253533 ], [ 2.994780779705981, 50.649164686467962 ], [ 2.991963854953724, 50.648992844628843 ] ] ] } },
{ "type": "Feature", "properties": { "idcar_200m": "CRS3035RES200mN3083400E3826400", "population": 11.0, "median_education": 9.3380672036605503, "median_healthcare": 26.699287367627505, "median_services": 1.0455541384558331, "median_commerce": 34.255331827517196, "median_entertainment": 9.3227237772756713, "PC1_pos": 0.52522812843648259, "nivvie": 31378.018181818185, "rel_education": 0.41680601687892066, "rel_sante": 0.46046348952470051, "rel_services": 0.37790461753948779, "rel_commerce": 0.25725688503854566, "rel_loisirs": 0.48673977568704713, "rel_pc1": 0.28322629728228493, "q_revenu": 5, "q_population": 1 }, "geometry": { "type": "Polygon", "coordinates": [ [ [ 2.994780779705981, 50.649164686467962 ], [ 2.994512618464904, 50.650953171253533 ], [ 2.997329668306937, 50.651124951773653 ], [ 2.997597723395632, 50.649336459455689 ], [ 2.994780779705981, 50.649164686467962 ] ] ] } },
{ "type": "Feature", "properties": { "idcar_200m": "CRS3035RES200mN3083400E3826600", "population": 15.5, "median_education": 9.1620331258820507, "median_healthcare": 26.60912149876896, "median_services": 1.0411073385725873, "median_commerce": 36.447517190950549, "median_entertainment": 8.6013383946302255, "PC1_pos": 0.53332745398877868, "nivvie": 31378.019354838711, "rel_education": 0.4089487096660267, "rel_sante": 0.45890846335344126, "rel_services": 0.3762973681897463, "rel_commerce": 0.2737201550738087, "rel_loisirs": 0.44907621643962653, "rel_pc1": 0.28759381277215273, "q_revenu": 5, "q_population": 1 }, "geometry": { "type": "Polygon", "coordinates": [ [ [ 2.997597723395632, 50.649336459455689 ], [ 2.997329668306937, 50.651124951773653 ], [ 3.00014673708177, 50.651296663438679 ], [ 3.000414686015352, 50.649508163591342 ], [ 2.997597723395632, 50.649336459455689 ] ] ] } },
{ "type": "Feature", "properties": { "idcar_200m": "CRS3035RES200mN3083400E3826800", "population": 21.0, "median_education": 8.917048240523691, "median_healthcare": 23.796477287061702, "median_services": 1.1946589425514285, "median_commerce": 33.366240413061789, "median_entertainment": 8.4702019213331745, "PC1_pos": 0.49111141652927426, "nivvie": 31378.023809523809, "rel_education": 0.39801377291361939, "rel_sante": 0.41040080280499946, "rel_services": 0.43179699086820417, "rel_commerce": 0.25057982556795022, "rel_loisirs": 0.44222957600257073, "rel_pc1": 0.26482905336907436, "q_revenu": 5, "q_population": 1 }, "geometry": { "type": "Polygon", "coordinates": [ [ [ 3.000414686015352, 50.649508163591342 ], [ 3.00014673708177, 50.651296663438679 ], [ 3.002963824782073, 50.651468306247878 ], [ 3.003231667557812, 50.649679798874118 ], [ 3.000414686015352, 50.649508163591342 ] ] ] } },
{ "type": "Feature", "properties": { "idcar_200m": "CRS3035RES200mN3083400E3827000", "population": 238.5, "median_education": 10.12660147661769, "median_healthcare": 27.306762933062604, "median_services": 1.355298746528611, "median_commerce": 38.886743939481647, "median_entertainment": 9.5135257568756089, "PC1_pos": 0.60111462971625329, "nivvie": 23354.401257861635, "rel_education": 0.45200236129534793, "rel_sante": 0.47094018558065565, "rel_services": 0.48985856936596828, "rel_commerce": 0.29203870117312675, "rel_loisirs": 0.49670155455874265, "rel_pc1": 0.32414766384191324, "q_revenu": 3, "q_population": 3 }, "geometry": { "type": "Polygon", "coordinates": [ [ [ 3.003231667557812, 50.649679798874118 ], [ 3.002963824782073, 50.651468306247878 ], [ 3.005780931400514, 50.651639880200527 ], [ 3.006048668015679, 50.649851365303313 ], [ 3.003231667557812, 50.649679798874118 ] ] ] } },
{ "type": "Feature", "properties": { "idcar_200m": "CRS3035RES200mN3083400E3832800", "population": 292.5, "median_education": 24.563849217068846, "median_healthcare": 57.932979851781681, "median_services": 2.0513834282213779, "median_commerce": 96.673624175370705, "median_entertainment": 15.071776339871072, "PC1_pos": 1.5270137063124756, "nivvie": 35105.528547008544, "rel_education": 1.096411058957403, "rel_sante": 0.99912861694802557, "rel_services": 0.74145110363559685, "rel_commerce": 0.72601706344484906, "rel_loisirs": 0.7868980364682604, "rel_pc1": 0.8234335035056739, "q_revenu": 5, "q_population": 3 }, "geometry": { "type": "Polygon", "coordinates": [ [ [ 3.084932330725206, 50.654627267740388 ], [ 3.084667567710405, 50.656415992095901 ], [ 3.087485219764686, 50.656585568885419 ], [ 3.087749876540189, 50.654796837092107 ], [ 3.084932330725206, 50.654627267740388 ] ] ] } },
{ "type": "Feature", "properties": { "idcar_200m": "CRS3035RES200mN3083400E3833000", "population": 368.0, "median_education": 25.312213622689661, "median_healthcare": 56.745507490898461, "median_services": 2.0899215114269389, "median_commerce": 89.087337078865644, "median_entertainment": 14.751221152973434, "PC1_pos": 1.5002361884087752, "nivvie": 29836.485326086957, "rel_education": 1.1298144153777228, "rel_sante": 0.97864913150417832, "rel_services": 0.75538029109595306, "rel_commerce": 0.66904419284818273, "rel_loisirs": 0.77016183753182998, "rel_pc1": 0.80899387844436632, "q_revenu": 5, "q_population": 4 }, "geometry": { "type": "Polygon", "coordinates": [ [ [ 3.087749876540189, 50.654796837092107 ], [ 3.087485219764686, 50.656585568885419 ], [ 3.090302890517032, 50.656755076796202 ], [ 3.090567441050531, 50.654966337568048 ], [ 3.087749876540189, 50.654796837092107 ] ] ] } },
{ "type": "Feature", "properties": { "idcar_200m": "CRS3035RES200mN3083600E3824600", "population": 334.5, "median_education": 3.0012987449738842, "median_healthcare": 9.6356242026158423, "median_services": 0.78080908077231004, "median_commerce": 16.467095250975571, "median_entertainment": 3.6813999886954893, "PC1_pos": 0.061831141570122927, "nivvie": 20403.817638266068, "rel_education": 0.13396341534850897, "rel_sante": 0.16617871042748392, "rel_services": 0.2822152829660321, "rel_commerce": 0.12366756951091681, "rel_loisirs": 0.1922060384412218, "rel_pc1": 0.033342093340989989, "q_revenu": 2, "q_population": 4 }, "geometry": { "type": "Polygon", "coordinates": [ [ [ 2.96916002307172, 50.649404048218045 ], [ 2.9688908810408, 50.651192463375942 ], [ 2.97170786629549, 50.65136487111765 ], [ 2.971976902188803, 50.649576448400104 ], [ 2.96916002307172, 50.649404048218045 ] ] ] } },
{ "type": "Feature", "properties": { "idcar_200m": "CRS3035RES200mN3083600E3824800", "population": 13.0, "median_education": 3.8328690987781542, "median_healthcare": 12.683958568044121, "median_services": 0.84314782614909867, "median_commerce": 19.123422991959298, "median_entertainment": 4.7051117917105687, "PC1_pos": 0.13446541887582786, "nivvie": 30855.076923076922, "rel_education": 0.17108068162689719, "rel_sante": 0.21875115027638675, "rel_services": 0.3047469710566168, "rel_commerce": 0.14361653989975451, "rel_loisirs": 0.24565407200651021, "rel_pc1": 0.072509716518957948, "q_revenu": 5, "q_population": 1 }, "geometry": { "type": "Polygon", "coordinates": [ [ [ 2.971976902188803, 50.649576448400104 ], [ 2.97170786629549, 50.65136487111765 ], [ 2.974524870551672, 50.651537210008058 ], [ 2.974793800304631, 50.649748779733841 ], [ 2.971976902188803, 50.649576448400104 ] ] ] } },
{ "type": "Feature", "properties": { "idcar_200m": "CRS3035RES200mN3083600E3825000", "population": 2.0, "median_education": 4.6664431355400318, "median_healthcare": 15.110333685482018, "median_services": 0.87025663369842432, "median_commerce": 21.220177068516584, "median_entertainment": 5.5195457381922868, "PC1_pos": 0.19580129175460126, "nivvie": 28663.25, "rel_education": 0.20828738259176111, "rel_sante": 0.26059710436825578, "rel_services": 0.31454516626438433, "rel_commerce": 0.15936312280086359, "rel_loisirs": 0.28817570043753843, "rel_pc1": 0.10558473901964786, "q_revenu": 4, "q_population": 1 }, "geometry": { "type": "Polygon", "coordinates": [ [ [ 2.974793800304631, 50.649748779733841 ], [ 2.974524870551672, 50.651537210008058 ], [ 2.977341893802014, 50.651709480046428 ], [ 2.977610717411881, 50.649921042218466 ], [ 2.974793800304631, 50.649748779733841 ] ] ] } },
{ "type": "Feature", "properties": { "idcar_200m": "CRS3035RES200mN3083600E3825800", "population": 291.0, "median_education": 8.758467504787891, "median_healthcare": 24.437295780637456, "median_services": 0.91041754978078115, "median_commerce": 22.47466357817644, "median_entertainment": 6.6832558042949097, "PC1_pos": 0.33843729821060098, "nivvie": 16493.92852233677, "rel_education": 0.39093549821563295, "rel_sante": 0.42145254046529468, "rel_services": 0.3290609097098201, "rel_commerce": 0.16878429242849882, "rel_loisirs": 0.34893304883396087, "rel_pc1": 0.18250039867390869, "q_revenu": 1, "q_population": 3 }, "geometry": { "type": "Polygon", "coordinates": [ [ [ 2.986061582608887, 50.650437416570362 ], [ 2.985793077444732, 50.65222587704185 ], [ 2.988610176598442, 50.652397871664583 ], [ 2.988878575608549, 50.650609403651188 ], [ 2.986061582608887, 50.650437416570362 ] ] ] } },
{ "type": "Feature", "properties": { "idcar_200m": "CRS3035RES200mN3083600E3826200", "population": 5.0, "median_education": 7.969161914219522, "median_healthcare": 24.833224468920601, "median_services": 0.92814026897052337, "median_commerce": 26.626814619214386, "median_entertainment": 7.8218292789364297, "PC1_pos": 0.40808935370013266, "nivvie": 31378.02, "rel_education": 0.35570472592304309, "rel_sante": 0.42828083902246306, "rel_services": 0.33546660136252665, "rel_commerce": 0.19996686711221331, "rel_loisirs": 0.40837801479992486, "rel_pc1": 0.22005987560658022, "q_revenu": 5, "q_population": 1 }, "geometry": { "type": "Polygon", "coordinates": [ [ [ 2.991695587562998, 50.65078132187913 ], [ 2.991427294709672, 50.652569797431553 ], [ 2.994244431771095, 50.65274165434198 ], [ 2.994512618464904, 50.650953171253533 ], [ 2.991695587562998, 50.65078132187913 ] ] ] } },
{ "type": "Feature", "properties": { "idcar_200m": "CRS3035RES200mN3083600E3826400", "population": 101.5, "median_education": 8.5765267420124438, "median_healthcare": 24.52195897945618, "median_services": 0.95761233182227301, "median_commerce": 29.904164972555499, "median_entertainment": 8.5477929318779182, "PC1_pos": 0.44539760224081615, "nivvie": 18399.253201970441, "rel_education": 0.38281454524041558, "rel_sante": 0.4229126660269103, "rel_services": 0.34611897050386947, "rel_commerce": 0.2245797054092061, "rel_loisirs": 0.44628060571986611, "rel_pc1": 0.24017813759631837, "q_revenu": 1, "q_population": 2 }, "geometry": { "type": "Polygon", "coordinates": [ [ [ 2.994512618464904, 50.650953171253533 ], [ 2.994244431771095, 50.65274165434198 ], [ 2.99706158777538, 50.652913442395153 ], [ 2.997329668306937, 50.651124951773653 ], [ 2.994512618464904, 50.650953171253533 ] ] ] } },
{ "type": "Feature", "properties": { "idcar_200m": "CRS3035RES200mN3083600E3826600", "population": 75.0, "median_education": 8.2722825697533935, "median_healthcare": 23.302562968924043, "median_services": 0.94009634397118735, "median_commerce": 30.415005042538745, "median_entertainment": 8.2278415774135265, "PC1_pos": 0.41151707216597688, "nivvie": 18583.881333333335, "rel_education": 0.36923456141376154, "rel_sante": 0.4018826162585063, "rel_services": 0.33978799973322443, "rel_commerce": 0.22841610453733235, "rel_loisirs": 0.42957593289856388, "rel_pc1": 0.22190825340023942, "q_revenu": 1, "q_population": 2 }, "geometry": { "type": "Polygon", "coordinates": [ [ [ 2.997329668306937, 50.651124951773653 ], [ 2.99706158777538, 50.652913442395153 ], [ 2.999878762715198, 50.653085161590319 ], [ 3.00014673708177, 50.651296663438679 ], [ 2.997329668306937, 50.651124951773653 ] ] ] } },
{ "type": "Feature", "properties": { "idcar_200m": "CRS3035RES200mN3083600E3826800", "population": 27.0, "median_education": 8.7737889824700375, "median_healthcare": 23.770278443149962, "median_services": 1.1360687629762536, "median_commerce": 31.207368171676354, "median_entertainment": 8.6878155635339578, "PC1_pos": 0.46690227006400198, "nivvie": 31378.022222222222, "rel_education": 0.39161937464810193, "rel_sante": 0.40994897010538445, "rel_services": 0.41062018271494405, "rel_commerce": 0.23436673644035166, "rel_loisirs": 0.45359119283492139, "rel_pc1": 0.2517744080778278, "q_revenu": 5, "q_population": 1 }, "geometry": { "type": "Polygon", "coordinates": [ [ [ 3.00014673708177, 50.651296663438679 ], [ 2.999878762715198, 50.653085161590319 ], [ 3.002695956583211, 50.653256811926688 ], [ 3.002963824782073, 50.651468306247878 ], [ 3.00014673708177, 50.651296663438679 ] ] ] } },
{ "type": "Feature", "properties": { "idcar_200m": "CRS3035RES200mN3083600E3827000", "population": 146.0, "median_education": 9.1151076332374323, "median_healthcare": 23.720000940912026, "median_services": 1.2363090960946936, "median_commerce": 32.713910947658228, "median_entertainment": 8.6501387375267278, "PC1_pos": 0.50588330754178301, "nivvie": 27425.937671232878, "rel_education": 0.40685418333068213, "rel_sante": 0.40908187002865593, "rel_services": 0.44685100363168911, "rel_commerce": 0.24568084379385532, "rel_loisirs": 0.4516240842647779, "rel_pc1": 0.27279471203968814, "q_revenu": 4, "q_population": 2 }, "geometry": { "type": "Polygon", "coordinates": [ [ [ 3.002963824782073, 50.651468306247878 ], [ 3.002695956583211, 50.653256811926688 ], [ 3.005513169372101, 50.653428393403566 ], [ 3.005780931400514, 50.651639880200527 ], [ 3.002963824782073, 50.651468306247878 ] ] ] } },
{ "type": "Feature", "properties": { "idcar_200m": "CRS3035RES200mN3083600E3832800", "population": 552.0, "median_education": 25.077520606998988, "median_healthcare": 54.004363812934216, "median_services": 2.0320249105378578, "median_commerce": 90.383582798234428, "median_entertainment": 16.151710290193879, "PC1_pos": 1.4572504429155932, "nivvie": 29609.209963768117, "rel_education": 1.1193388577568713, "rel_sante": 0.93137458945874596, "rel_services": 0.73445416971104038, "rel_commerce": 0.67877897333982828, "rel_loisirs": 0.84328143055939764, "rel_pc1": 0.78581405833801621, "q_revenu": 5, "q_population": 5 }, "geometry": { "type": "Polygon", "coordinates": [ [ [ 3.084667567710405, 50.656415992095901 ], [ 3.084402779558966, 50.658204714777575 ], [ 3.087220537862436, 50.658374299005665 ], [ 3.087485219764686, 50.656585568885419 ], [ 3.084667567710405, 50.656415992095901 ] ] ] } },
{ "type": "Feature", "properties": { "idcar_200m": "CRS3035RES200mN3083600E3833000", "population": 281.5, "median_education": 24.647005443289469, "median_healthcare": 52.721696760232518, "median_services": 2.0457163026479943, "median_commerce": 84.261408171764415, "median_entertainment": 15.377843365199809, "PC1_pos": 1.4276186933280661, "nivvie": 30037.358792184725, "rel_education": 1.1001227494682737, "rel_sante": 0.90925334933525459, "rel_services": 0.73940278031728379, "rel_commerce": 0.63280155931277959, "rel_loisirs": 0.8028778079184069, "rel_pc1": 0.76983530498629793, "q_revenu": 5, "q_population": 3 }, "geometry": { "type": "Polygon", "coordinates": [ [ [ 3.087485219764686, 50.656585568885419 ], [ 3.087220537862436, 50.658374299005665 ], [ 3.090038314866669, 50.658543814352022 ], [ 3.090302890517032, 50.656755076796202 ], [ 3.087485219764686, 50.656585568885419 ] ] ] } },
{ "type": "Feature", "properties": { "idcar_200m": "CRS3035RES200mN3083800E3824600", "population": 677.0, "median_education": 2.9954293001155201, "median_healthcare": 9.6162788537000932, "median_services": 0.71310172654994508, "median_commerce": 15.328993790264381, "median_entertainment": 3.5511260729644301, "PC1_pos": 0.043372763555847849, "nivvie": 20788.454800590844, "rel_education": 0.13370143180530358, "rel_sante": 0.16584507504818838, "rel_services": 0.25774316730896774, "rel_commerce": 0.11512044936872666, "rel_loisirs": 0.18540443216866753, "rel_pc1": 0.023388517407457159, "q_revenu": 2, "q_population": 5 }, "geometry": { "type": "Polygon", "coordinates": [ [ [ 2.9688908810408, 50.651192463375942 ], [ 2.968621713464858, 50.652980876830391 ], [ 2.971438804867025, 50.653153292132487 ], [ 2.97170786629549, 50.65136487111765 ], [ 2.9688908810408, 50.651192463375942 ] ] ] } },
{ "type": "Feature", "properties": { "idcar_200m": "CRS3035RES200mN3083800E3824800", "population": 177.5, "median_education": 3.7632679568856275, "median_healthcare": 12.372227195221438, "median_services": 0.79331673311306616, "median_commerce": 17.813526370366315, "median_entertainment": 4.4294683828634094, "PC1_pos": 0.11597422284276693, "nivvie": 17017.444507042252, "rel_education": 0.16797402431872568, "rel_sante": 0.21337494252417913, "rel_services": 0.28673604320244717, "rel_commerce": 0.13377924139421704, "rel_loisirs": 0.23126271877142743, "rel_pc1": 0.06253844365443148, "q_revenu": 1, "q_population": 2 }, "geometry": { "type": "Polygon", "coordinates": [ [ [ 2.97170786629549, 50.65136487111765 ], [ 2.971438804867025, 50.653153292132487 ], [ 2.974255915273427, 50.65332563858032 ], [ 2.974524870551672, 50.651537210008058 ], [ 2.97170786629549, 50.65136487111765 ] ] ] } },
{ "type": "Feature", "properties": { "idcar_200m": "CRS3035RES200mN3083800E3826000", "population": 23.5, "median_education": 7.024461859410204, "median_healthcare": 19.555640352265744, "median_services": 0.75468460618229416, "median_commerce": 19.860466340070275, "median_entertainment": 5.9107060684341448, "PC1_pos": 0.26224441978889379, "nivvie": 31378.021276595744, "rel_education": 0.31353789863398523, "rel_sante": 0.33726212510871523, "rel_services": 0.27277286462034922, "rel_commerce": 0.14915172130824689, "rel_loisirs": 0.30859819668951155, "rel_pc1": 0.14141381997352756, "q_revenu": 5, "q_population": 1 }, "geometry": { "type": "Polygon", "coordinates": [ [ [ 2.988610176598442, 50.652397871664583 ], [ 2.988341752112394, 50.654186337979716 ], [ 2.991158976390278, 50.654358271286398 ], [ 2.991427294709672, 50.652569797431553 ], [ 2.988610176598442, 50.652397871664583 ] ] ] } },
{ "type": "Feature", "properties": { "idcar_200m": "CRS3035RES200mN3083800E3826200", "population": 37.0, "median_education": 7.4392623928643129, "median_healthcare": 20.683322575103187, "median_services": 0.82148558892969714, "median_commerce": 22.907928638592956, "median_entertainment": 6.7734896640957789, "PC1_pos": 0.31023977209342579, "nivvie": 28160.429729729731, "rel_education": 0.33205258206660015, "rel_sante": 0.3567104528581776, "rel_services": 0.29691738177916649, "rel_commerce": 0.17203810472259706, "rel_loisirs": 0.35364416220899281, "rel_pc1": 0.16729504221582658, "q_revenu": 4, "q_population": 1 }, "geometry": { "type": "Polygon", "coordinates": [ [ [ 2.991427294709672, 50.652569797431553 ], [ 2.991158976390278, 50.654358271286398 ], [ 2.993976219621088, 50.654530135733594 ], [ 2.994244431771095, 50.65274165434198 ], [ 2.991427294709672, 50.652569797431553 ] ] ] } },
{ "type": "Feature", "properties": { "idcar_200m": "CRS3035RES200mN3083800E3826400", "population": 11.0, "median_education": 8.1340701451057562, "median_healthcare": 21.881928234802803, "median_services": 0.88627421414945817, "median_commerce": 26.690377572404635, "median_entertainment": 7.8443758398390413, "PC1_pos": 0.38330174230103475, "nivvie": 31378.018181818185, "rel_education": 0.36306542930706848, "rel_sante": 0.37738194633401206, "rel_services": 0.32033455333830069, "rel_commerce": 0.20044422367159245, "rel_loisirs": 0.40955517163288835, "rel_pc1": 0.20669329637188169, "q_revenu": 5, "q_population": 1 }, "geometry": { "type": "Polygon", "coordinates": [ [ [ 2.994244431771095, 50.65274165434198 ], [ 2.993976219621088, 50.654530135733594 ], [ 2.996793481797494, 50.654701931320567 ], [ 2.99706158777538, 50.652913442395153 ], [ 2.994244431771095, 50.65274165434198 ] ] ] } },
{ "type": "Feature", "properties": { "idcar_200m": "CRS3035RES200mN3084000E3825000", "population": 70.0, "median_education": 3.9609187036975388, "median_healthcare": 12.793890945357353, "median_services": 0.78388606311775655, "median_commerce": 16.995537854658114, "median_entertainment": 4.314918509653408, "PC1_pos": 0.11568328968848651, "nivvie": 23009.201428571429, "rel_education": 0.17679619476525266, "rel_sante": 0.22064707526391181, "rel_services": 0.28332742608102091, "rel_commerce": 0.12763616332952418, "rel_loisirs": 0.22528206537835768, "rel_pc1": 0.062381559596662549, "q_revenu": 3, "q_population": 2 }, "geometry": { "type": "Polygon", "coordinates": [ [ [ 2.974255915273427, 50.65332563858032 ], [ 2.973986934466421, 50.655114065450924 ], [ 2.976804170032555, 50.655286350598992 ], [ 2.977073044676728, 50.653497916173194 ], [ 2.974255915273427, 50.65332563858032 ] ] ] } },
{ "type": "Feature", "properties": { "idcar_200m": "CRS3035RES200mN3084000E3826000", "population": 3.0, "median_education": 5.9400689981371695, "median_healthcare": 16.70354333249858, "median_services": 0.67832406903838904, "median_commerce": 17.450205915430562, "median_entertainment": 5.1219496788045795, "PC1_pos": 0.17811891951463266, "nivvie": 30775.0, "rel_education": 0.26513586217595125, "rel_sante": 0.28807405023233001, "rel_services": 0.24517314642010768, "rel_commerce": 0.1310507117458054, "rel_loisirs": 0.2674171945133203, "rel_pc1": 0.096049619810397405, "q_revenu": 5, "q_population": 1 }, "geometry": { "type": "Polygon", "coordinates": [ [ [ 2.988341752112394, 50.654186337979716 ], [ 2.988073302146934, 50.655974802596866 ], [ 2.990890632601345, 50.656146743444012 ], [ 2.991158976390278, 50.654358271286398 ], [ 2.988341752112394, 50.654186337979716 ] ] ] } },
{ "type": "Feature", "properties": { "idcar_200m": "CRS3035RES200mN3084000E3826200", "population": 2.0, "median_education": 6.0133490399109748, "median_healthcare": 16.837565730849459, "median_services": 0.71826481694532018, "median_commerce": 18.795379766599336, "median_entertainment": 5.4720266565407112, "PC1_pos": 0.20784406525142041, "nivvie": 30775.0, "rel_education": 0.2684067277268532, "rel_sante": 0.29038543856151594, "rel_services": 0.25960931237924373, "rel_commerce": 0.1411529415688719, "rel_loisirs": 0.28569472731246087, "rel_pc1": 0.11207873650730489, "q_revenu": 5, "q_population": 1 }, "geometry": { "type": "Polygon", "coordinates": [ [ [ 2.991158976390278, 50.654358271286398 ], [ 2.990890632601345, 50.656146743444012 ], [ 2.993707982011414, 50.656318615428717 ], [ 2.993976219621088, 50.654530135733594 ], [ 2.991158976390278, 50.654358271286398 ] ] ] } },
{ "type": "Feature", "properties": { "idcar_200m": "CRS3035RES200mN3084000E3826400", "population": 6.0, "median_education": 6.293986528733881, "median_healthcare": 17.636873355562123, "median_services": 0.73422568995992266, "median_commerce": 20.154951618458291, "median_entertainment": 5.8813469871757214, "PC1_pos": 0.22884739943437626, "nivvie": 30775.0, "rel_education": 0.28093302373137596, "rel_sante": 0.30417052477041423, "rel_services": 0.26537820314284188, "rel_commerce": 0.15136330010098109, "rel_loisirs": 0.30706535790038691, "rel_pc1": 0.12340466565913712, "q_revenu": 5, "q_population": 1 }, "geometry": { "type": "Polygon", "coordinates": [ [ [ 2.993976219621088, 50.654530135733594 ], [ 2.993707982011414, 50.656318615428717 ], [ 2.996525350369814, 50.656490418550213 ], [ 2.996793481797494, 50.654701931320567 ], [ 2.993976219621088, 50.654530135733594 ] ] ] } },
{ "type": "Feature", "properties": { "idcar_200m": "CRS3035RES200mN3084000E3826600", "population": 10.0, "median_education": 5.9284306606657866, "median_healthcare": 15.815844746307393, "median_services": 0.80324286376065868, "median_commerce": 20.171756788713818, "median_entertainment": 5.608412589782624, "PC1_pos": 0.21573958149744499, "nivvie": 30775.01, "rel_education": 0.26461638325394926, "rel_sante": 0.27276454840872166, "rel_services": 0.29032373939918876, "rel_commerce": 0.15148950660729221, "rel_loisirs": 0.29281544226004419, "rel_pc1": 0.11633634898162253, "q_revenu": 5, "q_population": 1 }, "geometry": { "type": "Polygon", "coordinates": [ [ [ 2.996793481797494, 50.654701931320567 ], [ 2.996525350369814, 50.656490418550213 ], [ 2.999342737669216, 50.656662152807826 ], [ 2.999610762912165, 50.654873658046569 ], [ 2.996793481797494, 50.654701931320567 ] ] ] } },
{ "type": "Feature", "properties": { "idcar_200m": "CRS3035RES200mN3084200E3825000", "population": 28.0, "median_education": 4.116484187606865, "median_healthcare": 13.029977748246289, "median_services": 0.8181679156414301, "median_commerce": 16.21458217900955, "median_entertainment": 3.895389265435556, "PC1_pos": 0.098640728720235327, "nivvie": 26423.560714285712, "rel_education": 0.18373988325002499, "rel_sante": 0.22471869528852634, "rel_services": 0.29571824343806136, "rel_commerce": 0.12177120118342305, "rel_loisirs": 0.20337842701008391, "rel_pc1": 0.053191454996563796, "q_revenu": 4, "q_population": 1 }, "geometry": { "type": "Polygon", "coordinates": [ [ [ 2.973986934466421, 50.655114065450924 ], [ 2.973717928127174, 50.656902490620205 ], [ 2.976535269866005, 50.657074783324212 ], [ 2.976804170032555, 50.655286350598992 ], [ 2.973986934466421, 50.655114065450924 ] ] ] } },
{ "type": "Feature", "properties": { "idcar_200m": "CRS3035RES200mN3084200E3825200", "population": 6.0, "median_education": 4.3916495708696663, "median_healthcare": 13.850647573373623, "median_services": 0.73752978295048321, "median_commerce": 16.216770139644154, "median_entertainment": 3.8783886221014949, "PC1_pos": 0.089074713296913854, "nivvie": 28623.366666666669, "rel_education": 0.19602193100994802, "rel_sante": 0.23887220007022855, "rel_services": 0.26657243302725203, "rel_commerce": 0.12178763272582582, "rel_loisirs": 0.20249082275185987, "rel_pc1": 0.04803303529014432, "q_revenu": 4, "q_population": 1 }, "geometry": { "type": "Polygon", "coordinates": [ [ [ 2.976804170032555, 50.655286350598992 ], [ 2.976535269866005, 50.657074783324212 ], [ 2.979352630599895, 50.657247007166603 ], [ 2.979621424591001, 50.655458566888363 ], [ 2.976804170032555, 50.655286350598992 ] ] ] } },
{ "type": "Feature", "properties": { "idcar_200m": "CRS3035RES200mN3084200E3825400", "population": 3.0, "median_education": 3.271117071218872, "median_healthcare": 9.9198696400258264, "median_services": 0.46142602486150319, "median_commerce": 11.389011532678904, "median_entertainment": 3.1220468221617694, "PC1_pos": 0.0, "nivvie": 28623.366666666669, "rel_education": 0.14600679642409442, "rel_sante": 0.17108088793466233, "rel_services": 0.16677761488810613, "rel_commerce": 0.085531258179535927, "rel_loisirs": 0.16300218758037144, "rel_pc1": 0.0, "q_revenu": 4, "q_population": 1 }, "geometry": { "type": "Polygon", "coordinates": [ [ [ 2.979621424591001, 50.655458566888363 ], [ 2.979352630599895, 50.657247007166603 ], [ 2.982170010321511, 50.657419162146589 ], [ 2.982438698134432, 50.655630714318299 ], [ 2.979621424591001, 50.655458566888363 ] ] ] } },
{ "type": "Feature", "properties": { "idcar_200m": "CRS3035RES200mN3084200E3826400", "population": 7.0, "median_education": 5.5204273469327019, "median_healthcare": 14.866225742547975, "median_services": 0.77089823377223099, "median_commerce": 17.52507624149106, "median_entertainment": 5.0470101770057525, "PC1_pos": 0.17274259702383832, "nivvie": 30775.014285714286, "rel_education": 0.24640509473336286, "rel_sante": 0.25638714948532537, "rel_services": 0.27863311088397358, "rel_commerce": 0.131612986458575, "rel_loisirs": 0.26350460017210736, "rel_pc1": 0.093150468318652244, "q_revenu": 5, "q_population": 1 }, "geometry": { "type": "Polygon", "coordinates": [ [ [ 2.993707982011414, 50.656318615428717 ], [ 2.993439718938605, 50.658107093427631 ], [ 2.996257193488874, 50.658278904084419 ], [ 2.996525350369814, 50.656490418550213 ], [ 2.993707982011414, 50.656318615428717 ] ] ] } },
{ "type": "Feature", "properties": { "idcar_200m": "CRS3035RES200mN3084200E3826600", "population": 3.0, "median_education": 5.1092627592748139, "median_healthcare": 13.518366698659996, "median_services": 0.69047272825644324, "median_commerce": 17.432308938059695, "median_entertainment": 4.8734962400407733, "PC1_pos": 0.15344717157139365, "nivvie": 30775.0, "rel_education": 0.2280527022815107, "rel_sante": 0.23314158977467173, "rel_services": 0.24956415234371943, "rel_commerce": 0.13091630578899793, "rel_loisirs": 0.25444543068745801, "rel_pc1": 0.082745519288883823, "q_revenu": 5, "q_population": 1 }, "geometry": { "type": "Polygon", "coordinates": [ [ [ 2.996525350369814, 50.656490418550213 ], [ 2.996257193488874, 50.658278904084419 ], [ 2.999074686982881, 50.658450645874353 ], [ 2.999342737669216, 50.656662152807826 ], [ 2.996525350369814, 50.656490418550213 ] ] ] } },
{ "type": "Feature", "properties": { "idcar_200m": "CRS3035RES200mN3084400E3825000", "population": 5.0, "median_education": 4.0883474056491469, "median_healthcare": 12.891993501001789, "median_services": 0.84568398852450333, "median_commerce": 14.804176357336155, "median_entertainment": 3.1470699922365313, "PC1_pos": 0.094014352478107854, "nivvie": 28623.38, "rel_education": 0.18248399380740138, "rel_sante": 0.22233897978860334, "rel_services": 0.30566364044488092, "rel_commerce": 0.11117908051295672, "rel_loisirs": 0.16430864827578073, "rel_pc1": 0.050696707777306754, "q_revenu": 4, "q_population": 1 }, "geometry": { "type": "Polygon", "coordinates": [ [ [ 2.973717928127174, 50.656902490620205 ], [ 2.973448896252208, 50.65869091408846 ], [ 2.976266344173612, 50.658863214349168 ], [ 2.976535269866005, 50.657074783324212 ], [ 2.973717928127174, 50.656902490620205 ] ] ] } },
{ "type": "Feature", "properties": { "idcar_200m": "CRS3035RES200mN3084400E3826000", "population": 3.0, "median_education": 4.5961932883508547, "median_healthcare": 13.072556270312502, "median_services": 0.61093724824132678, "median_commerce": 14.761693202898547, "median_entertainment": 4.2280872583747593, "PC1_pos": 0.091320320200172667, "nivvie": 30775.0, "rel_education": 0.20515177022630332, "rel_sante": 0.22545301656757233, "rel_services": 0.22081688422011683, "rel_commerce": 0.11086003283791854, "rel_loisirs": 0.22074860232831914, "rel_pc1": 0.049243966110347807, "q_revenu": 5, "q_population": 1 }, "geometry": { "type": "Polygon", "coordinates": [ [ [ 2.987804826698595, 50.657763265516365 ], [ 2.987536325763899, 50.659551726738535 ], [ 2.990353868600978, 50.659723682668769 ], [ 2.990622263339401, 50.657935213904693 ], [ 2.987804826698595, 50.657763265516365 ] ] ] } },
{ "type": "Feature", "properties": { "idcar_200m": "CRS3035RES200mN3084400E3826200", "population": 10.0, "median_education": 5.0531527388066273, "median_healthcare": 14.2093584022304, "median_services": 0.71219871471354423, "median_commerce": 15.18660815558337, "median_entertainment": 4.3699063924405062, "PC1_pos": 0.1169760825729953, "nivvie": 30775.01, "rel_education": 0.22554822318232712, "rel_sante": 0.24505862885806054, "rel_services": 0.25741678311697103, "rel_commerce": 0.11405113598309924, "rel_loisirs": 0.22815298490495972, "rel_pc1": 0.063078690846891439, "q_revenu": 5, "q_population": 1 }, "geometry": { "type": "Polygon", "coordinates": [ [ [ 2.990622263339401, 50.657935213904693 ], [ 2.990353868600978, 50.659723682668769 ], [ 2.993171430399191, 50.659895569730679 ], [ 2.993439718938605, 50.658107093427631 ], [ 2.990622263339401, 50.657935213904693 ] ] ] } },
{ "type": "Feature", "properties": { "idcar_200m": "CRS3035RES200mN3084600E3825000", "population": 17.5, "median_education": 4.4389382728004678, "median_healthcare": 13.844616458517063, "median_services": 0.9304274783180968, "median_commerce": 15.290464449169615, "median_entertainment": 3.1017785214989377, "PC1_pos": 0.11357328750578977, "nivvie": 28623.371428571427, "rel_education": 0.198132669245739, "rel_sante": 0.23876818575125677, "rel_services": 0.33629328928038427, "rel_commerce": 0.11483109475606268, "rel_loisirs": 0.16194397880428055, "rel_pc1": 0.06124375285496781, "q_revenu": 4, "q_population": 1 }, "geometry": { "type": "Polygon", "coordinates": [ [ [ 2.973448896252208, 50.65869091408846 ], [ 2.973179838838046, 50.660479335856003 ], [ 2.975997392951893, 50.660651643674136 ], [ 2.976266344173612, 50.658863214349168 ], [ 2.973448896252208, 50.65869091408846 ] ] ] } },
{ "type": "Feature", "properties": { "idcar_200m": "CRS3035RES200mN3084600E3825200", "population": 140.5, "median_education": 4.503852561740052, "median_healthcare": 14.083302993339274, "median_services": 0.94930694598503162, "median_commerce": 15.362722360607835, "median_entertainment": 3.1387756154811148, "PC1_pos": 0.12950312827635102, "nivvie": 27882.547330960853, "rel_education": 0.20103012817608693, "rel_sante": 0.24288464149082284, "rel_services": 0.34311707558241084, "rel_commerce": 0.11537375028512269, "rel_loisirs": 0.16387559853861744, "rel_pc1": 0.069833829382615287, "q_revenu": 4, "q_population": 2 }, "geometry": { "type": "Polygon", "coordinates": [ [ [ 2.976266344173612, 50.658863214349168 ], [ 2.975997392951893, 50.660651643674136 ], [ 2.978814966066286, 50.660823882624733 ], [ 2.979083811092816, 50.659035445745275 ], [ 2.976266344173612, 50.658863214349168 ] ] ] } },
{ "type": "Feature", "properties": { "idcar_200m": "CRS3035RES200mN3084600E3825400", "population": 27.0, "median_education": 4.5191781005606693, "median_healthcare": 14.112504468058926, "median_services": 0.96565420705173133, "median_commerce": 14.902264231983136, "median_entertainment": 3.065776843734576, "PC1_pos": 0.11790447522398817, "nivvie": 28623.370370370369, "rel_education": 0.20171418587807485, "rel_sante": 0.24338825841375922, "rel_services": 0.34902562226977141, "rel_commerce": 0.11191571857031932, "rel_loisirs": 0.16006432978989094, "rel_pc1": 0.063579321332443581, "q_revenu": 4, "q_population": 1 }, "geometry": { "type": "Polygon", "coordinates": [ [ [ 2.979083811092816, 50.659035445745275 ], [ 2.978814966066286, 50.660823882624733 ], [ 2.981632558173888, 50.660996052707027 ], [ 2.981901297002486, 50.659207608276027 ], [ 2.979083811092816, 50.659035445745275 ] ] ] } },
{ "type": "Feature", "properties": { "idcar_200m": "CRS3035RES200mN3084600E3825600", "population": 17.0, "median_education": 4.0864217145952573, "median_healthcare": 12.591863419449776, "median_services": 0.90374021809924932, "median_commerce": 12.6288966445501, "median_entertainment": 2.8782482856861091, "PC1_pos": 0.068561229920148348, "nivvie": 28623.370588235295, "rel_education": 0.18239804030113441, "rel_sante": 0.21716285119910633, "rel_services": 0.32664745795014333, "rel_commerce": 0.094842771589819866, "rel_loisirs": 0.15027345638635653, "rel_pc1": 0.03697125541468662, "q_revenu": 4, "q_population": 1 }, "geometry": { "type": "Polygon", "coordinates": [ [ [ 2.981901297002486, 50.659207608276027 ], [ 2.981632558173888, 50.660996052707027 ], [ 2.984450169267364, 50.661168153920265 ], [ 2.984718801895295, 50.659379701940722 ], [ 2.981901297002486, 50.659207608276027 ] ] ] } },
{ "type": "Feature", "properties": { "idcar_200m": "CRS3035RES200mN3084600E3825800", "population": 33.0, "median_education": 3.7147273585630045, "median_healthcare": 11.397508430338895, "median_services": 0.81343563285886322, "median_commerce": 11.476088800144559, "median_entertainment": 2.5555916495571642, "PC1_pos": 0.040522438244033232, "nivvie": 26429.7, "rel_education": 0.16580740750150669, "rel_sante": 0.19656466599495567, "rel_services": 0.29400780927759229, "rel_commerce": 0.086185206788140206, "rel_loisirs": 0.13342754070277146, "rel_pc1": 0.02185149560605747, "q_revenu": 4, "q_population": 1 }, "geometry": { "type": "Polygon", "coordinates": [ [ [ 2.984718801895295, 50.659379701940722 ], [ 2.984450169267364, 50.661168153920265 ], [ 2.98726779933938, 50.661340186263693 ], [ 2.987536325763899, 50.659551726738535 ], [ 2.984718801895295, 50.659379701940722 ] ] ] } },
{ "type": "Feature", "properties": { "idcar_200m": "CRS3035RES200mN3084800E3825600", "population": 128.0, "median_education": 4.4085994987919666, "median_healthcare": 12.733663023307003, "median_services": 0.90135971595482434, "median_commerce": 12.770255396048114, "median_entertainment": 2.8568130039936235, "PC1_pos": 0.087046754444846997, "nivvie": 31678.529687499999, "rel_education": 0.19677849356080537, "rel_sante": 0.21960836742230283, "rel_services": 0.32578705032575245, "rel_commerce": 0.095904373102437657, "rel_loisirs": 0.14915431948473334, "rel_pc1": 0.046939469950409873, "q_revenu": 5, "q_population": 2 }, "geometry": { "type": "Polygon", "coordinates": [ [ [ 2.981632558173888, 50.660996052707027 ], [ 2.981363793832237, 50.66278449543983 ], [ 2.984181511136261, 50.662956604202364 ], [ 2.984450169267364, 50.661168153920265 ], [ 2.981632558173888, 50.660996052707027 ] ] ] } }
]
}
